start,end,rq_time,rq_type,subnetwork,request_id,start_station_street_ids,end_station_street_ids,walk_start_to_station_street_distance,walk_start_to_station_street_tt,walk_station_to_end_street_distance,walk_station_to_end_street_tt,start_station_street_arrival_time,start_station_departure_time,end_station_arrival_time,end_station_street_arrival_time,pt_journey_duration,num_transfers,selected_start_station_id,selected_end_station_id,walking_time,walking_arrival_time,best_option,end_arrival_time,pt_total_journey_duration,pt_journey_plan,best_journey_duration
92,117,5280,intra,left,0,[91],[117],500,375,0,0,5655,5715.0,7410.0,7470.0,1695.0,2.0,91,117,3007.0,8287.0,pt,7470.0,2190.0,"{'duration': 1695, 'source_transfer_time': 0, 'waiting_time': 555, 'trip_time': 1140, 'num_transfers': 2, 'departure_time': 5715, 'departure_day': 'current_day', 'arrival_time': 7410, 'arrival_day': 'current_day', 'steps': [{'duration': 290, 'departure_time': 6270, 'arrival_time': 6560, 'day': 'current_day', 'from_stop_id': '91-3', 'to_stop_id': '59-3', 'trip_id': '5-1-2', 'agency_name': 'Unknown'}, {'duration': 30, 'departure_time': 6560, 'arrival_time': 6590, 'day': 'current_day', 'from_stop_id': '59-3', 'to_stop_id': '59-1', 'trip_id': 'walking', 'agency_name': 'Unknown'}, {'duration': 360, 'departure_time': 7050, 'arrival_time': 7410, 'day': 'current_day', 'from_stop_id': '59-1', 'to_stop_id': '117-1', 'trip_id': '1-1-6', 'agency_name': 'Unknown'}]}",2190.0
22,65,4260,intra,left,1,[24],[57; 64],1000,751,500,375,5011,5071.0,6060.0,6120.0,989.0,1.0,24,64,2631.0,6891.0,pt,6495.0,2235.0,"{'duration': 989, 'source_transfer_time': 0, 'waiting_time': 599, 'trip_time': 390, 'num_transfers': 1, 'departure_time': 5071, 'departure_day': 'current_day', 'arrival_time': 6060, 'arrival_day': 'current_day', 'steps': [{'duration': 290, 'departure_time': 5670, 'arrival_time': 5960, 'day': 'current_day', 'from_stop_id': '24-3', 'to_stop_id': '56-3', 'trip_id': '5-1-42', 'agency_name': 'Unknown'}, {'duration': 90, 'departure_time': 5970, 'arrival_time': 6060, 'day': 'current_day', 'from_stop_id': '56-3', 'to_stop_id': '64-3', 'trip_id': '5-1-3', 'agency_name': 'Unknown'}]}",2235.0
40,113,11040,intra,left,2,[29; 41],[91],500,375,1000,751,11415,11475.0,12260.0,12320.0,785.0,0.0,29,91,3007.0,14047.0,pt,13071.0,2031.0,"{'duration': 785, 'source_transfer_time': 0, 'waiting_time': 95, 'trip_time': 690, 'num_transfers': 0, 'departure_time': 11475, 'departure_day': 'current_day', 'arrival_time': 12260, 'arrival_day': 'current_day', 'steps': [{'duration': 690, 'departure_time': 11570, 'arrival_time': 12260, 'day': 'current_day', 'from_stop_id': '29-3', 'to_stop_id': '91-3', 'trip_id': '5-0-11', 'agency_name': 'Unknown'}]}",2031.0
117,91,10230,intra,left,3,[117],[91],0,0,0,0,10230,10290.0,11660.0,11720.0,1370.0,2.0,117,91,2631.0,12861.0,pt,11720.0,1490.0,"{'duration': 1370, 'source_transfer_time': 0, 'waiting_time': 540, 'trip_time': 830, 'num_transfers': 2, 'departure_time': 10290, 'departure_day': 'current_day', 'arrival_time': 11660, 'arrival_day': 'current_day', 'steps': [{'duration': 360, 'departure_time': 10830, 'arrival_time': 11190, 'day': 'current_day', 'from_stop_id': '117-1', 'to_stop_id': '59-1', 'trip_id': '1-0-12', 'agency_name': 'Unknown'}, {'duration': 30, 'departure_time': 11190, 'arrival_time': 11220, 'day': 'current_day', 'from_stop_id': '59-1', 'to_stop_id': '59-3', 'trip_id': 'walking', 'agency_name': 'Unknown'}, {'duration': 290, 'departure_time': 11370, 'arrival_time': 11660, 'day': 'current_day', 'from_stop_id': '59-3', 'to_stop_id': '91-3', 'trip_id': '5-0-10', 'agency_name': 'Unknown'}]}",1490.0
92,0,10740,intra,left,4,[91],[24],500,375,2000,1503,11115,11175.0,12860.0,12920.0,1685.0,0.0,91,24,6390.0,17130.0,pt,14423.0,3683.0,"{'duration': 1685, 'source_transfer_time': 0, 'waiting_time': 495, 'trip_time': 1190, 'num_transfers': 0, 'departure_time': 11175, 'departure_day': 'current_day', 'arrival_time': 12860, 'arrival_day': 'current_day', 'steps': [{'duration': 1190, 'departure_time': 11670, 'arrival_time': 12860, 'day': 'current_day', 'from_stop_id': '91-3', 'to_stop_id': '24-3', 'trip_id': '5-1-11', 'agency_name': 'Unknown'}]}",3683.0
59,88,13140,intra,left,5,[59],[88],0,0,0,0,13140,13200.0,14360.0,14420.0,1160.0,0.0,59,88,2255.0,15395.0,pt,14420.0,1280.0,"{'duration': 1160, 'source_transfer_time': 0, 'waiting_time': 570, 'trip_time': 590, 'num_transfers': 0, 'departure_time': 13200, 'departure_day': 'current_day', 'arrival_time': 14360, 'arrival_day': 'current_day', 'steps': [{'duration': 590, 'departure_time': 13770, 'arrival_time': 14360, 'day': 'current_day', 'from_stop_id': '59-3', 'to_stop_id': '88-3', 'trip_id': '5-0-14', 'agency_name': 'Unknown'}]}",1280.0
106,120,3960,intra,left,6,[85],[120],1500,1127,0,0,5087,5147.0,6420.0,6480.0,1273.0,2.0,85,A,3383.0,7343.0,pt,6480.0,2520.0,"{'duration': 1273, 'source_transfer_time': 0, 'waiting_time': 523, 'trip_time': 750, 'num_transfers': 2, 'departure_time': 5147, 'departure_day': 'current_day', 'arrival_time': 6420, 'arrival_day': 'current_day', 'steps': [{'duration': 290, 'departure_time': 5670, 'arrival_time': 5960, 'day': 'current_day', 'from_stop_id': '85-3', 'to_stop_id': '88-3', 'trip_id': '5-1-2', 'agency_name': 'Unknown'}, {'duration': 30, 'departure_time': 5960, 'arrival_time': 5990, 'day': 'current_day', 'from_stop_id': '88-3', 'to_stop_id': '88-2', 'trip_id': 'walking', 'agency_name': 'Unknown'}, {'duration': 270, 'departure_time': 6150, 'arrival_time': 6420, 'day': 'current_day', 'from_stop_id': '88-2', 'to_stop_id': 'A-2', 'trip_id': '2-0-4', 'agency_name': 'Unknown'}]}",2520.0
18,207,9120,inter,left,7,[29],[207],500,375,0,0,9495,9555.0,14760.0,14820.0,5205.0,8.0,29,207,,,pt,14820.0,5700.0,"{'duration': 5205, 'source_transfer_time': 0, 'waiting_time': 415, 'trip_time': 4790, 'num_transfers': 8, 'departure_time': 9555, 'departure_day': 'current_day', 'arrival_time': 14760, 'arrival_day': 'current_day', 'steps': [{'duration': 190, 'departure_time': 9970, 'arrival_time': 10160, 'day': 'current_day', 'from_stop_id': '29-3', 'to_stop_id': '27-3', 'trip_id': '5-1-7', 'agency_name': 'Unknown'}, {'duration': 30, 'departure_time': 10160, 'arrival_time': 10190, 'day': 'current_day', 'from_stop_id': '27-3', 'to_stop_id': '27-2', 'trip_id': 'walking', 'agency_name': 'Unknown'}, {'duration': 270, 'departure_time': 10350, 'arrival_time': 10620, 'day': 'current_day', 'from_stop_id': '27-2', 'to_stop_id': 'A-2', 'trip_id': '2-1-11', 'agency_name': 'Unknown'}, {'duration': 30, 'departure_time': 10620, 'arrival_time': 10650, 'day': 'current_day', 'from_stop_id': 'A-2', 'to_stop_id': 'A-0', 'trip_id': 'walking', 'agency_name': 'Unknown'}, {'duration': 1800, 'departure_time': 12000, 'arrival_time': 13800, 'day': 'current_day', 'from_stop_id': 'A-0', 'to_stop_id': 'B-0', 'trip_id': 'IE-8-0', 'agency_name': 'Unknown'}, {'duration': 30, 'departure_time': 13800, 'arrival_time': 13830, 'day': 'current_day', 'from_stop_id': 'B-0', 'to_stop_id': 'B-1', 'trip_id': 'walking', 'agency_name': 'Unknown'}, {'duration': 270, 'departure_time': 13920, 'arrival_time': 14190, 'day': 'current_day', 'from_stop_id': 'B-1', 'to_stop_id': '177-1', 'trip_id': '3-1-17', 'agency_name': 'Unknown'}, {'duration': 30, 'departure_time': 14190, 'arrival_time': 14220, 'day': 'current_day', 'from_stop_id': '177-1', 'to_stop_id': '177-3', 'trip_id': 'walking', 'agency_name': 'Unknown'}, {'duration': 390, 'departure_time': 14370, 'arrival_time': 14760, 'day': 'current_day', 'from_stop_id': '177-3', 'to_stop_id': '207-3', 'trip_id': '6-1-17', 'agency_name': 'Unknown'}]}",5700.0
1,177,10410,inter,left,8,[24],[177],1500,1127,0,0,11537,11597.0,15990.0,16050.0,4393.0,6.0,24,177,,,pt,16050.0,5640.0,"{'duration': 4393, 'source_transfer_time': 0, 'waiting_time': 73, 'trip_time': 4320, 'num_transfers': 6, 'departure_time': 11597, 'departure_day': 'current_day', 'arrival_time': 15990, 'arrival_day': 'current_day', 'steps': [{'duration': 290, 'departure_time': 11670, 'arrival_time': 11960, 'day': 'current_day', 'from_stop_id': '24-3', 'to_stop_id': '27-3', 'trip_id': '5-0-12', 'agency_name': 'Unknown'}, {'duration': 30, 'departure_time': 11960, 'arrival_time': 11990, 'day': 'current_day', 'from_stop_id': '27-3', 'to_stop_id': '27-2', 'trip_id': 'walking', 'agency_name': 'Unknown'}, {'duration': 270, 'departure_time': 12150, 'arrival_time': 12420, 'day': 'current_day', 'from_stop_id': '27-2', 'to_stop_id': 'A-2', 'trip_id': '2-1-14', 'agency_name': 'Unknown'}, {'duration': 30, 'departure_time': 12420, 'arrival_time': 12450, 'day': 'current_day', 'from_stop_id': 'A-2', 'to_stop_id': 'A-0', 'trip_id': 'walking', 'agency_name': 'Unknown'}, {'duration': 1800, 'departure_time': 13500, 'arrival_time': 15300, 'day': 'current_day', 'from_stop_id': 'A-0', 'to_stop_id': 'B-0', 'trip_id': 'IE-9-0', 'agency_name': 'Unknown'}, {'duration': 30, 'departure_time': 15300, 'arrival_time': 15330, 'day': 'current_day', 'from_stop_id': 'B-0', 'to_stop_id': 'B-1', 'trip_id': 'walking', 'agency_name': 'Unknown'}, {'duration': 270, 'departure_time': 15720, 'arrival_time': 15990, 'day': 'current_day', 'from_stop_id': 'B-1', 'to_stop_id': '177-1', 'trip_id': '3-1-20', 'agency_name': 'Unknown'}]}",5640.0
11,158,11850,inter,left,9,[24],[147; 159],1500,1127,500,375,12977,13037.0,17400.0,17460.0,4363.0,6.0,24,159,,,pt,17835.0,5985.0,"{'duration': 4363, 'source_transfer_time': 0, 'waiting_time': 433, 'trip_time': 3930, 'num_transfers': 6, 'departure_time': 13037, 'departure_day': 'current_day', 'arrival_time': 17400, 'arrival_day': 'current_day', 'steps': [{'duration': 290, 'departure_time': 13470, 'arrival_time': 13760, 'day': 'current_day', 'from_stop_id': '24-3', 'to_stop_id': '27-3', 'trip_id': '5-0-15', 'agency_name': 'Unknown'}, {'duration': 30, 'departure_time': 13760, 'arrival_time': 13790, 'day': 'current_day', 'from_stop_id': '27-3', 'to_stop_id': '27-2', 'trip_id': 'walking', 'agency_name': 'Unknown'}, {'duration': 270, 'departure_time': 13950, 'arrival_time': 14220, 'day': 'current_day', 'from_stop_id': '27-2', 'to_stop_id': 'A-2', 'trip_id': '2-1-17', 'agency_name': 'Unknown'}, {'duration': 30, 'departure_time': 14220, 'arrival_time': 14250, 'day': 'current_day', 'from_stop_id': 'A-2', 'to_stop_id': 'A-0', 'trip_id': 'walking', 'agency_name': 'Unknown'}, {'duration': 1800, 'departure_time': 15000, 'arrival_time': 16800, 'day': 'current_day', 'from_stop_id': 'A-0', 'to_stop_id': 'B-0', 'trip_id': 'IE-10-0', 'agency_name': 'Unknown'}, {'duration': 30, 'departure_time': 16800, 'arrival_time': 16830, 'day': 'current_day', 'from_stop_id': 'B-0', 'to_stop_id': 'B-2', 'trip_id': 'walking', 'agency_name': 'Unknown'}, {'duration': 180, 'departure_time': 17220, 'arrival_time': 17400, 'day': 'current_day', 'from_stop_id': 'B-2', 'to_stop_id': '159-2', 'trip_id': '4-0-22', 'agency_name': 'Unknown'}]}",5985.0
9,201,12960,inter,left,10,[30],[201],1500,1127,0,0,14087,14147.0,19360.0,19420.0,5213.0,8.0,30,201,,,pt,19420.0,6460.0,"{'duration': 5213, 'source_transfer_time': 0, 'waiting_time': 523, 'trip_time': 4690, 'num_transfers': 8, 'departure_time': 14147, 'departure_day': 'current_day', 'arrival_time': 19360, 'arrival_day': 'current_day', 'steps': [{'duration': 290, 'departure_time': 14670, 'arrival_time': 14960, 'day': 'current_day', 'from_stop_id': '30-3', 'to_stop_id': '27-3', 'trip_id': '5-1-15', 'agency_name': 'Unknown'}, {'duration': 30, 'departure_time': 14960, 'arrival_time': 14990, 'day': 'current_day', 'from_stop_id': '27-3', 'to_stop_id': '27-2', 'trip_id': 'walking', 'agency_name': 'Unknown'}, {'duration': 270, 'departure_time': 15150, 'arrival_time': 15420, 'day': 'current_day', 'from_stop_id': '27-2', 'to_stop_id': 'A-2', 'trip_id': '2-1-19', 'agency_name': 'Unknown'}, {'duration': 30, 'departure_time': 15420, 'arrival_time': 15450, 'day': 'current_day', 'from_stop_id': 'A-2', 'to_stop_id': 'A-0', 'trip_id': 'walking', 'agency_name': 'Unknown'}, {'duration': 1800, 'departure_time': 16500, 'arrival_time': 18300, 'day': 'current_day', 'from_stop_id': 'A-0', 'to_stop_id': 'B-0', 'trip_id': 'IE-11-0', 'agency_name': 'Unknown'}, {'duration': 30, 'departure_time': 18300, 'arrival_time': 18330, 'day': 'current_day', 'from_stop_id': 'B-0', 'to_stop_id': 'B-1', 'trip_id': 'walking', 'agency_name': 'Unknown'}, {'duration': 270, 'departure_time': 18720, 'arrival_time': 18990, 'day': 'current_day', 'from_stop_id': 'B-1', 'to_stop_id': '180-1', 'trip_id': '3-0-25', 'agency_name': 'Unknown'}, {'duration': 30, 'departure_time': 18990, 'arrival_time': 19020, 'day': 'current_day', 'from_stop_id': '180-1', 'to_stop_id': '180-3', 'trip_id': 'walking', 'agency_name': 'Unknown'}, {'duration': 190, 'departure_time': 19170, 'arrival_time': 19360, 'day': 'current_day', 'from_stop_id': '180-3', 'to_stop_id': '201-3', 'trip_id': '6-0-23', 'agency_name': 'Unknown'}]}",6460.0
49,184,14400,inter,left,11,[116; 118],[176; 185],500,375,500,375,14775,14835.0,19080.0,19140.0,4245.0,4.0,116,176,,,pt,19515.0,5115.0,"{'duration': 4245, 'source_transfer_time': 0, 'waiting_time': 495, 'trip_time': 3750, 'num_transfers': 4, 'departure_time': 14835, 'departure_day': 'current_day', 'arrival_time': 19080, 'arrival_day': 'current_day', 'steps': [{'duration': 90, 'departure_time': 15330, 'arrival_time': 15420, 'day': 'current_day', 'from_stop_id': '116-2', 'to_stop_id': 'A-2', 'trip_id': '2-1-19', 'agency_name': 'Unknown'}, {'duration': 30, 'departure_time': 15420, 'arrival_time': 15450, 'day': 'current_day', 'from_stop_id': 'A-2', 'to_stop_id': 'A-0', 'trip_id': 'walking', 'agency_name': 'Unknown'}, {'duration': 1800, 'departure_time': 16500, 'arrival_time': 18300, 'day': 'current_day', 'from_stop_id': 'A-0', 'to_stop_id': 'B-0', 'trip_id': 'IE-11-0', 'agency_name': 'Unknown'}, {'duration': 30, 'departure_time': 18300, 'arrival_time': 18330, 'day': 'current_day', 'from_stop_id': 'B-0', 'to_stop_id': 'B-1', 'trip_id': 'walking', 'agency_name': 'Unknown'}, {'duration': 360, 'departure_time': 18720, 'arrival_time': 19080, 'day': 'current_day', 'from_stop_id': 'B-1', 'to_stop_id': '176-1', 'trip_id': '3-1-25', 'agency_name': 'Unknown'}]}",5115.0
13,180,5340,inter,left,12,[24],[180],500,375,0,0,5715,5775.0,9990.0,10050.0,4215.0,6.0,24,180,,,pt,10050.0,4710.0,"{'duration': 4215, 'source_transfer_time': 0, 'waiting_time': 495, 'trip_time': 3720, 'num_transfers': 6, 'departure_time': 5775, 'departure_day': 'current_day', 'arrival_time': 9990, 'arrival_day': 'current_day', 'steps': [{'duration': 290, 'departure_time': 6270, 'arrival_time': 6560, 'day': 'current_day', 'from_stop_id': '24-3', 'to_stop_id': '27-3', 'trip_id': '5-0-3', 'agency_name': 'Unknown'}, {'duration': 30, 'departure_time': 6560, 'arrival_time': 6590, 'day': 'current_day', 'from_stop_id': '27-3', 'to_stop_id': '27-2', 'trip_id': 'walking', 'agency_name': 'Unknown'}, {'duration': 270, 'departure_time': 6750, 'arrival_time': 7020, 'day': 'current_day', 'from_stop_id': '27-2', 'to_stop_id': 'A-2', 'trip_id': '2-1-5', 'agency_name': 'Unknown'}, {'duration': 30, 'departure_time': 7020, 'arrival_time': 7050, 'day': 'current_day', 'from_stop_id': 'A-2', 'to_stop_id': 'A-0', 'trip_id': 'walking', 'agency_name': 'Unknown'}, {'duration': 1800, 'departure_time': 7500, 'arrival_time': 9300, 'day': 'current_day', 'from_stop_id': 'A-0', 'to_stop_id': 'B-0', 'trip_id': 'IE-5-0', 'agency_name': 'Unknown'}, {'duration': 30, 'departure_time': 9300, 'arrival_time': 9330, 'day': 'current_day', 'from_stop_id': 'B-0', 'to_stop_id': 'B-1', 'trip_id': 'walking', 'agency_name': 'Unknown'}, {'duration': 270, 'departure_time': 9720, 'arrival_time': 9990, 'day': 'current_day', 'from_stop_id': 'B-1', 'to_stop_id': '180-1', 'trip_id': '3-0-10', 'agency_name': 'Unknown'}]}",4710.0
33,198,10230,inter,left,13,[35; 54],[198],1000,751,0,0,10981,11041.0,14400.0,14460.0,3359.0,4.0,54,198,,,pt,14460.0,4230.0,"{'duration': 3359, 'source_transfer_time': 0, 'waiting_time': 29, 'trip_time': 3330, 'num_transfers': 4, 'departure_time': 11041, 'departure_day': 'current_day', 'arrival_time': 14400, 'arrival_day': 'current_day', 'steps': [{'duration': 450, 'departure_time': 11070, 'arrival_time': 11520, 'day': 'current_day', 'from_stop_id': '54-1', 'to_stop_id': 'A-1', 'trip_id': '1-0-13', 'agency_name': 'Unknown'}, {'duration': 30, 'departure_time': 11520, 'arrival_time': 11550, 'day': 'current_day', 'from_stop_id': 'A-1', 'to_stop_id': 'A-0', 'trip_id': 'walking', 'agency_name': 'Unknown'}, {'duration': 1800, 'departure_time': 12000, 'arrival_time': 13800, 'day': 'current_day', 'from_stop_id': 'A-0', 'to_stop_id': 'B-0', 'trip_id': 'IE-8-0', 'agency_name': 'Unknown'}, {'duration': 30, 'departure_time': 13800, 'arrival_time': 13830, 'day': 'current_day', 'from_stop_id': 'B-0', 'to_stop_id': 'B-2', 'trip_id': 'walking', 'agency_name': 'Unknown'}, {'duration': 180, 'departure_time': 14220, 'arrival_time': 14400, 'day': 'current_day', 'from_stop_id': 'B-2', 'to_stop_id': '198-2', 'trip_id': '4-1-17', 'agency_name': 'Unknown'}]}",4230.0
108,175,5490,inter,left,14,[86; 110],[175],1000,751,0,0,6241,6301.0,10170.0,10230.0,3869.0,6.0,86,175,,,pt,10230.0,4740.0,"{'duration': 3869, 'source_transfer_time': 0, 'waiting_time': 69, 'trip_time': 3800, 'num_transfers': 6, 'departure_time': 6301, 'departure_day': 'current_day', 'arrival_time': 10170, 'arrival_day': 'current_day', 'steps': [{'duration': 190, 'departure_time': 6370, 'arrival_time': 6560, 'day': 'current_day', 'from_stop_id': '86-3', 'to_stop_id': '88-3', 'trip_id': '5-1-3', 'agency_name': 'Unknown'}, {'duration': 30, 'departure_time': 6560, 'arrival_time': 6590, 'day': 'current_day', 'from_stop_id': '88-3', 'to_stop_id': '88-2', 'trip_id': 'walking', 'agency_name': 'Unknown'}, {'duration': 270, 'departure_time': 6750, 'arrival_time': 7020, 'day': 'current_day', 'from_stop_id': '88-2', 'to_stop_id': 'A-2', 'trip_id': '2-0-5', 'agency_name': 'Unknown'}, {'duration': 30, 'departure_time': 7020, 'arrival_time': 7050, 'day': 'current_day', 'from_stop_id': 'A-2', 'to_stop_id': 'A-0', 'trip_id': 'walking', 'agency_name': 'Unknown'}, {'duration': 1800, 'departure_time': 7500, 'arrival_time': 9300, 'day': 'current_day', 'from_stop_id': 'A-0', 'to_stop_id': 'B-0', 'trip_id': 'IE-5-0', 'agency_name': 'Unknown'}, {'duration': 30, 'departure_time': 9300, 'arrival_time': 9330, 'day': 'current_day', 'from_stop_id': 'B-0', 'to_stop_id': 'B-1', 'trip_id': 'walking', 'agency_name': 'Unknown'}, {'duration': 450, 'departure_time': 9720, 'arrival_time': 10170, 'day': 'current_day', 'from_stop_id': 'B-1', 'to_stop_id': '175-1', 'trip_id': '3-1-10', 'agency_name': 'Unknown'}]}",4740.0
22,171,12480,inter,left,15,[24],[172; 179],1000,751,500,375,13231,13291.0,17100.0,17160.0,3809.0,6.0,24,179,,,pt,17535.0,5055.0,"{'duration': 3809, 'source_transfer_time': 0, 'waiting_time': 179, 'trip_time': 3630, 'num_transfers': 6, 'departure_time': 13291, 'departure_day': 'current_day', 'arrival_time': 17100, 'arrival_day': 'current_day', 'steps': [{'duration': 290, 'departure_time': 13470, 'arrival_time': 13760, 'day': 'current_day', 'from_stop_id': '24-3', 'to_stop_id': '27-3', 'trip_id': '5-0-15', 'agency_name': 'Unknown'}, {'duration': 30, 'departure_time': 13760, 'arrival_time': 13790, 'day': 'current_day', 'from_stop_id': '27-3', 'to_stop_id': '27-2', 'trip_id': 'walking', 'agency_name': 'Unknown'}, {'duration': 270, 'departure_time': 13950, 'arrival_time': 14220, 'day': 'current_day', 'from_stop_id': '27-2', 'to_stop_id': 'A-2', 'trip_id': '2-1-17', 'agency_name': 'Unknown'}, {'duration': 30, 'departure_time': 14220, 'arrival_time': 14250, 'day': 'current_day', 'from_stop_id': 'A-2', 'to_stop_id': 'A-0', 'trip_id': 'walking', 'agency_name': 'Unknown'}, {'duration': 1800, 'departure_time': 15000, 'arrival_time': 16800, 'day': 'current_day', 'from_stop_id': 'A-0', 'to_stop_id': 'B-0', 'trip_id': 'IE-10-0', 'agency_name': 'Unknown'}, {'duration': 30, 'departure_time': 16800, 'arrival_time': 16830, 'day': 'current_day', 'from_stop_id': 'B-0', 'to_stop_id': 'B-1', 'trip_id': 'walking', 'agency_name': 'Unknown'}, {'duration': 180, 'departure_time': 16920, 'arrival_time': 17100, 'day': 'current_day', 'from_stop_id': 'B-1', 'to_stop_id': '179-1', 'trip_id': '3-0-22', 'agency_name': 'Unknown'}]}",5055.0
99,173,9180,inter,left,16,[99],[172; 181],0,0,500,375,9180,9240.0,13080.0,13140.0,3840.0,4.0,99,181,,,pt,13515.0,4335.0,"{'duration': 3840, 'source_transfer_time': 0, 'waiting_time': 420, 'trip_time': 3420, 'num_transfers': 4, 'departure_time': 9240, 'departure_day': 'current_day', 'arrival_time': 13080, 'arrival_day': 'current_day', 'steps': [{'duration': 360, 'departure_time': 9660, 'arrival_time': 10020, 'day': 'current_day', 'from_stop_id': '99-2', 'to_stop_id': 'A-2', 'trip_id': '2-0-10', 'agency_name': 'Unknown'}, {'duration': 30, 'departure_time': 10020, 'arrival_time': 10050, 'day': 'current_day', 'from_stop_id': 'A-2', 'to_stop_id': 'A-0', 'trip_id': 'walking', 'agency_name': 'Unknown'}, {'duration': 1800, 'departure_time': 10500, 'arrival_time': 12300, 'day': 'current_day', 'from_stop_id': 'A-0', 'to_stop_id': 'B-0', 'trip_id': 'IE-7-0', 'agency_name': 'Unknown'}, {'duration': 30, 'departure_time': 12300, 'arrival_time': 12330, 'day': 'current_day', 'from_stop_id': 'B-0', 'to_stop_id': 'B-1', 'trip_id': 'walking', 'agency_name': 'Unknown'}, {'duration': 360, 'departure_time': 12720, 'arrival_time': 13080, 'day': 'current_day', 'from_stop_id': 'B-1', 'to_stop_id': '181-1', 'trip_id': '3-0-15', 'agency_name': 'Unknown'}]}",4335.0
0,195,7920,inter,left,17,[24],[195],2000,1503,0,0,9423,9483.0,14560.0,14620.0,5077.0,8.0,24,195,,,pt,14620.0,6700.0,"{'duration': 5077, 'source_transfer_time': 0, 'waiting_time': 387, 'trip_time': 4690, 'num_transfers': 8, 'departure_time': 9483, 'departure_day': 'current_day', 'arrival_time': 14560, 'arrival_day': 'current_day', 'steps': [{'duration': 290, 'departure_time': 9870, 'arrival_time': 10160, 'day': 'current_day', 'from_stop_id': '24-3', 'to_stop_id': '27-3', 'trip_id': '5-0-9', 'agency_name': 'Unknown'}, {'duration': 30, 'departure_time': 10160, 'arrival_time': 10190, 'day': 'current_day', 'from_stop_id': '27-3', 'to_stop_id': '27-2', 'trip_id': 'walking', 'agency_name': 'Unknown'}, {'duration': 270, 'departure_time': 10350, 'arrival_time': 10620, 'day': 'current_day', 'from_stop_id': '27-2', 'to_stop_id': 'A-2', 'trip_id': '2-1-11', 'agency_name': 'Unknown'}, {'duration': 30, 'departure_time': 10620, 'arrival_time': 10650, 'day': 'current_day', 'from_stop_id': 'A-2', 'to_stop_id': 'A-0', 'trip_id': 'walking', 'agency_name': 'Unknown'}, {'duration': 1800, 'departure_time': 12000, 'arrival_time': 13800, 'day': 'current_day', 'from_stop_id': 'A-0', 'to_stop_id': 'B-0', 'trip_id': 'IE-8-0', 'agency_name': 'Unknown'}, {'duration': 30, 'departure_time': 13800, 'arrival_time': 13830, 'day': 'current_day', 'from_stop_id': 'B-0', 'to_stop_id': 'B-1', 'trip_id': 'walking', 'agency_name': 'Unknown'}, {'duration': 270, 'departure_time': 13920, 'arrival_time': 14190, 'day': 'current_day', 'from_stop_id': 'B-1', 'to_stop_id': '177-1', 'trip_id': '3-1-17', 'agency_name': 'Unknown'}, {'duration': 30, 'departure_time': 14190, 'arrival_time': 14220, 'day': 'current_day', 'from_stop_id': '177-1', 'to_stop_id': '177-3', 'trip_id': 'walking', 'agency_name': 'Unknown'}, {'duration': 190, 'departure_time': 14370, 'arrival_time': 14560, 'day': 'current_day', 'from_stop_id': '177-3', 'to_stop_id': '195-3', 'trip_id': '6-1-17', 'agency_name': 'Unknown'}]}",6700.0
4,232,11430,inter,left,18,[5],[231],500,375,500,375,11805,11865.0,15870.0,15930.0,4005.0,4.0,5,231,,,pt,16305.0,4875.0,"{'duration': 4005, 'source_transfer_time': 0, 'waiting_time': 105, 'trip_time': 3900, 'num_transfers': 4, 'departure_time': 11865, 'departure_day': 'current_day', 'arrival_time': 15870, 'arrival_day': 'current_day', 'steps': [{'duration': 450, 'departure_time': 11970, 'arrival_time': 12420, 'day': 'current_day', 'from_stop_id': '5-2', 'to_stop_id': 'A-2', 'trip_id': '2-1-14', 'agency_name': 'Unknown'}, {'duration': 30, 'departure_time': 12420, 'arrival_time': 12450, 'day': 'current_day', 'from_stop_id': 'A-2', 'to_stop_id': 'A-0', 'trip_id': 'walking', 'agency_name': 'Unknown'}, {'duration': 1800, 'departure_time': 13500, 'arrival_time': 15300, 'day': 'current_day', 'from_stop_id': 'A-0', 'to_stop_id': 'B-0', 'trip_id': 'IE-9-0', 'agency_name': 'Unknown'}, {'duration': 30, 'departure_time': 15300, 'arrival_time': 15330, 'day': 'current_day', 'from_stop_id': 'B-0', 'to_stop_id': 'B-2', 'trip_id': 'walking', 'agency_name': 'Unknown'}, {'duration': 450, 'departure_time': 15420, 'arrival_time': 15870, 'day': 'current_day', 'from_stop_id': 'B-2', 'to_stop_id': '231-2', 'trip_id': '4-1-19', 'agency_name': 'Unknown'}]}",4875.0
19,151,4800,inter,left,19,[30],[151],500,375,0,0,5175,5235.0,10460.0,10520.0,5225.0,8.0,30,151,,,pt,10520.0,5720.0,"{'duration': 5225, 'source_transfer_time': 0, 'waiting_time': 435, 'trip_time': 4790, 'num_transfers': 8, 'departure_time': 5235, 'departure_day': 'current_day', 'arrival_time': 10460, 'arrival_day': 'current_day', 'steps': [{'duration': 290, 'departure_time': 5670, 'arrival_time': 5960, 'day': 'current_day', 'from_stop_id': '30-3', 'to_stop_id': '27-3', 'trip_id': '5-1-0', 'agency_name': 'Unknown'}, {'duration': 30, 'departure_time': 5960, 'arrival_time': 5990, 'day': 'current_day', 'from_stop_id': '27-3', 'to_stop_id': '27-2', 'trip_id': 'walking', 'agency_name': 'Unknown'}, {'duration': 270, 'departure_time': 6150, 'arrival_time': 6420, 'day': 'current_day', 'from_stop_id': '27-2', 'to_stop_id': 'A-2', 'trip_id': '2-1-4', 'agency_name': 'Unknown'}, {'duration': 30, 'departure_time': 6420, 'arrival_time': 6450, 'day': 'current_day', 'from_stop_id': 'A-2', 'to_stop_id': 'A-0', 'trip_id': 'walking', 'agency_name': 'Unknown'}, {'duration': 1800, 'departure_time': 7500, 'arrival_time': 9300, 'day': 'current_day', 'from_stop_id': 'A-0', 'to_stop_id': 'B-0', 'trip_id': 'IE-5-0', 'agency_name': 'Unknown'}, {'duration': 30, 'departure_time': 9300, 'arrival_time': 9330, 'day': 'current_day', 'from_stop_id': 'B-0', 'to_stop_id': 'B-1', 'trip_id': 'walking', 'agency_name': 'Unknown'}, {'duration': 270, 'departure_time': 9720, 'arrival_time': 9990, 'day': 'current_day', 'from_stop_id': 'B-1', 'to_stop_id': '180-1', 'trip_id': '3-0-10', 'agency_name': 'Unknown'}, {'duration': 30, 'departure_time': 9990, 'arrival_time': 10020, 'day': 'current_day', 'from_stop_id': '180-1', 'to_stop_id': '180-3', 'trip_id': 'walking', 'agency_name': 'Unknown'}, {'duration': 290, 'departure_time': 10170, 'arrival_time': 10460, 'day': 'current_day', 'from_stop_id': '180-3', 'to_stop_id': '151-3', 'trip_id': '6-1-8', 'agency_name': 'Unknown'}]}",5720.0
4,193,3630,inter,left,20,[5],[175; 195],500,375,1000,751,4005,4065.0,8370.0,8430.0,4305.0,4.0,5,175,,,pt,9181.0,5551.0,"{'duration': 4305, 'source_transfer_time': 0, 'waiting_time': 105, 'trip_time': 4200, 'num_transfers': 4, 'departure_time': 4065, 'departure_day': 'current_day', 'arrival_time': 8370, 'arrival_day': 'current_day', 'steps': [{'duration': 450, 'departure_time': 4170, 'arrival_time': 4620, 'day': 'current_day', 'from_stop_id': '5-2', 'to_stop_id': 'A-2', 'trip_id': '2-1-1', 'agency_name': 'Unknown'}, {'duration': 30, 'departure_time': 4620, 'arrival_time': 4650, 'day': 'current_day', 'from_stop_id': 'A-2', 'to_stop_id': 'A-0', 'trip_id': 'walking', 'agency_name': 'Unknown'}, {'duration': 1800, 'departure_time': 6000, 'arrival_time': 7800, 'day': 'current_day', 'from_stop_id': 'A-0', 'to_stop_id': 'B-0', 'trip_id': 'IE-4-0', 'agency_name': 'Unknown'}, {'duration': 30, 'departure_time': 7800, 'arrival_time': 7830, 'day': 'current_day', 'from_stop_id': 'B-0', 'to_stop_id': 'B-1', 'trip_id': 'walking', 'agency_name': 'Unknown'}, {'duration': 450, 'departure_time': 7920, 'arrival_time': 8370, 'day': 'current_day', 'from_stop_id': 'B-1', 'to_stop_id': '175-1', 'trip_id': '3-1-7', 'agency_name': 'Unknown'}]}",5551.0
34,230,10170,inter,left,21,[35],[231],500,375,500,375,10545,10605.0,14670.0,14730.0,4065.0,6.0,35,231,,,pt,15105.0,4935.0,"{'duration': 4065, 'source_transfer_time': 0, 'waiting_time': 365, 'trip_time': 3700, 'num_transfers': 6, 'departure_time': 10605, 'departure_day': 'current_day', 'arrival_time': 14670, 'arrival_day': 'current_day', 'steps': [{'duration': 390, 'departure_time': 10970, 'arrival_time': 11360, 'day': 'current_day', 'from_stop_id': '35-3', 'to_stop_id': '27-3', 'trip_id': '5-0-11', 'agency_name': 'Unknown'}, {'duration': 30, 'departure_time': 11360, 'arrival_time': 11390, 'day': 'current_day', 'from_stop_id': '27-3', 'to_stop_id': '27-2', 'trip_id': 'walking', 'agency_name': 'Unknown'}, {'duration': 270, 'departure_time': 11550, 'arrival_time': 11820, 'day': 'current_day', 'from_stop_id': '27-2', 'to_stop_id': 'A-2', 'trip_id': '2-1-13', 'agency_name': 'Unknown'}, {'duration': 30, 'departure_time': 11820, 'arrival_time': 11850, 'day': 'current_day', 'from_stop_id': 'A-2', 'to_stop_id': 'A-0', 'trip_id': 'walking', 'agency_name': 'Unknown'}, {'duration': 1800, 'departure_time': 12000, 'arrival_time': 13800, 'day': 'current_day', 'from_stop_id': 'A-0', 'to_stop_id': 'B-0', 'trip_id': 'IE-8-0', 'agency_name': 'Unknown'}, {'duration': 30, 'departure_time': 13800, 'arrival_time': 13830, 'day': 'current_day', 'from_stop_id': 'B-0', 'to_stop_id': 'B-2', 'trip_id': 'walking', 'agency_name': 'Unknown'}, {'duration': 450, 'departure_time': 14220, 'arrival_time': 14670, 'day': 'current_day', 'from_stop_id': 'B-2', 'to_stop_id': '231-2', 'trip_id': '4-1-17', 'agency_name': 'Unknown'}]}",4935.0
108,236,9750,inter,left,22,[86; 110],[212],1000,751,2000,1503,10501,10561.0,14660.0,14720.0,4099.0,8.0,86,212,,,pt,16223.0,6473.0,"{'duration': 4099, 'source_transfer_time': 0, 'waiting_time': 9, 'trip_time': 4090, 'num_transfers': 8, 'departure_time': 10561, 'departure_day': 'current_day', 'arrival_time': 14660, 'arrival_day': 'current_day', 'steps': [{'duration': 190, 'departure_time': 10570, 'arrival_time': 10760, 'day': 'current_day', 'from_stop_id': '86-3', 'to_stop_id': '88-3', 'trip_id': '5-1-10', 'agency_name': 'Unknown'}, {'duration': 30, 'departure_time': 10760, 'arrival_time': 10790, 'day': 'current_day', 'from_stop_id': '88-3', 'to_stop_id': '88-2', 'trip_id': 'walking', 'agency_name': 'Unknown'}, {'duration': 270, 'departure_time': 10950, 'arrival_time': 11220, 'day': 'current_day', 'from_stop_id': '88-2', 'to_stop_id': 'A-2', 'trip_id': '2-0-12', 'agency_name': 'Unknown'}, {'duration': 30, 'departure_time': 11220, 'arrival_time': 11250, 'day': 'current_day', 'from_stop_id': 'A-2', 'to_stop_id': 'A-0', 'trip_id': 'walking', 'agency_name': 'Unknown'}, {'duration': 1800, 'departure_time': 12000, 'arrival_time': 13800, 'day': 'current_day', 'from_stop_id': 'A-0', 'to_stop_id': 'B-0', 'trip_id': 'IE-8-0', 'agency_name': 'Unknown'}, {'duration': 30, 'departure_time': 13800, 'arrival_time': 13830, 'day': 'current_day', 'from_stop_id': 'B-0', 'to_stop_id': 'B-1', 'trip_id': 'walking', 'agency_name': 'Unknown'}, {'duration': 270, 'departure_time': 13920, 'arrival_time': 14190, 'day': 'current_day', 'from_stop_id': 'B-1', 'to_stop_id': '180-1', 'trip_id': '3-0-17', 'agency_name': 'Unknown'}, {'duration': 30, 'departure_time': 14190, 'arrival_time': 14220, 'day': 'current_day', 'from_stop_id': '180-1', 'to_stop_id': '180-3', 'trip_id': 'walking', 'agency_name': 'Unknown'}, {'duration': 290, 'departure_time': 14370, 'arrival_time': 14660, 'day': 'current_day', 'from_stop_id': '180-3', 'to_stop_id': '212-3', 'trip_id': '6-0-15', 'agency_name': 'Unknown'}]}",6473.0
114,136,10800,inter,left,23,[91],[137; 147],1500,1127,500,375,11927,11987.0,15780.0,15840.0,3793.0,6.0,91,137,,,pt,16215.0,5415.0,"{'duration': 3793, 'source_transfer_time': 0, 'waiting_time': 283, 'trip_time': 3510, 'num_transfers': 6, 'departure_time': 11987, 'departure_day': 'current_day', 'arrival_time': 15780, 'arrival_day': 'current_day', 'steps': [{'duration': 290, 'departure_time': 12270, 'arrival_time': 12560, 'day': 'current_day', 'from_stop_id': '91-3', 'to_stop_id': '88-3', 'trip_id': '5-0-11', 'agency_name': 'Unknown'}, {'duration': 30, 'departure_time': 12560, 'arrival_time': 12590, 'day': 'current_day', 'from_stop_id': '88-3', 'to_stop_id': '88-2', 'trip_id': 'walking', 'agency_name': 'Unknown'}, {'duration': 270, 'departure_time': 12750, 'arrival_time': 13020, 'day': 'current_day', 'from_stop_id': '88-2', 'to_stop_id': 'A-2', 'trip_id': '2-0-15', 'agency_name': 'Unknown'}, {'duration': 30, 'departure_time': 13020, 'arrival_time': 13050, 'day': 'current_day', 'from_stop_id': 'A-2', 'to_stop_id': 'A-0', 'trip_id': 'walking', 'agency_name': 'Unknown'}, {'duration': 1800, 'departure_time': 13500, 'arrival_time': 15300, 'day': 'current_day', 'from_stop_id': 'A-0', 'to_stop_id': 'B-0', 'trip_id': 'IE-9-0', 'agency_name': 'Unknown'}, {'duration': 30, 'departure_time': 15300, 'arrival_time': 15330, 'day': 'current_day', 'from_stop_id': 'B-0', 'to_stop_id': 'B-2', 'trip_id': 'walking', 'agency_name': 'Unknown'}, {'duration': 360, 'departure_time': 15420, 'arrival_time': 15780, 'day': 'current_day', 'from_stop_id': 'B-2', 'to_stop_id': '137-2', 'trip_id': '4-0-19', 'agency_name': 'Unknown'}]}",5415.0
102,187,14220,inter,left,24,[91],[238; 240],500,375,500,375,14595,14655.0,18510.0,18570.0,3855.0,6.0,91,240,,,pt,18945.0,4725.0,"{'duration': 3855, 'source_transfer_time': 0, 'waiting_time': 15, 'trip_time': 3840, 'num_transfers': 6, 'departure_time': 14655, 'departure_day': 'current_day', 'arrival_time': 18510, 'arrival_day': 'current_day', 'steps': [{'duration': 290, 'departure_time': 14670, 'arrival_time': 14960, 'day': 'current_day', 'from_stop_id': '91-3', 'to_stop_id': '88-3', 'trip_id': '5-0-15', 'agency_name': 'Unknown'}, {'duration': 30, 'departure_time': 14960, 'arrival_time': 14990, 'day': 'current_day', 'from_stop_id': '88-3', 'to_stop_id': '88-2', 'trip_id': 'walking', 'agency_name': 'Unknown'}, {'duration': 270, 'departure_time': 15150, 'arrival_time': 15420, 'day': 'current_day', 'from_stop_id': '88-2', 'to_stop_id': 'A-2', 'trip_id': '2-0-19', 'agency_name': 'Unknown'}, {'duration': 30, 'departure_time': 15420, 'arrival_time': 15450, 'day': 'current_day', 'from_stop_id': 'A-2', 'to_stop_id': 'A-0', 'trip_id': 'walking', 'agency_name': 'Unknown'}, {'duration': 1800, 'departure_time': 16500, 'arrival_time': 18300, 'day': 'current_day', 'from_stop_id': 'A-0', 'to_stop_id': 'B-0', 'trip_id': 'IE-11-0', 'agency_name': 'Unknown'}, {'duration': 30, 'departure_time': 18300, 'arrival_time': 18330, 'day': 'current_day', 'from_stop_id': 'B-0', 'to_stop_id': 'B-2', 'trip_id': 'walking', 'agency_name': 'Unknown'}, {'duration': 90, 'departure_time': 18420, 'arrival_time': 18510, 'day': 'current_day', 'from_stop_id': 'B-2', 'to_stop_id': '240-2', 'trip_id': '4-1-24', 'agency_name': 'Unknown'}]}",4725.0
61,231,8010,inter,left,25,[61],[231],0,0,0,0,8010,8070.0,11670.0,11730.0,3600.0,4.0,61,231,,,pt,11730.0,3720.0,"{'duration': 3600, 'source_transfer_time': 0, 'waiting_time': 0, 'trip_time': 3600, 'num_transfers': 4, 'departure_time': 8070, 'departure_day': 'current_day', 'arrival_time': 11670, 'arrival_day': 'current_day', 'steps': [{'duration': 450, 'departure_time': 8070, 'arrival_time': 8520, 'day': 'current_day', 'from_stop_id': '61-1', 'to_stop_id': 'A-1', 'trip_id': '1-1-8', 'agency_name': 'Unknown'}, {'duration': 30, 'departure_time': 8520, 'arrival_time': 8550, 'day': 'current_day', 'from_stop_id': 'A-1', 'to_stop_id': 'A-0', 'trip_id': 'walking', 'agency_name': 'Unknown'}, {'duration': 1800, 'departure_time': 9000, 'arrival_time': 10800, 'day': 'current_day', 'from_stop_id': 'A-0', 'to_stop_id': 'B-0', 'trip_id': 'IE-6-0', 'agency_name': 'Unknown'}, {'duration': 30, 'departure_time': 10800, 'arrival_time': 10830, 'day': 'current_day', 'from_stop_id': 'B-0', 'to_stop_id': 'B-2', 'trip_id': 'walking', 'agency_name': 'Unknown'}, {'duration': 450, 'departure_time': 11220, 'arrival_time': 11670, 'day': 'current_day', 'from_stop_id': 'B-2', 'to_stop_id': '231-2', 'trip_id': '4-1-12', 'agency_name': 'Unknown'}]}",3720.0
41,163,12780,inter,left,26,[41],[162],0,0,500,375,12780,12840.0,17560.0,17620.0,4720.0,8.0,41,162,,,pt,17995.0,5215.0,"{'duration': 4720, 'source_transfer_time': 0, 'waiting_time': 130, 'trip_time': 4590, 'num_transfers': 8, 'departure_time': 12840, 'departure_day': 'current_day', 'arrival_time': 17560, 'arrival_day': 'current_day', 'steps': [{'duration': 190, 'departure_time': 12970, 'arrival_time': 13160, 'day': 'current_day', 'from_stop_id': '41-3', 'to_stop_id': '59-3', 'trip_id': '5-0-13', 'agency_name': 'Unknown'}, {'duration': 30, 'departure_time': 13160, 'arrival_time': 13190, 'day': 'current_day', 'from_stop_id': '59-3', 'to_stop_id': '59-1', 'trip_id': 'walking', 'agency_name': 'Unknown'}, {'duration': 270, 'departure_time': 13650, 'arrival_time': 13920, 'day': 'current_day', 'from_stop_id': '59-1', 'to_stop_id': 'A-1', 'trip_id': '1-1-17', 'agency_name': 'Unknown'}, {'duration': 30, 'departure_time': 13920, 'arrival_time': 13950, 'day': 'current_day', 'from_stop_id': 'A-1', 'to_stop_id': 'A-0', 'trip_id': 'walking', 'agency_name': 'Unknown'}, {'duration': 1800, 'departure_time': 15000, 'arrival_time': 16800, 'day': 'current_day', 'from_stop_id': 'A-0', 'to_stop_id': 'B-0', 'trip_id': 'IE-10-0', 'agency_name': 'Unknown'}, {'duration': 30, 'departure_time': 16800, 'arrival_time': 16830, 'day': 'current_day', 'from_stop_id': 'B-0', 'to_stop_id': 'B-1', 'trip_id': 'walking', 'agency_name': 'Unknown'}, {'duration': 270, 'departure_time': 16920, 'arrival_time': 17190, 'day': 'current_day', 'from_stop_id': 'B-1', 'to_stop_id': '180-1', 'trip_id': '3-0-22', 'agency_name': 'Unknown'}, {'duration': 30, 'departure_time': 17190, 'arrival_time': 17220, 'day': 'current_day', 'from_stop_id': '180-1', 'to_stop_id': '180-3', 'trip_id': 'walking', 'agency_name': 'Unknown'}, {'duration': 190, 'departure_time': 17370, 'arrival_time': 17560, 'day': 'current_day', 'from_stop_id': '180-3', 'to_stop_id': '162-3', 'trip_id': '6-1-20', 'agency_name': 'Unknown'}]}",5215.0
113,140,8880,inter,left,27,[91],[151],1000,751,500,375,9631,9691.0,14660.0,14720.0,4969.0,8.0,91,151,,,pt,15095.0,6215.0,"{'duration': 4969, 'source_transfer_time': 0, 'waiting_time': 179, 'trip_time': 4790, 'num_transfers': 8, 'departure_time': 9691, 'departure_day': 'current_day', 'arrival_time': 14660, 'arrival_day': 'current_day', 'steps': [{'duration': 290, 'departure_time': 9870, 'arrival_time': 10160, 'day': 'current_day', 'from_stop_id': '91-3', 'to_stop_id': '88-3', 'trip_id': '5-0-7', 'agency_name': 'Unknown'}, {'duration': 30, 'departure_time': 10160, 'arrival_time': 10190, 'day': 'current_day', 'from_stop_id': '88-3', 'to_stop_id': '88-2', 'trip_id': 'walking', 'agency_name': 'Unknown'}, {'duration': 270, 'departure_time': 10350, 'arrival_time': 10620, 'day': 'current_day', 'from_stop_id': '88-2', 'to_stop_id': 'A-2', 'trip_id': '2-0-11', 'agency_name': 'Unknown'}, {'duration': 30, 'departure_time': 10620, 'arrival_time': 10650, 'day': 'current_day', 'from_stop_id': 'A-2', 'to_stop_id': 'A-0', 'trip_id': 'walking', 'agency_name': 'Unknown'}, {'duration': 1800, 'departure_time': 12000, 'arrival_time': 13800, 'day': 'current_day', 'from_stop_id': 'A-0', 'to_stop_id': 'B-0', 'trip_id': 'IE-8-0', 'agency_name': 'Unknown'}, {'duration': 30, 'departure_time': 13800, 'arrival_time': 13830, 'day': 'current_day', 'from_stop_id': 'B-0', 'to_stop_id': 'B-1', 'trip_id': 'walking', 'agency_name': 'Unknown'}, {'duration': 270, 'departure_time': 13920, 'arrival_time': 14190, 'day': 'current_day', 'from_stop_id': 'B-1', 'to_stop_id': '180-1', 'trip_id': '3-0-17', 'agency_name': 'Unknown'}, {'duration': 30, 'departure_time': 14190, 'arrival_time': 14220, 'day': 'current_day', 'from_stop_id': '180-1', 'to_stop_id': '180-3', 'trip_id': 'walking', 'agency_name': 'Unknown'}, {'duration': 290, 'departure_time': 14370, 'arrival_time': 14660, 'day': 'current_day', 'from_stop_id': '180-3', 'to_stop_id': '151-3', 'trip_id': '6-1-15', 'agency_name': 'Unknown'}]}",6215.0
81,217,12300,inter,left,28,[80],[206],500,375,500,375,12675,12735.0,17660.0,17720.0,4925.0,8.0,80,206,,,pt,18095.0,5795.0,"{'duration': 4925, 'source_transfer_time': 0, 'waiting_time': 35, 'trip_time': 4890, 'num_transfers': 8, 'departure_time': 12735, 'departure_day': 'current_day', 'arrival_time': 17660, 'arrival_day': 'current_day', 'steps': [{'duration': 390, 'departure_time': 12770, 'arrival_time': 13160, 'day': 'current_day', 'from_stop_id': '80-3', 'to_stop_id': '88-3', 'trip_id': '5-0-12', 'agency_name': 'Unknown'}, {'duration': 30, 'departure_time': 13160, 'arrival_time': 13190, 'day': 'current_day', 'from_stop_id': '88-3', 'to_stop_id': '88-2', 'trip_id': 'walking', 'agency_name': 'Unknown'}, {'duration': 270, 'departure_time': 13350, 'arrival_time': 13620, 'day': 'current_day', 'from_stop_id': '88-2', 'to_stop_id': 'A-2', 'trip_id': '2-0-16', 'agency_name': 'Unknown'}, {'duration': 30, 'departure_time': 13620, 'arrival_time': 13650, 'day': 'current_day', 'from_stop_id': 'A-2', 'to_stop_id': 'A-0', 'trip_id': 'walking', 'agency_name': 'Unknown'}, {'duration': 1800, 'departure_time': 15000, 'arrival_time': 16800, 'day': 'current_day', 'from_stop_id': 'A-0', 'to_stop_id': 'B-0', 'trip_id': 'IE-10-0', 'agency_name': 'Unknown'}, {'duration': 30, 'departure_time': 16800, 'arrival_time': 16830, 'day': 'current_day', 'from_stop_id': 'B-0', 'to_stop_id': 'B-1', 'trip_id': 'walking', 'agency_name': 'Unknown'}, {'duration': 270, 'departure_time': 16920, 'arrival_time': 17190, 'day': 'current_day', 'from_stop_id': 'B-1', 'to_stop_id': '177-1', 'trip_id': '3-1-22', 'agency_name': 'Unknown'}, {'duration': 30, 'departure_time': 17190, 'arrival_time': 17220, 'day': 'current_day', 'from_stop_id': '177-1', 'to_stop_id': '177-3', 'trip_id': 'walking', 'agency_name': 'Unknown'}, {'duration': 290, 'departure_time': 17370, 'arrival_time': 17660, 'day': 'current_day', 'from_stop_id': '177-3', 'to_stop_id': '206-3', 'trip_id': '6-1-22', 'agency_name': 'Unknown'}]}",5795.0
16,221,8700,inter,left,29,[16],[210; 220],0,0,500,375,8700,8760.0,12780.0,12840.0,4020.0,4.0,16,220,,,pt,13215.0,4515.0,"{'duration': 4020, 'source_transfer_time': 0, 'waiting_time': 300, 'trip_time': 3720, 'num_transfers': 4, 'departure_time': 8760, 'departure_day': 'current_day', 'arrival_time': 12780, 'arrival_day': 'current_day', 'steps': [{'duration': 360, 'departure_time': 9060, 'arrival_time': 9420, 'day': 'current_day', 'from_stop_id': '16-2', 'to_stop_id': 'A-2', 'trip_id': '2-1-9', 'agency_name': 'Unknown'}, {'duration': 30, 'departure_time': 9420, 'arrival_time': 9450, 'day': 'current_day', 'from_stop_id': 'A-2', 'to_stop_id': 'A-0', 'trip_id': 'walking', 'agency_name': 'Unknown'}, {'duration': 1800, 'departure_time': 10500, 'arrival_time': 12300, 'day': 'current_day', 'from_stop_id': 'A-0', 'to_stop_id': 'B-0', 'trip_id': 'IE-7-0', 'agency_name': 'Unknown'}, {'duration': 30, 'departure_time': 12300, 'arrival_time': 12330, 'day': 'current_day', 'from_stop_id': 'B-0', 'to_stop_id': 'B-2', 'trip_id': 'walking', 'agency_name': 'Unknown'}, {'duration': 360, 'departure_time': 12420, 'arrival_time': 12780, 'day': 'current_day', 'from_stop_id': 'B-2', 'to_stop_id': '220-2', 'trip_id': '4-1-14', 'agency_name': 'Unknown'}]}",4515.0
56,233,4020,inter,left,30,[56],[211; 231],0,0,1000,751,4020,4080.0,8670.0,8730.0,4590.0,4.0,56,231,,,pt,9481.0,5461.0,"{'duration': 4590, 'source_transfer_time': 0, 'waiting_time': 570, 'trip_time': 4020, 'num_transfers': 4, 'departure_time': 4080, 'departure_day': 'current_day', 'arrival_time': 8670, 'arrival_day': 'current_day', 'steps': [{'duration': 270, 'departure_time': 4650, 'arrival_time': 4920, 'day': 'current_day', 'from_stop_id': '56-1', 'to_stop_id': 'A-1', 'trip_id': '1-0-2', 'agency_name': 'Unknown'}, {'duration': 30, 'departure_time': 4920, 'arrival_time': 4950, 'day': 'current_day', 'from_stop_id': 'A-1', 'to_stop_id': 'A-0', 'trip_id': 'walking', 'agency_name': 'Unknown'}, {'duration': 1800, 'departure_time': 6000, 'arrival_time': 7800, 'day': 'current_day', 'from_stop_id': 'A-0', 'to_stop_id': 'B-0', 'trip_id': 'IE-4-0', 'agency_name': 'Unknown'}, {'duration': 30, 'departure_time': 7800, 'arrival_time': 7830, 'day': 'current_day', 'from_stop_id': 'B-0', 'to_stop_id': 'B-2', 'trip_id': 'walking', 'agency_name': 'Unknown'}, {'duration': 450, 'departure_time': 8220, 'arrival_time': 8670, 'day': 'current_day', 'from_stop_id': 'B-2', 'to_stop_id': '231-2', 'trip_id': '4-1-7', 'agency_name': 'Unknown'}]}",5461.0
75,150,14010,inter,left,31,[74; 86],[150],500,375,0,0,14385,14445.0,19360.0,19420.0,4915.0,8.0,74,150,,,pt,19420.0,5410.0,"{'duration': 4915, 'source_transfer_time': 0, 'waiting_time': 125, 'trip_time': 4790, 'num_transfers': 8, 'departure_time': 14445, 'departure_day': 'current_day', 'arrival_time': 19360, 'arrival_day': 'current_day', 'steps': [{'duration': 390, 'departure_time': 14570, 'arrival_time': 14960, 'day': 'current_day', 'from_stop_id': '74-3', 'to_stop_id': '88-3', 'trip_id': '5-1-17', 'agency_name': 'Unknown'}, {'duration': 30, 'departure_time': 14960, 'arrival_time': 14990, 'day': 'current_day', 'from_stop_id': '88-3', 'to_stop_id': '88-2', 'trip_id': 'walking', 'agency_name': 'Unknown'}, {'duration': 270, 'departure_time': 15150, 'arrival_time': 15420, 'day': 'current_day', 'from_stop_id': '88-2', 'to_stop_id': 'A-2', 'trip_id': '2-0-19', 'agency_name': 'Unknown'}, {'duration': 30, 'departure_time': 15420, 'arrival_time': 15450, 'day': 'current_day', 'from_stop_id': 'A-2', 'to_stop_id': 'A-0', 'trip_id': 'walking', 'agency_name': 'Unknown'}, {'duration': 1800, 'departure_time': 16500, 'arrival_time': 18300, 'day': 'current_day', 'from_stop_id': 'A-0', 'to_stop_id': 'B-0', 'trip_id': 'IE-11-0', 'agency_name': 'Unknown'}, {'duration': 30, 'departure_time': 18300, 'arrival_time': 18330, 'day': 'current_day', 'from_stop_id': 'B-0', 'to_stop_id': 'B-2', 'trip_id': 'walking', 'agency_name': 'Unknown'}, {'duration': 270, 'departure_time': 18420, 'arrival_time': 18690, 'day': 'current_day', 'from_stop_id': 'B-2', 'to_stop_id': '148-2', 'trip_id': '4-0-24', 'agency_name': 'Unknown'}, {'duration': 30, 'departure_time': 18690, 'arrival_time': 18720, 'day': 'current_day', 'from_stop_id': '148-2', 'to_stop_id': '148-3', 'trip_id': 'walking', 'agency_name': 'Unknown'}, {'duration': 190, 'departure_time': 19170, 'arrival_time': 19360, 'day': 'current_day', 'from_stop_id': '148-3', 'to_stop_id': '150-3', 'trip_id': '6-0-24', 'agency_name': 'Unknown'}]}",5410.0
32,203,5520,inter,left,32,[30],[182; 201],1000,751,1000,751,6271,6331.0,11370.0,11430.0,5039.0,6.0,30,182,,,pt,12181.0,6661.0,"{'duration': 5039, 'source_transfer_time': 0, 'waiting_time': 539, 'trip_time': 4500, 'num_transfers': 6, 'departure_time': 6331, 'departure_day': 'current_day', 'arrival_time': 11370, 'arrival_day': 'current_day', 'steps': [{'duration': 290, 'departure_time': 6870, 'arrival_time': 7160, 'day': 'current_day', 'from_stop_id': '30-3', 'to_stop_id': '27-3', 'trip_id': '5-1-2', 'agency_name': 'Unknown'}, {'duration': 30, 'departure_time': 7160, 'arrival_time': 7190, 'day': 'current_day', 'from_stop_id': '27-3', 'to_stop_id': '27-2', 'trip_id': 'walking', 'agency_name': 'Unknown'}, {'duration': 270, 'departure_time': 7350, 'arrival_time': 7620, 'day': 'current_day', 'from_stop_id': '27-2', 'to_stop_id': 'A-2', 'trip_id': '2-1-6', 'agency_name': 'Unknown'}, {'duration': 30, 'departure_time': 7620, 'arrival_time': 7650, 'day': 'current_day', 'from_stop_id': 'A-2', 'to_stop_id': 'A-0', 'trip_id': 'walking', 'agency_name': 'Unknown'}, {'duration': 1800, 'departure_time': 9000, 'arrival_time': 10800, 'day': 'current_day', 'from_stop_id': 'A-0', 'to_stop_id': 'B-0', 'trip_id': 'IE-6-0', 'agency_name': 'Unknown'}, {'duration': 30, 'departure_time': 10800, 'arrival_time': 10830, 'day': 'current_day', 'from_stop_id': 'B-0', 'to_stop_id': 'B-1', 'trip_id': 'walking', 'agency_name': 'Unknown'}, {'duration': 450, 'departure_time': 10920, 'arrival_time': 11370, 'day': 'current_day', 'from_stop_id': 'B-1', 'to_stop_id': '182-1', 'trip_id': '3-0-12', 'agency_name': 'Unknown'}]}",6661.0
1,223,6210,inter,left,33,[24],[212],1500,1127,500,375,7337,7397.0,11660.0,11720.0,4263.0,8.0,24,212,,,pt,12095.0,5885.0,"{'duration': 4263, 'source_transfer_time': 0, 'waiting_time': 73, 'trip_time': 4190, 'num_transfers': 8, 'departure_time': 7397, 'departure_day': 'current_day', 'arrival_time': 11660, 'arrival_day': 'current_day', 'steps': [{'duration': 290, 'departure_time': 7470, 'arrival_time': 7760, 'day': 'current_day', 'from_stop_id': '24-3', 'to_stop_id': '27-3', 'trip_id': '5-0-5', 'agency_name': 'Unknown'}, {'duration': 30, 'departure_time': 7760, 'arrival_time': 7790, 'day': 'current_day', 'from_stop_id': '27-3', 'to_stop_id': '27-2', 'trip_id': 'walking', 'agency_name': 'Unknown'}, {'duration': 270, 'departure_time': 7950, 'arrival_time': 8220, 'day': 'current_day', 'from_stop_id': '27-2', 'to_stop_id': 'A-2', 'trip_id': '2-1-7', 'agency_name': 'Unknown'}, {'duration': 30, 'departure_time': 8220, 'arrival_time': 8250, 'day': 'current_day', 'from_stop_id': 'A-2', 'to_stop_id': 'A-0', 'trip_id': 'walking', 'agency_name': 'Unknown'}, {'duration': 1800, 'departure_time': 9000, 'arrival_time': 10800, 'day': 'current_day', 'from_stop_id': 'A-0', 'to_stop_id': 'B-0', 'trip_id': 'IE-6-0', 'agency_name': 'Unknown'}, {'duration': 30, 'departure_time': 10800, 'arrival_time': 10830, 'day': 'current_day', 'from_stop_id': 'B-0', 'to_stop_id': 'B-1', 'trip_id': 'walking', 'agency_name': 'Unknown'}, {'duration': 270, 'departure_time': 10920, 'arrival_time': 11190, 'day': 'current_day', 'from_stop_id': 'B-1', 'to_stop_id': '180-1', 'trip_id': '3-0-12', 'agency_name': 'Unknown'}, {'duration': 30, 'departure_time': 11190, 'arrival_time': 11220, 'day': 'current_day', 'from_stop_id': '180-1', 'to_stop_id': '180-3', 'trip_id': 'walking', 'agency_name': 'Unknown'}, {'duration': 290, 'departure_time': 11370, 'arrival_time': 11660, 'day': 'current_day', 'from_stop_id': '180-3', 'to_stop_id': '212-3', 'trip_id': '6-0-10', 'agency_name': 'Unknown'}]}",5885.0
86,203,14160,inter,left,34,[86],[182; 201],0,0,1000,751,14160,14220.0,19170.0,19230.0,4950.0,6.0,86,182,,,pt,19981.0,5821.0,"{'duration': 4950, 'source_transfer_time': 0, 'waiting_time': 550, 'trip_time': 4400, 'num_transfers': 6, 'departure_time': 14220, 'departure_day': 'current_day', 'arrival_time': 19170, 'arrival_day': 'current_day', 'steps': [{'duration': 190, 'departure_time': 14770, 'arrival_time': 14960, 'day': 'current_day', 'from_stop_id': '86-3', 'to_stop_id': '88-3', 'trip_id': '5-1-17', 'agency_name': 'Unknown'}, {'duration': 30, 'departure_time': 14960, 'arrival_time': 14990, 'day': 'current_day', 'from_stop_id': '88-3', 'to_stop_id': '88-2', 'trip_id': 'walking', 'agency_name': 'Unknown'}, {'duration': 270, 'departure_time': 15150, 'arrival_time': 15420, 'day': 'current_day', 'from_stop_id': '88-2', 'to_stop_id': 'A-2', 'trip_id': '2-0-19', 'agency_name': 'Unknown'}, {'duration': 30, 'departure_time': 15420, 'arrival_time': 15450, 'day': 'current_day', 'from_stop_id': 'A-2', 'to_stop_id': 'A-0', 'trip_id': 'walking', 'agency_name': 'Unknown'}, {'duration': 1800, 'departure_time': 16500, 'arrival_time': 18300, 'day': 'current_day', 'from_stop_id': 'A-0', 'to_stop_id': 'B-0', 'trip_id': 'IE-11-0', 'agency_name': 'Unknown'}, {'duration': 30, 'departure_time': 18300, 'arrival_time': 18330, 'day': 'current_day', 'from_stop_id': 'B-0', 'to_stop_id': 'B-1', 'trip_id': 'walking', 'agency_name': 'Unknown'}, {'duration': 450, 'departure_time': 18720, 'arrival_time': 19170, 'day': 'current_day', 'from_stop_id': 'B-1', 'to_stop_id': '182-1', 'trip_id': '3-0-25', 'agency_name': 'Unknown'}]}",5821.0
16,178,13830,inter,left,35,[16],[178],0,0,0,0,13830,13890.0,17100.0,17160.0,3210.0,4.0,16,178,,,pt,17160.0,3330.0,"{'duration': 3210, 'source_transfer_time': 0, 'waiting_time': 570, 'trip_time': 2640, 'num_transfers': 4, 'departure_time': 13890, 'departure_day': 'current_day', 'arrival_time': 17100, 'arrival_day': 'current_day', 'steps': [{'duration': 360, 'departure_time': 14460, 'arrival_time': 14820, 'day': 'current_day', 'from_stop_id': '16-2', 'to_stop_id': 'A-2', 'trip_id': '2-1-18', 'agency_name': 'Unknown'}, {'duration': 30, 'departure_time': 14820, 'arrival_time': 14850, 'day': 'current_day', 'from_stop_id': 'A-2', 'to_stop_id': 'A-0', 'trip_id': 'walking', 'agency_name': 'Unknown'}, {'duration': 1800, 'departure_time': 15000, 'arrival_time': 16800, 'day': 'current_day', 'from_stop_id': 'A-0', 'to_stop_id': 'B-0', 'trip_id': 'IE-10-0', 'agency_name': 'Unknown'}, {'duration': 30, 'departure_time': 16800, 'arrival_time': 16830, 'day': 'current_day', 'from_stop_id': 'B-0', 'to_stop_id': 'B-1', 'trip_id': 'walking', 'agency_name': 'Unknown'}, {'duration': 180, 'departure_time': 16920, 'arrival_time': 17100, 'day': 'current_day', 'from_stop_id': 'B-1', 'to_stop_id': '178-1', 'trip_id': '3-1-22', 'agency_name': 'Unknown'}]}",3330.0
83,208,11190,inter,left,36,[85],[208],1000,751,0,0,11941,12001.0,16260.0,16320.0,4259.0,8.0,85,208,,,pt,16320.0,5130.0,"{'duration': 4259, 'source_transfer_time': 0, 'waiting_time': 269, 'trip_time': 3990, 'num_transfers': 8, 'departure_time': 12001, 'departure_day': 'current_day', 'arrival_time': 16260, 'arrival_day': 'current_day', 'steps': [{'duration': 290, 'departure_time': 12270, 'arrival_time': 12560, 'day': 'current_day', 'from_stop_id': '85-3', 'to_stop_id': '88-3', 'trip_id': '5-1-13', 'agency_name': 'Unknown'}, {'duration': 30, 'departure_time': 12560, 'arrival_time': 12590, 'day': 'current_day', 'from_stop_id': '88-3', 'to_stop_id': '88-2', 'trip_id': 'walking', 'agency_name': 'Unknown'}, {'duration': 270, 'departure_time': 12750, 'arrival_time': 13020, 'day': 'current_day', 'from_stop_id': '88-2', 'to_stop_id': 'A-2', 'trip_id': '2-0-15', 'agency_name': 'Unknown'}, {'duration': 30, 'departure_time': 13020, 'arrival_time': 13050, 'day': 'current_day', 'from_stop_id': 'A-2', 'to_stop_id': 'A-0', 'trip_id': 'walking', 'agency_name': 'Unknown'}, {'duration': 1800, 'departure_time': 13500, 'arrival_time': 15300, 'day': 'current_day', 'from_stop_id': 'A-0', 'to_stop_id': 'B-0', 'trip_id': 'IE-9-0', 'agency_name': 'Unknown'}, {'duration': 30, 'departure_time': 15300, 'arrival_time': 15330, 'day': 'current_day', 'from_stop_id': 'B-0', 'to_stop_id': 'B-2', 'trip_id': 'walking', 'agency_name': 'Unknown'}, {'duration': 270, 'departure_time': 15420, 'arrival_time': 15690, 'day': 'current_day', 'from_stop_id': 'B-2', 'to_stop_id': '209-2', 'trip_id': '4-1-19', 'agency_name': 'Unknown'}, {'duration': 30, 'departure_time': 15690, 'arrival_time': 15720, 'day': 'current_day', 'from_stop_id': '209-2', 'to_stop_id': '209-3', 'trip_id': 'walking', 'agency_name': 'Unknown'}, {'duration': 90, 'departure_time': 16170, 'arrival_time': 16260, 'day': 'current_day', 'from_stop_id': '209-3', 'to_stop_id': '208-3', 'trip_id': '6-0-17', 'agency_name': 'Unknown'}]}",5130.0
112,215,13560,inter,left,37,[90; 110],[206],1000,751,1500,1127,14311,14371.0,19460.0,19520.0,5089.0,8.0,90,206,,,pt,20647.0,7087.0,"{'duration': 5089, 'source_transfer_time': 0, 'waiting_time': 399, 'trip_time': 4690, 'num_transfers': 8, 'departure_time': 14371, 'departure_day': 'current_day', 'arrival_time': 19460, 'arrival_day': 'current_day', 'steps': [{'duration': 190, 'departure_time': 14770, 'arrival_time': 14960, 'day': 'current_day', 'from_stop_id': '90-3', 'to_stop_id': '88-3', 'trip_id': '5-0-15', 'agency_name': 'Unknown'}, {'duration': 30, 'departure_time': 14960, 'arrival_time': 14990, 'day': 'current_day', 'from_stop_id': '88-3', 'to_stop_id': '88-2', 'trip_id': 'walking', 'agency_name': 'Unknown'}, {'duration': 270, 'departure_time': 15150, 'arrival_time': 15420, 'day': 'current_day', 'from_stop_id': '88-2', 'to_stop_id': 'A-2', 'trip_id': '2-0-19', 'agency_name': 'Unknown'}, {'duration': 30, 'departure_time': 15420, 'arrival_time': 15450, 'day': 'current_day', 'from_stop_id': 'A-2', 'to_stop_id': 'A-0', 'trip_id': 'walking', 'agency_name': 'Unknown'}, {'duration': 1800, 'departure_time': 16500, 'arrival_time': 18300, 'day': 'current_day', 'from_stop_id': 'A-0', 'to_stop_id': 'B-0', 'trip_id': 'IE-11-0', 'agency_name': 'Unknown'}, {'duration': 30, 'departure_time': 18300, 'arrival_time': 18330, 'day': 'current_day', 'from_stop_id': 'B-0', 'to_stop_id': 'B-1', 'trip_id': 'walking', 'agency_name': 'Unknown'}, {'duration': 270, 'departure_time': 18720, 'arrival_time': 18990, 'day': 'current_day', 'from_stop_id': 'B-1', 'to_stop_id': '177-1', 'trip_id': '3-1-25', 'agency_name': 'Unknown'}, {'duration': 30, 'departure_time': 18990, 'arrival_time': 19020, 'day': 'current_day', 'from_stop_id': '177-1', 'to_stop_id': '177-3', 'trip_id': 'walking', 'agency_name': 'Unknown'}, {'duration': 290, 'departure_time': 19170, 'arrival_time': 19460, 'day': 'current_day', 'from_stop_id': '177-3', 'to_stop_id': '206-3', 'trip_id': '6-1-25', 'agency_name': 'Unknown'}]}",7087.0
79,132,4260,inter,left,38,[80; 90],[145],500,375,1500,1127,4635,4695.0,8660.0,8720.0,3965.0,8.0,80,145,,,pt,9847.0,5587.0,"{'duration': 3965, 'source_transfer_time': 0, 'waiting_time': 275, 'trip_time': 3690, 'num_transfers': 8, 'departure_time': 4695, 'departure_day': 'current_day', 'arrival_time': 8660, 'arrival_day': 'current_day', 'steps': [{'duration': 390, 'departure_time': 4970, 'arrival_time': 5360, 'day': 'current_day', 'from_stop_id': '80-3', 'to_stop_id': '88-3', 'trip_id': '5-0-42', 'agency_name': 'Unknown'}, {'duration': 30, 'departure_time': 5360, 'arrival_time': 5390, 'day': 'current_day', 'from_stop_id': '88-3', 'to_stop_id': '88-2', 'trip_id': 'walking', 'agency_name': 'Unknown'}, {'duration': 270, 'departure_time': 5550, 'arrival_time': 5820, 'day': 'current_day', 'from_stop_id': '88-2', 'to_stop_id': 'A-2', 'trip_id': '2-0-3', 'agency_name': 'Unknown'}, {'duration': 30, 'departure_time': 5820, 'arrival_time': 5850, 'day': 'current_day', 'from_stop_id': 'A-2', 'to_stop_id': 'A-0', 'trip_id': 'walking', 'agency_name': 'Unknown'}, {'duration': 1800, 'departure_time': 6000, 'arrival_time': 7800, 'day': 'current_day', 'from_stop_id': 'A-0', 'to_stop_id': 'B-0', 'trip_id': 'IE-4-0', 'agency_name': 'Unknown'}, {'duration': 30, 'departure_time': 7800, 'arrival_time': 7830, 'day': 'current_day', 'from_stop_id': 'B-0', 'to_stop_id': 'B-1', 'trip_id': 'walking', 'agency_name': 'Unknown'}, {'duration': 270, 'departure_time': 7920, 'arrival_time': 8190, 'day': 'current_day', 'from_stop_id': 'B-1', 'to_stop_id': '177-1', 'trip_id': '3-1-7', 'agency_name': 'Unknown'}, {'duration': 30, 'departure_time': 8190, 'arrival_time': 8220, 'day': 'current_day', 'from_stop_id': '177-1', 'to_stop_id': '177-3', 'trip_id': 'walking', 'agency_name': 'Unknown'}, {'duration': 290, 'departure_time': 8370, 'arrival_time': 8660, 'day': 'current_day', 'from_stop_id': '177-3', 'to_stop_id': '145-3', 'trip_id': '6-0-7', 'agency_name': 'Unknown'}]}",5587.0
41,187,6660,inter,left,39,[41],[238; 240],0,0,500,375,6660,6720.0,11010.0,11070.0,4290.0,6.0,41,238,,,pt,11445.0,4785.0,"{'duration': 4290, 'source_transfer_time': 0, 'waiting_time': 50, 'trip_time': 4240, 'num_transfers': 6, 'departure_time': 6720, 'departure_day': 'current_day', 'arrival_time': 11010, 'arrival_day': 'current_day', 'steps': [{'duration': 390, 'departure_time': 6770, 'arrival_time': 7160, 'day': 'current_day', 'from_stop_id': '41-3', 'to_stop_id': '27-3', 'trip_id': '5-1-2', 'agency_name': 'Unknown'}, {'duration': 30, 'departure_time': 7160, 'arrival_time': 7190, 'day': 'current_day', 'from_stop_id': '27-3', 'to_stop_id': '27-2', 'trip_id': 'walking', 'agency_name': 'Unknown'}, {'duration': 270, 'departure_time': 7350, 'arrival_time': 7620, 'day': 'current_day', 'from_stop_id': '27-2', 'to_stop_id': 'A-2', 'trip_id': '2-1-6', 'agency_name': 'Unknown'}, {'duration': 30, 'departure_time': 7620, 'arrival_time': 7650, 'day': 'current_day', 'from_stop_id': 'A-2', 'to_stop_id': 'A-0', 'trip_id': 'walking', 'agency_name': 'Unknown'}, {'duration': 1800, 'departure_time': 9000, 'arrival_time': 10800, 'day': 'current_day', 'from_stop_id': 'A-0', 'to_stop_id': 'B-0', 'trip_id': 'IE-6-0', 'agency_name': 'Unknown'}, {'duration': 30, 'departure_time': 10800, 'arrival_time': 10830, 'day': 'current_day', 'from_stop_id': 'B-0', 'to_stop_id': 'B-1', 'trip_id': 'walking', 'agency_name': 'Unknown'}, {'duration': 90, 'departure_time': 10920, 'arrival_time': 11010, 'day': 'current_day', 'from_stop_id': 'B-1', 'to_stop_id': '238-1', 'trip_id': '3-1-12', 'agency_name': 'Unknown'}]}",4785.0
76,206,5040,inter,left,40,[77; 87],[206],500,375,0,0,5415,5475.0,8660.0,8720.0,3185.0,6.0,77,206,,,pt,8720.0,3680.0,"{'duration': 3185, 'source_transfer_time': 0, 'waiting_time': 165, 'trip_time': 3020, 'num_transfers': 6, 'departure_time': 5475, 'departure_day': 'current_day', 'arrival_time': 8660, 'arrival_day': 'current_day', 'steps': [{'duration': 180, 'departure_time': 5640, 'arrival_time': 5820, 'day': 'current_day', 'from_stop_id': '77-2', 'to_stop_id': 'A-2', 'trip_id': '2-0-3', 'agency_name': 'Unknown'}, {'duration': 30, 'departure_time': 5820, 'arrival_time': 5850, 'day': 'current_day', 'from_stop_id': 'A-2', 'to_stop_id': 'A-0', 'trip_id': 'walking', 'agency_name': 'Unknown'}, {'duration': 1800, 'departure_time': 6000, 'arrival_time': 7800, 'day': 'current_day', 'from_stop_id': 'A-0', 'to_stop_id': 'B-0', 'trip_id': 'IE-4-0', 'agency_name': 'Unknown'}, {'duration': 30, 'departure_time': 7800, 'arrival_time': 7830, 'day': 'current_day', 'from_stop_id': 'B-0', 'to_stop_id': 'B-1', 'trip_id': 'walking', 'agency_name': 'Unknown'}, {'duration': 270, 'departure_time': 7920, 'arrival_time': 8190, 'day': 'current_day', 'from_stop_id': 'B-1', 'to_stop_id': '177-1', 'trip_id': '3-1-7', 'agency_name': 'Unknown'}, {'duration': 30, 'departure_time': 8190, 'arrival_time': 8220, 'day': 'current_day', 'from_stop_id': '177-1', 'to_stop_id': '177-3', 'trip_id': 'walking', 'agency_name': 'Unknown'}, {'duration': 290, 'departure_time': 8370, 'arrival_time': 8660, 'day': 'current_day', 'from_stop_id': '177-3', 'to_stop_id': '206-3', 'trip_id': '6-1-7', 'agency_name': 'Unknown'}]}",3680.0
105,169,11820,inter,left,41,[85],[237; 238],2000,1503,500,375,13323,13383.0,17010.0,17070.0,3627.0,6.0,85,238,,,pt,17445.0,5625.0,"{'duration': 3627, 'source_transfer_time': 0, 'waiting_time': 87, 'trip_time': 3540, 'num_transfers': 6, 'departure_time': 13383, 'departure_day': 'current_day', 'arrival_time': 17010, 'arrival_day': 'current_day', 'steps': [{'duration': 290, 'departure_time': 13470, 'arrival_time': 13760, 'day': 'current_day', 'from_stop_id': '85-3', 'to_stop_id': '88-3', 'trip_id': '5-1-15', 'agency_name': 'Unknown'}, {'duration': 30, 'departure_time': 13760, 'arrival_time': 13790, 'day': 'current_day', 'from_stop_id': '88-3', 'to_stop_id': '88-2', 'trip_id': 'walking', 'agency_name': 'Unknown'}, {'duration': 270, 'departure_time': 13950, 'arrival_time': 14220, 'day': 'current_day', 'from_stop_id': '88-2', 'to_stop_id': 'A-2', 'trip_id': '2-0-17', 'agency_name': 'Unknown'}, {'duration': 30, 'departure_time': 14220, 'arrival_time': 14250, 'day': 'current_day', 'from_stop_id': 'A-2', 'to_stop_id': 'A-0', 'trip_id': 'walking', 'agency_name': 'Unknown'}, {'duration': 1800, 'departure_time': 15000, 'arrival_time': 16800, 'day': 'current_day', 'from_stop_id': 'A-0', 'to_stop_id': 'B-0', 'trip_id': 'IE-10-0', 'agency_name': 'Unknown'}, {'duration': 30, 'departure_time': 16800, 'arrival_time': 16830, 'day': 'current_day', 'from_stop_id': 'B-0', 'to_stop_id': 'B-1', 'trip_id': 'walking', 'agency_name': 'Unknown'}, {'duration': 90, 'departure_time': 16920, 'arrival_time': 17010, 'day': 'current_day', 'from_stop_id': 'B-1', 'to_stop_id': '238-1', 'trip_id': '3-1-22', 'agency_name': 'Unknown'}]}",5625.0
115,143,12150,inter,left,42,[91],[145],2000,1503,1000,751,13653,13713.0,17660.0,17720.0,3947.0,8.0,91,145,,,pt,18471.0,6321.0,"{'duration': 3947, 'source_transfer_time': 0, 'waiting_time': 357, 'trip_time': 3590, 'num_transfers': 8, 'departure_time': 13713, 'departure_day': 'current_day', 'arrival_time': 17660, 'arrival_day': 'current_day', 'steps': [{'duration': 290, 'departure_time': 14070, 'arrival_time': 14360, 'day': 'current_day', 'from_stop_id': '91-3', 'to_stop_id': '88-3', 'trip_id': '5-0-14', 'agency_name': 'Unknown'}, {'duration': 30, 'departure_time': 14360, 'arrival_time': 14390, 'day': 'current_day', 'from_stop_id': '88-3', 'to_stop_id': '88-2', 'trip_id': 'walking', 'agency_name': 'Unknown'}, {'duration': 270, 'departure_time': 14550, 'arrival_time': 14820, 'day': 'current_day', 'from_stop_id': '88-2', 'to_stop_id': 'A-2', 'trip_id': '2-0-18', 'agency_name': 'Unknown'}, {'duration': 30, 'departure_time': 14820, 'arrival_time': 14850, 'day': 'current_day', 'from_stop_id': 'A-2', 'to_stop_id': 'A-0', 'trip_id': 'walking', 'agency_name': 'Unknown'}, {'duration': 1800, 'departure_time': 15000, 'arrival_time': 16800, 'day': 'current_day', 'from_stop_id': 'A-0', 'to_stop_id': 'B-0', 'trip_id': 'IE-10-0', 'agency_name': 'Unknown'}, {'duration': 30, 'departure_time': 16800, 'arrival_time': 16830, 'day': 'current_day', 'from_stop_id': 'B-0', 'to_stop_id': 'B-1', 'trip_id': 'walking', 'agency_name': 'Unknown'}, {'duration': 270, 'departure_time': 16920, 'arrival_time': 17190, 'day': 'current_day', 'from_stop_id': 'B-1', 'to_stop_id': '177-1', 'trip_id': '3-1-22', 'agency_name': 'Unknown'}, {'duration': 30, 'departure_time': 17190, 'arrival_time': 17220, 'day': 'current_day', 'from_stop_id': '177-1', 'to_stop_id': '177-3', 'trip_id': 'walking', 'agency_name': 'Unknown'}, {'duration': 290, 'departure_time': 17370, 'arrival_time': 17660, 'day': 'current_day', 'from_stop_id': '177-3', 'to_stop_id': '145-3', 'trip_id': '6-0-22', 'agency_name': 'Unknown'}]}",6321.0
99,183,3630,inter,left,43,[99],[175],0,0,500,375,3630,3690.0,8370.0,8430.0,4680.0,4.0,99,175,,,pt,8805.0,5175.0,"{'duration': 4680, 'source_transfer_time': 0, 'waiting_time': 570, 'trip_time': 4110, 'num_transfers': 4, 'departure_time': 3690, 'departure_day': 'current_day', 'arrival_time': 8370, 'arrival_day': 'current_day', 'steps': [{'duration': 360, 'departure_time': 4260, 'arrival_time': 4620, 'day': 'current_day', 'from_stop_id': '99-2', 'to_stop_id': 'A-2', 'trip_id': '2-0-1', 'agency_name': 'Unknown'}, {'duration': 30, 'departure_time': 4620, 'arrival_time': 4650, 'day': 'current_day', 'from_stop_id': 'A-2', 'to_stop_id': 'A-0', 'trip_id': 'walking', 'agency_name': 'Unknown'}, {'duration': 1800, 'departure_time': 6000, 'arrival_time': 7800, 'day': 'current_day', 'from_stop_id': 'A-0', 'to_stop_id': 'B-0', 'trip_id': 'IE-4-0', 'agency_name': 'Unknown'}, {'duration': 30, 'departure_time': 7800, 'arrival_time': 7830, 'day': 'current_day', 'from_stop_id': 'B-0', 'to_stop_id': 'B-1', 'trip_id': 'walking', 'agency_name': 'Unknown'}, {'duration': 450, 'departure_time': 7920, 'arrival_time': 8370, 'day': 'current_day', 'from_stop_id': 'B-1', 'to_stop_id': '175-1', 'trip_id': '3-1-7', 'agency_name': 'Unknown'}]}",5175.0
70,218,4320,inter,left,44,[60; 69],[207],500,375,500,375,4695,4755.0,8760.0,8820.0,4005.0,6.0,60,207,,,pt,9195.0,4875.0,"{'duration': 4005, 'source_transfer_time': 0, 'waiting_time': 405, 'trip_time': 3600, 'num_transfers': 6, 'departure_time': 4755, 'departure_day': 'current_day', 'arrival_time': 8760, 'arrival_day': 'current_day', 'steps': [{'duration': 360, 'departure_time': 5160, 'arrival_time': 5520, 'day': 'current_day', 'from_stop_id': '60-1', 'to_stop_id': 'A-1', 'trip_id': '1-1-3', 'agency_name': 'Unknown'}, {'duration': 30, 'departure_time': 5520, 'arrival_time': 5550, 'day': 'current_day', 'from_stop_id': 'A-1', 'to_stop_id': 'A-0', 'trip_id': 'walking', 'agency_name': 'Unknown'}, {'duration': 1800, 'departure_time': 6000, 'arrival_time': 7800, 'day': 'current_day', 'from_stop_id': 'A-0', 'to_stop_id': 'B-0', 'trip_id': 'IE-4-0', 'agency_name': 'Unknown'}, {'duration': 30, 'departure_time': 7800, 'arrival_time': 7830, 'day': 'current_day', 'from_stop_id': 'B-0', 'to_stop_id': 'B-1', 'trip_id': 'walking', 'agency_name': 'Unknown'}, {'duration': 270, 'departure_time': 7920, 'arrival_time': 8190, 'day': 'current_day', 'from_stop_id': 'B-1', 'to_stop_id': '177-1', 'trip_id': '3-1-7', 'agency_name': 'Unknown'}, {'duration': 30, 'departure_time': 8190, 'arrival_time': 8220, 'day': 'current_day', 'from_stop_id': '177-1', 'to_stop_id': '177-3', 'trip_id': 'walking', 'agency_name': 'Unknown'}, {'duration': 390, 'departure_time': 8370, 'arrival_time': 8760, 'day': 'current_day', 'from_stop_id': '177-3', 'to_stop_id': '207-3', 'trip_id': '6-1-7', 'agency_name': 'Unknown'}]}",4875.0
102,161,7650,inter,left,45,[91],[150; 162],500,375,500,375,8025,8085.0,13360.0,13420.0,5275.0,8.0,91,150,,,pt,13795.0,6145.0,"{'duration': 5275, 'source_transfer_time': 0, 'waiting_time': 585, 'trip_time': 4690, 'num_transfers': 8, 'departure_time': 8085, 'departure_day': 'current_day', 'arrival_time': 13360, 'arrival_day': 'current_day', 'steps': [{'duration': 290, 'departure_time': 8670, 'arrival_time': 8960, 'day': 'current_day', 'from_stop_id': '91-3', 'to_stop_id': '88-3', 'trip_id': '5-0-5', 'agency_name': 'Unknown'}, {'duration': 30, 'departure_time': 8960, 'arrival_time': 8990, 'day': 'current_day', 'from_stop_id': '88-3', 'to_stop_id': '88-2', 'trip_id': 'walking', 'agency_name': 'Unknown'}, {'duration': 270, 'departure_time': 9150, 'arrival_time': 9420, 'day': 'current_day', 'from_stop_id': '88-2', 'to_stop_id': 'A-2', 'trip_id': '2-0-9', 'agency_name': 'Unknown'}, {'duration': 30, 'departure_time': 9420, 'arrival_time': 9450, 'day': 'current_day', 'from_stop_id': 'A-2', 'to_stop_id': 'A-0', 'trip_id': 'walking', 'agency_name': 'Unknown'}, {'duration': 1800, 'departure_time': 10500, 'arrival_time': 12300, 'day': 'current_day', 'from_stop_id': 'A-0', 'to_stop_id': 'B-0', 'trip_id': 'IE-7-0', 'agency_name': 'Unknown'}, {'duration': 30, 'departure_time': 12300, 'arrival_time': 12330, 'day': 'current_day', 'from_stop_id': 'B-0', 'to_stop_id': 'B-2', 'trip_id': 'walking', 'agency_name': 'Unknown'}, {'duration': 270, 'departure_time': 12420, 'arrival_time': 12690, 'day': 'current_day', 'from_stop_id': 'B-2', 'to_stop_id': '148-2', 'trip_id': '4-0-14', 'agency_name': 'Unknown'}, {'duration': 30, 'departure_time': 12690, 'arrival_time': 12720, 'day': 'current_day', 'from_stop_id': '148-2', 'to_stop_id': '148-3', 'trip_id': 'walking', 'agency_name': 'Unknown'}, {'duration': 190, 'departure_time': 13170, 'arrival_time': 13360, 'day': 'current_day', 'from_stop_id': '148-3', 'to_stop_id': '150-3', 'trip_id': '6-0-14', 'agency_name': 'Unknown'}]}",6145.0
42,121,8790,inter,left,46,[41],[145],500,375,2000,1503,9165,9225.0,13460.0,13520.0,4235.0,8.0,41,145,,,pt,15023.0,6233.0,"{'duration': 4235, 'source_transfer_time': 0, 'waiting_time': 145, 'trip_time': 4090, 'num_transfers': 8, 'departure_time': 9225, 'departure_day': 'current_day', 'arrival_time': 13460, 'arrival_day': 'current_day', 'steps': [{'duration': 190, 'departure_time': 9370, 'arrival_time': 9560, 'day': 'current_day', 'from_stop_id': '41-3', 'to_stop_id': '59-3', 'trip_id': '5-0-7', 'agency_name': 'Unknown'}, {'duration': 30, 'departure_time': 9560, 'arrival_time': 9590, 'day': 'current_day', 'from_stop_id': '59-3', 'to_stop_id': '59-1', 'trip_id': 'walking', 'agency_name': 'Unknown'}, {'duration': 270, 'departure_time': 10050, 'arrival_time': 10320, 'day': 'current_day', 'from_stop_id': '59-1', 'to_stop_id': 'A-1', 'trip_id': '1-1-11', 'agency_name': 'Unknown'}, {'duration': 30, 'departure_time': 10320, 'arrival_time': 10350, 'day': 'current_day', 'from_stop_id': 'A-1', 'to_stop_id': 'A-0', 'trip_id': 'walking', 'agency_name': 'Unknown'}, {'duration': 1800, 'departure_time': 10500, 'arrival_time': 12300, 'day': 'current_day', 'from_stop_id': 'A-0', 'to_stop_id': 'B-0', 'trip_id': 'IE-7-0', 'agency_name': 'Unknown'}, {'duration': 30, 'departure_time': 12300, 'arrival_time': 12330, 'day': 'current_day', 'from_stop_id': 'B-0', 'to_stop_id': 'B-1', 'trip_id': 'walking', 'agency_name': 'Unknown'}, {'duration': 270, 'departure_time': 12720, 'arrival_time': 12990, 'day': 'current_day', 'from_stop_id': 'B-1', 'to_stop_id': '177-1', 'trip_id': '3-1-15', 'agency_name': 'Unknown'}, {'duration': 30, 'departure_time': 12990, 'arrival_time': 13020, 'day': 'current_day', 'from_stop_id': '177-1', 'to_stop_id': '177-3', 'trip_id': 'walking', 'agency_name': 'Unknown'}, {'duration': 290, 'departure_time': 13170, 'arrival_time': 13460, 'day': 'current_day', 'from_stop_id': '177-3', 'to_stop_id': '145-3', 'trip_id': '6-0-15', 'agency_name': 'Unknown'}]}",6233.0
33,232,9180,inter,left,47,[35; 54],[231],1000,751,500,375,9931,9991.0,14670.0,14730.0,4679.0,6.0,35,231,,,pt,15105.0,5925.0,"{'duration': 4679, 'source_transfer_time': 0, 'waiting_time': 379, 'trip_time': 4300, 'num_transfers': 6, 'departure_time': 9991, 'departure_day': 'current_day', 'arrival_time': 14670, 'arrival_day': 'current_day', 'steps': [{'duration': 390, 'departure_time': 10370, 'arrival_time': 10760, 'day': 'current_day', 'from_stop_id': '35-3', 'to_stop_id': '27-3', 'trip_id': '5-0-10', 'agency_name': 'Unknown'}, {'duration': 30, 'departure_time': 10760, 'arrival_time': 10790, 'day': 'current_day', 'from_stop_id': '27-3', 'to_stop_id': '27-2', 'trip_id': 'walking', 'agency_name': 'Unknown'}, {'duration': 270, 'departure_time': 10950, 'arrival_time': 11220, 'day': 'current_day', 'from_stop_id': '27-2', 'to_stop_id': 'A-2', 'trip_id': '2-1-12', 'agency_name': 'Unknown'}, {'duration': 30, 'departure_time': 11220, 'arrival_time': 11250, 'day': 'current_day', 'from_stop_id': 'A-2', 'to_stop_id': 'A-0', 'trip_id': 'walking', 'agency_name': 'Unknown'}, {'duration': 1800, 'departure_time': 12000, 'arrival_time': 13800, 'day': 'current_day', 'from_stop_id': 'A-0', 'to_stop_id': 'B-0', 'trip_id': 'IE-8-0', 'agency_name': 'Unknown'}, {'duration': 30, 'departure_time': 13800, 'arrival_time': 13830, 'day': 'current_day', 'from_stop_id': 'B-0', 'to_stop_id': 'B-2', 'trip_id': 'walking', 'agency_name': 'Unknown'}, {'duration': 450, 'departure_time': 14220, 'arrival_time': 14670, 'day': 'current_day', 'from_stop_id': 'B-2', 'to_stop_id': '231-2', 'trip_id': '4-1-17', 'agency_name': 'Unknown'}]}",5925.0
35,207,10380,inter,left,48,[35],[207],0,0,0,0,10380,10440.0,14760.0,14820.0,4320.0,8.0,35,207,,,pt,14820.0,4440.0,"{'duration': 4320, 'source_transfer_time': 0, 'waiting_time': 130, 'trip_time': 4190, 'num_transfers': 8, 'departure_time': 10440, 'departure_day': 'current_day', 'arrival_time': 14760, 'arrival_day': 'current_day', 'steps': [{'duration': 190, 'departure_time': 10570, 'arrival_time': 10760, 'day': 'current_day', 'from_stop_id': '35-3', 'to_stop_id': '56-3', 'trip_id': '5-1-7', 'agency_name': 'Unknown'}, {'duration': 30, 'departure_time': 10760, 'arrival_time': 10790, 'day': 'current_day', 'from_stop_id': '56-3', 'to_stop_id': '56-1', 'trip_id': 'walking', 'agency_name': 'Unknown'}, {'duration': 270, 'departure_time': 11250, 'arrival_time': 11520, 'day': 'current_day', 'from_stop_id': '56-1', 'to_stop_id': 'A-1', 'trip_id': '1-0-13', 'agency_name': 'Unknown'}, {'duration': 30, 'departure_time': 11520, 'arrival_time': 11550, 'day': 'current_day', 'from_stop_id': 'A-1', 'to_stop_id': 'A-0', 'trip_id': 'walking', 'agency_name': 'Unknown'}, {'duration': 1800, 'departure_time': 12000, 'arrival_time': 13800, 'day': 'current_day', 'from_stop_id': 'A-0', 'to_stop_id': 'B-0', 'trip_id': 'IE-8-0', 'agency_name': 'Unknown'}, {'duration': 30, 'departure_time': 13800, 'arrival_time': 13830, 'day': 'current_day', 'from_stop_id': 'B-0', 'to_stop_id': 'B-1', 'trip_id': 'walking', 'agency_name': 'Unknown'}, {'duration': 270, 'departure_time': 13920, 'arrival_time': 14190, 'day': 'current_day', 'from_stop_id': 'B-1', 'to_stop_id': '177-1', 'trip_id': '3-1-17', 'agency_name': 'Unknown'}, {'duration': 30, 'departure_time': 14190, 'arrival_time': 14220, 'day': 'current_day', 'from_stop_id': '177-1', 'to_stop_id': '177-3', 'trip_id': 'walking', 'agency_name': 'Unknown'}, {'duration': 390, 'departure_time': 14370, 'arrival_time': 14760, 'day': 'current_day', 'from_stop_id': '177-3', 'to_stop_id': '207-3', 'trip_id': '6-1-17', 'agency_name': 'Unknown'}]}",4440.0
16,208,5430,inter,left,49,[16],[208],0,0,0,0,5430,5490.0,10260.0,10320.0,4770.0,6.0,16,208,,,pt,10320.0,4890.0,"{'duration': 4770, 'source_transfer_time': 0, 'waiting_time': 570, 'trip_time': 4200, 'num_transfers': 6, 'departure_time': 5490, 'departure_day': 'current_day', 'arrival_time': 10260, 'arrival_day': 'current_day', 'steps': [{'duration': 360, 'departure_time': 6060, 'arrival_time': 6420, 'day': 'current_day', 'from_stop_id': '16-2', 'to_stop_id': 'A-2', 'trip_id': '2-1-4', 'agency_name': 'Unknown'}, {'duration': 30, 'departure_time': 6420, 'arrival_time': 6450, 'day': 'current_day', 'from_stop_id': 'A-2', 'to_stop_id': 'A-0', 'trip_id': 'walking', 'agency_name': 'Unknown'}, {'duration': 1800, 'departure_time': 7500, 'arrival_time': 9300, 'day': 'current_day', 'from_stop_id': 'A-0', 'to_stop_id': 'B-0', 'trip_id': 'IE-5-0', 'agency_name': 'Unknown'}, {'duration': 30, 'departure_time': 9300, 'arrival_time': 9330, 'day': 'current_day', 'from_stop_id': 'B-0', 'to_stop_id': 'B-2', 'trip_id': 'walking', 'agency_name': 'Unknown'}, {'duration': 270, 'departure_time': 9420, 'arrival_time': 9690, 'day': 'current_day', 'from_stop_id': 'B-2', 'to_stop_id': '209-2', 'trip_id': '4-1-9', 'agency_name': 'Unknown'}, {'duration': 30, 'departure_time': 9690, 'arrival_time': 9720, 'day': 'current_day', 'from_stop_id': '209-2', 'to_stop_id': '209-3', 'trip_id': 'walking', 'agency_name': 'Unknown'}, {'duration': 90, 'departure_time': 10170, 'arrival_time': 10260, 'day': 'current_day', 'from_stop_id': '209-3', 'to_stop_id': '208-3', 'trip_id': '6-0-7', 'agency_name': 'Unknown'}]}",4890.0
36,219,12480,inter,left,50,[25; 35],[208; 220],500,375,500,375,12855,12915.0,17580.0,17640.0,4665.0,6.0,25,220,,,pt,18015.0,5535.0,"{'duration': 4665, 'source_transfer_time': 0, 'waiting_time': 55, 'trip_time': 4610, 'num_transfers': 6, 'departure_time': 12915, 'departure_day': 'current_day', 'arrival_time': 17580, 'arrival_day': 'current_day', 'steps': [{'duration': 190, 'departure_time': 12970, 'arrival_time': 13160, 'day': 'current_day', 'from_stop_id': '25-3', 'to_stop_id': '27-3', 'trip_id': '5-0-14', 'agency_name': 'Unknown'}, {'duration': 30, 'departure_time': 13160, 'arrival_time': 13190, 'day': 'current_day', 'from_stop_id': '27-3', 'to_stop_id': '27-2', 'trip_id': 'walking', 'agency_name': 'Unknown'}, {'duration': 270, 'departure_time': 13350, 'arrival_time': 13620, 'day': 'current_day', 'from_stop_id': '27-2', 'to_stop_id': 'A-2', 'trip_id': '2-1-16', 'agency_name': 'Unknown'}, {'duration': 30, 'departure_time': 13620, 'arrival_time': 13650, 'day': 'current_day', 'from_stop_id': 'A-2', 'to_stop_id': 'A-0', 'trip_id': 'walking', 'agency_name': 'Unknown'}, {'duration': 1800, 'departure_time': 15000, 'arrival_time': 16800, 'day': 'current_day', 'from_stop_id': 'A-0', 'to_stop_id': 'B-0', 'trip_id': 'IE-10-0', 'agency_name': 'Unknown'}, {'duration': 30, 'departure_time': 16800, 'arrival_time': 16830, 'day': 'current_day', 'from_stop_id': 'B-0', 'to_stop_id': 'B-2', 'trip_id': 'walking', 'agency_name': 'Unknown'}, {'duration': 360, 'departure_time': 17220, 'arrival_time': 17580, 'day': 'current_day', 'from_stop_id': 'B-2', 'to_stop_id': '220-2', 'trip_id': '4-1-22', 'agency_name': 'Unknown'}]}",5535.0
43,177,6990,inter,left,51,[41; 61],[177],1000,751,0,0,7741,7801.0,11190.0,11250.0,3389.0,6.0,41,177,,,pt,11250.0,4260.0,"{'duration': 3389, 'source_transfer_time': 0, 'waiting_time': 169, 'trip_time': 3220, 'num_transfers': 6, 'departure_time': 7801, 'departure_day': 'current_day', 'arrival_time': 11190, 'arrival_day': 'current_day', 'steps': [{'duration': 390, 'departure_time': 7970, 'arrival_time': 8360, 'day': 'current_day', 'from_stop_id': '41-3', 'to_stop_id': '27-3', 'trip_id': '5-1-4', 'agency_name': 'Unknown'}, {'duration': 30, 'departure_time': 8360, 'arrival_time': 8390, 'day': 'current_day', 'from_stop_id': '27-3', 'to_stop_id': '27-2', 'trip_id': 'walking', 'agency_name': 'Unknown'}, {'duration': 270, 'departure_time': 8550, 'arrival_time': 8820, 'day': 'current_day', 'from_stop_id': '27-2', 'to_stop_id': 'A-2', 'trip_id': '2-1-8', 'agency_name': 'Unknown'}, {'duration': 30, 'departure_time': 8820, 'arrival_time': 8850, 'day': 'current_day', 'from_stop_id': 'A-2', 'to_stop_id': 'A-0', 'trip_id': 'walking', 'agency_name': 'Unknown'}, {'duration': 1800, 'departure_time': 9000, 'arrival_time': 10800, 'day': 'current_day', 'from_stop_id': 'A-0', 'to_stop_id': 'B-0', 'trip_id': 'IE-6-0', 'agency_name': 'Unknown'}, {'duration': 30, 'departure_time': 10800, 'arrival_time': 10830, 'day': 'current_day', 'from_stop_id': 'B-0', 'to_stop_id': 'B-1', 'trip_id': 'walking', 'agency_name': 'Unknown'}, {'duration': 270, 'departure_time': 10920, 'arrival_time': 11190, 'day': 'current_day', 'from_stop_id': 'B-1', 'to_stop_id': '177-1', 'trip_id': '3-1-12', 'agency_name': 'Unknown'}]}",4260.0
18,205,9660,inter,left,52,[29],[206],500,375,500,375,10035,10095.0,14660.0,14720.0,4565.0,8.0,29,206,,,pt,15095.0,5435.0,"{'duration': 4565, 'source_transfer_time': 0, 'waiting_time': 475, 'trip_time': 4090, 'num_transfers': 8, 'departure_time': 10095, 'departure_day': 'current_day', 'arrival_time': 14660, 'arrival_day': 'current_day', 'steps': [{'duration': 190, 'departure_time': 10570, 'arrival_time': 10760, 'day': 'current_day', 'from_stop_id': '29-3', 'to_stop_id': '27-3', 'trip_id': '5-1-8', 'agency_name': 'Unknown'}, {'duration': 30, 'departure_time': 10760, 'arrival_time': 10790, 'day': 'current_day', 'from_stop_id': '27-3', 'to_stop_id': '27-2', 'trip_id': 'walking', 'agency_name': 'Unknown'}, {'duration': 270, 'departure_time': 10950, 'arrival_time': 11220, 'day': 'current_day', 'from_stop_id': '27-2', 'to_stop_id': 'A-2', 'trip_id': '2-1-12', 'agency_name': 'Unknown'}, {'duration': 30, 'departure_time': 11220, 'arrival_time': 11250, 'day': 'current_day', 'from_stop_id': 'A-2', 'to_stop_id': 'A-0', 'trip_id': 'walking', 'agency_name': 'Unknown'}, {'duration': 1800, 'departure_time': 12000, 'arrival_time': 13800, 'day': 'current_day', 'from_stop_id': 'A-0', 'to_stop_id': 'B-0', 'trip_id': 'IE-8-0', 'agency_name': 'Unknown'}, {'duration': 30, 'departure_time': 13800, 'arrival_time': 13830, 'day': 'current_day', 'from_stop_id': 'B-0', 'to_stop_id': 'B-1', 'trip_id': 'walking', 'agency_name': 'Unknown'}, {'duration': 270, 'departure_time': 13920, 'arrival_time': 14190, 'day': 'current_day', 'from_stop_id': 'B-1', 'to_stop_id': '177-1', 'trip_id': '3-1-17', 'agency_name': 'Unknown'}, {'duration': 30, 'departure_time': 14190, 'arrival_time': 14220, 'day': 'current_day', 'from_stop_id': '177-1', 'to_stop_id': '177-3', 'trip_id': 'walking', 'agency_name': 'Unknown'}, {'duration': 290, 'departure_time': 14370, 'arrival_time': 14660, 'day': 'current_day', 'from_stop_id': '177-3', 'to_stop_id': '206-3', 'trip_id': '6-1-17', 'agency_name': 'Unknown'}]}",5435.0
43,129,4590,inter,left,53,[41; 61],[151],1000,751,1000,751,5341,5401.0,10460.0,10520.0,5059.0,8.0,41,151,,,pt,11271.0,6681.0,"{'duration': 5059, 'source_transfer_time': 0, 'waiting_time': 169, 'trip_time': 4890, 'num_transfers': 8, 'departure_time': 5401, 'departure_day': 'current_day', 'arrival_time': 10460, 'arrival_day': 'current_day', 'steps': [{'duration': 390, 'departure_time': 5570, 'arrival_time': 5960, 'day': 'current_day', 'from_stop_id': '41-3', 'to_stop_id': '27-3', 'trip_id': '5-1-0', 'agency_name': 'Unknown'}, {'duration': 30, 'departure_time': 5960, 'arrival_time': 5990, 'day': 'current_day', 'from_stop_id': '27-3', 'to_stop_id': '27-2', 'trip_id': 'walking', 'agency_name': 'Unknown'}, {'duration': 270, 'departure_time': 6150, 'arrival_time': 6420, 'day': 'current_day', 'from_stop_id': '27-2', 'to_stop_id': 'A-2', 'trip_id': '2-1-4', 'agency_name': 'Unknown'}, {'duration': 30, 'departure_time': 6420, 'arrival_time': 6450, 'day': 'current_day', 'from_stop_id': 'A-2', 'to_stop_id': 'A-0', 'trip_id': 'walking', 'agency_name': 'Unknown'}, {'duration': 1800, 'departure_time': 7500, 'arrival_time': 9300, 'day': 'current_day', 'from_stop_id': 'A-0', 'to_stop_id': 'B-0', 'trip_id': 'IE-5-0', 'agency_name': 'Unknown'}, {'duration': 30, 'departure_time': 9300, 'arrival_time': 9330, 'day': 'current_day', 'from_stop_id': 'B-0', 'to_stop_id': 'B-1', 'trip_id': 'walking', 'agency_name': 'Unknown'}, {'duration': 270, 'departure_time': 9720, 'arrival_time': 9990, 'day': 'current_day', 'from_stop_id': 'B-1', 'to_stop_id': '180-1', 'trip_id': '3-0-10', 'agency_name': 'Unknown'}, {'duration': 30, 'departure_time': 9990, 'arrival_time': 10020, 'day': 'current_day', 'from_stop_id': '180-1', 'to_stop_id': '180-3', 'trip_id': 'walking', 'agency_name': 'Unknown'}, {'duration': 290, 'departure_time': 10170, 'arrival_time': 10460, 'day': 'current_day', 'from_stop_id': '180-3', 'to_stop_id': '151-3', 'trip_id': '6-1-8', 'agency_name': 'Unknown'}]}",6681.0
86,221,7230,inter,left,54,[86],[210; 220],0,0,500,375,7230,7290.0,11580.0,11640.0,4290.0,6.0,86,220,,,pt,12015.0,4785.0,"{'duration': 4290, 'source_transfer_time': 0, 'waiting_time': 280, 'trip_time': 4010, 'num_transfers': 6, 'departure_time': 7290, 'departure_day': 'current_day', 'arrival_time': 11580, 'arrival_day': 'current_day', 'steps': [{'duration': 190, 'departure_time': 7570, 'arrival_time': 7760, 'day': 'current_day', 'from_stop_id': '86-3', 'to_stop_id': '88-3', 'trip_id': '5-1-5', 'agency_name': 'Unknown'}, {'duration': 30, 'departure_time': 7760, 'arrival_time': 7790, 'day': 'current_day', 'from_stop_id': '88-3', 'to_stop_id': '88-2', 'trip_id': 'walking', 'agency_name': 'Unknown'}, {'duration': 270, 'departure_time': 7950, 'arrival_time': 8220, 'day': 'current_day', 'from_stop_id': '88-2', 'to_stop_id': 'A-2', 'trip_id': '2-0-7', 'agency_name': 'Unknown'}, {'duration': 30, 'departure_time': 8220, 'arrival_time': 8250, 'day': 'current_day', 'from_stop_id': 'A-2', 'to_stop_id': 'A-0', 'trip_id': 'walking', 'agency_name': 'Unknown'}, {'duration': 1800, 'departure_time': 9000, 'arrival_time': 10800, 'day': 'current_day', 'from_stop_id': 'A-0', 'to_stop_id': 'B-0', 'trip_id': 'IE-6-0', 'agency_name': 'Unknown'}, {'duration': 30, 'departure_time': 10800, 'arrival_time': 10830, 'day': 'current_day', 'from_stop_id': 'B-0', 'to_stop_id': 'B-2', 'trip_id': 'walking', 'agency_name': 'Unknown'}, {'duration': 360, 'departure_time': 11220, 'arrival_time': 11580, 'day': 'current_day', 'from_stop_id': 'B-2', 'to_stop_id': '220-2', 'trip_id': '4-1-12', 'agency_name': 'Unknown'}]}",4785.0
43,140,13830,inter,left,55,[41; 61],[151],1000,751,500,375,14581,14641.0,19460.0,19520.0,4819.0,8.0,41,151,,,pt,19895.0,6065.0,"{'duration': 4819, 'source_transfer_time': 0, 'waiting_time': 129, 'trip_time': 4690, 'num_transfers': 8, 'departure_time': 14641, 'departure_day': 'current_day', 'arrival_time': 19460, 'arrival_day': 'current_day', 'steps': [{'duration': 190, 'departure_time': 14770, 'arrival_time': 14960, 'day': 'current_day', 'from_stop_id': '41-3', 'to_stop_id': '59-3', 'trip_id': '5-0-16', 'agency_name': 'Unknown'}, {'duration': 30, 'departure_time': 14960, 'arrival_time': 14990, 'day': 'current_day', 'from_stop_id': '59-3', 'to_stop_id': '59-1', 'trip_id': 'walking', 'agency_name': 'Unknown'}, {'duration': 270, 'departure_time': 15450, 'arrival_time': 15720, 'day': 'current_day', 'from_stop_id': '59-1', 'to_stop_id': 'A-1', 'trip_id': '1-1-20', 'agency_name': 'Unknown'}, {'duration': 30, 'departure_time': 15720, 'arrival_time': 15750, 'day': 'current_day', 'from_stop_id': 'A-1', 'to_stop_id': 'A-0', 'trip_id': 'walking', 'agency_name': 'Unknown'}, {'duration': 1800, 'departure_time': 16500, 'arrival_time': 18300, 'day': 'current_day', 'from_stop_id': 'A-0', 'to_stop_id': 'B-0', 'trip_id': 'IE-11-0', 'agency_name': 'Unknown'}, {'duration': 30, 'departure_time': 18300, 'arrival_time': 18330, 'day': 'current_day', 'from_stop_id': 'B-0', 'to_stop_id': 'B-1', 'trip_id': 'walking', 'agency_name': 'Unknown'}, {'duration': 270, 'departure_time': 18720, 'arrival_time': 18990, 'day': 'current_day', 'from_stop_id': 'B-1', 'to_stop_id': '180-1', 'trip_id': '3-0-25', 'agency_name': 'Unknown'}, {'duration': 30, 'departure_time': 18990, 'arrival_time': 19020, 'day': 'current_day', 'from_stop_id': '180-1', 'to_stop_id': '180-3', 'trip_id': 'walking', 'agency_name': 'Unknown'}, {'duration': 290, 'departure_time': 19170, 'arrival_time': 19460, 'day': 'current_day', 'from_stop_id': '180-3', 'to_stop_id': '151-3', 'trip_id': '6-1-23', 'agency_name': 'Unknown'}]}",6065.0
49,210,11490,inter,left,56,[116; 118],[210],500,375,0,0,11865,11925.0,16260.0,16320.0,4335.0,6.0,116,210,,,pt,16320.0,4830.0,"{'duration': 4335, 'source_transfer_time': 0, 'waiting_time': 405, 'trip_time': 3930, 'num_transfers': 6, 'departure_time': 11925, 'departure_day': 'current_day', 'arrival_time': 16260, 'arrival_day': 'current_day', 'steps': [{'duration': 90, 'departure_time': 12330, 'arrival_time': 12420, 'day': 'current_day', 'from_stop_id': '116-2', 'to_stop_id': 'A-2', 'trip_id': '2-1-14', 'agency_name': 'Unknown'}, {'duration': 30, 'departure_time': 12420, 'arrival_time': 12450, 'day': 'current_day', 'from_stop_id': 'A-2', 'to_stop_id': 'A-0', 'trip_id': 'walking', 'agency_name': 'Unknown'}, {'duration': 1800, 'departure_time': 13500, 'arrival_time': 15300, 'day': 'current_day', 'from_stop_id': 'A-0', 'to_stop_id': 'B-0', 'trip_id': 'IE-9-0', 'agency_name': 'Unknown'}, {'duration': 30, 'departure_time': 15300, 'arrival_time': 15330, 'day': 'current_day', 'from_stop_id': 'B-0', 'to_stop_id': 'B-2', 'trip_id': 'walking', 'agency_name': 'Unknown'}, {'duration': 270, 'departure_time': 15420, 'arrival_time': 15690, 'day': 'current_day', 'from_stop_id': 'B-2', 'to_stop_id': '209-2', 'trip_id': '4-1-19', 'agency_name': 'Unknown'}, {'duration': 30, 'departure_time': 15690, 'arrival_time': 15720, 'day': 'current_day', 'from_stop_id': '209-2', 'to_stop_id': '209-3', 'trip_id': 'walking', 'agency_name': 'Unknown'}, {'duration': 90, 'departure_time': 16170, 'arrival_time': 16260, 'day': 'current_day', 'from_stop_id': '209-3', 'to_stop_id': '210-3', 'trip_id': '6-1-19', 'agency_name': 'Unknown'}]}",4830.0
58,163,13470,inter,left,57,[58],[162],0,0,500,375,13470,13530.0,17560.0,17620.0,4030.0,6.0,58,162,,,pt,17995.0,4525.0,"{'duration': 4030, 'source_transfer_time': 0, 'waiting_time': 210, 'trip_time': 3820, 'num_transfers': 6, 'departure_time': 13530, 'departure_day': 'current_day', 'arrival_time': 17560, 'arrival_day': 'current_day', 'steps': [{'duration': 180, 'departure_time': 13740, 'arrival_time': 13920, 'day': 'current_day', 'from_stop_id': '58-1', 'to_stop_id': 'A-1', 'trip_id': '1-1-17', 'agency_name': 'Unknown'}, {'duration': 30, 'departure_time': 13920, 'arrival_time': 13950, 'day': 'current_day', 'from_stop_id': 'A-1', 'to_stop_id': 'A-0', 'trip_id': 'walking', 'agency_name': 'Unknown'}, {'duration': 1800, 'departure_time': 15000, 'arrival_time': 16800, 'day': 'current_day', 'from_stop_id': 'A-0', 'to_stop_id': 'B-0', 'trip_id': 'IE-10-0', 'agency_name': 'Unknown'}, {'duration': 30, 'departure_time': 16800, 'arrival_time': 16830, 'day': 'current_day', 'from_stop_id': 'B-0', 'to_stop_id': 'B-1', 'trip_id': 'walking', 'agency_name': 'Unknown'}, {'duration': 270, 'departure_time': 16920, 'arrival_time': 17190, 'day': 'current_day', 'from_stop_id': 'B-1', 'to_stop_id': '180-1', 'trip_id': '3-0-22', 'agency_name': 'Unknown'}, {'duration': 30, 'departure_time': 17190, 'arrival_time': 17220, 'day': 'current_day', 'from_stop_id': '180-1', 'to_stop_id': '180-3', 'trip_id': 'walking', 'agency_name': 'Unknown'}, {'duration': 190, 'departure_time': 17370, 'arrival_time': 17560, 'day': 'current_day', 'from_stop_id': '180-3', 'to_stop_id': '162-3', 'trip_id': '6-1-20', 'agency_name': 'Unknown'}]}",4525.0
68,203,11580,inter,left,58,[58; 69],[182; 201],500,375,1000,751,11955,12015.0,16170.0,16230.0,4155.0,4.0,58,182,,,pt,16981.0,5401.0,"{'duration': 4155, 'source_transfer_time': 0, 'waiting_time': 525, 'trip_time': 3630, 'num_transfers': 4, 'departure_time': 12015, 'departure_day': 'current_day', 'arrival_time': 16170, 'arrival_day': 'current_day', 'steps': [{'duration': 180, 'departure_time': 12540, 'arrival_time': 12720, 'day': 'current_day', 'from_stop_id': '58-1', 'to_stop_id': 'A-1', 'trip_id': '1-1-15', 'agency_name': 'Unknown'}, {'duration': 30, 'departure_time': 12720, 'arrival_time': 12750, 'day': 'current_day', 'from_stop_id': 'A-1', 'to_stop_id': 'A-0', 'trip_id': 'walking', 'agency_name': 'Unknown'}, {'duration': 1800, 'departure_time': 13500, 'arrival_time': 15300, 'day': 'current_day', 'from_stop_id': 'A-0', 'to_stop_id': 'B-0', 'trip_id': 'IE-9-0', 'agency_name': 'Unknown'}, {'duration': 30, 'departure_time': 15300, 'arrival_time': 15330, 'day': 'current_day', 'from_stop_id': 'B-0', 'to_stop_id': 'B-1', 'trip_id': 'walking', 'agency_name': 'Unknown'}, {'duration': 450, 'departure_time': 15720, 'arrival_time': 16170, 'day': 'current_day', 'from_stop_id': 'B-1', 'to_stop_id': '182-1', 'trip_id': '3-0-20', 'agency_name': 'Unknown'}]}",5401.0
67,218,12150,inter,left,59,[118; 119],[207],500,375,500,375,12525,12585.0,16360.0,16420.0,3775.0,6.0,118,207,,,pt,16795.0,4645.0,"{'duration': 3775, 'source_transfer_time': 0, 'waiting_time': 45, 'trip_time': 3730, 'num_transfers': 6, 'departure_time': 12585, 'departure_day': 'current_day', 'arrival_time': 16360, 'arrival_day': 'current_day', 'steps': [{'duration': 90, 'departure_time': 12630, 'arrival_time': 12720, 'day': 'current_day', 'from_stop_id': '118-1', 'to_stop_id': 'A-1', 'trip_id': '1-1-15', 'agency_name': 'Unknown'}, {'duration': 30, 'departure_time': 12720, 'arrival_time': 12750, 'day': 'current_day', 'from_stop_id': 'A-1', 'to_stop_id': 'A-0', 'trip_id': 'walking', 'agency_name': 'Unknown'}, {'duration': 1800, 'departure_time': 13500, 'arrival_time': 15300, 'day': 'current_day', 'from_stop_id': 'A-0', 'to_stop_id': 'B-0', 'trip_id': 'IE-9-0', 'agency_name': 'Unknown'}, {'duration': 30, 'departure_time': 15300, 'arrival_time': 15330, 'day': 'current_day', 'from_stop_id': 'B-0', 'to_stop_id': 'B-2', 'trip_id': 'walking', 'agency_name': 'Unknown'}, {'duration': 270, 'departure_time': 15420, 'arrival_time': 15690, 'day': 'current_day', 'from_stop_id': 'B-2', 'to_stop_id': '209-2', 'trip_id': '4-1-19', 'agency_name': 'Unknown'}, {'duration': 30, 'departure_time': 15690, 'arrival_time': 15720, 'day': 'current_day', 'from_stop_id': '209-2', 'to_stop_id': '209-3', 'trip_id': 'walking', 'agency_name': 'Unknown'}, {'duration': 190, 'departure_time': 16170, 'arrival_time': 16360, 'day': 'current_day', 'from_stop_id': '209-3', 'to_stop_id': '207-3', 'trip_id': '6-0-17', 'agency_name': 'Unknown'}]}",4645.0
58,155,7860,inter,left,60,[58],[156],0,0,500,375,7860,7920.0,11560.0,11620.0,3640.0,6.0,58,156,,,pt,11995.0,4135.0,"{'duration': 3640, 'source_transfer_time': 0, 'waiting_time': 420, 'trip_time': 3220, 'num_transfers': 6, 'departure_time': 7920, 'departure_day': 'current_day', 'arrival_time': 11560, 'arrival_day': 'current_day', 'steps': [{'duration': 180, 'departure_time': 8340, 'arrival_time': 8520, 'day': 'current_day', 'from_stop_id': '58-1', 'to_stop_id': 'A-1', 'trip_id': '1-1-8', 'agency_name': 'Unknown'}, {'duration': 30, 'departure_time': 8520, 'arrival_time': 8550, 'day': 'current_day', 'from_stop_id': 'A-1', 'to_stop_id': 'A-0', 'trip_id': 'walking', 'agency_name': 'Unknown'}, {'duration': 1800, 'departure_time': 9000, 'arrival_time': 10800, 'day': 'current_day', 'from_stop_id': 'A-0', 'to_stop_id': 'B-0', 'trip_id': 'IE-6-0', 'agency_name': 'Unknown'}, {'duration': 30, 'departure_time': 10800, 'arrival_time': 10830, 'day': 'current_day', 'from_stop_id': 'B-0', 'to_stop_id': 'B-1', 'trip_id': 'walking', 'agency_name': 'Unknown'}, {'duration': 270, 'departure_time': 10920, 'arrival_time': 11190, 'day': 'current_day', 'from_stop_id': 'B-1', 'to_stop_id': '177-1', 'trip_id': '3-1-12', 'agency_name': 'Unknown'}, {'duration': 30, 'departure_time': 11190, 'arrival_time': 11220, 'day': 'current_day', 'from_stop_id': '177-1', 'to_stop_id': '177-3', 'trip_id': 'walking', 'agency_name': 'Unknown'}, {'duration': 190, 'departure_time': 11370, 'arrival_time': 11560, 'day': 'current_day', 'from_stop_id': '177-3', 'to_stop_id': '156-3', 'trip_id': '6-0-12', 'agency_name': 'Unknown'}]}",4135.0
11,191,13650,inter,left,61,[24],[181; 190],1500,1127,500,375,14777,14837.0,19080.0,19140.0,4243.0,6.0,24,181,,,pt,19515.0,5865.0,"{'duration': 4243, 'source_transfer_time': 0, 'waiting_time': 433, 'trip_time': 3810, 'num_transfers': 6, 'departure_time': 14837, 'departure_day': 'current_day', 'arrival_time': 19080, 'arrival_day': 'current_day', 'steps': [{'duration': 290, 'departure_time': 15270, 'arrival_time': 15560, 'day': 'current_day', 'from_stop_id': '24-3', 'to_stop_id': '27-3', 'trip_id': '5-0-18', 'agency_name': 'Unknown'}, {'duration': 30, 'departure_time': 15560, 'arrival_time': 15590, 'day': 'current_day', 'from_stop_id': '27-3', 'to_stop_id': '27-2', 'trip_id': 'walking', 'agency_name': 'Unknown'}, {'duration': 270, 'departure_time': 15750, 'arrival_time': 16020, 'day': 'current_day', 'from_stop_id': '27-2', 'to_stop_id': 'A-2', 'trip_id': '2-1-20', 'agency_name': 'Unknown'}, {'duration': 30, 'departure_time': 16020, 'arrival_time': 16050, 'day': 'current_day', 'from_stop_id': 'A-2', 'to_stop_id': 'A-0', 'trip_id': 'walking', 'agency_name': 'Unknown'}, {'duration': 1800, 'departure_time': 16500, 'arrival_time': 18300, 'day': 'current_day', 'from_stop_id': 'A-0', 'to_stop_id': 'B-0', 'trip_id': 'IE-11-0', 'agency_name': 'Unknown'}, {'duration': 30, 'departure_time': 18300, 'arrival_time': 18330, 'day': 'current_day', 'from_stop_id': 'B-0', 'to_stop_id': 'B-1', 'trip_id': 'walking', 'agency_name': 'Unknown'}, {'duration': 360, 'departure_time': 18720, 'arrival_time': 19080, 'day': 'current_day', 'from_stop_id': 'B-1', 'to_stop_id': '181-1', 'trip_id': '3-0-25', 'agency_name': 'Unknown'}]}",5865.0
29,218,10380,inter,left,62,[29],[207],0,0,500,375,10380,10440.0,14760.0,14820.0,4320.0,8.0,29,207,,,pt,15195.0,4815.0,"{'duration': 4320, 'source_transfer_time': 0, 'waiting_time': 130, 'trip_time': 4190, 'num_transfers': 8, 'departure_time': 10440, 'departure_day': 'current_day', 'arrival_time': 14760, 'arrival_day': 'current_day', 'steps': [{'duration': 190, 'departure_time': 10570, 'arrival_time': 10760, 'day': 'current_day', 'from_stop_id': '29-3', 'to_stop_id': '27-3', 'trip_id': '5-1-8', 'agency_name': 'Unknown'}, {'duration': 30, 'departure_time': 10760, 'arrival_time': 10790, 'day': 'current_day', 'from_stop_id': '27-3', 'to_stop_id': '27-2', 'trip_id': 'walking', 'agency_name': 'Unknown'}, {'duration': 270, 'departure_time': 10950, 'arrival_time': 11220, 'day': 'current_day', 'from_stop_id': '27-2', 'to_stop_id': 'A-2', 'trip_id': '2-1-12', 'agency_name': 'Unknown'}, {'duration': 30, 'departure_time': 11220, 'arrival_time': 11250, 'day': 'current_day', 'from_stop_id': 'A-2', 'to_stop_id': 'A-0', 'trip_id': 'walking', 'agency_name': 'Unknown'}, {'duration': 1800, 'departure_time': 12000, 'arrival_time': 13800, 'day': 'current_day', 'from_stop_id': 'A-0', 'to_stop_id': 'B-0', 'trip_id': 'IE-8-0', 'agency_name': 'Unknown'}, {'duration': 30, 'departure_time': 13800, 'arrival_time': 13830, 'day': 'current_day', 'from_stop_id': 'B-0', 'to_stop_id': 'B-1', 'trip_id': 'walking', 'agency_name': 'Unknown'}, {'duration': 270, 'departure_time': 13920, 'arrival_time': 14190, 'day': 'current_day', 'from_stop_id': 'B-1', 'to_stop_id': '177-1', 'trip_id': '3-1-17', 'agency_name': 'Unknown'}, {'duration': 30, 'departure_time': 14190, 'arrival_time': 14220, 'day': 'current_day', 'from_stop_id': '177-1', 'to_stop_id': '177-3', 'trip_id': 'walking', 'agency_name': 'Unknown'}, {'duration': 390, 'departure_time': 14370, 'arrival_time': 14760, 'day': 'current_day', 'from_stop_id': '177-3', 'to_stop_id': '207-3', 'trip_id': '6-1-17', 'agency_name': 'Unknown'}]}",4815.0
52,146,7350,inter,left,63,[51; 60],[146],500,375,0,0,7725,7785.0,11760.0,11820.0,3975.0,8.0,51,146,,,pt,11820.0,4470.0,"{'duration': 3975, 'source_transfer_time': 0, 'waiting_time': 85, 'trip_time': 3890, 'num_transfers': 8, 'departure_time': 7785, 'departure_day': 'current_day', 'arrival_time': 11760, 'arrival_day': 'current_day', 'steps': [{'duration': 490, 'departure_time': 7870, 'arrival_time': 8360, 'day': 'current_day', 'from_stop_id': '51-3', 'to_stop_id': '27-3', 'trip_id': '5-1-4', 'agency_name': 'Unknown'}, {'duration': 30, 'departure_time': 8360, 'arrival_time': 8390, 'day': 'current_day', 'from_stop_id': '27-3', 'to_stop_id': '27-2', 'trip_id': 'walking', 'agency_name': 'Unknown'}, {'duration': 270, 'departure_time': 8550, 'arrival_time': 8820, 'day': 'current_day', 'from_stop_id': '27-2', 'to_stop_id': 'A-2', 'trip_id': '2-1-8', 'agency_name': 'Unknown'}, {'duration': 30, 'departure_time': 8820, 'arrival_time': 8850, 'day': 'current_day', 'from_stop_id': 'A-2', 'to_stop_id': 'A-0', 'trip_id': 'walking', 'agency_name': 'Unknown'}, {'duration': 1800, 'departure_time': 9000, 'arrival_time': 10800, 'day': 'current_day', 'from_stop_id': 'A-0', 'to_stop_id': 'B-0', 'trip_id': 'IE-6-0', 'agency_name': 'Unknown'}, {'duration': 30, 'departure_time': 10800, 'arrival_time': 10830, 'day': 'current_day', 'from_stop_id': 'B-0', 'to_stop_id': 'B-1', 'trip_id': 'walking', 'agency_name': 'Unknown'}, {'duration': 270, 'departure_time': 10920, 'arrival_time': 11190, 'day': 'current_day', 'from_stop_id': 'B-1', 'to_stop_id': '177-1', 'trip_id': '3-1-12', 'agency_name': 'Unknown'}, {'duration': 30, 'departure_time': 11190, 'arrival_time': 11220, 'day': 'current_day', 'from_stop_id': '177-1', 'to_stop_id': '177-3', 'trip_id': 'walking', 'agency_name': 'Unknown'}, {'duration': 390, 'departure_time': 11370, 'arrival_time': 11760, 'day': 'current_day', 'from_stop_id': '177-3', 'to_stop_id': '146-3', 'trip_id': '6-0-12', 'agency_name': 'Unknown'}]}",4470.0
70,232,6810,inter,left,64,[60; 69],[231],500,375,500,375,7185,7245.0,11670.0,11730.0,4425.0,4.0,60,231,,,pt,12105.0,5295.0,"{'duration': 4425, 'source_transfer_time': 0, 'waiting_time': 315, 'trip_time': 4110, 'num_transfers': 4, 'departure_time': 7245, 'departure_day': 'current_day', 'arrival_time': 11670, 'arrival_day': 'current_day', 'steps': [{'duration': 360, 'departure_time': 7560, 'arrival_time': 7920, 'day': 'current_day', 'from_stop_id': '60-1', 'to_stop_id': 'A-1', 'trip_id': '1-1-7', 'agency_name': 'Unknown'}, {'duration': 30, 'departure_time': 7920, 'arrival_time': 7950, 'day': 'current_day', 'from_stop_id': 'A-1', 'to_stop_id': 'A-0', 'trip_id': 'walking', 'agency_name': 'Unknown'}, {'duration': 1800, 'departure_time': 9000, 'arrival_time': 10800, 'day': 'current_day', 'from_stop_id': 'A-0', 'to_stop_id': 'B-0', 'trip_id': 'IE-6-0', 'agency_name': 'Unknown'}, {'duration': 30, 'departure_time': 10800, 'arrival_time': 10830, 'day': 'current_day', 'from_stop_id': 'B-0', 'to_stop_id': 'B-2', 'trip_id': 'walking', 'agency_name': 'Unknown'}, {'duration': 450, 'departure_time': 11220, 'arrival_time': 11670, 'day': 'current_day', 'from_stop_id': 'B-2', 'to_stop_id': '231-2', 'trip_id': '4-1-12', 'agency_name': 'Unknown'}]}",5295.0
55,227,4440,inter,left,65,[55],[206],0,0,1500,1127,4440,4500.0,8660.0,8720.0,4160.0,6.0,55,206,,,pt,9847.0,5407.0,"{'duration': 4160, 'source_transfer_time': 0, 'waiting_time': 60, 'trip_time': 4100, 'num_transfers': 6, 'departure_time': 4500, 'departure_day': 'current_day', 'arrival_time': 8660, 'arrival_day': 'current_day', 'steps': [{'duration': 360, 'departure_time': 4560, 'arrival_time': 4920, 'day': 'current_day', 'from_stop_id': '55-1', 'to_stop_id': 'A-1', 'trip_id': '1-0-2', 'agency_name': 'Unknown'}, {'duration': 30, 'departure_time': 4920, 'arrival_time': 4950, 'day': 'current_day', 'from_stop_id': 'A-1', 'to_stop_id': 'A-0', 'trip_id': 'walking', 'agency_name': 'Unknown'}, {'duration': 1800, 'departure_time': 6000, 'arrival_time': 7800, 'day': 'current_day', 'from_stop_id': 'A-0', 'to_stop_id': 'B-0', 'trip_id': 'IE-4-0', 'agency_name': 'Unknown'}, {'duration': 30, 'departure_time': 7800, 'arrival_time': 7830, 'day': 'current_day', 'from_stop_id': 'B-0', 'to_stop_id': 'B-1', 'trip_id': 'walking', 'agency_name': 'Unknown'}, {'duration': 270, 'departure_time': 7920, 'arrival_time': 8190, 'day': 'current_day', 'from_stop_id': 'B-1', 'to_stop_id': '177-1', 'trip_id': '3-1-7', 'agency_name': 'Unknown'}, {'duration': 30, 'departure_time': 8190, 'arrival_time': 8220, 'day': 'current_day', 'from_stop_id': '177-1', 'to_stop_id': '177-3', 'trip_id': 'walking', 'agency_name': 'Unknown'}, {'duration': 290, 'departure_time': 8370, 'arrival_time': 8660, 'day': 'current_day', 'from_stop_id': '177-3', 'to_stop_id': '206-3', 'trip_id': '6-1-7', 'agency_name': 'Unknown'}]}",5407.0
85,154,4650,inter,left,66,[85],[156; 175],0,0,1000,751,4650,4710.0,8370.0,8430.0,3660.0,6.0,85,175,,,pt,9181.0,4531.0,"{'duration': 3660, 'source_transfer_time': 0, 'waiting_time': 360, 'trip_time': 3300, 'num_transfers': 6, 'departure_time': 4710, 'departure_day': 'current_day', 'arrival_time': 8370, 'arrival_day': 'current_day', 'steps': [{'duration': 290, 'departure_time': 5070, 'arrival_time': 5360, 'day': 'current_day', 'from_stop_id': '85-3', 'to_stop_id': '88-3', 'trip_id': '5-1-1', 'agency_name': 'Unknown'}, {'duration': 30, 'departure_time': 5360, 'arrival_time': 5390, 'day': 'current_day', 'from_stop_id': '88-3', 'to_stop_id': '88-2', 'trip_id': 'walking', 'agency_name': 'Unknown'}, {'duration': 270, 'departure_time': 5550, 'arrival_time': 5820, 'day': 'current_day', 'from_stop_id': '88-2', 'to_stop_id': 'A-2', 'trip_id': '2-0-3', 'agency_name': 'Unknown'}, {'duration': 30, 'departure_time': 5820, 'arrival_time': 5850, 'day': 'current_day', 'from_stop_id': 'A-2', 'to_stop_id': 'A-0', 'trip_id': 'walking', 'agency_name': 'Unknown'}, {'duration': 1800, 'departure_time': 6000, 'arrival_time': 7800, 'day': 'current_day', 'from_stop_id': 'A-0', 'to_stop_id': 'B-0', 'trip_id': 'IE-4-0', 'agency_name': 'Unknown'}, {'duration': 30, 'departure_time': 7800, 'arrival_time': 7830, 'day': 'current_day', 'from_stop_id': 'B-0', 'to_stop_id': 'B-1', 'trip_id': 'walking', 'agency_name': 'Unknown'}, {'duration': 450, 'departure_time': 7920, 'arrival_time': 8370, 'day': 'current_day', 'from_stop_id': 'B-1', 'to_stop_id': '175-1', 'trip_id': '3-1-7', 'agency_name': 'Unknown'}]}",4531.0
86,131,7350,inter,left,67,[86],[151],0,0,2000,1503,7350,7410.0,11660.0,11720.0,4250.0,8.0,86,151,,,pt,13223.0,5873.0,"{'duration': 4250, 'source_transfer_time': 0, 'waiting_time': 160, 'trip_time': 4090, 'num_transfers': 8, 'departure_time': 7410, 'departure_day': 'current_day', 'arrival_time': 11660, 'arrival_day': 'current_day', 'steps': [{'duration': 190, 'departure_time': 7570, 'arrival_time': 7760, 'day': 'current_day', 'from_stop_id': '86-3', 'to_stop_id': '88-3', 'trip_id': '5-1-5', 'agency_name': 'Unknown'}, {'duration': 30, 'departure_time': 7760, 'arrival_time': 7790, 'day': 'current_day', 'from_stop_id': '88-3', 'to_stop_id': '88-2', 'trip_id': 'walking', 'agency_name': 'Unknown'}, {'duration': 270, 'departure_time': 7950, 'arrival_time': 8220, 'day': 'current_day', 'from_stop_id': '88-2', 'to_stop_id': 'A-2', 'trip_id': '2-0-7', 'agency_name': 'Unknown'}, {'duration': 30, 'departure_time': 8220, 'arrival_time': 8250, 'day': 'current_day', 'from_stop_id': 'A-2', 'to_stop_id': 'A-0', 'trip_id': 'walking', 'agency_name': 'Unknown'}, {'duration': 1800, 'departure_time': 9000, 'arrival_time': 10800, 'day': 'current_day', 'from_stop_id': 'A-0', 'to_stop_id': 'B-0', 'trip_id': 'IE-6-0', 'agency_name': 'Unknown'}, {'duration': 30, 'departure_time': 10800, 'arrival_time': 10830, 'day': 'current_day', 'from_stop_id': 'B-0', 'to_stop_id': 'B-1', 'trip_id': 'walking', 'agency_name': 'Unknown'}, {'duration': 270, 'departure_time': 10920, 'arrival_time': 11190, 'day': 'current_day', 'from_stop_id': 'B-1', 'to_stop_id': '180-1', 'trip_id': '3-0-12', 'agency_name': 'Unknown'}, {'duration': 30, 'departure_time': 11190, 'arrival_time': 11220, 'day': 'current_day', 'from_stop_id': '180-1', 'to_stop_id': '180-3', 'trip_id': 'walking', 'agency_name': 'Unknown'}, {'duration': 290, 'departure_time': 11370, 'arrival_time': 11660, 'day': 'current_day', 'from_stop_id': '180-3', 'to_stop_id': '151-3', 'trip_id': '6-1-10', 'agency_name': 'Unknown'}]}",5873.0
21,123,8220,inter,left,68,[30],[145],1500,1127,1000,751,9347,9407.0,14660.0,14720.0,5253.0,8.0,30,145,,,pt,15471.0,7251.0,"{'duration': 5253, 'source_transfer_time': 0, 'waiting_time': 463, 'trip_time': 4790, 'num_transfers': 8, 'departure_time': 9407, 'departure_day': 'current_day', 'arrival_time': 14660, 'arrival_day': 'current_day', 'steps': [{'duration': 290, 'departure_time': 9870, 'arrival_time': 10160, 'day': 'current_day', 'from_stop_id': '30-3', 'to_stop_id': '27-3', 'trip_id': '5-1-7', 'agency_name': 'Unknown'}, {'duration': 30, 'departure_time': 10160, 'arrival_time': 10190, 'day': 'current_day', 'from_stop_id': '27-3', 'to_stop_id': '27-2', 'trip_id': 'walking', 'agency_name': 'Unknown'}, {'duration': 270, 'departure_time': 10350, 'arrival_time': 10620, 'day': 'current_day', 'from_stop_id': '27-2', 'to_stop_id': 'A-2', 'trip_id': '2-1-11', 'agency_name': 'Unknown'}, {'duration': 30, 'departure_time': 10620, 'arrival_time': 10650, 'day': 'current_day', 'from_stop_id': 'A-2', 'to_stop_id': 'A-0', 'trip_id': 'walking', 'agency_name': 'Unknown'}, {'duration': 1800, 'departure_time': 12000, 'arrival_time': 13800, 'day': 'current_day', 'from_stop_id': 'A-0', 'to_stop_id': 'B-0', 'trip_id': 'IE-8-0', 'agency_name': 'Unknown'}, {'duration': 30, 'departure_time': 13800, 'arrival_time': 13830, 'day': 'current_day', 'from_stop_id': 'B-0', 'to_stop_id': 'B-1', 'trip_id': 'walking', 'agency_name': 'Unknown'}, {'duration': 270, 'departure_time': 13920, 'arrival_time': 14190, 'day': 'current_day', 'from_stop_id': 'B-1', 'to_stop_id': '177-1', 'trip_id': '3-1-17', 'agency_name': 'Unknown'}, {'duration': 30, 'departure_time': 14190, 'arrival_time': 14220, 'day': 'current_day', 'from_stop_id': '177-1', 'to_stop_id': '177-3', 'trip_id': 'walking', 'agency_name': 'Unknown'}, {'duration': 290, 'departure_time': 14370, 'arrival_time': 14660, 'day': 'current_day', 'from_stop_id': '177-3', 'to_stop_id': '145-3', 'trip_id': '6-0-17', 'agency_name': 'Unknown'}]}",7251.0
25,184,6150,inter,left,69,[25],[176; 185],0,0,500,375,6150,6210.0,10080.0,10140.0,3870.0,6.0,25,176,,,pt,10515.0,4365.0,"{'duration': 3870, 'source_transfer_time': 0, 'waiting_time': 160, 'trip_time': 3710, 'num_transfers': 6, 'departure_time': 6210, 'departure_day': 'current_day', 'arrival_time': 10080, 'arrival_day': 'current_day', 'steps': [{'duration': 190, 'departure_time': 6370, 'arrival_time': 6560, 'day': 'current_day', 'from_stop_id': '25-3', 'to_stop_id': '27-3', 'trip_id': '5-0-3', 'agency_name': 'Unknown'}, {'duration': 30, 'departure_time': 6560, 'arrival_time': 6590, 'day': 'current_day', 'from_stop_id': '27-3', 'to_stop_id': '27-2', 'trip_id': 'walking', 'agency_name': 'Unknown'}, {'duration': 270, 'departure_time': 6750, 'arrival_time': 7020, 'day': 'current_day', 'from_stop_id': '27-2', 'to_stop_id': 'A-2', 'trip_id': '2-1-5', 'agency_name': 'Unknown'}, {'duration': 30, 'departure_time': 7020, 'arrival_time': 7050, 'day': 'current_day', 'from_stop_id': 'A-2', 'to_stop_id': 'A-0', 'trip_id': 'walking', 'agency_name': 'Unknown'}, {'duration': 1800, 'departure_time': 7500, 'arrival_time': 9300, 'day': 'current_day', 'from_stop_id': 'A-0', 'to_stop_id': 'B-0', 'trip_id': 'IE-5-0', 'agency_name': 'Unknown'}, {'duration': 30, 'departure_time': 9300, 'arrival_time': 9330, 'day': 'current_day', 'from_stop_id': 'B-0', 'to_stop_id': 'B-1', 'trip_id': 'walking', 'agency_name': 'Unknown'}, {'duration': 360, 'departure_time': 9720, 'arrival_time': 10080, 'day': 'current_day', 'from_stop_id': 'B-1', 'to_stop_id': '176-1', 'trip_id': '3-1-10', 'agency_name': 'Unknown'}]}",4365.0
30,213,6060,inter,left,70,[30],[212],0,0,500,375,6060,6120.0,10460.0,10520.0,4340.0,8.0,30,212,,,pt,10895.0,4835.0,"{'duration': 4340, 'source_transfer_time': 0, 'waiting_time': 150, 'trip_time': 4190, 'num_transfers': 8, 'departure_time': 6120, 'departure_day': 'current_day', 'arrival_time': 10460, 'arrival_day': 'current_day', 'steps': [{'duration': 290, 'departure_time': 6270, 'arrival_time': 6560, 'day': 'current_day', 'from_stop_id': '30-3', 'to_stop_id': '27-3', 'trip_id': '5-1-1', 'agency_name': 'Unknown'}, {'duration': 30, 'departure_time': 6560, 'arrival_time': 6590, 'day': 'current_day', 'from_stop_id': '27-3', 'to_stop_id': '27-2', 'trip_id': 'walking', 'agency_name': 'Unknown'}, {'duration': 270, 'departure_time': 6750, 'arrival_time': 7020, 'day': 'current_day', 'from_stop_id': '27-2', 'to_stop_id': 'A-2', 'trip_id': '2-1-5', 'agency_name': 'Unknown'}, {'duration': 30, 'departure_time': 7020, 'arrival_time': 7050, 'day': 'current_day', 'from_stop_id': 'A-2', 'to_stop_id': 'A-0', 'trip_id': 'walking', 'agency_name': 'Unknown'}, {'duration': 1800, 'departure_time': 7500, 'arrival_time': 9300, 'day': 'current_day', 'from_stop_id': 'A-0', 'to_stop_id': 'B-0', 'trip_id': 'IE-5-0', 'agency_name': 'Unknown'}, {'duration': 30, 'departure_time': 9300, 'arrival_time': 9330, 'day': 'current_day', 'from_stop_id': 'B-0', 'to_stop_id': 'B-2', 'trip_id': 'walking', 'agency_name': 'Unknown'}, {'duration': 270, 'departure_time': 9420, 'arrival_time': 9690, 'day': 'current_day', 'from_stop_id': 'B-2', 'to_stop_id': '209-2', 'trip_id': '4-1-9', 'agency_name': 'Unknown'}, {'duration': 30, 'departure_time': 9690, 'arrival_time': 9720, 'day': 'current_day', 'from_stop_id': '209-2', 'to_stop_id': '209-3', 'trip_id': 'walking', 'agency_name': 'Unknown'}, {'duration': 290, 'departure_time': 10170, 'arrival_time': 10460, 'day': 'current_day', 'from_stop_id': '209-3', 'to_stop_id': '212-3', 'trip_id': '6-1-9', 'agency_name': 'Unknown'}]}",4835.0
40,214,12780,inter,left,71,[29; 41],[212],500,375,1000,751,13155,13215.0,17660.0,17720.0,4445.0,8.0,29,212,,,pt,18471.0,5691.0,"{'duration': 4445, 'source_transfer_time': 0, 'waiting_time': 355, 'trip_time': 4090, 'num_transfers': 8, 'departure_time': 13215, 'departure_day': 'current_day', 'arrival_time': 17660, 'arrival_day': 'current_day', 'steps': [{'duration': 190, 'departure_time': 13570, 'arrival_time': 13760, 'day': 'current_day', 'from_stop_id': '29-3', 'to_stop_id': '27-3', 'trip_id': '5-1-13', 'agency_name': 'Unknown'}, {'duration': 30, 'departure_time': 13760, 'arrival_time': 13790, 'day': 'current_day', 'from_stop_id': '27-3', 'to_stop_id': '27-2', 'trip_id': 'walking', 'agency_name': 'Unknown'}, {'duration': 270, 'departure_time': 13950, 'arrival_time': 14220, 'day': 'current_day', 'from_stop_id': '27-2', 'to_stop_id': 'A-2', 'trip_id': '2-1-17', 'agency_name': 'Unknown'}, {'duration': 30, 'departure_time': 14220, 'arrival_time': 14250, 'day': 'current_day', 'from_stop_id': 'A-2', 'to_stop_id': 'A-0', 'trip_id': 'walking', 'agency_name': 'Unknown'}, {'duration': 1800, 'departure_time': 15000, 'arrival_time': 16800, 'day': 'current_day', 'from_stop_id': 'A-0', 'to_stop_id': 'B-0', 'trip_id': 'IE-10-0', 'agency_name': 'Unknown'}, {'duration': 30, 'departure_time': 16800, 'arrival_time': 16830, 'day': 'current_day', 'from_stop_id': 'B-0', 'to_stop_id': 'B-1', 'trip_id': 'walking', 'agency_name': 'Unknown'}, {'duration': 270, 'departure_time': 16920, 'arrival_time': 17190, 'day': 'current_day', 'from_stop_id': 'B-1', 'to_stop_id': '180-1', 'trip_id': '3-0-22', 'agency_name': 'Unknown'}, {'duration': 30, 'departure_time': 17190, 'arrival_time': 17220, 'day': 'current_day', 'from_stop_id': '180-1', 'to_stop_id': '180-3', 'trip_id': 'walking', 'agency_name': 'Unknown'}, {'duration': 290, 'departure_time': 17370, 'arrival_time': 17660, 'day': 'current_day', 'from_stop_id': '180-3', 'to_stop_id': '212-3', 'trip_id': '6-0-20', 'agency_name': 'Unknown'}]}",5691.0
40,170,13200,inter,left,72,[29; 41],[237; 239],500,375,500,375,13575,13635.0,17010.0,17070.0,3375.0,6.0,29,239,,,pt,17445.0,4245.0,"{'duration': 3375, 'source_transfer_time': 0, 'waiting_time': 535, 'trip_time': 2840, 'num_transfers': 6, 'departure_time': 13635, 'departure_day': 'current_day', 'arrival_time': 17010, 'arrival_day': 'current_day', 'steps': [{'duration': 190, 'departure_time': 14170, 'arrival_time': 14360, 'day': 'current_day', 'from_stop_id': '29-3', 'to_stop_id': '27-3', 'trip_id': '5-1-14', 'agency_name': 'Unknown'}, {'duration': 30, 'departure_time': 14360, 'arrival_time': 14390, 'day': 'current_day', 'from_stop_id': '27-3', 'to_stop_id': '27-2', 'trip_id': 'walking', 'agency_name': 'Unknown'}, {'duration': 270, 'departure_time': 14550, 'arrival_time': 14820, 'day': 'current_day', 'from_stop_id': '27-2', 'to_stop_id': 'A-2', 'trip_id': '2-1-18', 'agency_name': 'Unknown'}, {'duration': 30, 'departure_time': 14820, 'arrival_time': 14850, 'day': 'current_day', 'from_stop_id': 'A-2', 'to_stop_id': 'A-0', 'trip_id': 'walking', 'agency_name': 'Unknown'}, {'duration': 1800, 'departure_time': 15000, 'arrival_time': 16800, 'day': 'current_day', 'from_stop_id': 'A-0', 'to_stop_id': 'B-0', 'trip_id': 'IE-10-0', 'agency_name': 'Unknown'}, {'duration': 30, 'departure_time': 16800, 'arrival_time': 16830, 'day': 'current_day', 'from_stop_id': 'B-0', 'to_stop_id': 'B-1', 'trip_id': 'walking', 'agency_name': 'Unknown'}, {'duration': 90, 'departure_time': 16920, 'arrival_time': 17010, 'day': 'current_day', 'from_stop_id': 'B-1', 'to_stop_id': '239-1', 'trip_id': '3-0-22', 'agency_name': 'Unknown'}]}",4245.0
55,197,9660,inter,left,73,[55],[198; 208],0,0,500,375,9660,9720.0,12600.0,12660.0,2880.0,4.0,55,198,,,pt,13035.0,3375.0,"{'duration': 2880, 'source_transfer_time': 0, 'waiting_time': 240, 'trip_time': 2640, 'num_transfers': 4, 'departure_time': 9720, 'departure_day': 'current_day', 'arrival_time': 12600, 'arrival_day': 'current_day', 'steps': [{'duration': 360, 'departure_time': 9960, 'arrival_time': 10320, 'day': 'current_day', 'from_stop_id': '55-1', 'to_stop_id': 'A-1', 'trip_id': '1-0-11', 'agency_name': 'Unknown'}, {'duration': 30, 'departure_time': 10320, 'arrival_time': 10350, 'day': 'current_day', 'from_stop_id': 'A-1', 'to_stop_id': 'A-0', 'trip_id': 'walking', 'agency_name': 'Unknown'}, {'duration': 1800, 'departure_time': 10500, 'arrival_time': 12300, 'day': 'current_day', 'from_stop_id': 'A-0', 'to_stop_id': 'B-0', 'trip_id': 'IE-7-0', 'agency_name': 'Unknown'}, {'duration': 30, 'departure_time': 12300, 'arrival_time': 12330, 'day': 'current_day', 'from_stop_id': 'B-0', 'to_stop_id': 'B-2', 'trip_id': 'walking', 'agency_name': 'Unknown'}, {'duration': 180, 'departure_time': 12420, 'arrival_time': 12600, 'day': 'current_day', 'from_stop_id': 'B-2', 'to_stop_id': '198-2', 'trip_id': '4-1-14', 'agency_name': 'Unknown'}]}",3375.0
46,130,7500,inter,left,74,[46],[151],0,0,1500,1127,7500,7560.0,11660.0,11720.0,4100.0,8.0,46,151,,,pt,12847.0,5347.0,"{'duration': 4100, 'source_transfer_time': 0, 'waiting_time': 110, 'trip_time': 3990, 'num_transfers': 8, 'departure_time': 7560, 'departure_day': 'current_day', 'arrival_time': 11660, 'arrival_day': 'current_day', 'steps': [{'duration': 90, 'departure_time': 7670, 'arrival_time': 7760, 'day': 'current_day', 'from_stop_id': '46-3', 'to_stop_id': '56-3', 'trip_id': '5-1-2', 'agency_name': 'Unknown'}, {'duration': 30, 'departure_time': 7760, 'arrival_time': 7790, 'day': 'current_day', 'from_stop_id': '56-3', 'to_stop_id': '56-1', 'trip_id': 'walking', 'agency_name': 'Unknown'}, {'duration': 270, 'departure_time': 8250, 'arrival_time': 8520, 'day': 'current_day', 'from_stop_id': '56-1', 'to_stop_id': 'A-1', 'trip_id': '1-0-8', 'agency_name': 'Unknown'}, {'duration': 30, 'departure_time': 8520, 'arrival_time': 8550, 'day': 'current_day', 'from_stop_id': 'A-1', 'to_stop_id': 'A-0', 'trip_id': 'walking', 'agency_name': 'Unknown'}, {'duration': 1800, 'departure_time': 9000, 'arrival_time': 10800, 'day': 'current_day', 'from_stop_id': 'A-0', 'to_stop_id': 'B-0', 'trip_id': 'IE-6-0', 'agency_name': 'Unknown'}, {'duration': 30, 'departure_time': 10800, 'arrival_time': 10830, 'day': 'current_day', 'from_stop_id': 'B-0', 'to_stop_id': 'B-1', 'trip_id': 'walking', 'agency_name': 'Unknown'}, {'duration': 270, 'departure_time': 10920, 'arrival_time': 11190, 'day': 'current_day', 'from_stop_id': 'B-1', 'to_stop_id': '180-1', 'trip_id': '3-0-12', 'agency_name': 'Unknown'}, {'duration': 30, 'departure_time': 11190, 'arrival_time': 11220, 'day': 'current_day', 'from_stop_id': '180-1', 'to_stop_id': '180-3', 'trip_id': 'walking', 'agency_name': 'Unknown'}, {'duration': 290, 'departure_time': 11370, 'arrival_time': 11660, 'day': 'current_day', 'from_stop_id': '180-3', 'to_stop_id': '151-3', 'trip_id': '6-1-10', 'agency_name': 'Unknown'}]}",5347.0
180,144,8520,intra,right,75,[180],[145],0,0,500,375,8520,8580.0,9860.0,9920.0,1280.0,0.0,180,145,3759.0,12279.0,pt,10295.0,1775.0,"{'duration': 1280, 'source_transfer_time': 0, 'waiting_time': 390, 'trip_time': 890, 'num_transfers': 0, 'departure_time': 8580, 'departure_day': 'current_day', 'arrival_time': 9860, 'arrival_day': 'current_day', 'steps': [{'duration': 890, 'departure_time': 8970, 'arrival_time': 9860, 'day': 'current_day', 'from_stop_id': '180-3', 'to_stop_id': '145-3', 'trip_id': '6-1-6', 'agency_name': 'Unknown'}]}",1775.0
139,200,11490,intra,right,76,[150],[201; 211],500,375,500,375,11865,11925.0,12760.0,12820.0,835.0,0.0,150,201,2255.0,13745.0,pt,13195.0,1705.0,"{'duration': 835, 'source_transfer_time': 0, 'waiting_time': 245, 'trip_time': 590, 'num_transfers': 0, 'departure_time': 11925, 'departure_day': 'current_day', 'arrival_time': 12760, 'arrival_day': 'current_day', 'steps': [{'duration': 590, 'departure_time': 12170, 'arrival_time': 12760, 'day': 'current_day', 'from_stop_id': '150-3', 'to_stop_id': '201-3', 'trip_id': '6-0-12', 'agency_name': 'Unknown'}]}",1705.0
234,137,8880,intra,right,77,[212],[137],1000,751,0,0,9631,9691.0,10980.0,11040.0,1289.0,2.0,212,137,4511.0,13391.0,pt,11040.0,2160.0,"{'duration': 1289, 'source_transfer_time': 0, 'waiting_time': 179, 'trip_time': 1110, 'num_transfers': 2, 'departure_time': 9691, 'departure_day': 'current_day', 'arrival_time': 10980, 'arrival_day': 'current_day', 'steps': [{'duration': 290, 'departure_time': 9870, 'arrival_time': 10160, 'day': 'current_day', 'from_stop_id': '212-3', 'to_stop_id': '209-3', 'trip_id': '6-0-7', 'agency_name': 'Unknown'}, {'duration': 30, 'departure_time': 10160, 'arrival_time': 10190, 'day': 'current_day', 'from_stop_id': '209-3', 'to_stop_id': '209-2', 'trip_id': 'walking', 'agency_name': 'Unknown'}, {'duration': 630, 'departure_time': 10350, 'arrival_time': 10980, 'day': 'current_day', 'from_stop_id': '209-2', 'to_stop_id': '137-2', 'trip_id': '4-0-11', 'agency_name': 'Unknown'}]}",2160.0
162,232,4080,intra,right,78,[162],[231],0,0,500,375,4080,4140.0,5670.0,5730.0,1530.0,2.0,162,231,3383.0,7463.0,pt,6105.0,2025.0,"{'duration': 1530, 'source_transfer_time': 0, 'waiting_time': 430, 'trip_time': 1100, 'num_transfers': 2, 'departure_time': 4140, 'departure_day': 'current_day', 'arrival_time': 5670, 'arrival_day': 'current_day', 'steps': [{'duration': 790, 'departure_time': 4570, 'arrival_time': 5360, 'day': 'current_day', 'from_stop_id': '162-3', 'to_stop_id': '209-3', 'trip_id': '6-0-42', 'agency_name': 'Unknown'}, {'duration': 30, 'departure_time': 5360, 'arrival_time': 5390, 'day': 'current_day', 'from_stop_id': '209-3', 'to_stop_id': '209-2', 'trip_id': 'walking', 'agency_name': 'Unknown'}, {'duration': 180, 'departure_time': 5490, 'arrival_time': 5670, 'day': 'current_day', 'from_stop_id': '209-2', 'to_stop_id': '231-2', 'trip_id': '4-1-2', 'agency_name': 'Unknown'}]}",2025.0
188,124,4410,intra,right,79,[239; 240],[126; 146],500,375,1000,751,4785,4845.0,5670.0,5730.0,825.0,0.0,240,126,3383.0,7793.0,pt,6481.0,2071.0,"{'duration': 825, 'source_transfer_time': 0, 'waiting_time': 285, 'trip_time': 540, 'num_transfers': 0, 'departure_time': 4845, 'departure_day': 'current_day', 'arrival_time': 5670, 'arrival_day': 'current_day', 'steps': [{'duration': 540, 'departure_time': 5130, 'arrival_time': 5670, 'day': 'current_day', 'from_stop_id': '240-2', 'to_stop_id': '126-2', 'trip_id': '4-0-2', 'agency_name': 'Unknown'}]}",2071.0
127,205,4950,intra,right,80,[126],[206],500,375,500,375,5325,5385.0,7460.0,7520.0,2075.0,2.0,126,206,4887.0,9837.0,pt,7895.0,2945.0,"{'duration': 2075, 'source_transfer_time': 0, 'waiting_time': 585, 'trip_time': 1490, 'num_transfers': 2, 'departure_time': 5385, 'departure_day': 'current_day', 'arrival_time': 7460, 'arrival_day': 'current_day', 'steps': [{'duration': 720, 'departure_time': 5970, 'arrival_time': 6690, 'day': 'current_day', 'from_stop_id': '126-2', 'to_stop_id': '209-2', 'trip_id': '4-1-4', 'agency_name': 'Unknown'}, {'duration': 30, 'departure_time': 6690, 'arrival_time': 6720, 'day': 'current_day', 'from_stop_id': '209-2', 'to_stop_id': '209-3', 'trip_id': 'walking', 'agency_name': 'Unknown'}, {'duration': 290, 'departure_time': 7170, 'arrival_time': 7460, 'day': 'current_day', 'from_stop_id': '209-3', 'to_stop_id': '206-3', 'trip_id': '6-0-2', 'agency_name': 'Unknown'}]}",2945.0
215,129,5790,intra,right,81,[206],[151],1500,1127,1000,751,6917,6977.0,8660.0,8720.0,1683.0,0.0,206,151,6390.0,12180.0,pt,9471.0,3681.0,"{'duration': 1683, 'source_transfer_time': 0, 'waiting_time': 493, 'trip_time': 1190, 'num_transfers': 0, 'departure_time': 6977, 'departure_day': 'current_day', 'arrival_time': 8660, 'arrival_day': 'current_day', 'steps': [{'duration': 1190, 'departure_time': 7470, 'arrival_time': 8660, 'day': 'current_day', 'from_stop_id': '206-3', 'to_stop_id': '151-3', 'trip_id': '6-1-5', 'agency_name': 'Unknown'}]}",3681.0
199,80,13590,inter,right,82,[198; 210],[80],500,375,0,0,13965,14025.0,17560.0,17620.0,3535.0,6.0,198,80,,,pt,17620.0,4030.0,"{'duration': 3535, 'source_transfer_time': 0, 'waiting_time': 15, 'trip_time': 3520, 'num_transfers': 6, 'departure_time': 14025, 'departure_day': 'current_day', 'arrival_time': 17560, 'arrival_day': 'current_day', 'steps': [{'duration': 180, 'departure_time': 14040, 'arrival_time': 14220, 'day': 'current_day', 'from_stop_id': '198-2', 'to_stop_id': 'B-2', 'trip_id': '4-0-17', 'agency_name': 'Unknown'}, {'duration': 30, 'departure_time': 14220, 'arrival_time': 14250, 'day': 'current_day', 'from_stop_id': 'B-2', 'to_stop_id': 'B-0', 'trip_id': 'walking', 'agency_name': 'Unknown'}, {'duration': 1800, 'departure_time': 15000, 'arrival_time': 16800, 'day': 'current_day', 'from_stop_id': 'B-0', 'to_stop_id': 'A-0', 'trip_id': 'IE-10-1', 'agency_name': 'Unknown'}, {'duration': 30, 'departure_time': 16800, 'arrival_time': 16830, 'day': 'current_day', 'from_stop_id': 'A-0', 'to_stop_id': 'A-1', 'trip_id': 'walking', 'agency_name': 'Unknown'}, {'duration': 270, 'departure_time': 16920, 'arrival_time': 17190, 'day': 'current_day', 'from_stop_id': 'A-1', 'to_stop_id': '59-1', 'trip_id': '1-0-22', 'agency_name': 'Unknown'}, {'duration': 30, 'departure_time': 17190, 'arrival_time': 17220, 'day': 'current_day', 'from_stop_id': '59-1', 'to_stop_id': '59-3', 'trip_id': 'walking', 'agency_name': 'Unknown'}, {'duration': 190, 'departure_time': 17370, 'arrival_time': 17560, 'day': 'current_day', 'from_stop_id': '59-3', 'to_stop_id': '80-3', 'trip_id': '5-0-20', 'agency_name': 'Unknown'}]}",4030.0
135,68,6120,inter,right,83,[146],[58; 69],500,375,500,375,6495,6555.0,11100.0,11160.0,4545.0,6.0,146,58,,,pt,11535.0,5415.0,"{'duration': 4545, 'source_transfer_time': 0, 'waiting_time': 415, 'trip_time': 4130, 'num_transfers': 6, 'departure_time': 6555, 'departure_day': 'current_day', 'arrival_time': 11100, 'arrival_day': 'current_day', 'steps': [{'duration': 190, 'departure_time': 6970, 'arrival_time': 7160, 'day': 'current_day', 'from_stop_id': '146-3', 'to_stop_id': '148-3', 'trip_id': '6-0-4', 'agency_name': 'Unknown'}, {'duration': 30, 'departure_time': 7160, 'arrival_time': 7190, 'day': 'current_day', 'from_stop_id': '148-3', 'to_stop_id': '148-2', 'trip_id': 'walking', 'agency_name': 'Unknown'}, {'duration': 270, 'departure_time': 7350, 'arrival_time': 7620, 'day': 'current_day', 'from_stop_id': '148-2', 'to_stop_id': 'B-2', 'trip_id': '4-1-6', 'agency_name': 'Unknown'}, {'duration': 30, 'departure_time': 7620, 'arrival_time': 7650, 'day': 'current_day', 'from_stop_id': 'B-2', 'to_stop_id': 'B-0', 'trip_id': 'walking', 'agency_name': 'Unknown'}, {'duration': 1800, 'departure_time': 9000, 'arrival_time': 10800, 'day': 'current_day', 'from_stop_id': 'B-0', 'to_stop_id': 'A-0', 'trip_id': 'IE-6-1', 'agency_name': 'Unknown'}, {'duration': 30, 'departure_time': 10800, 'arrival_time': 10830, 'day': 'current_day', 'from_stop_id': 'A-0', 'to_stop_id': 'A-1', 'trip_id': 'walking', 'agency_name': 'Unknown'}, {'duration': 180, 'departure_time': 10920, 'arrival_time': 11100, 'day': 'current_day', 'from_stop_id': 'A-1', 'to_stop_id': '58-1', 'trip_id': '1-0-12', 'agency_name': 'Unknown'}]}",5415.0
196,80,7050,inter,right,84,[195; 207],[80],500,375,0,0,7425,7485.0,11560.0,11620.0,4075.0,8.0,195,80,,,pt,11620.0,4570.0,"{'duration': 4075, 'source_transfer_time': 0, 'waiting_time': 85, 'trip_time': 3990, 'num_transfers': 8, 'departure_time': 7485, 'departure_day': 'current_day', 'arrival_time': 11560, 'arrival_day': 'current_day', 'steps': [{'duration': 190, 'departure_time': 7570, 'arrival_time': 7760, 'day': 'current_day', 'from_stop_id': '195-3', 'to_stop_id': '177-3', 'trip_id': '6-0-2', 'agency_name': 'Unknown'}, {'duration': 30, 'departure_time': 7760, 'arrival_time': 7790, 'day': 'current_day', 'from_stop_id': '177-3', 'to_stop_id': '177-1', 'trip_id': 'walking', 'agency_name': 'Unknown'}, {'duration': 270, 'departure_time': 8250, 'arrival_time': 8520, 'day': 'current_day', 'from_stop_id': '177-1', 'to_stop_id': 'B-1', 'trip_id': '3-0-8', 'agency_name': 'Unknown'}, {'duration': 30, 'departure_time': 8520, 'arrival_time': 8550, 'day': 'current_day', 'from_stop_id': 'B-1', 'to_stop_id': 'B-0', 'trip_id': 'walking', 'agency_name': 'Unknown'}, {'duration': 1800, 'departure_time': 9000, 'arrival_time': 10800, 'day': 'current_day', 'from_stop_id': 'B-0', 'to_stop_id': 'A-0', 'trip_id': 'IE-6-1', 'agency_name': 'Unknown'}, {'duration': 30, 'departure_time': 10800, 'arrival_time': 10830, 'day': 'current_day', 'from_stop_id': 'A-0', 'to_stop_id': 'A-1', 'trip_id': 'walking', 'agency_name': 'Unknown'}, {'duration': 270, 'departure_time': 10920, 'arrival_time': 11190, 'day': 'current_day', 'from_stop_id': 'A-1', 'to_stop_id': '59-1', 'trip_id': '1-0-12', 'agency_name': 'Unknown'}, {'duration': 30, 'departure_time': 11190, 'arrival_time': 11220, 'day': 'current_day', 'from_stop_id': '59-1', 'to_stop_id': '59-3', 'trip_id': 'walking', 'agency_name': 'Unknown'}, {'duration': 190, 'departure_time': 11370, 'arrival_time': 11560, 'day': 'current_day', 'from_stop_id': '59-3', 'to_stop_id': '80-3', 'trip_id': '5-0-10', 'agency_name': 'Unknown'}]}",4570.0
212,59,12060,inter,right,85,[212],[59],0,0,0,0,12060,12120.0,15990.0,16050.0,3870.0,6.0,212,59,,,pt,16050.0,3990.0,"{'duration': 3870, 'source_transfer_time': 0, 'waiting_time': 150, 'trip_time': 3720, 'num_transfers': 6, 'departure_time': 12120, 'departure_day': 'current_day', 'arrival_time': 15990, 'arrival_day': 'current_day', 'steps': [{'duration': 290, 'departure_time': 12270, 'arrival_time': 12560, 'day': 'current_day', 'from_stop_id': '212-3', 'to_stop_id': '209-3', 'trip_id': '6-0-11', 'agency_name': 'Unknown'}, {'duration': 30, 'departure_time': 12560, 'arrival_time': 12590, 'day': 'current_day', 'from_stop_id': '209-3', 'to_stop_id': '209-2', 'trip_id': 'walking', 'agency_name': 'Unknown'}, {'duration': 270, 'departure_time': 12750, 'arrival_time': 13020, 'day': 'current_day', 'from_stop_id': '209-2', 'to_stop_id': 'B-2', 'trip_id': '4-0-15', 'agency_name': 'Unknown'}, {'duration': 30, 'departure_time': 13020, 'arrival_time': 13050, 'day': 'current_day', 'from_stop_id': 'B-2', 'to_stop_id': 'B-0', 'trip_id': 'walking', 'agency_name': 'Unknown'}, {'duration': 1800, 'departure_time': 13500, 'arrival_time': 15300, 'day': 'current_day', 'from_stop_id': 'B-0', 'to_stop_id': 'A-0', 'trip_id': 'IE-9-1', 'agency_name': 'Unknown'}, {'duration': 30, 'departure_time': 15300, 'arrival_time': 15330, 'day': 'current_day', 'from_stop_id': 'A-0', 'to_stop_id': 'A-1', 'trip_id': 'walking', 'agency_name': 'Unknown'}, {'duration': 270, 'departure_time': 15720, 'arrival_time': 15990, 'day': 'current_day', 'from_stop_id': 'A-1', 'to_stop_id': '59-1', 'trip_id': '1-0-20', 'agency_name': 'Unknown'}]}",3990.0
161,22,3750,inter,right,86,[150; 162],[24],500,375,1000,751,4125,4185.0,8660.0,8720.0,4475.0,8.0,150,24,,,pt,9471.0,5721.0,"{'duration': 4475, 'source_transfer_time': 0, 'waiting_time': 385, 'trip_time': 4090, 'num_transfers': 8, 'departure_time': 4185, 'departure_day': 'current_day', 'arrival_time': 8660, 'arrival_day': 'current_day', 'steps': [{'duration': 190, 'departure_time': 4570, 'arrival_time': 4760, 'day': 'current_day', 'from_stop_id': '150-3', 'to_stop_id': '148-3', 'trip_id': '6-1-43', 'agency_name': 'Unknown'}, {'duration': 30, 'departure_time': 4760, 'arrival_time': 4790, 'day': 'current_day', 'from_stop_id': '148-3', 'to_stop_id': '148-2', 'trip_id': 'walking', 'agency_name': 'Unknown'}, {'duration': 270, 'departure_time': 4950, 'arrival_time': 5220, 'day': 'current_day', 'from_stop_id': '148-2', 'to_stop_id': 'B-2', 'trip_id': '4-1-2', 'agency_name': 'Unknown'}, {'duration': 30, 'departure_time': 5220, 'arrival_time': 5250, 'day': 'current_day', 'from_stop_id': 'B-2', 'to_stop_id': 'B-0', 'trip_id': 'walking', 'agency_name': 'Unknown'}, {'duration': 1800, 'departure_time': 6000, 'arrival_time': 7800, 'day': 'current_day', 'from_stop_id': 'B-0', 'to_stop_id': 'A-0', 'trip_id': 'IE-4-1', 'agency_name': 'Unknown'}, {'duration': 30, 'departure_time': 7800, 'arrival_time': 7830, 'day': 'current_day', 'from_stop_id': 'A-0', 'to_stop_id': 'A-1', 'trip_id': 'walking', 'agency_name': 'Unknown'}, {'duration': 270, 'departure_time': 7920, 'arrival_time': 8190, 'day': 'current_day', 'from_stop_id': 'A-1', 'to_stop_id': '56-1', 'trip_id': '1-1-7', 'agency_name': 'Unknown'}, {'duration': 30, 'departure_time': 8190, 'arrival_time': 8220, 'day': 'current_day', 'from_stop_id': '56-1', 'to_stop_id': '56-3', 'trip_id': 'walking', 'agency_name': 'Unknown'}, {'duration': 290, 'departure_time': 8370, 'arrival_time': 8660, 'day': 'current_day', 'from_stop_id': '56-3', 'to_stop_id': '24-3', 'trip_id': '5-0-7', 'agency_name': 'Unknown'}]}",5721.0
147,23,14100,inter,right,87,[147],[24],0,0,500,375,14100,14160.0,17660.0,17720.0,3500.0,8.0,147,24,,,pt,18095.0,3995.0,"{'duration': 3500, 'source_transfer_time': 0, 'waiting_time': 110, 'trip_time': 3390, 'num_transfers': 8, 'departure_time': 14160, 'departure_day': 'current_day', 'arrival_time': 17660, 'arrival_day': 'current_day', 'steps': [{'duration': 90, 'departure_time': 14270, 'arrival_time': 14360, 'day': 'current_day', 'from_stop_id': '147-3', 'to_stop_id': '148-3', 'trip_id': '6-0-16', 'agency_name': 'Unknown'}, {'duration': 30, 'departure_time': 14360, 'arrival_time': 14390, 'day': 'current_day', 'from_stop_id': '148-3', 'to_stop_id': '148-2', 'trip_id': 'walking', 'agency_name': 'Unknown'}, {'duration': 270, 'departure_time': 14550, 'arrival_time': 14820, 'day': 'current_day', 'from_stop_id': '148-2', 'to_stop_id': 'B-2', 'trip_id': '4-1-18', 'agency_name': 'Unknown'}, {'duration': 30, 'departure_time': 14820, 'arrival_time': 14850, 'day': 'current_day', 'from_stop_id': 'B-2', 'to_stop_id': 'B-0', 'trip_id': 'walking', 'agency_name': 'Unknown'}, {'duration': 1800, 'departure_time': 15000, 'arrival_time': 16800, 'day': 'current_day', 'from_stop_id': 'B-0', 'to_stop_id': 'A-0', 'trip_id': 'IE-10-1', 'agency_name': 'Unknown'}, {'duration': 30, 'departure_time': 16800, 'arrival_time': 16830, 'day': 'current_day', 'from_stop_id': 'A-0', 'to_stop_id': 'A-1', 'trip_id': 'walking', 'agency_name': 'Unknown'}, {'duration': 270, 'departure_time': 16920, 'arrival_time': 17190, 'day': 'current_day', 'from_stop_id': 'A-1', 'to_stop_id': '56-1', 'trip_id': '1-1-22', 'agency_name': 'Unknown'}, {'duration': 30, 'departure_time': 17190, 'arrival_time': 17220, 'day': 'current_day', 'from_stop_id': '56-1', 'to_stop_id': '56-3', 'trip_id': 'walking', 'agency_name': 'Unknown'}, {'duration': 290, 'departure_time': 17370, 'arrival_time': 17660, 'day': 'current_day', 'from_stop_id': '56-3', 'to_stop_id': '24-3', 'trip_id': '5-0-22', 'agency_name': 'Unknown'}]}",3995.0
150,106,7620,inter,right,88,[150],[85],0,0,1500,1127,7620,7680.0,11660.0,11720.0,3980.0,8.0,150,85,,,pt,12847.0,5227.0,"{'duration': 3980, 'source_transfer_time': 0, 'waiting_time': 490, 'trip_time': 3490, 'num_transfers': 8, 'departure_time': 7680, 'departure_day': 'current_day', 'arrival_time': 11660, 'arrival_day': 'current_day', 'steps': [{'duration': 190, 'departure_time': 8170, 'arrival_time': 8360, 'day': 'current_day', 'from_stop_id': '150-3', 'to_stop_id': '148-3', 'trip_id': '6-1-4', 'agency_name': 'Unknown'}, {'duration': 30, 'departure_time': 8360, 'arrival_time': 8390, 'day': 'current_day', 'from_stop_id': '148-3', 'to_stop_id': '148-2', 'trip_id': 'walking', 'agency_name': 'Unknown'}, {'duration': 270, 'departure_time': 8550, 'arrival_time': 8820, 'day': 'current_day', 'from_stop_id': '148-2', 'to_stop_id': 'B-2', 'trip_id': '4-1-8', 'agency_name': 'Unknown'}, {'duration': 30, 'departure_time': 8820, 'arrival_time': 8850, 'day': 'current_day', 'from_stop_id': 'B-2', 'to_stop_id': 'B-0', 'trip_id': 'walking', 'agency_name': 'Unknown'}, {'duration': 1800, 'departure_time': 9000, 'arrival_time': 10800, 'day': 'current_day', 'from_stop_id': 'B-0', 'to_stop_id': 'A-0', 'trip_id': 'IE-6-1', 'agency_name': 'Unknown'}, {'duration': 30, 'departure_time': 10800, 'arrival_time': 10830, 'day': 'current_day', 'from_stop_id': 'A-0', 'to_stop_id': 'A-1', 'trip_id': 'walking', 'agency_name': 'Unknown'}, {'duration': 270, 'departure_time': 10920, 'arrival_time': 11190, 'day': 'current_day', 'from_stop_id': 'A-1', 'to_stop_id': '56-1', 'trip_id': '1-1-12', 'agency_name': 'Unknown'}, {'duration': 30, 'departure_time': 11190, 'arrival_time': 11220, 'day': 'current_day', 'from_stop_id': '56-1', 'to_stop_id': '56-3', 'trip_id': 'walking', 'agency_name': 'Unknown'}, {'duration': 290, 'departure_time': 11370, 'arrival_time': 11660, 'day': 'current_day', 'from_stop_id': '56-3', 'to_stop_id': '85-3', 'trip_id': '5-1-12', 'agency_name': 'Unknown'}]}",5227.0
167,114,7140,inter,right,89,[167],[91],0,0,1500,1127,7140,7200.0,11660.0,11720.0,4460.0,8.0,167,91,,,pt,12847.0,5707.0,"{'duration': 4460, 'source_transfer_time': 0, 'waiting_time': 70, 'trip_time': 4390, 'num_transfers': 8, 'departure_time': 7200, 'departure_day': 'current_day', 'arrival_time': 11660, 'arrival_day': 'current_day', 'steps': [{'duration': 490, 'departure_time': 7270, 'arrival_time': 7760, 'day': 'current_day', 'from_stop_id': '167-3', 'to_stop_id': '148-3', 'trip_id': '6-0-5', 'agency_name': 'Unknown'}, {'duration': 30, 'departure_time': 7760, 'arrival_time': 7790, 'day': 'current_day', 'from_stop_id': '148-3', 'to_stop_id': '148-2', 'trip_id': 'walking', 'agency_name': 'Unknown'}, {'duration': 270, 'departure_time': 7950, 'arrival_time': 8220, 'day': 'current_day', 'from_stop_id': '148-2', 'to_stop_id': 'B-2', 'trip_id': '4-1-7', 'agency_name': 'Unknown'}, {'duration': 30, 'departure_time': 8220, 'arrival_time': 8250, 'day': 'current_day', 'from_stop_id': 'B-2', 'to_stop_id': 'B-0', 'trip_id': 'walking', 'agency_name': 'Unknown'}, {'duration': 1800, 'departure_time': 9000, 'arrival_time': 10800, 'day': 'current_day', 'from_stop_id': 'B-0', 'to_stop_id': 'A-0', 'trip_id': 'IE-6-1', 'agency_name': 'Unknown'}, {'duration': 30, 'departure_time': 10800, 'arrival_time': 10830, 'day': 'current_day', 'from_stop_id': 'A-0', 'to_stop_id': 'A-1', 'trip_id': 'walking', 'agency_name': 'Unknown'}, {'duration': 270, 'departure_time': 10920, 'arrival_time': 11190, 'day': 'current_day', 'from_stop_id': 'A-1', 'to_stop_id': '59-1', 'trip_id': '1-0-12', 'agency_name': 'Unknown'}, {'duration': 30, 'departure_time': 11190, 'arrival_time': 11220, 'day': 'current_day', 'from_stop_id': '59-1', 'to_stop_id': '59-3', 'trip_id': 'walking', 'agency_name': 'Unknown'}, {'duration': 290, 'departure_time': 11370, 'arrival_time': 11660, 'day': 'current_day', 'from_stop_id': '59-3', 'to_stop_id': '91-3', 'trip_id': '5-0-10', 'agency_name': 'Unknown'}]}",5707.0
175,22,7110,inter,right,90,[175],[24],0,0,1000,751,7110,7170.0,11660.0,11720.0,4490.0,6.0,175,24,,,pt,12471.0,5361.0,"{'duration': 4490, 'source_transfer_time': 0, 'waiting_time': 300, 'trip_time': 4190, 'num_transfers': 6, 'departure_time': 7170, 'departure_day': 'current_day', 'arrival_time': 11660, 'arrival_day': 'current_day', 'steps': [{'duration': 450, 'departure_time': 7470, 'arrival_time': 7920, 'day': 'current_day', 'from_stop_id': '175-1', 'to_stop_id': 'B-1', 'trip_id': '3-0-7', 'agency_name': 'Unknown'}, {'duration': 30, 'departure_time': 7920, 'arrival_time': 7950, 'day': 'current_day', 'from_stop_id': 'B-1', 'to_stop_id': 'B-0', 'trip_id': 'walking', 'agency_name': 'Unknown'}, {'duration': 1800, 'departure_time': 9000, 'arrival_time': 10800, 'day': 'current_day', 'from_stop_id': 'B-0', 'to_stop_id': 'A-0', 'trip_id': 'IE-6-1', 'agency_name': 'Unknown'}, {'duration': 30, 'departure_time': 10800, 'arrival_time': 10830, 'day': 'current_day', 'from_stop_id': 'A-0', 'to_stop_id': 'A-1', 'trip_id': 'walking', 'agency_name': 'Unknown'}, {'duration': 270, 'departure_time': 10920, 'arrival_time': 11190, 'day': 'current_day', 'from_stop_id': 'A-1', 'to_stop_id': '56-1', 'trip_id': '1-1-12', 'agency_name': 'Unknown'}, {'duration': 30, 'departure_time': 11190, 'arrival_time': 11220, 'day': 'current_day', 'from_stop_id': '56-1', 'to_stop_id': '56-3', 'trip_id': 'walking', 'agency_name': 'Unknown'}, {'duration': 290, 'departure_time': 11370, 'arrival_time': 11660, 'day': 'current_day', 'from_stop_id': '56-3', 'to_stop_id': '24-3', 'trip_id': '5-0-12', 'agency_name': 'Unknown'}]}",5361.0
229,100,9570,inter,right,91,[207; 231],[89; 99],1000,751,500,375,10321,10381.0,14580.0,14640.0,4199.0,6.0,207,99,,,pt,15015.0,5445.0,"{'duration': 4199, 'source_transfer_time': 0, 'waiting_time': 189, 'trip_time': 4010, 'num_transfers': 6, 'departure_time': 10381, 'departure_day': 'current_day', 'arrival_time': 14580, 'arrival_day': 'current_day', 'steps': [{'duration': 190, 'departure_time': 10570, 'arrival_time': 10760, 'day': 'current_day', 'from_stop_id': '207-3', 'to_stop_id': '209-3', 'trip_id': '6-1-10', 'agency_name': 'Unknown'}, {'duration': 30, 'departure_time': 10760, 'arrival_time': 10790, 'day': 'current_day', 'from_stop_id': '209-3', 'to_stop_id': '209-2', 'trip_id': 'walking', 'agency_name': 'Unknown'}, {'duration': 270, 'departure_time': 10950, 'arrival_time': 11220, 'day': 'current_day', 'from_stop_id': '209-2', 'to_stop_id': 'B-2', 'trip_id': '4-0-12', 'agency_name': 'Unknown'}, {'duration': 30, 'departure_time': 11220, 'arrival_time': 11250, 'day': 'current_day', 'from_stop_id': 'B-2', 'to_stop_id': 'B-0', 'trip_id': 'walking', 'agency_name': 'Unknown'}, {'duration': 1800, 'departure_time': 12000, 'arrival_time': 13800, 'day': 'current_day', 'from_stop_id': 'B-0', 'to_stop_id': 'A-0', 'trip_id': 'IE-8-1', 'agency_name': 'Unknown'}, {'duration': 30, 'departure_time': 13800, 'arrival_time': 13830, 'day': 'current_day', 'from_stop_id': 'A-0', 'to_stop_id': 'A-2', 'trip_id': 'walking', 'agency_name': 'Unknown'}, {'duration': 360, 'departure_time': 14220, 'arrival_time': 14580, 'day': 'current_day', 'from_stop_id': 'A-2', 'to_stop_id': '99-2', 'trip_id': '2-1-17', 'agency_name': 'Unknown'}]}",5445.0
133,49,12960,inter,right,92,[145],[116; 118],1000,751,500,375,13711,13771.0,17010.0,17070.0,3239.0,6.0,145,118,,,pt,17445.0,4485.0,"{'duration': 3239, 'source_transfer_time': 0, 'waiting_time': 299, 'trip_time': 2940, 'num_transfers': 6, 'departure_time': 13771, 'departure_day': 'current_day', 'arrival_time': 17010, 'arrival_day': 'current_day', 'steps': [{'duration': 290, 'departure_time': 14070, 'arrival_time': 14360, 'day': 'current_day', 'from_stop_id': '145-3', 'to_stop_id': '148-3', 'trip_id': '6-0-16', 'agency_name': 'Unknown'}, {'duration': 30, 'departure_time': 14360, 'arrival_time': 14390, 'day': 'current_day', 'from_stop_id': '148-3', 'to_stop_id': '148-2', 'trip_id': 'walking', 'agency_name': 'Unknown'}, {'duration': 270, 'departure_time': 14550, 'arrival_time': 14820, 'day': 'current_day', 'from_stop_id': '148-2', 'to_stop_id': 'B-2', 'trip_id': '4-1-18', 'agency_name': 'Unknown'}, {'duration': 30, 'departure_time': 14820, 'arrival_time': 14850, 'day': 'current_day', 'from_stop_id': 'B-2', 'to_stop_id': 'B-0', 'trip_id': 'walking', 'agency_name': 'Unknown'}, {'duration': 1800, 'departure_time': 15000, 'arrival_time': 16800, 'day': 'current_day', 'from_stop_id': 'B-0', 'to_stop_id': 'A-0', 'trip_id': 'IE-10-1', 'agency_name': 'Unknown'}, {'duration': 30, 'departure_time': 16800, 'arrival_time': 16830, 'day': 'current_day', 'from_stop_id': 'A-0', 'to_stop_id': 'A-1', 'trip_id': 'walking', 'agency_name': 'Unknown'}, {'duration': 90, 'departure_time': 16920, 'arrival_time': 17010, 'day': 'current_day', 'from_stop_id': 'A-1', 'to_stop_id': '118-1', 'trip_id': '1-0-22', 'agency_name': 'Unknown'}]}",4485.0
225,70,9090,inter,right,93,[212],[60; 69],1500,1127,500,375,10217,10277.0,14280.0,14340.0,4003.0,6.0,212,60,,,pt,14715.0,5625.0,"{'duration': 4003, 'source_transfer_time': 0, 'waiting_time': 193, 'trip_time': 3810, 'num_transfers': 6, 'departure_time': 10277, 'departure_day': 'current_day', 'arrival_time': 14280, 'arrival_day': 'current_day', 'steps': [{'duration': 290, 'departure_time': 10470, 'arrival_time': 10760, 'day': 'current_day', 'from_stop_id': '212-3', 'to_stop_id': '209-3', 'trip_id': '6-0-8', 'agency_name': 'Unknown'}, {'duration': 30, 'departure_time': 10760, 'arrival_time': 10790, 'day': 'current_day', 'from_stop_id': '209-3', 'to_stop_id': '209-2', 'trip_id': 'walking', 'agency_name': 'Unknown'}, {'duration': 270, 'departure_time': 10950, 'arrival_time': 11220, 'day': 'current_day', 'from_stop_id': '209-2', 'to_stop_id': 'B-2', 'trip_id': '4-0-12', 'agency_name': 'Unknown'}, {'duration': 30, 'departure_time': 11220, 'arrival_time': 11250, 'day': 'current_day', 'from_stop_id': 'B-2', 'to_stop_id': 'B-0', 'trip_id': 'walking', 'agency_name': 'Unknown'}, {'duration': 1800, 'departure_time': 12000, 'arrival_time': 13800, 'day': 'current_day', 'from_stop_id': 'B-0', 'to_stop_id': 'A-0', 'trip_id': 'IE-8-1', 'agency_name': 'Unknown'}, {'duration': 30, 'departure_time': 13800, 'arrival_time': 13830, 'day': 'current_day', 'from_stop_id': 'A-0', 'to_stop_id': 'A-1', 'trip_id': 'walking', 'agency_name': 'Unknown'}, {'duration': 360, 'departure_time': 13920, 'arrival_time': 14280, 'day': 'current_day', 'from_stop_id': 'A-1', 'to_stop_id': '60-1', 'trip_id': '1-0-17', 'agency_name': 'Unknown'}]}",5625.0
221,69,7530,inter,right,94,[210; 220],[69],500,375,0,0,7905,7965.0,11460.0,11520.0,3495.0,8.0,210,69,,,pt,11520.0,3990.0,"{'duration': 3495, 'source_transfer_time': 0, 'waiting_time': 305, 'trip_time': 3190, 'num_transfers': 8, 'departure_time': 7965, 'departure_day': 'current_day', 'arrival_time': 11460, 'arrival_day': 'current_day', 'steps': [{'duration': 90, 'departure_time': 8270, 'arrival_time': 8360, 'day': 'current_day', 'from_stop_id': '210-3', 'to_stop_id': '209-3', 'trip_id': '6-0-4', 'agency_name': 'Unknown'}, {'duration': 30, 'departure_time': 8360, 'arrival_time': 8390, 'day': 'current_day', 'from_stop_id': '209-3', 'to_stop_id': '209-2', 'trip_id': 'walking', 'agency_name': 'Unknown'}, {'duration': 270, 'departure_time': 8550, 'arrival_time': 8820, 'day': 'current_day', 'from_stop_id': '209-2', 'to_stop_id': 'B-2', 'trip_id': '4-0-8', 'agency_name': 'Unknown'}, {'duration': 30, 'departure_time': 8820, 'arrival_time': 8850, 'day': 'current_day', 'from_stop_id': 'B-2', 'to_stop_id': 'B-0', 'trip_id': 'walking', 'agency_name': 'Unknown'}, {'duration': 1800, 'departure_time': 9000, 'arrival_time': 10800, 'day': 'current_day', 'from_stop_id': 'B-0', 'to_stop_id': 'A-0', 'trip_id': 'IE-6-1', 'agency_name': 'Unknown'}, {'duration': 30, 'departure_time': 10800, 'arrival_time': 10830, 'day': 'current_day', 'from_stop_id': 'A-0', 'to_stop_id': 'A-1', 'trip_id': 'walking', 'agency_name': 'Unknown'}, {'duration': 270, 'departure_time': 10920, 'arrival_time': 11190, 'day': 'current_day', 'from_stop_id': 'A-1', 'to_stop_id': '59-1', 'trip_id': '1-0-12', 'agency_name': 'Unknown'}, {'duration': 30, 'departure_time': 11190, 'arrival_time': 11220, 'day': 'current_day', 'from_stop_id': '59-1', 'to_stop_id': '59-3', 'trip_id': 'walking', 'agency_name': 'Unknown'}, {'duration': 90, 'departure_time': 11370, 'arrival_time': 11460, 'day': 'current_day', 'from_stop_id': '59-3', 'to_stop_id': '69-3', 'trip_id': '5-0-10', 'agency_name': 'Unknown'}]}",3990.0
184,54,10320,inter,right,95,[176; 185],[54],500,375,0,0,10695,10755.0,14370.0,14430.0,3615.0,4.0,176,54,,,pt,14430.0,4110.0,"{'duration': 3615, 'source_transfer_time': 0, 'waiting_time': 405, 'trip_time': 3210, 'num_transfers': 4, 'departure_time': 10755, 'departure_day': 'current_day', 'arrival_time': 14370, 'arrival_day': 'current_day', 'steps': [{'duration': 360, 'departure_time': 11160, 'arrival_time': 11520, 'day': 'current_day', 'from_stop_id': '176-1', 'to_stop_id': 'B-1', 'trip_id': '3-0-13', 'agency_name': 'Unknown'}, {'duration': 30, 'departure_time': 11520, 'arrival_time': 11550, 'day': 'current_day', 'from_stop_id': 'B-1', 'to_stop_id': 'B-0', 'trip_id': 'walking', 'agency_name': 'Unknown'}, {'duration': 1800, 'departure_time': 12000, 'arrival_time': 13800, 'day': 'current_day', 'from_stop_id': 'B-0', 'to_stop_id': 'A-0', 'trip_id': 'IE-8-1', 'agency_name': 'Unknown'}, {'duration': 30, 'departure_time': 13800, 'arrival_time': 13830, 'day': 'current_day', 'from_stop_id': 'A-0', 'to_stop_id': 'A-1', 'trip_id': 'walking', 'agency_name': 'Unknown'}, {'duration': 450, 'departure_time': 13920, 'arrival_time': 14370, 'day': 'current_day', 'from_stop_id': 'A-1', 'to_stop_id': '54-1', 'trip_id': '1-1-17', 'agency_name': 'Unknown'}]}",4110.0
213,35,7920,inter,right,96,[212],[35],500,375,0,0,8295,8355.0,13360.0,13420.0,5005.0,8.0,212,35,,,pt,13420.0,5500.0,"{'duration': 5005, 'source_transfer_time': 0, 'waiting_time': 315, 'trip_time': 4690, 'num_transfers': 8, 'departure_time': 8355, 'departure_day': 'current_day', 'arrival_time': 13360, 'arrival_day': 'current_day', 'steps': [{'duration': 290, 'departure_time': 8670, 'arrival_time': 8960, 'day': 'current_day', 'from_stop_id': '212-3', 'to_stop_id': '209-3', 'trip_id': '6-0-5', 'agency_name': 'Unknown'}, {'duration': 30, 'departure_time': 8960, 'arrival_time': 8990, 'day': 'current_day', 'from_stop_id': '209-3', 'to_stop_id': '209-2', 'trip_id': 'walking', 'agency_name': 'Unknown'}, {'duration': 270, 'departure_time': 9150, 'arrival_time': 9420, 'day': 'current_day', 'from_stop_id': '209-2', 'to_stop_id': 'B-2', 'trip_id': '4-0-9', 'agency_name': 'Unknown'}, {'duration': 30, 'departure_time': 9420, 'arrival_time': 9450, 'day': 'current_day', 'from_stop_id': 'B-2', 'to_stop_id': 'B-0', 'trip_id': 'walking', 'agency_name': 'Unknown'}, {'duration': 1800, 'departure_time': 10500, 'arrival_time': 12300, 'day': 'current_day', 'from_stop_id': 'B-0', 'to_stop_id': 'A-0', 'trip_id': 'IE-7-1', 'agency_name': 'Unknown'}, {'duration': 30, 'departure_time': 12300, 'arrival_time': 12330, 'day': 'current_day', 'from_stop_id': 'A-0', 'to_stop_id': 'A-1', 'trip_id': 'walking', 'agency_name': 'Unknown'}, {'duration': 270, 'departure_time': 12720, 'arrival_time': 12990, 'day': 'current_day', 'from_stop_id': 'A-1', 'to_stop_id': '56-1', 'trip_id': '1-1-15', 'agency_name': 'Unknown'}, {'duration': 30, 'departure_time': 12990, 'arrival_time': 13020, 'day': 'current_day', 'from_stop_id': '56-1', 'to_stop_id': '56-3', 'trip_id': 'walking', 'agency_name': 'Unknown'}, {'duration': 190, 'departure_time': 13170, 'arrival_time': 13360, 'day': 'current_day', 'from_stop_id': '56-3', 'to_stop_id': '35-3', 'trip_id': '5-0-15', 'agency_name': 'Unknown'}]}",5500.0
133,90,9540,inter,right,97,[145],[90],1000,751,0,0,10291,10351.0,14760.0,14820.0,4409.0,8.0,145,90,,,pt,14820.0,5280.0,"{'duration': 4409, 'source_transfer_time': 0, 'waiting_time': 119, 'trip_time': 4290, 'num_transfers': 8, 'departure_time': 10351, 'departure_day': 'current_day', 'arrival_time': 14760, 'arrival_day': 'current_day', 'steps': [{'duration': 290, 'departure_time': 10470, 'arrival_time': 10760, 'day': 'current_day', 'from_stop_id': '145-3', 'to_stop_id': '148-3', 'trip_id': '6-0-10', 'agency_name': 'Unknown'}, {'duration': 30, 'departure_time': 10760, 'arrival_time': 10790, 'day': 'current_day', 'from_stop_id': '148-3', 'to_stop_id': '148-2', 'trip_id': 'walking', 'agency_name': 'Unknown'}, {'duration': 270, 'departure_time': 10950, 'arrival_time': 11220, 'day': 'current_day', 'from_stop_id': '148-2', 'to_stop_id': 'B-2', 'trip_id': '4-1-12', 'agency_name': 'Unknown'}, {'duration': 30, 'departure_time': 11220, 'arrival_time': 11250, 'day': 'current_day', 'from_stop_id': 'B-2', 'to_stop_id': 'B-0', 'trip_id': 'walking', 'agency_name': 'Unknown'}, {'duration': 1800, 'departure_time': 12000, 'arrival_time': 13800, 'day': 'current_day', 'from_stop_id': 'B-0', 'to_stop_id': 'A-0', 'trip_id': 'IE-8-1', 'agency_name': 'Unknown'}, {'duration': 30, 'departure_time': 13800, 'arrival_time': 13830, 'day': 'current_day', 'from_stop_id': 'A-0', 'to_stop_id': 'A-1', 'trip_id': 'walking', 'agency_name': 'Unknown'}, {'duration': 270, 'departure_time': 13920, 'arrival_time': 14190, 'day': 'current_day', 'from_stop_id': 'A-1', 'to_stop_id': '59-1', 'trip_id': '1-0-17', 'agency_name': 'Unknown'}, {'duration': 30, 'departure_time': 14190, 'arrival_time': 14220, 'day': 'current_day', 'from_stop_id': '59-1', 'to_stop_id': '59-3', 'trip_id': 'walking', 'agency_name': 'Unknown'}, {'duration': 390, 'departure_time': 14370, 'arrival_time': 14760, 'day': 'current_day', 'from_stop_id': '59-3', 'to_stop_id': '90-3', 'trip_id': '5-0-15', 'agency_name': 'Unknown'}]}",5280.0
199,23,8160,inter,right,98,[198; 210],[24],500,375,500,375,8535,8595.0,11660.0,11720.0,3065.0,6.0,198,24,,,pt,12095.0,3935.0,"{'duration': 3065, 'source_transfer_time': 0, 'waiting_time': 45, 'trip_time': 3020, 'num_transfers': 6, 'departure_time': 8595, 'departure_day': 'current_day', 'arrival_time': 11660, 'arrival_day': 'current_day', 'steps': [{'duration': 180, 'departure_time': 8640, 'arrival_time': 8820, 'day': 'current_day', 'from_stop_id': '198-2', 'to_stop_id': 'B-2', 'trip_id': '4-0-8', 'agency_name': 'Unknown'}, {'duration': 30, 'departure_time': 8820, 'arrival_time': 8850, 'day': 'current_day', 'from_stop_id': 'B-2', 'to_stop_id': 'B-0', 'trip_id': 'walking', 'agency_name': 'Unknown'}, {'duration': 1800, 'departure_time': 9000, 'arrival_time': 10800, 'day': 'current_day', 'from_stop_id': 'B-0', 'to_stop_id': 'A-0', 'trip_id': 'IE-6-1', 'agency_name': 'Unknown'}, {'duration': 30, 'departure_time': 10800, 'arrival_time': 10830, 'day': 'current_day', 'from_stop_id': 'A-0', 'to_stop_id': 'A-1', 'trip_id': 'walking', 'agency_name': 'Unknown'}, {'duration': 270, 'departure_time': 10920, 'arrival_time': 11190, 'day': 'current_day', 'from_stop_id': 'A-1', 'to_stop_id': '56-1', 'trip_id': '1-1-12', 'agency_name': 'Unknown'}, {'duration': 30, 'departure_time': 11190, 'arrival_time': 11220, 'day': 'current_day', 'from_stop_id': '56-1', 'to_stop_id': '56-3', 'trip_id': 'walking', 'agency_name': 'Unknown'}, {'duration': 290, 'departure_time': 11370, 'arrival_time': 11660, 'day': 'current_day', 'from_stop_id': '56-3', 'to_stop_id': '24-3', 'trip_id': '5-0-12', 'agency_name': 'Unknown'}]}",3935.0
146,51,8280,inter,right,99,[146],[51],0,0,0,0,8280,8340.0,13260.0,13320.0,4920.0,8.0,146,51,,,pt,13320.0,5040.0,"{'duration': 4920, 'source_transfer_time': 0, 'waiting_time': 430, 'trip_time': 4490, 'num_transfers': 8, 'departure_time': 8340, 'departure_day': 'current_day', 'arrival_time': 13260, 'arrival_day': 'current_day', 'steps': [{'duration': 190, 'departure_time': 8770, 'arrival_time': 8960, 'day': 'current_day', 'from_stop_id': '146-3', 'to_stop_id': '148-3', 'trip_id': '6-0-7', 'agency_name': 'Unknown'}, {'duration': 30, 'departure_time': 8960, 'arrival_time': 8990, 'day': 'current_day', 'from_stop_id': '148-3', 'to_stop_id': '148-2', 'trip_id': 'walking', 'agency_name': 'Unknown'}, {'duration': 270, 'departure_time': 9150, 'arrival_time': 9420, 'day': 'current_day', 'from_stop_id': '148-2', 'to_stop_id': 'B-2', 'trip_id': '4-1-9', 'agency_name': 'Unknown'}, {'duration': 30, 'departure_time': 9420, 'arrival_time': 9450, 'day': 'current_day', 'from_stop_id': 'B-2', 'to_stop_id': 'B-0', 'trip_id': 'walking', 'agency_name': 'Unknown'}, {'duration': 1800, 'departure_time': 10500, 'arrival_time': 12300, 'day': 'current_day', 'from_stop_id': 'B-0', 'to_stop_id': 'A-0', 'trip_id': 'IE-7-1', 'agency_name': 'Unknown'}, {'duration': 30, 'departure_time': 12300, 'arrival_time': 12330, 'day': 'current_day', 'from_stop_id': 'A-0', 'to_stop_id': 'A-1', 'trip_id': 'walking', 'agency_name': 'Unknown'}, {'duration': 270, 'departure_time': 12720, 'arrival_time': 12990, 'day': 'current_day', 'from_stop_id': 'A-1', 'to_stop_id': '59-1', 'trip_id': '1-0-15', 'agency_name': 'Unknown'}, {'duration': 30, 'departure_time': 12990, 'arrival_time': 13020, 'day': 'current_day', 'from_stop_id': '59-1', 'to_stop_id': '59-3', 'trip_id': 'walking', 'agency_name': 'Unknown'}, {'duration': 90, 'departure_time': 13170, 'arrival_time': 13260, 'day': 'current_day', 'from_stop_id': '59-3', 'to_stop_id': '51-3', 'trip_id': '5-1-13', 'agency_name': 'Unknown'}]}",5040.0
170,63,9540,inter,right,100,[237; 239],[55; 64],500,375,500,375,9915,9975.0,13080.0,13140.0,3105.0,4.0,239,55,,,pt,13515.0,3975.0,"{'duration': 3105, 'source_transfer_time': 0, 'waiting_time': 255, 'trip_time': 2850, 'num_transfers': 4, 'departure_time': 9975, 'departure_day': 'current_day', 'arrival_time': 13080, 'arrival_day': 'current_day', 'steps': [{'duration': 90, 'departure_time': 10230, 'arrival_time': 10320, 'day': 'current_day', 'from_stop_id': '239-1', 'to_stop_id': 'B-1', 'trip_id': '3-1-11', 'agency_name': 'Unknown'}, {'duration': 30, 'departure_time': 10320, 'arrival_time': 10350, 'day': 'current_day', 'from_stop_id': 'B-1', 'to_stop_id': 'B-0', 'trip_id': 'walking', 'agency_name': 'Unknown'}, {'duration': 1800, 'departure_time': 10500, 'arrival_time': 12300, 'day': 'current_day', 'from_stop_id': 'B-0', 'to_stop_id': 'A-0', 'trip_id': 'IE-7-1', 'agency_name': 'Unknown'}, {'duration': 30, 'departure_time': 12300, 'arrival_time': 12330, 'day': 'current_day', 'from_stop_id': 'A-0', 'to_stop_id': 'A-1', 'trip_id': 'walking', 'agency_name': 'Unknown'}, {'duration': 360, 'departure_time': 12720, 'arrival_time': 13080, 'day': 'current_day', 'from_stop_id': 'A-1', 'to_stop_id': '55-1', 'trip_id': '1-1-15', 'agency_name': 'Unknown'}]}",3975.0
221,40,9990,inter,right,101,[210; 220],[29; 41],500,375,500,375,10365,10425.0,14560.0,14620.0,4135.0,8.0,210,41,,,pt,14995.0,5005.0,"{'duration': 4135, 'source_transfer_time': 0, 'waiting_time': 245, 'trip_time': 3890, 'num_transfers': 8, 'departure_time': 10425, 'departure_day': 'current_day', 'arrival_time': 14560, 'arrival_day': 'current_day', 'steps': [{'duration': 90, 'departure_time': 10670, 'arrival_time': 10760, 'day': 'current_day', 'from_stop_id': '210-3', 'to_stop_id': '209-3', 'trip_id': '6-0-8', 'agency_name': 'Unknown'}, {'duration': 30, 'departure_time': 10760, 'arrival_time': 10790, 'day': 'current_day', 'from_stop_id': '209-3', 'to_stop_id': '209-2', 'trip_id': 'walking', 'agency_name': 'Unknown'}, {'duration': 270, 'departure_time': 10950, 'arrival_time': 11220, 'day': 'current_day', 'from_stop_id': '209-2', 'to_stop_id': 'B-2', 'trip_id': '4-0-12', 'agency_name': 'Unknown'}, {'duration': 30, 'departure_time': 11220, 'arrival_time': 11250, 'day': 'current_day', 'from_stop_id': 'B-2', 'to_stop_id': 'B-0', 'trip_id': 'walking', 'agency_name': 'Unknown'}, {'duration': 1800, 'departure_time': 12000, 'arrival_time': 13800, 'day': 'current_day', 'from_stop_id': 'B-0', 'to_stop_id': 'A-0', 'trip_id': 'IE-8-1', 'agency_name': 'Unknown'}, {'duration': 30, 'departure_time': 13800, 'arrival_time': 13830, 'day': 'current_day', 'from_stop_id': 'A-0', 'to_stop_id': 'A-1', 'trip_id': 'walking', 'agency_name': 'Unknown'}, {'duration': 270, 'departure_time': 13920, 'arrival_time': 14190, 'day': 'current_day', 'from_stop_id': 'A-1', 'to_stop_id': '59-1', 'trip_id': '1-0-17', 'agency_name': 'Unknown'}, {'duration': 30, 'departure_time': 14190, 'arrival_time': 14220, 'day': 'current_day', 'from_stop_id': '59-1', 'to_stop_id': '59-3', 'trip_id': 'walking', 'agency_name': 'Unknown'}, {'duration': 190, 'departure_time': 14370, 'arrival_time': 14560, 'day': 'current_day', 'from_stop_id': '59-3', 'to_stop_id': '41-3', 'trip_id': '5-1-15', 'agency_name': 'Unknown'}]}",5005.0
204,91,12330,inter,right,102,[206],[91],1000,751,0,0,13081,13141.0,17660.0,17720.0,4519.0,8.0,206,91,,,pt,17720.0,5390.0,"{'duration': 4519, 'source_transfer_time': 0, 'waiting_time': 329, 'trip_time': 4190, 'num_transfers': 8, 'departure_time': 13141, 'departure_day': 'current_day', 'arrival_time': 17660, 'arrival_day': 'current_day', 'steps': [{'duration': 290, 'departure_time': 13470, 'arrival_time': 13760, 'day': 'current_day', 'from_stop_id': '206-3', 'to_stop_id': '209-3', 'trip_id': '6-1-15', 'agency_name': 'Unknown'}, {'duration': 30, 'departure_time': 13760, 'arrival_time': 13790, 'day': 'current_day', 'from_stop_id': '209-3', 'to_stop_id': '209-2', 'trip_id': 'walking', 'agency_name': 'Unknown'}, {'duration': 270, 'departure_time': 13950, 'arrival_time': 14220, 'day': 'current_day', 'from_stop_id': '209-2', 'to_stop_id': 'B-2', 'trip_id': '4-0-17', 'agency_name': 'Unknown'}, {'duration': 30, 'departure_time': 14220, 'arrival_time': 14250, 'day': 'current_day', 'from_stop_id': 'B-2', 'to_stop_id': 'B-0', 'trip_id': 'walking', 'agency_name': 'Unknown'}, {'duration': 1800, 'departure_time': 15000, 'arrival_time': 16800, 'day': 'current_day', 'from_stop_id': 'B-0', 'to_stop_id': 'A-0', 'trip_id': 'IE-10-1', 'agency_name': 'Unknown'}, {'duration': 30, 'departure_time': 16800, 'arrival_time': 16830, 'day': 'current_day', 'from_stop_id': 'A-0', 'to_stop_id': 'A-1', 'trip_id': 'walking', 'agency_name': 'Unknown'}, {'duration': 270, 'departure_time': 16920, 'arrival_time': 17190, 'day': 'current_day', 'from_stop_id': 'A-1', 'to_stop_id': '59-1', 'trip_id': '1-0-22', 'agency_name': 'Unknown'}, {'duration': 30, 'departure_time': 17190, 'arrival_time': 17220, 'day': 'current_day', 'from_stop_id': '59-1', 'to_stop_id': '59-3', 'trip_id': 'walking', 'agency_name': 'Unknown'}, {'duration': 290, 'departure_time': 17370, 'arrival_time': 17660, 'day': 'current_day', 'from_stop_id': '59-3', 'to_stop_id': '91-3', 'trip_id': '5-0-20', 'agency_name': 'Unknown'}]}",5390.0
128,51,7860,inter,right,103,[126; 150],[51],1000,751,0,0,8611,8671.0,13260.0,13320.0,4589.0,6.0,126,51,,,pt,13320.0,5460.0,"{'duration': 4589, 'source_transfer_time': 0, 'waiting_time': 299, 'trip_time': 4290, 'num_transfers': 6, 'departure_time': 8671, 'departure_day': 'current_day', 'arrival_time': 13260, 'arrival_day': 'current_day', 'steps': [{'duration': 450, 'departure_time': 8970, 'arrival_time': 9420, 'day': 'current_day', 'from_stop_id': '126-2', 'to_stop_id': 'B-2', 'trip_id': '4-1-9', 'agency_name': 'Unknown'}, {'duration': 30, 'departure_time': 9420, 'arrival_time': 9450, 'day': 'current_day', 'from_stop_id': 'B-2', 'to_stop_id': 'B-0', 'trip_id': 'walking', 'agency_name': 'Unknown'}, {'duration': 1800, 'departure_time': 10500, 'arrival_time': 12300, 'day': 'current_day', 'from_stop_id': 'B-0', 'to_stop_id': 'A-0', 'trip_id': 'IE-7-1', 'agency_name': 'Unknown'}, {'duration': 30, 'departure_time': 12300, 'arrival_time': 12330, 'day': 'current_day', 'from_stop_id': 'A-0', 'to_stop_id': 'A-1', 'trip_id': 'walking', 'agency_name': 'Unknown'}, {'duration': 270, 'departure_time': 12720, 'arrival_time': 12990, 'day': 'current_day', 'from_stop_id': 'A-1', 'to_stop_id': '59-1', 'trip_id': '1-0-15', 'agency_name': 'Unknown'}, {'duration': 30, 'departure_time': 12990, 'arrival_time': 13020, 'day': 'current_day', 'from_stop_id': '59-1', 'to_stop_id': '59-3', 'trip_id': 'walking', 'agency_name': 'Unknown'}, {'duration': 90, 'departure_time': 13170, 'arrival_time': 13260, 'day': 'current_day', 'from_stop_id': '59-3', 'to_stop_id': '51-3', 'trip_id': '5-1-13', 'agency_name': 'Unknown'}]}",5460.0
150,81,8730,inter,right,104,[150],[80],0,0,500,375,8730,8790.0,13360.0,13420.0,4570.0,8.0,150,80,,,pt,13795.0,5065.0,"{'duration': 4570, 'source_transfer_time': 0, 'waiting_time': 580, 'trip_time': 3990, 'num_transfers': 8, 'departure_time': 8790, 'departure_day': 'current_day', 'arrival_time': 13360, 'arrival_day': 'current_day', 'steps': [{'duration': 190, 'departure_time': 9370, 'arrival_time': 9560, 'day': 'current_day', 'from_stop_id': '150-3', 'to_stop_id': '148-3', 'trip_id': '6-1-6', 'agency_name': 'Unknown'}, {'duration': 30, 'departure_time': 9560, 'arrival_time': 9590, 'day': 'current_day', 'from_stop_id': '148-3', 'to_stop_id': '148-2', 'trip_id': 'walking', 'agency_name': 'Unknown'}, {'duration': 270, 'departure_time': 9750, 'arrival_time': 10020, 'day': 'current_day', 'from_stop_id': '148-2', 'to_stop_id': 'B-2', 'trip_id': '4-1-10', 'agency_name': 'Unknown'}, {'duration': 30, 'departure_time': 10020, 'arrival_time': 10050, 'day': 'current_day', 'from_stop_id': 'B-2', 'to_stop_id': 'B-0', 'trip_id': 'walking', 'agency_name': 'Unknown'}, {'duration': 1800, 'departure_time': 10500, 'arrival_time': 12300, 'day': 'current_day', 'from_stop_id': 'B-0', 'to_stop_id': 'A-0', 'trip_id': 'IE-7-1', 'agency_name': 'Unknown'}, {'duration': 30, 'departure_time': 12300, 'arrival_time': 12330, 'day': 'current_day', 'from_stop_id': 'A-0', 'to_stop_id': 'A-1', 'trip_id': 'walking', 'agency_name': 'Unknown'}, {'duration': 270, 'departure_time': 12720, 'arrival_time': 12990, 'day': 'current_day', 'from_stop_id': 'A-1', 'to_stop_id': '59-1', 'trip_id': '1-0-15', 'agency_name': 'Unknown'}, {'duration': 30, 'departure_time': 12990, 'arrival_time': 13020, 'day': 'current_day', 'from_stop_id': '59-1', 'to_stop_id': '59-3', 'trip_id': 'walking', 'agency_name': 'Unknown'}, {'duration': 190, 'departure_time': 13170, 'arrival_time': 13360, 'day': 'current_day', 'from_stop_id': '59-3', 'to_stop_id': '80-3', 'trip_id': '5-0-13', 'agency_name': 'Unknown'}]}",5065.0
234,16,3630,inter,right,105,[212],[16],1000,751,0,0,4381,4441.0,8580.0,8640.0,4139.0,6.0,212,16,,,pt,8640.0,5010.0,"{'duration': 4139, 'source_transfer_time': 0, 'waiting_time': 29, 'trip_time': 4110, 'num_transfers': 6, 'departure_time': 4441, 'departure_day': 'current_day', 'arrival_time': 8580, 'arrival_day': 'current_day', 'steps': [{'duration': 290, 'departure_time': 4470, 'arrival_time': 4760, 'day': 'current_day', 'from_stop_id': '212-3', 'to_stop_id': '209-3', 'trip_id': '6-0-43', 'agency_name': 'Unknown'}, {'duration': 30, 'departure_time': 4760, 'arrival_time': 4790, 'day': 'current_day', 'from_stop_id': '209-3', 'to_stop_id': '209-2', 'trip_id': 'walking', 'agency_name': 'Unknown'}, {'duration': 270, 'departure_time': 4950, 'arrival_time': 5220, 'day': 'current_day', 'from_stop_id': '209-2', 'to_stop_id': 'B-2', 'trip_id': '4-0-2', 'agency_name': 'Unknown'}, {'duration': 30, 'departure_time': 5220, 'arrival_time': 5250, 'day': 'current_day', 'from_stop_id': 'B-2', 'to_stop_id': 'B-0', 'trip_id': 'walking', 'agency_name': 'Unknown'}, {'duration': 1800, 'departure_time': 6000, 'arrival_time': 7800, 'day': 'current_day', 'from_stop_id': 'B-0', 'to_stop_id': 'A-0', 'trip_id': 'IE-4-1', 'agency_name': 'Unknown'}, {'duration': 30, 'departure_time': 7800, 'arrival_time': 7830, 'day': 'current_day', 'from_stop_id': 'A-0', 'to_stop_id': 'A-2', 'trip_id': 'walking', 'agency_name': 'Unknown'}, {'duration': 360, 'departure_time': 8220, 'arrival_time': 8580, 'day': 'current_day', 'from_stop_id': 'A-2', 'to_stop_id': '16-2', 'trip_id': '2-0-7', 'agency_name': 'Unknown'}]}",5010.0
136,114,5970,inter,right,106,[137; 147],[91],500,375,1500,1127,6345,6405.0,10460.0,10520.0,4055.0,6.0,137,91,,,pt,11647.0,5677.0,"{'duration': 4055, 'source_transfer_time': 0, 'waiting_time': 255, 'trip_time': 3800, 'num_transfers': 6, 'departure_time': 6405, 'departure_day': 'current_day', 'arrival_time': 10460, 'arrival_day': 'current_day', 'steps': [{'duration': 360, 'departure_time': 6660, 'arrival_time': 7020, 'day': 'current_day', 'from_stop_id': '137-2', 'to_stop_id': 'B-2', 'trip_id': '4-1-5', 'agency_name': 'Unknown'}, {'duration': 30, 'departure_time': 7020, 'arrival_time': 7050, 'day': 'current_day', 'from_stop_id': 'B-2', 'to_stop_id': 'B-0', 'trip_id': 'walking', 'agency_name': 'Unknown'}, {'duration': 1800, 'departure_time': 7500, 'arrival_time': 9300, 'day': 'current_day', 'from_stop_id': 'B-0', 'to_stop_id': 'A-0', 'trip_id': 'IE-5-1', 'agency_name': 'Unknown'}, {'duration': 30, 'departure_time': 9300, 'arrival_time': 9330, 'day': 'current_day', 'from_stop_id': 'A-0', 'to_stop_id': 'A-1', 'trip_id': 'walking', 'agency_name': 'Unknown'}, {'duration': 270, 'departure_time': 9720, 'arrival_time': 9990, 'day': 'current_day', 'from_stop_id': 'A-1', 'to_stop_id': '59-1', 'trip_id': '1-0-10', 'agency_name': 'Unknown'}, {'duration': 30, 'departure_time': 9990, 'arrival_time': 10020, 'day': 'current_day', 'from_stop_id': '59-1', 'to_stop_id': '59-3', 'trip_id': 'walking', 'agency_name': 'Unknown'}, {'duration': 290, 'departure_time': 10170, 'arrival_time': 10460, 'day': 'current_day', 'from_stop_id': '59-3', 'to_stop_id': '91-3', 'trip_id': '5-0-8', 'agency_name': 'Unknown'}]}",5677.0
169,73,10800,inter,right,107,[237; 238],[74],500,375,500,375,11175,11235.0,14560.0,14620.0,3325.0,6.0,237,74,,,pt,14995.0,4195.0,"{'duration': 3325, 'source_transfer_time': 0, 'waiting_time': 495, 'trip_time': 2830, 'num_transfers': 6, 'departure_time': 11235, 'departure_day': 'current_day', 'arrival_time': 14560, 'arrival_day': 'current_day', 'steps': [{'duration': 90, 'departure_time': 11730, 'arrival_time': 11820, 'day': 'current_day', 'from_stop_id': '237-2', 'to_stop_id': 'B-2', 'trip_id': '4-1-13', 'agency_name': 'Unknown'}, {'duration': 30, 'departure_time': 11820, 'arrival_time': 11850, 'day': 'current_day', 'from_stop_id': 'B-2', 'to_stop_id': 'B-0', 'trip_id': 'walking', 'agency_name': 'Unknown'}, {'duration': 1800, 'departure_time': 12000, 'arrival_time': 13800, 'day': 'current_day', 'from_stop_id': 'B-0', 'to_stop_id': 'A-0', 'trip_id': 'IE-8-1', 'agency_name': 'Unknown'}, {'duration': 30, 'departure_time': 13800, 'arrival_time': 13830, 'day': 'current_day', 'from_stop_id': 'A-0', 'to_stop_id': 'A-1', 'trip_id': 'walking', 'agency_name': 'Unknown'}, {'duration': 270, 'departure_time': 13920, 'arrival_time': 14190, 'day': 'current_day', 'from_stop_id': 'A-1', 'to_stop_id': '56-1', 'trip_id': '1-1-17', 'agency_name': 'Unknown'}, {'duration': 30, 'departure_time': 14190, 'arrival_time': 14220, 'day': 'current_day', 'from_stop_id': '56-1', 'to_stop_id': '56-3', 'trip_id': 'walking', 'agency_name': 'Unknown'}, {'duration': 190, 'departure_time': 14370, 'arrival_time': 14560, 'day': 'current_day', 'from_stop_id': '56-3', 'to_stop_id': '74-3', 'trip_id': '5-1-17', 'agency_name': 'Unknown'}]}",4195.0
225,38,9780,inter,right,108,[212],[38],1500,1127,0,0,10907,10967.0,14400.0,14460.0,3433.0,6.0,212,38,,,pt,14460.0,4680.0,"{'duration': 3433, 'source_transfer_time': 0, 'waiting_time': 103, 'trip_time': 3330, 'num_transfers': 6, 'departure_time': 10967, 'departure_day': 'current_day', 'arrival_time': 14400, 'arrival_day': 'current_day', 'steps': [{'duration': 290, 'departure_time': 11070, 'arrival_time': 11360, 'day': 'current_day', 'from_stop_id': '212-3', 'to_stop_id': '209-3', 'trip_id': '6-0-9', 'agency_name': 'Unknown'}, {'duration': 30, 'departure_time': 11360, 'arrival_time': 11390, 'day': 'current_day', 'from_stop_id': '209-3', 'to_stop_id': '209-2', 'trip_id': 'walking', 'agency_name': 'Unknown'}, {'duration': 270, 'departure_time': 11550, 'arrival_time': 11820, 'day': 'current_day', 'from_stop_id': '209-2', 'to_stop_id': 'B-2', 'trip_id': '4-0-13', 'agency_name': 'Unknown'}, {'duration': 30, 'departure_time': 11820, 'arrival_time': 11850, 'day': 'current_day', 'from_stop_id': 'B-2', 'to_stop_id': 'B-0', 'trip_id': 'walking', 'agency_name': 'Unknown'}, {'duration': 1800, 'departure_time': 12000, 'arrival_time': 13800, 'day': 'current_day', 'from_stop_id': 'B-0', 'to_stop_id': 'A-0', 'trip_id': 'IE-8-1', 'agency_name': 'Unknown'}, {'duration': 30, 'departure_time': 13800, 'arrival_time': 13830, 'day': 'current_day', 'from_stop_id': 'A-0', 'to_stop_id': 'A-2', 'trip_id': 'walking', 'agency_name': 'Unknown'}, {'duration': 180, 'departure_time': 14220, 'arrival_time': 14400, 'day': 'current_day', 'from_stop_id': 'A-2', 'to_stop_id': '38-2', 'trip_id': '2-0-17', 'agency_name': 'Unknown'}]}",4680.0
191,37,12060,inter,right,109,[181; 190],[26; 38],500,375,500,375,12435,12495.0,15600.0,15660.0,3105.0,4.0,181,38,,,pt,16035.0,3975.0,"{'duration': 3105, 'source_transfer_time': 0, 'waiting_time': 465, 'trip_time': 2640, 'num_transfers': 4, 'departure_time': 12495, 'departure_day': 'current_day', 'arrival_time': 15600, 'arrival_day': 'current_day', 'steps': [{'duration': 360, 'departure_time': 12960, 'arrival_time': 13320, 'day': 'current_day', 'from_stop_id': '181-1', 'to_stop_id': 'B-1', 'trip_id': '3-1-16', 'agency_name': 'Unknown'}, {'duration': 30, 'departure_time': 13320, 'arrival_time': 13350, 'day': 'current_day', 'from_stop_id': 'B-1', 'to_stop_id': 'B-0', 'trip_id': 'walking', 'agency_name': 'Unknown'}, {'duration': 1800, 'departure_time': 13500, 'arrival_time': 15300, 'day': 'current_day', 'from_stop_id': 'B-0', 'to_stop_id': 'A-0', 'trip_id': 'IE-9-1', 'agency_name': 'Unknown'}, {'duration': 30, 'departure_time': 15300, 'arrival_time': 15330, 'day': 'current_day', 'from_stop_id': 'A-0', 'to_stop_id': 'A-2', 'trip_id': 'walking', 'agency_name': 'Unknown'}, {'duration': 180, 'departure_time': 15420, 'arrival_time': 15600, 'day': 'current_day', 'from_stop_id': 'A-2', 'to_stop_id': '38-2', 'trip_id': '2-0-19', 'agency_name': 'Unknown'}]}",3975.0
151,94,3930,inter,right,110,[151],[85],0,0,1500,1127,3930,3990.0,8660.0,8720.0,4670.0,8.0,151,85,,,pt,9847.0,5917.0,"{'duration': 4670, 'source_transfer_time': 0, 'waiting_time': 480, 'trip_time': 4190, 'num_transfers': 8, 'departure_time': 3990, 'departure_day': 'current_day', 'arrival_time': 8660, 'arrival_day': 'current_day', 'steps': [{'duration': 290, 'departure_time': 4470, 'arrival_time': 4760, 'day': 'current_day', 'from_stop_id': '151-3', 'to_stop_id': '148-3', 'trip_id': '6-1-43', 'agency_name': 'Unknown'}, {'duration': 30, 'departure_time': 4760, 'arrival_time': 4790, 'day': 'current_day', 'from_stop_id': '148-3', 'to_stop_id': '148-2', 'trip_id': 'walking', 'agency_name': 'Unknown'}, {'duration': 270, 'departure_time': 4950, 'arrival_time': 5220, 'day': 'current_day', 'from_stop_id': '148-2', 'to_stop_id': 'B-2', 'trip_id': '4-1-2', 'agency_name': 'Unknown'}, {'duration': 30, 'departure_time': 5220, 'arrival_time': 5250, 'day': 'current_day', 'from_stop_id': 'B-2', 'to_stop_id': 'B-0', 'trip_id': 'walking', 'agency_name': 'Unknown'}, {'duration': 1800, 'departure_time': 6000, 'arrival_time': 7800, 'day': 'current_day', 'from_stop_id': 'B-0', 'to_stop_id': 'A-0', 'trip_id': 'IE-4-1', 'agency_name': 'Unknown'}, {'duration': 30, 'departure_time': 7800, 'arrival_time': 7830, 'day': 'current_day', 'from_stop_id': 'A-0', 'to_stop_id': 'A-1', 'trip_id': 'walking', 'agency_name': 'Unknown'}, {'duration': 270, 'departure_time': 7920, 'arrival_time': 8190, 'day': 'current_day', 'from_stop_id': 'A-1', 'to_stop_id': '56-1', 'trip_id': '1-1-7', 'agency_name': 'Unknown'}, {'duration': 30, 'departure_time': 8190, 'arrival_time': 8220, 'day': 'current_day', 'from_stop_id': '56-1', 'to_stop_id': '56-3', 'trip_id': 'walking', 'agency_name': 'Unknown'}, {'duration': 290, 'departure_time': 8370, 'arrival_time': 8660, 'day': 'current_day', 'from_stop_id': '56-3', 'to_stop_id': '85-3', 'trip_id': '5-1-7', 'agency_name': 'Unknown'}]}",5917.0
128,35,13800,inter,right,111,[126; 150],[35],1000,751,0,0,14551,14611.0,19360.0,19420.0,4749.0,6.0,126,35,,,pt,19420.0,5620.0,"{'duration': 4749, 'source_transfer_time': 0, 'waiting_time': 359, 'trip_time': 4390, 'num_transfers': 6, 'departure_time': 14611, 'departure_day': 'current_day', 'arrival_time': 19360, 'arrival_day': 'current_day', 'steps': [{'duration': 450, 'departure_time': 14970, 'arrival_time': 15420, 'day': 'current_day', 'from_stop_id': '126-2', 'to_stop_id': 'B-2', 'trip_id': '4-1-19', 'agency_name': 'Unknown'}, {'duration': 30, 'departure_time': 15420, 'arrival_time': 15450, 'day': 'current_day', 'from_stop_id': 'B-2', 'to_stop_id': 'B-0', 'trip_id': 'walking', 'agency_name': 'Unknown'}, {'duration': 1800, 'departure_time': 16500, 'arrival_time': 18300, 'day': 'current_day', 'from_stop_id': 'B-0', 'to_stop_id': 'A-0', 'trip_id': 'IE-11-1', 'agency_name': 'Unknown'}, {'duration': 30, 'departure_time': 18300, 'arrival_time': 18330, 'day': 'current_day', 'from_stop_id': 'A-0', 'to_stop_id': 'A-1', 'trip_id': 'walking', 'agency_name': 'Unknown'}, {'duration': 270, 'departure_time': 18720, 'arrival_time': 18990, 'day': 'current_day', 'from_stop_id': 'A-1', 'to_stop_id': '56-1', 'trip_id': '1-1-25', 'agency_name': 'Unknown'}, {'duration': 30, 'departure_time': 18990, 'arrival_time': 19020, 'day': 'current_day', 'from_stop_id': '56-1', 'to_stop_id': '56-3', 'trip_id': 'walking', 'agency_name': 'Unknown'}, {'duration': 190, 'departure_time': 19170, 'arrival_time': 19360, 'day': 'current_day', 'from_stop_id': '56-3', 'to_stop_id': '35-3', 'trip_id': '5-0-25', 'agency_name': 'Unknown'}]}",5620.0
203,43,3960,inter,right,112,[182; 201],[41; 61],1000,751,1000,751,4711,4771.0,8370.0,8430.0,3599.0,4.0,182,61,,,pt,9181.0,5221.0,"{'duration': 3599, 'source_transfer_time': 0, 'waiting_time': 299, 'trip_time': 3300, 'num_transfers': 4, 'departure_time': 4771, 'departure_day': 'current_day', 'arrival_time': 8370, 'arrival_day': 'current_day', 'steps': [{'duration': 450, 'departure_time': 5070, 'arrival_time': 5520, 'day': 'current_day', 'from_stop_id': '182-1', 'to_stop_id': 'B-1', 'trip_id': '3-1-3', 'agency_name': 'Unknown'}, {'duration': 30, 'departure_time': 5520, 'arrival_time': 5550, 'day': 'current_day', 'from_stop_id': 'B-1', 'to_stop_id': 'B-0', 'trip_id': 'walking', 'agency_name': 'Unknown'}, {'duration': 1800, 'departure_time': 6000, 'arrival_time': 7800, 'day': 'current_day', 'from_stop_id': 'B-0', 'to_stop_id': 'A-0', 'trip_id': 'IE-4-1', 'agency_name': 'Unknown'}, {'duration': 30, 'departure_time': 7800, 'arrival_time': 7830, 'day': 'current_day', 'from_stop_id': 'A-0', 'to_stop_id': 'A-1', 'trip_id': 'walking', 'agency_name': 'Unknown'}, {'duration': 450, 'departure_time': 7920, 'arrival_time': 8370, 'day': 'current_day', 'from_stop_id': 'A-1', 'to_stop_id': '61-1', 'trip_id': '1-0-7', 'agency_name': 'Unknown'}]}",5221.0
153,8,6150,inter,right,113,[151],[30],1000,751,1000,751,6901,6961.0,11660.0,11720.0,4699.0,8.0,151,30,,,pt,12471.0,6321.0,"{'duration': 4699, 'source_transfer_time': 0, 'waiting_time': 509, 'trip_time': 4190, 'num_transfers': 8, 'departure_time': 6961, 'departure_day': 'current_day', 'arrival_time': 11660, 'arrival_day': 'current_day', 'steps': [{'duration': 290, 'departure_time': 7470, 'arrival_time': 7760, 'day': 'current_day', 'from_stop_id': '151-3', 'to_stop_id': '148-3', 'trip_id': '6-1-3', 'agency_name': 'Unknown'}, {'duration': 30, 'departure_time': 7760, 'arrival_time': 7790, 'day': 'current_day', 'from_stop_id': '148-3', 'to_stop_id': '148-2', 'trip_id': 'walking', 'agency_name': 'Unknown'}, {'duration': 270, 'departure_time': 7950, 'arrival_time': 8220, 'day': 'current_day', 'from_stop_id': '148-2', 'to_stop_id': 'B-2', 'trip_id': '4-1-7', 'agency_name': 'Unknown'}, {'duration': 30, 'departure_time': 8220, 'arrival_time': 8250, 'day': 'current_day', 'from_stop_id': 'B-2', 'to_stop_id': 'B-0', 'trip_id': 'walking', 'agency_name': 'Unknown'}, {'duration': 1800, 'departure_time': 9000, 'arrival_time': 10800, 'day': 'current_day', 'from_stop_id': 'B-0', 'to_stop_id': 'A-0', 'trip_id': 'IE-6-1', 'agency_name': 'Unknown'}, {'duration': 30, 'departure_time': 10800, 'arrival_time': 10830, 'day': 'current_day', 'from_stop_id': 'A-0', 'to_stop_id': 'A-1', 'trip_id': 'walking', 'agency_name': 'Unknown'}, {'duration': 270, 'departure_time': 10920, 'arrival_time': 11190, 'day': 'current_day', 'from_stop_id': 'A-1', 'to_stop_id': '59-1', 'trip_id': '1-0-12', 'agency_name': 'Unknown'}, {'duration': 30, 'departure_time': 11190, 'arrival_time': 11220, 'day': 'current_day', 'from_stop_id': '59-1', 'to_stop_id': '59-3', 'trip_id': 'walking', 'agency_name': 'Unknown'}, {'duration': 290, 'departure_time': 11370, 'arrival_time': 11660, 'day': 'current_day', 'from_stop_id': '59-3', 'to_stop_id': '30-3', 'trip_id': '5-1-10', 'agency_name': 'Unknown'}]}",6321.0
225,45,9780,inter,right,114,[212],[46; 55],1500,1127,500,375,10907,10967.0,14280.0,14340.0,3313.0,6.0,212,55,,,pt,14715.0,4935.0,"{'duration': 3313, 'source_transfer_time': 0, 'waiting_time': 103, 'trip_time': 3210, 'num_transfers': 6, 'departure_time': 10967, 'departure_day': 'current_day', 'arrival_time': 14280, 'arrival_day': 'current_day', 'steps': [{'duration': 290, 'departure_time': 11070, 'arrival_time': 11360, 'day': 'current_day', 'from_stop_id': '212-3', 'to_stop_id': '209-3', 'trip_id': '6-0-9', 'agency_name': 'Unknown'}, {'duration': 30, 'departure_time': 11360, 'arrival_time': 11390, 'day': 'current_day', 'from_stop_id': '209-3', 'to_stop_id': '209-2', 'trip_id': 'walking', 'agency_name': 'Unknown'}, {'duration': 270, 'departure_time': 11550, 'arrival_time': 11820, 'day': 'current_day', 'from_stop_id': '209-2', 'to_stop_id': 'B-2', 'trip_id': '4-0-13', 'agency_name': 'Unknown'}, {'duration': 30, 'departure_time': 11820, 'arrival_time': 11850, 'day': 'current_day', 'from_stop_id': 'B-2', 'to_stop_id': 'B-0', 'trip_id': 'walking', 'agency_name': 'Unknown'}, {'duration': 1800, 'departure_time': 12000, 'arrival_time': 13800, 'day': 'current_day', 'from_stop_id': 'B-0', 'to_stop_id': 'A-0', 'trip_id': 'IE-8-1', 'agency_name': 'Unknown'}, {'duration': 30, 'departure_time': 13800, 'arrival_time': 13830, 'day': 'current_day', 'from_stop_id': 'A-0', 'to_stop_id': 'A-1', 'trip_id': 'walking', 'agency_name': 'Unknown'}, {'duration': 360, 'departure_time': 13920, 'arrival_time': 14280, 'day': 'current_day', 'from_stop_id': 'A-1', 'to_stop_id': '55-1', 'trip_id': '1-1-17', 'agency_name': 'Unknown'}]}",4935.0
163,52,10860,inter,right,115,[162],[51; 60],500,375,500,375,11235,11295.0,16080.0,16140.0,4785.0,6.0,162,60,,,pt,16515.0,5655.0,"{'duration': 4785, 'source_transfer_time': 0, 'waiting_time': 275, 'trip_time': 4510, 'num_transfers': 6, 'departure_time': 11295, 'departure_day': 'current_day', 'arrival_time': 16080, 'arrival_day': 'current_day', 'steps': [{'duration': 390, 'departure_time': 11570, 'arrival_time': 11960, 'day': 'current_day', 'from_stop_id': '162-3', 'to_stop_id': '148-3', 'trip_id': '6-1-10', 'agency_name': 'Unknown'}, {'duration': 30, 'departure_time': 11960, 'arrival_time': 11990, 'day': 'current_day', 'from_stop_id': '148-3', 'to_stop_id': '148-2', 'trip_id': 'walking', 'agency_name': 'Unknown'}, {'duration': 270, 'departure_time': 12150, 'arrival_time': 12420, 'day': 'current_day', 'from_stop_id': '148-2', 'to_stop_id': 'B-2', 'trip_id': '4-1-14', 'agency_name': 'Unknown'}, {'duration': 30, 'departure_time': 12420, 'arrival_time': 12450, 'day': 'current_day', 'from_stop_id': 'B-2', 'to_stop_id': 'B-0', 'trip_id': 'walking', 'agency_name': 'Unknown'}, {'duration': 1800, 'departure_time': 13500, 'arrival_time': 15300, 'day': 'current_day', 'from_stop_id': 'B-0', 'to_stop_id': 'A-0', 'trip_id': 'IE-9-1', 'agency_name': 'Unknown'}, {'duration': 30, 'departure_time': 15300, 'arrival_time': 15330, 'day': 'current_day', 'from_stop_id': 'A-0', 'to_stop_id': 'A-1', 'trip_id': 'walking', 'agency_name': 'Unknown'}, {'duration': 360, 'departure_time': 15720, 'arrival_time': 16080, 'day': 'current_day', 'from_stop_id': 'A-1', 'to_stop_id': '60-1', 'trip_id': '1-0-20', 'agency_name': 'Unknown'}]}",5655.0
135,113,10920,inter,right,116,[146],[91],500,375,1000,751,11295,11355.0,16460.0,16520.0,5105.0,8.0,146,91,,,pt,17271.0,6351.0,"{'duration': 5105, 'source_transfer_time': 0, 'waiting_time': 415, 'trip_time': 4690, 'num_transfers': 8, 'departure_time': 11355, 'departure_day': 'current_day', 'arrival_time': 16460, 'arrival_day': 'current_day', 'steps': [{'duration': 190, 'departure_time': 11770, 'arrival_time': 11960, 'day': 'current_day', 'from_stop_id': '146-3', 'to_stop_id': '148-3', 'trip_id': '6-0-12', 'agency_name': 'Unknown'}, {'duration': 30, 'departure_time': 11960, 'arrival_time': 11990, 'day': 'current_day', 'from_stop_id': '148-3', 'to_stop_id': '148-2', 'trip_id': 'walking', 'agency_name': 'Unknown'}, {'duration': 270, 'departure_time': 12150, 'arrival_time': 12420, 'day': 'current_day', 'from_stop_id': '148-2', 'to_stop_id': 'B-2', 'trip_id': '4-1-14', 'agency_name': 'Unknown'}, {'duration': 30, 'departure_time': 12420, 'arrival_time': 12450, 'day': 'current_day', 'from_stop_id': 'B-2', 'to_stop_id': 'B-0', 'trip_id': 'walking', 'agency_name': 'Unknown'}, {'duration': 1800, 'departure_time': 13500, 'arrival_time': 15300, 'day': 'current_day', 'from_stop_id': 'B-0', 'to_stop_id': 'A-0', 'trip_id': 'IE-9-1', 'agency_name': 'Unknown'}, {'duration': 30, 'departure_time': 15300, 'arrival_time': 15330, 'day': 'current_day', 'from_stop_id': 'A-0', 'to_stop_id': 'A-1', 'trip_id': 'walking', 'agency_name': 'Unknown'}, {'duration': 270, 'departure_time': 15720, 'arrival_time': 15990, 'day': 'current_day', 'from_stop_id': 'A-1', 'to_stop_id': '59-1', 'trip_id': '1-0-20', 'agency_name': 'Unknown'}, {'duration': 30, 'departure_time': 15990, 'arrival_time': 16020, 'day': 'current_day', 'from_stop_id': '59-1', 'to_stop_id': '59-3', 'trip_id': 'walking', 'agency_name': 'Unknown'}, {'duration': 290, 'departure_time': 16170, 'arrival_time': 16460, 'day': 'current_day', 'from_stop_id': '59-3', 'to_stop_id': '91-3', 'trip_id': '5-0-18', 'agency_name': 'Unknown'}]}",6351.0
222,58,4170,inter,right,117,[211],[58],500,375,0,0,4545,4605.0,8100.0,8160.0,3495.0,6.0,211,58,,,pt,8160.0,3990.0,"{'duration': 3495, 'source_transfer_time': 0, 'waiting_time': 565, 'trip_time': 2930, 'num_transfers': 6, 'departure_time': 4605, 'departure_day': 'current_day', 'arrival_time': 8100, 'arrival_day': 'current_day', 'steps': [{'duration': 190, 'departure_time': 5170, 'arrival_time': 5360, 'day': 'current_day', 'from_stop_id': '211-3', 'to_stop_id': '209-3', 'trip_id': '6-0-42', 'agency_name': 'Unknown'}, {'duration': 30, 'departure_time': 5360, 'arrival_time': 5390, 'day': 'current_day', 'from_stop_id': '209-3', 'to_stop_id': '209-2', 'trip_id': 'walking', 'agency_name': 'Unknown'}, {'duration': 270, 'departure_time': 5550, 'arrival_time': 5820, 'day': 'current_day', 'from_stop_id': '209-2', 'to_stop_id': 'B-2', 'trip_id': '4-0-3', 'agency_name': 'Unknown'}, {'duration': 30, 'departure_time': 5820, 'arrival_time': 5850, 'day': 'current_day', 'from_stop_id': 'B-2', 'to_stop_id': 'B-0', 'trip_id': 'walking', 'agency_name': 'Unknown'}, {'duration': 1800, 'departure_time': 6000, 'arrival_time': 7800, 'day': 'current_day', 'from_stop_id': 'B-0', 'to_stop_id': 'A-0', 'trip_id': 'IE-4-1', 'agency_name': 'Unknown'}, {'duration': 30, 'departure_time': 7800, 'arrival_time': 7830, 'day': 'current_day', 'from_stop_id': 'A-0', 'to_stop_id': 'A-1', 'trip_id': 'walking', 'agency_name': 'Unknown'}, {'duration': 180, 'departure_time': 7920, 'arrival_time': 8100, 'day': 'current_day', 'from_stop_id': 'A-1', 'to_stop_id': '58-1', 'trip_id': '1-0-7', 'agency_name': 'Unknown'}]}",3990.0
209,16,10860,inter,right,118,[209],[16],0,0,0,0,10860,10920.0,14580.0,14640.0,3660.0,4.0,209,16,,,pt,14640.0,3780.0,"{'duration': 3660, 'source_transfer_time': 0, 'waiting_time': 30, 'trip_time': 3630, 'num_transfers': 4, 'departure_time': 10920, 'departure_day': 'current_day', 'arrival_time': 14580, 'arrival_day': 'current_day', 'steps': [{'duration': 270, 'departure_time': 10950, 'arrival_time': 11220, 'day': 'current_day', 'from_stop_id': '209-2', 'to_stop_id': 'B-2', 'trip_id': '4-0-12', 'agency_name': 'Unknown'}, {'duration': 30, 'departure_time': 11220, 'arrival_time': 11250, 'day': 'current_day', 'from_stop_id': 'B-2', 'to_stop_id': 'B-0', 'trip_id': 'walking', 'agency_name': 'Unknown'}, {'duration': 1800, 'departure_time': 12000, 'arrival_time': 13800, 'day': 'current_day', 'from_stop_id': 'B-0', 'to_stop_id': 'A-0', 'trip_id': 'IE-8-1', 'agency_name': 'Unknown'}, {'duration': 30, 'departure_time': 13800, 'arrival_time': 13830, 'day': 'current_day', 'from_stop_id': 'A-0', 'to_stop_id': 'A-2', 'trip_id': 'walking', 'agency_name': 'Unknown'}, {'duration': 360, 'departure_time': 14220, 'arrival_time': 14580, 'day': 'current_day', 'from_stop_id': 'A-2', 'to_stop_id': '16-2', 'trip_id': '2-0-17', 'agency_name': 'Unknown'}]}",3780.0
155,60,7140,inter,right,119,[156],[60],500,375,0,0,7515,7575.0,11280.0,11340.0,3705.0,6.0,156,60,,,pt,11340.0,4200.0,"{'duration': 3705, 'source_transfer_time': 0, 'waiting_time': 395, 'trip_time': 3310, 'num_transfers': 6, 'departure_time': 7575, 'departure_day': 'current_day', 'arrival_time': 11280, 'arrival_day': 'current_day', 'steps': [{'duration': 390, 'departure_time': 7970, 'arrival_time': 8360, 'day': 'current_day', 'from_stop_id': '156-3', 'to_stop_id': '148-3', 'trip_id': '6-0-6', 'agency_name': 'Unknown'}, {'duration': 30, 'departure_time': 8360, 'arrival_time': 8390, 'day': 'current_day', 'from_stop_id': '148-3', 'to_stop_id': '148-2', 'trip_id': 'walking', 'agency_name': 'Unknown'}, {'duration': 270, 'departure_time': 8550, 'arrival_time': 8820, 'day': 'current_day', 'from_stop_id': '148-2', 'to_stop_id': 'B-2', 'trip_id': '4-1-8', 'agency_name': 'Unknown'}, {'duration': 30, 'departure_time': 8820, 'arrival_time': 8850, 'day': 'current_day', 'from_stop_id': 'B-2', 'to_stop_id': 'B-0', 'trip_id': 'walking', 'agency_name': 'Unknown'}, {'duration': 1800, 'departure_time': 9000, 'arrival_time': 10800, 'day': 'current_day', 'from_stop_id': 'B-0', 'to_stop_id': 'A-0', 'trip_id': 'IE-6-1', 'agency_name': 'Unknown'}, {'duration': 30, 'departure_time': 10800, 'arrival_time': 10830, 'day': 'current_day', 'from_stop_id': 'A-0', 'to_stop_id': 'A-1', 'trip_id': 'walking', 'agency_name': 'Unknown'}, {'duration': 360, 'departure_time': 10920, 'arrival_time': 11280, 'day': 'current_day', 'from_stop_id': 'A-1', 'to_stop_id': '60-1', 'trip_id': '1-0-12', 'agency_name': 'Unknown'}]}",4200.0
133,68,5430,inter,right,120,[145],[58; 69],1000,751,500,375,6181,6241.0,9900.0,9960.0,3659.0,6.0,145,58,,,pt,10335.0,4905.0,"{'duration': 3659, 'source_transfer_time': 0, 'waiting_time': 29, 'trip_time': 3630, 'num_transfers': 6, 'departure_time': 6241, 'departure_day': 'current_day', 'arrival_time': 9900, 'arrival_day': 'current_day', 'steps': [{'duration': 290, 'departure_time': 6270, 'arrival_time': 6560, 'day': 'current_day', 'from_stop_id': '145-3', 'to_stop_id': '148-3', 'trip_id': '6-0-3', 'agency_name': 'Unknown'}, {'duration': 30, 'departure_time': 6560, 'arrival_time': 6590, 'day': 'current_day', 'from_stop_id': '148-3', 'to_stop_id': '148-2', 'trip_id': 'walking', 'agency_name': 'Unknown'}, {'duration': 270, 'departure_time': 6750, 'arrival_time': 7020, 'day': 'current_day', 'from_stop_id': '148-2', 'to_stop_id': 'B-2', 'trip_id': '4-1-5', 'agency_name': 'Unknown'}, {'duration': 30, 'departure_time': 7020, 'arrival_time': 7050, 'day': 'current_day', 'from_stop_id': 'B-2', 'to_stop_id': 'B-0', 'trip_id': 'walking', 'agency_name': 'Unknown'}, {'duration': 1800, 'departure_time': 7500, 'arrival_time': 9300, 'day': 'current_day', 'from_stop_id': 'B-0', 'to_stop_id': 'A-0', 'trip_id': 'IE-5-1', 'agency_name': 'Unknown'}, {'duration': 30, 'departure_time': 9300, 'arrival_time': 9330, 'day': 'current_day', 'from_stop_id': 'A-0', 'to_stop_id': 'A-1', 'trip_id': 'walking', 'agency_name': 'Unknown'}, {'duration': 180, 'departure_time': 9720, 'arrival_time': 9900, 'day': 'current_day', 'from_stop_id': 'A-1', 'to_stop_id': '58-1', 'trip_id': '1-0-10', 'agency_name': 'Unknown'}]}",4905.0
215,54,6180,inter,right,121,[206],[54],1500,1127,0,0,7307,7367.0,11370.0,11430.0,4003.0,6.0,206,54,,,pt,11430.0,5250.0,"{'duration': 4003, 'source_transfer_time': 0, 'waiting_time': 103, 'trip_time': 3900, 'num_transfers': 6, 'departure_time': 7367, 'departure_day': 'current_day', 'arrival_time': 11370, 'arrival_day': 'current_day', 'steps': [{'duration': 290, 'departure_time': 7470, 'arrival_time': 7760, 'day': 'current_day', 'from_stop_id': '206-3', 'to_stop_id': '209-3', 'trip_id': '6-1-5', 'agency_name': 'Unknown'}, {'duration': 30, 'departure_time': 7760, 'arrival_time': 7790, 'day': 'current_day', 'from_stop_id': '209-3', 'to_stop_id': '209-2', 'trip_id': 'walking', 'agency_name': 'Unknown'}, {'duration': 270, 'departure_time': 7950, 'arrival_time': 8220, 'day': 'current_day', 'from_stop_id': '209-2', 'to_stop_id': 'B-2', 'trip_id': '4-0-7', 'agency_name': 'Unknown'}, {'duration': 30, 'departure_time': 8220, 'arrival_time': 8250, 'day': 'current_day', 'from_stop_id': 'B-2', 'to_stop_id': 'B-0', 'trip_id': 'walking', 'agency_name': 'Unknown'}, {'duration': 1800, 'departure_time': 9000, 'arrival_time': 10800, 'day': 'current_day', 'from_stop_id': 'B-0', 'to_stop_id': 'A-0', 'trip_id': 'IE-6-1', 'agency_name': 'Unknown'}, {'duration': 30, 'departure_time': 10800, 'arrival_time': 10830, 'day': 'current_day', 'from_stop_id': 'A-0', 'to_stop_id': 'A-1', 'trip_id': 'walking', 'agency_name': 'Unknown'}, {'duration': 450, 'departure_time': 10920, 'arrival_time': 11370, 'day': 'current_day', 'from_stop_id': 'A-1', 'to_stop_id': '54-1', 'trip_id': '1-1-12', 'agency_name': 'Unknown'}]}",5250.0
130,104,9690,inter,right,122,[151],[91],1500,1127,1500,1127,10817,10877.0,14660.0,14720.0,3783.0,8.0,151,91,,,pt,15847.0,6157.0,"{'duration': 3783, 'source_transfer_time': 0, 'waiting_time': 193, 'trip_time': 3590, 'num_transfers': 8, 'departure_time': 10877, 'departure_day': 'current_day', 'arrival_time': 14660, 'arrival_day': 'current_day', 'steps': [{'duration': 290, 'departure_time': 11070, 'arrival_time': 11360, 'day': 'current_day', 'from_stop_id': '151-3', 'to_stop_id': '148-3', 'trip_id': '6-1-9', 'agency_name': 'Unknown'}, {'duration': 30, 'departure_time': 11360, 'arrival_time': 11390, 'day': 'current_day', 'from_stop_id': '148-3', 'to_stop_id': '148-2', 'trip_id': 'walking', 'agency_name': 'Unknown'}, {'duration': 270, 'departure_time': 11550, 'arrival_time': 11820, 'day': 'current_day', 'from_stop_id': '148-2', 'to_stop_id': 'B-2', 'trip_id': '4-1-13', 'agency_name': 'Unknown'}, {'duration': 30, 'departure_time': 11820, 'arrival_time': 11850, 'day': 'current_day', 'from_stop_id': 'B-2', 'to_stop_id': 'B-0', 'trip_id': 'walking', 'agency_name': 'Unknown'}, {'duration': 1800, 'departure_time': 12000, 'arrival_time': 13800, 'day': 'current_day', 'from_stop_id': 'B-0', 'to_stop_id': 'A-0', 'trip_id': 'IE-8-1', 'agency_name': 'Unknown'}, {'duration': 30, 'departure_time': 13800, 'arrival_time': 13830, 'day': 'current_day', 'from_stop_id': 'A-0', 'to_stop_id': 'A-1', 'trip_id': 'walking', 'agency_name': 'Unknown'}, {'duration': 270, 'departure_time': 13920, 'arrival_time': 14190, 'day': 'current_day', 'from_stop_id': 'A-1', 'to_stop_id': '59-1', 'trip_id': '1-0-17', 'agency_name': 'Unknown'}, {'duration': 30, 'departure_time': 14190, 'arrival_time': 14220, 'day': 'current_day', 'from_stop_id': '59-1', 'to_stop_id': '59-3', 'trip_id': 'walking', 'agency_name': 'Unknown'}, {'duration': 290, 'departure_time': 14370, 'arrival_time': 14660, 'day': 'current_day', 'from_stop_id': '59-3', 'to_stop_id': '91-3', 'trip_id': '5-0-15', 'agency_name': 'Unknown'}]}",6157.0
141,10,9810,inter,right,123,[151],[30],1000,751,2000,1503,10561,10621.0,14660.0,14720.0,4039.0,8.0,151,30,,,pt,16223.0,6413.0,"{'duration': 4039, 'source_transfer_time': 0, 'waiting_time': 449, 'trip_time': 3590, 'num_transfers': 8, 'departure_time': 10621, 'departure_day': 'current_day', 'arrival_time': 14660, 'arrival_day': 'current_day', 'steps': [{'duration': 290, 'departure_time': 11070, 'arrival_time': 11360, 'day': 'current_day', 'from_stop_id': '151-3', 'to_stop_id': '148-3', 'trip_id': '6-1-9', 'agency_name': 'Unknown'}, {'duration': 30, 'departure_time': 11360, 'arrival_time': 11390, 'day': 'current_day', 'from_stop_id': '148-3', 'to_stop_id': '148-2', 'trip_id': 'walking', 'agency_name': 'Unknown'}, {'duration': 270, 'departure_time': 11550, 'arrival_time': 11820, 'day': 'current_day', 'from_stop_id': '148-2', 'to_stop_id': 'B-2', 'trip_id': '4-1-13', 'agency_name': 'Unknown'}, {'duration': 30, 'departure_time': 11820, 'arrival_time': 11850, 'day': 'current_day', 'from_stop_id': 'B-2', 'to_stop_id': 'B-0', 'trip_id': 'walking', 'agency_name': 'Unknown'}, {'duration': 1800, 'departure_time': 12000, 'arrival_time': 13800, 'day': 'current_day', 'from_stop_id': 'B-0', 'to_stop_id': 'A-0', 'trip_id': 'IE-8-1', 'agency_name': 'Unknown'}, {'duration': 30, 'departure_time': 13800, 'arrival_time': 13830, 'day': 'current_day', 'from_stop_id': 'A-0', 'to_stop_id': 'A-1', 'trip_id': 'walking', 'agency_name': 'Unknown'}, {'duration': 270, 'departure_time': 13920, 'arrival_time': 14190, 'day': 'current_day', 'from_stop_id': 'A-1', 'to_stop_id': '59-1', 'trip_id': '1-0-17', 'agency_name': 'Unknown'}, {'duration': 30, 'departure_time': 14190, 'arrival_time': 14220, 'day': 'current_day', 'from_stop_id': '59-1', 'to_stop_id': '59-3', 'trip_id': 'walking', 'agency_name': 'Unknown'}, {'duration': 290, 'departure_time': 14370, 'arrival_time': 14660, 'day': 'current_day', 'from_stop_id': '59-3', 'to_stop_id': '30-3', 'trip_id': '5-1-15', 'agency_name': 'Unknown'}]}",6413.0
172,20,12630,inter,right,124,[172],[30],0,0,1000,751,12630,12690.0,17660.0,17720.0,4970.0,8.0,172,30,,,pt,18471.0,5841.0,"{'duration': 4970, 'source_transfer_time': 0, 'waiting_time': 380, 'trip_time': 4590, 'num_transfers': 8, 'departure_time': 12690, 'departure_day': 'current_day', 'arrival_time': 17660, 'arrival_day': 'current_day', 'steps': [{'duration': 90, 'departure_time': 13070, 'arrival_time': 13160, 'day': 'current_day', 'from_stop_id': '172-3', 'to_stop_id': '180-3', 'trip_id': '6-0-13', 'agency_name': 'Unknown'}, {'duration': 30, 'departure_time': 13160, 'arrival_time': 13190, 'day': 'current_day', 'from_stop_id': '180-3', 'to_stop_id': '180-1', 'trip_id': 'walking', 'agency_name': 'Unknown'}, {'duration': 270, 'departure_time': 13650, 'arrival_time': 13920, 'day': 'current_day', 'from_stop_id': '180-1', 'to_stop_id': 'B-1', 'trip_id': '3-1-17', 'agency_name': 'Unknown'}, {'duration': 30, 'departure_time': 13920, 'arrival_time': 13950, 'day': 'current_day', 'from_stop_id': 'B-1', 'to_stop_id': 'B-0', 'trip_id': 'walking', 'agency_name': 'Unknown'}, {'duration': 1800, 'departure_time': 15000, 'arrival_time': 16800, 'day': 'current_day', 'from_stop_id': 'B-0', 'to_stop_id': 'A-0', 'trip_id': 'IE-10-1', 'agency_name': 'Unknown'}, {'duration': 30, 'departure_time': 16800, 'arrival_time': 16830, 'day': 'current_day', 'from_stop_id': 'A-0', 'to_stop_id': 'A-1', 'trip_id': 'walking', 'agency_name': 'Unknown'}, {'duration': 270, 'departure_time': 16920, 'arrival_time': 17190, 'day': 'current_day', 'from_stop_id': 'A-1', 'to_stop_id': '59-1', 'trip_id': '1-0-22', 'agency_name': 'Unknown'}, {'duration': 30, 'departure_time': 17190, 'arrival_time': 17220, 'day': 'current_day', 'from_stop_id': '59-1', 'to_stop_id': '59-3', 'trip_id': 'walking', 'agency_name': 'Unknown'}, {'duration': 290, 'departure_time': 17370, 'arrival_time': 17660, 'day': 'current_day', 'from_stop_id': '59-3', 'to_stop_id': '30-3', 'trip_id': '5-1-20', 'agency_name': 'Unknown'}]}",5841.0
156,54,11460,inter,right,125,[156],[54],0,0,0,0,11460,11520.0,16170.0,16230.0,4650.0,6.0,156,54,,,pt,16230.0,4770.0,"{'duration': 4650, 'source_transfer_time': 0, 'waiting_time': 50, 'trip_time': 4600, 'num_transfers': 6, 'departure_time': 11520, 'departure_day': 'current_day', 'arrival_time': 16170, 'arrival_day': 'current_day', 'steps': [{'duration': 390, 'departure_time': 11570, 'arrival_time': 11960, 'day': 'current_day', 'from_stop_id': '156-3', 'to_stop_id': '148-3', 'trip_id': '6-0-12', 'agency_name': 'Unknown'}, {'duration': 30, 'departure_time': 11960, 'arrival_time': 11990, 'day': 'current_day', 'from_stop_id': '148-3', 'to_stop_id': '148-2', 'trip_id': 'walking', 'agency_name': 'Unknown'}, {'duration': 270, 'departure_time': 12150, 'arrival_time': 12420, 'day': 'current_day', 'from_stop_id': '148-2', 'to_stop_id': 'B-2', 'trip_id': '4-1-14', 'agency_name': 'Unknown'}, {'duration': 30, 'departure_time': 12420, 'arrival_time': 12450, 'day': 'current_day', 'from_stop_id': 'B-2', 'to_stop_id': 'B-0', 'trip_id': 'walking', 'agency_name': 'Unknown'}, {'duration': 1800, 'departure_time': 13500, 'arrival_time': 15300, 'day': 'current_day', 'from_stop_id': 'B-0', 'to_stop_id': 'A-0', 'trip_id': 'IE-9-1', 'agency_name': 'Unknown'}, {'duration': 30, 'departure_time': 15300, 'arrival_time': 15330, 'day': 'current_day', 'from_stop_id': 'A-0', 'to_stop_id': 'A-1', 'trip_id': 'walking', 'agency_name': 'Unknown'}, {'duration': 450, 'departure_time': 15720, 'arrival_time': 16170, 'day': 'current_day', 'from_stop_id': 'A-1', 'to_stop_id': '54-1', 'trip_id': '1-1-20', 'agency_name': 'Unknown'}]}",4770.0
183,113,9690,inter,right,126,[175],[91],500,375,1000,751,10065,10125.0,14660.0,14720.0,4535.0,6.0,175,91,,,pt,15471.0,5781.0,"{'duration': 4535, 'source_transfer_time': 0, 'waiting_time': 345, 'trip_time': 4190, 'num_transfers': 6, 'departure_time': 10125, 'departure_day': 'current_day', 'arrival_time': 14660, 'arrival_day': 'current_day', 'steps': [{'duration': 450, 'departure_time': 10470, 'arrival_time': 10920, 'day': 'current_day', 'from_stop_id': '175-1', 'to_stop_id': 'B-1', 'trip_id': '3-0-12', 'agency_name': 'Unknown'}, {'duration': 30, 'departure_time': 10920, 'arrival_time': 10950, 'day': 'current_day', 'from_stop_id': 'B-1', 'to_stop_id': 'B-0', 'trip_id': 'walking', 'agency_name': 'Unknown'}, {'duration': 1800, 'departure_time': 12000, 'arrival_time': 13800, 'day': 'current_day', 'from_stop_id': 'B-0', 'to_stop_id': 'A-0', 'trip_id': 'IE-8-1', 'agency_name': 'Unknown'}, {'duration': 30, 'departure_time': 13800, 'arrival_time': 13830, 'day': 'current_day', 'from_stop_id': 'A-0', 'to_stop_id': 'A-1', 'trip_id': 'walking', 'agency_name': 'Unknown'}, {'duration': 270, 'departure_time': 13920, 'arrival_time': 14190, 'day': 'current_day', 'from_stop_id': 'A-1', 'to_stop_id': '59-1', 'trip_id': '1-0-17', 'agency_name': 'Unknown'}, {'duration': 30, 'departure_time': 14190, 'arrival_time': 14220, 'day': 'current_day', 'from_stop_id': '59-1', 'to_stop_id': '59-3', 'trip_id': 'walking', 'agency_name': 'Unknown'}, {'duration': 290, 'departure_time': 14370, 'arrival_time': 14660, 'day': 'current_day', 'from_stop_id': '59-3', 'to_stop_id': '91-3', 'trip_id': '5-0-15', 'agency_name': 'Unknown'}]}",5781.0
146,7,13020,inter,right,127,[146],[5; 29],0,0,1000,751,13020,13080.0,17670.0,17730.0,4590.0,6.0,146,5,,,pt,18481.0,5461.0,"{'duration': 4590, 'source_transfer_time': 0, 'waiting_time': 490, 'trip_time': 4100, 'num_transfers': 6, 'departure_time': 13080, 'departure_day': 'current_day', 'arrival_time': 17670, 'arrival_day': 'current_day', 'steps': [{'duration': 190, 'departure_time': 13570, 'arrival_time': 13760, 'day': 'current_day', 'from_stop_id': '146-3', 'to_stop_id': '148-3', 'trip_id': '6-0-15', 'agency_name': 'Unknown'}, {'duration': 30, 'departure_time': 13760, 'arrival_time': 13790, 'day': 'current_day', 'from_stop_id': '148-3', 'to_stop_id': '148-2', 'trip_id': 'walking', 'agency_name': 'Unknown'}, {'duration': 270, 'departure_time': 13950, 'arrival_time': 14220, 'day': 'current_day', 'from_stop_id': '148-2', 'to_stop_id': 'B-2', 'trip_id': '4-1-17', 'agency_name': 'Unknown'}, {'duration': 30, 'departure_time': 14220, 'arrival_time': 14250, 'day': 'current_day', 'from_stop_id': 'B-2', 'to_stop_id': 'B-0', 'trip_id': 'walking', 'agency_name': 'Unknown'}, {'duration': 1800, 'departure_time': 15000, 'arrival_time': 16800, 'day': 'current_day', 'from_stop_id': 'B-0', 'to_stop_id': 'A-0', 'trip_id': 'IE-10-1', 'agency_name': 'Unknown'}, {'duration': 30, 'departure_time': 16800, 'arrival_time': 16830, 'day': 'current_day', 'from_stop_id': 'A-0', 'to_stop_id': 'A-2', 'trip_id': 'walking', 'agency_name': 'Unknown'}, {'duration': 450, 'departure_time': 17220, 'arrival_time': 17670, 'day': 'current_day', 'from_stop_id': 'A-2', 'to_stop_id': '5-2', 'trip_id': '2-0-22', 'agency_name': 'Unknown'}]}",5461.0
231,30,4650,inter,right,128,[231],[30],0,0,0,0,4650,4710.0,8660.0,8720.0,3950.0,6.0,231,30,,,pt,8720.0,4070.0,"{'duration': 3950, 'source_transfer_time': 0, 'waiting_time': 60, 'trip_time': 3890, 'num_transfers': 6, 'departure_time': 4710, 'departure_day': 'current_day', 'arrival_time': 8660, 'arrival_day': 'current_day', 'steps': [{'duration': 450, 'departure_time': 4770, 'arrival_time': 5220, 'day': 'current_day', 'from_stop_id': '231-2', 'to_stop_id': 'B-2', 'trip_id': '4-0-2', 'agency_name': 'Unknown'}, {'duration': 30, 'departure_time': 5220, 'arrival_time': 5250, 'day': 'current_day', 'from_stop_id': 'B-2', 'to_stop_id': 'B-0', 'trip_id': 'walking', 'agency_name': 'Unknown'}, {'duration': 1800, 'departure_time': 6000, 'arrival_time': 7800, 'day': 'current_day', 'from_stop_id': 'B-0', 'to_stop_id': 'A-0', 'trip_id': 'IE-4-1', 'agency_name': 'Unknown'}, {'duration': 30, 'departure_time': 7800, 'arrival_time': 7830, 'day': 'current_day', 'from_stop_id': 'A-0', 'to_stop_id': 'A-1', 'trip_id': 'walking', 'agency_name': 'Unknown'}, {'duration': 270, 'departure_time': 7920, 'arrival_time': 8190, 'day': 'current_day', 'from_stop_id': 'A-1', 'to_stop_id': '59-1', 'trip_id': '1-0-7', 'agency_name': 'Unknown'}, {'duration': 30, 'departure_time': 8190, 'arrival_time': 8220, 'day': 'current_day', 'from_stop_id': '59-1', 'to_stop_id': '59-3', 'trip_id': 'walking', 'agency_name': 'Unknown'}, {'duration': 290, 'departure_time': 8370, 'arrival_time': 8660, 'day': 'current_day', 'from_stop_id': '59-3', 'to_stop_id': '30-3', 'trip_id': '5-1-5', 'agency_name': 'Unknown'}]}",4070.0
222,53,5880,inter,right,129,[211],[61],500,375,500,375,6255,6315.0,10170.0,10230.0,3855.0,6.0,211,61,,,pt,10605.0,4725.0,"{'duration': 3855, 'source_transfer_time': 0, 'waiting_time': 55, 'trip_time': 3800, 'num_transfers': 6, 'departure_time': 6315, 'departure_day': 'current_day', 'arrival_time': 10170, 'arrival_day': 'current_day', 'steps': [{'duration': 190, 'departure_time': 6370, 'arrival_time': 6560, 'day': 'current_day', 'from_stop_id': '211-3', 'to_stop_id': '209-3', 'trip_id': '6-0-1', 'agency_name': 'Unknown'}, {'duration': 30, 'departure_time': 6560, 'arrival_time': 6590, 'day': 'current_day', 'from_stop_id': '209-3', 'to_stop_id': '209-2', 'trip_id': 'walking', 'agency_name': 'Unknown'}, {'duration': 270, 'departure_time': 6750, 'arrival_time': 7020, 'day': 'current_day', 'from_stop_id': '209-2', 'to_stop_id': 'B-2', 'trip_id': '4-0-5', 'agency_name': 'Unknown'}, {'duration': 30, 'departure_time': 7020, 'arrival_time': 7050, 'day': 'current_day', 'from_stop_id': 'B-2', 'to_stop_id': 'B-0', 'trip_id': 'walking', 'agency_name': 'Unknown'}, {'duration': 1800, 'departure_time': 7500, 'arrival_time': 9300, 'day': 'current_day', 'from_stop_id': 'B-0', 'to_stop_id': 'A-0', 'trip_id': 'IE-5-1', 'agency_name': 'Unknown'}, {'duration': 30, 'departure_time': 9300, 'arrival_time': 9330, 'day': 'current_day', 'from_stop_id': 'A-0', 'to_stop_id': 'A-1', 'trip_id': 'walking', 'agency_name': 'Unknown'}, {'duration': 450, 'departure_time': 9720, 'arrival_time': 10170, 'day': 'current_day', 'from_stop_id': 'A-1', 'to_stop_id': '61-1', 'trip_id': '1-0-10', 'agency_name': 'Unknown'}]}",4725.0
189,9,12600,inter,right,130,[179; 190],[30],500,375,1500,1127,12975,13035.0,16460.0,16520.0,3425.0,6.0,179,30,,,pt,17647.0,5047.0,"{'duration': 3425, 'source_transfer_time': 0, 'waiting_time': 105, 'trip_time': 3320, 'num_transfers': 6, 'departure_time': 13035, 'departure_day': 'current_day', 'arrival_time': 16460, 'arrival_day': 'current_day', 'steps': [{'duration': 180, 'departure_time': 13140, 'arrival_time': 13320, 'day': 'current_day', 'from_stop_id': '179-1', 'to_stop_id': 'B-1', 'trip_id': '3-1-16', 'agency_name': 'Unknown'}, {'duration': 30, 'departure_time': 13320, 'arrival_time': 13350, 'day': 'current_day', 'from_stop_id': 'B-1', 'to_stop_id': 'B-0', 'trip_id': 'walking', 'agency_name': 'Unknown'}, {'duration': 1800, 'departure_time': 13500, 'arrival_time': 15300, 'day': 'current_day', 'from_stop_id': 'B-0', 'to_stop_id': 'A-0', 'trip_id': 'IE-9-1', 'agency_name': 'Unknown'}, {'duration': 30, 'departure_time': 15300, 'arrival_time': 15330, 'day': 'current_day', 'from_stop_id': 'A-0', 'to_stop_id': 'A-1', 'trip_id': 'walking', 'agency_name': 'Unknown'}, {'duration': 270, 'departure_time': 15720, 'arrival_time': 15990, 'day': 'current_day', 'from_stop_id': 'A-1', 'to_stop_id': '59-1', 'trip_id': '1-0-20', 'agency_name': 'Unknown'}, {'duration': 30, 'departure_time': 15990, 'arrival_time': 16020, 'day': 'current_day', 'from_stop_id': '59-1', 'to_stop_id': '59-3', 'trip_id': 'walking', 'agency_name': 'Unknown'}, {'duration': 290, 'departure_time': 16170, 'arrival_time': 16460, 'day': 'current_day', 'from_stop_id': '59-3', 'to_stop_id': '30-3', 'trip_id': '5-1-18', 'agency_name': 'Unknown'}]}",5047.0
133,103,5580,inter,right,131,[145],[91],1000,751,1000,751,6331,6391.0,11660.0,11720.0,5269.0,8.0,145,91,,,pt,12471.0,6891.0,"{'duration': 5269, 'source_transfer_time': 0, 'waiting_time': 479, 'trip_time': 4790, 'num_transfers': 8, 'departure_time': 6391, 'departure_day': 'current_day', 'arrival_time': 11660, 'arrival_day': 'current_day', 'steps': [{'duration': 290, 'departure_time': 6870, 'arrival_time': 7160, 'day': 'current_day', 'from_stop_id': '145-3', 'to_stop_id': '148-3', 'trip_id': '6-0-4', 'agency_name': 'Unknown'}, {'duration': 30, 'departure_time': 7160, 'arrival_time': 7190, 'day': 'current_day', 'from_stop_id': '148-3', 'to_stop_id': '148-2', 'trip_id': 'walking', 'agency_name': 'Unknown'}, {'duration': 270, 'departure_time': 7350, 'arrival_time': 7620, 'day': 'current_day', 'from_stop_id': '148-2', 'to_stop_id': 'B-2', 'trip_id': '4-1-6', 'agency_name': 'Unknown'}, {'duration': 30, 'departure_time': 7620, 'arrival_time': 7650, 'day': 'current_day', 'from_stop_id': 'B-2', 'to_stop_id': 'B-0', 'trip_id': 'walking', 'agency_name': 'Unknown'}, {'duration': 1800, 'departure_time': 9000, 'arrival_time': 10800, 'day': 'current_day', 'from_stop_id': 'B-0', 'to_stop_id': 'A-0', 'trip_id': 'IE-6-1', 'agency_name': 'Unknown'}, {'duration': 30, 'departure_time': 10800, 'arrival_time': 10830, 'day': 'current_day', 'from_stop_id': 'A-0', 'to_stop_id': 'A-1', 'trip_id': 'walking', 'agency_name': 'Unknown'}, {'duration': 270, 'departure_time': 10920, 'arrival_time': 11190, 'day': 'current_day', 'from_stop_id': 'A-1', 'to_stop_id': '59-1', 'trip_id': '1-0-12', 'agency_name': 'Unknown'}, {'duration': 30, 'departure_time': 11190, 'arrival_time': 11220, 'day': 'current_day', 'from_stop_id': '59-1', 'to_stop_id': '59-3', 'trip_id': 'walking', 'agency_name': 'Unknown'}, {'duration': 290, 'departure_time': 11370, 'arrival_time': 11660, 'day': 'current_day', 'from_stop_id': '59-3', 'to_stop_id': '91-3', 'trip_id': '5-0-10', 'agency_name': 'Unknown'}]}",6891.0
203,50,7350,inter,right,132,[182; 201],[51; 58],1000,751,500,375,8101,8161.0,12900.0,12960.0,4739.0,4.0,182,58,,,pt,13335.0,5985.0,"{'duration': 4739, 'source_transfer_time': 0, 'waiting_time': 509, 'trip_time': 4230, 'num_transfers': 4, 'departure_time': 8161, 'departure_day': 'current_day', 'arrival_time': 12900, 'arrival_day': 'current_day', 'steps': [{'duration': 450, 'departure_time': 8670, 'arrival_time': 9120, 'day': 'current_day', 'from_stop_id': '182-1', 'to_stop_id': 'B-1', 'trip_id': '3-1-9', 'agency_name': 'Unknown'}, {'duration': 30, 'departure_time': 9120, 'arrival_time': 9150, 'day': 'current_day', 'from_stop_id': 'B-1', 'to_stop_id': 'B-0', 'trip_id': 'walking', 'agency_name': 'Unknown'}, {'duration': 1800, 'departure_time': 10500, 'arrival_time': 12300, 'day': 'current_day', 'from_stop_id': 'B-0', 'to_stop_id': 'A-0', 'trip_id': 'IE-7-1', 'agency_name': 'Unknown'}, {'duration': 30, 'departure_time': 12300, 'arrival_time': 12330, 'day': 'current_day', 'from_stop_id': 'A-0', 'to_stop_id': 'A-1', 'trip_id': 'walking', 'agency_name': 'Unknown'}, {'duration': 180, 'departure_time': 12720, 'arrival_time': 12900, 'day': 'current_day', 'from_stop_id': 'A-1', 'to_stop_id': '58-1', 'trip_id': '1-0-15', 'agency_name': 'Unknown'}]}",5985.0
207,100,9000,inter,right,133,[207],[89; 99],0,0,500,375,9000,9060.0,12780.0,12840.0,3720.0,6.0,207,99,,,pt,13215.0,4215.0,"{'duration': 3720, 'source_transfer_time': 0, 'waiting_time': 310, 'trip_time': 3410, 'num_transfers': 6, 'departure_time': 9060, 'departure_day': 'current_day', 'arrival_time': 12780, 'arrival_day': 'current_day', 'steps': [{'duration': 190, 'departure_time': 9370, 'arrival_time': 9560, 'day': 'current_day', 'from_stop_id': '207-3', 'to_stop_id': '209-3', 'trip_id': '6-1-8', 'agency_name': 'Unknown'}, {'duration': 30, 'departure_time': 9560, 'arrival_time': 9590, 'day': 'current_day', 'from_stop_id': '209-3', 'to_stop_id': '209-2', 'trip_id': 'walking', 'agency_name': 'Unknown'}, {'duration': 270, 'departure_time': 9750, 'arrival_time': 10020, 'day': 'current_day', 'from_stop_id': '209-2', 'to_stop_id': 'B-2', 'trip_id': '4-0-10', 'agency_name': 'Unknown'}, {'duration': 30, 'departure_time': 10020, 'arrival_time': 10050, 'day': 'current_day', 'from_stop_id': 'B-2', 'to_stop_id': 'B-0', 'trip_id': 'walking', 'agency_name': 'Unknown'}, {'duration': 1800, 'departure_time': 10500, 'arrival_time': 12300, 'day': 'current_day', 'from_stop_id': 'B-0', 'to_stop_id': 'A-0', 'trip_id': 'IE-7-1', 'agency_name': 'Unknown'}, {'duration': 30, 'departure_time': 12300, 'arrival_time': 12330, 'day': 'current_day', 'from_stop_id': 'A-0', 'to_stop_id': 'A-2', 'trip_id': 'walking', 'agency_name': 'Unknown'}, {'duration': 360, 'departure_time': 12420, 'arrival_time': 12780, 'day': 'current_day', 'from_stop_id': 'A-2', 'to_stop_id': '99-2', 'trip_id': '2-1-14', 'agency_name': 'Unknown'}]}",4215.0
205,81,5070,inter,right,134,[206],[80],500,375,500,375,5445,5505.0,10360.0,10420.0,4855.0,8.0,206,80,,,pt,10795.0,5725.0,"{'duration': 4855, 'source_transfer_time': 0, 'waiting_time': 165, 'trip_time': 4690, 'num_transfers': 8, 'departure_time': 5505, 'departure_day': 'current_day', 'arrival_time': 10360, 'arrival_day': 'current_day', 'steps': [{'duration': 290, 'departure_time': 5670, 'arrival_time': 5960, 'day': 'current_day', 'from_stop_id': '206-3', 'to_stop_id': '209-3', 'trip_id': '6-1-2', 'agency_name': 'Unknown'}, {'duration': 30, 'departure_time': 5960, 'arrival_time': 5990, 'day': 'current_day', 'from_stop_id': '209-3', 'to_stop_id': '209-2', 'trip_id': 'walking', 'agency_name': 'Unknown'}, {'duration': 270, 'departure_time': 6150, 'arrival_time': 6420, 'day': 'current_day', 'from_stop_id': '209-2', 'to_stop_id': 'B-2', 'trip_id': '4-0-4', 'agency_name': 'Unknown'}, {'duration': 30, 'departure_time': 6420, 'arrival_time': 6450, 'day': 'current_day', 'from_stop_id': 'B-2', 'to_stop_id': 'B-0', 'trip_id': 'walking', 'agency_name': 'Unknown'}, {'duration': 1800, 'departure_time': 7500, 'arrival_time': 9300, 'day': 'current_day', 'from_stop_id': 'B-0', 'to_stop_id': 'A-0', 'trip_id': 'IE-5-1', 'agency_name': 'Unknown'}, {'duration': 30, 'departure_time': 9300, 'arrival_time': 9330, 'day': 'current_day', 'from_stop_id': 'A-0', 'to_stop_id': 'A-1', 'trip_id': 'walking', 'agency_name': 'Unknown'}, {'duration': 270, 'departure_time': 9720, 'arrival_time': 9990, 'day': 'current_day', 'from_stop_id': 'A-1', 'to_stop_id': '59-1', 'trip_id': '1-0-10', 'agency_name': 'Unknown'}, {'duration': 30, 'departure_time': 9990, 'arrival_time': 10020, 'day': 'current_day', 'from_stop_id': '59-1', 'to_stop_id': '59-3', 'trip_id': 'walking', 'agency_name': 'Unknown'}, {'duration': 190, 'departure_time': 10170, 'arrival_time': 10360, 'day': 'current_day', 'from_stop_id': '59-3', 'to_stop_id': '80-3', 'trip_id': '5-0-8', 'agency_name': 'Unknown'}]}",5725.0
122,74,12060,inter,right,135,[145],[74],1500,1127,0,0,13187,13247.0,17560.0,17620.0,4313.0,8.0,145,74,,,pt,17620.0,5560.0,"{'duration': 4313, 'source_transfer_time': 0, 'waiting_time': 223, 'trip_time': 4090, 'num_transfers': 8, 'departure_time': 13247, 'departure_day': 'current_day', 'arrival_time': 17560, 'arrival_day': 'current_day', 'steps': [{'duration': 290, 'departure_time': 13470, 'arrival_time': 13760, 'day': 'current_day', 'from_stop_id': '145-3', 'to_stop_id': '148-3', 'trip_id': '6-0-15', 'agency_name': 'Unknown'}, {'duration': 30, 'departure_time': 13760, 'arrival_time': 13790, 'day': 'current_day', 'from_stop_id': '148-3', 'to_stop_id': '148-2', 'trip_id': 'walking', 'agency_name': 'Unknown'}, {'duration': 270, 'departure_time': 13950, 'arrival_time': 14220, 'day': 'current_day', 'from_stop_id': '148-2', 'to_stop_id': 'B-2', 'trip_id': '4-1-17', 'agency_name': 'Unknown'}, {'duration': 30, 'departure_time': 14220, 'arrival_time': 14250, 'day': 'current_day', 'from_stop_id': 'B-2', 'to_stop_id': 'B-0', 'trip_id': 'walking', 'agency_name': 'Unknown'}, {'duration': 1800, 'departure_time': 15000, 'arrival_time': 16800, 'day': 'current_day', 'from_stop_id': 'B-0', 'to_stop_id': 'A-0', 'trip_id': 'IE-10-1', 'agency_name': 'Unknown'}, {'duration': 30, 'departure_time': 16800, 'arrival_time': 16830, 'day': 'current_day', 'from_stop_id': 'A-0', 'to_stop_id': 'A-1', 'trip_id': 'walking', 'agency_name': 'Unknown'}, {'duration': 270, 'departure_time': 16920, 'arrival_time': 17190, 'day': 'current_day', 'from_stop_id': 'A-1', 'to_stop_id': '56-1', 'trip_id': '1-1-22', 'agency_name': 'Unknown'}, {'duration': 30, 'departure_time': 17190, 'arrival_time': 17220, 'day': 'current_day', 'from_stop_id': '56-1', 'to_stop_id': '56-3', 'trip_id': 'walking', 'agency_name': 'Unknown'}, {'duration': 190, 'departure_time': 17370, 'arrival_time': 17560, 'day': 'current_day', 'from_stop_id': '56-3', 'to_stop_id': '74-3', 'trip_id': '5-1-22', 'agency_name': 'Unknown'}]}",5560.0
218,108,8070,inter,right,136,[207],[86; 110],500,375,1000,751,8445,8505.0,12870.0,12930.0,4365.0,6.0,207,110,,,pt,13681.0,5611.0,"{'duration': 4365, 'source_transfer_time': 0, 'waiting_time': 265, 'trip_time': 4100, 'num_transfers': 6, 'departure_time': 8505, 'departure_day': 'current_day', 'arrival_time': 12870, 'arrival_day': 'current_day', 'steps': [{'duration': 190, 'departure_time': 8770, 'arrival_time': 8960, 'day': 'current_day', 'from_stop_id': '207-3', 'to_stop_id': '209-3', 'trip_id': '6-1-7', 'agency_name': 'Unknown'}, {'duration': 30, 'departure_time': 8960, 'arrival_time': 8990, 'day': 'current_day', 'from_stop_id': '209-3', 'to_stop_id': '209-2', 'trip_id': 'walking', 'agency_name': 'Unknown'}, {'duration': 270, 'departure_time': 9150, 'arrival_time': 9420, 'day': 'current_day', 'from_stop_id': '209-2', 'to_stop_id': 'B-2', 'trip_id': '4-0-9', 'agency_name': 'Unknown'}, {'duration': 30, 'departure_time': 9420, 'arrival_time': 9450, 'day': 'current_day', 'from_stop_id': 'B-2', 'to_stop_id': 'B-0', 'trip_id': 'walking', 'agency_name': 'Unknown'}, {'duration': 1800, 'departure_time': 10500, 'arrival_time': 12300, 'day': 'current_day', 'from_stop_id': 'B-0', 'to_stop_id': 'A-0', 'trip_id': 'IE-7-1', 'agency_name': 'Unknown'}, {'duration': 30, 'departure_time': 12300, 'arrival_time': 12330, 'day': 'current_day', 'from_stop_id': 'A-0', 'to_stop_id': 'A-2', 'trip_id': 'walking', 'agency_name': 'Unknown'}, {'duration': 450, 'departure_time': 12420, 'arrival_time': 12870, 'day': 'current_day', 'from_stop_id': 'A-2', 'to_stop_id': '110-2', 'trip_id': '2-1-14', 'agency_name': 'Unknown'}]}",5611.0
224,48,8760,inter,right,137,[212],[116; 117],1000,751,500,375,9511,9571.0,14010.0,14070.0,4439.0,6.0,212,117,,,pt,14445.0,5685.0,"{'duration': 4439, 'source_transfer_time': 0, 'waiting_time': 299, 'trip_time': 4140, 'num_transfers': 6, 'departure_time': 9571, 'departure_day': 'current_day', 'arrival_time': 14010, 'arrival_day': 'current_day', 'steps': [{'duration': 290, 'departure_time': 9870, 'arrival_time': 10160, 'day': 'current_day', 'from_stop_id': '212-3', 'to_stop_id': '209-3', 'trip_id': '6-0-7', 'agency_name': 'Unknown'}, {'duration': 30, 'departure_time': 10160, 'arrival_time': 10190, 'day': 'current_day', 'from_stop_id': '209-3', 'to_stop_id': '209-2', 'trip_id': 'walking', 'agency_name': 'Unknown'}, {'duration': 270, 'departure_time': 10350, 'arrival_time': 10620, 'day': 'current_day', 'from_stop_id': '209-2', 'to_stop_id': 'B-2', 'trip_id': '4-0-11', 'agency_name': 'Unknown'}, {'duration': 30, 'departure_time': 10620, 'arrival_time': 10650, 'day': 'current_day', 'from_stop_id': 'B-2', 'to_stop_id': 'B-0', 'trip_id': 'walking', 'agency_name': 'Unknown'}, {'duration': 1800, 'departure_time': 12000, 'arrival_time': 13800, 'day': 'current_day', 'from_stop_id': 'B-0', 'to_stop_id': 'A-0', 'trip_id': 'IE-8-1', 'agency_name': 'Unknown'}, {'duration': 30, 'departure_time': 13800, 'arrival_time': 13830, 'day': 'current_day', 'from_stop_id': 'A-0', 'to_stop_id': 'A-1', 'trip_id': 'walking', 'agency_name': 'Unknown'}, {'duration': 90, 'departure_time': 13920, 'arrival_time': 14010, 'day': 'current_day', 'from_stop_id': 'A-1', 'to_stop_id': '117-1', 'trip_id': '1-1-17', 'agency_name': 'Unknown'}]}",5685.0
133,68,5670,inter,right,138,[145],[58; 69],1000,751,500,375,6421,6481.0,11100.0,11160.0,4619.0,6.0,145,58,,,pt,11535.0,5865.0,"{'duration': 4619, 'source_transfer_time': 0, 'waiting_time': 389, 'trip_time': 4230, 'num_transfers': 6, 'departure_time': 6481, 'departure_day': 'current_day', 'arrival_time': 11100, 'arrival_day': 'current_day', 'steps': [{'duration': 290, 'departure_time': 6870, 'arrival_time': 7160, 'day': 'current_day', 'from_stop_id': '145-3', 'to_stop_id': '148-3', 'trip_id': '6-0-4', 'agency_name': 'Unknown'}, {'duration': 30, 'departure_time': 7160, 'arrival_time': 7190, 'day': 'current_day', 'from_stop_id': '148-3', 'to_stop_id': '148-2', 'trip_id': 'walking', 'agency_name': 'Unknown'}, {'duration': 270, 'departure_time': 7350, 'arrival_time': 7620, 'day': 'current_day', 'from_stop_id': '148-2', 'to_stop_id': 'B-2', 'trip_id': '4-1-6', 'agency_name': 'Unknown'}, {'duration': 30, 'departure_time': 7620, 'arrival_time': 7650, 'day': 'current_day', 'from_stop_id': 'B-2', 'to_stop_id': 'B-0', 'trip_id': 'walking', 'agency_name': 'Unknown'}, {'duration': 1800, 'departure_time': 9000, 'arrival_time': 10800, 'day': 'current_day', 'from_stop_id': 'B-0', 'to_stop_id': 'A-0', 'trip_id': 'IE-6-1', 'agency_name': 'Unknown'}, {'duration': 30, 'departure_time': 10800, 'arrival_time': 10830, 'day': 'current_day', 'from_stop_id': 'A-0', 'to_stop_id': 'A-1', 'trip_id': 'walking', 'agency_name': 'Unknown'}, {'duration': 180, 'departure_time': 10920, 'arrival_time': 11100, 'day': 'current_day', 'from_stop_id': 'A-1', 'to_stop_id': '58-1', 'trip_id': '1-0-12', 'agency_name': 'Unknown'}]}",5865.0
205,71,7170,inter,right,139,[206],[61],500,375,500,375,7545,7605.0,11370.0,11430.0,3765.0,6.0,206,61,,,pt,11805.0,4635.0,"{'duration': 3765, 'source_transfer_time': 0, 'waiting_time': 465, 'trip_time': 3300, 'num_transfers': 6, 'departure_time': 7605, 'departure_day': 'current_day', 'arrival_time': 11370, 'arrival_day': 'current_day', 'steps': [{'duration': 290, 'departure_time': 8070, 'arrival_time': 8360, 'day': 'current_day', 'from_stop_id': '206-3', 'to_stop_id': '209-3', 'trip_id': '6-1-6', 'agency_name': 'Unknown'}, {'duration': 30, 'departure_time': 8360, 'arrival_time': 8390, 'day': 'current_day', 'from_stop_id': '209-3', 'to_stop_id': '209-2', 'trip_id': 'walking', 'agency_name': 'Unknown'}, {'duration': 270, 'departure_time': 8550, 'arrival_time': 8820, 'day': 'current_day', 'from_stop_id': '209-2', 'to_stop_id': 'B-2', 'trip_id': '4-0-8', 'agency_name': 'Unknown'}, {'duration': 30, 'departure_time': 8820, 'arrival_time': 8850, 'day': 'current_day', 'from_stop_id': 'B-2', 'to_stop_id': 'B-0', 'trip_id': 'walking', 'agency_name': 'Unknown'}, {'duration': 1800, 'departure_time': 9000, 'arrival_time': 10800, 'day': 'current_day', 'from_stop_id': 'B-0', 'to_stop_id': 'A-0', 'trip_id': 'IE-6-1', 'agency_name': 'Unknown'}, {'duration': 30, 'departure_time': 10800, 'arrival_time': 10830, 'day': 'current_day', 'from_stop_id': 'A-0', 'to_stop_id': 'A-1', 'trip_id': 'walking', 'agency_name': 'Unknown'}, {'duration': 450, 'departure_time': 10920, 'arrival_time': 11370, 'day': 'current_day', 'from_stop_id': 'A-1', 'to_stop_id': '61-1', 'trip_id': '1-0-12', 'agency_name': 'Unknown'}]}",4635.0
234,28,10200,inter,right,140,[212],[28],1000,751,0,0,10951,11011.0,14860.0,14920.0,3849.0,8.0,212,28,,,pt,14920.0,4720.0,"{'duration': 3849, 'source_transfer_time': 0, 'waiting_time': 59, 'trip_time': 3790, 'num_transfers': 8, 'departure_time': 11011, 'departure_day': 'current_day', 'arrival_time': 14860, 'arrival_day': 'current_day', 'steps': [{'duration': 290, 'departure_time': 11070, 'arrival_time': 11360, 'day': 'current_day', 'from_stop_id': '212-3', 'to_stop_id': '209-3', 'trip_id': '6-0-9', 'agency_name': 'Unknown'}, {'duration': 30, 'departure_time': 11360, 'arrival_time': 11390, 'day': 'current_day', 'from_stop_id': '209-3', 'to_stop_id': '209-2', 'trip_id': 'walking', 'agency_name': 'Unknown'}, {'duration': 270, 'departure_time': 11550, 'arrival_time': 11820, 'day': 'current_day', 'from_stop_id': '209-2', 'to_stop_id': 'B-2', 'trip_id': '4-0-13', 'agency_name': 'Unknown'}, {'duration': 30, 'departure_time': 11820, 'arrival_time': 11850, 'day': 'current_day', 'from_stop_id': 'B-2', 'to_stop_id': 'B-0', 'trip_id': 'walking', 'agency_name': 'Unknown'}, {'duration': 1800, 'departure_time': 12000, 'arrival_time': 13800, 'day': 'current_day', 'from_stop_id': 'B-0', 'to_stop_id': 'A-0', 'trip_id': 'IE-8-1', 'agency_name': 'Unknown'}, {'duration': 30, 'departure_time': 13800, 'arrival_time': 13830, 'day': 'current_day', 'from_stop_id': 'A-0', 'to_stop_id': 'A-1', 'trip_id': 'walking', 'agency_name': 'Unknown'}, {'duration': 270, 'departure_time': 13920, 'arrival_time': 14190, 'day': 'current_day', 'from_stop_id': 'A-1', 'to_stop_id': '59-1', 'trip_id': '1-0-17', 'agency_name': 'Unknown'}, {'duration': 30, 'departure_time': 14190, 'arrival_time': 14220, 'day': 'current_day', 'from_stop_id': '59-1', 'to_stop_id': '59-3', 'trip_id': 'walking', 'agency_name': 'Unknown'}, {'duration': 490, 'departure_time': 14370, 'arrival_time': 14860, 'day': 'current_day', 'from_stop_id': '59-3', 'to_stop_id': '28-3', 'trip_id': '5-1-15', 'agency_name': 'Unknown'}]}",4720.0
134,9,9480,inter,right,141,[145],[30],500,375,1500,1127,9855,9915.0,14660.0,14720.0,4745.0,8.0,145,30,,,pt,15847.0,6367.0,"{'duration': 4745, 'source_transfer_time': 0, 'waiting_time': 555, 'trip_time': 4190, 'num_transfers': 8, 'departure_time': 9915, 'departure_day': 'current_day', 'arrival_time': 14660, 'arrival_day': 'current_day', 'steps': [{'duration': 290, 'departure_time': 10470, 'arrival_time': 10760, 'day': 'current_day', 'from_stop_id': '145-3', 'to_stop_id': '148-3', 'trip_id': '6-0-10', 'agency_name': 'Unknown'}, {'duration': 30, 'departure_time': 10760, 'arrival_time': 10790, 'day': 'current_day', 'from_stop_id': '148-3', 'to_stop_id': '148-2', 'trip_id': 'walking', 'agency_name': 'Unknown'}, {'duration': 270, 'departure_time': 10950, 'arrival_time': 11220, 'day': 'current_day', 'from_stop_id': '148-2', 'to_stop_id': 'B-2', 'trip_id': '4-1-12', 'agency_name': 'Unknown'}, {'duration': 30, 'departure_time': 11220, 'arrival_time': 11250, 'day': 'current_day', 'from_stop_id': 'B-2', 'to_stop_id': 'B-0', 'trip_id': 'walking', 'agency_name': 'Unknown'}, {'duration': 1800, 'departure_time': 12000, 'arrival_time': 13800, 'day': 'current_day', 'from_stop_id': 'B-0', 'to_stop_id': 'A-0', 'trip_id': 'IE-8-1', 'agency_name': 'Unknown'}, {'duration': 30, 'departure_time': 13800, 'arrival_time': 13830, 'day': 'current_day', 'from_stop_id': 'A-0', 'to_stop_id': 'A-1', 'trip_id': 'walking', 'agency_name': 'Unknown'}, {'duration': 270, 'departure_time': 13920, 'arrival_time': 14190, 'day': 'current_day', 'from_stop_id': 'A-1', 'to_stop_id': '59-1', 'trip_id': '1-0-17', 'agency_name': 'Unknown'}, {'duration': 30, 'departure_time': 14190, 'arrival_time': 14220, 'day': 'current_day', 'from_stop_id': '59-1', 'to_stop_id': '59-3', 'trip_id': 'walking', 'agency_name': 'Unknown'}, {'duration': 290, 'departure_time': 14370, 'arrival_time': 14660, 'day': 'current_day', 'from_stop_id': '59-3', 'to_stop_id': '30-3', 'trip_id': '5-1-15', 'agency_name': 'Unknown'}]}",6367.0
170,42,6630,inter,right,142,[237; 239],[41],500,375,500,375,7005,7065.0,10360.0,10420.0,3295.0,6.0,239,41,,,pt,10795.0,4165.0,"{'duration': 3295, 'source_transfer_time': 0, 'waiting_time': 165, 'trip_time': 3130, 'num_transfers': 6, 'departure_time': 7065, 'departure_day': 'current_day', 'arrival_time': 10360, 'arrival_day': 'current_day', 'steps': [{'duration': 90, 'departure_time': 7230, 'arrival_time': 7320, 'day': 'current_day', 'from_stop_id': '239-1', 'to_stop_id': 'B-1', 'trip_id': '3-1-6', 'agency_name': 'Unknown'}, {'duration': 30, 'departure_time': 7320, 'arrival_time': 7350, 'day': 'current_day', 'from_stop_id': 'B-1', 'to_stop_id': 'B-0', 'trip_id': 'walking', 'agency_name': 'Unknown'}, {'duration': 1800, 'departure_time': 7500, 'arrival_time': 9300, 'day': 'current_day', 'from_stop_id': 'B-0', 'to_stop_id': 'A-0', 'trip_id': 'IE-5-1', 'agency_name': 'Unknown'}, {'duration': 30, 'departure_time': 9300, 'arrival_time': 9330, 'day': 'current_day', 'from_stop_id': 'A-0', 'to_stop_id': 'A-1', 'trip_id': 'walking', 'agency_name': 'Unknown'}, {'duration': 270, 'departure_time': 9720, 'arrival_time': 9990, 'day': 'current_day', 'from_stop_id': 'A-1', 'to_stop_id': '59-1', 'trip_id': '1-0-10', 'agency_name': 'Unknown'}, {'duration': 30, 'departure_time': 9990, 'arrival_time': 10020, 'day': 'current_day', 'from_stop_id': '59-1', 'to_stop_id': '59-3', 'trip_id': 'walking', 'agency_name': 'Unknown'}, {'duration': 190, 'departure_time': 10170, 'arrival_time': 10360, 'day': 'current_day', 'from_stop_id': '59-3', 'to_stop_id': '41-3', 'trip_id': '5-1-8', 'agency_name': 'Unknown'}]}",4165.0
184,12,14250,inter,right,143,[176; 185],[24],500,375,1000,751,14625,14685.0,19460.0,19520.0,4775.0,6.0,176,24,,,pt,20271.0,6021.0,"{'duration': 4775, 'source_transfer_time': 0, 'waiting_time': 75, 'trip_time': 4700, 'num_transfers': 6, 'departure_time': 14685, 'departure_day': 'current_day', 'arrival_time': 19460, 'arrival_day': 'current_day', 'steps': [{'duration': 360, 'departure_time': 14760, 'arrival_time': 15120, 'day': 'current_day', 'from_stop_id': '176-1', 'to_stop_id': 'B-1', 'trip_id': '3-0-19', 'agency_name': 'Unknown'}, {'duration': 30, 'departure_time': 15120, 'arrival_time': 15150, 'day': 'current_day', 'from_stop_id': 'B-1', 'to_stop_id': 'B-0', 'trip_id': 'walking', 'agency_name': 'Unknown'}, {'duration': 1800, 'departure_time': 16500, 'arrival_time': 18300, 'day': 'current_day', 'from_stop_id': 'B-0', 'to_stop_id': 'A-0', 'trip_id': 'IE-11-1', 'agency_name': 'Unknown'}, {'duration': 30, 'departure_time': 18300, 'arrival_time': 18330, 'day': 'current_day', 'from_stop_id': 'A-0', 'to_stop_id': 'A-1', 'trip_id': 'walking', 'agency_name': 'Unknown'}, {'duration': 270, 'departure_time': 18720, 'arrival_time': 18990, 'day': 'current_day', 'from_stop_id': 'A-1', 'to_stop_id': '56-1', 'trip_id': '1-1-25', 'agency_name': 'Unknown'}, {'duration': 30, 'departure_time': 18990, 'arrival_time': 19020, 'day': 'current_day', 'from_stop_id': '56-1', 'to_stop_id': '56-3', 'trip_id': 'walking', 'agency_name': 'Unknown'}, {'duration': 290, 'departure_time': 19170, 'arrival_time': 19460, 'day': 'current_day', 'from_stop_id': '56-3', 'to_stop_id': '24-3', 'trip_id': '5-0-25', 'agency_name': 'Unknown'}]}",6021.0
233,44,6360,inter,right,144,[211; 231],[54],1000,751,500,375,7111,7171.0,11370.0,11430.0,4199.0,6.0,211,54,,,pt,11805.0,5445.0,"{'duration': 4199, 'source_transfer_time': 0, 'waiting_time': 399, 'trip_time': 3800, 'num_transfers': 6, 'departure_time': 7171, 'departure_day': 'current_day', 'arrival_time': 11370, 'arrival_day': 'current_day', 'steps': [{'duration': 190, 'departure_time': 7570, 'arrival_time': 7760, 'day': 'current_day', 'from_stop_id': '211-3', 'to_stop_id': '209-3', 'trip_id': '6-0-3', 'agency_name': 'Unknown'}, {'duration': 30, 'departure_time': 7760, 'arrival_time': 7790, 'day': 'current_day', 'from_stop_id': '209-3', 'to_stop_id': '209-2', 'trip_id': 'walking', 'agency_name': 'Unknown'}, {'duration': 270, 'departure_time': 7950, 'arrival_time': 8220, 'day': 'current_day', 'from_stop_id': '209-2', 'to_stop_id': 'B-2', 'trip_id': '4-0-7', 'agency_name': 'Unknown'}, {'duration': 30, 'departure_time': 8220, 'arrival_time': 8250, 'day': 'current_day', 'from_stop_id': 'B-2', 'to_stop_id': 'B-0', 'trip_id': 'walking', 'agency_name': 'Unknown'}, {'duration': 1800, 'departure_time': 9000, 'arrival_time': 10800, 'day': 'current_day', 'from_stop_id': 'B-0', 'to_stop_id': 'A-0', 'trip_id': 'IE-6-1', 'agency_name': 'Unknown'}, {'duration': 30, 'departure_time': 10800, 'arrival_time': 10830, 'day': 'current_day', 'from_stop_id': 'A-0', 'to_stop_id': 'A-1', 'trip_id': 'walking', 'agency_name': 'Unknown'}, {'duration': 450, 'departure_time': 10920, 'arrival_time': 11370, 'day': 'current_day', 'from_stop_id': 'A-1', 'to_stop_id': '54-1', 'trip_id': '1-1-12', 'agency_name': 'Unknown'}]}",5445.0
204,89,14280,inter,right,145,[206],[89],1000,751,0,0,15031,15091.0,19260.0,19320.0,4169.0,8.0,206,89,,,pt,19320.0,5040.0,"{'duration': 4169, 'source_transfer_time': 0, 'waiting_time': 179, 'trip_time': 3990, 'num_transfers': 8, 'departure_time': 15091, 'departure_day': 'current_day', 'arrival_time': 19260, 'arrival_day': 'current_day', 'steps': [{'duration': 290, 'departure_time': 15270, 'arrival_time': 15560, 'day': 'current_day', 'from_stop_id': '206-3', 'to_stop_id': '209-3', 'trip_id': '6-1-18', 'agency_name': 'Unknown'}, {'duration': 30, 'departure_time': 15560, 'arrival_time': 15590, 'day': 'current_day', 'from_stop_id': '209-3', 'to_stop_id': '209-2', 'trip_id': 'walking', 'agency_name': 'Unknown'}, {'duration': 270, 'departure_time': 15750, 'arrival_time': 16020, 'day': 'current_day', 'from_stop_id': '209-2', 'to_stop_id': 'B-2', 'trip_id': '4-0-20', 'agency_name': 'Unknown'}, {'duration': 30, 'departure_time': 16020, 'arrival_time': 16050, 'day': 'current_day', 'from_stop_id': 'B-2', 'to_stop_id': 'B-0', 'trip_id': 'walking', 'agency_name': 'Unknown'}, {'duration': 1800, 'departure_time': 16500, 'arrival_time': 18300, 'day': 'current_day', 'from_stop_id': 'B-0', 'to_stop_id': 'A-0', 'trip_id': 'IE-11-1', 'agency_name': 'Unknown'}, {'duration': 30, 'departure_time': 18300, 'arrival_time': 18330, 'day': 'current_day', 'from_stop_id': 'A-0', 'to_stop_id': 'A-2', 'trip_id': 'walking', 'agency_name': 'Unknown'}, {'duration': 270, 'departure_time': 18420, 'arrival_time': 18690, 'day': 'current_day', 'from_stop_id': 'A-2', 'to_stop_id': '88-2', 'trip_id': '2-1-24', 'agency_name': 'Unknown'}, {'duration': 30, 'departure_time': 18690, 'arrival_time': 18720, 'day': 'current_day', 'from_stop_id': '88-2', 'to_stop_id': '88-3', 'trip_id': 'walking', 'agency_name': 'Unknown'}, {'duration': 90, 'departure_time': 19170, 'arrival_time': 19260, 'day': 'current_day', 'from_stop_id': '88-3', 'to_stop_id': '89-3', 'trip_id': '5-1-24', 'agency_name': 'Unknown'}]}",5040.0
236,31,10830,inter,right,146,[212],[30],2000,1503,500,375,12333,12393.0,17660.0,17720.0,5267.0,8.0,212,30,,,pt,18095.0,7265.0,"{'duration': 5267, 'source_transfer_time': 0, 'waiting_time': 477, 'trip_time': 4790, 'num_transfers': 8, 'departure_time': 12393, 'departure_day': 'current_day', 'arrival_time': 17660, 'arrival_day': 'current_day', 'steps': [{'duration': 290, 'departure_time': 12870, 'arrival_time': 13160, 'day': 'current_day', 'from_stop_id': '212-3', 'to_stop_id': '209-3', 'trip_id': '6-0-12', 'agency_name': 'Unknown'}, {'duration': 30, 'departure_time': 13160, 'arrival_time': 13190, 'day': 'current_day', 'from_stop_id': '209-3', 'to_stop_id': '209-2', 'trip_id': 'walking', 'agency_name': 'Unknown'}, {'duration': 270, 'departure_time': 13350, 'arrival_time': 13620, 'day': 'current_day', 'from_stop_id': '209-2', 'to_stop_id': 'B-2', 'trip_id': '4-0-16', 'agency_name': 'Unknown'}, {'duration': 30, 'departure_time': 13620, 'arrival_time': 13650, 'day': 'current_day', 'from_stop_id': 'B-2', 'to_stop_id': 'B-0', 'trip_id': 'walking', 'agency_name': 'Unknown'}, {'duration': 1800, 'departure_time': 15000, 'arrival_time': 16800, 'day': 'current_day', 'from_stop_id': 'B-0', 'to_stop_id': 'A-0', 'trip_id': 'IE-10-1', 'agency_name': 'Unknown'}, {'duration': 30, 'departure_time': 16800, 'arrival_time': 16830, 'day': 'current_day', 'from_stop_id': 'A-0', 'to_stop_id': 'A-1', 'trip_id': 'walking', 'agency_name': 'Unknown'}, {'duration': 270, 'departure_time': 16920, 'arrival_time': 17190, 'day': 'current_day', 'from_stop_id': 'A-1', 'to_stop_id': '59-1', 'trip_id': '1-0-22', 'agency_name': 'Unknown'}, {'duration': 30, 'departure_time': 17190, 'arrival_time': 17220, 'day': 'current_day', 'from_stop_id': '59-1', 'to_stop_id': '59-3', 'trip_id': 'walking', 'agency_name': 'Unknown'}, {'duration': 290, 'departure_time': 17370, 'arrival_time': 17660, 'day': 'current_day', 'from_stop_id': '59-3', 'to_stop_id': '30-3', 'trip_id': '5-1-20', 'agency_name': 'Unknown'}]}",7265.0
222,91,4650,inter,right,147,[211],[91],500,375,0,0,5025,5085.0,8660.0,8720.0,3575.0,8.0,211,91,,,pt,8720.0,4070.0,"{'duration': 3575, 'source_transfer_time': 0, 'waiting_time': 85, 'trip_time': 3490, 'num_transfers': 8, 'departure_time': 5085, 'departure_day': 'current_day', 'arrival_time': 8660, 'arrival_day': 'current_day', 'steps': [{'duration': 190, 'departure_time': 5170, 'arrival_time': 5360, 'day': 'current_day', 'from_stop_id': '211-3', 'to_stop_id': '209-3', 'trip_id': '6-0-42', 'agency_name': 'Unknown'}, {'duration': 30, 'departure_time': 5360, 'arrival_time': 5390, 'day': 'current_day', 'from_stop_id': '209-3', 'to_stop_id': '209-2', 'trip_id': 'walking', 'agency_name': 'Unknown'}, {'duration': 270, 'departure_time': 5550, 'arrival_time': 5820, 'day': 'current_day', 'from_stop_id': '209-2', 'to_stop_id': 'B-2', 'trip_id': '4-0-3', 'agency_name': 'Unknown'}, {'duration': 30, 'departure_time': 5820, 'arrival_time': 5850, 'day': 'current_day', 'from_stop_id': 'B-2', 'to_stop_id': 'B-0', 'trip_id': 'walking', 'agency_name': 'Unknown'}, {'duration': 1800, 'departure_time': 6000, 'arrival_time': 7800, 'day': 'current_day', 'from_stop_id': 'B-0', 'to_stop_id': 'A-0', 'trip_id': 'IE-4-1', 'agency_name': 'Unknown'}, {'duration': 30, 'departure_time': 7800, 'arrival_time': 7830, 'day': 'current_day', 'from_stop_id': 'A-0', 'to_stop_id': 'A-1', 'trip_id': 'walking', 'agency_name': 'Unknown'}, {'duration': 270, 'departure_time': 7920, 'arrival_time': 8190, 'day': 'current_day', 'from_stop_id': 'A-1', 'to_stop_id': '59-1', 'trip_id': '1-0-7', 'agency_name': 'Unknown'}, {'duration': 30, 'departure_time': 8190, 'arrival_time': 8220, 'day': 'current_day', 'from_stop_id': '59-1', 'to_stop_id': '59-3', 'trip_id': 'walking', 'agency_name': 'Unknown'}, {'duration': 290, 'departure_time': 8370, 'arrival_time': 8660, 'day': 'current_day', 'from_stop_id': '59-3', 'to_stop_id': '91-3', 'trip_id': '5-0-5', 'agency_name': 'Unknown'}]}",4070.0
150,77,13650,inter,right,148,[150],[77],0,0,0,0,13650,13710.0,17400.0,17460.0,3690.0,6.0,150,77,,,pt,17460.0,3810.0,"{'duration': 3690, 'source_transfer_time': 0, 'waiting_time': 460, 'trip_time': 3230, 'num_transfers': 6, 'departure_time': 13710, 'departure_day': 'current_day', 'arrival_time': 17400, 'arrival_day': 'current_day', 'steps': [{'duration': 190, 'departure_time': 14170, 'arrival_time': 14360, 'day': 'current_day', 'from_stop_id': '150-3', 'to_stop_id': '148-3', 'trip_id': '6-1-14', 'agency_name': 'Unknown'}, {'duration': 30, 'departure_time': 14360, 'arrival_time': 14390, 'day': 'current_day', 'from_stop_id': '148-3', 'to_stop_id': '148-2', 'trip_id': 'walking', 'agency_name': 'Unknown'}, {'duration': 270, 'departure_time': 14550, 'arrival_time': 14820, 'day': 'current_day', 'from_stop_id': '148-2', 'to_stop_id': 'B-2', 'trip_id': '4-1-18', 'agency_name': 'Unknown'}, {'duration': 30, 'departure_time': 14820, 'arrival_time': 14850, 'day': 'current_day', 'from_stop_id': 'B-2', 'to_stop_id': 'B-0', 'trip_id': 'walking', 'agency_name': 'Unknown'}, {'duration': 1800, 'departure_time': 15000, 'arrival_time': 16800, 'day': 'current_day', 'from_stop_id': 'B-0', 'to_stop_id': 'A-0', 'trip_id': 'IE-10-1', 'agency_name': 'Unknown'}, {'duration': 30, 'departure_time': 16800, 'arrival_time': 16830, 'day': 'current_day', 'from_stop_id': 'A-0', 'to_stop_id': 'A-2', 'trip_id': 'walking', 'agency_name': 'Unknown'}, {'duration': 180, 'departure_time': 17220, 'arrival_time': 17400, 'day': 'current_day', 'from_stop_id': 'A-2', 'to_stop_id': '77-2', 'trip_id': '2-1-22', 'agency_name': 'Unknown'}]}",3810.0
144,9,6090,inter,right,149,[145],[30],500,375,1500,1127,6465,6525.0,11660.0,11720.0,5135.0,8.0,145,30,,,pt,12847.0,6757.0,"{'duration': 5135, 'source_transfer_time': 0, 'waiting_time': 345, 'trip_time': 4790, 'num_transfers': 8, 'departure_time': 6525, 'departure_day': 'current_day', 'arrival_time': 11660, 'arrival_day': 'current_day', 'steps': [{'duration': 290, 'departure_time': 6870, 'arrival_time': 7160, 'day': 'current_day', 'from_stop_id': '145-3', 'to_stop_id': '148-3', 'trip_id': '6-0-4', 'agency_name': 'Unknown'}, {'duration': 30, 'departure_time': 7160, 'arrival_time': 7190, 'day': 'current_day', 'from_stop_id': '148-3', 'to_stop_id': '148-2', 'trip_id': 'walking', 'agency_name': 'Unknown'}, {'duration': 270, 'departure_time': 7350, 'arrival_time': 7620, 'day': 'current_day', 'from_stop_id': '148-2', 'to_stop_id': 'B-2', 'trip_id': '4-1-6', 'agency_name': 'Unknown'}, {'duration': 30, 'departure_time': 7620, 'arrival_time': 7650, 'day': 'current_day', 'from_stop_id': 'B-2', 'to_stop_id': 'B-0', 'trip_id': 'walking', 'agency_name': 'Unknown'}, {'duration': 1800, 'departure_time': 9000, 'arrival_time': 10800, 'day': 'current_day', 'from_stop_id': 'B-0', 'to_stop_id': 'A-0', 'trip_id': 'IE-6-1', 'agency_name': 'Unknown'}, {'duration': 30, 'departure_time': 10800, 'arrival_time': 10830, 'day': 'current_day', 'from_stop_id': 'A-0', 'to_stop_id': 'A-1', 'trip_id': 'walking', 'agency_name': 'Unknown'}, {'duration': 270, 'departure_time': 10920, 'arrival_time': 11190, 'day': 'current_day', 'from_stop_id': 'A-1', 'to_stop_id': '59-1', 'trip_id': '1-0-12', 'agency_name': 'Unknown'}, {'duration': 30, 'departure_time': 11190, 'arrival_time': 11220, 'day': 'current_day', 'from_stop_id': '59-1', 'to_stop_id': '59-3', 'trip_id': 'walking', 'agency_name': 'Unknown'}, {'duration': 290, 'departure_time': 11370, 'arrival_time': 11660, 'day': 'current_day', 'from_stop_id': '59-3', 'to_stop_id': '30-3', 'trip_id': '5-1-10', 'agency_name': 'Unknown'}]}",6757.0
