start,end,rq_time,rq_type,subnetwork,request_id,start_station_street_ids,end_station_street_ids,walk_start_to_station_street_distance,walk_start_to_station_street_tt,walk_station_to_end_street_distance,walk_station_to_end_street_tt,start_station_street_arrival_time,start_station_departure_time,end_station_arrival_time,end_station_street_arrival_time,pt_journey_duration,num_transfers,selected_start_station_id,selected_end_station_id,walking_time,walking_arrival_time,best_option,end_arrival_time,pt_total_journey_duration,pt_journey_plan,best_journey_duration
10,73,10410,intra,left,0,[10],[55; 75; 85; 95],0,0,1000,751,10410,10470.0,12240.0,12300.0,1770.0,0.0,10,75,6015.0,16425.0,pt,13051.0,2641.0,"{'duration': 1770, 'source_transfer_time': 0, 'waiting_time': 510, 'trip_time': 1260, 'num_transfers': 0, 'departure_time': 10470, 'departure_day': 'current_day', 'arrival_time': 12240, 'arrival_day': 'current_day', 'steps': [{'duration': 1260, 'departure_time': 10980, 'arrival_time': 12240, 'day': 'current_day', 'from_stop_id': '10-5', 'to_stop_id': '75-5', 'trip_id': '8-0-13', 'agency_name': 'Unknown'}]}",2641.0
109,79,13680,intra,left,1,[110],[79],500,375,0,0,14055,14115.0,15540.0,15600.0,1425.0,2.0,110,79,2255.0,15935.0,pt,15600.0,1920.0,"{'duration': 1425, 'source_transfer_time': 0, 'waiting_time': 255, 'trip_time': 1170, 'num_transfers': 2, 'departure_time': 14115, 'departure_day': 'current_day', 'arrival_time': 15540, 'arrival_day': 'current_day', 'steps': [{'duration': 450, 'departure_time': 14370, 'arrival_time': 14820, 'day': 'current_day', 'from_stop_id': '110-2', 'to_stop_id': 'A-2', 'trip_id': '2-0-18', 'agency_name': 'Unknown'}, {'duration': 30, 'departure_time': 14820, 'arrival_time': 14850, 'day': 'current_day', 'from_stop_id': 'A-2', 'to_stop_id': 'A-4', 'trip_id': 'walking', 'agency_name': 'Unknown'}, {'duration': 360, 'departure_time': 15180, 'arrival_time': 15540, 'day': 'current_day', 'from_stop_id': 'A-4', 'to_stop_id': '79-4', 'trip_id': '7-0-19', 'agency_name': 'Unknown'}]}",1920.0
62,25,3630,intra,left,2,[54],[24; 36],500,375,500,375,4005,4065.0,5340.0,5400.0,1275.0,2.0,54,36,2631.0,6261.0,pt,5775.0,2145.0,"{'duration': 1275, 'source_transfer_time': 0, 'waiting_time': 405, 'trip_time': 870, 'num_transfers': 2, 'departure_time': 4065, 'departure_day': 'current_day', 'arrival_time': 5340, 'arrival_day': 'current_day', 'steps': [{'duration': 360, 'departure_time': 4470, 'arrival_time': 4830, 'day': 'current_day', 'from_stop_id': '54-1', 'to_stop_id': '117-1', 'trip_id': '1-0-2', 'agency_name': 'Unknown'}, {'duration': 30, 'departure_time': 4830, 'arrival_time': 4860, 'day': 'current_day', 'from_stop_id': '117-1', 'to_stop_id': '117-4', 'trip_id': 'walking', 'agency_name': 'Unknown'}, {'duration': 270, 'departure_time': 5070, 'arrival_time': 5340, 'day': 'current_day', 'from_stop_id': '117-4', 'to_stop_id': '36-4', 'trip_id': '7-1-2', 'agency_name': 'Unknown'}]}",2145.0
111,33,10680,intra,left,3,[110],[11; 23; 35; 54],500,375,1000,751,11055,11115.0,12570.0,12630.0,1455.0,2.0,110,54,4887.0,15567.0,pt,13381.0,2701.0,"{'duration': 1455, 'source_transfer_time': 0, 'waiting_time': 255, 'trip_time': 1200, 'num_transfers': 2, 'departure_time': 11115, 'departure_day': 'current_day', 'arrival_time': 12570, 'arrival_day': 'current_day', 'steps': [{'duration': 450, 'departure_time': 11370, 'arrival_time': 11820, 'day': 'current_day', 'from_stop_id': '110-2', 'to_stop_id': 'A-2', 'trip_id': '2-0-13', 'agency_name': 'Unknown'}, {'duration': 30, 'departure_time': 11820, 'arrival_time': 11850, 'day': 'current_day', 'from_stop_id': 'A-2', 'to_stop_id': 'A-1', 'trip_id': 'walking', 'agency_name': 'Unknown'}, {'duration': 450, 'departure_time': 12120, 'arrival_time': 12570, 'day': 'current_day', 'from_stop_id': 'A-1', 'to_stop_id': '54-1', 'trip_id': '1-1-14', 'agency_name': 'Unknown'}]}",2701.0
110,68,11520,intra,left,4,[110],[68],0,0,0,0,11520,11580.0,13050.0,13110.0,1470.0,2.0,110,68,2255.0,13775.0,pt,13110.0,1590.0,"{'duration': 1470, 'source_transfer_time': 0, 'waiting_time': 390, 'trip_time': 1080, 'num_transfers': 2, 'departure_time': 11580, 'departure_day': 'current_day', 'arrival_time': 13050, 'arrival_day': 'current_day', 'steps': [{'duration': 450, 'departure_time': 11970, 'arrival_time': 12420, 'day': 'current_day', 'from_stop_id': '110-2', 'to_stop_id': 'A-2', 'trip_id': '2-0-14', 'agency_name': 'Unknown'}, {'duration': 30, 'departure_time': 12420, 'arrival_time': 12450, 'day': 'current_day', 'from_stop_id': 'A-2', 'to_stop_id': 'A-4', 'trip_id': 'walking', 'agency_name': 'Unknown'}, {'duration': 270, 'departure_time': 12780, 'arrival_time': 13050, 'day': 'current_day', 'from_stop_id': 'A-4', 'to_stop_id': '68-4', 'trip_id': '7-0-15', 'agency_name': 'Unknown'}]}",1590.0
2,76,4530,intra,left,5,[0; 12; 24],[76],1000,751,0,0,5281,5341.0,6750.0,6810.0,1409.0,2.0,12,76,3383.0,7913.0,pt,6810.0,2280.0,"{'duration': 1409, 'source_transfer_time': 0, 'waiting_time': 119, 'trip_time': 1290, 'num_transfers': 2, 'departure_time': 5341, 'departure_day': 'current_day', 'arrival_time': 6750, 'arrival_day': 'current_day', 'steps': [{'duration': 720, 'departure_time': 5460, 'arrival_time': 6180, 'day': 'current_day', 'from_stop_id': '12-4', 'to_stop_id': 'A-4', 'trip_id': '7-0-4', 'agency_name': 'Unknown'}, {'duration': 30, 'departure_time': 6180, 'arrival_time': 6210, 'day': 'current_day', 'from_stop_id': 'A-4', 'to_stop_id': 'A-5', 'trip_id': 'walking', 'agency_name': 'Unknown'}, {'duration': 270, 'departure_time': 6480, 'arrival_time': 6750, 'day': 'current_day', 'from_stop_id': 'A-5', 'to_stop_id': '76-5', 'trip_id': '8-0-4', 'agency_name': 'Unknown'}]}",2280.0
66,5,7350,intra,left,6,[66],[5],0,0,0,0,7350,7410.0,8670.0,8730.0,1260.0,2.0,66,5,2631.0,9981.0,pt,8730.0,1380.0,"{'duration': 1260, 'source_transfer_time': 0, 'waiting_time': 90, 'trip_time': 1170, 'num_transfers': 2, 'departure_time': 7410, 'departure_day': 'current_day', 'arrival_time': 8670, 'arrival_day': 'current_day', 'steps': [{'duration': 180, 'departure_time': 7500, 'arrival_time': 7680, 'day': 'current_day', 'from_stop_id': '66-5', 'to_stop_id': 'A-5', 'trip_id': '8-1-6', 'agency_name': 'Unknown'}, {'duration': 30, 'departure_time': 7680, 'arrival_time': 7710, 'day': 'current_day', 'from_stop_id': 'A-5', 'to_stop_id': 'A-2', 'trip_id': 'walking', 'agency_name': 'Unknown'}, {'duration': 450, 'departure_time': 8220, 'arrival_time': 8670, 'day': 'current_day', 'from_stop_id': 'A-2', 'to_stop_id': '5-2', 'trip_id': '2-0-7', 'agency_name': 'Unknown'}]}",1380.0
26,136,13860,inter,left,7,[27],[137],500,375,500,375,14235,14295.0,17580.0,17640.0,3285.0,4.0,27,137,,,pt,18015.0,4155.0,"{'duration': 3285, 'source_transfer_time': 0, 'waiting_time': 255, 'trip_time': 3030, 'num_transfers': 4, 'departure_time': 14295, 'departure_day': 'current_day', 'arrival_time': 17580, 'arrival_day': 'current_day', 'steps': [{'duration': 270, 'departure_time': 14550, 'arrival_time': 14820, 'day': 'current_day', 'from_stop_id': '27-2', 'to_stop_id': 'A-2', 'trip_id': '2-1-18', 'agency_name': 'Unknown'}, {'duration': 30, 'departure_time': 14820, 'arrival_time': 14850, 'day': 'current_day', 'from_stop_id': 'A-2', 'to_stop_id': 'A-0', 'trip_id': 'walking', 'agency_name': 'Unknown'}, {'duration': 1800, 'departure_time': 15300, 'arrival_time': 17100, 'day': 'current_day', 'from_stop_id': 'A-0', 'to_stop_id': 'B-0', 'trip_id': 'IE-17-0', 'agency_name': 'Unknown'}, {'duration': 30, 'departure_time': 17100, 'arrival_time': 17130, 'day': 'current_day', 'from_stop_id': 'B-0', 'to_stop_id': 'B-2', 'trip_id': 'walking', 'agency_name': 'Unknown'}, {'duration': 360, 'departure_time': 17220, 'arrival_time': 17580, 'day': 'current_day', 'from_stop_id': 'B-2', 'to_stop_id': '137-2', 'trip_id': '4-0-22', 'agency_name': 'Unknown'}]}",4155.0
114,164,9510,inter,left,8,[103; 115],[182],500,375,1000,751,9885,9945.0,14370.0,14430.0,4425.0,4.0,103,182,,,pt,15181.0,5671.0,"{'duration': 4425, 'source_transfer_time': 0, 'waiting_time': 315, 'trip_time': 4110, 'num_transfers': 4, 'departure_time': 9945, 'departure_day': 'current_day', 'arrival_time': 14370, 'arrival_day': 'current_day', 'steps': [{'duration': 720, 'departure_time': 10260, 'arrival_time': 10980, 'day': 'current_day', 'from_stop_id': '103-4', 'to_stop_id': 'A-4', 'trip_id': '7-1-12', 'agency_name': 'Unknown'}, {'duration': 30, 'departure_time': 10980, 'arrival_time': 11010, 'day': 'current_day', 'from_stop_id': 'A-4', 'to_stop_id': 'A-0', 'trip_id': 'walking', 'agency_name': 'Unknown'}, {'duration': 1800, 'departure_time': 11700, 'arrival_time': 13500, 'day': 'current_day', 'from_stop_id': 'A-0', 'to_stop_id': 'B-0', 'trip_id': 'IE-13-0', 'agency_name': 'Unknown'}, {'duration': 30, 'departure_time': 13500, 'arrival_time': 13530, 'day': 'current_day', 'from_stop_id': 'B-0', 'to_stop_id': 'B-1', 'trip_id': 'walking', 'agency_name': 'Unknown'}, {'duration': 450, 'departure_time': 13920, 'arrival_time': 14370, 'day': 'current_day', 'from_stop_id': 'B-1', 'to_stop_id': '182-1', 'trip_id': '3-0-17', 'agency_name': 'Unknown'}]}",5671.0
101,170,7560,inter,left,9,[79; 91; 99; 103],[170],1000,751,0,0,8311,8371.0,11460.0,11520.0,3089.0,4.0,99,170,,,pt,11520.0,3960.0,"{'duration': 3089, 'source_transfer_time': 0, 'waiting_time': 89, 'trip_time': 3000, 'num_transfers': 4, 'departure_time': 8371, 'departure_day': 'current_day', 'arrival_time': 11460, 'arrival_day': 'current_day', 'steps': [{'duration': 360, 'departure_time': 8460, 'arrival_time': 8820, 'day': 'current_day', 'from_stop_id': '99-2', 'to_stop_id': 'A-2', 'trip_id': '2-0-8', 'agency_name': 'Unknown'}, {'duration': 30, 'departure_time': 8820, 'arrival_time': 8850, 'day': 'current_day', 'from_stop_id': 'A-2', 'to_stop_id': 'A-0', 'trip_id': 'walking', 'agency_name': 'Unknown'}, {'duration': 1800, 'departure_time': 9000, 'arrival_time': 10800, 'day': 'current_day', 'from_stop_id': 'A-0', 'to_stop_id': 'B-0', 'trip_id': 'IE-10-0', 'agency_name': 'Unknown'}, {'duration': 30, 'departure_time': 10800, 'arrival_time': 10830, 'day': 'current_day', 'from_stop_id': 'B-0', 'to_stop_id': 'B-5', 'trip_id': 'walking', 'agency_name': 'Unknown'}, {'duration': 180, 'departure_time': 11280, 'arrival_time': 11460, 'day': 'current_day', 'from_stop_id': 'B-5', 'to_stop_id': '170-5', 'trip_id': '10-1-12', 'agency_name': 'Unknown'}]}",3960.0
101,183,6000,inter,left,10,[79; 91; 99; 103],[175],1000,751,500,375,6751,6811.0,10770.0,10830.0,3959.0,4.0,79,175,,,pt,11205.0,5205.0,"{'duration': 3959, 'source_transfer_time': 0, 'waiting_time': 209, 'trip_time': 3750, 'num_transfers': 4, 'departure_time': 6811, 'departure_day': 'current_day', 'arrival_time': 10770, 'arrival_day': 'current_day', 'steps': [{'duration': 360, 'departure_time': 7020, 'arrival_time': 7380, 'day': 'current_day', 'from_stop_id': '79-4', 'to_stop_id': 'A-4', 'trip_id': '7-1-6', 'agency_name': 'Unknown'}, {'duration': 30, 'departure_time': 7380, 'arrival_time': 7410, 'day': 'current_day', 'from_stop_id': 'A-4', 'to_stop_id': 'A-0', 'trip_id': 'walking', 'agency_name': 'Unknown'}, {'duration': 1800, 'departure_time': 8100, 'arrival_time': 9900, 'day': 'current_day', 'from_stop_id': 'A-0', 'to_stop_id': 'B-0', 'trip_id': 'IE-9-0', 'agency_name': 'Unknown'}, {'duration': 30, 'departure_time': 9900, 'arrival_time': 9930, 'day': 'current_day', 'from_stop_id': 'B-0', 'to_stop_id': 'B-1', 'trip_id': 'walking', 'agency_name': 'Unknown'}, {'duration': 450, 'departure_time': 10320, 'arrival_time': 10770, 'day': 'current_day', 'from_stop_id': 'B-1', 'to_stop_id': '175-1', 'trip_id': '3-1-11', 'agency_name': 'Unknown'}]}",5205.0
66,187,13170,inter,left,11,[66],[187],0,0,0,0,13170,13230.0,16860.0,16920.0,3630.0,4.0,66,187,,,pt,16920.0,3750.0,"{'duration': 3630, 'source_transfer_time': 0, 'waiting_time': 270, 'trip_time': 3360, 'num_transfers': 4, 'departure_time': 13230, 'departure_day': 'current_day', 'arrival_time': 16860, 'arrival_day': 'current_day', 'steps': [{'duration': 180, 'departure_time': 13500, 'arrival_time': 13680, 'day': 'current_day', 'from_stop_id': '66-5', 'to_stop_id': 'A-5', 'trip_id': '8-1-16', 'agency_name': 'Unknown'}, {'duration': 30, 'departure_time': 13680, 'arrival_time': 13710, 'day': 'current_day', 'from_stop_id': 'A-5', 'to_stop_id': 'A-0', 'trip_id': 'walking', 'agency_name': 'Unknown'}, {'duration': 1800, 'departure_time': 14400, 'arrival_time': 16200, 'day': 'current_day', 'from_stop_id': 'A-0', 'to_stop_id': 'B-0', 'trip_id': 'IE-16-0', 'agency_name': 'Unknown'}, {'duration': 30, 'departure_time': 16200, 'arrival_time': 16230, 'day': 'current_day', 'from_stop_id': 'B-0', 'to_stop_id': 'B-5', 'trip_id': 'walking', 'agency_name': 'Unknown'}, {'duration': 180, 'departure_time': 16680, 'arrival_time': 16860, 'day': 'current_day', 'from_stop_id': 'B-5', 'to_stop_id': '187-5', 'trip_id': '10-0-21', 'agency_name': 'Unknown'}]}",3750.0
19,206,7320,inter,left,12,[19],[206],0,0,0,0,7320,7380.0,11820.0,11880.0,4440.0,4.0,19,206,,,pt,11880.0,4560.0,"{'duration': 4440, 'source_transfer_time': 0, 'waiting_time': 270, 'trip_time': 4170, 'num_transfers': 4, 'departure_time': 7380, 'departure_day': 'current_day', 'arrival_time': 11820, 'arrival_day': 'current_day', 'steps': [{'duration': 630, 'departure_time': 7650, 'arrival_time': 8280, 'day': 'current_day', 'from_stop_id': '19-5', 'to_stop_id': 'A-5', 'trip_id': '8-0-7', 'agency_name': 'Unknown'}, {'duration': 30, 'departure_time': 8280, 'arrival_time': 8310, 'day': 'current_day', 'from_stop_id': 'A-5', 'to_stop_id': 'A-0', 'trip_id': 'walking', 'agency_name': 'Unknown'}, {'duration': 1800, 'departure_time': 9000, 'arrival_time': 10800, 'day': 'current_day', 'from_stop_id': 'A-0', 'to_stop_id': 'B-0', 'trip_id': 'IE-10-0', 'agency_name': 'Unknown'}, {'duration': 30, 'departure_time': 10800, 'arrival_time': 10830, 'day': 'current_day', 'from_stop_id': 'B-0', 'to_stop_id': 'B-5', 'trip_id': 'walking', 'agency_name': 'Unknown'}, {'duration': 540, 'departure_time': 11280, 'arrival_time': 11820, 'day': 'current_day', 'from_stop_id': 'B-5', 'to_stop_id': '206-5', 'trip_id': '10-0-12', 'agency_name': 'Unknown'}]}",4560.0
28,164,5310,inter,left,13,[27; 29; 39],[182],500,375,1000,751,5685,5745.0,9570.0,9630.0,3825.0,4.0,27,182,,,pt,10381.0,5071.0,"{'duration': 3825, 'source_transfer_time': 0, 'waiting_time': 405, 'trip_time': 3420, 'num_transfers': 4, 'departure_time': 5745, 'departure_day': 'current_day', 'arrival_time': 9570, 'arrival_day': 'current_day', 'steps': [{'duration': 270, 'departure_time': 6150, 'arrival_time': 6420, 'day': 'current_day', 'from_stop_id': '27-2', 'to_stop_id': 'A-2', 'trip_id': '2-1-4', 'agency_name': 'Unknown'}, {'duration': 30, 'departure_time': 6420, 'arrival_time': 6450, 'day': 'current_day', 'from_stop_id': 'A-2', 'to_stop_id': 'A-0', 'trip_id': 'walking', 'agency_name': 'Unknown'}, {'duration': 1800, 'departure_time': 7200, 'arrival_time': 9000, 'day': 'current_day', 'from_stop_id': 'A-0', 'to_stop_id': 'B-0', 'trip_id': 'IE-8-0', 'agency_name': 'Unknown'}, {'duration': 30, 'departure_time': 9000, 'arrival_time': 9030, 'day': 'current_day', 'from_stop_id': 'B-0', 'to_stop_id': 'B-1', 'trip_id': 'walking', 'agency_name': 'Unknown'}, {'duration': 450, 'departure_time': 9120, 'arrival_time': 9570, 'day': 'current_day', 'from_stop_id': 'B-1', 'to_stop_id': '182-1', 'trip_id': '3-0-9', 'agency_name': 'Unknown'}]}",5071.0
5,171,4380,inter,left,14,[5],[161; 170; 179],0,0,500,375,4380,4440.0,7500.0,7560.0,3060.0,4.0,5,179,,,pt,7935.0,3555.0,"{'duration': 3060, 'source_transfer_time': 0, 'waiting_time': 330, 'trip_time': 2730, 'num_transfers': 4, 'departure_time': 4440, 'departure_day': 'current_day', 'arrival_time': 7500, 'arrival_day': 'current_day', 'steps': [{'duration': 450, 'departure_time': 4770, 'arrival_time': 5220, 'day': 'current_day', 'from_stop_id': '5-2', 'to_stop_id': 'A-2', 'trip_id': '2-1-2', 'agency_name': 'Unknown'}, {'duration': 30, 'departure_time': 5220, 'arrival_time': 5250, 'day': 'current_day', 'from_stop_id': 'A-2', 'to_stop_id': 'A-0', 'trip_id': 'walking', 'agency_name': 'Unknown'}, {'duration': 1800, 'departure_time': 5400, 'arrival_time': 7200, 'day': 'current_day', 'from_stop_id': 'A-0', 'to_stop_id': 'B-0', 'trip_id': 'IE-6-0', 'agency_name': 'Unknown'}, {'duration': 30, 'departure_time': 7200, 'arrival_time': 7230, 'day': 'current_day', 'from_stop_id': 'B-0', 'to_stop_id': 'B-1', 'trip_id': 'walking', 'agency_name': 'Unknown'}, {'duration': 180, 'departure_time': 7320, 'arrival_time': 7500, 'day': 'current_day', 'from_stop_id': 'B-1', 'to_stop_id': '179-1', 'trip_id': '3-0-6', 'agency_name': 'Unknown'}]}",3555.0
40,190,13380,inter,left,15,[40],[180; 189; 201],0,0,500,375,13380,13440.0,16590.0,16650.0,3150.0,4.0,40,180,,,pt,17025.0,3645.0,"{'duration': 3150, 'source_transfer_time': 0, 'waiting_time': 480, 'trip_time': 2670, 'num_transfers': 4, 'departure_time': 13440, 'departure_day': 'current_day', 'arrival_time': 16590, 'arrival_day': 'current_day', 'steps': [{'duration': 360, 'departure_time': 13920, 'arrival_time': 14280, 'day': 'current_day', 'from_stop_id': '40-5', 'to_stop_id': 'A-5', 'trip_id': '8-0-17', 'agency_name': 'Unknown'}, {'duration': 30, 'departure_time': 14280, 'arrival_time': 14310, 'day': 'current_day', 'from_stop_id': 'A-5', 'to_stop_id': 'A-0', 'trip_id': 'walking', 'agency_name': 'Unknown'}, {'duration': 1800, 'departure_time': 14400, 'arrival_time': 16200, 'day': 'current_day', 'from_stop_id': 'A-0', 'to_stop_id': 'B-0', 'trip_id': 'IE-16-0', 'agency_name': 'Unknown'}, {'duration': 30, 'departure_time': 16200, 'arrival_time': 16230, 'day': 'current_day', 'from_stop_id': 'B-0', 'to_stop_id': 'B-1', 'trip_id': 'walking', 'agency_name': 'Unknown'}, {'duration': 270, 'departure_time': 16320, 'arrival_time': 16590, 'day': 'current_day', 'from_stop_id': 'B-1', 'to_stop_id': '180-1', 'trip_id': '3-0-21', 'agency_name': 'Unknown'}]}",3645.0
106,211,5490,inter,left,16,[106],[200; 212],0,0,500,375,5490,5550.0,9540.0,9600.0,3990.0,4.0,106,200,,,pt,9975.0,4485.0,"{'duration': 3990, 'source_transfer_time': 0, 'waiting_time': 120, 'trip_time': 3870, 'num_transfers': 4, 'departure_time': 5550, 'departure_day': 'current_day', 'arrival_time': 9540, 'arrival_day': 'current_day', 'steps': [{'duration': 810, 'departure_time': 5670, 'arrival_time': 6480, 'day': 'current_day', 'from_stop_id': '106-5', 'to_stop_id': 'A-5', 'trip_id': '8-1-4', 'agency_name': 'Unknown'}, {'duration': 30, 'departure_time': 6480, 'arrival_time': 6510, 'day': 'current_day', 'from_stop_id': 'A-5', 'to_stop_id': 'A-0', 'trip_id': 'walking', 'agency_name': 'Unknown'}, {'duration': 1800, 'departure_time': 7200, 'arrival_time': 9000, 'day': 'current_day', 'from_stop_id': 'A-0', 'to_stop_id': 'B-0', 'trip_id': 'IE-8-0', 'agency_name': 'Unknown'}, {'duration': 30, 'departure_time': 9000, 'arrival_time': 9030, 'day': 'current_day', 'from_stop_id': 'B-0', 'to_stop_id': 'B-4', 'trip_id': 'walking', 'agency_name': 'Unknown'}, {'duration': 360, 'departure_time': 9180, 'arrival_time': 9540, 'day': 'current_day', 'from_stop_id': 'B-4', 'to_stop_id': '200-4', 'trip_id': '9-0-9', 'agency_name': 'Unknown'}]}",4485.0
10,188,13830,inter,left,17,[10],[188],0,0,0,0,13830,13890.0,17760.0,17820.0,3870.0,4.0,10,188,,,pt,17820.0,3990.0,"{'duration': 3870, 'source_transfer_time': 0, 'waiting_time': 90, 'trip_time': 3780, 'num_transfers': 4, 'departure_time': 13890, 'departure_day': 'current_day', 'arrival_time': 17760, 'arrival_day': 'current_day', 'steps': [{'duration': 900, 'departure_time': 13980, 'arrival_time': 14880, 'day': 'current_day', 'from_stop_id': '10-5', 'to_stop_id': 'A-5', 'trip_id': '8-0-18', 'agency_name': 'Unknown'}, {'duration': 30, 'departure_time': 14880, 'arrival_time': 14910, 'day': 'current_day', 'from_stop_id': 'A-5', 'to_stop_id': 'A-0', 'trip_id': 'walking', 'agency_name': 'Unknown'}, {'duration': 1800, 'departure_time': 15300, 'arrival_time': 17100, 'day': 'current_day', 'from_stop_id': 'A-0', 'to_stop_id': 'B-0', 'trip_id': 'IE-17-0', 'agency_name': 'Unknown'}, {'duration': 30, 'departure_time': 17100, 'arrival_time': 17130, 'day': 'current_day', 'from_stop_id': 'B-0', 'to_stop_id': 'B-4', 'trip_id': 'walking', 'agency_name': 'Unknown'}, {'duration': 180, 'departure_time': 17580, 'arrival_time': 17760, 'day': 'current_day', 'from_stop_id': 'B-4', 'to_stop_id': '188-4', 'trip_id': '9-0-23', 'agency_name': 'Unknown'}]}",3990.0
11,122,6060,inter,left,18,[11],[121; 133],0,0,500,375,6060,6120.0,11100.0,11160.0,4980.0,4.0,11,133,,,pt,11535.0,5475.0,"{'duration': 4980, 'source_transfer_time': 0, 'waiting_time': 450, 'trip_time': 4530, 'num_transfers': 4, 'departure_time': 6120, 'departure_day': 'current_day', 'arrival_time': 11100, 'arrival_day': 'current_day', 'steps': [{'duration': 810, 'departure_time': 6570, 'arrival_time': 7380, 'day': 'current_day', 'from_stop_id': '11-4', 'to_stop_id': 'A-4', 'trip_id': '7-0-6', 'agency_name': 'Unknown'}, {'duration': 30, 'departure_time': 7380, 'arrival_time': 7410, 'day': 'current_day', 'from_stop_id': 'A-4', 'to_stop_id': 'A-0', 'trip_id': 'walking', 'agency_name': 'Unknown'}, {'duration': 1800, 'departure_time': 8100, 'arrival_time': 9900, 'day': 'current_day', 'from_stop_id': 'A-0', 'to_stop_id': 'B-0', 'trip_id': 'IE-9-0', 'agency_name': 'Unknown'}, {'duration': 30, 'departure_time': 9900, 'arrival_time': 9930, 'day': 'current_day', 'from_stop_id': 'B-0', 'to_stop_id': 'B-4', 'trip_id': 'walking', 'agency_name': 'Unknown'}, {'duration': 720, 'departure_time': 10380, 'arrival_time': 11100, 'day': 'current_day', 'from_stop_id': 'B-4', 'to_stop_id': '133-4', 'trip_id': '9-1-11', 'agency_name': 'Unknown'}]}",5475.0
35,143,4830,inter,left,19,[35],[132; 144],0,0,500,375,4830,4890.0,9210.0,9270.0,4320.0,4.0,35,144,,,pt,9645.0,4815.0,"{'duration': 4320, 'source_transfer_time': 0, 'waiting_time': 240, 'trip_time': 4080, 'num_transfers': 4, 'departure_time': 4890, 'departure_day': 'current_day', 'arrival_time': 9210, 'arrival_day': 'current_day', 'steps': [{'duration': 450, 'departure_time': 5130, 'arrival_time': 5580, 'day': 'current_day', 'from_stop_id': '35-4', 'to_stop_id': 'A-4', 'trip_id': '7-0-3', 'agency_name': 'Unknown'}, {'duration': 30, 'departure_time': 5580, 'arrival_time': 5610, 'day': 'current_day', 'from_stop_id': 'A-4', 'to_stop_id': 'A-0', 'trip_id': 'walking', 'agency_name': 'Unknown'}, {'duration': 1800, 'departure_time': 6300, 'arrival_time': 8100, 'day': 'current_day', 'from_stop_id': 'A-0', 'to_stop_id': 'B-0', 'trip_id': 'IE-7-0', 'agency_name': 'Unknown'}, {'duration': 30, 'departure_time': 8100, 'arrival_time': 8130, 'day': 'current_day', 'from_stop_id': 'B-0', 'to_stop_id': 'B-4', 'trip_id': 'walking', 'agency_name': 'Unknown'}, {'duration': 630, 'departure_time': 8580, 'arrival_time': 9210, 'day': 'current_day', 'from_stop_id': 'B-4', 'to_stop_id': '144-4', 'trip_id': '9-1-8', 'agency_name': 'Unknown'}]}",4815.0
105,145,4860,inter,left,20,[105],[145],0,0,0,0,4860,4920.0,9120.0,9180.0,4200.0,4.0,105,145,,,pt,9180.0,4320.0,"{'duration': 4200, 'source_transfer_time': 0, 'waiting_time': 60, 'trip_time': 4140, 'num_transfers': 4, 'departure_time': 4920, 'departure_day': 'current_day', 'arrival_time': 9120, 'arrival_day': 'current_day', 'steps': [{'duration': 900, 'departure_time': 4980, 'arrival_time': 5880, 'day': 'current_day', 'from_stop_id': '105-5', 'to_stop_id': 'A-5', 'trip_id': '8-1-3', 'agency_name': 'Unknown'}, {'duration': 30, 'departure_time': 5880, 'arrival_time': 5910, 'day': 'current_day', 'from_stop_id': 'A-5', 'to_stop_id': 'A-0', 'trip_id': 'walking', 'agency_name': 'Unknown'}, {'duration': 1800, 'departure_time': 6300, 'arrival_time': 8100, 'day': 'current_day', 'from_stop_id': 'A-0', 'to_stop_id': 'B-0', 'trip_id': 'IE-7-0', 'agency_name': 'Unknown'}, {'duration': 30, 'departure_time': 8100, 'arrival_time': 8130, 'day': 'current_day', 'from_stop_id': 'B-0', 'to_stop_id': 'B-4', 'trip_id': 'walking', 'agency_name': 'Unknown'}, {'duration': 540, 'departure_time': 8580, 'arrival_time': 9120, 'day': 'current_day', 'from_stop_id': 'B-4', 'to_stop_id': '145-4', 'trip_id': '9-1-8', 'agency_name': 'Unknown'}]}",4320.0
67,128,4680,inter,left,21,[67],[126; 130; 140; 150],0,0,1000,751,4680,4740.0,8070.0,8130.0,3330.0,4.0,67,126,,,pt,8881.0,4201.0,"{'duration': 3330, 'source_transfer_time': 0, 'waiting_time': 60, 'trip_time': 3270, 'num_transfers': 4, 'departure_time': 4740, 'departure_day': 'current_day', 'arrival_time': 8070, 'arrival_day': 'current_day', 'steps': [{'duration': 180, 'departure_time': 4800, 'arrival_time': 4980, 'day': 'current_day', 'from_stop_id': '67-4', 'to_stop_id': 'A-4', 'trip_id': '7-1-2', 'agency_name': 'Unknown'}, {'duration': 30, 'departure_time': 4980, 'arrival_time': 5010, 'day': 'current_day', 'from_stop_id': 'A-4', 'to_stop_id': 'A-0', 'trip_id': 'walking', 'agency_name': 'Unknown'}, {'duration': 1800, 'departure_time': 5400, 'arrival_time': 7200, 'day': 'current_day', 'from_stop_id': 'A-0', 'to_stop_id': 'B-0', 'trip_id': 'IE-6-0', 'agency_name': 'Unknown'}, {'duration': 30, 'departure_time': 7200, 'arrival_time': 7230, 'day': 'current_day', 'from_stop_id': 'B-0', 'to_stop_id': 'B-2', 'trip_id': 'walking', 'agency_name': 'Unknown'}, {'duration': 450, 'departure_time': 7620, 'arrival_time': 8070, 'day': 'current_day', 'from_stop_id': 'B-2', 'to_stop_id': '126-2', 'trip_id': '4-0-6', 'agency_name': 'Unknown'}]}",4201.0
75,177,4590,inter,left,22,[75],[177],0,0,0,0,4590,4650.0,7590.0,7650.0,2940.0,4.0,75,177,,,pt,7650.0,3060.0,"{'duration': 2940, 'source_transfer_time': 0, 'waiting_time': 270, 'trip_time': 2670, 'num_transfers': 4, 'departure_time': 4650, 'departure_day': 'current_day', 'arrival_time': 7590, 'arrival_day': 'current_day', 'steps': [{'duration': 360, 'departure_time': 4920, 'arrival_time': 5280, 'day': 'current_day', 'from_stop_id': '75-5', 'to_stop_id': 'A-5', 'trip_id': '8-1-2', 'agency_name': 'Unknown'}, {'duration': 30, 'departure_time': 5280, 'arrival_time': 5310, 'day': 'current_day', 'from_stop_id': 'A-5', 'to_stop_id': 'A-0', 'trip_id': 'walking', 'agency_name': 'Unknown'}, {'duration': 1800, 'departure_time': 5400, 'arrival_time': 7200, 'day': 'current_day', 'from_stop_id': 'A-0', 'to_stop_id': 'B-0', 'trip_id': 'IE-6-0', 'agency_name': 'Unknown'}, {'duration': 30, 'departure_time': 7200, 'arrival_time': 7230, 'day': 'current_day', 'from_stop_id': 'B-0', 'to_stop_id': 'B-1', 'trip_id': 'walking', 'agency_name': 'Unknown'}, {'duration': 270, 'departure_time': 7320, 'arrival_time': 7590, 'day': 'current_day', 'from_stop_id': 'B-1', 'to_stop_id': '177-1', 'trip_id': '3-1-6', 'agency_name': 'Unknown'}]}",3060.0
76,235,5640,inter,left,23,[76],[224; 236],0,0,500,375,5640,5700.0,9900.0,9960.0,4200.0,4.0,76,224,,,pt,10335.0,4695.0,"{'duration': 4200, 'source_transfer_time': 0, 'waiting_time': 510, 'trip_time': 3690, 'num_transfers': 4, 'departure_time': 5700, 'departure_day': 'current_day', 'arrival_time': 9900, 'arrival_day': 'current_day', 'steps': [{'duration': 270, 'departure_time': 6210, 'arrival_time': 6480, 'day': 'current_day', 'from_stop_id': '76-5', 'to_stop_id': 'A-5', 'trip_id': '8-1-4', 'agency_name': 'Unknown'}, {'duration': 30, 'departure_time': 6480, 'arrival_time': 6510, 'day': 'current_day', 'from_stop_id': 'A-5', 'to_stop_id': 'A-0', 'trip_id': 'walking', 'agency_name': 'Unknown'}, {'duration': 1800, 'departure_time': 7200, 'arrival_time': 9000, 'day': 'current_day', 'from_stop_id': 'A-0', 'to_stop_id': 'B-0', 'trip_id': 'IE-8-0', 'agency_name': 'Unknown'}, {'duration': 30, 'departure_time': 9000, 'arrival_time': 9030, 'day': 'current_day', 'from_stop_id': 'B-0', 'to_stop_id': 'B-4', 'trip_id': 'walking', 'agency_name': 'Unknown'}, {'duration': 720, 'departure_time': 9180, 'arrival_time': 9900, 'day': 'current_day', 'from_stop_id': 'B-4', 'to_stop_id': '224-4', 'trip_id': '9-0-9', 'agency_name': 'Unknown'}]}",4695.0
33,136,9510,inter,left,24,[11; 23; 35; 54],[137],1000,751,500,375,10261,10321.0,13980.0,14040.0,3659.0,4.0,11,137,,,pt,14415.0,4905.0,"{'duration': 3659, 'source_transfer_time': 0, 'waiting_time': 449, 'trip_time': 3210, 'num_transfers': 4, 'departure_time': 10321, 'departure_day': 'current_day', 'arrival_time': 13980, 'arrival_day': 'current_day', 'steps': [{'duration': 810, 'departure_time': 10770, 'arrival_time': 11580, 'day': 'current_day', 'from_stop_id': '11-4', 'to_stop_id': 'A-4', 'trip_id': '7-0-13', 'agency_name': 'Unknown'}, {'duration': 30, 'departure_time': 11580, 'arrival_time': 11610, 'day': 'current_day', 'from_stop_id': 'A-4', 'to_stop_id': 'A-0', 'trip_id': 'walking', 'agency_name': 'Unknown'}, {'duration': 1800, 'departure_time': 11700, 'arrival_time': 13500, 'day': 'current_day', 'from_stop_id': 'A-0', 'to_stop_id': 'B-0', 'trip_id': 'IE-13-0', 'agency_name': 'Unknown'}, {'duration': 30, 'departure_time': 13500, 'arrival_time': 13530, 'day': 'current_day', 'from_stop_id': 'B-0', 'to_stop_id': 'B-2', 'trip_id': 'walking', 'agency_name': 'Unknown'}, {'duration': 360, 'departure_time': 13620, 'arrival_time': 13980, 'day': 'current_day', 'from_stop_id': 'B-2', 'to_stop_id': '137-2', 'trip_id': '4-0-16', 'agency_name': 'Unknown'}]}",4905.0
47,142,11130,inter,left,25,[47],[131; 141],0,0,500,375,11130,11190.0,14400.0,14460.0,3210.0,4.0,47,141,,,pt,14835.0,3705.0,"{'duration': 3210, 'source_transfer_time': 0, 'waiting_time': 120, 'trip_time': 3090, 'num_transfers': 4, 'departure_time': 11190, 'departure_day': 'current_day', 'arrival_time': 14400, 'arrival_day': 'current_day', 'steps': [{'duration': 270, 'departure_time': 11310, 'arrival_time': 11580, 'day': 'current_day', 'from_stop_id': '47-4', 'to_stop_id': 'A-4', 'trip_id': '7-0-13', 'agency_name': 'Unknown'}, {'duration': 30, 'departure_time': 11580, 'arrival_time': 11610, 'day': 'current_day', 'from_stop_id': 'A-4', 'to_stop_id': 'A-0', 'trip_id': 'walking', 'agency_name': 'Unknown'}, {'duration': 1800, 'departure_time': 11700, 'arrival_time': 13500, 'day': 'current_day', 'from_stop_id': 'A-0', 'to_stop_id': 'B-0', 'trip_id': 'IE-13-0', 'agency_name': 'Unknown'}, {'duration': 30, 'departure_time': 13500, 'arrival_time': 13530, 'day': 'current_day', 'from_stop_id': 'B-0', 'to_stop_id': 'B-5', 'trip_id': 'walking', 'agency_name': 'Unknown'}, {'duration': 720, 'departure_time': 13680, 'arrival_time': 14400, 'day': 'current_day', 'from_stop_id': 'B-5', 'to_stop_id': '141-5', 'trip_id': '10-1-16', 'agency_name': 'Unknown'}]}",3705.0
70,122,3870,inter,left,26,[60],[121; 133],500,375,500,375,4245,4305.0,8100.0,8160.0,3795.0,4.0,60,133,,,pt,8535.0,4665.0,"{'duration': 3795, 'source_transfer_time': 0, 'waiting_time': 255, 'trip_time': 3540, 'num_transfers': 4, 'departure_time': 4305, 'departure_day': 'current_day', 'arrival_time': 8100, 'arrival_day': 'current_day', 'steps': [{'duration': 360, 'departure_time': 4560, 'arrival_time': 4920, 'day': 'current_day', 'from_stop_id': '60-1', 'to_stop_id': 'A-1', 'trip_id': '1-1-2', 'agency_name': 'Unknown'}, {'duration': 30, 'departure_time': 4920, 'arrival_time': 4950, 'day': 'current_day', 'from_stop_id': 'A-1', 'to_stop_id': 'A-0', 'trip_id': 'walking', 'agency_name': 'Unknown'}, {'duration': 1800, 'departure_time': 5400, 'arrival_time': 7200, 'day': 'current_day', 'from_stop_id': 'A-0', 'to_stop_id': 'B-0', 'trip_id': 'IE-6-0', 'agency_name': 'Unknown'}, {'duration': 30, 'departure_time': 7200, 'arrival_time': 7230, 'day': 'current_day', 'from_stop_id': 'B-0', 'to_stop_id': 'B-4', 'trip_id': 'walking', 'agency_name': 'Unknown'}, {'duration': 720, 'departure_time': 7380, 'arrival_time': 8100, 'day': 'current_day', 'from_stop_id': 'B-4', 'to_stop_id': '133-4', 'trip_id': '9-1-6', 'agency_name': 'Unknown'}]}",4665.0
48,222,4860,inter,left,27,[48],[200; 212; 220; 224],0,0,1000,751,4860,4920.0,8580.0,8640.0,3660.0,4.0,48,220,,,pt,9391.0,4531.0,"{'duration': 3660, 'source_transfer_time': 0, 'waiting_time': 480, 'trip_time': 3180, 'num_transfers': 4, 'departure_time': 4920, 'departure_day': 'current_day', 'arrival_time': 8580, 'arrival_day': 'current_day', 'steps': [{'duration': 180, 'departure_time': 5400, 'arrival_time': 5580, 'day': 'current_day', 'from_stop_id': '48-4', 'to_stop_id': 'A-4', 'trip_id': '7-0-3', 'agency_name': 'Unknown'}, {'duration': 30, 'departure_time': 5580, 'arrival_time': 5610, 'day': 'current_day', 'from_stop_id': 'A-4', 'to_stop_id': 'A-0', 'trip_id': 'walking', 'agency_name': 'Unknown'}, {'duration': 1800, 'departure_time': 6300, 'arrival_time': 8100, 'day': 'current_day', 'from_stop_id': 'A-0', 'to_stop_id': 'B-0', 'trip_id': 'IE-7-0', 'agency_name': 'Unknown'}, {'duration': 30, 'departure_time': 8100, 'arrival_time': 8130, 'day': 'current_day', 'from_stop_id': 'B-0', 'to_stop_id': 'B-2', 'trip_id': 'walking', 'agency_name': 'Unknown'}, {'duration': 360, 'departure_time': 8220, 'arrival_time': 8580, 'day': 'current_day', 'from_stop_id': 'B-2', 'to_stop_id': '220-2', 'trip_id': '4-1-7', 'agency_name': 'Unknown'}]}",4531.0
40,198,5790,inter,left,28,[40],[198],0,0,0,0,5790,5850.0,9600.0,9660.0,3750.0,4.0,40,198,,,pt,9660.0,3870.0,"{'duration': 3750, 'source_transfer_time': 0, 'waiting_time': 270, 'trip_time': 3480, 'num_transfers': 4, 'departure_time': 5850, 'departure_day': 'current_day', 'arrival_time': 9600, 'arrival_day': 'current_day', 'steps': [{'duration': 360, 'departure_time': 6120, 'arrival_time': 6480, 'day': 'current_day', 'from_stop_id': '40-5', 'to_stop_id': 'A-5', 'trip_id': '8-0-4', 'agency_name': 'Unknown'}, {'duration': 30, 'departure_time': 6480, 'arrival_time': 6510, 'day': 'current_day', 'from_stop_id': 'A-5', 'to_stop_id': 'A-0', 'trip_id': 'walking', 'agency_name': 'Unknown'}, {'duration': 1800, 'departure_time': 7200, 'arrival_time': 9000, 'day': 'current_day', 'from_stop_id': 'A-0', 'to_stop_id': 'B-0', 'trip_id': 'IE-8-0', 'agency_name': 'Unknown'}, {'duration': 30, 'departure_time': 9000, 'arrival_time': 9030, 'day': 'current_day', 'from_stop_id': 'B-0', 'to_stop_id': 'B-2', 'trip_id': 'walking', 'agency_name': 'Unknown'}, {'duration': 180, 'departure_time': 9420, 'arrival_time': 9600, 'day': 'current_day', 'from_stop_id': 'B-2', 'to_stop_id': '198-2', 'trip_id': '4-1-9', 'agency_name': 'Unknown'}]}",3870.0
65,184,13260,inter,left,29,[57; 66; 75],[176],500,375,500,375,13635,13695.0,16680.0,16740.0,2985.0,4.0,57,176,,,pt,17115.0,3855.0,"{'duration': 2985, 'source_transfer_time': 0, 'waiting_time': 45, 'trip_time': 2940, 'num_transfers': 4, 'departure_time': 13695, 'departure_day': 'current_day', 'arrival_time': 16680, 'arrival_day': 'current_day', 'steps': [{'duration': 180, 'departure_time': 13740, 'arrival_time': 13920, 'day': 'current_day', 'from_stop_id': '57-1', 'to_stop_id': 'A-1', 'trip_id': '1-0-17', 'agency_name': 'Unknown'}, {'duration': 30, 'departure_time': 13920, 'arrival_time': 13950, 'day': 'current_day', 'from_stop_id': 'A-1', 'to_stop_id': 'A-0', 'trip_id': 'walking', 'agency_name': 'Unknown'}, {'duration': 1800, 'departure_time': 14400, 'arrival_time': 16200, 'day': 'current_day', 'from_stop_id': 'A-0', 'to_stop_id': 'B-0', 'trip_id': 'IE-16-0', 'agency_name': 'Unknown'}, {'duration': 30, 'departure_time': 16200, 'arrival_time': 16230, 'day': 'current_day', 'from_stop_id': 'B-0', 'to_stop_id': 'B-1', 'trip_id': 'walking', 'agency_name': 'Unknown'}, {'duration': 360, 'departure_time': 16320, 'arrival_time': 16680, 'day': 'current_day', 'from_stop_id': 'B-1', 'to_stop_id': '176-1', 'trip_id': '3-1-21', 'agency_name': 'Unknown'}]}",3855.0
25,142,10620,inter,left,30,[24; 36],[131; 141],500,375,500,375,10995,11055.0,14400.0,14460.0,3345.0,4.0,36,141,,,pt,14835.0,4215.0,"{'duration': 3345, 'source_transfer_time': 0, 'waiting_time': 165, 'trip_time': 3180, 'num_transfers': 4, 'departure_time': 11055, 'departure_day': 'current_day', 'arrival_time': 14400, 'arrival_day': 'current_day', 'steps': [{'duration': 360, 'departure_time': 11220, 'arrival_time': 11580, 'day': 'current_day', 'from_stop_id': '36-4', 'to_stop_id': 'A-4', 'trip_id': '7-0-13', 'agency_name': 'Unknown'}, {'duration': 30, 'departure_time': 11580, 'arrival_time': 11610, 'day': 'current_day', 'from_stop_id': 'A-4', 'to_stop_id': 'A-0', 'trip_id': 'walking', 'agency_name': 'Unknown'}, {'duration': 1800, 'departure_time': 11700, 'arrival_time': 13500, 'day': 'current_day', 'from_stop_id': 'A-0', 'to_stop_id': 'B-0', 'trip_id': 'IE-13-0', 'agency_name': 'Unknown'}, {'duration': 30, 'departure_time': 13500, 'arrival_time': 13530, 'day': 'current_day', 'from_stop_id': 'B-0', 'to_stop_id': 'B-5', 'trip_id': 'walking', 'agency_name': 'Unknown'}, {'duration': 720, 'departure_time': 13680, 'arrival_time': 14400, 'day': 'current_day', 'from_stop_id': 'B-5', 'to_stop_id': '141-5', 'trip_id': '10-1-16', 'agency_name': 'Unknown'}]}",4215.0
68,150,7860,inter,left,31,[68],[150],0,0,0,0,7860,7920.0,11730.0,11790.0,3810.0,4.0,68,150,,,pt,11790.0,3930.0,"{'duration': 3810, 'source_transfer_time': 0, 'waiting_time': 390, 'trip_time': 3420, 'num_transfers': 4, 'departure_time': 7920, 'departure_day': 'current_day', 'arrival_time': 11730, 'arrival_day': 'current_day', 'steps': [{'duration': 270, 'departure_time': 8310, 'arrival_time': 8580, 'day': 'current_day', 'from_stop_id': '68-4', 'to_stop_id': 'A-4', 'trip_id': '7-1-8', 'agency_name': 'Unknown'}, {'duration': 30, 'departure_time': 8580, 'arrival_time': 8610, 'day': 'current_day', 'from_stop_id': 'A-4', 'to_stop_id': 'A-0', 'trip_id': 'walking', 'agency_name': 'Unknown'}, {'duration': 1800, 'departure_time': 9000, 'arrival_time': 10800, 'day': 'current_day', 'from_stop_id': 'A-0', 'to_stop_id': 'B-0', 'trip_id': 'IE-10-0', 'agency_name': 'Unknown'}, {'duration': 30, 'departure_time': 10800, 'arrival_time': 10830, 'day': 'current_day', 'from_stop_id': 'B-0', 'to_stop_id': 'B-5', 'trip_id': 'walking', 'agency_name': 'Unknown'}, {'duration': 450, 'departure_time': 11280, 'arrival_time': 11730, 'day': 'current_day', 'from_stop_id': 'B-5', 'to_stop_id': '150-5', 'trip_id': '10-1-12', 'agency_name': 'Unknown'}]}",3930.0
22,124,8430,inter,left,32,[11; 23],[126],500,375,1000,751,8805,8865.0,12270.0,12330.0,3405.0,4.0,11,126,,,pt,13081.0,4651.0,"{'duration': 3405, 'source_transfer_time': 0, 'waiting_time': 105, 'trip_time': 3300, 'num_transfers': 4, 'departure_time': 8865, 'departure_day': 'current_day', 'arrival_time': 12270, 'arrival_day': 'current_day', 'steps': [{'duration': 810, 'departure_time': 8970, 'arrival_time': 9780, 'day': 'current_day', 'from_stop_id': '11-4', 'to_stop_id': 'A-4', 'trip_id': '7-0-10', 'agency_name': 'Unknown'}, {'duration': 30, 'departure_time': 9780, 'arrival_time': 9810, 'day': 'current_day', 'from_stop_id': 'A-4', 'to_stop_id': 'A-0', 'trip_id': 'walking', 'agency_name': 'Unknown'}, {'duration': 1800, 'departure_time': 9900, 'arrival_time': 11700, 'day': 'current_day', 'from_stop_id': 'A-0', 'to_stop_id': 'B-0', 'trip_id': 'IE-11-0', 'agency_name': 'Unknown'}, {'duration': 30, 'departure_time': 11700, 'arrival_time': 11730, 'day': 'current_day', 'from_stop_id': 'B-0', 'to_stop_id': 'B-2', 'trip_id': 'walking', 'agency_name': 'Unknown'}, {'duration': 450, 'departure_time': 11820, 'arrival_time': 12270, 'day': 'current_day', 'from_stop_id': 'B-2', 'to_stop_id': '126-2', 'trip_id': '4-0-13', 'agency_name': 'Unknown'}]}",4651.0
36,226,5400,inter,left,33,[36],[226],0,0,0,0,5400,5460.0,9180.0,9240.0,3720.0,4.0,36,226,,,pt,9240.0,3840.0,"{'duration': 3720, 'source_transfer_time': 0, 'waiting_time': 360, 'trip_time': 3360, 'num_transfers': 4, 'departure_time': 5460, 'departure_day': 'current_day', 'arrival_time': 9180, 'arrival_day': 'current_day', 'steps': [{'duration': 360, 'departure_time': 5820, 'arrival_time': 6180, 'day': 'current_day', 'from_stop_id': '36-4', 'to_stop_id': 'A-4', 'trip_id': '7-0-4', 'agency_name': 'Unknown'}, {'duration': 30, 'departure_time': 6180, 'arrival_time': 6210, 'day': 'current_day', 'from_stop_id': 'A-4', 'to_stop_id': 'A-0', 'trip_id': 'walking', 'agency_name': 'Unknown'}, {'duration': 1800, 'departure_time': 6300, 'arrival_time': 8100, 'day': 'current_day', 'from_stop_id': 'A-0', 'to_stop_id': 'B-0', 'trip_id': 'IE-7-0', 'agency_name': 'Unknown'}, {'duration': 30, 'departure_time': 8100, 'arrival_time': 8130, 'day': 'current_day', 'from_stop_id': 'B-0', 'to_stop_id': 'B-5', 'trip_id': 'walking', 'agency_name': 'Unknown'}, {'duration': 900, 'departure_time': 8280, 'arrival_time': 9180, 'day': 'current_day', 'from_stop_id': 'B-5', 'to_stop_id': '226-5', 'trip_id': '10-0-7', 'agency_name': 'Unknown'}]}",3840.0
78,195,11100,inter,left,34,[67; 77; 79],[196; 206],500,375,500,375,11475,11535.0,15240.0,15300.0,3705.0,4.0,67,196,,,pt,15675.0,4575.0,"{'duration': 3705, 'source_transfer_time': 0, 'waiting_time': 465, 'trip_time': 3240, 'num_transfers': 4, 'departure_time': 11535, 'departure_day': 'current_day', 'arrival_time': 15240, 'arrival_day': 'current_day', 'steps': [{'duration': 180, 'departure_time': 12000, 'arrival_time': 12180, 'day': 'current_day', 'from_stop_id': '67-4', 'to_stop_id': 'A-4', 'trip_id': '7-1-14', 'agency_name': 'Unknown'}, {'duration': 30, 'departure_time': 12180, 'arrival_time': 12210, 'day': 'current_day', 'from_stop_id': 'A-4', 'to_stop_id': 'A-0', 'trip_id': 'walking', 'agency_name': 'Unknown'}, {'duration': 1800, 'departure_time': 12600, 'arrival_time': 14400, 'day': 'current_day', 'from_stop_id': 'A-0', 'to_stop_id': 'B-0', 'trip_id': 'IE-14-0', 'agency_name': 'Unknown'}, {'duration': 30, 'departure_time': 14400, 'arrival_time': 14430, 'day': 'current_day', 'from_stop_id': 'B-0', 'to_stop_id': 'B-5', 'trip_id': 'walking', 'agency_name': 'Unknown'}, {'duration': 360, 'departure_time': 14880, 'arrival_time': 15240, 'day': 'current_day', 'from_stop_id': 'B-5', 'to_stop_id': '196-5', 'trip_id': '10-0-18', 'agency_name': 'Unknown'}]}",4575.0
58,141,14340,inter,left,35,[58],[141],0,0,0,0,14340,14400.0,18000.0,18060.0,3600.0,4.0,58,141,,,pt,18060.0,3720.0,"{'duration': 3600, 'source_transfer_time': 0, 'waiting_time': 540, 'trip_time': 3060, 'num_transfers': 4, 'departure_time': 14400, 'departure_day': 'current_day', 'arrival_time': 18000, 'arrival_day': 'current_day', 'steps': [{'duration': 180, 'departure_time': 14940, 'arrival_time': 15120, 'day': 'current_day', 'from_stop_id': '58-1', 'to_stop_id': 'A-1', 'trip_id': '1-1-19', 'agency_name': 'Unknown'}, {'duration': 30, 'departure_time': 15120, 'arrival_time': 15150, 'day': 'current_day', 'from_stop_id': 'A-1', 'to_stop_id': 'A-0', 'trip_id': 'walking', 'agency_name': 'Unknown'}, {'duration': 1800, 'departure_time': 15300, 'arrival_time': 17100, 'day': 'current_day', 'from_stop_id': 'A-0', 'to_stop_id': 'B-0', 'trip_id': 'IE-17-0', 'agency_name': 'Unknown'}, {'duration': 30, 'departure_time': 17100, 'arrival_time': 17130, 'day': 'current_day', 'from_stop_id': 'B-0', 'to_stop_id': 'B-5', 'trip_id': 'walking', 'agency_name': 'Unknown'}, {'duration': 720, 'departure_time': 17280, 'arrival_time': 18000, 'day': 'current_day', 'from_stop_id': 'B-5', 'to_stop_id': '141-5', 'trip_id': '10-1-22', 'agency_name': 'Unknown'}]}",3720.0
82,232,7230,inter,left,36,[61; 80; 92; 104],[231],1000,751,500,375,7981,8041.0,11670.0,11730.0,3629.0,4.0,61,231,,,pt,12105.0,4875.0,"{'duration': 3629, 'source_transfer_time': 0, 'waiting_time': 29, 'trip_time': 3600, 'num_transfers': 4, 'departure_time': 8041, 'departure_day': 'current_day', 'arrival_time': 11670, 'arrival_day': 'current_day', 'steps': [{'duration': 450, 'departure_time': 8070, 'arrival_time': 8520, 'day': 'current_day', 'from_stop_id': '61-1', 'to_stop_id': 'A-1', 'trip_id': '1-1-8', 'agency_name': 'Unknown'}, {'duration': 30, 'departure_time': 8520, 'arrival_time': 8550, 'day': 'current_day', 'from_stop_id': 'A-1', 'to_stop_id': 'A-0', 'trip_id': 'walking', 'agency_name': 'Unknown'}, {'duration': 1800, 'departure_time': 9000, 'arrival_time': 10800, 'day': 'current_day', 'from_stop_id': 'A-0', 'to_stop_id': 'B-0', 'trip_id': 'IE-10-0', 'agency_name': 'Unknown'}, {'duration': 30, 'departure_time': 10800, 'arrival_time': 10830, 'day': 'current_day', 'from_stop_id': 'B-0', 'to_stop_id': 'B-2', 'trip_id': 'walking', 'agency_name': 'Unknown'}, {'duration': 450, 'departure_time': 11220, 'arrival_time': 11670, 'day': 'current_day', 'from_stop_id': 'B-2', 'to_stop_id': '231-2', 'trip_id': '4-1-12', 'agency_name': 'Unknown'}]}",4875.0
70,149,12780,inter,left,37,[60],[148; 150; 160],500,375,500,375,13155,13215.0,16890.0,16950.0,3675.0,4.0,60,148,,,pt,17325.0,4545.0,"{'duration': 3675, 'source_transfer_time': 0, 'waiting_time': 345, 'trip_time': 3330, 'num_transfers': 4, 'departure_time': 13215, 'departure_day': 'current_day', 'arrival_time': 16890, 'arrival_day': 'current_day', 'steps': [{'duration': 360, 'departure_time': 13560, 'arrival_time': 13920, 'day': 'current_day', 'from_stop_id': '60-1', 'to_stop_id': 'A-1', 'trip_id': '1-1-17', 'agency_name': 'Unknown'}, {'duration': 30, 'departure_time': 13920, 'arrival_time': 13950, 'day': 'current_day', 'from_stop_id': 'A-1', 'to_stop_id': 'A-0', 'trip_id': 'walking', 'agency_name': 'Unknown'}, {'duration': 1800, 'departure_time': 14400, 'arrival_time': 16200, 'day': 'current_day', 'from_stop_id': 'A-0', 'to_stop_id': 'B-0', 'trip_id': 'IE-16-0', 'agency_name': 'Unknown'}, {'duration': 30, 'departure_time': 16200, 'arrival_time': 16230, 'day': 'current_day', 'from_stop_id': 'B-0', 'to_stop_id': 'B-2', 'trip_id': 'walking', 'agency_name': 'Unknown'}, {'duration': 270, 'departure_time': 16620, 'arrival_time': 16890, 'day': 'current_day', 'from_stop_id': 'B-2', 'to_stop_id': '148-2', 'trip_id': '4-0-21', 'agency_name': 'Unknown'}]}",4545.0
69,232,12300,inter,left,38,[59; 68; 80],[231],500,375,500,375,12675,12735.0,15870.0,15930.0,3135.0,4.0,59,231,,,pt,16305.0,4005.0,"{'duration': 3135, 'source_transfer_time': 0, 'waiting_time': 315, 'trip_time': 2820, 'num_transfers': 4, 'departure_time': 12735, 'departure_day': 'current_day', 'arrival_time': 15870, 'arrival_day': 'current_day', 'steps': [{'duration': 270, 'departure_time': 13050, 'arrival_time': 13320, 'day': 'current_day', 'from_stop_id': '59-1', 'to_stop_id': 'A-1', 'trip_id': '1-1-16', 'agency_name': 'Unknown'}, {'duration': 30, 'departure_time': 13320, 'arrival_time': 13350, 'day': 'current_day', 'from_stop_id': 'A-1', 'to_stop_id': 'A-0', 'trip_id': 'walking', 'agency_name': 'Unknown'}, {'duration': 1800, 'departure_time': 13500, 'arrival_time': 15300, 'day': 'current_day', 'from_stop_id': 'A-0', 'to_stop_id': 'B-0', 'trip_id': 'IE-15-0', 'agency_name': 'Unknown'}, {'duration': 30, 'departure_time': 15300, 'arrival_time': 15330, 'day': 'current_day', 'from_stop_id': 'B-0', 'to_stop_id': 'B-2', 'trip_id': 'walking', 'agency_name': 'Unknown'}, {'duration': 450, 'departure_time': 15420, 'arrival_time': 15870, 'day': 'current_day', 'from_stop_id': 'B-2', 'to_stop_id': '231-2', 'trip_id': '4-1-19', 'agency_name': 'Unknown'}]}",4005.0
91,149,5250,inter,left,39,[91],[148; 150; 160],0,0,500,375,5250,5310.0,8490.0,8550.0,3180.0,4.0,91,148,,,pt,8925.0,3675.0,"{'duration': 3180, 'source_transfer_time': 0, 'waiting_time': 330, 'trip_time': 2850, 'num_transfers': 4, 'departure_time': 5310, 'departure_day': 'current_day', 'arrival_time': 8490, 'arrival_day': 'current_day', 'steps': [{'duration': 540, 'departure_time': 5640, 'arrival_time': 6180, 'day': 'current_day', 'from_stop_id': '91-4', 'to_stop_id': 'A-4', 'trip_id': '7-1-4', 'agency_name': 'Unknown'}, {'duration': 30, 'departure_time': 6180, 'arrival_time': 6210, 'day': 'current_day', 'from_stop_id': 'A-4', 'to_stop_id': 'A-0', 'trip_id': 'walking', 'agency_name': 'Unknown'}, {'duration': 1800, 'departure_time': 6300, 'arrival_time': 8100, 'day': 'current_day', 'from_stop_id': 'A-0', 'to_stop_id': 'B-0', 'trip_id': 'IE-7-0', 'agency_name': 'Unknown'}, {'duration': 30, 'departure_time': 8100, 'arrival_time': 8130, 'day': 'current_day', 'from_stop_id': 'B-0', 'to_stop_id': 'B-2', 'trip_id': 'walking', 'agency_name': 'Unknown'}, {'duration': 270, 'departure_time': 8220, 'arrival_time': 8490, 'day': 'current_day', 'from_stop_id': 'B-2', 'to_stop_id': '148-2', 'trip_id': '4-0-7', 'agency_name': 'Unknown'}]}",3675.0
110,167,6360,inter,left,40,[110],[156; 168; 177],0,0,500,375,6360,6420.0,9390.0,9450.0,2970.0,4.0,110,177,,,pt,9825.0,3465.0,"{'duration': 2970, 'source_transfer_time': 0, 'waiting_time': 150, 'trip_time': 2820, 'num_transfers': 4, 'departure_time': 6420, 'departure_day': 'current_day', 'arrival_time': 9390, 'arrival_day': 'current_day', 'steps': [{'duration': 450, 'departure_time': 6570, 'arrival_time': 7020, 'day': 'current_day', 'from_stop_id': '110-2', 'to_stop_id': 'A-2', 'trip_id': '2-0-5', 'agency_name': 'Unknown'}, {'duration': 30, 'departure_time': 7020, 'arrival_time': 7050, 'day': 'current_day', 'from_stop_id': 'A-2', 'to_stop_id': 'A-0', 'trip_id': 'walking', 'agency_name': 'Unknown'}, {'duration': 1800, 'departure_time': 7200, 'arrival_time': 9000, 'day': 'current_day', 'from_stop_id': 'A-0', 'to_stop_id': 'B-0', 'trip_id': 'IE-8-0', 'agency_name': 'Unknown'}, {'duration': 30, 'departure_time': 9000, 'arrival_time': 9030, 'day': 'current_day', 'from_stop_id': 'B-0', 'to_stop_id': 'B-1', 'trip_id': 'walking', 'agency_name': 'Unknown'}, {'duration': 270, 'departure_time': 9120, 'arrival_time': 9390, 'day': 'current_day', 'from_stop_id': 'B-1', 'to_stop_id': '177-1', 'trip_id': '3-1-9', 'agency_name': 'Unknown'}]}",3465.0
78,206,5490,inter,left,41,[67; 77; 79],[206],500,375,0,0,5865,5925.0,8820.0,8880.0,2895.0,4.0,67,206,,,pt,8880.0,3390.0,"{'duration': 2895, 'source_transfer_time': 0, 'waiting_time': 75, 'trip_time': 2820, 'num_transfers': 4, 'departure_time': 5925, 'departure_day': 'current_day', 'arrival_time': 8820, 'arrival_day': 'current_day', 'steps': [{'duration': 180, 'departure_time': 6000, 'arrival_time': 6180, 'day': 'current_day', 'from_stop_id': '67-4', 'to_stop_id': 'A-4', 'trip_id': '7-1-4', 'agency_name': 'Unknown'}, {'duration': 30, 'departure_time': 6180, 'arrival_time': 6210, 'day': 'current_day', 'from_stop_id': 'A-4', 'to_stop_id': 'A-0', 'trip_id': 'walking', 'agency_name': 'Unknown'}, {'duration': 1800, 'departure_time': 6300, 'arrival_time': 8100, 'day': 'current_day', 'from_stop_id': 'A-0', 'to_stop_id': 'B-0', 'trip_id': 'IE-7-0', 'agency_name': 'Unknown'}, {'duration': 30, 'departure_time': 8100, 'arrival_time': 8130, 'day': 'current_day', 'from_stop_id': 'B-0', 'to_stop_id': 'B-5', 'trip_id': 'walking', 'agency_name': 'Unknown'}, {'duration': 540, 'departure_time': 8280, 'arrival_time': 8820, 'day': 'current_day', 'from_stop_id': 'B-5', 'to_stop_id': '206-5', 'trip_id': '10-0-7', 'agency_name': 'Unknown'}]}",3390.0
108,165,11310,inter,left,42,[86; 96; 106; 110],[175],1000,751,500,375,12061,12121.0,16170.0,16230.0,4049.0,4.0,86,175,,,pt,16605.0,5295.0,"{'duration': 4049, 'source_transfer_time': 0, 'waiting_time': 509, 'trip_time': 3540, 'num_transfers': 4, 'departure_time': 12121, 'departure_day': 'current_day', 'arrival_time': 16170, 'arrival_day': 'current_day', 'steps': [{'duration': 450, 'departure_time': 12630, 'arrival_time': 13080, 'day': 'current_day', 'from_stop_id': '86-5', 'to_stop_id': 'A-5', 'trip_id': '8-1-15', 'agency_name': 'Unknown'}, {'duration': 30, 'departure_time': 13080, 'arrival_time': 13110, 'day': 'current_day', 'from_stop_id': 'A-5', 'to_stop_id': 'A-0', 'trip_id': 'walking', 'agency_name': 'Unknown'}, {'duration': 1800, 'departure_time': 13500, 'arrival_time': 15300, 'day': 'current_day', 'from_stop_id': 'A-0', 'to_stop_id': 'B-0', 'trip_id': 'IE-15-0', 'agency_name': 'Unknown'}, {'duration': 30, 'departure_time': 15300, 'arrival_time': 15330, 'day': 'current_day', 'from_stop_id': 'B-0', 'to_stop_id': 'B-1', 'trip_id': 'walking', 'agency_name': 'Unknown'}, {'duration': 450, 'departure_time': 15720, 'arrival_time': 16170, 'day': 'current_day', 'from_stop_id': 'B-1', 'to_stop_id': '175-1', 'trip_id': '3-1-20', 'agency_name': 'Unknown'}]}",5295.0
108,138,6330,inter,left,43,[86; 96; 106; 110],[137],1000,751,500,375,7081,7141.0,10380.0,10440.0,3239.0,4.0,86,137,,,pt,10815.0,4485.0,"{'duration': 3239, 'source_transfer_time': 0, 'waiting_time': 89, 'trip_time': 3150, 'num_transfers': 4, 'departure_time': 7141, 'departure_day': 'current_day', 'arrival_time': 10380, 'arrival_day': 'current_day', 'steps': [{'duration': 450, 'departure_time': 7230, 'arrival_time': 7680, 'day': 'current_day', 'from_stop_id': '86-5', 'to_stop_id': 'A-5', 'trip_id': '8-1-6', 'agency_name': 'Unknown'}, {'duration': 30, 'departure_time': 7680, 'arrival_time': 7710, 'day': 'current_day', 'from_stop_id': 'A-5', 'to_stop_id': 'A-0', 'trip_id': 'walking', 'agency_name': 'Unknown'}, {'duration': 1800, 'departure_time': 8100, 'arrival_time': 9900, 'day': 'current_day', 'from_stop_id': 'A-0', 'to_stop_id': 'B-0', 'trip_id': 'IE-9-0', 'agency_name': 'Unknown'}, {'duration': 30, 'departure_time': 9900, 'arrival_time': 9930, 'day': 'current_day', 'from_stop_id': 'B-0', 'to_stop_id': 'B-2', 'trip_id': 'walking', 'agency_name': 'Unknown'}, {'duration': 360, 'departure_time': 10020, 'arrival_time': 10380, 'day': 'current_day', 'from_stop_id': 'B-2', 'to_stop_id': '137-2', 'trip_id': '4-0-10', 'agency_name': 'Unknown'}]}",4485.0
7,206,10440,inter,left,44,[5; 9; 19; 29],[206],1000,751,0,0,11191,11251.0,15420.0,15480.0,4169.0,4.0,5,206,,,pt,15480.0,5040.0,"{'duration': 4169, 'source_transfer_time': 0, 'waiting_time': 119, 'trip_time': 4050, 'num_transfers': 4, 'departure_time': 11251, 'departure_day': 'current_day', 'arrival_time': 15420, 'arrival_day': 'current_day', 'steps': [{'duration': 450, 'departure_time': 11370, 'arrival_time': 11820, 'day': 'current_day', 'from_stop_id': '5-2', 'to_stop_id': 'A-2', 'trip_id': '2-1-13', 'agency_name': 'Unknown'}, {'duration': 30, 'departure_time': 11820, 'arrival_time': 11850, 'day': 'current_day', 'from_stop_id': 'A-2', 'to_stop_id': 'A-0', 'trip_id': 'walking', 'agency_name': 'Unknown'}, {'duration': 1800, 'departure_time': 12600, 'arrival_time': 14400, 'day': 'current_day', 'from_stop_id': 'A-0', 'to_stop_id': 'B-0', 'trip_id': 'IE-14-0', 'agency_name': 'Unknown'}, {'duration': 30, 'departure_time': 14400, 'arrival_time': 14430, 'day': 'current_day', 'from_stop_id': 'B-0', 'to_stop_id': 'B-5', 'trip_id': 'walking', 'agency_name': 'Unknown'}, {'duration': 540, 'departure_time': 14880, 'arrival_time': 15420, 'day': 'current_day', 'from_stop_id': 'B-5', 'to_stop_id': '206-5', 'trip_id': '10-0-18', 'agency_name': 'Unknown'}]}",5040.0
50,209,5910,inter,left,45,[40; 49; 58],[209],500,375,0,0,6285,6345.0,9690.0,9750.0,3345.0,4.0,40,209,,,pt,9750.0,3840.0,"{'duration': 3345, 'source_transfer_time': 0, 'waiting_time': 375, 'trip_time': 2970, 'num_transfers': 4, 'departure_time': 6345, 'departure_day': 'current_day', 'arrival_time': 9690, 'arrival_day': 'current_day', 'steps': [{'duration': 360, 'departure_time': 6720, 'arrival_time': 7080, 'day': 'current_day', 'from_stop_id': '40-5', 'to_stop_id': 'A-5', 'trip_id': '8-0-5', 'agency_name': 'Unknown'}, {'duration': 30, 'departure_time': 7080, 'arrival_time': 7110, 'day': 'current_day', 'from_stop_id': 'A-5', 'to_stop_id': 'A-0', 'trip_id': 'walking', 'agency_name': 'Unknown'}, {'duration': 1800, 'departure_time': 7200, 'arrival_time': 9000, 'day': 'current_day', 'from_stop_id': 'A-0', 'to_stop_id': 'B-0', 'trip_id': 'IE-8-0', 'agency_name': 'Unknown'}, {'duration': 30, 'departure_time': 9000, 'arrival_time': 9030, 'day': 'current_day', 'from_stop_id': 'B-0', 'to_stop_id': 'B-2', 'trip_id': 'walking', 'agency_name': 'Unknown'}, {'duration': 270, 'departure_time': 9420, 'arrival_time': 9690, 'day': 'current_day', 'from_stop_id': 'B-2', 'to_stop_id': '209-2', 'trip_id': '4-1-9', 'agency_name': 'Unknown'}]}",3840.0
80,227,5880,inter,left,46,[80],[227],0,0,0,0,5880,5940.0,10290.0,10350.0,4350.0,4.0,80,227,,,pt,10350.0,4470.0,"{'duration': 4350, 'source_transfer_time': 0, 'waiting_time': 390, 'trip_time': 3960, 'num_transfers': 4, 'departure_time': 5940, 'departure_day': 'current_day', 'arrival_time': 10290, 'arrival_day': 'current_day', 'steps': [{'duration': 450, 'departure_time': 6330, 'arrival_time': 6780, 'day': 'current_day', 'from_stop_id': '80-4', 'to_stop_id': 'A-4', 'trip_id': '7-1-5', 'agency_name': 'Unknown'}, {'duration': 30, 'departure_time': 6780, 'arrival_time': 6810, 'day': 'current_day', 'from_stop_id': 'A-4', 'to_stop_id': 'A-0', 'trip_id': 'walking', 'agency_name': 'Unknown'}, {'duration': 1800, 'departure_time': 7200, 'arrival_time': 9000, 'day': 'current_day', 'from_stop_id': 'A-0', 'to_stop_id': 'B-0', 'trip_id': 'IE-8-0', 'agency_name': 'Unknown'}, {'duration': 30, 'departure_time': 9000, 'arrival_time': 9030, 'day': 'current_day', 'from_stop_id': 'B-0', 'to_stop_id': 'B-5', 'trip_id': 'walking', 'agency_name': 'Unknown'}, {'duration': 810, 'departure_time': 9480, 'arrival_time': 10290, 'day': 'current_day', 'from_stop_id': 'B-5', 'to_stop_id': '227-5', 'trip_id': '10-0-9', 'agency_name': 'Unknown'}]}",4470.0
45,165,7200,inter,left,47,[55],[175],500,375,500,375,7575,7635.0,11370.0,11430.0,3735.0,4.0,55,175,,,pt,11805.0,4605.0,"{'duration': 3735, 'source_transfer_time': 0, 'waiting_time': 525, 'trip_time': 3210, 'num_transfers': 4, 'departure_time': 7635, 'departure_day': 'current_day', 'arrival_time': 11370, 'arrival_day': 'current_day', 'steps': [{'duration': 360, 'departure_time': 8160, 'arrival_time': 8520, 'day': 'current_day', 'from_stop_id': '55-1', 'to_stop_id': 'A-1', 'trip_id': '1-0-8', 'agency_name': 'Unknown'}, {'duration': 30, 'departure_time': 8520, 'arrival_time': 8550, 'day': 'current_day', 'from_stop_id': 'A-1', 'to_stop_id': 'A-0', 'trip_id': 'walking', 'agency_name': 'Unknown'}, {'duration': 1800, 'departure_time': 9000, 'arrival_time': 10800, 'day': 'current_day', 'from_stop_id': 'A-0', 'to_stop_id': 'B-0', 'trip_id': 'IE-10-0', 'agency_name': 'Unknown'}, {'duration': 30, 'departure_time': 10800, 'arrival_time': 10830, 'day': 'current_day', 'from_stop_id': 'B-0', 'to_stop_id': 'B-1', 'trip_id': 'walking', 'agency_name': 'Unknown'}, {'duration': 450, 'departure_time': 10920, 'arrival_time': 11370, 'day': 'current_day', 'from_stop_id': 'B-1', 'to_stop_id': '175-1', 'trip_id': '3-1-12', 'agency_name': 'Unknown'}]}",4605.0
79,178,9720,inter,left,48,[79],[178],0,0,0,0,9720,9780.0,12900.0,12960.0,3120.0,4.0,79,178,,,pt,12960.0,3240.0,"{'duration': 3120, 'source_transfer_time': 0, 'waiting_time': 240, 'trip_time': 2880, 'num_transfers': 4, 'departure_time': 9780, 'departure_day': 'current_day', 'arrival_time': 12900, 'arrival_day': 'current_day', 'steps': [{'duration': 360, 'departure_time': 10020, 'arrival_time': 10380, 'day': 'current_day', 'from_stop_id': '79-4', 'to_stop_id': 'A-4', 'trip_id': '7-1-11', 'agency_name': 'Unknown'}, {'duration': 30, 'departure_time': 10380, 'arrival_time': 10410, 'day': 'current_day', 'from_stop_id': 'A-4', 'to_stop_id': 'A-0', 'trip_id': 'walking', 'agency_name': 'Unknown'}, {'duration': 1800, 'departure_time': 10800, 'arrival_time': 12600, 'day': 'current_day', 'from_stop_id': 'A-0', 'to_stop_id': 'B-0', 'trip_id': 'IE-12-0', 'agency_name': 'Unknown'}, {'duration': 30, 'departure_time': 12600, 'arrival_time': 12630, 'day': 'current_day', 'from_stop_id': 'B-0', 'to_stop_id': 'B-1', 'trip_id': 'walking', 'agency_name': 'Unknown'}, {'duration': 180, 'departure_time': 12720, 'arrival_time': 12900, 'day': 'current_day', 'from_stop_id': 'B-1', 'to_stop_id': '178-1', 'trip_id': '3-1-15', 'agency_name': 'Unknown'}]}",3240.0
110,167,8130,inter,left,49,[110],[156; 168; 177],0,0,500,375,8130,8190.0,11190.0,11250.0,3000.0,4.0,110,177,,,pt,11625.0,3495.0,"{'duration': 3000, 'source_transfer_time': 0, 'waiting_time': 180, 'trip_time': 2820, 'num_transfers': 4, 'departure_time': 8190, 'departure_day': 'current_day', 'arrival_time': 11190, 'arrival_day': 'current_day', 'steps': [{'duration': 450, 'departure_time': 8370, 'arrival_time': 8820, 'day': 'current_day', 'from_stop_id': '110-2', 'to_stop_id': 'A-2', 'trip_id': '2-0-8', 'agency_name': 'Unknown'}, {'duration': 30, 'departure_time': 8820, 'arrival_time': 8850, 'day': 'current_day', 'from_stop_id': 'A-2', 'to_stop_id': 'A-0', 'trip_id': 'walking', 'agency_name': 'Unknown'}, {'duration': 1800, 'departure_time': 9000, 'arrival_time': 10800, 'day': 'current_day', 'from_stop_id': 'A-0', 'to_stop_id': 'B-0', 'trip_id': 'IE-10-0', 'agency_name': 'Unknown'}, {'duration': 30, 'departure_time': 10800, 'arrival_time': 10830, 'day': 'current_day', 'from_stop_id': 'B-0', 'to_stop_id': 'B-1', 'trip_id': 'walking', 'agency_name': 'Unknown'}, {'duration': 270, 'departure_time': 10920, 'arrival_time': 11190, 'day': 'current_day', 'from_stop_id': 'B-1', 'to_stop_id': '177-1', 'trip_id': '3-1-12', 'agency_name': 'Unknown'}]}",3495.0
22,169,12450,inter,left,50,[11; 23],[169],500,375,0,0,12825,12885.0,16560.0,16620.0,3675.0,4.0,11,169,,,pt,16620.0,4170.0,"{'duration': 3675, 'source_transfer_time': 0, 'waiting_time': 285, 'trip_time': 3390, 'num_transfers': 4, 'departure_time': 12885, 'departure_day': 'current_day', 'arrival_time': 16560, 'arrival_day': 'current_day', 'steps': [{'duration': 810, 'departure_time': 13170, 'arrival_time': 13980, 'day': 'current_day', 'from_stop_id': '11-4', 'to_stop_id': 'A-4', 'trip_id': '7-0-17', 'agency_name': 'Unknown'}, {'duration': 30, 'departure_time': 13980, 'arrival_time': 14010, 'day': 'current_day', 'from_stop_id': 'A-4', 'to_stop_id': 'A-0', 'trip_id': 'walking', 'agency_name': 'Unknown'}, {'duration': 1800, 'departure_time': 14400, 'arrival_time': 16200, 'day': 'current_day', 'from_stop_id': 'A-0', 'to_stop_id': 'B-0', 'trip_id': 'IE-16-0', 'agency_name': 'Unknown'}, {'duration': 30, 'departure_time': 16200, 'arrival_time': 16230, 'day': 'current_day', 'from_stop_id': 'B-0', 'to_stop_id': 'B-4', 'trip_id': 'walking', 'agency_name': 'Unknown'}, {'duration': 180, 'departure_time': 16380, 'arrival_time': 16560, 'day': 'current_day', 'from_stop_id': 'B-4', 'to_stop_id': '169-4', 'trip_id': '9-1-21', 'agency_name': 'Unknown'}]}",4170.0
91,158,6810,inter,left,51,[91],[157; 159; 169],0,0,500,375,6810,6870.0,10200.0,10260.0,3330.0,4.0,91,159,,,pt,10635.0,3825.0,"{'duration': 3330, 'source_transfer_time': 0, 'waiting_time': 570, 'trip_time': 2760, 'num_transfers': 4, 'departure_time': 6870, 'departure_day': 'current_day', 'arrival_time': 10200, 'arrival_day': 'current_day', 'steps': [{'duration': 540, 'departure_time': 7440, 'arrival_time': 7980, 'day': 'current_day', 'from_stop_id': '91-4', 'to_stop_id': 'A-4', 'trip_id': '7-1-7', 'agency_name': 'Unknown'}, {'duration': 30, 'departure_time': 7980, 'arrival_time': 8010, 'day': 'current_day', 'from_stop_id': 'A-4', 'to_stop_id': 'A-0', 'trip_id': 'walking', 'agency_name': 'Unknown'}, {'duration': 1800, 'departure_time': 8100, 'arrival_time': 9900, 'day': 'current_day', 'from_stop_id': 'A-0', 'to_stop_id': 'B-0', 'trip_id': 'IE-9-0', 'agency_name': 'Unknown'}, {'duration': 30, 'departure_time': 9900, 'arrival_time': 9930, 'day': 'current_day', 'from_stop_id': 'B-0', 'to_stop_id': 'B-2', 'trip_id': 'walking', 'agency_name': 'Unknown'}, {'duration': 180, 'departure_time': 10020, 'arrival_time': 10200, 'day': 'current_day', 'from_stop_id': 'B-2', 'to_stop_id': '159-2', 'trip_id': '4-0-10', 'agency_name': 'Unknown'}]}",3825.0
33,209,11940,inter,left,52,[11; 23; 35; 54],[209],1000,751,0,0,12691,12751.0,15690.0,15750.0,2939.0,4.0,35,209,,,pt,15750.0,3810.0,"{'duration': 2939, 'source_transfer_time': 0, 'waiting_time': 179, 'trip_time': 2760, 'num_transfers': 4, 'departure_time': 12751, 'departure_day': 'current_day', 'arrival_time': 15690, 'arrival_day': 'current_day', 'steps': [{'duration': 450, 'departure_time': 12930, 'arrival_time': 13380, 'day': 'current_day', 'from_stop_id': '35-4', 'to_stop_id': 'A-4', 'trip_id': '7-0-16', 'agency_name': 'Unknown'}, {'duration': 30, 'departure_time': 13380, 'arrival_time': 13410, 'day': 'current_day', 'from_stop_id': 'A-4', 'to_stop_id': 'A-0', 'trip_id': 'walking', 'agency_name': 'Unknown'}, {'duration': 1800, 'departure_time': 13500, 'arrival_time': 15300, 'day': 'current_day', 'from_stop_id': 'A-0', 'to_stop_id': 'B-0', 'trip_id': 'IE-15-0', 'agency_name': 'Unknown'}, {'duration': 30, 'departure_time': 15300, 'arrival_time': 15330, 'day': 'current_day', 'from_stop_id': 'B-0', 'to_stop_id': 'B-2', 'trip_id': 'walking', 'agency_name': 'Unknown'}, {'duration': 270, 'departure_time': 15420, 'arrival_time': 15690, 'day': 'current_day', 'from_stop_id': 'B-2', 'to_stop_id': '209-2', 'trip_id': '4-1-19', 'agency_name': 'Unknown'}]}",3810.0
51,216,13410,inter,left,53,[59],[216],500,375,0,0,13785,13845.0,18000.0,18060.0,4155.0,4.0,59,216,,,pt,18060.0,4650.0,"{'duration': 4155, 'source_transfer_time': 0, 'waiting_time': 405, 'trip_time': 3750, 'num_transfers': 4, 'departure_time': 13845, 'departure_day': 'current_day', 'arrival_time': 18000, 'arrival_day': 'current_day', 'steps': [{'duration': 270, 'departure_time': 14250, 'arrival_time': 14520, 'day': 'current_day', 'from_stop_id': '59-1', 'to_stop_id': 'A-1', 'trip_id': '1-1-18', 'agency_name': 'Unknown'}, {'duration': 30, 'departure_time': 14520, 'arrival_time': 14550, 'day': 'current_day', 'from_stop_id': 'A-1', 'to_stop_id': 'A-0', 'trip_id': 'walking', 'agency_name': 'Unknown'}, {'duration': 1800, 'departure_time': 15300, 'arrival_time': 17100, 'day': 'current_day', 'from_stop_id': 'A-0', 'to_stop_id': 'B-0', 'trip_id': 'IE-17-0', 'agency_name': 'Unknown'}, {'duration': 30, 'departure_time': 17100, 'arrival_time': 17130, 'day': 'current_day', 'from_stop_id': 'B-0', 'to_stop_id': 'B-5', 'trip_id': 'walking', 'agency_name': 'Unknown'}, {'duration': 720, 'departure_time': 17280, 'arrival_time': 18000, 'day': 'current_day', 'from_stop_id': 'B-5', 'to_stop_id': '216-5', 'trip_id': '10-0-22', 'agency_name': 'Unknown'}]}",4650.0
71,228,13440,inter,left,54,[61],[217; 227],500,375,500,375,13815,13875.0,17910.0,17970.0,4035.0,4.0,61,217,,,pt,18345.0,4905.0,"{'duration': 4035, 'source_transfer_time': 0, 'waiting_time': 195, 'trip_time': 3840, 'num_transfers': 4, 'departure_time': 13875, 'departure_day': 'current_day', 'arrival_time': 17910, 'arrival_day': 'current_day', 'steps': [{'duration': 450, 'departure_time': 14070, 'arrival_time': 14520, 'day': 'current_day', 'from_stop_id': '61-1', 'to_stop_id': 'A-1', 'trip_id': '1-1-18', 'agency_name': 'Unknown'}, {'duration': 30, 'departure_time': 14520, 'arrival_time': 14550, 'day': 'current_day', 'from_stop_id': 'A-1', 'to_stop_id': 'A-0', 'trip_id': 'walking', 'agency_name': 'Unknown'}, {'duration': 1800, 'departure_time': 15300, 'arrival_time': 17100, 'day': 'current_day', 'from_stop_id': 'A-0', 'to_stop_id': 'B-0', 'trip_id': 'IE-17-0', 'agency_name': 'Unknown'}, {'duration': 30, 'departure_time': 17100, 'arrival_time': 17130, 'day': 'current_day', 'from_stop_id': 'B-0', 'to_stop_id': 'B-5', 'trip_id': 'walking', 'agency_name': 'Unknown'}, {'duration': 630, 'departure_time': 17280, 'arrival_time': 17910, 'day': 'current_day', 'from_stop_id': 'B-5', 'to_stop_id': '217-5', 'trip_id': '10-0-22', 'agency_name': 'Unknown'}]}",4905.0
79,160,14250,inter,left,55,[79],[160],0,0,0,0,14250,14310.0,17550.0,17610.0,3240.0,4.0,79,160,,,pt,17610.0,3360.0,"{'duration': 3240, 'source_transfer_time': 0, 'waiting_time': 510, 'trip_time': 2730, 'num_transfers': 4, 'departure_time': 14310, 'departure_day': 'current_day', 'arrival_time': 17550, 'arrival_day': 'current_day', 'steps': [{'duration': 360, 'departure_time': 14820, 'arrival_time': 15180, 'day': 'current_day', 'from_stop_id': '79-4', 'to_stop_id': 'A-4', 'trip_id': '7-1-19', 'agency_name': 'Unknown'}, {'duration': 30, 'departure_time': 15180, 'arrival_time': 15210, 'day': 'current_day', 'from_stop_id': 'A-4', 'to_stop_id': 'A-0', 'trip_id': 'walking', 'agency_name': 'Unknown'}, {'duration': 1800, 'departure_time': 15300, 'arrival_time': 17100, 'day': 'current_day', 'from_stop_id': 'A-0', 'to_stop_id': 'B-0', 'trip_id': 'IE-17-0', 'agency_name': 'Unknown'}, {'duration': 30, 'departure_time': 17100, 'arrival_time': 17130, 'day': 'current_day', 'from_stop_id': 'B-0', 'to_stop_id': 'B-5', 'trip_id': 'walking', 'agency_name': 'Unknown'}, {'duration': 270, 'departure_time': 17280, 'arrival_time': 17550, 'day': 'current_day', 'from_stop_id': 'B-5', 'to_stop_id': '160-5', 'trip_id': '10-1-22', 'agency_name': 'Unknown'}]}",3360.0
42,126,5310,inter,left,56,[20; 30; 40; 60],[126],1000,751,0,0,6061,6121.0,9870.0,9930.0,3749.0,4.0,20,126,,,pt,9930.0,4620.0,"{'duration': 3749, 'source_transfer_time': 0, 'waiting_time': 239, 'trip_time': 3510, 'num_transfers': 4, 'departure_time': 6121, 'departure_day': 'current_day', 'arrival_time': 9870, 'arrival_day': 'current_day', 'steps': [{'duration': 720, 'departure_time': 6360, 'arrival_time': 7080, 'day': 'current_day', 'from_stop_id': '20-5', 'to_stop_id': 'A-5', 'trip_id': '8-0-5', 'agency_name': 'Unknown'}, {'duration': 30, 'departure_time': 7080, 'arrival_time': 7110, 'day': 'current_day', 'from_stop_id': 'A-5', 'to_stop_id': 'A-0', 'trip_id': 'walking', 'agency_name': 'Unknown'}, {'duration': 1800, 'departure_time': 7200, 'arrival_time': 9000, 'day': 'current_day', 'from_stop_id': 'A-0', 'to_stop_id': 'B-0', 'trip_id': 'IE-8-0', 'agency_name': 'Unknown'}, {'duration': 30, 'departure_time': 9000, 'arrival_time': 9030, 'day': 'current_day', 'from_stop_id': 'B-0', 'to_stop_id': 'B-2', 'trip_id': 'walking', 'agency_name': 'Unknown'}, {'duration': 450, 'departure_time': 9420, 'arrival_time': 9870, 'day': 'current_day', 'from_stop_id': 'B-2', 'to_stop_id': '126-2', 'trip_id': '4-0-9', 'agency_name': 'Unknown'}]}",4620.0
96,144,6210,inter,left,57,[96],[144],0,0,0,0,6210,6270.0,9810.0,9870.0,3540.0,4.0,96,144,,,pt,9870.0,3660.0,"{'duration': 3540, 'source_transfer_time': 0, 'waiting_time': 180, 'trip_time': 3360, 'num_transfers': 4, 'departure_time': 6270, 'departure_day': 'current_day', 'arrival_time': 9810, 'arrival_day': 'current_day', 'steps': [{'duration': 630, 'departure_time': 6450, 'arrival_time': 7080, 'day': 'current_day', 'from_stop_id': '96-5', 'to_stop_id': 'A-5', 'trip_id': '8-1-5', 'agency_name': 'Unknown'}, {'duration': 30, 'departure_time': 7080, 'arrival_time': 7110, 'day': 'current_day', 'from_stop_id': 'A-5', 'to_stop_id': 'A-0', 'trip_id': 'walking', 'agency_name': 'Unknown'}, {'duration': 1800, 'departure_time': 7200, 'arrival_time': 9000, 'day': 'current_day', 'from_stop_id': 'A-0', 'to_stop_id': 'B-0', 'trip_id': 'IE-8-0', 'agency_name': 'Unknown'}, {'duration': 30, 'departure_time': 9000, 'arrival_time': 9030, 'day': 'current_day', 'from_stop_id': 'B-0', 'to_stop_id': 'B-4', 'trip_id': 'walking', 'agency_name': 'Unknown'}, {'duration': 630, 'departure_time': 9180, 'arrival_time': 9810, 'day': 'current_day', 'from_stop_id': 'B-4', 'to_stop_id': '144-4', 'trip_id': '9-1-9', 'agency_name': 'Unknown'}]}",3660.0
45,152,7920,inter,left,58,[55],[141; 151],500,375,500,375,8295,8355.0,12420.0,12480.0,4065.0,4.0,55,151,,,pt,12855.0,4935.0,"{'duration': 4065, 'source_transfer_time': 0, 'waiting_time': 405, 'trip_time': 3660, 'num_transfers': 4, 'departure_time': 8355, 'departure_day': 'current_day', 'arrival_time': 12420, 'arrival_day': 'current_day', 'steps': [{'duration': 360, 'departure_time': 8760, 'arrival_time': 9120, 'day': 'current_day', 'from_stop_id': '55-1', 'to_stop_id': 'A-1', 'trip_id': '1-0-9', 'agency_name': 'Unknown'}, {'duration': 30, 'departure_time': 9120, 'arrival_time': 9150, 'day': 'current_day', 'from_stop_id': 'A-1', 'to_stop_id': 'A-0', 'trip_id': 'walking', 'agency_name': 'Unknown'}, {'duration': 1800, 'departure_time': 9900, 'arrival_time': 11700, 'day': 'current_day', 'from_stop_id': 'A-0', 'to_stop_id': 'B-0', 'trip_id': 'IE-11-0', 'agency_name': 'Unknown'}, {'duration': 30, 'departure_time': 11700, 'arrival_time': 11730, 'day': 'current_day', 'from_stop_id': 'B-0', 'to_stop_id': 'B-5', 'trip_id': 'walking', 'agency_name': 'Unknown'}, {'duration': 540, 'departure_time': 11880, 'arrival_time': 12420, 'day': 'current_day', 'from_stop_id': 'B-5', 'to_stop_id': '151-5', 'trip_id': '10-1-13', 'agency_name': 'Unknown'}]}",4935.0
99,190,4650,inter,left,59,[99],[180; 189; 201],0,0,500,375,4650,4710.0,7590.0,7650.0,2880.0,4.0,99,180,,,pt,8025.0,3375.0,"{'duration': 2880, 'source_transfer_time': 0, 'waiting_time': 150, 'trip_time': 2730, 'num_transfers': 4, 'departure_time': 4710, 'departure_day': 'current_day', 'arrival_time': 7590, 'arrival_day': 'current_day', 'steps': [{'duration': 360, 'departure_time': 4860, 'arrival_time': 5220, 'day': 'current_day', 'from_stop_id': '99-2', 'to_stop_id': 'A-2', 'trip_id': '2-0-2', 'agency_name': 'Unknown'}, {'duration': 30, 'departure_time': 5220, 'arrival_time': 5250, 'day': 'current_day', 'from_stop_id': 'A-2', 'to_stop_id': 'A-0', 'trip_id': 'walking', 'agency_name': 'Unknown'}, {'duration': 1800, 'departure_time': 5400, 'arrival_time': 7200, 'day': 'current_day', 'from_stop_id': 'A-0', 'to_stop_id': 'B-0', 'trip_id': 'IE-6-0', 'agency_name': 'Unknown'}, {'duration': 30, 'departure_time': 7200, 'arrival_time': 7230, 'day': 'current_day', 'from_stop_id': 'B-0', 'to_stop_id': 'B-1', 'trip_id': 'walking', 'agency_name': 'Unknown'}, {'duration': 270, 'departure_time': 7320, 'arrival_time': 7590, 'day': 'current_day', 'from_stop_id': 'B-1', 'to_stop_id': '180-1', 'trip_id': '3-0-6', 'agency_name': 'Unknown'}]}",3375.0
109,123,14250,inter,left,60,[110],[121; 133; 145],500,375,1000,751,14625,14685.0,18720.0,18780.0,4035.0,4.0,110,145,,,pt,19531.0,5281.0,"{'duration': 4035, 'source_transfer_time': 0, 'waiting_time': 285, 'trip_time': 3750, 'num_transfers': 4, 'departure_time': 14685, 'departure_day': 'current_day', 'arrival_time': 18720, 'arrival_day': 'current_day', 'steps': [{'duration': 450, 'departure_time': 14970, 'arrival_time': 15420, 'day': 'current_day', 'from_stop_id': '110-2', 'to_stop_id': 'A-2', 'trip_id': '2-0-19', 'agency_name': 'Unknown'}, {'duration': 30, 'departure_time': 15420, 'arrival_time': 15450, 'day': 'current_day', 'from_stop_id': 'A-2', 'to_stop_id': 'A-0', 'trip_id': 'walking', 'agency_name': 'Unknown'}, {'duration': 1800, 'departure_time': 16200, 'arrival_time': 18000, 'day': 'current_day', 'from_stop_id': 'A-0', 'to_stop_id': 'B-0', 'trip_id': 'IE-18-0', 'agency_name': 'Unknown'}, {'duration': 30, 'departure_time': 18000, 'arrival_time': 18030, 'day': 'current_day', 'from_stop_id': 'B-0', 'to_stop_id': 'B-4', 'trip_id': 'walking', 'agency_name': 'Unknown'}, {'duration': 540, 'departure_time': 18180, 'arrival_time': 18720, 'day': 'current_day', 'from_stop_id': 'B-4', 'to_stop_id': '145-4', 'trip_id': '9-1-24', 'agency_name': 'Unknown'}]}",5281.0
14,141,7350,inter,left,61,[12; 16; 24; 36],[141],1000,751,0,0,8101,8161.0,12000.0,12060.0,3839.0,4.0,16,141,,,pt,12060.0,4710.0,"{'duration': 3839, 'source_transfer_time': 0, 'waiting_time': 299, 'trip_time': 3540, 'num_transfers': 4, 'departure_time': 8161, 'departure_day': 'current_day', 'arrival_time': 12000, 'arrival_day': 'current_day', 'steps': [{'duration': 360, 'departure_time': 8460, 'arrival_time': 8820, 'day': 'current_day', 'from_stop_id': '16-2', 'to_stop_id': 'A-2', 'trip_id': '2-1-8', 'agency_name': 'Unknown'}, {'duration': 30, 'departure_time': 8820, 'arrival_time': 8850, 'day': 'current_day', 'from_stop_id': 'A-2', 'to_stop_id': 'A-0', 'trip_id': 'walking', 'agency_name': 'Unknown'}, {'duration': 1800, 'departure_time': 9000, 'arrival_time': 10800, 'day': 'current_day', 'from_stop_id': 'A-0', 'to_stop_id': 'B-0', 'trip_id': 'IE-10-0', 'agency_name': 'Unknown'}, {'duration': 30, 'departure_time': 10800, 'arrival_time': 10830, 'day': 'current_day', 'from_stop_id': 'B-0', 'to_stop_id': 'B-5', 'trip_id': 'walking', 'agency_name': 'Unknown'}, {'duration': 720, 'departure_time': 11280, 'arrival_time': 12000, 'day': 'current_day', 'from_stop_id': 'B-5', 'to_stop_id': '141-5', 'trip_id': '10-1-12', 'agency_name': 'Unknown'}]}",4710.0
29,178,6660,inter,left,62,[29],[178],0,0,0,0,6660,6720.0,10500.0,10560.0,3780.0,4.0,29,178,,,pt,10560.0,3900.0,"{'duration': 3780, 'source_transfer_time': 0, 'waiting_time': 510, 'trip_time': 3270, 'num_transfers': 4, 'departure_time': 6720, 'departure_day': 'current_day', 'arrival_time': 10500, 'arrival_day': 'current_day', 'steps': [{'duration': 450, 'departure_time': 7230, 'arrival_time': 7680, 'day': 'current_day', 'from_stop_id': '29-5', 'to_stop_id': 'A-5', 'trip_id': '8-0-6', 'agency_name': 'Unknown'}, {'duration': 30, 'departure_time': 7680, 'arrival_time': 7710, 'day': 'current_day', 'from_stop_id': 'A-5', 'to_stop_id': 'A-0', 'trip_id': 'walking', 'agency_name': 'Unknown'}, {'duration': 1800, 'departure_time': 8100, 'arrival_time': 9900, 'day': 'current_day', 'from_stop_id': 'A-0', 'to_stop_id': 'B-0', 'trip_id': 'IE-9-0', 'agency_name': 'Unknown'}, {'duration': 30, 'departure_time': 9900, 'arrival_time': 9930, 'day': 'current_day', 'from_stop_id': 'B-0', 'to_stop_id': 'B-1', 'trip_id': 'walking', 'agency_name': 'Unknown'}, {'duration': 180, 'departure_time': 10320, 'arrival_time': 10500, 'day': 'current_day', 'from_stop_id': 'B-1', 'to_stop_id': '178-1', 'trip_id': '3-1-11', 'agency_name': 'Unknown'}]}",3900.0
62,220,4140,inter,left,63,[54],[220],500,375,0,0,4515,4575.0,8580.0,8640.0,4005.0,4.0,54,220,,,pt,8640.0,4500.0,"{'duration': 4005, 'source_transfer_time': 0, 'waiting_time': 495, 'trip_time': 3510, 'num_transfers': 4, 'departure_time': 4575, 'departure_day': 'current_day', 'arrival_time': 8580, 'arrival_day': 'current_day', 'steps': [{'duration': 450, 'departure_time': 5070, 'arrival_time': 5520, 'day': 'current_day', 'from_stop_id': '54-1', 'to_stop_id': 'A-1', 'trip_id': '1-0-3', 'agency_name': 'Unknown'}, {'duration': 30, 'departure_time': 5520, 'arrival_time': 5550, 'day': 'current_day', 'from_stop_id': 'A-1', 'to_stop_id': 'A-0', 'trip_id': 'walking', 'agency_name': 'Unknown'}, {'duration': 1800, 'departure_time': 6300, 'arrival_time': 8100, 'day': 'current_day', 'from_stop_id': 'A-0', 'to_stop_id': 'B-0', 'trip_id': 'IE-7-0', 'agency_name': 'Unknown'}, {'duration': 30, 'departure_time': 8100, 'arrival_time': 8130, 'day': 'current_day', 'from_stop_id': 'B-0', 'to_stop_id': 'B-2', 'trip_id': 'walking', 'agency_name': 'Unknown'}, {'duration': 360, 'departure_time': 8220, 'arrival_time': 8580, 'day': 'current_day', 'from_stop_id': 'B-2', 'to_stop_id': '220-2', 'trip_id': '4-1-7', 'agency_name': 'Unknown'}]}",4500.0
97,207,6240,inter,left,64,[86; 96],[207],500,375,0,0,6615,6675.0,10530.0,10590.0,3855.0,4.0,86,207,,,pt,10590.0,4350.0,"{'duration': 3855, 'source_transfer_time': 0, 'waiting_time': 555, 'trip_time': 3300, 'num_transfers': 4, 'departure_time': 6675, 'departure_day': 'current_day', 'arrival_time': 10530, 'arrival_day': 'current_day', 'steps': [{'duration': 450, 'departure_time': 7230, 'arrival_time': 7680, 'day': 'current_day', 'from_stop_id': '86-5', 'to_stop_id': 'A-5', 'trip_id': '8-1-6', 'agency_name': 'Unknown'}, {'duration': 30, 'departure_time': 7680, 'arrival_time': 7710, 'day': 'current_day', 'from_stop_id': 'A-5', 'to_stop_id': 'A-0', 'trip_id': 'walking', 'agency_name': 'Unknown'}, {'duration': 1800, 'departure_time': 8100, 'arrival_time': 9900, 'day': 'current_day', 'from_stop_id': 'A-0', 'to_stop_id': 'B-0', 'trip_id': 'IE-9-0', 'agency_name': 'Unknown'}, {'duration': 30, 'departure_time': 9900, 'arrival_time': 9930, 'day': 'current_day', 'from_stop_id': 'B-0', 'to_stop_id': 'B-5', 'trip_id': 'walking', 'agency_name': 'Unknown'}, {'duration': 450, 'departure_time': 10080, 'arrival_time': 10530, 'day': 'current_day', 'from_stop_id': 'B-5', 'to_stop_id': '207-5', 'trip_id': '10-0-10', 'agency_name': 'Unknown'}]}",4350.0
73,153,13410,inter,left,65,[55; 75; 85; 95],[131; 141; 151],1000,751,1000,751,14161,14221.0,17820.0,17880.0,3599.0,4.0,55,151,,,pt,18631.0,5221.0,"{'duration': 3599, 'source_transfer_time': 0, 'waiting_time': 539, 'trip_time': 3060, 'num_transfers': 4, 'departure_time': 14221, 'departure_day': 'current_day', 'arrival_time': 17820, 'arrival_day': 'current_day', 'steps': [{'duration': 360, 'departure_time': 14760, 'arrival_time': 15120, 'day': 'current_day', 'from_stop_id': '55-1', 'to_stop_id': 'A-1', 'trip_id': '1-0-19', 'agency_name': 'Unknown'}, {'duration': 30, 'departure_time': 15120, 'arrival_time': 15150, 'day': 'current_day', 'from_stop_id': 'A-1', 'to_stop_id': 'A-0', 'trip_id': 'walking', 'agency_name': 'Unknown'}, {'duration': 1800, 'departure_time': 15300, 'arrival_time': 17100, 'day': 'current_day', 'from_stop_id': 'A-0', 'to_stop_id': 'B-0', 'trip_id': 'IE-17-0', 'agency_name': 'Unknown'}, {'duration': 30, 'departure_time': 17100, 'arrival_time': 17130, 'day': 'current_day', 'from_stop_id': 'B-0', 'to_stop_id': 'B-5', 'trip_id': 'walking', 'agency_name': 'Unknown'}, {'duration': 540, 'departure_time': 17280, 'arrival_time': 17820, 'day': 'current_day', 'from_stop_id': 'B-5', 'to_stop_id': '151-5', 'trip_id': '10-1-22', 'agency_name': 'Unknown'}]}",5221.0
113,225,12390,inter,left,66,[91; 103; 115],[225],1000,751,0,0,13141,13201.0,17190.0,17250.0,3989.0,4.0,91,225,,,pt,17250.0,4860.0,"{'duration': 3989, 'source_transfer_time': 0, 'waiting_time': 239, 'trip_time': 3750, 'num_transfers': 4, 'departure_time': 13201, 'departure_day': 'current_day', 'arrival_time': 17190, 'arrival_day': 'current_day', 'steps': [{'duration': 540, 'departure_time': 13440, 'arrival_time': 13980, 'day': 'current_day', 'from_stop_id': '91-4', 'to_stop_id': 'A-4', 'trip_id': '7-1-17', 'agency_name': 'Unknown'}, {'duration': 30, 'departure_time': 13980, 'arrival_time': 14010, 'day': 'current_day', 'from_stop_id': 'A-4', 'to_stop_id': 'A-0', 'trip_id': 'walking', 'agency_name': 'Unknown'}, {'duration': 1800, 'departure_time': 14400, 'arrival_time': 16200, 'day': 'current_day', 'from_stop_id': 'A-0', 'to_stop_id': 'B-0', 'trip_id': 'IE-16-0', 'agency_name': 'Unknown'}, {'duration': 30, 'departure_time': 16200, 'arrival_time': 16230, 'day': 'current_day', 'from_stop_id': 'B-0', 'to_stop_id': 'B-4', 'trip_id': 'walking', 'agency_name': 'Unknown'}, {'duration': 810, 'departure_time': 16380, 'arrival_time': 17190, 'day': 'current_day', 'from_stop_id': 'B-4', 'to_stop_id': '225-4', 'trip_id': '9-0-21', 'agency_name': 'Unknown'}]}",4860.0
46,210,9120,inter,left,67,[35; 47; 56],[209],500,375,500,375,9495,9555.0,13290.0,13350.0,3735.0,4.0,35,209,,,pt,13725.0,4605.0,"{'duration': 3735, 'source_transfer_time': 0, 'waiting_time': 375, 'trip_time': 3360, 'num_transfers': 4, 'departure_time': 9555, 'departure_day': 'current_day', 'arrival_time': 13290, 'arrival_day': 'current_day', 'steps': [{'duration': 450, 'departure_time': 9930, 'arrival_time': 10380, 'day': 'current_day', 'from_stop_id': '35-4', 'to_stop_id': 'A-4', 'trip_id': '7-0-11', 'agency_name': 'Unknown'}, {'duration': 30, 'departure_time': 10380, 'arrival_time': 10410, 'day': 'current_day', 'from_stop_id': 'A-4', 'to_stop_id': 'A-0', 'trip_id': 'walking', 'agency_name': 'Unknown'}, {'duration': 1800, 'departure_time': 10800, 'arrival_time': 12600, 'day': 'current_day', 'from_stop_id': 'A-0', 'to_stop_id': 'B-0', 'trip_id': 'IE-12-0', 'agency_name': 'Unknown'}, {'duration': 30, 'departure_time': 12600, 'arrival_time': 12630, 'day': 'current_day', 'from_stop_id': 'B-0', 'to_stop_id': 'B-2', 'trip_id': 'walking', 'agency_name': 'Unknown'}, {'duration': 270, 'departure_time': 13020, 'arrival_time': 13290, 'day': 'current_day', 'from_stop_id': 'B-2', 'to_stop_id': '209-2', 'trip_id': '4-1-15', 'agency_name': 'Unknown'}]}",4605.0
45,158,9630,inter,left,68,[55],[157; 159; 169],500,375,500,375,10005,10065.0,13800.0,13860.0,3735.0,4.0,55,159,,,pt,14235.0,4605.0,"{'duration': 3735, 'source_transfer_time': 0, 'waiting_time': 495, 'trip_time': 3240, 'num_transfers': 4, 'departure_time': 10065, 'departure_day': 'current_day', 'arrival_time': 13800, 'arrival_day': 'current_day', 'steps': [{'duration': 360, 'departure_time': 10560, 'arrival_time': 10920, 'day': 'current_day', 'from_stop_id': '55-1', 'to_stop_id': 'A-1', 'trip_id': '1-0-12', 'agency_name': 'Unknown'}, {'duration': 30, 'departure_time': 10920, 'arrival_time': 10950, 'day': 'current_day', 'from_stop_id': 'A-1', 'to_stop_id': 'A-0', 'trip_id': 'walking', 'agency_name': 'Unknown'}, {'duration': 1800, 'departure_time': 11700, 'arrival_time': 13500, 'day': 'current_day', 'from_stop_id': 'A-0', 'to_stop_id': 'B-0', 'trip_id': 'IE-13-0', 'agency_name': 'Unknown'}, {'duration': 30, 'departure_time': 13500, 'arrival_time': 13530, 'day': 'current_day', 'from_stop_id': 'B-0', 'to_stop_id': 'B-2', 'trip_id': 'walking', 'agency_name': 'Unknown'}, {'duration': 180, 'departure_time': 13620, 'arrival_time': 13800, 'day': 'current_day', 'from_stop_id': 'B-2', 'to_stop_id': '159-2', 'trip_id': '4-0-16', 'agency_name': 'Unknown'}]}",4605.0
60,122,6840,inter,left,69,[60],[121; 133],0,0,500,375,6840,6900.0,11100.0,11160.0,4200.0,4.0,60,133,,,pt,11535.0,4695.0,"{'duration': 4200, 'source_transfer_time': 0, 'waiting_time': 60, 'trip_time': 4140, 'num_transfers': 4, 'departure_time': 6900, 'departure_day': 'current_day', 'arrival_time': 11100, 'arrival_day': 'current_day', 'steps': [{'duration': 360, 'departure_time': 6960, 'arrival_time': 7320, 'day': 'current_day', 'from_stop_id': '60-1', 'to_stop_id': 'A-1', 'trip_id': '1-1-6', 'agency_name': 'Unknown'}, {'duration': 30, 'departure_time': 7320, 'arrival_time': 7350, 'day': 'current_day', 'from_stop_id': 'A-1', 'to_stop_id': 'A-0', 'trip_id': 'walking', 'agency_name': 'Unknown'}, {'duration': 1800, 'departure_time': 8100, 'arrival_time': 9900, 'day': 'current_day', 'from_stop_id': 'A-0', 'to_stop_id': 'B-0', 'trip_id': 'IE-9-0', 'agency_name': 'Unknown'}, {'duration': 30, 'departure_time': 9900, 'arrival_time': 9930, 'day': 'current_day', 'from_stop_id': 'B-0', 'to_stop_id': 'B-4', 'trip_id': 'walking', 'agency_name': 'Unknown'}, {'duration': 720, 'departure_time': 10380, 'arrival_time': 11100, 'day': 'current_day', 'from_stop_id': 'B-4', 'to_stop_id': '133-4', 'trip_id': '9-1-11', 'agency_name': 'Unknown'}]}",4695.0
65,235,12030,inter,left,70,[57; 66; 75],[224; 236],500,375,500,375,12405,12465.0,16500.0,16560.0,4035.0,4.0,57,224,,,pt,16935.0,4905.0,"{'duration': 4035, 'source_transfer_time': 0, 'waiting_time': 75, 'trip_time': 3960, 'num_transfers': 4, 'departure_time': 12465, 'departure_day': 'current_day', 'arrival_time': 16500, 'arrival_day': 'current_day', 'steps': [{'duration': 180, 'departure_time': 12540, 'arrival_time': 12720, 'day': 'current_day', 'from_stop_id': '57-1', 'to_stop_id': 'A-1', 'trip_id': '1-0-15', 'agency_name': 'Unknown'}, {'duration': 30, 'departure_time': 12720, 'arrival_time': 12750, 'day': 'current_day', 'from_stop_id': 'A-1', 'to_stop_id': 'A-0', 'trip_id': 'walking', 'agency_name': 'Unknown'}, {'duration': 1800, 'departure_time': 13500, 'arrival_time': 15300, 'day': 'current_day', 'from_stop_id': 'A-0', 'to_stop_id': 'B-0', 'trip_id': 'IE-15-0', 'agency_name': 'Unknown'}, {'duration': 30, 'departure_time': 15300, 'arrival_time': 15330, 'day': 'current_day', 'from_stop_id': 'B-0', 'to_stop_id': 'B-4', 'trip_id': 'walking', 'agency_name': 'Unknown'}, {'duration': 720, 'departure_time': 15780, 'arrival_time': 16500, 'day': 'current_day', 'from_stop_id': 'B-4', 'to_stop_id': '224-4', 'trip_id': '9-0-20', 'agency_name': 'Unknown'}]}",4905.0
25,158,11760,inter,left,71,[24; 36],[157; 159; 169],500,375,500,375,12135,12195.0,15600.0,15660.0,3405.0,4.0,24,159,,,pt,16035.0,4275.0,"{'duration': 3405, 'source_transfer_time': 0, 'waiting_time': 45, 'trip_time': 3360, 'num_transfers': 4, 'departure_time': 12195, 'departure_day': 'current_day', 'arrival_time': 15600, 'arrival_day': 'current_day', 'steps': [{'duration': 540, 'departure_time': 12240, 'arrival_time': 12780, 'day': 'current_day', 'from_stop_id': '24-4', 'to_stop_id': 'A-4', 'trip_id': '7-0-15', 'agency_name': 'Unknown'}, {'duration': 30, 'departure_time': 12780, 'arrival_time': 12810, 'day': 'current_day', 'from_stop_id': 'A-4', 'to_stop_id': 'A-0', 'trip_id': 'walking', 'agency_name': 'Unknown'}, {'duration': 1800, 'departure_time': 13500, 'arrival_time': 15300, 'day': 'current_day', 'from_stop_id': 'A-0', 'to_stop_id': 'B-0', 'trip_id': 'IE-15-0', 'agency_name': 'Unknown'}, {'duration': 30, 'departure_time': 15300, 'arrival_time': 15330, 'day': 'current_day', 'from_stop_id': 'B-0', 'to_stop_id': 'B-2', 'trip_id': 'walking', 'agency_name': 'Unknown'}, {'duration': 180, 'departure_time': 15420, 'arrival_time': 15600, 'day': 'current_day', 'from_stop_id': 'B-2', 'to_stop_id': '159-2', 'trip_id': '4-0-19', 'agency_name': 'Unknown'}]}",4275.0
68,219,9420,inter,left,72,[68],[220],0,0,500,375,9420,9480.0,12180.0,12240.0,2700.0,4.0,68,220,,,pt,12615.0,3195.0,"{'duration': 2700, 'source_transfer_time': 0, 'waiting_time': 30, 'trip_time': 2670, 'num_transfers': 4, 'departure_time': 9480, 'departure_day': 'current_day', 'arrival_time': 12180, 'arrival_day': 'current_day', 'steps': [{'duration': 270, 'departure_time': 9510, 'arrival_time': 9780, 'day': 'current_day', 'from_stop_id': '68-4', 'to_stop_id': 'A-4', 'trip_id': '7-1-10', 'agency_name': 'Unknown'}, {'duration': 30, 'departure_time': 9780, 'arrival_time': 9810, 'day': 'current_day', 'from_stop_id': 'A-4', 'to_stop_id': 'A-0', 'trip_id': 'walking', 'agency_name': 'Unknown'}, {'duration': 1800, 'departure_time': 9900, 'arrival_time': 11700, 'day': 'current_day', 'from_stop_id': 'A-0', 'to_stop_id': 'B-0', 'trip_id': 'IE-11-0', 'agency_name': 'Unknown'}, {'duration': 30, 'departure_time': 11700, 'arrival_time': 11730, 'day': 'current_day', 'from_stop_id': 'B-0', 'to_stop_id': 'B-2', 'trip_id': 'walking', 'agency_name': 'Unknown'}, {'duration': 360, 'departure_time': 11820, 'arrival_time': 12180, 'day': 'current_day', 'from_stop_id': 'B-2', 'to_stop_id': '220-2', 'trip_id': '4-1-13', 'agency_name': 'Unknown'}]}",3195.0
12,170,5010,inter,left,73,[12],[170],0,0,0,0,5010,5070.0,8460.0,8520.0,3390.0,4.0,12,170,,,pt,8520.0,3510.0,"{'duration': 3390, 'source_transfer_time': 0, 'waiting_time': 390, 'trip_time': 3000, 'num_transfers': 4, 'departure_time': 5070, 'departure_day': 'current_day', 'arrival_time': 8460, 'arrival_day': 'current_day', 'steps': [{'duration': 720, 'departure_time': 5460, 'arrival_time': 6180, 'day': 'current_day', 'from_stop_id': '12-4', 'to_stop_id': 'A-4', 'trip_id': '7-0-4', 'agency_name': 'Unknown'}, {'duration': 30, 'departure_time': 6180, 'arrival_time': 6210, 'day': 'current_day', 'from_stop_id': 'A-4', 'to_stop_id': 'A-0', 'trip_id': 'walking', 'agency_name': 'Unknown'}, {'duration': 1800, 'departure_time': 6300, 'arrival_time': 8100, 'day': 'current_day', 'from_stop_id': 'A-0', 'to_stop_id': 'B-0', 'trip_id': 'IE-7-0', 'agency_name': 'Unknown'}, {'duration': 30, 'departure_time': 8100, 'arrival_time': 8130, 'day': 'current_day', 'from_stop_id': 'B-0', 'to_stop_id': 'B-5', 'trip_id': 'walking', 'agency_name': 'Unknown'}, {'duration': 180, 'departure_time': 8280, 'arrival_time': 8460, 'day': 'current_day', 'from_stop_id': 'B-5', 'to_stop_id': '170-5', 'trip_id': '10-1-7', 'agency_name': 'Unknown'}]}",3510.0
14,215,10860,inter,left,74,[12; 16; 24; 36],[216; 226],1000,751,500,375,11611,11671.0,15600.0,15660.0,3929.0,4.0,16,216,,,pt,16035.0,5175.0,"{'duration': 3929, 'source_transfer_time': 0, 'waiting_time': 389, 'trip_time': 3540, 'num_transfers': 4, 'departure_time': 11671, 'departure_day': 'current_day', 'arrival_time': 15600, 'arrival_day': 'current_day', 'steps': [{'duration': 360, 'departure_time': 12060, 'arrival_time': 12420, 'day': 'current_day', 'from_stop_id': '16-2', 'to_stop_id': 'A-2', 'trip_id': '2-1-14', 'agency_name': 'Unknown'}, {'duration': 30, 'departure_time': 12420, 'arrival_time': 12450, 'day': 'current_day', 'from_stop_id': 'A-2', 'to_stop_id': 'A-0', 'trip_id': 'walking', 'agency_name': 'Unknown'}, {'duration': 1800, 'departure_time': 12600, 'arrival_time': 14400, 'day': 'current_day', 'from_stop_id': 'A-0', 'to_stop_id': 'B-0', 'trip_id': 'IE-14-0', 'agency_name': 'Unknown'}, {'duration': 30, 'departure_time': 14400, 'arrival_time': 14430, 'day': 'current_day', 'from_stop_id': 'B-0', 'to_stop_id': 'B-5', 'trip_id': 'walking', 'agency_name': 'Unknown'}, {'duration': 720, 'departure_time': 14880, 'arrival_time': 15600, 'day': 'current_day', 'from_stop_id': 'B-5', 'to_stop_id': '216-5', 'trip_id': '10-0-18', 'agency_name': 'Unknown'}]}",5175.0
185,212,11340,intra,right,75,[177],[212],500,375,0,0,11715,11775.0,12720.0,12780.0,945.0,2.0,177,212,3007.0,14347.0,pt,12780.0,1440.0,"{'duration': 945, 'source_transfer_time': 0, 'waiting_time': 75, 'trip_time': 870, 'num_transfers': 2, 'departure_time': 11775, 'departure_day': 'current_day', 'arrival_time': 12720, 'arrival_day': 'current_day', 'steps': [{'duration': 270, 'departure_time': 11850, 'arrival_time': 12120, 'day': 'current_day', 'from_stop_id': '177-1', 'to_stop_id': 'B-1', 'trip_id': '3-0-14', 'agency_name': 'Unknown'}, {'duration': 30, 'departure_time': 12120, 'arrival_time': 12150, 'day': 'current_day', 'from_stop_id': 'B-1', 'to_stop_id': 'B-4', 'trip_id': 'walking', 'agency_name': 'Unknown'}, {'duration': 540, 'departure_time': 12180, 'arrival_time': 12720, 'day': 'current_day', 'from_stop_id': 'B-4', 'to_stop_id': '212-4', 'trip_id': '9-0-14', 'agency_name': 'Unknown'}]}",1440.0
160,229,11610,intra,right,76,[160],[207; 217; 227; 231],0,0,1000,751,11610,11670.0,12930.0,12990.0,1260.0,0.0,160,207,3759.0,15369.0,pt,13741.0,2131.0,"{'duration': 1260, 'source_transfer_time': 0, 'waiting_time': 540, 'trip_time': 720, 'num_transfers': 0, 'departure_time': 11670, 'departure_day': 'current_day', 'arrival_time': 12930, 'arrival_day': 'current_day', 'steps': [{'duration': 720, 'departure_time': 12210, 'arrival_time': 12930, 'day': 'current_day', 'from_stop_id': '160-5', 'to_stop_id': '207-5', 'trip_id': '10-0-14', 'agency_name': 'Unknown'}]}",2131.0
207,159,8700,intra,right,77,[207],[159],0,0,0,0,8700,8760.0,10200.0,10260.0,1440.0,2.0,207,159,2631.0,11331.0,pt,10260.0,1560.0,"{'duration': 1440, 'source_transfer_time': 0, 'waiting_time': 270, 'trip_time': 1170, 'num_transfers': 2, 'departure_time': 8760, 'departure_day': 'current_day', 'arrival_time': 10200, 'arrival_day': 'current_day', 'steps': [{'duration': 360, 'departure_time': 9030, 'arrival_time': 9390, 'day': 'current_day', 'from_stop_id': '207-5', 'to_stop_id': '240-5', 'trip_id': '10-1-9', 'agency_name': 'Unknown'}, {'duration': 30, 'departure_time': 9390, 'arrival_time': 9420, 'day': 'current_day', 'from_stop_id': '240-5', 'to_stop_id': '240-2', 'trip_id': 'walking', 'agency_name': 'Unknown'}, {'duration': 270, 'departure_time': 9930, 'arrival_time': 10200, 'day': 'current_day', 'from_stop_id': '240-2', 'to_stop_id': '159-2', 'trip_id': '4-0-10', 'agency_name': 'Unknown'}]}",1560.0
221,184,9180,intra,right,78,[220],[176],500,375,500,375,9555,9615.0,10680.0,10740.0,1065.0,2.0,220,176,3007.0,12187.0,pt,11115.0,1935.0,"{'duration': 1065, 'source_transfer_time': 0, 'waiting_time': 45, 'trip_time': 1020, 'num_transfers': 2, 'departure_time': 9615, 'departure_day': 'current_day', 'arrival_time': 10680, 'arrival_day': 'current_day', 'steps': [{'duration': 360, 'departure_time': 9660, 'arrival_time': 10020, 'day': 'current_day', 'from_stop_id': '220-2', 'to_stop_id': 'B-2', 'trip_id': '4-0-10', 'agency_name': 'Unknown'}, {'duration': 30, 'departure_time': 10020, 'arrival_time': 10050, 'day': 'current_day', 'from_stop_id': 'B-2', 'to_stop_id': 'B-1', 'trip_id': 'walking', 'agency_name': 'Unknown'}, {'duration': 360, 'departure_time': 10320, 'arrival_time': 10680, 'day': 'current_day', 'from_stop_id': 'B-1', 'to_stop_id': '176-1', 'trip_id': '3-1-11', 'agency_name': 'Unknown'}]}",1935.0
145,187,10170,intra,right,79,[145],[187],0,0,0,0,10170,10230.0,11460.0,11520.0,1230.0,2.0,145,187,2255.0,12425.0,pt,11520.0,1350.0,"{'duration': 1230, 'source_transfer_time': 0, 'waiting_time': 210, 'trip_time': 1020, 'num_transfers': 2, 'departure_time': 10230, 'departure_day': 'current_day', 'arrival_time': 11460, 'arrival_day': 'current_day', 'steps': [{'duration': 540, 'departure_time': 10440, 'arrival_time': 10980, 'day': 'current_day', 'from_stop_id': '145-4', 'to_stop_id': 'B-4', 'trip_id': '9-0-12', 'agency_name': 'Unknown'}, {'duration': 30, 'departure_time': 10980, 'arrival_time': 11010, 'day': 'current_day', 'from_stop_id': 'B-4', 'to_stop_id': 'B-5', 'trip_id': 'walking', 'agency_name': 'Unknown'}, {'duration': 180, 'departure_time': 11280, 'arrival_time': 11460, 'day': 'current_day', 'from_stop_id': 'B-5', 'to_stop_id': '187-5', 'trip_id': '10-0-12', 'agency_name': 'Unknown'}]}",1350.0
141,155,6570,intra,right,80,[141],[144; 156],0,0,500,375,6570,6630.0,8430.0,8490.0,1800.0,2.0,141,156,3759.0,10329.0,pt,8865.0,2295.0,"{'duration': 1800, 'source_transfer_time': 0, 'waiting_time': 330, 'trip_time': 1470, 'num_transfers': 2, 'departure_time': 6630, 'departure_day': 'current_day', 'arrival_time': 8430, 'arrival_day': 'current_day', 'steps': [{'duration': 720, 'departure_time': 6960, 'arrival_time': 7680, 'day': 'current_day', 'from_stop_id': '141-5', 'to_stop_id': 'B-5', 'trip_id': '10-0-6', 'agency_name': 'Unknown'}, {'duration': 30, 'departure_time': 7680, 'arrival_time': 7710, 'day': 'current_day', 'from_stop_id': 'B-5', 'to_stop_id': 'B-4', 'trip_id': 'walking', 'agency_name': 'Unknown'}, {'duration': 450, 'departure_time': 7980, 'arrival_time': 8430, 'day': 'current_day', 'from_stop_id': 'B-4', 'to_stop_id': '156-4', 'trip_id': '9-1-7', 'agency_name': 'Unknown'}]}",2295.0
228,162,5460,intra,right,81,[217; 227],[151; 161],500,375,500,375,5835,5895.0,7440.0,7500.0,1545.0,0.0,217,161,4887.0,10347.0,pt,7875.0,2415.0,"{'duration': 1545, 'source_transfer_time': 0, 'waiting_time': 555, 'trip_time': 990, 'num_transfers': 0, 'departure_time': 5895, 'departure_day': 'current_day', 'arrival_time': 7440, 'arrival_day': 'current_day', 'steps': [{'duration': 990, 'departure_time': 6450, 'arrival_time': 7440, 'day': 'current_day', 'from_stop_id': '217-5', 'to_stop_id': '161-5', 'trip_id': '10-1-5', 'agency_name': 'Unknown'}]}",2415.0
157,63,9330,inter,right,82,[157],[55],0,0,500,375,9330,9390.0,12480.0,12540.0,3090.0,4.0,157,55,,,pt,12915.0,3585.0,"{'duration': 3090, 'source_transfer_time': 0, 'waiting_time': 30, 'trip_time': 3060, 'num_transfers': 4, 'departure_time': 9390, 'departure_day': 'current_day', 'arrival_time': 12480, 'arrival_day': 'current_day', 'steps': [{'duration': 360, 'departure_time': 9420, 'arrival_time': 9780, 'day': 'current_day', 'from_stop_id': '157-4', 'to_stop_id': 'B-4', 'trip_id': '9-0-10', 'agency_name': 'Unknown'}, {'duration': 30, 'departure_time': 9780, 'arrival_time': 9810, 'day': 'current_day', 'from_stop_id': 'B-4', 'to_stop_id': 'B-0', 'trip_id': 'walking', 'agency_name': 'Unknown'}, {'duration': 1800, 'departure_time': 9900, 'arrival_time': 11700, 'day': 'current_day', 'from_stop_id': 'B-0', 'to_stop_id': 'A-0', 'trip_id': 'IE-11-1', 'agency_name': 'Unknown'}, {'duration': 30, 'departure_time': 11700, 'arrival_time': 11730, 'day': 'current_day', 'from_stop_id': 'A-0', 'to_stop_id': 'A-1', 'trip_id': 'walking', 'agency_name': 'Unknown'}, {'duration': 360, 'departure_time': 12120, 'arrival_time': 12480, 'day': 'current_day', 'from_stop_id': 'A-1', 'to_stop_id': '55-1', 'trip_id': '1-1-14', 'agency_name': 'Unknown'}]}",3585.0
169,5,4380,inter,right,83,[169],[5],0,0,0,0,4380,4440.0,8070.0,8130.0,3630.0,4.0,169,5,,,pt,8130.0,3750.0,"{'duration': 3630, 'source_transfer_time': 0, 'waiting_time': 360, 'trip_time': 3270, 'num_transfers': 4, 'departure_time': 4440, 'departure_day': 'current_day', 'arrival_time': 8070, 'arrival_day': 'current_day', 'steps': [{'duration': 180, 'departure_time': 4800, 'arrival_time': 4980, 'day': 'current_day', 'from_stop_id': '169-4', 'to_stop_id': 'B-4', 'trip_id': '9-0-2', 'agency_name': 'Unknown'}, {'duration': 30, 'departure_time': 4980, 'arrival_time': 5010, 'day': 'current_day', 'from_stop_id': 'B-4', 'to_stop_id': 'B-0', 'trip_id': 'walking', 'agency_name': 'Unknown'}, {'duration': 1800, 'departure_time': 5400, 'arrival_time': 7200, 'day': 'current_day', 'from_stop_id': 'B-0', 'to_stop_id': 'A-0', 'trip_id': 'IE-6-1', 'agency_name': 'Unknown'}, {'duration': 30, 'departure_time': 7200, 'arrival_time': 7230, 'day': 'current_day', 'from_stop_id': 'A-0', 'to_stop_id': 'A-2', 'trip_id': 'walking', 'agency_name': 'Unknown'}, {'duration': 450, 'departure_time': 7620, 'arrival_time': 8070, 'day': 'current_day', 'from_stop_id': 'A-2', 'to_stop_id': '5-2', 'trip_id': '2-0-6', 'agency_name': 'Unknown'}]}",3750.0
160,86,10350,inter,right,84,[160],[86],0,0,0,0,10350,10410.0,13530.0,13590.0,3120.0,4.0,160,86,,,pt,13590.0,3240.0,"{'duration': 3120, 'source_transfer_time': 0, 'waiting_time': 0, 'trip_time': 3120, 'num_transfers': 4, 'departure_time': 10410, 'departure_day': 'current_day', 'arrival_time': 13530, 'arrival_day': 'current_day', 'steps': [{'duration': 270, 'departure_time': 10410, 'arrival_time': 10680, 'day': 'current_day', 'from_stop_id': '160-5', 'to_stop_id': 'B-5', 'trip_id': '10-0-11', 'agency_name': 'Unknown'}, {'duration': 30, 'departure_time': 10680, 'arrival_time': 10710, 'day': 'current_day', 'from_stop_id': 'B-5', 'to_stop_id': 'B-0', 'trip_id': 'walking', 'agency_name': 'Unknown'}, {'duration': 1800, 'departure_time': 10800, 'arrival_time': 12600, 'day': 'current_day', 'from_stop_id': 'B-0', 'to_stop_id': 'A-0', 'trip_id': 'IE-12-1', 'agency_name': 'Unknown'}, {'duration': 30, 'departure_time': 12600, 'arrival_time': 12630, 'day': 'current_day', 'from_stop_id': 'A-0', 'to_stop_id': 'A-5', 'trip_id': 'walking', 'agency_name': 'Unknown'}, {'duration': 450, 'departure_time': 13080, 'arrival_time': 13530, 'day': 'current_day', 'from_stop_id': 'A-5', 'to_stop_id': '86-5', 'trip_id': '8-0-15', 'agency_name': 'Unknown'}]}",3240.0
154,38,5340,inter,right,85,[132; 144; 156; 175],[38],1000,751,0,0,6091,6151.0,9600.0,9660.0,3449.0,4.0,156,38,,,pt,9660.0,4320.0,"{'duration': 3449, 'source_transfer_time': 0, 'waiting_time': 179, 'trip_time': 3270, 'num_transfers': 4, 'departure_time': 6151, 'departure_day': 'current_day', 'arrival_time': 9600, 'arrival_day': 'current_day', 'steps': [{'duration': 450, 'departure_time': 6330, 'arrival_time': 6780, 'day': 'current_day', 'from_stop_id': '156-4', 'to_stop_id': 'B-4', 'trip_id': '9-0-5', 'agency_name': 'Unknown'}, {'duration': 30, 'departure_time': 6780, 'arrival_time': 6810, 'day': 'current_day', 'from_stop_id': 'B-4', 'to_stop_id': 'B-0', 'trip_id': 'walking', 'agency_name': 'Unknown'}, {'duration': 1800, 'departure_time': 7200, 'arrival_time': 9000, 'day': 'current_day', 'from_stop_id': 'B-0', 'to_stop_id': 'A-0', 'trip_id': 'IE-8-1', 'agency_name': 'Unknown'}, {'duration': 30, 'departure_time': 9000, 'arrival_time': 9030, 'day': 'current_day', 'from_stop_id': 'A-0', 'to_stop_id': 'A-2', 'trip_id': 'walking', 'agency_name': 'Unknown'}, {'duration': 180, 'departure_time': 9420, 'arrival_time': 9600, 'day': 'current_day', 'from_stop_id': 'A-2', 'to_stop_id': '38-2', 'trip_id': '2-0-9', 'agency_name': 'Unknown'}]}",4320.0
145,33,10200,inter,right,86,[145],[11; 23; 35; 54],0,0,1000,751,10200,10260.0,14370.0,14430.0,4110.0,4.0,145,54,,,pt,15181.0,4981.0,"{'duration': 4110, 'source_transfer_time': 0, 'waiting_time': 180, 'trip_time': 3930, 'num_transfers': 4, 'departure_time': 10260, 'departure_day': 'current_day', 'arrival_time': 14370, 'arrival_day': 'current_day', 'steps': [{'duration': 540, 'departure_time': 10440, 'arrival_time': 10980, 'day': 'current_day', 'from_stop_id': '145-4', 'to_stop_id': 'B-4', 'trip_id': '9-0-12', 'agency_name': 'Unknown'}, {'duration': 30, 'departure_time': 10980, 'arrival_time': 11010, 'day': 'current_day', 'from_stop_id': 'B-4', 'to_stop_id': 'B-0', 'trip_id': 'walking', 'agency_name': 'Unknown'}, {'duration': 1800, 'departure_time': 11700, 'arrival_time': 13500, 'day': 'current_day', 'from_stop_id': 'B-0', 'to_stop_id': 'A-0', 'trip_id': 'IE-13-1', 'agency_name': 'Unknown'}, {'duration': 30, 'departure_time': 13500, 'arrival_time': 13530, 'day': 'current_day', 'from_stop_id': 'A-0', 'to_stop_id': 'A-1', 'trip_id': 'walking', 'agency_name': 'Unknown'}, {'duration': 450, 'departure_time': 13920, 'arrival_time': 14370, 'day': 'current_day', 'from_stop_id': 'A-1', 'to_stop_id': '54-1', 'trip_id': '1-1-17', 'agency_name': 'Unknown'}]}",4981.0
134,29,11340,inter,right,87,[133; 145],[29],500,375,0,0,11715,11775.0,15930.0,15990.0,4155.0,4.0,133,29,,,pt,15990.0,4650.0,"{'duration': 4155, 'source_transfer_time': 0, 'waiting_time': 285, 'trip_time': 3870, 'num_transfers': 4, 'departure_time': 11775, 'departure_day': 'current_day', 'arrival_time': 15930, 'arrival_day': 'current_day', 'steps': [{'duration': 720, 'departure_time': 12060, 'arrival_time': 12780, 'day': 'current_day', 'from_stop_id': '133-4', 'to_stop_id': 'B-4', 'trip_id': '9-0-15', 'agency_name': 'Unknown'}, {'duration': 30, 'departure_time': 12780, 'arrival_time': 12810, 'day': 'current_day', 'from_stop_id': 'B-4', 'to_stop_id': 'B-0', 'trip_id': 'walking', 'agency_name': 'Unknown'}, {'duration': 1800, 'departure_time': 13500, 'arrival_time': 15300, 'day': 'current_day', 'from_stop_id': 'B-0', 'to_stop_id': 'A-0', 'trip_id': 'IE-15-1', 'agency_name': 'Unknown'}, {'duration': 30, 'departure_time': 15300, 'arrival_time': 15330, 'day': 'current_day', 'from_stop_id': 'A-0', 'to_stop_id': 'A-5', 'trip_id': 'walking', 'agency_name': 'Unknown'}, {'duration': 450, 'departure_time': 15480, 'arrival_time': 15930, 'day': 'current_day', 'from_stop_id': 'A-5', 'to_stop_id': '29-5', 'trip_id': '8-1-19', 'agency_name': 'Unknown'}]}",4650.0
203,11,13800,inter,right,88,[182; 201; 213; 225],[11],1000,751,0,0,14551,14611.0,18390.0,18450.0,3779.0,4.0,182,11,,,pt,18450.0,4650.0,"{'duration': 3779, 'source_transfer_time': 0, 'waiting_time': 59, 'trip_time': 3720, 'num_transfers': 4, 'departure_time': 14611, 'departure_day': 'current_day', 'arrival_time': 18390, 'arrival_day': 'current_day', 'steps': [{'duration': 450, 'departure_time': 14670, 'arrival_time': 15120, 'day': 'current_day', 'from_stop_id': '182-1', 'to_stop_id': 'B-1', 'trip_id': '3-1-19', 'agency_name': 'Unknown'}, {'duration': 30, 'departure_time': 15120, 'arrival_time': 15150, 'day': 'current_day', 'from_stop_id': 'B-1', 'to_stop_id': 'B-0', 'trip_id': 'walking', 'agency_name': 'Unknown'}, {'duration': 1800, 'departure_time': 15300, 'arrival_time': 17100, 'day': 'current_day', 'from_stop_id': 'B-0', 'to_stop_id': 'A-0', 'trip_id': 'IE-17-1', 'agency_name': 'Unknown'}, {'duration': 30, 'departure_time': 17100, 'arrival_time': 17130, 'day': 'current_day', 'from_stop_id': 'A-0', 'to_stop_id': 'A-4', 'trip_id': 'walking', 'agency_name': 'Unknown'}, {'duration': 810, 'departure_time': 17580, 'arrival_time': 18390, 'day': 'current_day', 'from_stop_id': 'A-4', 'to_stop_id': '11-4', 'trip_id': '7-1-23', 'agency_name': 'Unknown'}]}",4650.0
227,58,6720,inter,right,89,[227],[58],0,0,0,0,6720,6780.0,10500.0,10560.0,3720.0,4.0,227,58,,,pt,10560.0,3840.0,"{'duration': 3720, 'source_transfer_time': 0, 'waiting_time': 90, 'trip_time': 3630, 'num_transfers': 4, 'departure_time': 6780, 'departure_day': 'current_day', 'arrival_time': 10500, 'arrival_day': 'current_day', 'steps': [{'duration': 810, 'departure_time': 6870, 'arrival_time': 7680, 'day': 'current_day', 'from_stop_id': '227-5', 'to_stop_id': 'B-5', 'trip_id': '10-1-6', 'agency_name': 'Unknown'}, {'duration': 30, 'departure_time': 7680, 'arrival_time': 7710, 'day': 'current_day', 'from_stop_id': 'B-5', 'to_stop_id': 'B-0', 'trip_id': 'walking', 'agency_name': 'Unknown'}, {'duration': 1800, 'departure_time': 8100, 'arrival_time': 9900, 'day': 'current_day', 'from_stop_id': 'B-0', 'to_stop_id': 'A-0', 'trip_id': 'IE-9-1', 'agency_name': 'Unknown'}, {'duration': 30, 'departure_time': 9900, 'arrival_time': 9930, 'day': 'current_day', 'from_stop_id': 'A-0', 'to_stop_id': 'A-1', 'trip_id': 'walking', 'agency_name': 'Unknown'}, {'duration': 180, 'departure_time': 10320, 'arrival_time': 10500, 'day': 'current_day', 'from_stop_id': 'A-1', 'to_stop_id': '58-1', 'trip_id': '1-0-11', 'agency_name': 'Unknown'}]}",3840.0
160,33,8070,inter,right,90,[160],[11; 23; 35; 54],0,0,1000,751,8070,8130.0,11370.0,11430.0,3240.0,4.0,160,54,,,pt,12181.0,4111.0,"{'duration': 3240, 'source_transfer_time': 0, 'waiting_time': 480, 'trip_time': 2760, 'num_transfers': 4, 'departure_time': 8130, 'departure_day': 'current_day', 'arrival_time': 11370, 'arrival_day': 'current_day', 'steps': [{'duration': 270, 'departure_time': 8610, 'arrival_time': 8880, 'day': 'current_day', 'from_stop_id': '160-5', 'to_stop_id': 'B-5', 'trip_id': '10-0-8', 'agency_name': 'Unknown'}, {'duration': 30, 'departure_time': 8880, 'arrival_time': 8910, 'day': 'current_day', 'from_stop_id': 'B-5', 'to_stop_id': 'B-0', 'trip_id': 'walking', 'agency_name': 'Unknown'}, {'duration': 1800, 'departure_time': 9000, 'arrival_time': 10800, 'day': 'current_day', 'from_stop_id': 'B-0', 'to_stop_id': 'A-0', 'trip_id': 'IE-10-1', 'agency_name': 'Unknown'}, {'duration': 30, 'departure_time': 10800, 'arrival_time': 10830, 'day': 'current_day', 'from_stop_id': 'A-0', 'to_stop_id': 'A-1', 'trip_id': 'walking', 'agency_name': 'Unknown'}, {'duration': 450, 'departure_time': 10920, 'arrival_time': 11370, 'day': 'current_day', 'from_stop_id': 'A-1', 'to_stop_id': '54-1', 'trip_id': '1-1-12', 'agency_name': 'Unknown'}]}",4111.0
188,52,8370,inter,right,91,[188],[60],0,0,500,375,8370,8430.0,12480.0,12540.0,4050.0,4.0,188,60,,,pt,12915.0,4545.0,"{'duration': 4050, 'source_transfer_time': 0, 'waiting_time': 570, 'trip_time': 3480, 'num_transfers': 4, 'departure_time': 8430, 'departure_day': 'current_day', 'arrival_time': 12480, 'arrival_day': 'current_day', 'steps': [{'duration': 180, 'departure_time': 9000, 'arrival_time': 9180, 'day': 'current_day', 'from_stop_id': '188-4', 'to_stop_id': 'B-4', 'trip_id': '9-1-9', 'agency_name': 'Unknown'}, {'duration': 30, 'departure_time': 9180, 'arrival_time': 9210, 'day': 'current_day', 'from_stop_id': 'B-4', 'to_stop_id': 'B-0', 'trip_id': 'walking', 'agency_name': 'Unknown'}, {'duration': 1800, 'departure_time': 9900, 'arrival_time': 11700, 'day': 'current_day', 'from_stop_id': 'B-0', 'to_stop_id': 'A-0', 'trip_id': 'IE-11-1', 'agency_name': 'Unknown'}, {'duration': 30, 'departure_time': 11700, 'arrival_time': 11730, 'day': 'current_day', 'from_stop_id': 'A-0', 'to_stop_id': 'A-1', 'trip_id': 'walking', 'agency_name': 'Unknown'}, {'duration': 360, 'departure_time': 12120, 'arrival_time': 12480, 'day': 'current_day', 'from_stop_id': 'A-1', 'to_stop_id': '60-1', 'trip_id': '1-0-14', 'agency_name': 'Unknown'}]}",4545.0
223,68,4230,inter,right,92,[212; 224],[68],500,375,0,0,4605,4665.0,8850.0,8910.0,4185.0,4.0,212,68,,,pt,8910.0,4680.0,"{'duration': 4185, 'source_transfer_time': 0, 'waiting_time': 375, 'trip_time': 3810, 'num_transfers': 4, 'departure_time': 4665, 'departure_day': 'current_day', 'arrival_time': 8850, 'arrival_day': 'current_day', 'steps': [{'duration': 540, 'departure_time': 5040, 'arrival_time': 5580, 'day': 'current_day', 'from_stop_id': '212-4', 'to_stop_id': 'B-4', 'trip_id': '9-1-3', 'agency_name': 'Unknown'}, {'duration': 30, 'departure_time': 5580, 'arrival_time': 5610, 'day': 'current_day', 'from_stop_id': 'B-4', 'to_stop_id': 'B-0', 'trip_id': 'walking', 'agency_name': 'Unknown'}, {'duration': 1800, 'departure_time': 6300, 'arrival_time': 8100, 'day': 'current_day', 'from_stop_id': 'B-0', 'to_stop_id': 'A-0', 'trip_id': 'IE-7-1', 'agency_name': 'Unknown'}, {'duration': 30, 'departure_time': 8100, 'arrival_time': 8130, 'day': 'current_day', 'from_stop_id': 'A-0', 'to_stop_id': 'A-4', 'trip_id': 'walking', 'agency_name': 'Unknown'}, {'duration': 270, 'departure_time': 8580, 'arrival_time': 8850, 'day': 'current_day', 'from_stop_id': 'A-4', 'to_stop_id': '68-4', 'trip_id': '7-0-8', 'agency_name': 'Unknown'}]}",4680.0
127,8,9030,inter,right,93,[126],[9; 19],500,375,500,375,9405,9465.0,13710.0,13770.0,4245.0,4.0,126,19,,,pt,14145.0,5115.0,"{'duration': 4245, 'source_transfer_time': 0, 'waiting_time': 105, 'trip_time': 4140, 'num_transfers': 4, 'departure_time': 9465, 'departure_day': 'current_day', 'arrival_time': 13710, 'arrival_day': 'current_day', 'steps': [{'duration': 450, 'departure_time': 9570, 'arrival_time': 10020, 'day': 'current_day', 'from_stop_id': '126-2', 'to_stop_id': 'B-2', 'trip_id': '4-1-10', 'agency_name': 'Unknown'}, {'duration': 30, 'departure_time': 10020, 'arrival_time': 10050, 'day': 'current_day', 'from_stop_id': 'B-2', 'to_stop_id': 'B-0', 'trip_id': 'walking', 'agency_name': 'Unknown'}, {'duration': 1800, 'departure_time': 10800, 'arrival_time': 12600, 'day': 'current_day', 'from_stop_id': 'B-0', 'to_stop_id': 'A-0', 'trip_id': 'IE-12-1', 'agency_name': 'Unknown'}, {'duration': 30, 'departure_time': 12600, 'arrival_time': 12630, 'day': 'current_day', 'from_stop_id': 'A-0', 'to_stop_id': 'A-5', 'trip_id': 'walking', 'agency_name': 'Unknown'}, {'duration': 630, 'departure_time': 13080, 'arrival_time': 13710, 'day': 'current_day', 'from_stop_id': 'A-5', 'to_stop_id': '19-5', 'trip_id': '8-1-15', 'agency_name': 'Unknown'}]}",5115.0
226,29,4290,inter,right,94,[226],[29],0,0,0,0,4290,4350.0,8130.0,8190.0,3780.0,4.0,226,29,,,pt,8190.0,3900.0,"{'duration': 3780, 'source_transfer_time': 0, 'waiting_time': 30, 'trip_time': 3750, 'num_transfers': 4, 'departure_time': 4350, 'departure_day': 'current_day', 'arrival_time': 8130, 'arrival_day': 'current_day', 'steps': [{'duration': 900, 'departure_time': 4380, 'arrival_time': 5280, 'day': 'current_day', 'from_stop_id': '226-5', 'to_stop_id': 'B-5', 'trip_id': '10-1-2', 'agency_name': 'Unknown'}, {'duration': 30, 'departure_time': 5280, 'arrival_time': 5310, 'day': 'current_day', 'from_stop_id': 'B-5', 'to_stop_id': 'B-0', 'trip_id': 'walking', 'agency_name': 'Unknown'}, {'duration': 1800, 'departure_time': 5400, 'arrival_time': 7200, 'day': 'current_day', 'from_stop_id': 'B-0', 'to_stop_id': 'A-0', 'trip_id': 'IE-6-1', 'agency_name': 'Unknown'}, {'duration': 30, 'departure_time': 7200, 'arrival_time': 7230, 'day': 'current_day', 'from_stop_id': 'A-0', 'to_stop_id': 'A-5', 'trip_id': 'walking', 'agency_name': 'Unknown'}, {'duration': 450, 'departure_time': 7680, 'arrival_time': 8130, 'day': 'current_day', 'from_stop_id': 'A-5', 'to_stop_id': '29-5', 'trip_id': '8-1-6', 'agency_name': 'Unknown'}]}",3900.0
180,96,5160,inter,right,95,[180],[96],0,0,0,0,5160,5220.0,8910.0,8970.0,3690.0,4.0,180,96,,,pt,8970.0,3810.0,"{'duration': 3690, 'source_transfer_time': 0, 'waiting_time': 30, 'trip_time': 3660, 'num_transfers': 4, 'departure_time': 5220, 'departure_day': 'current_day', 'arrival_time': 8910, 'arrival_day': 'current_day', 'steps': [{'duration': 270, 'departure_time': 5250, 'arrival_time': 5520, 'day': 'current_day', 'from_stop_id': '180-1', 'to_stop_id': 'B-1', 'trip_id': '3-1-3', 'agency_name': 'Unknown'}, {'duration': 30, 'departure_time': 5520, 'arrival_time': 5550, 'day': 'current_day', 'from_stop_id': 'B-1', 'to_stop_id': 'B-0', 'trip_id': 'walking', 'agency_name': 'Unknown'}, {'duration': 1800, 'departure_time': 6300, 'arrival_time': 8100, 'day': 'current_day', 'from_stop_id': 'B-0', 'to_stop_id': 'A-0', 'trip_id': 'IE-7-1', 'agency_name': 'Unknown'}, {'duration': 30, 'departure_time': 8100, 'arrival_time': 8130, 'day': 'current_day', 'from_stop_id': 'A-0', 'to_stop_id': 'A-5', 'trip_id': 'walking', 'agency_name': 'Unknown'}, {'duration': 630, 'departure_time': 8280, 'arrival_time': 8910, 'day': 'current_day', 'from_stop_id': 'A-5', 'to_stop_id': '96-5', 'trip_id': '8-0-7', 'agency_name': 'Unknown'}]}",3810.0
155,7,5010,inter,right,96,[144; 156],[5; 9; 19; 29],500,375,1000,751,5385,5445.0,8670.0,8730.0,3225.0,4.0,144,5,,,pt,9481.0,4471.0,"{'duration': 3225, 'source_transfer_time': 0, 'waiting_time': 105, 'trip_time': 3120, 'num_transfers': 4, 'departure_time': 5445, 'departure_day': 'current_day', 'arrival_time': 8670, 'arrival_day': 'current_day', 'steps': [{'duration': 630, 'departure_time': 5550, 'arrival_time': 6180, 'day': 'current_day', 'from_stop_id': '144-4', 'to_stop_id': 'B-4', 'trip_id': '9-0-4', 'agency_name': 'Unknown'}, {'duration': 30, 'departure_time': 6180, 'arrival_time': 6210, 'day': 'current_day', 'from_stop_id': 'B-4', 'to_stop_id': 'B-0', 'trip_id': 'walking', 'agency_name': 'Unknown'}, {'duration': 1800, 'departure_time': 6300, 'arrival_time': 8100, 'day': 'current_day', 'from_stop_id': 'B-0', 'to_stop_id': 'A-0', 'trip_id': 'IE-7-1', 'agency_name': 'Unknown'}, {'duration': 30, 'departure_time': 8100, 'arrival_time': 8130, 'day': 'current_day', 'from_stop_id': 'A-0', 'to_stop_id': 'A-2', 'trip_id': 'walking', 'agency_name': 'Unknown'}, {'duration': 450, 'departure_time': 8220, 'arrival_time': 8670, 'day': 'current_day', 'from_stop_id': 'A-2', 'to_stop_id': '5-2', 'trip_id': '2-0-7', 'agency_name': 'Unknown'}]}",4471.0
143,0,8820,inter,right,97,[132; 144],[0],500,375,0,0,9195,9255.0,13680.0,13740.0,4425.0,4.0,132,0,,,pt,13740.0,4920.0,"{'duration': 4425, 'source_transfer_time': 0, 'waiting_time': 315, 'trip_time': 4110, 'num_transfers': 4, 'departure_time': 9255, 'departure_day': 'current_day', 'arrival_time': 13680, 'arrival_day': 'current_day', 'steps': [{'duration': 810, 'departure_time': 9570, 'arrival_time': 10380, 'day': 'current_day', 'from_stop_id': '132-4', 'to_stop_id': 'B-4', 'trip_id': '9-0-11', 'agency_name': 'Unknown'}, {'duration': 30, 'departure_time': 10380, 'arrival_time': 10410, 'day': 'current_day', 'from_stop_id': 'B-4', 'to_stop_id': 'B-0', 'trip_id': 'walking', 'agency_name': 'Unknown'}, {'duration': 1800, 'departure_time': 10800, 'arrival_time': 12600, 'day': 'current_day', 'from_stop_id': 'B-0', 'to_stop_id': 'A-0', 'trip_id': 'IE-12-1', 'agency_name': 'Unknown'}, {'duration': 30, 'departure_time': 12600, 'arrival_time': 12630, 'day': 'current_day', 'from_stop_id': 'A-0', 'to_stop_id': 'A-4', 'trip_id': 'walking', 'agency_name': 'Unknown'}, {'duration': 900, 'departure_time': 12780, 'arrival_time': 13680, 'day': 'current_day', 'from_stop_id': 'A-4', 'to_stop_id': '0-4', 'trip_id': '7-1-15', 'agency_name': 'Unknown'}]}",4920.0
199,24,8640,inter,right,98,[188; 198; 200],[24],500,375,0,0,9015,9075.0,12720.0,12780.0,3645.0,4.0,188,24,,,pt,12780.0,4140.0,"{'duration': 3645, 'source_transfer_time': 0, 'waiting_time': 525, 'trip_time': 3120, 'num_transfers': 4, 'departure_time': 9075, 'departure_day': 'current_day', 'arrival_time': 12720, 'arrival_day': 'current_day', 'steps': [{'duration': 180, 'departure_time': 9600, 'arrival_time': 9780, 'day': 'current_day', 'from_stop_id': '188-4', 'to_stop_id': 'B-4', 'trip_id': '9-1-10', 'agency_name': 'Unknown'}, {'duration': 30, 'departure_time': 9780, 'arrival_time': 9810, 'day': 'current_day', 'from_stop_id': 'B-4', 'to_stop_id': 'B-0', 'trip_id': 'walking', 'agency_name': 'Unknown'}, {'duration': 1800, 'departure_time': 9900, 'arrival_time': 11700, 'day': 'current_day', 'from_stop_id': 'B-0', 'to_stop_id': 'A-0', 'trip_id': 'IE-11-1', 'agency_name': 'Unknown'}, {'duration': 30, 'departure_time': 11700, 'arrival_time': 11730, 'day': 'current_day', 'from_stop_id': 'A-0', 'to_stop_id': 'A-4', 'trip_id': 'walking', 'agency_name': 'Unknown'}, {'duration': 540, 'departure_time': 12180, 'arrival_time': 12720, 'day': 'current_day', 'from_stop_id': 'A-4', 'to_stop_id': '24-4', 'trip_id': '7-1-14', 'agency_name': 'Unknown'}]}",4140.0
227,58,9540,inter,right,99,[227],[58],0,0,0,0,9540,9600.0,12900.0,12960.0,3300.0,4.0,227,58,,,pt,12960.0,3420.0,"{'duration': 3300, 'source_transfer_time': 0, 'waiting_time': 270, 'trip_time': 3030, 'num_transfers': 4, 'departure_time': 9600, 'departure_day': 'current_day', 'arrival_time': 12900, 'arrival_day': 'current_day', 'steps': [{'duration': 810, 'departure_time': 9870, 'arrival_time': 10680, 'day': 'current_day', 'from_stop_id': '227-5', 'to_stop_id': 'B-5', 'trip_id': '10-1-11', 'agency_name': 'Unknown'}, {'duration': 30, 'departure_time': 10680, 'arrival_time': 10710, 'day': 'current_day', 'from_stop_id': 'B-5', 'to_stop_id': 'B-0', 'trip_id': 'walking', 'agency_name': 'Unknown'}, {'duration': 1800, 'departure_time': 10800, 'arrival_time': 12600, 'day': 'current_day', 'from_stop_id': 'B-0', 'to_stop_id': 'A-0', 'trip_id': 'IE-12-1', 'agency_name': 'Unknown'}, {'duration': 30, 'departure_time': 12600, 'arrival_time': 12630, 'day': 'current_day', 'from_stop_id': 'A-0', 'to_stop_id': 'A-1', 'trip_id': 'walking', 'agency_name': 'Unknown'}, {'duration': 180, 'departure_time': 12720, 'arrival_time': 12900, 'day': 'current_day', 'from_stop_id': 'A-1', 'to_stop_id': '58-1', 'trip_id': '1-0-15', 'agency_name': 'Unknown'}]}",3420.0
218,110,3750,inter,right,100,[207; 217],[110],500,375,0,0,4125,4185.0,8070.0,8130.0,3885.0,4.0,207,110,,,pt,8130.0,4380.0,"{'duration': 3885, 'source_transfer_time': 0, 'waiting_time': 45, 'trip_time': 3840, 'num_transfers': 4, 'departure_time': 4185, 'departure_day': 'current_day', 'arrival_time': 8070, 'arrival_day': 'current_day', 'steps': [{'duration': 450, 'departure_time': 4230, 'arrival_time': 4680, 'day': 'current_day', 'from_stop_id': '207-5', 'to_stop_id': 'B-5', 'trip_id': '10-1-1', 'agency_name': 'Unknown'}, {'duration': 30, 'departure_time': 4680, 'arrival_time': 4710, 'day': 'current_day', 'from_stop_id': 'B-5', 'to_stop_id': 'B-0', 'trip_id': 'walking', 'agency_name': 'Unknown'}, {'duration': 1800, 'departure_time': 5400, 'arrival_time': 7200, 'day': 'current_day', 'from_stop_id': 'B-0', 'to_stop_id': 'A-0', 'trip_id': 'IE-6-1', 'agency_name': 'Unknown'}, {'duration': 30, 'departure_time': 7200, 'arrival_time': 7230, 'day': 'current_day', 'from_stop_id': 'A-0', 'to_stop_id': 'A-2', 'trip_id': 'walking', 'agency_name': 'Unknown'}, {'duration': 450, 'departure_time': 7620, 'arrival_time': 8070, 'day': 'current_day', 'from_stop_id': 'A-2', 'to_stop_id': '110-2', 'trip_id': '2-1-6', 'agency_name': 'Unknown'}]}",4380.0
227,11,3630,inter,right,101,[227],[11],0,0,0,0,3630,3690.0,8190.0,8250.0,4500.0,4.0,227,11,,,pt,8250.0,4620.0,"{'duration': 4500, 'source_transfer_time': 0, 'waiting_time': 180, 'trip_time': 4320, 'num_transfers': 4, 'departure_time': 3690, 'departure_day': 'current_day', 'arrival_time': 8190, 'arrival_day': 'current_day', 'steps': [{'duration': 810, 'departure_time': 3870, 'arrival_time': 4680, 'day': 'current_day', 'from_stop_id': '227-5', 'to_stop_id': 'B-5', 'trip_id': '10-1-1', 'agency_name': 'Unknown'}, {'duration': 30, 'departure_time': 4680, 'arrival_time': 4710, 'day': 'current_day', 'from_stop_id': 'B-5', 'to_stop_id': 'B-0', 'trip_id': 'walking', 'agency_name': 'Unknown'}, {'duration': 1800, 'departure_time': 5400, 'arrival_time': 7200, 'day': 'current_day', 'from_stop_id': 'B-0', 'to_stop_id': 'A-0', 'trip_id': 'IE-6-1', 'agency_name': 'Unknown'}, {'duration': 30, 'departure_time': 7200, 'arrival_time': 7230, 'day': 'current_day', 'from_stop_id': 'A-0', 'to_stop_id': 'A-4', 'trip_id': 'walking', 'agency_name': 'Unknown'}, {'duration': 810, 'departure_time': 7380, 'arrival_time': 8190, 'day': 'current_day', 'from_stop_id': 'A-4', 'to_stop_id': '11-4', 'trip_id': '7-1-6', 'agency_name': 'Unknown'}]}",4620.0
128,114,6480,inter,right,102,[126; 130; 140; 150],[103; 115],1000,751,500,375,7231,7291.0,11700.0,11760.0,4409.0,4.0,126,103,,,pt,12135.0,5655.0,"{'duration': 4409, 'source_transfer_time': 0, 'waiting_time': 479, 'trip_time': 3930, 'num_transfers': 4, 'departure_time': 7291, 'departure_day': 'current_day', 'arrival_time': 11700, 'arrival_day': 'current_day', 'steps': [{'duration': 450, 'departure_time': 7770, 'arrival_time': 8220, 'day': 'current_day', 'from_stop_id': '126-2', 'to_stop_id': 'B-2', 'trip_id': '4-1-7', 'agency_name': 'Unknown'}, {'duration': 30, 'departure_time': 8220, 'arrival_time': 8250, 'day': 'current_day', 'from_stop_id': 'B-2', 'to_stop_id': 'B-0', 'trip_id': 'walking', 'agency_name': 'Unknown'}, {'duration': 1800, 'departure_time': 9000, 'arrival_time': 10800, 'day': 'current_day', 'from_stop_id': 'B-0', 'to_stop_id': 'A-0', 'trip_id': 'IE-10-1', 'agency_name': 'Unknown'}, {'duration': 30, 'departure_time': 10800, 'arrival_time': 10830, 'day': 'current_day', 'from_stop_id': 'A-0', 'to_stop_id': 'A-4', 'trip_id': 'walking', 'agency_name': 'Unknown'}, {'duration': 720, 'departure_time': 10980, 'arrival_time': 11700, 'day': 'current_day', 'from_stop_id': 'A-4', 'to_stop_id': '103-4', 'trip_id': '7-0-12', 'agency_name': 'Unknown'}]}",5655.0
190,63,7590,inter,right,103,[180; 189; 201],[55],500,375,500,375,7965,8025.0,11280.0,11340.0,3255.0,4.0,180,55,,,pt,11715.0,4125.0,"{'duration': 3255, 'source_transfer_time': 0, 'waiting_time': 225, 'trip_time': 3030, 'num_transfers': 4, 'departure_time': 8025, 'departure_day': 'current_day', 'arrival_time': 11280, 'arrival_day': 'current_day', 'steps': [{'duration': 270, 'departure_time': 8250, 'arrival_time': 8520, 'day': 'current_day', 'from_stop_id': '180-1', 'to_stop_id': 'B-1', 'trip_id': '3-1-8', 'agency_name': 'Unknown'}, {'duration': 30, 'departure_time': 8520, 'arrival_time': 8550, 'day': 'current_day', 'from_stop_id': 'B-1', 'to_stop_id': 'B-0', 'trip_id': 'walking', 'agency_name': 'Unknown'}, {'duration': 1800, 'departure_time': 9000, 'arrival_time': 10800, 'day': 'current_day', 'from_stop_id': 'B-0', 'to_stop_id': 'A-0', 'trip_id': 'IE-10-1', 'agency_name': 'Unknown'}, {'duration': 30, 'departure_time': 10800, 'arrival_time': 10830, 'day': 'current_day', 'from_stop_id': 'A-0', 'to_stop_id': 'A-1', 'trip_id': 'walking', 'agency_name': 'Unknown'}, {'duration': 360, 'departure_time': 10920, 'arrival_time': 11280, 'day': 'current_day', 'from_stop_id': 'A-1', 'to_stop_id': '55-1', 'trip_id': '1-1-12', 'agency_name': 'Unknown'}]}",4125.0
129,45,13500,inter,right,104,[130; 140],[55],500,375,500,375,13875,13935.0,17880.0,17940.0,3945.0,4.0,130,55,,,pt,18315.0,4815.0,"{'duration': 3945, 'source_transfer_time': 0, 'waiting_time': 135, 'trip_time': 3810, 'num_transfers': 4, 'departure_time': 13935, 'departure_day': 'current_day', 'arrival_time': 17880, 'arrival_day': 'current_day', 'steps': [{'duration': 810, 'departure_time': 14070, 'arrival_time': 14880, 'day': 'current_day', 'from_stop_id': '130-5', 'to_stop_id': 'B-5', 'trip_id': '10-0-18', 'agency_name': 'Unknown'}, {'duration': 30, 'departure_time': 14880, 'arrival_time': 14910, 'day': 'current_day', 'from_stop_id': 'B-5', 'to_stop_id': 'B-0', 'trip_id': 'walking', 'agency_name': 'Unknown'}, {'duration': 1800, 'departure_time': 15300, 'arrival_time': 17100, 'day': 'current_day', 'from_stop_id': 'B-0', 'to_stop_id': 'A-0', 'trip_id': 'IE-17-1', 'agency_name': 'Unknown'}, {'duration': 30, 'departure_time': 17100, 'arrival_time': 17130, 'day': 'current_day', 'from_stop_id': 'A-0', 'to_stop_id': 'A-1', 'trip_id': 'walking', 'agency_name': 'Unknown'}, {'duration': 360, 'departure_time': 17520, 'arrival_time': 17880, 'day': 'current_day', 'from_stop_id': 'A-1', 'to_stop_id': '55-1', 'trip_id': '1-1-23', 'agency_name': 'Unknown'}]}",4815.0
124,36,8610,inter,right,105,[126],[36],1000,751,0,0,9361,9421.0,13140.0,13200.0,3719.0,4.0,126,36,,,pt,13200.0,4590.0,"{'duration': 3719, 'source_transfer_time': 0, 'waiting_time': 149, 'trip_time': 3570, 'num_transfers': 4, 'departure_time': 9421, 'departure_day': 'current_day', 'arrival_time': 13140, 'arrival_day': 'current_day', 'steps': [{'duration': 450, 'departure_time': 9570, 'arrival_time': 10020, 'day': 'current_day', 'from_stop_id': '126-2', 'to_stop_id': 'B-2', 'trip_id': '4-1-10', 'agency_name': 'Unknown'}, {'duration': 30, 'departure_time': 10020, 'arrival_time': 10050, 'day': 'current_day', 'from_stop_id': 'B-2', 'to_stop_id': 'B-0', 'trip_id': 'walking', 'agency_name': 'Unknown'}, {'duration': 1800, 'departure_time': 10800, 'arrival_time': 12600, 'day': 'current_day', 'from_stop_id': 'B-0', 'to_stop_id': 'A-0', 'trip_id': 'IE-12-1', 'agency_name': 'Unknown'}, {'duration': 30, 'departure_time': 12600, 'arrival_time': 12630, 'day': 'current_day', 'from_stop_id': 'A-0', 'to_stop_id': 'A-4', 'trip_id': 'walking', 'agency_name': 'Unknown'}, {'duration': 360, 'departure_time': 12780, 'arrival_time': 13140, 'day': 'current_day', 'from_stop_id': 'A-4', 'to_stop_id': '36-4', 'trip_id': '7-1-15', 'agency_name': 'Unknown'}]}",4590.0
226,66,11100,inter,right,106,[226],[66],0,0,0,0,11100,11160.0,15060.0,15120.0,3900.0,4.0,226,66,,,pt,15120.0,4020.0,"{'duration': 3900, 'source_transfer_time': 0, 'waiting_time': 420, 'trip_time': 3480, 'num_transfers': 4, 'departure_time': 11160, 'departure_day': 'current_day', 'arrival_time': 15060, 'arrival_day': 'current_day', 'steps': [{'duration': 900, 'departure_time': 11580, 'arrival_time': 12480, 'day': 'current_day', 'from_stop_id': '226-5', 'to_stop_id': 'B-5', 'trip_id': '10-1-14', 'agency_name': 'Unknown'}, {'duration': 30, 'departure_time': 12480, 'arrival_time': 12510, 'day': 'current_day', 'from_stop_id': 'B-5', 'to_stop_id': 'B-0', 'trip_id': 'walking', 'agency_name': 'Unknown'}, {'duration': 1800, 'departure_time': 12600, 'arrival_time': 14400, 'day': 'current_day', 'from_stop_id': 'B-0', 'to_stop_id': 'A-0', 'trip_id': 'IE-14-1', 'agency_name': 'Unknown'}, {'duration': 30, 'departure_time': 14400, 'arrival_time': 14430, 'day': 'current_day', 'from_stop_id': 'A-0', 'to_stop_id': 'A-5', 'trip_id': 'walking', 'agency_name': 'Unknown'}, {'duration': 180, 'departure_time': 14880, 'arrival_time': 15060, 'day': 'current_day', 'from_stop_id': 'A-5', 'to_stop_id': '66-5', 'trip_id': '8-0-18', 'agency_name': 'Unknown'}]}",4020.0
163,22,9870,inter,right,107,[141; 151; 161; 181],[11; 23],1000,751,500,375,10621,10681.0,14610.0,14670.0,3929.0,4.0,151,23,,,pt,15045.0,5175.0,"{'duration': 3929, 'source_transfer_time': 0, 'waiting_time': 59, 'trip_time': 3870, 'num_transfers': 4, 'departure_time': 10681, 'departure_day': 'current_day', 'arrival_time': 14610, 'arrival_day': 'current_day', 'steps': [{'duration': 540, 'departure_time': 10740, 'arrival_time': 11280, 'day': 'current_day', 'from_stop_id': '151-5', 'to_stop_id': 'B-5', 'trip_id': '10-0-12', 'agency_name': 'Unknown'}, {'duration': 30, 'departure_time': 11280, 'arrival_time': 11310, 'day': 'current_day', 'from_stop_id': 'B-5', 'to_stop_id': 'B-0', 'trip_id': 'walking', 'agency_name': 'Unknown'}, {'duration': 1800, 'departure_time': 11700, 'arrival_time': 13500, 'day': 'current_day', 'from_stop_id': 'B-0', 'to_stop_id': 'A-0', 'trip_id': 'IE-13-1', 'agency_name': 'Unknown'}, {'duration': 30, 'departure_time': 13500, 'arrival_time': 13530, 'day': 'current_day', 'from_stop_id': 'A-0', 'to_stop_id': 'A-4', 'trip_id': 'walking', 'agency_name': 'Unknown'}, {'duration': 630, 'departure_time': 13980, 'arrival_time': 14610, 'day': 'current_day', 'from_stop_id': 'A-4', 'to_stop_id': '23-4', 'trip_id': '7-1-17', 'agency_name': 'Unknown'}]}",5175.0
171,83,13590,inter,right,108,[161; 170; 179],[85; 95; 105],500,375,1000,751,13965,14025.0,17220.0,17280.0,3195.0,4.0,170,85,,,pt,18031.0,4441.0,"{'duration': 3195, 'source_transfer_time': 0, 'waiting_time': 75, 'trip_time': 3120, 'num_transfers': 4, 'departure_time': 14025, 'departure_day': 'current_day', 'arrival_time': 17220, 'arrival_day': 'current_day', 'steps': [{'duration': 180, 'departure_time': 14100, 'arrival_time': 14280, 'day': 'current_day', 'from_stop_id': '170-5', 'to_stop_id': 'B-5', 'trip_id': '10-0-17', 'agency_name': 'Unknown'}, {'duration': 30, 'departure_time': 14280, 'arrival_time': 14310, 'day': 'current_day', 'from_stop_id': 'B-5', 'to_stop_id': 'B-0', 'trip_id': 'walking', 'agency_name': 'Unknown'}, {'duration': 1800, 'departure_time': 14400, 'arrival_time': 16200, 'day': 'current_day', 'from_stop_id': 'B-0', 'to_stop_id': 'A-0', 'trip_id': 'IE-16-1', 'agency_name': 'Unknown'}, {'duration': 30, 'departure_time': 16200, 'arrival_time': 16230, 'day': 'current_day', 'from_stop_id': 'A-0', 'to_stop_id': 'A-5', 'trip_id': 'walking', 'agency_name': 'Unknown'}, {'duration': 540, 'departure_time': 16680, 'arrival_time': 17220, 'day': 'current_day', 'from_stop_id': 'A-5', 'to_stop_id': '85-5', 'trip_id': '8-0-21', 'agency_name': 'Unknown'}]}",4441.0
168,65,14160,inter,right,109,[168],[57; 66; 75],0,0,500,375,14160,14220.0,17460.0,17520.0,3240.0,4.0,168,66,,,pt,17895.0,3735.0,"{'duration': 3240, 'source_transfer_time': 0, 'waiting_time': 90, 'trip_time': 3150, 'num_transfers': 4, 'departure_time': 14220, 'departure_day': 'current_day', 'arrival_time': 17460, 'arrival_day': 'current_day', 'steps': [{'duration': 270, 'departure_time': 14310, 'arrival_time': 14580, 'day': 'current_day', 'from_stop_id': '168-4', 'to_stop_id': 'B-4', 'trip_id': '9-0-18', 'agency_name': 'Unknown'}, {'duration': 30, 'departure_time': 14580, 'arrival_time': 14610, 'day': 'current_day', 'from_stop_id': 'B-4', 'to_stop_id': 'B-0', 'trip_id': 'walking', 'agency_name': 'Unknown'}, {'duration': 1800, 'departure_time': 15300, 'arrival_time': 17100, 'day': 'current_day', 'from_stop_id': 'B-0', 'to_stop_id': 'A-0', 'trip_id': 'IE-17-1', 'agency_name': 'Unknown'}, {'duration': 30, 'departure_time': 17100, 'arrival_time': 17130, 'day': 'current_day', 'from_stop_id': 'A-0', 'to_stop_id': 'A-5', 'trip_id': 'walking', 'agency_name': 'Unknown'}, {'duration': 180, 'departure_time': 17280, 'arrival_time': 17460, 'day': 'current_day', 'from_stop_id': 'A-5', 'to_stop_id': '66-5', 'trip_id': '8-0-22', 'agency_name': 'Unknown'}]}",3735.0
190,100,8760,inter,right,110,[180; 189; 201],[99],500,375,500,375,9135,9195.0,12180.0,12240.0,2985.0,4.0,180,99,,,pt,12615.0,3855.0,"{'duration': 2985, 'source_transfer_time': 0, 'waiting_time': 255, 'trip_time': 2730, 'num_transfers': 4, 'departure_time': 9195, 'departure_day': 'current_day', 'arrival_time': 12180, 'arrival_day': 'current_day', 'steps': [{'duration': 270, 'departure_time': 9450, 'arrival_time': 9720, 'day': 'current_day', 'from_stop_id': '180-1', 'to_stop_id': 'B-1', 'trip_id': '3-1-10', 'agency_name': 'Unknown'}, {'duration': 30, 'departure_time': 9720, 'arrival_time': 9750, 'day': 'current_day', 'from_stop_id': 'B-1', 'to_stop_id': 'B-0', 'trip_id': 'walking', 'agency_name': 'Unknown'}, {'duration': 1800, 'departure_time': 9900, 'arrival_time': 11700, 'day': 'current_day', 'from_stop_id': 'B-0', 'to_stop_id': 'A-0', 'trip_id': 'IE-11-1', 'agency_name': 'Unknown'}, {'duration': 30, 'departure_time': 11700, 'arrival_time': 11730, 'day': 'current_day', 'from_stop_id': 'A-0', 'to_stop_id': 'A-2', 'trip_id': 'walking', 'agency_name': 'Unknown'}, {'duration': 360, 'departure_time': 11820, 'arrival_time': 12180, 'day': 'current_day', 'from_stop_id': 'A-2', 'to_stop_id': '99-2', 'trip_id': '2-1-13', 'agency_name': 'Unknown'}]}",3855.0
220,20,12750,inter,right,111,[220],[20],0,0,0,0,12750,12810.0,17400.0,17460.0,4590.0,4.0,220,20,,,pt,17460.0,4710.0,"{'duration': 4590, 'source_transfer_time': 0, 'waiting_time': 450, 'trip_time': 4140, 'num_transfers': 4, 'departure_time': 12810, 'departure_day': 'current_day', 'arrival_time': 17400, 'arrival_day': 'current_day', 'steps': [{'duration': 360, 'departure_time': 13260, 'arrival_time': 13620, 'day': 'current_day', 'from_stop_id': '220-2', 'to_stop_id': 'B-2', 'trip_id': '4-0-16', 'agency_name': 'Unknown'}, {'duration': 30, 'departure_time': 13620, 'arrival_time': 13650, 'day': 'current_day', 'from_stop_id': 'B-2', 'to_stop_id': 'B-0', 'trip_id': 'walking', 'agency_name': 'Unknown'}, {'duration': 1800, 'departure_time': 14400, 'arrival_time': 16200, 'day': 'current_day', 'from_stop_id': 'B-0', 'to_stop_id': 'A-0', 'trip_id': 'IE-16-1', 'agency_name': 'Unknown'}, {'duration': 30, 'departure_time': 16200, 'arrival_time': 16230, 'day': 'current_day', 'from_stop_id': 'A-0', 'to_stop_id': 'A-5', 'trip_id': 'walking', 'agency_name': 'Unknown'}, {'duration': 720, 'departure_time': 16680, 'arrival_time': 17400, 'day': 'current_day', 'from_stop_id': 'A-5', 'to_stop_id': '20-5', 'trip_id': '8-1-21', 'agency_name': 'Unknown'}]}",4710.0
193,82,12090,inter,right,112,[175],[61; 80; 92; 104],1000,751,1000,751,12841,12901.0,16770.0,16830.0,3869.0,4.0,175,61,,,pt,17581.0,5491.0,"{'duration': 3869, 'source_transfer_time': 0, 'waiting_time': 569, 'trip_time': 3300, 'num_transfers': 4, 'departure_time': 12901, 'departure_day': 'current_day', 'arrival_time': 16770, 'arrival_day': 'current_day', 'steps': [{'duration': 450, 'departure_time': 13470, 'arrival_time': 13920, 'day': 'current_day', 'from_stop_id': '175-1', 'to_stop_id': 'B-1', 'trip_id': '3-0-17', 'agency_name': 'Unknown'}, {'duration': 30, 'departure_time': 13920, 'arrival_time': 13950, 'day': 'current_day', 'from_stop_id': 'B-1', 'to_stop_id': 'B-0', 'trip_id': 'walking', 'agency_name': 'Unknown'}, {'duration': 1800, 'departure_time': 14400, 'arrival_time': 16200, 'day': 'current_day', 'from_stop_id': 'B-0', 'to_stop_id': 'A-0', 'trip_id': 'IE-16-1', 'agency_name': 'Unknown'}, {'duration': 30, 'departure_time': 16200, 'arrival_time': 16230, 'day': 'current_day', 'from_stop_id': 'A-0', 'to_stop_id': 'A-1', 'trip_id': 'walking', 'agency_name': 'Unknown'}, {'duration': 450, 'departure_time': 16320, 'arrival_time': 16770, 'day': 'current_day', 'from_stop_id': 'A-1', 'to_stop_id': '61-1', 'trip_id': '1-0-21', 'agency_name': 'Unknown'}]}",5491.0
126,84,5400,inter,right,113,[126],[85; 95],0,0,500,375,5400,5460.0,10020.0,10080.0,4560.0,4.0,126,85,,,pt,10455.0,5055.0,"{'duration': 4560, 'source_transfer_time': 0, 'waiting_time': 510, 'trip_time': 4050, 'num_transfers': 4, 'departure_time': 5460, 'departure_day': 'current_day', 'arrival_time': 10020, 'arrival_day': 'current_day', 'steps': [{'duration': 450, 'departure_time': 5970, 'arrival_time': 6420, 'day': 'current_day', 'from_stop_id': '126-2', 'to_stop_id': 'B-2', 'trip_id': '4-1-4', 'agency_name': 'Unknown'}, {'duration': 30, 'departure_time': 6420, 'arrival_time': 6450, 'day': 'current_day', 'from_stop_id': 'B-2', 'to_stop_id': 'B-0', 'trip_id': 'walking', 'agency_name': 'Unknown'}, {'duration': 1800, 'departure_time': 7200, 'arrival_time': 9000, 'day': 'current_day', 'from_stop_id': 'B-0', 'to_stop_id': 'A-0', 'trip_id': 'IE-8-1', 'agency_name': 'Unknown'}, {'duration': 30, 'departure_time': 9000, 'arrival_time': 9030, 'day': 'current_day', 'from_stop_id': 'A-0', 'to_stop_id': 'A-5', 'trip_id': 'walking', 'agency_name': 'Unknown'}, {'duration': 540, 'departure_time': 9480, 'arrival_time': 10020, 'day': 'current_day', 'from_stop_id': 'A-5', 'to_stop_id': '85-5', 'trip_id': '8-0-9', 'agency_name': 'Unknown'}]}",5055.0
126,15,12390,inter,right,114,[126],[16],0,0,500,375,12390,12450.0,15780.0,15840.0,3330.0,4.0,126,16,,,pt,16215.0,3825.0,"{'duration': 3330, 'source_transfer_time': 0, 'waiting_time': 120, 'trip_time': 3210, 'num_transfers': 4, 'departure_time': 12450, 'departure_day': 'current_day', 'arrival_time': 15780, 'arrival_day': 'current_day', 'steps': [{'duration': 450, 'departure_time': 12570, 'arrival_time': 13020, 'day': 'current_day', 'from_stop_id': '126-2', 'to_stop_id': 'B-2', 'trip_id': '4-1-15', 'agency_name': 'Unknown'}, {'duration': 30, 'departure_time': 13020, 'arrival_time': 13050, 'day': 'current_day', 'from_stop_id': 'B-2', 'to_stop_id': 'B-0', 'trip_id': 'walking', 'agency_name': 'Unknown'}, {'duration': 1800, 'departure_time': 13500, 'arrival_time': 15300, 'day': 'current_day', 'from_stop_id': 'B-0', 'to_stop_id': 'A-0', 'trip_id': 'IE-15-1', 'agency_name': 'Unknown'}, {'duration': 30, 'departure_time': 15300, 'arrival_time': 15330, 'day': 'current_day', 'from_stop_id': 'A-0', 'to_stop_id': 'A-2', 'trip_id': 'walking', 'agency_name': 'Unknown'}, {'duration': 360, 'departure_time': 15420, 'arrival_time': 15780, 'day': 'current_day', 'from_stop_id': 'A-2', 'to_stop_id': '16-2', 'trip_id': '2-0-19', 'agency_name': 'Unknown'}]}",3825.0
127,27,9090,inter,right,115,[126],[27],500,375,0,0,9465,9525.0,13290.0,13350.0,3765.0,4.0,126,27,,,pt,13350.0,4260.0,"{'duration': 3765, 'source_transfer_time': 0, 'waiting_time': 45, 'trip_time': 3720, 'num_transfers': 4, 'departure_time': 9525, 'departure_day': 'current_day', 'arrival_time': 13290, 'arrival_day': 'current_day', 'steps': [{'duration': 450, 'departure_time': 9570, 'arrival_time': 10020, 'day': 'current_day', 'from_stop_id': '126-2', 'to_stop_id': 'B-2', 'trip_id': '4-1-10', 'agency_name': 'Unknown'}, {'duration': 30, 'departure_time': 10020, 'arrival_time': 10050, 'day': 'current_day', 'from_stop_id': 'B-2', 'to_stop_id': 'B-0', 'trip_id': 'walking', 'agency_name': 'Unknown'}, {'duration': 1800, 'departure_time': 10800, 'arrival_time': 12600, 'day': 'current_day', 'from_stop_id': 'B-0', 'to_stop_id': 'A-0', 'trip_id': 'IE-12-1', 'agency_name': 'Unknown'}, {'duration': 30, 'departure_time': 12600, 'arrival_time': 12630, 'day': 'current_day', 'from_stop_id': 'A-0', 'to_stop_id': 'A-2', 'trip_id': 'walking', 'agency_name': 'Unknown'}, {'duration': 270, 'departure_time': 13020, 'arrival_time': 13290, 'day': 'current_day', 'from_stop_id': 'A-2', 'to_stop_id': '27-2', 'trip_id': '2-0-15', 'agency_name': 'Unknown'}]}",4260.0
227,23,13770,inter,right,116,[227],[23],0,0,0,0,13770,13830.0,18210.0,18270.0,4380.0,4.0,227,23,,,pt,18270.0,4500.0,"{'duration': 4380, 'source_transfer_time': 0, 'waiting_time': 240, 'trip_time': 4140, 'num_transfers': 4, 'departure_time': 13830, 'departure_day': 'current_day', 'arrival_time': 18210, 'arrival_day': 'current_day', 'steps': [{'duration': 810, 'departure_time': 14070, 'arrival_time': 14880, 'day': 'current_day', 'from_stop_id': '227-5', 'to_stop_id': 'B-5', 'trip_id': '10-1-18', 'agency_name': 'Unknown'}, {'duration': 30, 'departure_time': 14880, 'arrival_time': 14910, 'day': 'current_day', 'from_stop_id': 'B-5', 'to_stop_id': 'B-0', 'trip_id': 'walking', 'agency_name': 'Unknown'}, {'duration': 1800, 'departure_time': 15300, 'arrival_time': 17100, 'day': 'current_day', 'from_stop_id': 'B-0', 'to_stop_id': 'A-0', 'trip_id': 'IE-17-1', 'agency_name': 'Unknown'}, {'duration': 30, 'departure_time': 17100, 'arrival_time': 17130, 'day': 'current_day', 'from_stop_id': 'A-0', 'to_stop_id': 'A-4', 'trip_id': 'walking', 'agency_name': 'Unknown'}, {'duration': 630, 'departure_time': 17580, 'arrival_time': 18210, 'day': 'current_day', 'from_stop_id': 'A-4', 'to_stop_id': '23-4', 'trip_id': '7-1-23', 'agency_name': 'Unknown'}]}",4500.0
156,2,14220,inter,right,117,[156],[0; 12; 24],0,0,1000,751,14220,14280.0,18120.0,18180.0,3840.0,4.0,156,24,,,pt,18931.0,4711.0,"{'duration': 3840, 'source_transfer_time': 0, 'waiting_time': 450, 'trip_time': 3390, 'num_transfers': 4, 'departure_time': 14280, 'departure_day': 'current_day', 'arrival_time': 18120, 'arrival_day': 'current_day', 'steps': [{'duration': 450, 'departure_time': 14730, 'arrival_time': 15180, 'day': 'current_day', 'from_stop_id': '156-4', 'to_stop_id': 'B-4', 'trip_id': '9-0-19', 'agency_name': 'Unknown'}, {'duration': 30, 'departure_time': 15180, 'arrival_time': 15210, 'day': 'current_day', 'from_stop_id': 'B-4', 'to_stop_id': 'B-0', 'trip_id': 'walking', 'agency_name': 'Unknown'}, {'duration': 1800, 'departure_time': 15300, 'arrival_time': 17100, 'day': 'current_day', 'from_stop_id': 'B-0', 'to_stop_id': 'A-0', 'trip_id': 'IE-17-1', 'agency_name': 'Unknown'}, {'duration': 30, 'departure_time': 17100, 'arrival_time': 17130, 'day': 'current_day', 'from_stop_id': 'A-0', 'to_stop_id': 'A-4', 'trip_id': 'walking', 'agency_name': 'Unknown'}, {'duration': 540, 'departure_time': 17580, 'arrival_time': 18120, 'day': 'current_day', 'from_stop_id': 'A-4', 'to_stop_id': '24-4', 'trip_id': '7-1-23', 'agency_name': 'Unknown'}]}",4711.0
175,23,10410,inter,right,118,[175],[23],0,0,0,0,10410,10470.0,14610.0,14670.0,4140.0,4.0,175,23,,,pt,14670.0,4260.0,"{'duration': 4140, 'source_transfer_time': 0, 'waiting_time': 0, 'trip_time': 4140, 'num_transfers': 4, 'departure_time': 10470, 'departure_day': 'current_day', 'arrival_time': 14610, 'arrival_day': 'current_day', 'steps': [{'duration': 450, 'departure_time': 10470, 'arrival_time': 10920, 'day': 'current_day', 'from_stop_id': '175-1', 'to_stop_id': 'B-1', 'trip_id': '3-0-12', 'agency_name': 'Unknown'}, {'duration': 30, 'departure_time': 10920, 'arrival_time': 10950, 'day': 'current_day', 'from_stop_id': 'B-1', 'to_stop_id': 'B-0', 'trip_id': 'walking', 'agency_name': 'Unknown'}, {'duration': 1800, 'departure_time': 11700, 'arrival_time': 13500, 'day': 'current_day', 'from_stop_id': 'B-0', 'to_stop_id': 'A-0', 'trip_id': 'IE-13-1', 'agency_name': 'Unknown'}, {'duration': 30, 'departure_time': 13500, 'arrival_time': 13530, 'day': 'current_day', 'from_stop_id': 'A-0', 'to_stop_id': 'A-4', 'trip_id': 'walking', 'agency_name': 'Unknown'}, {'duration': 630, 'departure_time': 13980, 'arrival_time': 14610, 'day': 'current_day', 'from_stop_id': 'A-4', 'to_stop_id': '23-4', 'trip_id': '7-1-17', 'agency_name': 'Unknown'}]}",4260.0
234,108,9180,inter,right,119,[212; 224; 236],[86; 96; 106; 110],1000,751,1000,751,9931,9991.0,14070.0,14130.0,4079.0,4.0,212,110,,,pt,14881.0,5701.0,"{'duration': 4079, 'source_transfer_time': 0, 'waiting_time': 449, 'trip_time': 3630, 'num_transfers': 4, 'departure_time': 9991, 'departure_day': 'current_day', 'arrival_time': 14070, 'arrival_day': 'current_day', 'steps': [{'duration': 540, 'departure_time': 10440, 'arrival_time': 10980, 'day': 'current_day', 'from_stop_id': '212-4', 'to_stop_id': 'B-4', 'trip_id': '9-1-12', 'agency_name': 'Unknown'}, {'duration': 30, 'departure_time': 10980, 'arrival_time': 11010, 'day': 'current_day', 'from_stop_id': 'B-4', 'to_stop_id': 'B-0', 'trip_id': 'walking', 'agency_name': 'Unknown'}, {'duration': 1800, 'departure_time': 11700, 'arrival_time': 13500, 'day': 'current_day', 'from_stop_id': 'B-0', 'to_stop_id': 'A-0', 'trip_id': 'IE-13-1', 'agency_name': 'Unknown'}, {'duration': 30, 'departure_time': 13500, 'arrival_time': 13530, 'day': 'current_day', 'from_stop_id': 'A-0', 'to_stop_id': 'A-2', 'trip_id': 'walking', 'agency_name': 'Unknown'}, {'duration': 450, 'departure_time': 13620, 'arrival_time': 14070, 'day': 'current_day', 'from_stop_id': 'A-2', 'to_stop_id': '110-2', 'trip_id': '2-1-16', 'agency_name': 'Unknown'}]}",5701.0
140,18,4380,inter,right,120,[140],[19; 29],0,0,500,375,4380,4440.0,8130.0,8190.0,3690.0,4.0,140,29,,,pt,8565.0,4185.0,"{'duration': 3690, 'source_transfer_time': 0, 'waiting_time': 210, 'trip_time': 3480, 'num_transfers': 4, 'departure_time': 4440, 'departure_day': 'current_day', 'arrival_time': 8130, 'arrival_day': 'current_day', 'steps': [{'duration': 630, 'departure_time': 4650, 'arrival_time': 5280, 'day': 'current_day', 'from_stop_id': '140-5', 'to_stop_id': 'B-5', 'trip_id': '10-0-2', 'agency_name': 'Unknown'}, {'duration': 30, 'departure_time': 5280, 'arrival_time': 5310, 'day': 'current_day', 'from_stop_id': 'B-5', 'to_stop_id': 'B-0', 'trip_id': 'walking', 'agency_name': 'Unknown'}, {'duration': 1800, 'departure_time': 5400, 'arrival_time': 7200, 'day': 'current_day', 'from_stop_id': 'B-0', 'to_stop_id': 'A-0', 'trip_id': 'IE-6-1', 'agency_name': 'Unknown'}, {'duration': 30, 'departure_time': 7200, 'arrival_time': 7230, 'day': 'current_day', 'from_stop_id': 'A-0', 'to_stop_id': 'A-5', 'trip_id': 'walking', 'agency_name': 'Unknown'}, {'duration': 450, 'departure_time': 7680, 'arrival_time': 8130, 'day': 'current_day', 'from_stop_id': 'A-5', 'to_stop_id': '29-5', 'trip_id': '8-1-6', 'agency_name': 'Unknown'}]}",4185.0
178,27,6750,inter,right,121,[178],[27],0,0,0,0,6750,6810.0,10290.0,10350.0,3480.0,4.0,178,27,,,pt,10350.0,3600.0,"{'duration': 3480, 'source_transfer_time': 0, 'waiting_time': 330, 'trip_time': 3150, 'num_transfers': 4, 'departure_time': 6810, 'departure_day': 'current_day', 'arrival_time': 10290, 'arrival_day': 'current_day', 'steps': [{'duration': 180, 'departure_time': 7140, 'arrival_time': 7320, 'day': 'current_day', 'from_stop_id': '178-1', 'to_stop_id': 'B-1', 'trip_id': '3-0-6', 'agency_name': 'Unknown'}, {'duration': 30, 'departure_time': 7320, 'arrival_time': 7350, 'day': 'current_day', 'from_stop_id': 'B-1', 'to_stop_id': 'B-0', 'trip_id': 'walking', 'agency_name': 'Unknown'}, {'duration': 1800, 'departure_time': 8100, 'arrival_time': 9900, 'day': 'current_day', 'from_stop_id': 'B-0', 'to_stop_id': 'A-0', 'trip_id': 'IE-9-1', 'agency_name': 'Unknown'}, {'duration': 30, 'departure_time': 9900, 'arrival_time': 9930, 'day': 'current_day', 'from_stop_id': 'A-0', 'to_stop_id': 'A-2', 'trip_id': 'walking', 'agency_name': 'Unknown'}, {'duration': 270, 'departure_time': 10020, 'arrival_time': 10290, 'day': 'current_day', 'from_stop_id': 'A-2', 'to_stop_id': '27-2', 'trip_id': '2-0-10', 'agency_name': 'Unknown'}]}",3600.0
147,80,12990,inter,right,122,[148],[80],500,375,0,0,13365,13425.0,16830.0,16890.0,3405.0,4.0,148,80,,,pt,16890.0,3900.0,"{'duration': 3405, 'source_transfer_time': 0, 'waiting_time': 525, 'trip_time': 2880, 'num_transfers': 4, 'departure_time': 13425, 'departure_day': 'current_day', 'arrival_time': 16830, 'arrival_day': 'current_day', 'steps': [{'duration': 270, 'departure_time': 13950, 'arrival_time': 14220, 'day': 'current_day', 'from_stop_id': '148-2', 'to_stop_id': 'B-2', 'trip_id': '4-1-17', 'agency_name': 'Unknown'}, {'duration': 30, 'departure_time': 14220, 'arrival_time': 14250, 'day': 'current_day', 'from_stop_id': 'B-2', 'to_stop_id': 'B-0', 'trip_id': 'walking', 'agency_name': 'Unknown'}, {'duration': 1800, 'departure_time': 14400, 'arrival_time': 16200, 'day': 'current_day', 'from_stop_id': 'B-0', 'to_stop_id': 'A-0', 'trip_id': 'IE-16-1', 'agency_name': 'Unknown'}, {'duration': 30, 'departure_time': 16200, 'arrival_time': 16230, 'day': 'current_day', 'from_stop_id': 'A-0', 'to_stop_id': 'A-4', 'trip_id': 'walking', 'agency_name': 'Unknown'}, {'duration': 450, 'departure_time': 16380, 'arrival_time': 16830, 'day': 'current_day', 'from_stop_id': 'A-4', 'to_stop_id': '80-4', 'trip_id': '7-0-21', 'agency_name': 'Unknown'}]}",3900.0
189,64,9660,inter,right,123,[189],[56],0,0,500,375,9660,9720.0,12990.0,13050.0,3270.0,4.0,189,56,,,pt,13425.0,3765.0,"{'duration': 3270, 'source_transfer_time': 0, 'waiting_time': 390, 'trip_time': 2880, 'num_transfers': 4, 'departure_time': 9720, 'departure_day': 'current_day', 'arrival_time': 12990, 'arrival_day': 'current_day', 'steps': [{'duration': 270, 'departure_time': 10110, 'arrival_time': 10380, 'day': 'current_day', 'from_stop_id': '189-4', 'to_stop_id': 'B-4', 'trip_id': '9-1-11', 'agency_name': 'Unknown'}, {'duration': 30, 'departure_time': 10380, 'arrival_time': 10410, 'day': 'current_day', 'from_stop_id': 'B-4', 'to_stop_id': 'B-0', 'trip_id': 'walking', 'agency_name': 'Unknown'}, {'duration': 1800, 'departure_time': 10800, 'arrival_time': 12600, 'day': 'current_day', 'from_stop_id': 'B-0', 'to_stop_id': 'A-0', 'trip_id': 'IE-12-1', 'agency_name': 'Unknown'}, {'duration': 30, 'departure_time': 12600, 'arrival_time': 12630, 'day': 'current_day', 'from_stop_id': 'A-0', 'to_stop_id': 'A-1', 'trip_id': 'walking', 'agency_name': 'Unknown'}, {'duration': 270, 'departure_time': 12720, 'arrival_time': 12990, 'day': 'current_day', 'from_stop_id': 'A-1', 'to_stop_id': '56-1', 'trip_id': '1-1-15', 'agency_name': 'Unknown'}]}",3765.0
229,100,4170,inter,right,124,[207; 217; 227; 231],[99],1000,751,500,375,4921,4981.0,8580.0,8640.0,3599.0,4.0,207,99,,,pt,9015.0,4845.0,"{'duration': 3599, 'source_transfer_time': 0, 'waiting_time': 449, 'trip_time': 3150, 'num_transfers': 4, 'departure_time': 4981, 'departure_day': 'current_day', 'arrival_time': 8580, 'arrival_day': 'current_day', 'steps': [{'duration': 450, 'departure_time': 5430, 'arrival_time': 5880, 'day': 'current_day', 'from_stop_id': '207-5', 'to_stop_id': 'B-5', 'trip_id': '10-1-3', 'agency_name': 'Unknown'}, {'duration': 30, 'departure_time': 5880, 'arrival_time': 5910, 'day': 'current_day', 'from_stop_id': 'B-5', 'to_stop_id': 'B-0', 'trip_id': 'walking', 'agency_name': 'Unknown'}, {'duration': 1800, 'departure_time': 6300, 'arrival_time': 8100, 'day': 'current_day', 'from_stop_id': 'B-0', 'to_stop_id': 'A-0', 'trip_id': 'IE-7-1', 'agency_name': 'Unknown'}, {'duration': 30, 'departure_time': 8100, 'arrival_time': 8130, 'day': 'current_day', 'from_stop_id': 'A-0', 'to_stop_id': 'A-2', 'trip_id': 'walking', 'agency_name': 'Unknown'}, {'duration': 360, 'departure_time': 8220, 'arrival_time': 8580, 'day': 'current_day', 'from_stop_id': 'A-2', 'to_stop_id': '99-2', 'trip_id': '2-1-7', 'agency_name': 'Unknown'}]}",4845.0
173,73,8730,inter,right,125,[181],[55; 75; 85; 95],500,375,1000,751,9105,9165.0,12240.0,12300.0,3075.0,4.0,181,75,,,pt,13051.0,4321.0,"{'duration': 3075, 'source_transfer_time': 0, 'waiting_time': 195, 'trip_time': 2880, 'num_transfers': 4, 'departure_time': 9165, 'departure_day': 'current_day', 'arrival_time': 12240, 'arrival_day': 'current_day', 'steps': [{'duration': 360, 'departure_time': 9360, 'arrival_time': 9720, 'day': 'current_day', 'from_stop_id': '181-1', 'to_stop_id': 'B-1', 'trip_id': '3-1-10', 'agency_name': 'Unknown'}, {'duration': 30, 'departure_time': 9720, 'arrival_time': 9750, 'day': 'current_day', 'from_stop_id': 'B-1', 'to_stop_id': 'B-0', 'trip_id': 'walking', 'agency_name': 'Unknown'}, {'duration': 1800, 'departure_time': 9900, 'arrival_time': 11700, 'day': 'current_day', 'from_stop_id': 'B-0', 'to_stop_id': 'A-0', 'trip_id': 'IE-11-1', 'agency_name': 'Unknown'}, {'duration': 30, 'departure_time': 11700, 'arrival_time': 11730, 'day': 'current_day', 'from_stop_id': 'A-0', 'to_stop_id': 'A-5', 'trip_id': 'walking', 'agency_name': 'Unknown'}, {'duration': 360, 'departure_time': 11880, 'arrival_time': 12240, 'day': 'current_day', 'from_stop_id': 'A-5', 'to_stop_id': '75-5', 'trip_id': '8-0-13', 'agency_name': 'Unknown'}]}",4321.0
147,107,5220,inter,right,126,[148],[96; 106],500,375,500,375,5595,5655.0,10110.0,10170.0,4455.0,4.0,148,96,,,pt,10545.0,5325.0,"{'duration': 4455, 'source_transfer_time': 0, 'waiting_time': 495, 'trip_time': 3960, 'num_transfers': 4, 'departure_time': 5655, 'departure_day': 'current_day', 'arrival_time': 10110, 'arrival_day': 'current_day', 'steps': [{'duration': 270, 'departure_time': 6150, 'arrival_time': 6420, 'day': 'current_day', 'from_stop_id': '148-2', 'to_stop_id': 'B-2', 'trip_id': '4-1-4', 'agency_name': 'Unknown'}, {'duration': 30, 'departure_time': 6420, 'arrival_time': 6450, 'day': 'current_day', 'from_stop_id': 'B-2', 'to_stop_id': 'B-0', 'trip_id': 'walking', 'agency_name': 'Unknown'}, {'duration': 1800, 'departure_time': 7200, 'arrival_time': 9000, 'day': 'current_day', 'from_stop_id': 'B-0', 'to_stop_id': 'A-0', 'trip_id': 'IE-8-1', 'agency_name': 'Unknown'}, {'duration': 30, 'departure_time': 9000, 'arrival_time': 9030, 'day': 'current_day', 'from_stop_id': 'A-0', 'to_stop_id': 'A-5', 'trip_id': 'walking', 'agency_name': 'Unknown'}, {'duration': 630, 'departure_time': 9480, 'arrival_time': 10110, 'day': 'current_day', 'from_stop_id': 'A-5', 'to_stop_id': '96-5', 'trip_id': '8-0-9', 'agency_name': 'Unknown'}]}",5325.0
181,39,8880,inter,right,127,[181],[39],0,0,0,0,8880,8940.0,12150.0,12210.0,3210.0,4.0,181,39,,,pt,12210.0,3330.0,"{'duration': 3210, 'source_transfer_time': 0, 'waiting_time': 420, 'trip_time': 2790, 'num_transfers': 4, 'departure_time': 8940, 'departure_day': 'current_day', 'arrival_time': 12150, 'arrival_day': 'current_day', 'steps': [{'duration': 360, 'departure_time': 9360, 'arrival_time': 9720, 'day': 'current_day', 'from_stop_id': '181-1', 'to_stop_id': 'B-1', 'trip_id': '3-1-10', 'agency_name': 'Unknown'}, {'duration': 30, 'departure_time': 9720, 'arrival_time': 9750, 'day': 'current_day', 'from_stop_id': 'B-1', 'to_stop_id': 'B-0', 'trip_id': 'walking', 'agency_name': 'Unknown'}, {'duration': 1800, 'departure_time': 9900, 'arrival_time': 11700, 'day': 'current_day', 'from_stop_id': 'B-0', 'to_stop_id': 'A-0', 'trip_id': 'IE-11-1', 'agency_name': 'Unknown'}, {'duration': 30, 'departure_time': 11700, 'arrival_time': 11730, 'day': 'current_day', 'from_stop_id': 'A-0', 'to_stop_id': 'A-5', 'trip_id': 'walking', 'agency_name': 'Unknown'}, {'duration': 270, 'departure_time': 11880, 'arrival_time': 12150, 'day': 'current_day', 'from_stop_id': 'A-5', 'to_stop_id': '39-5', 'trip_id': '8-1-13', 'agency_name': 'Unknown'}]}",3330.0
195,14,10050,inter,right,128,[196; 206],[12; 16; 24; 36],500,375,1000,751,10425,10485.0,13980.0,14040.0,3495.0,4.0,196,16,,,pt,14791.0,4741.0,"{'duration': 3495, 'source_transfer_time': 0, 'waiting_time': 435, 'trip_time': 3060, 'num_transfers': 4, 'departure_time': 10485, 'departure_day': 'current_day', 'arrival_time': 13980, 'arrival_day': 'current_day', 'steps': [{'duration': 360, 'departure_time': 10920, 'arrival_time': 11280, 'day': 'current_day', 'from_stop_id': '196-5', 'to_stop_id': 'B-5', 'trip_id': '10-1-12', 'agency_name': 'Unknown'}, {'duration': 30, 'departure_time': 11280, 'arrival_time': 11310, 'day': 'current_day', 'from_stop_id': 'B-5', 'to_stop_id': 'B-0', 'trip_id': 'walking', 'agency_name': 'Unknown'}, {'duration': 1800, 'departure_time': 11700, 'arrival_time': 13500, 'day': 'current_day', 'from_stop_id': 'B-0', 'to_stop_id': 'A-0', 'trip_id': 'IE-13-1', 'agency_name': 'Unknown'}, {'duration': 30, 'departure_time': 13500, 'arrival_time': 13530, 'day': 'current_day', 'from_stop_id': 'A-0', 'to_stop_id': 'A-2', 'trip_id': 'walking', 'agency_name': 'Unknown'}, {'duration': 360, 'departure_time': 13620, 'arrival_time': 13980, 'day': 'current_day', 'from_stop_id': 'A-2', 'to_stop_id': '16-2', 'trip_id': '2-0-16', 'agency_name': 'Unknown'}]}",4741.0
154,81,8910,inter,right,129,[132; 144; 156; 175],[80; 92],1000,751,500,375,9661,9721.0,13230.0,13290.0,3509.0,4.0,144,80,,,pt,13665.0,4755.0,"{'duration': 3509, 'source_transfer_time': 0, 'waiting_time': 29, 'trip_time': 3480, 'num_transfers': 4, 'departure_time': 9721, 'departure_day': 'current_day', 'arrival_time': 13230, 'arrival_day': 'current_day', 'steps': [{'duration': 630, 'departure_time': 9750, 'arrival_time': 10380, 'day': 'current_day', 'from_stop_id': '144-4', 'to_stop_id': 'B-4', 'trip_id': '9-0-11', 'agency_name': 'Unknown'}, {'duration': 30, 'departure_time': 10380, 'arrival_time': 10410, 'day': 'current_day', 'from_stop_id': 'B-4', 'to_stop_id': 'B-0', 'trip_id': 'walking', 'agency_name': 'Unknown'}, {'duration': 1800, 'departure_time': 10800, 'arrival_time': 12600, 'day': 'current_day', 'from_stop_id': 'B-0', 'to_stop_id': 'A-0', 'trip_id': 'IE-12-1', 'agency_name': 'Unknown'}, {'duration': 30, 'departure_time': 12600, 'arrival_time': 12630, 'day': 'current_day', 'from_stop_id': 'A-0', 'to_stop_id': 'A-4', 'trip_id': 'walking', 'agency_name': 'Unknown'}, {'duration': 450, 'departure_time': 12780, 'arrival_time': 13230, 'day': 'current_day', 'from_stop_id': 'A-4', 'to_stop_id': '80-4', 'trip_id': '7-0-15', 'agency_name': 'Unknown'}]}",4755.0
181,78,10020,inter,right,130,[181],[67; 77; 79],0,0,500,375,10020,10080.0,13800.0,13860.0,3720.0,4.0,181,77,,,pt,14235.0,4215.0,"{'duration': 3720, 'source_transfer_time': 0, 'waiting_time': 480, 'trip_time': 3240, 'num_transfers': 4, 'departure_time': 10080, 'departure_day': 'current_day', 'arrival_time': 13800, 'arrival_day': 'current_day', 'steps': [{'duration': 360, 'departure_time': 10560, 'arrival_time': 10920, 'day': 'current_day', 'from_stop_id': '181-1', 'to_stop_id': 'B-1', 'trip_id': '3-1-12', 'agency_name': 'Unknown'}, {'duration': 30, 'departure_time': 10920, 'arrival_time': 10950, 'day': 'current_day', 'from_stop_id': 'B-1', 'to_stop_id': 'B-0', 'trip_id': 'walking', 'agency_name': 'Unknown'}, {'duration': 1800, 'departure_time': 11700, 'arrival_time': 13500, 'day': 'current_day', 'from_stop_id': 'B-0', 'to_stop_id': 'A-0', 'trip_id': 'IE-13-1', 'agency_name': 'Unknown'}, {'duration': 30, 'departure_time': 13500, 'arrival_time': 13530, 'day': 'current_day', 'from_stop_id': 'A-0', 'to_stop_id': 'A-2', 'trip_id': 'walking', 'agency_name': 'Unknown'}, {'duration': 180, 'departure_time': 13620, 'arrival_time': 13800, 'day': 'current_day', 'from_stop_id': 'A-2', 'to_stop_id': '77-2', 'trip_id': '2-1-16', 'agency_name': 'Unknown'}]}",4215.0
160,47,5700,inter,right,131,[160],[47],0,0,0,0,5700,5760.0,9450.0,9510.0,3690.0,4.0,160,47,,,pt,9510.0,3810.0,"{'duration': 3690, 'source_transfer_time': 0, 'waiting_time': 450, 'trip_time': 3240, 'num_transfers': 4, 'departure_time': 5760, 'departure_day': 'current_day', 'arrival_time': 9450, 'arrival_day': 'current_day', 'steps': [{'duration': 270, 'departure_time': 6210, 'arrival_time': 6480, 'day': 'current_day', 'from_stop_id': '160-5', 'to_stop_id': 'B-5', 'trip_id': '10-0-4', 'agency_name': 'Unknown'}, {'duration': 30, 'departure_time': 6480, 'arrival_time': 6510, 'day': 'current_day', 'from_stop_id': 'B-5', 'to_stop_id': 'B-0', 'trip_id': 'walking', 'agency_name': 'Unknown'}, {'duration': 1800, 'departure_time': 7200, 'arrival_time': 9000, 'day': 'current_day', 'from_stop_id': 'B-0', 'to_stop_id': 'A-0', 'trip_id': 'IE-8-1', 'agency_name': 'Unknown'}, {'duration': 30, 'departure_time': 9000, 'arrival_time': 9030, 'day': 'current_day', 'from_stop_id': 'A-0', 'to_stop_id': 'A-4', 'trip_id': 'walking', 'agency_name': 'Unknown'}, {'duration': 270, 'departure_time': 9180, 'arrival_time': 9450, 'day': 'current_day', 'from_stop_id': 'A-4', 'to_stop_id': '47-4', 'trip_id': '7-1-9', 'agency_name': 'Unknown'}]}",3810.0
141,115,10650,inter,right,132,[141],[115],0,0,0,0,10650,10710.0,15480.0,15540.0,4770.0,4.0,141,115,,,pt,15540.0,4890.0,"{'duration': 4770, 'source_transfer_time': 0, 'waiting_time': 450, 'trip_time': 4320, 'num_transfers': 4, 'departure_time': 10710, 'departure_day': 'current_day', 'arrival_time': 15480, 'arrival_day': 'current_day', 'steps': [{'duration': 720, 'departure_time': 11160, 'arrival_time': 11880, 'day': 'current_day', 'from_stop_id': '141-5', 'to_stop_id': 'B-5', 'trip_id': '10-0-13', 'agency_name': 'Unknown'}, {'duration': 30, 'departure_time': 11880, 'arrival_time': 11910, 'day': 'current_day', 'from_stop_id': 'B-5', 'to_stop_id': 'B-0', 'trip_id': 'walking', 'agency_name': 'Unknown'}, {'duration': 1800, 'departure_time': 12600, 'arrival_time': 14400, 'day': 'current_day', 'from_stop_id': 'B-0', 'to_stop_id': 'A-0', 'trip_id': 'IE-14-1', 'agency_name': 'Unknown'}, {'duration': 30, 'departure_time': 14400, 'arrival_time': 14430, 'day': 'current_day', 'from_stop_id': 'A-0', 'to_stop_id': 'A-4', 'trip_id': 'walking', 'agency_name': 'Unknown'}, {'duration': 900, 'departure_time': 14580, 'arrival_time': 15480, 'day': 'current_day', 'from_stop_id': 'A-4', 'to_stop_id': '115-4', 'trip_id': '7-0-18', 'agency_name': 'Unknown'}]}",4890.0
186,112,9270,inter,right,133,[178; 187; 196],[110],500,375,1000,751,9645,9705.0,13470.0,13530.0,3765.0,4.0,178,110,,,pt,14281.0,5011.0,"{'duration': 3765, 'source_transfer_time': 0, 'waiting_time': 435, 'trip_time': 3330, 'num_transfers': 4, 'departure_time': 9705, 'departure_day': 'current_day', 'arrival_time': 13470, 'arrival_day': 'current_day', 'steps': [{'duration': 180, 'departure_time': 10140, 'arrival_time': 10320, 'day': 'current_day', 'from_stop_id': '178-1', 'to_stop_id': 'B-1', 'trip_id': '3-0-11', 'agency_name': 'Unknown'}, {'duration': 30, 'departure_time': 10320, 'arrival_time': 10350, 'day': 'current_day', 'from_stop_id': 'B-1', 'to_stop_id': 'B-0', 'trip_id': 'walking', 'agency_name': 'Unknown'}, {'duration': 1800, 'departure_time': 10800, 'arrival_time': 12600, 'day': 'current_day', 'from_stop_id': 'B-0', 'to_stop_id': 'A-0', 'trip_id': 'IE-12-1', 'agency_name': 'Unknown'}, {'duration': 30, 'departure_time': 12600, 'arrival_time': 12630, 'day': 'current_day', 'from_stop_id': 'A-0', 'to_stop_id': 'A-2', 'trip_id': 'walking', 'agency_name': 'Unknown'}, {'duration': 450, 'departure_time': 13020, 'arrival_time': 13470, 'day': 'current_day', 'from_stop_id': 'A-2', 'to_stop_id': '110-2', 'trip_id': '2-1-15', 'agency_name': 'Unknown'}]}",5011.0
178,63,8370,inter,right,134,[178],[55],0,0,500,375,8370,8430.0,12480.0,12540.0,4050.0,4.0,178,55,,,pt,12915.0,4545.0,"{'duration': 4050, 'source_transfer_time': 0, 'waiting_time': 510, 'trip_time': 3540, 'num_transfers': 4, 'departure_time': 8430, 'departure_day': 'current_day', 'arrival_time': 12480, 'arrival_day': 'current_day', 'steps': [{'duration': 180, 'departure_time': 8940, 'arrival_time': 9120, 'day': 'current_day', 'from_stop_id': '178-1', 'to_stop_id': 'B-1', 'trip_id': '3-0-9', 'agency_name': 'Unknown'}, {'duration': 30, 'departure_time': 9120, 'arrival_time': 9150, 'day': 'current_day', 'from_stop_id': 'B-1', 'to_stop_id': 'B-0', 'trip_id': 'walking', 'agency_name': 'Unknown'}, {'duration': 1800, 'departure_time': 9900, 'arrival_time': 11700, 'day': 'current_day', 'from_stop_id': 'B-0', 'to_stop_id': 'A-0', 'trip_id': 'IE-11-1', 'agency_name': 'Unknown'}, {'duration': 30, 'departure_time': 11700, 'arrival_time': 11730, 'day': 'current_day', 'from_stop_id': 'A-0', 'to_stop_id': 'A-1', 'trip_id': 'walking', 'agency_name': 'Unknown'}, {'duration': 360, 'departure_time': 12120, 'arrival_time': 12480, 'day': 'current_day', 'from_stop_id': 'A-1', 'to_stop_id': '55-1', 'trip_id': '1-1-14', 'agency_name': 'Unknown'}]}",4545.0
231,90,10500,inter,right,135,[231],[79; 91],0,0,500,375,10500,10560.0,14340.0,14400.0,3780.0,4.0,231,79,,,pt,14775.0,4275.0,"{'duration': 3780, 'source_transfer_time': 0, 'waiting_time': 210, 'trip_time': 3570, 'num_transfers': 4, 'departure_time': 10560, 'departure_day': 'current_day', 'arrival_time': 14340, 'arrival_day': 'current_day', 'steps': [{'duration': 450, 'departure_time': 10770, 'arrival_time': 11220, 'day': 'current_day', 'from_stop_id': '231-2', 'to_stop_id': 'B-2', 'trip_id': '4-0-12', 'agency_name': 'Unknown'}, {'duration': 30, 'departure_time': 11220, 'arrival_time': 11250, 'day': 'current_day', 'from_stop_id': 'B-2', 'to_stop_id': 'B-0', 'trip_id': 'walking', 'agency_name': 'Unknown'}, {'duration': 1800, 'departure_time': 11700, 'arrival_time': 13500, 'day': 'current_day', 'from_stop_id': 'B-0', 'to_stop_id': 'A-0', 'trip_id': 'IE-13-1', 'agency_name': 'Unknown'}, {'duration': 30, 'departure_time': 13500, 'arrival_time': 13530, 'day': 'current_day', 'from_stop_id': 'A-0', 'to_stop_id': 'A-4', 'trip_id': 'walking', 'agency_name': 'Unknown'}, {'duration': 360, 'departure_time': 13980, 'arrival_time': 14340, 'day': 'current_day', 'from_stop_id': 'A-4', 'to_stop_id': '79-4', 'trip_id': '7-0-17', 'agency_name': 'Unknown'}]}",4275.0
208,4,5850,inter,right,136,[197; 207; 209],[5],500,375,500,375,6225,6285.0,9870.0,9930.0,3585.0,4.0,197,5,,,pt,10305.0,4455.0,"{'duration': 3585, 'source_transfer_time': 0, 'waiting_time': 525, 'trip_time': 3060, 'num_transfers': 4, 'departure_time': 6285, 'departure_day': 'current_day', 'arrival_time': 9870, 'arrival_day': 'current_day', 'steps': [{'duration': 270, 'departure_time': 6810, 'arrival_time': 7080, 'day': 'current_day', 'from_stop_id': '197-5', 'to_stop_id': 'B-5', 'trip_id': '10-1-5', 'agency_name': 'Unknown'}, {'duration': 30, 'departure_time': 7080, 'arrival_time': 7110, 'day': 'current_day', 'from_stop_id': 'B-5', 'to_stop_id': 'B-0', 'trip_id': 'walking', 'agency_name': 'Unknown'}, {'duration': 1800, 'departure_time': 7200, 'arrival_time': 9000, 'day': 'current_day', 'from_stop_id': 'B-0', 'to_stop_id': 'A-0', 'trip_id': 'IE-8-1', 'agency_name': 'Unknown'}, {'duration': 30, 'departure_time': 9000, 'arrival_time': 9030, 'day': 'current_day', 'from_stop_id': 'A-0', 'to_stop_id': 'A-2', 'trip_id': 'walking', 'agency_name': 'Unknown'}, {'duration': 450, 'departure_time': 9420, 'arrival_time': 9870, 'day': 'current_day', 'from_stop_id': 'A-2', 'to_stop_id': '5-2', 'trip_id': '2-0-9', 'agency_name': 'Unknown'}]}",4455.0
201,57,12420,inter,right,137,[201],[57],0,0,0,0,12420,12480.0,15900.0,15960.0,3420.0,4.0,201,57,,,pt,15960.0,3540.0,"{'duration': 3420, 'source_transfer_time': 0, 'waiting_time': 450, 'trip_time': 2970, 'num_transfers': 4, 'departure_time': 12480, 'departure_day': 'current_day', 'arrival_time': 15900, 'arrival_day': 'current_day', 'steps': [{'duration': 450, 'departure_time': 12930, 'arrival_time': 13380, 'day': 'current_day', 'from_stop_id': '201-4', 'to_stop_id': 'B-4', 'trip_id': '9-1-16', 'agency_name': 'Unknown'}, {'duration': 30, 'departure_time': 13380, 'arrival_time': 13410, 'day': 'current_day', 'from_stop_id': 'B-4', 'to_stop_id': 'B-0', 'trip_id': 'walking', 'agency_name': 'Unknown'}, {'duration': 1800, 'departure_time': 13500, 'arrival_time': 15300, 'day': 'current_day', 'from_stop_id': 'B-0', 'to_stop_id': 'A-0', 'trip_id': 'IE-15-1', 'agency_name': 'Unknown'}, {'duration': 30, 'departure_time': 15300, 'arrival_time': 15330, 'day': 'current_day', 'from_stop_id': 'A-0', 'to_stop_id': 'A-1', 'trip_id': 'walking', 'agency_name': 'Unknown'}, {'duration': 180, 'departure_time': 15720, 'arrival_time': 15900, 'day': 'current_day', 'from_stop_id': 'A-1', 'to_stop_id': '57-1', 'trip_id': '1-1-20', 'agency_name': 'Unknown'}]}",3540.0
155,35,7950,inter,right,138,[144; 156],[35],500,375,0,0,8325,8385.0,12630.0,12690.0,4245.0,4.0,144,35,,,pt,12690.0,4740.0,"{'duration': 4245, 'source_transfer_time': 0, 'waiting_time': 165, 'trip_time': 4080, 'num_transfers': 4, 'departure_time': 8385, 'departure_day': 'current_day', 'arrival_time': 12630, 'arrival_day': 'current_day', 'steps': [{'duration': 630, 'departure_time': 8550, 'arrival_time': 9180, 'day': 'current_day', 'from_stop_id': '144-4', 'to_stop_id': 'B-4', 'trip_id': '9-0-9', 'agency_name': 'Unknown'}, {'duration': 30, 'departure_time': 9180, 'arrival_time': 9210, 'day': 'current_day', 'from_stop_id': 'B-4', 'to_stop_id': 'B-0', 'trip_id': 'walking', 'agency_name': 'Unknown'}, {'duration': 1800, 'departure_time': 9900, 'arrival_time': 11700, 'day': 'current_day', 'from_stop_id': 'B-0', 'to_stop_id': 'A-0', 'trip_id': 'IE-11-1', 'agency_name': 'Unknown'}, {'duration': 30, 'departure_time': 11700, 'arrival_time': 11730, 'day': 'current_day', 'from_stop_id': 'A-0', 'to_stop_id': 'A-4', 'trip_id': 'walking', 'agency_name': 'Unknown'}, {'duration': 450, 'departure_time': 12180, 'arrival_time': 12630, 'day': 'current_day', 'from_stop_id': 'A-4', 'to_stop_id': '35-4', 'trip_id': '7-1-14', 'agency_name': 'Unknown'}]}",4740.0
212,46,10320,inter,right,139,[212],[35; 47; 56],0,0,500,375,10320,10380.0,14190.0,14250.0,3810.0,4.0,212,56,,,pt,14625.0,4305.0,"{'duration': 3810, 'source_transfer_time': 0, 'waiting_time': 60, 'trip_time': 3750, 'num_transfers': 4, 'departure_time': 10380, 'departure_day': 'current_day', 'arrival_time': 14190, 'arrival_day': 'current_day', 'steps': [{'duration': 540, 'departure_time': 10440, 'arrival_time': 10980, 'day': 'current_day', 'from_stop_id': '212-4', 'to_stop_id': 'B-4', 'trip_id': '9-1-12', 'agency_name': 'Unknown'}, {'duration': 30, 'departure_time': 10980, 'arrival_time': 11010, 'day': 'current_day', 'from_stop_id': 'B-4', 'to_stop_id': 'B-0', 'trip_id': 'walking', 'agency_name': 'Unknown'}, {'duration': 1800, 'departure_time': 11700, 'arrival_time': 13500, 'day': 'current_day', 'from_stop_id': 'B-0', 'to_stop_id': 'A-0', 'trip_id': 'IE-13-1', 'agency_name': 'Unknown'}, {'duration': 30, 'departure_time': 13500, 'arrival_time': 13530, 'day': 'current_day', 'from_stop_id': 'A-0', 'to_stop_id': 'A-1', 'trip_id': 'walking', 'agency_name': 'Unknown'}, {'duration': 270, 'departure_time': 13920, 'arrival_time': 14190, 'day': 'current_day', 'from_stop_id': 'A-1', 'to_stop_id': '56-1', 'trip_id': '1-1-17', 'agency_name': 'Unknown'}]}",4305.0
224,113,13950,inter,right,140,[224],[91; 103; 115],0,0,1000,751,13950,14010.0,18120.0,18180.0,4110.0,4.0,224,91,,,pt,18931.0,4981.0,"{'duration': 4110, 'source_transfer_time': 0, 'waiting_time': 450, 'trip_time': 3660, 'num_transfers': 4, 'departure_time': 14010, 'departure_day': 'current_day', 'arrival_time': 18120, 'arrival_day': 'current_day', 'steps': [{'duration': 720, 'departure_time': 14460, 'arrival_time': 15180, 'day': 'current_day', 'from_stop_id': '224-4', 'to_stop_id': 'B-4', 'trip_id': '9-1-19', 'agency_name': 'Unknown'}, {'duration': 30, 'departure_time': 15180, 'arrival_time': 15210, 'day': 'current_day', 'from_stop_id': 'B-4', 'to_stop_id': 'B-0', 'trip_id': 'walking', 'agency_name': 'Unknown'}, {'duration': 1800, 'departure_time': 15300, 'arrival_time': 17100, 'day': 'current_day', 'from_stop_id': 'B-0', 'to_stop_id': 'A-0', 'trip_id': 'IE-17-1', 'agency_name': 'Unknown'}, {'duration': 30, 'departure_time': 17100, 'arrival_time': 17130, 'day': 'current_day', 'from_stop_id': 'A-0', 'to_stop_id': 'A-4', 'trip_id': 'walking', 'agency_name': 'Unknown'}, {'duration': 540, 'departure_time': 17580, 'arrival_time': 18120, 'day': 'current_day', 'from_stop_id': 'A-4', 'to_stop_id': '91-4', 'trip_id': '7-0-23', 'agency_name': 'Unknown'}]}",4981.0
159,56,11160,inter,right,141,[159],[56],0,0,0,0,11160,11220.0,14790.0,14850.0,3570.0,4.0,159,56,,,pt,14850.0,3690.0,"{'duration': 3570, 'source_transfer_time': 0, 'waiting_time': 420, 'trip_time': 3150, 'num_transfers': 4, 'departure_time': 11220, 'departure_day': 'current_day', 'arrival_time': 14790, 'arrival_day': 'current_day', 'steps': [{'duration': 180, 'departure_time': 11640, 'arrival_time': 11820, 'day': 'current_day', 'from_stop_id': '159-2', 'to_stop_id': 'B-2', 'trip_id': '4-1-13', 'agency_name': 'Unknown'}, {'duration': 30, 'departure_time': 11820, 'arrival_time': 11850, 'day': 'current_day', 'from_stop_id': 'B-2', 'to_stop_id': 'B-0', 'trip_id': 'walking', 'agency_name': 'Unknown'}, {'duration': 1800, 'departure_time': 12600, 'arrival_time': 14400, 'day': 'current_day', 'from_stop_id': 'B-0', 'to_stop_id': 'A-0', 'trip_id': 'IE-14-1', 'agency_name': 'Unknown'}, {'duration': 30, 'departure_time': 14400, 'arrival_time': 14430, 'day': 'current_day', 'from_stop_id': 'A-0', 'to_stop_id': 'A-1', 'trip_id': 'walking', 'agency_name': 'Unknown'}, {'duration': 270, 'departure_time': 14520, 'arrival_time': 14790, 'day': 'current_day', 'from_stop_id': 'A-1', 'to_stop_id': '56-1', 'trip_id': '1-1-18', 'agency_name': 'Unknown'}]}",3690.0
156,90,5070,inter,right,142,[156],[79; 91],0,0,500,375,5070,5130.0,8940.0,9000.0,3810.0,4.0,156,79,,,pt,9375.0,4305.0,"{'duration': 3810, 'source_transfer_time': 0, 'waiting_time': 0, 'trip_time': 3810, 'num_transfers': 4, 'departure_time': 5130, 'departure_day': 'current_day', 'arrival_time': 8940, 'arrival_day': 'current_day', 'steps': [{'duration': 450, 'departure_time': 5130, 'arrival_time': 5580, 'day': 'current_day', 'from_stop_id': '156-4', 'to_stop_id': 'B-4', 'trip_id': '9-0-3', 'agency_name': 'Unknown'}, {'duration': 30, 'departure_time': 5580, 'arrival_time': 5610, 'day': 'current_day', 'from_stop_id': 'B-4', 'to_stop_id': 'B-0', 'trip_id': 'walking', 'agency_name': 'Unknown'}, {'duration': 1800, 'departure_time': 6300, 'arrival_time': 8100, 'day': 'current_day', 'from_stop_id': 'B-0', 'to_stop_id': 'A-0', 'trip_id': 'IE-7-1', 'agency_name': 'Unknown'}, {'duration': 30, 'departure_time': 8100, 'arrival_time': 8130, 'day': 'current_day', 'from_stop_id': 'A-0', 'to_stop_id': 'A-4', 'trip_id': 'walking', 'agency_name': 'Unknown'}, {'duration': 360, 'departure_time': 8580, 'arrival_time': 8940, 'day': 'current_day', 'from_stop_id': 'A-4', 'to_stop_id': '79-4', 'trip_id': '7-0-8', 'agency_name': 'Unknown'}]}",4305.0
147,115,5700,inter,right,143,[148],[115],500,375,0,0,6075,6135.0,10080.0,10140.0,3945.0,4.0,148,115,,,pt,10140.0,4440.0,"{'duration': 3945, 'source_transfer_time': 0, 'waiting_time': 15, 'trip_time': 3930, 'num_transfers': 4, 'departure_time': 6135, 'departure_day': 'current_day', 'arrival_time': 10080, 'arrival_day': 'current_day', 'steps': [{'duration': 270, 'departure_time': 6150, 'arrival_time': 6420, 'day': 'current_day', 'from_stop_id': '148-2', 'to_stop_id': 'B-2', 'trip_id': '4-1-4', 'agency_name': 'Unknown'}, {'duration': 30, 'departure_time': 6420, 'arrival_time': 6450, 'day': 'current_day', 'from_stop_id': 'B-2', 'to_stop_id': 'B-0', 'trip_id': 'walking', 'agency_name': 'Unknown'}, {'duration': 1800, 'departure_time': 7200, 'arrival_time': 9000, 'day': 'current_day', 'from_stop_id': 'B-0', 'to_stop_id': 'A-0', 'trip_id': 'IE-8-1', 'agency_name': 'Unknown'}, {'duration': 30, 'departure_time': 9000, 'arrival_time': 9030, 'day': 'current_day', 'from_stop_id': 'A-0', 'to_stop_id': 'A-4', 'trip_id': 'walking', 'agency_name': 'Unknown'}, {'duration': 900, 'departure_time': 9180, 'arrival_time': 10080, 'day': 'current_day', 'from_stop_id': 'A-4', 'to_stop_id': '115-4', 'trip_id': '7-0-9', 'agency_name': 'Unknown'}]}",4440.0
228,114,10920,inter,right,144,[217; 227],[103; 115],500,375,500,375,11295,11355.0,15300.0,15360.0,3945.0,4.0,217,103,,,pt,15735.0,4815.0,"{'duration': 3945, 'source_transfer_time': 0, 'waiting_time': 495, 'trip_time': 3450, 'num_transfers': 4, 'departure_time': 11355, 'departure_day': 'current_day', 'arrival_time': 15300, 'arrival_day': 'current_day', 'steps': [{'duration': 630, 'departure_time': 11850, 'arrival_time': 12480, 'day': 'current_day', 'from_stop_id': '217-5', 'to_stop_id': 'B-5', 'trip_id': '10-1-14', 'agency_name': 'Unknown'}, {'duration': 30, 'departure_time': 12480, 'arrival_time': 12510, 'day': 'current_day', 'from_stop_id': 'B-5', 'to_stop_id': 'B-0', 'trip_id': 'walking', 'agency_name': 'Unknown'}, {'duration': 1800, 'departure_time': 12600, 'arrival_time': 14400, 'day': 'current_day', 'from_stop_id': 'B-0', 'to_stop_id': 'A-0', 'trip_id': 'IE-14-1', 'agency_name': 'Unknown'}, {'duration': 30, 'departure_time': 14400, 'arrival_time': 14430, 'day': 'current_day', 'from_stop_id': 'A-0', 'to_stop_id': 'A-4', 'trip_id': 'walking', 'agency_name': 'Unknown'}, {'duration': 720, 'departure_time': 14580, 'arrival_time': 15300, 'day': 'current_day', 'from_stop_id': 'A-4', 'to_stop_id': '103-4', 'trip_id': '7-0-18', 'agency_name': 'Unknown'}]}",4815.0
193,4,7680,inter,right,145,[175],[5],1000,751,500,375,8431,8491.0,12270.0,12330.0,3779.0,4.0,175,5,,,pt,12705.0,5025.0,"{'duration': 3779, 'source_transfer_time': 0, 'waiting_time': 179, 'trip_time': 3600, 'num_transfers': 4, 'departure_time': 8491, 'departure_day': 'current_day', 'arrival_time': 12270, 'arrival_day': 'current_day', 'steps': [{'duration': 450, 'departure_time': 8670, 'arrival_time': 9120, 'day': 'current_day', 'from_stop_id': '175-1', 'to_stop_id': 'B-1', 'trip_id': '3-0-9', 'agency_name': 'Unknown'}, {'duration': 30, 'departure_time': 9120, 'arrival_time': 9150, 'day': 'current_day', 'from_stop_id': 'B-1', 'to_stop_id': 'B-0', 'trip_id': 'walking', 'agency_name': 'Unknown'}, {'duration': 1800, 'departure_time': 9900, 'arrival_time': 11700, 'day': 'current_day', 'from_stop_id': 'B-0', 'to_stop_id': 'A-0', 'trip_id': 'IE-11-1', 'agency_name': 'Unknown'}, {'duration': 30, 'departure_time': 11700, 'arrival_time': 11730, 'day': 'current_day', 'from_stop_id': 'A-0', 'to_stop_id': 'A-2', 'trip_id': 'walking', 'agency_name': 'Unknown'}, {'duration': 450, 'departure_time': 11820, 'arrival_time': 12270, 'day': 'current_day', 'from_stop_id': 'A-2', 'to_stop_id': '5-2', 'trip_id': '2-0-13', 'agency_name': 'Unknown'}]}",5025.0
183,94,12720,inter,right,146,[175],[95; 105],500,375,500,375,13095,13155.0,17400.0,17460.0,4245.0,4.0,175,95,,,pt,17835.0,5115.0,"{'duration': 4245, 'source_transfer_time': 0, 'waiting_time': 315, 'trip_time': 3930, 'num_transfers': 4, 'departure_time': 13155, 'departure_day': 'current_day', 'arrival_time': 17400, 'arrival_day': 'current_day', 'steps': [{'duration': 450, 'departure_time': 13470, 'arrival_time': 13920, 'day': 'current_day', 'from_stop_id': '175-1', 'to_stop_id': 'B-1', 'trip_id': '3-0-17', 'agency_name': 'Unknown'}, {'duration': 30, 'departure_time': 13920, 'arrival_time': 13950, 'day': 'current_day', 'from_stop_id': 'B-1', 'to_stop_id': 'B-0', 'trip_id': 'walking', 'agency_name': 'Unknown'}, {'duration': 1800, 'departure_time': 14400, 'arrival_time': 16200, 'day': 'current_day', 'from_stop_id': 'B-0', 'to_stop_id': 'A-0', 'trip_id': 'IE-16-1', 'agency_name': 'Unknown'}, {'duration': 30, 'departure_time': 16200, 'arrival_time': 16230, 'day': 'current_day', 'from_stop_id': 'A-0', 'to_stop_id': 'A-5', 'trip_id': 'walking', 'agency_name': 'Unknown'}, {'duration': 720, 'departure_time': 16680, 'arrival_time': 17400, 'day': 'current_day', 'from_stop_id': 'A-5', 'to_stop_id': '95-5', 'trip_id': '8-0-21', 'agency_name': 'Unknown'}]}",5115.0
122,106,7080,inter,right,147,[121; 133],[106],500,375,0,0,7455,7515.0,12090.0,12150.0,4575.0,4.0,121,106,,,pt,12150.0,5070.0,"{'duration': 4575, 'source_transfer_time': 0, 'waiting_time': 165, 'trip_time': 4410, 'num_transfers': 4, 'departure_time': 7515, 'departure_day': 'current_day', 'arrival_time': 12090, 'arrival_day': 'current_day', 'steps': [{'duration': 900, 'departure_time': 7680, 'arrival_time': 8580, 'day': 'current_day', 'from_stop_id': '121-4', 'to_stop_id': 'B-4', 'trip_id': '9-0-8', 'agency_name': 'Unknown'}, {'duration': 30, 'departure_time': 8580, 'arrival_time': 8610, 'day': 'current_day', 'from_stop_id': 'B-4', 'to_stop_id': 'B-0', 'trip_id': 'walking', 'agency_name': 'Unknown'}, {'duration': 1800, 'departure_time': 9000, 'arrival_time': 10800, 'day': 'current_day', 'from_stop_id': 'B-0', 'to_stop_id': 'A-0', 'trip_id': 'IE-10-1', 'agency_name': 'Unknown'}, {'duration': 30, 'departure_time': 10800, 'arrival_time': 10830, 'day': 'current_day', 'from_stop_id': 'A-0', 'to_stop_id': 'A-5', 'trip_id': 'walking', 'agency_name': 'Unknown'}, {'duration': 810, 'departure_time': 11280, 'arrival_time': 12090, 'day': 'current_day', 'from_stop_id': 'A-5', 'to_stop_id': '106-5', 'trip_id': '8-0-12', 'agency_name': 'Unknown'}]}",5070.0
232,16,9990,inter,right,148,[231],[16],500,375,0,0,10365,10425.0,13980.0,14040.0,3555.0,4.0,231,16,,,pt,14040.0,4050.0,"{'duration': 3555, 'source_transfer_time': 0, 'waiting_time': 345, 'trip_time': 3210, 'num_transfers': 4, 'departure_time': 10425, 'departure_day': 'current_day', 'arrival_time': 13980, 'arrival_day': 'current_day', 'steps': [{'duration': 450, 'departure_time': 10770, 'arrival_time': 11220, 'day': 'current_day', 'from_stop_id': '231-2', 'to_stop_id': 'B-2', 'trip_id': '4-0-12', 'agency_name': 'Unknown'}, {'duration': 30, 'departure_time': 11220, 'arrival_time': 11250, 'day': 'current_day', 'from_stop_id': 'B-2', 'to_stop_id': 'B-0', 'trip_id': 'walking', 'agency_name': 'Unknown'}, {'duration': 1800, 'departure_time': 11700, 'arrival_time': 13500, 'day': 'current_day', 'from_stop_id': 'B-0', 'to_stop_id': 'A-0', 'trip_id': 'IE-13-1', 'agency_name': 'Unknown'}, {'duration': 30, 'departure_time': 13500, 'arrival_time': 13530, 'day': 'current_day', 'from_stop_id': 'A-0', 'to_stop_id': 'A-2', 'trip_id': 'walking', 'agency_name': 'Unknown'}, {'duration': 360, 'departure_time': 13620, 'arrival_time': 13980, 'day': 'current_day', 'from_stop_id': 'A-2', 'to_stop_id': '16-2', 'trip_id': '2-0-16', 'agency_name': 'Unknown'}]}",4050.0
214,105,11610,inter,right,149,[213; 225],[105],500,375,0,0,11985,12045.0,16380.0,16440.0,4335.0,4.0,213,105,,,pt,16440.0,4830.0,"{'duration': 4335, 'source_transfer_time': 0, 'waiting_time': 105, 'trip_time': 4230, 'num_transfers': 4, 'departure_time': 12045, 'departure_day': 'current_day', 'arrival_time': 16380, 'arrival_day': 'current_day', 'steps': [{'duration': 630, 'departure_time': 12150, 'arrival_time': 12780, 'day': 'current_day', 'from_stop_id': '213-4', 'to_stop_id': 'B-4', 'trip_id': '9-1-15', 'agency_name': 'Unknown'}, {'duration': 30, 'departure_time': 12780, 'arrival_time': 12810, 'day': 'current_day', 'from_stop_id': 'B-4', 'to_stop_id': 'B-0', 'trip_id': 'walking', 'agency_name': 'Unknown'}, {'duration': 1800, 'departure_time': 13500, 'arrival_time': 15300, 'day': 'current_day', 'from_stop_id': 'B-0', 'to_stop_id': 'A-0', 'trip_id': 'IE-15-1', 'agency_name': 'Unknown'}, {'duration': 30, 'departure_time': 15300, 'arrival_time': 15330, 'day': 'current_day', 'from_stop_id': 'A-0', 'to_stop_id': 'A-5', 'trip_id': 'walking', 'agency_name': 'Unknown'}, {'duration': 900, 'departure_time': 15480, 'arrival_time': 16380, 'day': 'current_day', 'from_stop_id': 'A-5', 'to_stop_id': '105-5', 'trip_id': '8-0-19', 'agency_name': 'Unknown'}]}",4830.0
