start,end,rq_time,rq_type,subnetwork,request_id,start_station_street_ids,end_station_street_ids,walk_start_to_station_street_distance,walk_start_to_station_street_tt,walk_station_to_end_street_distance,walk_station_to_end_street_tt,start_station_street_arrival_time,start_station_departure_time,end_station_arrival_time,end_station_street_arrival_time,pt_journey_duration,num_transfers,selected_start_station_id,selected_end_station_id,walking_time,walking_arrival_time,best_option,best_journey_duration,end_arrival_time,pt_total_journey_duration,pt_journey_plan
92,117,5280,intra,left,0,[92],[117],0,0,0,0,5280,5340.0,6630.0,6690.0,1290.0,0.0,92,117,3007.0,8287.0,pt,1410.0,6690.0,1410.0,"{'duration': 1290, 'source_transfer_time': 0, 'waiting_time': 210, 'trip_time': 1080, 'num_transfers': 0, 'departure_time': 5340, 'departure_day': 'current_day', 'arrival_time': 6630, 'arrival_day': 'current_day', 'steps': [{'duration': 1080, 'departure_time': 5550, 'arrival_time': 6630, 'day': 'current_day', 'from_stop_id': '92-4', 'to_stop_id': '117-4', 'trip_id': '7-1-5', 'agency_name': 'Unknown'}]}"
22,65,4260,intra,left,1,[11; 23],[57; 66; 75],500,375,500,375,4635,4695.0,6150.0,6210.0,1455.0,3.0,11,57,2631.0,6891.0,pt,2325.0,6585.0,2325.0,"{'duration': 1455, 'source_transfer_time': 0, 'waiting_time': 15, 'trip_time': 1440, 'num_transfers': 3, 'departure_time': 4695, 'departure_day': 'current_day', 'arrival_time': 6150, 'arrival_day': 'current_day', 'steps': [{'duration': 930, 'departure_time': 4710, 'arrival_time': 5640, 'day': 'current_day', 'from_stop_id': '11-4', 'to_stop_id': '117-4', 'trip_id': '7-0-4', 'agency_name': 'Unknown'}, {'duration': 30, 'departure_time': 5640, 'arrival_time': 5670, 'day': 'current_day', 'from_stop_id': '117-4', 'to_stop_id': '117-1', 'trip_id': 'walking', 'agency_name': 'Unknown'}, {'duration': 90, 'departure_time': 5670, 'arrival_time': 5760, 'day': 'current_day', 'from_stop_id': '117-1', 'to_stop_id': 'MH-L-1', 'trip_id': '1-0-4', 'agency_name': 'Unknown'}, {'duration': 210, 'departure_time': 5940, 'arrival_time': 6150, 'day': 'current_day', 'from_stop_id': 'MH-L-1', 'to_stop_id': '57-1', 'trip_id': '1-1-4', 'agency_name': 'Unknown'}]}"
40,113,11040,intra,left,2,[40],[91; 103; 115],0,0,1000,751,11040,11100.0,12630.0,12690.0,1530.0,2.0,40,91,3007.0,14047.0,pt,2401.0,13441.0,2401.0,"{'duration': 1530, 'source_transfer_time': 0, 'waiting_time': 210, 'trip_time': 1320, 'num_transfers': 2, 'departure_time': 11100, 'departure_day': 'current_day', 'arrival_time': 12630, 'arrival_day': 'current_day', 'steps': [{'duration': 450, 'departure_time': 11310, 'arrival_time': 11760, 'day': 'current_day', 'from_stop_id': '40-5', 'to_stop_id': 'MH-L-5', 'trip_id': '8-0-14', 'agency_name': 'Unknown'}, {'duration': 30, 'departure_time': 11760, 'arrival_time': 11790, 'day': 'current_day', 'from_stop_id': 'MH-L-5', 'to_stop_id': 'MH-L-4', 'trip_id': 'walking', 'agency_name': 'Unknown'}, {'duration': 690, 'departure_time': 11940, 'arrival_time': 12630, 'day': 'current_day', 'from_stop_id': 'MH-L-4', 'to_stop_id': '91-4', 'trip_id': '7-0-14', 'agency_name': 'Unknown'}]}"
117,91,10230,intra,left,3,[117],[91],0,0,0,0,10230,10290.0,11430.0,11490.0,1140.0,0.0,117,91,2631.0,12861.0,pt,1260.0,11490.0,1260.0,"{'duration': 1140, 'source_transfer_time': 0, 'waiting_time': 180, 'trip_time': 960, 'num_transfers': 0, 'departure_time': 10290, 'departure_day': 'current_day', 'arrival_time': 11430, 'arrival_day': 'current_day', 'steps': [{'duration': 960, 'departure_time': 10470, 'arrival_time': 11430, 'day': 'current_day', 'from_stop_id': '117-4', 'to_stop_id': '91-4', 'trip_id': '7-0-12', 'agency_name': 'Unknown'}]}"
92,0,10740,intra,left,4,[92],[0],0,0,0,0,10740,10800.0,13110.0,13170.0,2310.0,0.0,92,0,6390.0,17130.0,pt,2430.0,13170.0,2430.0,"{'duration': 2310, 'source_transfer_time': 0, 'waiting_time': 150, 'trip_time': 2160, 'num_transfers': 0, 'departure_time': 10800, 'departure_day': 'current_day', 'arrival_time': 13110, 'arrival_day': 'current_day', 'steps': [{'duration': 2160, 'departure_time': 10950, 'arrival_time': 13110, 'day': 'current_day', 'from_stop_id': '92-4', 'to_stop_id': '0-4', 'trip_id': '7-1-14', 'agency_name': 'Unknown'}]}"
59,88,13140,intra,left,5,[59],[88],0,0,0,0,13140,13200.0,14070.0,14130.0,870.0,2.0,59,88,2255.0,15395.0,pt,990.0,14130.0,990.0,"{'duration': 870, 'source_transfer_time': 0, 'waiting_time': 30, 'trip_time': 840, 'num_transfers': 2, 'departure_time': 13200, 'departure_day': 'current_day', 'arrival_time': 14070, 'arrival_day': 'current_day', 'steps': [{'duration': 330, 'departure_time': 13230, 'arrival_time': 13560, 'day': 'current_day', 'from_stop_id': '59-1', 'to_stop_id': 'MH-L-1', 'trip_id': '1-1-17', 'agency_name': 'Unknown'}, {'duration': 30, 'departure_time': 13560, 'arrival_time': 13590, 'day': 'current_day', 'from_stop_id': 'MH-L-1', 'to_stop_id': 'MH-L-2', 'trip_id': 'walking', 'agency_name': 'Unknown'}, {'duration': 330, 'departure_time': 13740, 'arrival_time': 14070, 'day': 'current_day', 'from_stop_id': 'MH-L-2', 'to_stop_id': '88-2', 'trip_id': '2-1-17', 'agency_name': 'Unknown'}]}"
106,120,3960,intra,left,6,[106],[120],0,0,0,0,3960,4020.0,5160.0,5220.0,1140.0,0.0,106,MH-L,3383.0,7343.0,pt,1260.0,5220.0,1260.0,"{'duration': 1140, 'source_transfer_time': 0, 'waiting_time': 90, 'trip_time': 1050, 'num_transfers': 0, 'departure_time': 4020, 'departure_day': 'current_day', 'arrival_time': 5160, 'arrival_day': 'current_day', 'steps': [{'duration': 1050, 'departure_time': 4110, 'arrival_time': 5160, 'day': 'current_day', 'from_stop_id': '106-5', 'to_stop_id': 'MH-L-5', 'trip_id': '8-1-3', 'agency_name': 'Unknown'}]}"
18,86,9120,intra,left,7,[19; 29],[86],500,375,0,0,9495,9555.0,11310.0,11370.0,1755.0,0.0,19,86,4135.0,13255.0,pt,2250.0,11370.0,2250.0,"{'duration': 1755, 'source_transfer_time': 0, 'waiting_time': 195, 'trip_time': 1560, 'num_transfers': 0, 'departure_time': 9555, 'departure_day': 'current_day', 'arrival_time': 11310, 'arrival_day': 'current_day', 'steps': [{'duration': 1560, 'departure_time': 9750, 'arrival_time': 11310, 'day': 'current_day', 'from_stop_id': '19-5', 'to_stop_id': '86-5', 'trip_id': '8-0-12', 'agency_name': 'Unknown'}]}"
1,56,10410,intra,left,8,[0; 12],[56],500,375,0,0,10785,10845.0,12870.0,12930.0,2025.0,3.0,0,56,2255.0,12665.0,walking,2255.0,12930.0,2520.0,"{'duration': 2025, 'source_transfer_time': 0, 'waiting_time': 345, 'trip_time': 1680, 'num_transfers': 3, 'departure_time': 10845, 'departure_day': 'current_day', 'arrival_time': 12870, 'arrival_day': 'current_day', 'steps': [{'duration': 1050, 'departure_time': 11190, 'arrival_time': 12240, 'day': 'current_day', 'from_stop_id': '0-4', 'to_stop_id': '117-4', 'trip_id': '7-0-15', 'agency_name': 'Unknown'}, {'duration': 30, 'departure_time': 12240, 'arrival_time': 12270, 'day': 'current_day', 'from_stop_id': '117-4', 'to_stop_id': '117-1', 'trip_id': 'walking', 'agency_name': 'Unknown'}, {'duration': 90, 'departure_time': 12270, 'arrival_time': 12360, 'day': 'current_day', 'from_stop_id': '117-1', 'to_stop_id': 'MH-L-1', 'trip_id': '1-0-15', 'agency_name': 'Unknown'}, {'duration': 330, 'departure_time': 12540, 'arrival_time': 12870, 'day': 'current_day', 'from_stop_id': 'MH-L-1', 'to_stop_id': '56-1', 'trip_id': '1-1-15', 'agency_name': 'Unknown'}]}"
11,37,11850,intra,left,9,[11],[36; 38; 48],0,0,500,375,11850,11910.0,12480.0,12540.0,570.0,0.0,11,36,2255.0,14105.0,pt,1065.0,12915.0,1065.0,"{'duration': 570, 'source_transfer_time': 0, 'waiting_time': 0, 'trip_time': 570, 'num_transfers': 0, 'departure_time': 11910, 'departure_day': 'current_day', 'arrival_time': 12480, 'arrival_day': 'current_day', 'steps': [{'duration': 570, 'departure_time': 11910, 'arrival_time': 12480, 'day': 'current_day', 'from_stop_id': '11-4', 'to_stop_id': '36-4', 'trip_id': '7-0-16', 'agency_name': 'Unknown'}]}"
102,119,7710,intra,left,10,[91; 103],[119],500,375,0,0,8085,8145.0,9630.0,9690.0,1485.0,2.0,91,119,2255.0,9965.0,pt,1980.0,9690.0,1980.0,"{'duration': 1485, 'source_transfer_time': 0, 'waiting_time': 525, 'trip_time': 960, 'num_transfers': 2, 'departure_time': 8145, 'departure_day': 'current_day', 'arrival_time': 9630, 'arrival_day': 'current_day', 'steps': [{'duration': 690, 'departure_time': 8670, 'arrival_time': 9360, 'day': 'current_day', 'from_stop_id': '91-4', 'to_stop_id': 'MH-L-4', 'trip_id': '7-1-10', 'agency_name': 'Unknown'}, {'duration': 30, 'departure_time': 9360, 'arrival_time': 9390, 'day': 'current_day', 'from_stop_id': 'MH-L-4', 'to_stop_id': 'MH-L-2', 'trip_id': 'walking', 'agency_name': 'Unknown'}, {'duration': 90, 'departure_time': 9540, 'arrival_time': 9630, 'day': 'current_day', 'from_stop_id': 'MH-L-2', 'to_stop_id': '119-2', 'trip_id': '2-1-10', 'agency_name': 'Unknown'}]}"
80,56,5070,intra,left,11,[80],[56],0,0,0,0,5070,5130.0,6270.0,6330.0,1140.0,2.0,80,56,3007.0,8077.0,pt,1260.0,6330.0,1260.0,"{'duration': 1140, 'source_transfer_time': 0, 'waiting_time': 60, 'trip_time': 1080, 'num_transfers': 2, 'departure_time': 5130, 'departure_day': 'current_day', 'arrival_time': 6270, 'arrival_day': 'current_day', 'steps': [{'duration': 450, 'departure_time': 5190, 'arrival_time': 5640, 'day': 'current_day', 'from_stop_id': '80-4', 'to_stop_id': '118-4', 'trip_id': '7-1-4', 'agency_name': 'Unknown'}, {'duration': 30, 'departure_time': 5640, 'arrival_time': 5670, 'day': 'current_day', 'from_stop_id': '118-4', 'to_stop_id': '118-1', 'trip_id': 'walking', 'agency_name': 'Unknown'}, {'duration': 600, 'departure_time': 5670, 'arrival_time': 6270, 'day': 'current_day', 'from_stop_id': '118-1', 'to_stop_id': '56-1', 'trip_id': '1-1-4', 'agency_name': 'Unknown'}]}"
63,104,7830,intra,left,12,[55],[104],500,375,0,0,8205,8265.0,9990.0,10050.0,1725.0,3.0,55,104,4511.0,12341.0,pt,2220.0,10050.0,2220.0,"{'duration': 1725, 'source_transfer_time': 0, 'waiting_time': 45, 'trip_time': 1680, 'num_transfers': 3, 'departure_time': 8265, 'departure_day': 'current_day', 'arrival_time': 9990, 'arrival_day': 'current_day', 'steps': [{'duration': 330, 'departure_time': 8310, 'arrival_time': 8640, 'day': 'current_day', 'from_stop_id': '55-1', 'to_stop_id': '117-1', 'trip_id': '1-0-9', 'agency_name': 'Unknown'}, {'duration': 30, 'departure_time': 8640, 'arrival_time': 8670, 'day': 'current_day', 'from_stop_id': '117-1', 'to_stop_id': '117-4', 'trip_id': 'walking', 'agency_name': 'Unknown'}, {'duration': 360, 'departure_time': 8670, 'arrival_time': 9030, 'day': 'current_day', 'from_stop_id': '117-4', 'to_stop_id': '118-4', 'trip_id': '7-0-9', 'agency_name': 'Unknown'}, {'duration': 930, 'departure_time': 9060, 'arrival_time': 9990, 'day': 'current_day', 'from_stop_id': '118-4', 'to_stop_id': '104-4', 'trip_id': '7-0-9', 'agency_name': 'Unknown'}]}"
33,77,10230,intra,left,13,[11; 23; 35; 54],[77],1000,751,0,0,10981,11041.0,12150.0,12210.0,1109.0,2.0,35,77,3383.0,13613.0,pt,1980.0,12210.0,1980.0,"{'duration': 1109, 'source_transfer_time': 0, 'waiting_time': 149, 'trip_time': 960, 'num_transfers': 2, 'departure_time': 11041, 'departure_day': 'current_day', 'arrival_time': 12150, 'arrival_day': 'current_day', 'steps': [{'duration': 570, 'departure_time': 11190, 'arrival_time': 11760, 'day': 'current_day', 'from_stop_id': '35-4', 'to_stop_id': 'MH-L-4', 'trip_id': '7-0-14', 'agency_name': 'Unknown'}, {'duration': 30, 'departure_time': 11760, 'arrival_time': 11790, 'day': 'current_day', 'from_stop_id': 'MH-L-4', 'to_stop_id': 'MH-L-2', 'trip_id': 'walking', 'agency_name': 'Unknown'}, {'duration': 210, 'departure_time': 11940, 'arrival_time': 12150, 'day': 'current_day', 'from_stop_id': 'MH-L-2', 'to_stop_id': '77-2', 'trip_id': '2-1-14', 'agency_name': 'Unknown'}]}"
108,54,5490,intra,left,14,[86; 96; 106; 110],[54],1000,751,0,0,6241,6301.0,7710.0,7770.0,1409.0,2.0,86,54,3007.0,8497.0,pt,2280.0,7770.0,2280.0,"{'duration': 1409, 'source_transfer_time': 0, 'waiting_time': 89, 'trip_time': 1320, 'num_transfers': 2, 'departure_time': 6301, 'departure_day': 'current_day', 'arrival_time': 7710, 'arrival_day': 'current_day', 'steps': [{'duration': 570, 'departure_time': 6390, 'arrival_time': 6960, 'day': 'current_day', 'from_stop_id': '86-5', 'to_stop_id': 'MH-L-5', 'trip_id': '8-1-6', 'agency_name': 'Unknown'}, {'duration': 30, 'departure_time': 6960, 'arrival_time': 6990, 'day': 'current_day', 'from_stop_id': 'MH-L-5', 'to_stop_id': 'MH-L-1', 'trip_id': 'walking', 'agency_name': 'Unknown'}, {'duration': 570, 'departure_time': 7140, 'arrival_time': 7710, 'day': 'current_day', 'from_stop_id': 'MH-L-1', 'to_stop_id': '54-1', 'trip_id': '1-1-6', 'agency_name': 'Unknown'}]}"
22,50,12480,intra,left,15,[11; 23],[40; 49; 58],500,375,500,375,12855,12915.0,14550.0,14610.0,1635.0,2.0,11,49,3383.0,15863.0,pt,2505.0,14985.0,2505.0,"{'duration': 1635, 'source_transfer_time': 0, 'waiting_time': 195, 'trip_time': 1440, 'num_transfers': 2, 'departure_time': 12915, 'departure_day': 'current_day', 'arrival_time': 14550, 'arrival_day': 'current_day', 'steps': [{'duration': 1050, 'departure_time': 13110, 'arrival_time': 14160, 'day': 'current_day', 'from_stop_id': '11-4', 'to_stop_id': 'MH-L-4', 'trip_id': '7-0-18', 'agency_name': 'Unknown'}, {'duration': 30, 'departure_time': 14160, 'arrival_time': 14190, 'day': 'current_day', 'from_stop_id': 'MH-L-4', 'to_stop_id': 'MH-L-5', 'trip_id': 'walking', 'agency_name': 'Unknown'}, {'duration': 210, 'departure_time': 14340, 'arrival_time': 14550, 'day': 'current_day', 'from_stop_id': 'MH-L-5', 'to_stop_id': '49-5', 'trip_id': '8-1-18', 'agency_name': 'Unknown'}]}"
99,52,9180,intra,left,16,[99],[60],0,0,500,375,9180,9240.0,10590.0,10650.0,1350.0,2.0,99,60,3383.0,12563.0,pt,1845.0,11025.0,1845.0,"{'duration': 1350, 'source_transfer_time': 0, 'waiting_time': 270, 'trip_time': 1080, 'num_transfers': 2, 'departure_time': 9240, 'departure_day': 'current_day', 'arrival_time': 10590, 'arrival_day': 'current_day', 'steps': [{'duration': 450, 'departure_time': 9510, 'arrival_time': 9960, 'day': 'current_day', 'from_stop_id': '99-2', 'to_stop_id': 'MH-L-2', 'trip_id': '2-0-11', 'agency_name': 'Unknown'}, {'duration': 30, 'departure_time': 9960, 'arrival_time': 9990, 'day': 'current_day', 'from_stop_id': 'MH-L-2', 'to_stop_id': 'MH-L-1', 'trip_id': 'walking', 'agency_name': 'Unknown'}, {'duration': 450, 'departure_time': 10140, 'arrival_time': 10590, 'day': 'current_day', 'from_stop_id': 'MH-L-1', 'to_stop_id': '60-1', 'trip_id': '1-0-11', 'agency_name': 'Unknown'}]}"
0,74,7920,intra,left,17,[0],[75; 85],0,0,500,375,7920,7980.0,9990.0,10050.0,2010.0,2.0,0,75,3383.0,11303.0,pt,2505.0,10425.0,2505.0,"{'duration': 2010, 'source_transfer_time': 0, 'waiting_time': 210, 'trip_time': 1800, 'num_transfers': 2, 'departure_time': 7980, 'departure_day': 'current_day', 'arrival_time': 9990, 'arrival_day': 'current_day', 'steps': [{'duration': 1170, 'departure_time': 8190, 'arrival_time': 9360, 'day': 'current_day', 'from_stop_id': '0-4', 'to_stop_id': 'MH-L-4', 'trip_id': '7-0-10', 'agency_name': 'Unknown'}, {'duration': 30, 'departure_time': 9360, 'arrival_time': 9390, 'day': 'current_day', 'from_stop_id': 'MH-L-4', 'to_stop_id': 'MH-L-5', 'trip_id': 'walking', 'agency_name': 'Unknown'}, {'duration': 450, 'departure_time': 9540, 'arrival_time': 9990, 'day': 'current_day', 'from_stop_id': 'MH-L-5', 'to_stop_id': '75-5', 'trip_id': '8-0-10', 'agency_name': 'Unknown'}]}"
4,111,11430,intra,left,18,[5],[110],500,375,500,375,11805,11865.0,13710.0,13770.0,1845.0,0.0,5,110,4511.0,15941.0,pt,2715.0,14145.0,2715.0,"{'duration': 1845, 'source_transfer_time': 0, 'waiting_time': 525, 'trip_time': 1320, 'num_transfers': 0, 'departure_time': 11865, 'departure_day': 'current_day', 'arrival_time': 13710, 'arrival_day': 'current_day', 'steps': [{'duration': 1320, 'departure_time': 12390, 'arrival_time': 13710, 'day': 'current_day', 'from_stop_id': '5-2', 'to_stop_id': '110-2', 'trip_id': '2-1-16', 'agency_name': 'Unknown'}]}"
40,4,13440,intra,left,19,[40],[5],0,0,500,375,13440,13500.0,14910.0,14970.0,1410.0,2.0,40,5,2255.0,15695.0,pt,1905.0,15345.0,1905.0,"{'duration': 1410, 'source_transfer_time': 0, 'waiting_time': 210, 'trip_time': 1200, 'num_transfers': 2, 'departure_time': 13500, 'departure_day': 'current_day', 'arrival_time': 14910, 'arrival_day': 'current_day', 'steps': [{'duration': 330, 'departure_time': 13710, 'arrival_time': 14040, 'day': 'current_day', 'from_stop_id': '40-5', 'to_stop_id': '116-5', 'trip_id': '8-0-18', 'agency_name': 'Unknown'}, {'duration': 30, 'departure_time': 14040, 'arrival_time': 14070, 'day': 'current_day', 'from_stop_id': '116-5', 'to_stop_id': '116-2', 'trip_id': 'walking', 'agency_name': 'Unknown'}, {'duration': 450, 'departure_time': 14460, 'arrival_time': 14910, 'day': 'current_day', 'from_stop_id': '116-2', 'to_stop_id': '5-2', 'trip_id': '2-0-18', 'agency_name': 'Unknown'}]}"
64,1,12300,intra,left,20,[56],[0; 12],500,375,500,375,12675,12735.0,14670.0,14730.0,1935.0,2.0,56,12,2631.0,14931.0,walking,2631.0,15105.0,2805.0,"{'duration': 1935, 'source_transfer_time': 0, 'waiting_time': 495, 'trip_time': 1440, 'num_transfers': 2, 'departure_time': 12735, 'departure_day': 'current_day', 'arrival_time': 14670, 'arrival_day': 'current_day', 'steps': [{'duration': 210, 'departure_time': 13230, 'arrival_time': 13440, 'day': 'current_day', 'from_stop_id': '56-1', 'to_stop_id': '117-1', 'trip_id': '1-0-17', 'agency_name': 'Unknown'}, {'duration': 30, 'departure_time': 13440, 'arrival_time': 13470, 'day': 'current_day', 'from_stop_id': '117-1', 'to_stop_id': '117-4', 'trip_id': 'walking', 'agency_name': 'Unknown'}, {'duration': 810, 'departure_time': 13860, 'arrival_time': 14670, 'day': 'current_day', 'from_stop_id': '117-4', 'to_stop_id': '12-4', 'trip_id': '7-1-17', 'agency_name': 'Unknown'}]}"
109,91,6840,intra,left,21,[110],[91],500,375,0,0,7215,7275.0,9030.0,9090.0,1755.0,2.0,110,91,2255.0,9095.0,pt,2250.0,9090.0,2250.0,"{'duration': 1755, 'source_transfer_time': 0, 'waiting_time': 315, 'trip_time': 1440, 'num_transfers': 2, 'departure_time': 7275, 'departure_day': 'current_day', 'arrival_time': 9030, 'arrival_day': 'current_day', 'steps': [{'duration': 570, 'departure_time': 7590, 'arrival_time': 8160, 'day': 'current_day', 'from_stop_id': '110-2', 'to_stop_id': 'MH-L-2', 'trip_id': '2-0-8', 'agency_name': 'Unknown'}, {'duration': 30, 'departure_time': 8160, 'arrival_time': 8190, 'day': 'current_day', 'from_stop_id': 'MH-L-2', 'to_stop_id': 'MH-L-4', 'trip_id': 'walking', 'agency_name': 'Unknown'}, {'duration': 690, 'departure_time': 8340, 'arrival_time': 9030, 'day': 'current_day', 'from_stop_id': 'MH-L-4', 'to_stop_id': '91-4', 'trip_id': '7-0-8', 'agency_name': 'Unknown'}]}"
115,77,11010,intra,left,22,[115],[77],0,0,0,0,11010,11070.0,12750.0,12810.0,1680.0,2.0,115,77,3007.0,14017.0,pt,1800.0,12810.0,1800.0,"{'duration': 1680, 'source_transfer_time': 0, 'waiting_time': 120, 'trip_time': 1560, 'num_transfers': 2, 'departure_time': 11070, 'departure_day': 'current_day', 'arrival_time': 12750, 'arrival_day': 'current_day', 'steps': [{'duration': 1170, 'departure_time': 11190, 'arrival_time': 12360, 'day': 'current_day', 'from_stop_id': '115-4', 'to_stop_id': 'MH-L-4', 'trip_id': '7-1-15', 'agency_name': 'Unknown'}, {'duration': 30, 'departure_time': 12360, 'arrival_time': 12390, 'day': 'current_day', 'from_stop_id': 'MH-L-4', 'to_stop_id': 'MH-L-2', 'trip_id': 'walking', 'agency_name': 'Unknown'}, {'duration': 210, 'departure_time': 12540, 'arrival_time': 12750, 'day': 'current_day', 'from_stop_id': 'MH-L-2', 'to_stop_id': '77-2', 'trip_id': '2-1-15', 'agency_name': 'Unknown'}]}"
114,15,10800,intra,left,23,[103; 115],[16],500,375,500,375,11175,11235.0,12990.0,13050.0,1755.0,2.0,103,16,5263.0,16063.0,pt,2625.0,13425.0,2625.0,"{'duration': 1755, 'source_transfer_time': 0, 'waiting_time': 195, 'trip_time': 1560, 'num_transfers': 2, 'departure_time': 11235, 'departure_day': 'current_day', 'arrival_time': 12990, 'arrival_day': 'current_day', 'steps': [{'duration': 930, 'departure_time': 11430, 'arrival_time': 12360, 'day': 'current_day', 'from_stop_id': '103-4', 'to_stop_id': 'MH-L-4', 'trip_id': '7-1-15', 'agency_name': 'Unknown'}, {'duration': 30, 'departure_time': 12360, 'arrival_time': 12390, 'day': 'current_day', 'from_stop_id': 'MH-L-4', 'to_stop_id': 'MH-L-2', 'trip_id': 'walking', 'agency_name': 'Unknown'}, {'duration': 450, 'departure_time': 12540, 'arrival_time': 12990, 'day': 'current_day', 'from_stop_id': 'MH-L-2', 'to_stop_id': '16-2', 'trip_id': '2-0-15', 'agency_name': 'Unknown'}]}"
102,66,14220,intra,left,24,[91; 103],[66],500,375,0,0,14595,14655.0,15750.0,15810.0,1095.0,2.0,91,66,2631.0,16851.0,pt,1590.0,15810.0,1590.0,"{'duration': 1095, 'source_transfer_time': 0, 'waiting_time': 15, 'trip_time': 1080, 'num_transfers': 2, 'departure_time': 14655, 'departure_day': 'current_day', 'arrival_time': 15750, 'arrival_day': 'current_day', 'steps': [{'duration': 690, 'departure_time': 14670, 'arrival_time': 15360, 'day': 'current_day', 'from_stop_id': '91-4', 'to_stop_id': 'MH-L-4', 'trip_id': '7-1-20', 'agency_name': 'Unknown'}, {'duration': 30, 'departure_time': 15360, 'arrival_time': 15390, 'day': 'current_day', 'from_stop_id': 'MH-L-4', 'to_stop_id': 'MH-L-5', 'trip_id': 'walking', 'agency_name': 'Unknown'}, {'duration': 210, 'departure_time': 15540, 'arrival_time': 15750, 'day': 'current_day', 'from_stop_id': 'MH-L-5', 'to_stop_id': '66-5', 'trip_id': '8-0-20', 'agency_name': 'Unknown'}]}"
61,110,8010,intra,left,25,[61],[110],0,0,0,0,8010,8070.0,9510.0,9570.0,1440.0,2.0,61,110,3759.0,11769.0,pt,1560.0,9570.0,1560.0,"{'duration': 1440, 'source_transfer_time': 0, 'waiting_time': 120, 'trip_time': 1320, 'num_transfers': 2, 'departure_time': 8070, 'departure_day': 'current_day', 'arrival_time': 9510, 'arrival_day': 'current_day', 'steps': [{'duration': 570, 'departure_time': 8190, 'arrival_time': 8760, 'day': 'current_day', 'from_stop_id': '61-1', 'to_stop_id': 'MH-L-1', 'trip_id': '1-1-9', 'agency_name': 'Unknown'}, {'duration': 30, 'departure_time': 8760, 'arrival_time': 8790, 'day': 'current_day', 'from_stop_id': 'MH-L-1', 'to_stop_id': 'MH-L-2', 'trip_id': 'walking', 'agency_name': 'Unknown'}, {'duration': 570, 'departure_time': 8940, 'arrival_time': 9510, 'day': 'current_day', 'from_stop_id': 'MH-L-2', 'to_stop_id': '110-2', 'trip_id': '2-1-9', 'agency_name': 'Unknown'}]}"
50,113,8880,intra,left,26,[40; 49; 58],[91; 103; 115],500,375,1000,751,9255,9315.0,10830.0,10890.0,1515.0,2.0,40,91,2631.0,11511.0,walking,2631.0,11641.0,2761.0,"{'duration': 1515, 'source_transfer_time': 0, 'waiting_time': 195, 'trip_time': 1320, 'num_transfers': 2, 'departure_time': 9315, 'departure_day': 'current_day', 'arrival_time': 10830, 'arrival_day': 'current_day', 'steps': [{'duration': 450, 'departure_time': 9510, 'arrival_time': 9960, 'day': 'current_day', 'from_stop_id': '40-5', 'to_stop_id': 'MH-L-5', 'trip_id': '8-0-11', 'agency_name': 'Unknown'}, {'duration': 30, 'departure_time': 9960, 'arrival_time': 9990, 'day': 'current_day', 'from_stop_id': 'MH-L-5', 'to_stop_id': 'MH-L-4', 'trip_id': 'walking', 'agency_name': 'Unknown'}, {'duration': 690, 'departure_time': 10140, 'arrival_time': 10830, 'day': 'current_day', 'from_stop_id': 'MH-L-4', 'to_stop_id': '91-4', 'trip_id': '7-0-11', 'agency_name': 'Unknown'}]}"
81,96,12300,intra,left,27,[80; 92],[96],500,375,0,0,12675,12735.0,14550.0,14610.0,1815.0,2.0,80,96,3383.0,15683.0,pt,2310.0,14610.0,2310.0,"{'duration': 1815, 'source_transfer_time': 0, 'waiting_time': 255, 'trip_time': 1560, 'num_transfers': 2, 'departure_time': 12735, 'departure_day': 'current_day', 'arrival_time': 14550, 'arrival_day': 'current_day', 'steps': [{'duration': 570, 'departure_time': 12990, 'arrival_time': 13560, 'day': 'current_day', 'from_stop_id': '80-4', 'to_stop_id': 'MH-L-4', 'trip_id': '7-1-17', 'agency_name': 'Unknown'}, {'duration': 30, 'departure_time': 13560, 'arrival_time': 13590, 'day': 'current_day', 'from_stop_id': 'MH-L-4', 'to_stop_id': 'MH-L-5', 'trip_id': 'walking', 'agency_name': 'Unknown'}, {'duration': 810, 'departure_time': 13740, 'arrival_time': 14550, 'day': 'current_day', 'from_stop_id': 'MH-L-5', 'to_stop_id': '96-5', 'trip_id': '8-0-17', 'agency_name': 'Unknown'}]}"
16,100,8700,intra,left,28,[16],[99],0,0,500,375,8700,8760.0,9990.0,10050.0,1230.0,0.0,16,99,3383.0,12083.0,pt,1725.0,10425.0,1725.0,"{'duration': 1230, 'source_transfer_time': 0, 'waiting_time': 150, 'trip_time': 1080, 'num_transfers': 0, 'departure_time': 8760, 'departure_day': 'current_day', 'arrival_time': 9990, 'arrival_day': 'current_day', 'steps': [{'duration': 1080, 'departure_time': 8910, 'arrival_time': 9990, 'day': 'current_day', 'from_stop_id': '16-2', 'to_stop_id': '99-2', 'trip_id': '2-1-10', 'agency_name': 'Unknown'}]}"
56,112,4020,intra,left,29,[56],[110],0,0,1000,751,4020,4080.0,5310.0,5370.0,1230.0,2.0,56,110,3759.0,7779.0,pt,2101.0,6121.0,2101.0,"{'duration': 1230, 'source_transfer_time': 0, 'waiting_time': 150, 'trip_time': 1080, 'num_transfers': 2, 'departure_time': 4080, 'departure_day': 'current_day', 'arrival_time': 5310, 'arrival_day': 'current_day', 'steps': [{'duration': 330, 'departure_time': 4230, 'arrival_time': 4560, 'day': 'current_day', 'from_stop_id': '56-1', 'to_stop_id': 'MH-L-1', 'trip_id': '1-0-2', 'agency_name': 'Unknown'}, {'duration': 30, 'departure_time': 4560, 'arrival_time': 4590, 'day': 'current_day', 'from_stop_id': 'MH-L-1', 'to_stop_id': 'MH-L-2', 'trip_id': 'walking', 'agency_name': 'Unknown'}, {'duration': 570, 'departure_time': 4740, 'arrival_time': 5310, 'day': 'current_day', 'from_stop_id': 'MH-L-2', 'to_stop_id': '110-2', 'trip_id': '2-1-2', 'agency_name': 'Unknown'}]}"
75,29,14010,intra,left,30,[75],[29],0,0,0,0,14010,14070.0,15510.0,15570.0,1440.0,0.0,75,29,3383.0,17393.0,pt,1560.0,15570.0,1560.0,"{'duration': 1440, 'source_transfer_time': 0, 'waiting_time': 240, 'trip_time': 1200, 'num_transfers': 0, 'departure_time': 14070, 'departure_day': 'current_day', 'arrival_time': 15510, 'arrival_day': 'current_day', 'steps': [{'duration': 1200, 'departure_time': 14310, 'arrival_time': 15510, 'day': 'current_day', 'from_stop_id': '75-5', 'to_stop_id': '29-5', 'trip_id': '8-1-19', 'agency_name': 'Unknown'}]}"
36,91,5520,intra,left,31,[36],[91],0,0,0,0,5520,5580.0,7230.0,7290.0,1650.0,0.0,36,91,3759.0,9279.0,pt,1770.0,7290.0,1770.0,"{'duration': 1650, 'source_transfer_time': 0, 'waiting_time': 330, 'trip_time': 1320, 'num_transfers': 0, 'departure_time': 5580, 'departure_day': 'current_day', 'arrival_time': 7230, 'arrival_day': 'current_day', 'steps': [{'duration': 1320, 'departure_time': 5910, 'arrival_time': 7230, 'day': 'current_day', 'from_stop_id': '36-4', 'to_stop_id': '91-4', 'trip_id': '7-0-5', 'agency_name': 'Unknown'}]}"
1,102,6210,intra,left,32,[0; 12],[91; 103],500,375,500,375,6585,6645.0,9030.0,9090.0,2385.0,0.0,0,91,6015.0,12225.0,pt,3255.0,9465.0,3255.0,"{'duration': 2385, 'source_transfer_time': 0, 'waiting_time': 345, 'trip_time': 2040, 'num_transfers': 0, 'departure_time': 6645, 'departure_day': 'current_day', 'arrival_time': 9030, 'arrival_day': 'current_day', 'steps': [{'duration': 2040, 'departure_time': 6990, 'arrival_time': 9030, 'day': 'current_day', 'from_stop_id': '0-4', 'to_stop_id': '91-4', 'trip_id': '7-0-8', 'agency_name': 'Unknown'}]}"
118,33,9900,intra,left,33,[118],[11; 23; 35; 54],0,0,1000,751,9900,9960.0,11310.0,11370.0,1350.0,0.0,118,35,3007.0,12907.0,pt,2221.0,12121.0,2221.0,"{'duration': 1350, 'source_transfer_time': 0, 'waiting_time': 510, 'trip_time': 840, 'num_transfers': 0, 'departure_time': 9960, 'departure_day': 'current_day', 'arrival_time': 11310, 'arrival_day': 'current_day', 'steps': [{'duration': 840, 'departure_time': 10470, 'arrival_time': 11310, 'day': 'current_day', 'from_stop_id': '118-4', 'to_stop_id': '35-4', 'trip_id': '7-1-12', 'agency_name': 'Unknown'}]}"
16,57,13830,intra,left,34,[16],[57],0,0,0,0,13830,13890.0,15150.0,15210.0,1260.0,2.0,16,57,2255.0,16085.0,pt,1380.0,15210.0,1380.0,"{'duration': 1260, 'source_transfer_time': 0, 'waiting_time': 420, 'trip_time': 840, 'num_transfers': 2, 'departure_time': 13890, 'departure_day': 'current_day', 'arrival_time': 15150, 'arrival_day': 'current_day', 'steps': [{'duration': 450, 'departure_time': 14310, 'arrival_time': 14760, 'day': 'current_day', 'from_stop_id': '16-2', 'to_stop_id': 'MH-L-2', 'trip_id': '2-1-19', 'agency_name': 'Unknown'}, {'duration': 30, 'departure_time': 14760, 'arrival_time': 14790, 'day': 'current_day', 'from_stop_id': 'MH-L-2', 'to_stop_id': 'MH-L-1', 'trip_id': 'walking', 'agency_name': 'Unknown'}, {'duration': 210, 'departure_time': 14940, 'arrival_time': 15150, 'day': 'current_day', 'from_stop_id': 'MH-L-1', 'to_stop_id': '57-1', 'trip_id': '1-1-19', 'agency_name': 'Unknown'}]}"
112,94,13560,intra,left,35,[110],[95; 105],1000,751,500,375,14311,14371.0,16470.0,16530.0,2099.0,2.0,110,95,3007.0,16567.0,walking,3007.0,16905.0,3345.0,"{'duration': 2099, 'source_transfer_time': 0, 'waiting_time': 419, 'trip_time': 1680, 'num_transfers': 2, 'departure_time': 14371, 'departure_day': 'current_day', 'arrival_time': 16470, 'arrival_day': 'current_day', 'steps': [{'duration': 450, 'departure_time': 14790, 'arrival_time': 15240, 'day': 'current_day', 'from_stop_id': '110-2', 'to_stop_id': '119-2', 'trip_id': '2-0-20', 'agency_name': 'Unknown'}, {'duration': 30, 'departure_time': 15240, 'arrival_time': 15270, 'day': 'current_day', 'from_stop_id': '119-2', 'to_stop_id': '119-5', 'trip_id': 'walking', 'agency_name': 'Unknown'}, {'duration': 810, 'departure_time': 15660, 'arrival_time': 16470, 'day': 'current_day', 'from_stop_id': '119-5', 'to_stop_id': '95-5', 'trip_id': '8-0-20', 'agency_name': 'Unknown'}]}"
79,11,4260,intra,left,36,[79],[11],0,0,0,0,4260,4320.0,6390.0,6450.0,2070.0,0.0,79,11,4887.0,9147.0,pt,2190.0,6450.0,2190.0,"{'duration': 2070, 'source_transfer_time': 0, 'waiting_time': 390, 'trip_time': 1680, 'num_transfers': 0, 'departure_time': 4320, 'departure_day': 'current_day', 'arrival_time': 6390, 'arrival_day': 'current_day', 'steps': [{'duration': 1680, 'departure_time': 4710, 'arrival_time': 6390, 'day': 'current_day', 'from_stop_id': '79-4', 'to_stop_id': '11-4', 'trip_id': '7-1-3', 'agency_name': 'Unknown'}]}"
41,66,6660,intra,left,37,[30; 40],[66],500,375,0,0,7035,7095.0,7950.0,8010.0,855.0,0.0,40,66,2631.0,9291.0,pt,1350.0,8010.0,1350.0,"{'duration': 855, 'source_transfer_time': 0, 'waiting_time': 15, 'trip_time': 840, 'num_transfers': 0, 'departure_time': 7095, 'departure_day': 'current_day', 'arrival_time': 7950, 'arrival_day': 'current_day', 'steps': [{'duration': 840, 'departure_time': 7110, 'arrival_time': 7950, 'day': 'current_day', 'from_stop_id': '40-5', 'to_stop_id': '66-5', 'trip_id': '8-0-7', 'agency_name': 'Unknown'}]}"
48,105,11820,intra,left,38,[48],[105],0,0,0,0,11820,11880.0,13710.0,13770.0,1830.0,2.0,48,105,3759.0,15579.0,pt,1950.0,13770.0,1950.0,"{'duration': 1830, 'source_transfer_time': 0, 'waiting_time': 270, 'trip_time': 1560, 'num_transfers': 2, 'departure_time': 11880, 'departure_day': 'current_day', 'arrival_time': 13710, 'arrival_day': 'current_day', 'steps': [{'duration': 210, 'departure_time': 12150, 'arrival_time': 12360, 'day': 'current_day', 'from_stop_id': '48-4', 'to_stop_id': 'MH-L-4', 'trip_id': '7-0-15', 'agency_name': 'Unknown'}, {'duration': 30, 'departure_time': 12360, 'arrival_time': 12390, 'day': 'current_day', 'from_stop_id': 'MH-L-4', 'to_stop_id': 'MH-L-5', 'trip_id': 'walking', 'agency_name': 'Unknown'}, {'duration': 1170, 'departure_time': 12540, 'arrival_time': 13710, 'day': 'current_day', 'from_stop_id': 'MH-L-5', 'to_stop_id': '105-5', 'trip_id': '8-0-15', 'agency_name': 'Unknown'}]}"
117,10,10890,intra,left,39,[117],[10],0,0,0,0,10890,10950.0,12510.0,12570.0,1560.0,2.0,117,10,4135.0,15025.0,pt,1680.0,12570.0,1680.0,"{'duration': 1560, 'source_transfer_time': 0, 'waiting_time': 120, 'trip_time': 1440, 'num_transfers': 2, 'departure_time': 10950, 'departure_day': 'current_day', 'arrival_time': 12510, 'arrival_day': 'current_day', 'steps': [{'duration': 90, 'departure_time': 11070, 'arrival_time': 11160, 'day': 'current_day', 'from_stop_id': '117-1', 'to_stop_id': 'MH-L-1', 'trip_id': '1-0-13', 'agency_name': 'Unknown'}, {'duration': 30, 'departure_time': 11160, 'arrival_time': 11190, 'day': 'current_day', 'from_stop_id': 'MH-L-1', 'to_stop_id': 'MH-L-5', 'trip_id': 'walking', 'agency_name': 'Unknown'}, {'duration': 1170, 'departure_time': 11340, 'arrival_time': 12510, 'day': 'current_day', 'from_stop_id': 'MH-L-5', 'to_stop_id': '10-5', 'trip_id': '8-1-13', 'agency_name': 'Unknown'}]}"
22,29,10410,intra,left,40,[11; 23],[29],500,375,0,0,10785,10845.0,12510.0,12570.0,1665.0,2.0,23,29,2631.0,13041.0,pt,2160.0,12570.0,2160.0,"{'duration': 1665, 'source_transfer_time': 0, 'waiting_time': 105, 'trip_time': 1560, 'num_transfers': 2, 'departure_time': 10845, 'departure_day': 'current_day', 'arrival_time': 12510, 'arrival_day': 'current_day', 'steps': [{'duration': 810, 'departure_time': 10950, 'arrival_time': 11760, 'day': 'current_day', 'from_stop_id': '23-4', 'to_stop_id': 'MH-L-4', 'trip_id': '7-0-14', 'agency_name': 'Unknown'}, {'duration': 30, 'departure_time': 11760, 'arrival_time': 11790, 'day': 'current_day', 'from_stop_id': 'MH-L-4', 'to_stop_id': 'MH-L-5', 'trip_id': 'walking', 'agency_name': 'Unknown'}, {'duration': 570, 'departure_time': 11940, 'arrival_time': 12510, 'day': 'current_day', 'from_stop_id': 'MH-L-5', 'to_stop_id': '29-5', 'trip_id': '8-1-14', 'agency_name': 'Unknown'}]}"
62,1,13380,intra,left,41,[54],[0; 12],500,375,500,375,13755,13815.0,15870.0,15930.0,2055.0,2.0,54,12,2631.0,16011.0,walking,2631.0,16305.0,2925.0,"{'duration': 2055, 'source_transfer_time': 0, 'waiting_time': 375, 'trip_time': 1680, 'num_transfers': 2, 'departure_time': 13815, 'departure_day': 'current_day', 'arrival_time': 15870, 'arrival_day': 'current_day', 'steps': [{'duration': 450, 'departure_time': 14190, 'arrival_time': 14640, 'day': 'current_day', 'from_stop_id': '54-1', 'to_stop_id': '117-1', 'trip_id': '1-0-19', 'agency_name': 'Unknown'}, {'duration': 30, 'departure_time': 14640, 'arrival_time': 14670, 'day': 'current_day', 'from_stop_id': '117-1', 'to_stop_id': '117-4', 'trip_id': 'walking', 'agency_name': 'Unknown'}, {'duration': 810, 'departure_time': 15060, 'arrival_time': 15870, 'day': 'current_day', 'from_stop_id': '117-4', 'to_stop_id': '12-4', 'trip_id': '7-1-19', 'agency_name': 'Unknown'}]}"
24,102,12480,intra,left,42,[24],[91; 103],0,0,500,375,12480,12540.0,14430.0,14490.0,1890.0,0.0,24,91,4887.0,17367.0,pt,2385.0,14865.0,2385.0,"{'duration': 1890, 'source_transfer_time': 0, 'waiting_time': 330, 'trip_time': 1560, 'num_transfers': 0, 'departure_time': 12540, 'departure_day': 'current_day', 'arrival_time': 14430, 'arrival_day': 'current_day', 'steps': [{'duration': 1560, 'departure_time': 12870, 'arrival_time': 14430, 'day': 'current_day', 'from_stop_id': '24-4', 'to_stop_id': '91-4', 'trip_id': '7-0-17', 'agency_name': 'Unknown'}]}"
81,7,3600,intra,left,43,[80; 92],[5; 9; 19; 29],500,375,1000,751,3975,4035.0,5910.0,5970.0,1875.0,2.0,80,5,3383.0,6983.0,pt,3121.0,6721.0,3121.0,"{'duration': 1875, 'source_transfer_time': 0, 'waiting_time': 555, 'trip_time': 1320, 'num_transfers': 2, 'departure_time': 4035, 'departure_day': 'current_day', 'arrival_time': 5910, 'arrival_day': 'current_day', 'steps': [{'duration': 570, 'departure_time': 4590, 'arrival_time': 5160, 'day': 'current_day', 'from_stop_id': '80-4', 'to_stop_id': 'MH-L-4', 'trip_id': '7-1-3', 'agency_name': 'Unknown'}, {'duration': 30, 'departure_time': 5160, 'arrival_time': 5190, 'day': 'current_day', 'from_stop_id': 'MH-L-4', 'to_stop_id': 'MH-L-2', 'trip_id': 'walking', 'agency_name': 'Unknown'}, {'duration': 570, 'departure_time': 5340, 'arrival_time': 5910, 'day': 'current_day', 'from_stop_id': 'MH-L-2', 'to_stop_id': '5-2', 'trip_id': '2-0-3', 'agency_name': 'Unknown'}]}"
111,58,12330,intra,left,44,[110],[58],500,375,0,0,12705,12765.0,13950.0,14010.0,1185.0,2.0,110,58,2255.0,14585.0,pt,1680.0,14010.0,1680.0,"{'duration': 1185, 'source_transfer_time': 0, 'waiting_time': 225, 'trip_time': 960, 'num_transfers': 2, 'departure_time': 12765, 'departure_day': 'current_day', 'arrival_time': 13950, 'arrival_day': 'current_day', 'steps': [{'duration': 570, 'departure_time': 12990, 'arrival_time': 13560, 'day': 'current_day', 'from_stop_id': '110-2', 'to_stop_id': 'MH-L-2', 'trip_id': '2-0-17', 'agency_name': 'Unknown'}, {'duration': 30, 'departure_time': 13560, 'arrival_time': 13590, 'day': 'current_day', 'from_stop_id': 'MH-L-2', 'to_stop_id': 'MH-L-1', 'trip_id': 'walking', 'agency_name': 'Unknown'}, {'duration': 210, 'departure_time': 13740, 'arrival_time': 13950, 'day': 'current_day', 'from_stop_id': 'MH-L-1', 'to_stop_id': '58-1', 'trip_id': '1-0-17', 'agency_name': 'Unknown'}]}"
16,87,5430,intra,left,45,[16],[76; 86; 88],0,0,500,375,5430,5490.0,6870.0,6930.0,1380.0,3.0,16,76,3007.0,8437.0,pt,1875.0,7305.0,1875.0,"{'duration': 1380, 'source_transfer_time': 0, 'waiting_time': 420, 'trip_time': 960, 'num_transfers': 3, 'departure_time': 5490, 'departure_day': 'current_day', 'arrival_time': 6870, 'arrival_day': 'current_day', 'steps': [{'duration': 330, 'departure_time': 5910, 'arrival_time': 6240, 'day': 'current_day', 'from_stop_id': '16-2', 'to_stop_id': '116-2', 'trip_id': '2-1-5', 'agency_name': 'Unknown'}, {'duration': 30, 'departure_time': 6240, 'arrival_time': 6270, 'day': 'current_day', 'from_stop_id': '116-2', 'to_stop_id': '116-5', 'trip_id': 'walking', 'agency_name': 'Unknown'}, {'duration': 360, 'departure_time': 6270, 'arrival_time': 6630, 'day': 'current_day', 'from_stop_id': '116-5', 'to_stop_id': '119-5', 'trip_id': '8-0-5', 'agency_name': 'Unknown'}, {'duration': 210, 'departure_time': 6660, 'arrival_time': 6870, 'day': 'current_day', 'from_stop_id': '119-5', 'to_stop_id': '76-5', 'trip_id': '8-0-5', 'agency_name': 'Unknown'}]}"
36,98,12480,intra,left,46,[36],[99],0,0,500,375,12480,12540.0,14190.0,14250.0,1650.0,2.0,36,99,2631.0,15111.0,pt,2145.0,14625.0,2145.0,"{'duration': 1650, 'source_transfer_time': 0, 'waiting_time': 570, 'trip_time': 1080, 'num_transfers': 2, 'departure_time': 12540, 'departure_day': 'current_day', 'arrival_time': 14190, 'arrival_day': 'current_day', 'steps': [{'duration': 450, 'departure_time': 13110, 'arrival_time': 13560, 'day': 'current_day', 'from_stop_id': '36-4', 'to_stop_id': 'MH-L-4', 'trip_id': '7-0-17', 'agency_name': 'Unknown'}, {'duration': 30, 'departure_time': 13560, 'arrival_time': 13590, 'day': 'current_day', 'from_stop_id': 'MH-L-4', 'to_stop_id': 'MH-L-2', 'trip_id': 'walking', 'agency_name': 'Unknown'}, {'duration': 450, 'departure_time': 13740, 'arrival_time': 14190, 'day': 'current_day', 'from_stop_id': 'MH-L-2', 'to_stop_id': '99-2', 'trip_id': '2-1-17', 'agency_name': 'Unknown'}]}"
43,56,6990,intra,left,47,[61],[56],1000,751,0,0,7741,7801.0,9270.0,9330.0,1469.0,0.0,61,56,3759.0,10749.0,pt,2340.0,9330.0,2340.0,"{'duration': 1469, 'source_transfer_time': 0, 'waiting_time': 389, 'trip_time': 1080, 'num_transfers': 0, 'departure_time': 7801, 'departure_day': 'current_day', 'arrival_time': 9270, 'arrival_day': 'current_day', 'steps': [{'duration': 1080, 'departure_time': 8190, 'arrival_time': 9270, 'day': 'current_day', 'from_stop_id': '61-1', 'to_stop_id': '56-1', 'trip_id': '1-1-9', 'agency_name': 'Unknown'}]}"
18,84,9660,intra,left,48,[19; 29],[85; 95],500,375,500,375,10035,10095.0,12030.0,12090.0,1935.0,0.0,19,85,4887.0,14547.0,pt,2805.0,12465.0,2805.0,"{'duration': 1935, 'source_transfer_time': 0, 'waiting_time': 255, 'trip_time': 1680, 'num_transfers': 0, 'departure_time': 10095, 'departure_day': 'current_day', 'arrival_time': 12030, 'arrival_day': 'current_day', 'steps': [{'duration': 1680, 'departure_time': 10350, 'arrival_time': 12030, 'day': 'current_day', 'from_stop_id': '19-5', 'to_stop_id': '85-5', 'trip_id': '8-0-13', 'agency_name': 'Unknown'}]}"
33,86,7230,intra,left,49,[11; 23; 35; 54],[86],1000,751,0,0,7981,8041.0,9510.0,9570.0,1469.0,2.0,35,86,3007.0,10237.0,pt,2340.0,9570.0,2340.0,"{'duration': 1469, 'source_transfer_time': 0, 'waiting_time': 149, 'trip_time': 1320, 'num_transfers': 2, 'departure_time': 8041, 'departure_day': 'current_day', 'arrival_time': 9510, 'arrival_day': 'current_day', 'steps': [{'duration': 570, 'departure_time': 8190, 'arrival_time': 8760, 'day': 'current_day', 'from_stop_id': '35-4', 'to_stop_id': 'MH-L-4', 'trip_id': '7-0-9', 'agency_name': 'Unknown'}, {'duration': 30, 'departure_time': 8760, 'arrival_time': 8790, 'day': 'current_day', 'from_stop_id': 'MH-L-4', 'to_stop_id': 'MH-L-5', 'trip_id': 'walking', 'agency_name': 'Unknown'}, {'duration': 570, 'departure_time': 8940, 'arrival_time': 9510, 'day': 'current_day', 'from_stop_id': 'MH-L-5', 'to_stop_id': '86-5', 'trip_id': '8-0-9', 'agency_name': 'Unknown'}]}"
85,49,11490,intra,left,50,[85],[49],0,0,0,0,11490,11550.0,12750.0,12810.0,1200.0,0.0,85,49,3007.0,14497.0,pt,1320.0,12810.0,1320.0,"{'duration': 1200, 'source_transfer_time': 0, 'waiting_time': 120, 'trip_time': 1080, 'num_transfers': 0, 'departure_time': 11550, 'departure_day': 'current_day', 'arrival_time': 12750, 'arrival_day': 'current_day', 'steps': [{'duration': 1080, 'departure_time': 11670, 'arrival_time': 12750, 'day': 'current_day', 'from_stop_id': '85-5', 'to_stop_id': '49-5', 'trip_id': '8-1-15', 'agency_name': 'Unknown'}]}"
82,99,11580,intra,left,51,[61; 80; 92; 104],[99],1000,751,0,0,12331,12391.0,14190.0,14250.0,1799.0,2.0,61,99,2631.0,14211.0,walking,2631.0,14250.0,2670.0,"{'duration': 1799, 'source_transfer_time': 0, 'waiting_time': 599, 'trip_time': 1200, 'num_transfers': 2, 'departure_time': 12391, 'departure_day': 'current_day', 'arrival_time': 14190, 'arrival_day': 'current_day', 'steps': [{'duration': 570, 'departure_time': 12990, 'arrival_time': 13560, 'day': 'current_day', 'from_stop_id': '61-1', 'to_stop_id': 'MH-L-1', 'trip_id': '1-1-17', 'agency_name': 'Unknown'}, {'duration': 30, 'departure_time': 13560, 'arrival_time': 13590, 'day': 'current_day', 'from_stop_id': 'MH-L-1', 'to_stop_id': 'MH-L-2', 'trip_id': 'walking', 'agency_name': 'Unknown'}, {'duration': 450, 'departure_time': 13740, 'arrival_time': 14190, 'day': 'current_day', 'from_stop_id': 'MH-L-2', 'to_stop_id': '99-2', 'trip_id': '2-1-17', 'agency_name': 'Unknown'}]}"
67,97,12150,intra,left,52,[67],[86; 96],0,0,500,375,12150,12210.0,13710.0,13770.0,1500.0,2.0,67,86,2255.0,14405.0,pt,1995.0,14145.0,1995.0,"{'duration': 1500, 'source_transfer_time': 0, 'waiting_time': 540, 'trip_time': 960, 'num_transfers': 2, 'departure_time': 12210, 'departure_day': 'current_day', 'arrival_time': 13710, 'arrival_day': 'current_day', 'steps': [{'duration': 210, 'departure_time': 12750, 'arrival_time': 12960, 'day': 'current_day', 'from_stop_id': '67-4', 'to_stop_id': 'MH-L-4', 'trip_id': '7-1-16', 'agency_name': 'Unknown'}, {'duration': 30, 'departure_time': 12960, 'arrival_time': 12990, 'day': 'current_day', 'from_stop_id': 'MH-L-4', 'to_stop_id': 'MH-L-5', 'trip_id': 'walking', 'agency_name': 'Unknown'}, {'duration': 570, 'departure_time': 13140, 'arrival_time': 13710, 'day': 'current_day', 'from_stop_id': 'MH-L-5', 'to_stop_id': '86-5', 'trip_id': '8-0-16', 'agency_name': 'Unknown'}]}"
58,34,7860,intra,left,53,[58],[23; 35],0,0,500,375,7860,7920.0,8910.0,8970.0,990.0,2.0,58,35,3007.0,10867.0,pt,1485.0,9345.0,1485.0,"{'duration': 990, 'source_transfer_time': 0, 'waiting_time': 30, 'trip_time': 960, 'num_transfers': 2, 'departure_time': 7920, 'departure_day': 'current_day', 'arrival_time': 8910, 'arrival_day': 'current_day', 'steps': [{'duration': 90, 'departure_time': 7950, 'arrival_time': 8040, 'day': 'current_day', 'from_stop_id': '58-1', 'to_stop_id': '118-1', 'trip_id': '1-1-8', 'agency_name': 'Unknown'}, {'duration': 30, 'departure_time': 8040, 'arrival_time': 8070, 'day': 'current_day', 'from_stop_id': '118-1', 'to_stop_id': '118-4', 'trip_id': 'walking', 'agency_name': 'Unknown'}, {'duration': 840, 'departure_time': 8070, 'arrival_time': 8910, 'day': 'current_day', 'from_stop_id': '118-4', 'to_stop_id': '35-4', 'trip_id': '7-1-8', 'agency_name': 'Unknown'}]}"
11,70,13650,intra,left,54,[11],[60],0,0,500,375,13650,13710.0,15390.0,15450.0,1680.0,3.0,11,60,5263.0,18913.0,pt,2175.0,15825.0,2175.0,"{'duration': 1680, 'source_transfer_time': 0, 'waiting_time': 0, 'trip_time': 1680, 'num_transfers': 3, 'departure_time': 13710, 'departure_day': 'current_day', 'arrival_time': 15390, 'arrival_day': 'current_day', 'steps': [{'duration': 930, 'departure_time': 13710, 'arrival_time': 14640, 'day': 'current_day', 'from_stop_id': '11-4', 'to_stop_id': '117-4', 'trip_id': '7-0-19', 'agency_name': 'Unknown'}, {'duration': 30, 'departure_time': 14640, 'arrival_time': 14670, 'day': 'current_day', 'from_stop_id': '117-4', 'to_stop_id': '117-1', 'trip_id': 'walking', 'agency_name': 'Unknown'}, {'duration': 90, 'departure_time': 14670, 'arrival_time': 14760, 'day': 'current_day', 'from_stop_id': '117-1', 'to_stop_id': 'MH-L-1', 'trip_id': '1-0-19', 'agency_name': 'Unknown'}, {'duration': 450, 'departure_time': 14940, 'arrival_time': 15390, 'day': 'current_day', 'from_stop_id': 'MH-L-1', 'to_stop_id': '60-1', 'trip_id': '1-0-19', 'agency_name': 'Unknown'}]}"
29,97,10380,intra,left,55,[29],[86; 96],0,0,500,375,10380,10440.0,11910.0,11970.0,1470.0,0.0,29,86,4135.0,14515.0,pt,1965.0,12345.0,1965.0,"{'duration': 1470, 'source_transfer_time': 0, 'waiting_time': 150, 'trip_time': 1320, 'num_transfers': 0, 'departure_time': 10440, 'departure_day': 'current_day', 'arrival_time': 11910, 'arrival_day': 'current_day', 'steps': [{'duration': 1320, 'departure_time': 10590, 'arrival_time': 11910, 'day': 'current_day', 'from_stop_id': '29-5', 'to_stop_id': '86-5', 'trip_id': '8-0-13', 'agency_name': 'Unknown'}]}"
52,25,7350,intra,left,56,[60],[24; 36],500,375,500,375,7725,7785.0,9390.0,9450.0,1605.0,2.0,60,36,3007.0,10357.0,pt,2475.0,9825.0,2475.0,"{'duration': 1605, 'source_transfer_time': 0, 'waiting_time': 525, 'trip_time': 1080, 'num_transfers': 2, 'departure_time': 7785, 'departure_day': 'current_day', 'arrival_time': 9390, 'arrival_day': 'current_day', 'steps': [{'duration': 330, 'departure_time': 8310, 'arrival_time': 8640, 'day': 'current_day', 'from_stop_id': '60-1', 'to_stop_id': '118-1', 'trip_id': '1-1-9', 'agency_name': 'Unknown'}, {'duration': 30, 'departure_time': 8640, 'arrival_time': 8670, 'day': 'current_day', 'from_stop_id': '118-1', 'to_stop_id': '118-4', 'trip_id': 'walking', 'agency_name': 'Unknown'}, {'duration': 720, 'departure_time': 8670, 'arrival_time': 9390, 'day': 'current_day', 'from_stop_id': '118-4', 'to_stop_id': '36-4', 'trip_id': '7-1-9', 'agency_name': 'Unknown'}]}"
70,111,6810,intra,left,57,[60],[110],500,375,500,375,7185,7245.0,8910.0,8970.0,1665.0,2.0,60,110,2631.0,9441.0,pt,2535.0,9345.0,2535.0,"{'duration': 1665, 'source_transfer_time': 0, 'waiting_time': 465, 'trip_time': 1200, 'num_transfers': 2, 'departure_time': 7245, 'departure_day': 'current_day', 'arrival_time': 8910, 'arrival_day': 'current_day', 'steps': [{'duration': 450, 'departure_time': 7710, 'arrival_time': 8160, 'day': 'current_day', 'from_stop_id': '60-1', 'to_stop_id': 'MH-L-1', 'trip_id': '1-1-8', 'agency_name': 'Unknown'}, {'duration': 30, 'departure_time': 8160, 'arrival_time': 8190, 'day': 'current_day', 'from_stop_id': 'MH-L-1', 'to_stop_id': 'MH-L-2', 'trip_id': 'walking', 'agency_name': 'Unknown'}, {'duration': 570, 'departure_time': 8340, 'arrival_time': 8910, 'day': 'current_day', 'from_stop_id': 'MH-L-2', 'to_stop_id': '110-2', 'trip_id': '2-1-8', 'agency_name': 'Unknown'}]}"
28,85,4650,intra,left,58,[27; 29; 39],[85],500,375,0,0,5025,5085.0,6630.0,6690.0,1545.0,2.0,27,85,3759.0,8409.0,pt,2040.0,6690.0,2040.0,"{'duration': 1545, 'source_transfer_time': 0, 'waiting_time': 345, 'trip_time': 1200, 'num_transfers': 2, 'departure_time': 5085, 'departure_day': 'current_day', 'arrival_time': 6630, 'arrival_day': 'current_day', 'steps': [{'duration': 210, 'departure_time': 5430, 'arrival_time': 5640, 'day': 'current_day', 'from_stop_id': '27-2', 'to_stop_id': '116-2', 'trip_id': '2-1-4', 'agency_name': 'Unknown'}, {'duration': 30, 'departure_time': 5640, 'arrival_time': 5670, 'day': 'current_day', 'from_stop_id': '116-2', 'to_stop_id': '116-5', 'trip_id': 'walking', 'agency_name': 'Unknown'}, {'duration': 960, 'departure_time': 5670, 'arrival_time': 6630, 'day': 'current_day', 'from_stop_id': '116-5', 'to_stop_id': '85-5', 'trip_id': '8-0-4', 'agency_name': 'Unknown'}]}"
86,10,7350,intra,left,59,[86],[10],0,0,0,0,7350,7410.0,9510.0,9570.0,2100.0,0.0,86,10,5639.0,12989.0,pt,2220.0,9570.0,2220.0,"{'duration': 2100, 'source_transfer_time': 0, 'waiting_time': 180, 'trip_time': 1920, 'num_transfers': 0, 'departure_time': 7410, 'departure_day': 'current_day', 'arrival_time': 9510, 'arrival_day': 'current_day', 'steps': [{'duration': 1920, 'departure_time': 7590, 'arrival_time': 9510, 'day': 'current_day', 'from_stop_id': '86-5', 'to_stop_id': '10-5', 'trip_id': '8-1-8', 'agency_name': 'Unknown'}]}"
116,13,7500,intra,left,60,[116],[12; 24],0,0,500,375,7500,7560.0,9030.0,9090.0,1470.0,2.0,116,24,2255.0,9755.0,pt,1965.0,9465.0,1965.0,"{'duration': 1470, 'source_transfer_time': 0, 'waiting_time': 510, 'trip_time': 960, 'num_transfers': 2, 'departure_time': 7560, 'departure_day': 'current_day', 'arrival_time': 9030, 'arrival_day': 'current_day', 'steps': [{'duration': 90, 'departure_time': 8070, 'arrival_time': 8160, 'day': 'current_day', 'from_stop_id': '116-5', 'to_stop_id': 'MH-L-5', 'trip_id': '8-0-8', 'agency_name': 'Unknown'}, {'duration': 30, 'departure_time': 8160, 'arrival_time': 8190, 'day': 'current_day', 'from_stop_id': 'MH-L-5', 'to_stop_id': 'MH-L-4', 'trip_id': 'walking', 'agency_name': 'Unknown'}, {'duration': 690, 'departure_time': 8340, 'arrival_time': 9030, 'day': 'current_day', 'from_stop_id': 'MH-L-4', 'to_stop_id': '24-4', 'trip_id': '7-1-8', 'agency_name': 'Unknown'}]}"
30,92,6060,intra,left,61,[30],[92],0,0,0,0,6060,6120.0,7950.0,8010.0,1830.0,2.0,30,92,2631.0,8691.0,pt,1950.0,8010.0,1950.0,"{'duration': 1830, 'source_transfer_time': 0, 'waiting_time': 150, 'trip_time': 1680, 'num_transfers': 2, 'departure_time': 6120, 'departure_day': 'current_day', 'arrival_time': 7950, 'arrival_day': 'current_day', 'steps': [{'duration': 690, 'departure_time': 6270, 'arrival_time': 6960, 'day': 'current_day', 'from_stop_id': '30-5', 'to_stop_id': 'MH-L-5', 'trip_id': '8-0-6', 'agency_name': 'Unknown'}, {'duration': 30, 'departure_time': 6960, 'arrival_time': 6990, 'day': 'current_day', 'from_stop_id': 'MH-L-5', 'to_stop_id': 'MH-L-4', 'trip_id': 'walking', 'agency_name': 'Unknown'}, {'duration': 810, 'departure_time': 7140, 'arrival_time': 7950, 'day': 'current_day', 'from_stop_id': 'MH-L-4', 'to_stop_id': '92-4', 'trip_id': '7-0-6', 'agency_name': 'Unknown'}]}"
73,116,8640,intra,left,62,[55; 75; 85; 95],[116],1000,751,0,0,9391,9451.0,10230.0,10290.0,779.0,2.0,55,116,2631.0,11271.0,pt,1650.0,10290.0,1650.0,"{'duration': 779, 'source_transfer_time': 0, 'waiting_time': 59, 'trip_time': 720, 'num_transfers': 2, 'departure_time': 9451, 'departure_day': 'current_day', 'arrival_time': 10230, 'arrival_day': 'current_day', 'steps': [{'duration': 450, 'departure_time': 9510, 'arrival_time': 9960, 'day': 'current_day', 'from_stop_id': '55-1', 'to_stop_id': 'MH-L-1', 'trip_id': '1-0-11', 'agency_name': 'Unknown'}, {'duration': 30, 'departure_time': 9960, 'arrival_time': 9990, 'day': 'current_day', 'from_stop_id': 'MH-L-1', 'to_stop_id': 'MH-L-2', 'trip_id': 'walking', 'agency_name': 'Unknown'}, {'duration': 90, 'departure_time': 10140, 'arrival_time': 10230, 'day': 'current_day', 'from_stop_id': 'MH-L-2', 'to_stop_id': '116-2', 'trip_id': '2-0-11', 'agency_name': 'Unknown'}]}"
93,50,8910,intra,left,63,[92; 104],[40; 49; 58],500,375,500,375,9285,9345.0,10950.0,11010.0,1605.0,2.0,92,49,2631.0,11541.0,pt,2475.0,11385.0,2475.0,"{'duration': 1605, 'source_transfer_time': 0, 'waiting_time': 405, 'trip_time': 1200, 'num_transfers': 2, 'departure_time': 9345, 'departure_day': 'current_day', 'arrival_time': 10950, 'arrival_day': 'current_day', 'steps': [{'duration': 810, 'departure_time': 9750, 'arrival_time': 10560, 'day': 'current_day', 'from_stop_id': '92-4', 'to_stop_id': 'MH-L-4', 'trip_id': '7-1-12', 'agency_name': 'Unknown'}, {'duration': 30, 'departure_time': 10560, 'arrival_time': 10590, 'day': 'current_day', 'from_stop_id': 'MH-L-4', 'to_stop_id': 'MH-L-5', 'trip_id': 'walking', 'agency_name': 'Unknown'}, {'duration': 210, 'departure_time': 10740, 'arrival_time': 10950, 'day': 'current_day', 'from_stop_id': 'MH-L-5', 'to_stop_id': '49-5', 'trip_id': '8-1-12', 'agency_name': 'Unknown'}]}"
46,9,7500,intra,left,64,[35; 47; 56],[9],500,375,0,0,7875,7935.0,9990.0,10050.0,2055.0,2.0,35,9,4135.0,11635.0,pt,2550.0,10050.0,2550.0,"{'duration': 2055, 'source_transfer_time': 0, 'waiting_time': 255, 'trip_time': 1800, 'num_transfers': 2, 'departure_time': 7935, 'departure_day': 'current_day', 'arrival_time': 9990, 'arrival_day': 'current_day', 'steps': [{'duration': 570, 'departure_time': 8190, 'arrival_time': 8760, 'day': 'current_day', 'from_stop_id': '35-4', 'to_stop_id': 'MH-L-4', 'trip_id': '7-0-9', 'agency_name': 'Unknown'}, {'duration': 30, 'departure_time': 8760, 'arrival_time': 8790, 'day': 'current_day', 'from_stop_id': 'MH-L-4', 'to_stop_id': 'MH-L-5', 'trip_id': 'walking', 'agency_name': 'Unknown'}, {'duration': 1050, 'departure_time': 8940, 'arrival_time': 9990, 'day': 'current_day', 'from_stop_id': 'MH-L-5', 'to_stop_id': '9-5', 'trip_id': '8-1-9', 'agency_name': 'Unknown'}]}"
59,23,8520,intra,left,65,[59],[23],0,0,0,0,8520,8580.0,10350.0,10410.0,1770.0,2.0,59,23,3759.0,12279.0,pt,1890.0,10410.0,1890.0,"{'duration': 1770, 'source_transfer_time': 0, 'waiting_time': 450, 'trip_time': 1320, 'num_transfers': 2, 'departure_time': 8580, 'departure_day': 'current_day', 'arrival_time': 10350, 'arrival_day': 'current_day', 'steps': [{'duration': 210, 'departure_time': 9030, 'arrival_time': 9240, 'day': 'current_day', 'from_stop_id': '59-1', 'to_stop_id': '118-1', 'trip_id': '1-1-10', 'agency_name': 'Unknown'}, {'duration': 30, 'departure_time': 9240, 'arrival_time': 9270, 'day': 'current_day', 'from_stop_id': '118-1', 'to_stop_id': '118-4', 'trip_id': 'walking', 'agency_name': 'Unknown'}, {'duration': 1080, 'departure_time': 9270, 'arrival_time': 10350, 'day': 'current_day', 'from_stop_id': '118-4', 'to_stop_id': '23-4', 'trip_id': '7-1-10', 'agency_name': 'Unknown'}]}"
18,79,11490,intra,left,66,[19; 29],[79],500,375,0,0,11865,11925.0,13590.0,13650.0,1665.0,2.0,19,79,2255.0,13745.0,pt,2160.0,13650.0,2160.0,"{'duration': 1665, 'source_transfer_time': 0, 'waiting_time': 225, 'trip_time': 1440, 'num_transfers': 2, 'departure_time': 11925, 'departure_day': 'current_day', 'arrival_time': 13590, 'arrival_day': 'current_day', 'steps': [{'duration': 810, 'departure_time': 12150, 'arrival_time': 12960, 'day': 'current_day', 'from_stop_id': '19-5', 'to_stop_id': 'MH-L-5', 'trip_id': '8-0-16', 'agency_name': 'Unknown'}, {'duration': 30, 'departure_time': 12960, 'arrival_time': 12990, 'day': 'current_day', 'from_stop_id': 'MH-L-5', 'to_stop_id': 'MH-L-4', 'trip_id': 'walking', 'agency_name': 'Unknown'}, {'duration': 450, 'departure_time': 13140, 'arrival_time': 13590, 'day': 'current_day', 'from_stop_id': 'MH-L-4', 'to_stop_id': '79-4', 'trip_id': '7-0-16', 'agency_name': 'Unknown'}]}"
113,16,8880,intra,left,67,[91; 103; 115],[16],1000,751,0,0,9631,9691.0,11190.0,11250.0,1499.0,2.0,91,16,4511.0,13391.0,pt,2370.0,11250.0,2370.0,"{'duration': 1499, 'source_transfer_time': 0, 'waiting_time': 179, 'trip_time': 1320, 'num_transfers': 2, 'departure_time': 9691, 'departure_day': 'current_day', 'arrival_time': 11190, 'arrival_day': 'current_day', 'steps': [{'duration': 690, 'departure_time': 9870, 'arrival_time': 10560, 'day': 'current_day', 'from_stop_id': '91-4', 'to_stop_id': 'MH-L-4', 'trip_id': '7-1-12', 'agency_name': 'Unknown'}, {'duration': 30, 'departure_time': 10560, 'arrival_time': 10590, 'day': 'current_day', 'from_stop_id': 'MH-L-4', 'to_stop_id': 'MH-L-2', 'trip_id': 'walking', 'agency_name': 'Unknown'}, {'duration': 450, 'departure_time': 10740, 'arrival_time': 11190, 'day': 'current_day', 'from_stop_id': 'MH-L-2', 'to_stop_id': '16-2', 'trip_id': '2-0-12', 'agency_name': 'Unknown'}]}"
41,111,4080,intra,left,68,[30; 40],[110],500,375,500,375,4455,4515.0,5910.0,5970.0,1395.0,3.0,40,110,3383.0,7463.0,pt,2265.0,6345.0,2265.0,"{'duration': 1395, 'source_transfer_time': 0, 'waiting_time': 195, 'trip_time': 1200, 'num_transfers': 3, 'departure_time': 4515, 'departure_day': 'current_day', 'arrival_time': 5910, 'arrival_day': 'current_day', 'steps': [{'duration': 330, 'departure_time': 4710, 'arrival_time': 5040, 'day': 'current_day', 'from_stop_id': '40-5', 'to_stop_id': '116-5', 'trip_id': '8-0-3', 'agency_name': 'Unknown'}, {'duration': 30, 'departure_time': 5040, 'arrival_time': 5070, 'day': 'current_day', 'from_stop_id': '116-5', 'to_stop_id': '116-2', 'trip_id': 'walking', 'agency_name': 'Unknown'}, {'duration': 360, 'departure_time': 5070, 'arrival_time': 5430, 'day': 'current_day', 'from_stop_id': '116-2', 'to_stop_id': '119-2', 'trip_id': '2-1-3', 'agency_name': 'Unknown'}, {'duration': 450, 'departure_time': 5460, 'arrival_time': 5910, 'day': 'current_day', 'from_stop_id': '119-2', 'to_stop_id': '110-2', 'trip_id': '2-1-3', 'agency_name': 'Unknown'}]}"
67,3,4410,intra,left,69,[67],[5],0,0,1000,751,4410,4470.0,5910.0,5970.0,1440.0,2.0,67,5,3383.0,7793.0,pt,2311.0,6721.0,2311.0,"{'duration': 1440, 'source_transfer_time': 0, 'waiting_time': 480, 'trip_time': 960, 'num_transfers': 2, 'departure_time': 4470, 'departure_day': 'current_day', 'arrival_time': 5910, 'arrival_day': 'current_day', 'steps': [{'duration': 210, 'departure_time': 4950, 'arrival_time': 5160, 'day': 'current_day', 'from_stop_id': '67-4', 'to_stop_id': 'MH-L-4', 'trip_id': '7-1-3', 'agency_name': 'Unknown'}, {'duration': 30, 'departure_time': 5160, 'arrival_time': 5190, 'day': 'current_day', 'from_stop_id': 'MH-L-4', 'to_stop_id': 'MH-L-2', 'trip_id': 'walking', 'agency_name': 'Unknown'}, {'duration': 570, 'departure_time': 5340, 'arrival_time': 5910, 'day': 'current_day', 'from_stop_id': 'MH-L-2', 'to_stop_id': '5-2', 'trip_id': '2-0-3', 'agency_name': 'Unknown'}]}"
6,205,4950,inter,left,70,[5],[206; 216],500,375,500,375,5325,5385.0,9630.0,9690.0,4245.0,4.0,5,206,,,pt,5115.0,10065.0,5115.0,"{'duration': 4245, 'source_transfer_time': 0, 'waiting_time': 405, 'trip_time': 3840, 'num_transfers': 4, 'departure_time': 5385, 'departure_day': 'current_day', 'arrival_time': 9630, 'arrival_day': 'current_day', 'steps': [{'duration': 570, 'departure_time': 5790, 'arrival_time': 6360, 'day': 'current_day', 'from_stop_id': '5-2', 'to_stop_id': 'MH-L-2', 'trip_id': '2-1-5', 'agency_name': 'Unknown'}, {'duration': 30, 'departure_time': 6360, 'arrival_time': 6390, 'day': 'current_day', 'from_stop_id': 'MH-L-2', 'to_stop_id': 'MH-L-0', 'trip_id': 'walking', 'agency_name': 'Unknown'}, {'duration': 1500, 'departure_time': 7200, 'arrival_time': 8700, 'day': 'current_day', 'from_stop_id': 'MH-L-0', 'to_stop_id': 'MH-R-0', 'trip_id': '0-0-2', 'agency_name': 'Unknown'}, {'duration': 30, 'departure_time': 8700, 'arrival_time': 8730, 'day': 'current_day', 'from_stop_id': 'MH-R-0', 'to_stop_id': 'MH-R-5', 'trip_id': 'walking', 'agency_name': 'Unknown'}, {'duration': 690, 'departure_time': 8940, 'arrival_time': 9630, 'day': 'current_day', 'from_stop_id': 'MH-R-5', 'to_stop_id': '206-5', 'trip_id': '10-0-9', 'agency_name': 'Unknown'}]}"
94,129,5790,inter,left,71,[95; 105],[130; 140],500,375,500,375,6165,6225.0,11550.0,11610.0,5325.0,4.0,95,140,,,pt,6195.0,11985.0,6195.0,"{'duration': 5325, 'source_transfer_time': 0, 'waiting_time': 405, 'trip_time': 4920, 'num_transfers': 4, 'departure_time': 6225, 'departure_day': 'current_day', 'arrival_time': 11550, 'arrival_day': 'current_day', 'steps': [{'duration': 930, 'departure_time': 6630, 'arrival_time': 7560, 'day': 'current_day', 'from_stop_id': '95-5', 'to_stop_id': 'MH-L-5', 'trip_id': '8-1-7', 'agency_name': 'Unknown'}, {'duration': 30, 'departure_time': 7560, 'arrival_time': 7590, 'day': 'current_day', 'from_stop_id': 'MH-L-5', 'to_stop_id': 'MH-L-0', 'trip_id': 'walking', 'agency_name': 'Unknown'}, {'duration': 1500, 'departure_time': 9000, 'arrival_time': 10500, 'day': 'current_day', 'from_stop_id': 'MH-L-0', 'to_stop_id': 'MH-R-0', 'trip_id': '0-0-3', 'agency_name': 'Unknown'}, {'duration': 30, 'departure_time': 10500, 'arrival_time': 10530, 'day': 'current_day', 'from_stop_id': 'MH-R-0', 'to_stop_id': 'MH-R-5', 'trip_id': 'walking', 'agency_name': 'Unknown'}, {'duration': 810, 'departure_time': 10740, 'arrival_time': 11550, 'day': 'current_day', 'from_stop_id': 'MH-R-5', 'to_stop_id': '140-5', 'trip_id': '10-1-12', 'agency_name': 'Unknown'}]}"
78,201,13590,inter,left,72,[67; 77; 79],[201],500,375,0,0,13965,14025.0,18510.0,18570.0,4485.0,4.0,67,201,,,pt,4980.0,18570.0,4980.0,"{'duration': 4485, 'source_transfer_time': 0, 'waiting_time': 525, 'trip_time': 3960, 'num_transfers': 4, 'departure_time': 14025, 'departure_day': 'current_day', 'arrival_time': 18510, 'arrival_day': 'current_day', 'steps': [{'duration': 210, 'departure_time': 14550, 'arrival_time': 14760, 'day': 'current_day', 'from_stop_id': '67-4', 'to_stop_id': 'MH-L-4', 'trip_id': '7-1-19', 'agency_name': 'Unknown'}, {'duration': 30, 'departure_time': 14760, 'arrival_time': 14790, 'day': 'current_day', 'from_stop_id': 'MH-L-4', 'to_stop_id': 'MH-L-0', 'trip_id': 'walking', 'agency_name': 'Unknown'}, {'duration': 1500, 'departure_time': 16200, 'arrival_time': 17700, 'day': 'current_day', 'from_stop_id': 'MH-L-0', 'to_stop_id': 'MH-R-0', 'trip_id': '0-0-7', 'agency_name': 'Unknown'}, {'duration': 30, 'departure_time': 17700, 'arrival_time': 17730, 'day': 'current_day', 'from_stop_id': 'MH-R-0', 'to_stop_id': 'MH-R-4', 'trip_id': 'walking', 'agency_name': 'Unknown'}, {'duration': 570, 'departure_time': 17940, 'arrival_time': 18510, 'day': 'current_day', 'from_stop_id': 'MH-R-4', 'to_stop_id': '201-4', 'trip_id': '9-0-24', 'agency_name': 'Unknown'}]}"
14,189,6120,inter,left,73,[12; 16; 24; 36],[189],1000,751,0,0,6871,6931.0,11070.0,11130.0,4139.0,4.0,12,189,,,pt,5010.0,11130.0,5010.0,"{'duration': 4139, 'source_transfer_time': 0, 'waiting_time': 299, 'trip_time': 3840, 'num_transfers': 4, 'departure_time': 6931, 'departure_day': 'current_day', 'arrival_time': 11070, 'arrival_day': 'current_day', 'steps': [{'duration': 930, 'departure_time': 7230, 'arrival_time': 8160, 'day': 'current_day', 'from_stop_id': '12-4', 'to_stop_id': 'MH-L-4', 'trip_id': '7-0-8', 'agency_name': 'Unknown'}, {'duration': 30, 'departure_time': 8160, 'arrival_time': 8190, 'day': 'current_day', 'from_stop_id': 'MH-L-4', 'to_stop_id': 'MH-L-0', 'trip_id': 'walking', 'agency_name': 'Unknown'}, {'duration': 1500, 'departure_time': 9000, 'arrival_time': 10500, 'day': 'current_day', 'from_stop_id': 'MH-L-0', 'to_stop_id': 'MH-R-0', 'trip_id': '0-0-3', 'agency_name': 'Unknown'}, {'duration': 30, 'departure_time': 10500, 'arrival_time': 10530, 'day': 'current_day', 'from_stop_id': 'MH-R-0', 'to_stop_id': 'MH-R-4', 'trip_id': 'walking', 'agency_name': 'Unknown'}, {'duration': 330, 'departure_time': 10740, 'arrival_time': 11070, 'day': 'current_day', 'from_stop_id': 'MH-R-4', 'to_stop_id': '189-4', 'trip_id': '9-0-12', 'agency_name': 'Unknown'}]}"
75,201,7050,inter,left,74,[75],[201],0,0,0,0,7050,7110.0,11310.0,11370.0,4200.0,4.0,75,201,,,pt,4320.0,11370.0,4320.0,"{'duration': 4200, 'source_transfer_time': 0, 'waiting_time': 0, 'trip_time': 4200, 'num_transfers': 4, 'departure_time': 7110, 'departure_day': 'current_day', 'arrival_time': 11310, 'arrival_day': 'current_day', 'steps': [{'duration': 450, 'departure_time': 7110, 'arrival_time': 7560, 'day': 'current_day', 'from_stop_id': '75-5', 'to_stop_id': 'MH-L-5', 'trip_id': '8-1-7', 'agency_name': 'Unknown'}, {'duration': 30, 'departure_time': 7560, 'arrival_time': 7590, 'day': 'current_day', 'from_stop_id': 'MH-L-5', 'to_stop_id': 'MH-L-0', 'trip_id': 'walking', 'agency_name': 'Unknown'}, {'duration': 1500, 'departure_time': 9000, 'arrival_time': 10500, 'day': 'current_day', 'from_stop_id': 'MH-L-0', 'to_stop_id': 'MH-R-0', 'trip_id': '0-0-3', 'agency_name': 'Unknown'}, {'duration': 30, 'departure_time': 10500, 'arrival_time': 10530, 'day': 'current_day', 'from_stop_id': 'MH-R-0', 'to_stop_id': 'MH-R-4', 'trip_id': 'walking', 'agency_name': 'Unknown'}, {'duration': 570, 'departure_time': 10740, 'arrival_time': 11310, 'day': 'current_day', 'from_stop_id': 'MH-R-4', 'to_stop_id': '201-4', 'trip_id': '9-0-12', 'agency_name': 'Unknown'}]}"
91,180,12060,inter,left,75,[91],[180],0,0,0,0,12060,12120.0,16470.0,16530.0,4350.0,4.0,91,180,,,pt,4470.0,16530.0,4470.0,"{'duration': 4350, 'source_transfer_time': 0, 'waiting_time': 150, 'trip_time': 4200, 'num_transfers': 4, 'departure_time': 12120, 'departure_day': 'current_day', 'arrival_time': 16470, 'arrival_day': 'current_day', 'steps': [{'duration': 690, 'departure_time': 12270, 'arrival_time': 12960, 'day': 'current_day', 'from_stop_id': '91-4', 'to_stop_id': 'MH-L-4', 'trip_id': '7-1-16', 'agency_name': 'Unknown'}, {'duration': 30, 'departure_time': 12960, 'arrival_time': 12990, 'day': 'current_day', 'from_stop_id': 'MH-L-4', 'to_stop_id': 'MH-L-0', 'trip_id': 'walking', 'agency_name': 'Unknown'}, {'duration': 1500, 'departure_time': 14400, 'arrival_time': 15900, 'day': 'current_day', 'from_stop_id': 'MH-L-0', 'to_stop_id': 'MH-R-0', 'trip_id': '0-0-6', 'agency_name': 'Unknown'}, {'duration': 30, 'departure_time': 15900, 'arrival_time': 15930, 'day': 'current_day', 'from_stop_id': 'MH-R-0', 'to_stop_id': 'MH-R-1', 'trip_id': 'walking', 'agency_name': 'Unknown'}, {'duration': 330, 'departure_time': 16140, 'arrival_time': 16470, 'day': 'current_day', 'from_stop_id': 'MH-R-1', 'to_stop_id': '180-1', 'trip_id': '3-0-21', 'agency_name': 'Unknown'}]}"
40,143,3750,inter,left,76,[40],[132; 144],0,0,500,375,3750,3810.0,7950.0,8010.0,4140.0,4.0,40,144,,,pt,4635.0,8385.0,4635.0,"{'duration': 4140, 'source_transfer_time': 0, 'waiting_time': 300, 'trip_time': 3840, 'num_transfers': 4, 'departure_time': 3810, 'departure_day': 'current_day', 'arrival_time': 7950, 'arrival_day': 'current_day', 'steps': [{'duration': 450, 'departure_time': 4110, 'arrival_time': 4560, 'day': 'current_day', 'from_stop_id': '40-5', 'to_stop_id': 'MH-L-5', 'trip_id': '8-0-2', 'agency_name': 'Unknown'}, {'duration': 30, 'departure_time': 4560, 'arrival_time': 4590, 'day': 'current_day', 'from_stop_id': 'MH-L-5', 'to_stop_id': 'MH-L-0', 'trip_id': 'walking', 'agency_name': 'Unknown'}, {'duration': 1500, 'departure_time': 5400, 'arrival_time': 6900, 'day': 'current_day', 'from_stop_id': 'MH-L-0', 'to_stop_id': 'MH-R-0', 'trip_id': '0-0-1', 'agency_name': 'Unknown'}, {'duration': 30, 'departure_time': 6900, 'arrival_time': 6930, 'day': 'current_day', 'from_stop_id': 'MH-R-0', 'to_stop_id': 'MH-R-4', 'trip_id': 'walking', 'agency_name': 'Unknown'}, {'duration': 810, 'departure_time': 7140, 'arrival_time': 7950, 'day': 'current_day', 'from_stop_id': 'MH-R-4', 'to_stop_id': '144-4', 'trip_id': '9-1-6', 'agency_name': 'Unknown'}]}"
26,144,14100,inter,left,77,[27],[144],500,375,0,0,14475,14535.0,18750.0,18810.0,4215.0,4.0,27,144,,,pt,4710.0,18810.0,4710.0,"{'duration': 4215, 'source_transfer_time': 0, 'waiting_time': 495, 'trip_time': 3720, 'num_transfers': 4, 'departure_time': 14535, 'departure_day': 'current_day', 'arrival_time': 18750, 'arrival_day': 'current_day', 'steps': [{'duration': 330, 'departure_time': 15030, 'arrival_time': 15360, 'day': 'current_day', 'from_stop_id': '27-2', 'to_stop_id': 'MH-L-2', 'trip_id': '2-1-20', 'agency_name': 'Unknown'}, {'duration': 30, 'departure_time': 15360, 'arrival_time': 15390, 'day': 'current_day', 'from_stop_id': 'MH-L-2', 'to_stop_id': 'MH-L-0', 'trip_id': 'walking', 'agency_name': 'Unknown'}, {'duration': 1500, 'departure_time': 16200, 'arrival_time': 17700, 'day': 'current_day', 'from_stop_id': 'MH-L-0', 'to_stop_id': 'MH-R-0', 'trip_id': '0-0-7', 'agency_name': 'Unknown'}, {'duration': 30, 'departure_time': 17700, 'arrival_time': 17730, 'day': 'current_day', 'from_stop_id': 'MH-R-0', 'to_stop_id': 'MH-R-4', 'trip_id': 'walking', 'agency_name': 'Unknown'}, {'duration': 810, 'departure_time': 17940, 'arrival_time': 18750, 'day': 'current_day', 'from_stop_id': 'MH-R-4', 'to_stop_id': '144-4', 'trip_id': '9-1-24', 'agency_name': 'Unknown'}]}"
29,227,7620,inter,left,78,[29],[227],0,0,0,0,7620,7680.0,11790.0,11850.0,4110.0,4.0,29,227,,,pt,4230.0,11850.0,4230.0,"{'duration': 4110, 'source_transfer_time': 0, 'waiting_time': 510, 'trip_time': 3600, 'num_transfers': 4, 'departure_time': 7680, 'departure_day': 'current_day', 'arrival_time': 11790, 'arrival_day': 'current_day', 'steps': [{'duration': 570, 'departure_time': 8190, 'arrival_time': 8760, 'day': 'current_day', 'from_stop_id': '29-5', 'to_stop_id': 'MH-L-5', 'trip_id': '8-0-9', 'agency_name': 'Unknown'}, {'duration': 30, 'departure_time': 8760, 'arrival_time': 8790, 'day': 'current_day', 'from_stop_id': 'MH-L-5', 'to_stop_id': 'MH-L-0', 'trip_id': 'walking', 'agency_name': 'Unknown'}, {'duration': 1500, 'departure_time': 9000, 'arrival_time': 10500, 'day': 'current_day', 'from_stop_id': 'MH-L-0', 'to_stop_id': 'MH-R-0', 'trip_id': '0-0-3', 'agency_name': 'Unknown'}, {'duration': 30, 'departure_time': 10500, 'arrival_time': 10530, 'day': 'current_day', 'from_stop_id': 'MH-R-0', 'to_stop_id': 'MH-R-5', 'trip_id': 'walking', 'agency_name': 'Unknown'}, {'duration': 1050, 'departure_time': 10740, 'arrival_time': 11790, 'day': 'current_day', 'from_stop_id': 'MH-R-5', 'to_stop_id': '227-5', 'trip_id': '10-0-12', 'agency_name': 'Unknown'}]}"
46,235,7140,inter,left,79,[35; 47; 56],[224; 236],500,375,500,375,7515,7575.0,11670.0,11730.0,4095.0,4.0,35,224,,,pt,4965.0,12105.0,4965.0,"{'duration': 4095, 'source_transfer_time': 0, 'waiting_time': 15, 'trip_time': 4080, 'num_transfers': 4, 'departure_time': 7575, 'departure_day': 'current_day', 'arrival_time': 11670, 'arrival_day': 'current_day', 'steps': [{'duration': 570, 'departure_time': 7590, 'arrival_time': 8160, 'day': 'current_day', 'from_stop_id': '35-4', 'to_stop_id': 'MH-L-4', 'trip_id': '7-0-8', 'agency_name': 'Unknown'}, {'duration': 30, 'departure_time': 8160, 'arrival_time': 8190, 'day': 'current_day', 'from_stop_id': 'MH-L-4', 'to_stop_id': 'MH-L-0', 'trip_id': 'walking', 'agency_name': 'Unknown'}, {'duration': 1500, 'departure_time': 9000, 'arrival_time': 10500, 'day': 'current_day', 'from_stop_id': 'MH-L-0', 'to_stop_id': 'MH-R-0', 'trip_id': '0-0-3', 'agency_name': 'Unknown'}, {'duration': 30, 'departure_time': 10500, 'arrival_time': 10530, 'day': 'current_day', 'from_stop_id': 'MH-R-0', 'to_stop_id': 'MH-R-4', 'trip_id': 'walking', 'agency_name': 'Unknown'}, {'duration': 930, 'departure_time': 10740, 'arrival_time': 11670, 'day': 'current_day', 'from_stop_id': 'MH-R-4', 'to_stop_id': '224-4', 'trip_id': '9-0-12', 'agency_name': 'Unknown'}]}"
54,143,7110,inter,left,80,[54],[132; 144],0,0,500,375,7110,7170.0,11550.0,11610.0,4380.0,4.0,54,144,,,pt,4875.0,11985.0,4875.0,"{'duration': 4380, 'source_transfer_time': 0, 'waiting_time': 420, 'trip_time': 3960, 'num_transfers': 4, 'departure_time': 7170, 'departure_day': 'current_day', 'arrival_time': 11550, 'arrival_day': 'current_day', 'steps': [{'duration': 570, 'departure_time': 7590, 'arrival_time': 8160, 'day': 'current_day', 'from_stop_id': '54-1', 'to_stop_id': 'MH-L-1', 'trip_id': '1-0-8', 'agency_name': 'Unknown'}, {'duration': 30, 'departure_time': 8160, 'arrival_time': 8190, 'day': 'current_day', 'from_stop_id': 'MH-L-1', 'to_stop_id': 'MH-L-0', 'trip_id': 'walking', 'agency_name': 'Unknown'}, {'duration': 1500, 'departure_time': 9000, 'arrival_time': 10500, 'day': 'current_day', 'from_stop_id': 'MH-L-0', 'to_stop_id': 'MH-R-0', 'trip_id': '0-0-3', 'agency_name': 'Unknown'}, {'duration': 30, 'departure_time': 10500, 'arrival_time': 10530, 'day': 'current_day', 'from_stop_id': 'MH-R-0', 'to_stop_id': 'MH-R-4', 'trip_id': 'walking', 'agency_name': 'Unknown'}, {'duration': 810, 'departure_time': 10740, 'arrival_time': 11550, 'day': 'current_day', 'from_stop_id': 'MH-R-4', 'to_stop_id': '144-4', 'trip_id': '9-1-12', 'agency_name': 'Unknown'}]}"
108,221,9570,inter,left,81,[86; 96; 106; 110],[220],1000,751,500,375,10321,10381.0,14790.0,14850.0,4409.0,4.0,86,220,,,pt,5655.0,15225.0,5655.0,"{'duration': 4409, 'source_transfer_time': 0, 'waiting_time': 209, 'trip_time': 4200, 'num_transfers': 4, 'departure_time': 10381, 'departure_day': 'current_day', 'arrival_time': 14790, 'arrival_day': 'current_day', 'steps': [{'duration': 570, 'departure_time': 10590, 'arrival_time': 11160, 'day': 'current_day', 'from_stop_id': '86-5', 'to_stop_id': 'MH-L-5', 'trip_id': '8-1-13', 'agency_name': 'Unknown'}, {'duration': 30, 'departure_time': 11160, 'arrival_time': 11190, 'day': 'current_day', 'from_stop_id': 'MH-L-5', 'to_stop_id': 'MH-L-0', 'trip_id': 'walking', 'agency_name': 'Unknown'}, {'duration': 1500, 'departure_time': 12600, 'arrival_time': 14100, 'day': 'current_day', 'from_stop_id': 'MH-L-0', 'to_stop_id': 'MH-R-0', 'trip_id': '0-0-5', 'agency_name': 'Unknown'}, {'duration': 30, 'departure_time': 14100, 'arrival_time': 14130, 'day': 'current_day', 'from_stop_id': 'MH-R-0', 'to_stop_id': 'MH-R-2', 'trip_id': 'walking', 'agency_name': 'Unknown'}, {'duration': 450, 'departure_time': 14340, 'arrival_time': 14790, 'day': 'current_day', 'from_stop_id': 'MH-R-2', 'to_stop_id': '220-2', 'trip_id': '4-1-18', 'agency_name': 'Unknown'}]}"
12,170,12960,inter,left,82,[12],[170],0,0,0,0,12960,13020.0,16350.0,16410.0,3330.0,4.0,12,170,,,pt,3450.0,16410.0,3450.0,"{'duration': 3330, 'source_transfer_time': 0, 'waiting_time': 210, 'trip_time': 3120, 'num_transfers': 4, 'departure_time': 13020, 'departure_day': 'current_day', 'arrival_time': 16350, 'arrival_day': 'current_day', 'steps': [{'duration': 930, 'departure_time': 13230, 'arrival_time': 14160, 'day': 'current_day', 'from_stop_id': '12-4', 'to_stop_id': 'MH-L-4', 'trip_id': '7-0-18', 'agency_name': 'Unknown'}, {'duration': 30, 'departure_time': 14160, 'arrival_time': 14190, 'day': 'current_day', 'from_stop_id': 'MH-L-4', 'to_stop_id': 'MH-L-0', 'trip_id': 'walking', 'agency_name': 'Unknown'}, {'duration': 1500, 'departure_time': 14400, 'arrival_time': 15900, 'day': 'current_day', 'from_stop_id': 'MH-L-0', 'to_stop_id': 'MH-R-0', 'trip_id': '0-0-6', 'agency_name': 'Unknown'}, {'duration': 30, 'departure_time': 15900, 'arrival_time': 15930, 'day': 'current_day', 'from_stop_id': 'MH-R-0', 'to_stop_id': 'MH-R-5', 'trip_id': 'walking', 'agency_name': 'Unknown'}, {'duration': 210, 'departure_time': 16140, 'arrival_time': 16350, 'day': 'current_day', 'from_stop_id': 'MH-R-5', 'to_stop_id': '170-5', 'trip_id': '10-1-21', 'agency_name': 'Unknown'}]}"
104,191,9090,inter,left,83,[104],[181],0,0,500,375,9090,9150.0,12990.0,13050.0,3840.0,4.0,104,181,,,pt,4335.0,13425.0,4335.0,"{'duration': 3840, 'source_transfer_time': 0, 'waiting_time': 360, 'trip_time': 3480, 'num_transfers': 4, 'departure_time': 9150, 'departure_day': 'current_day', 'arrival_time': 12990, 'arrival_day': 'current_day', 'steps': [{'duration': 1050, 'departure_time': 9510, 'arrival_time': 10560, 'day': 'current_day', 'from_stop_id': '104-4', 'to_stop_id': 'MH-L-4', 'trip_id': '7-1-12', 'agency_name': 'Unknown'}, {'duration': 30, 'departure_time': 10560, 'arrival_time': 10590, 'day': 'current_day', 'from_stop_id': 'MH-L-4', 'to_stop_id': 'MH-L-0', 'trip_id': 'walking', 'agency_name': 'Unknown'}, {'duration': 1500, 'departure_time': 10800, 'arrival_time': 12300, 'day': 'current_day', 'from_stop_id': 'MH-L-0', 'to_stop_id': 'MH-R-0', 'trip_id': '0-0-4', 'agency_name': 'Unknown'}, {'duration': 30, 'departure_time': 12300, 'arrival_time': 12330, 'day': 'current_day', 'from_stop_id': 'MH-R-0', 'to_stop_id': 'MH-R-1', 'trip_id': 'walking', 'agency_name': 'Unknown'}, {'duration': 450, 'departure_time': 12540, 'arrival_time': 12990, 'day': 'current_day', 'from_stop_id': 'MH-R-1', 'to_stop_id': '181-1', 'trip_id': '3-0-15', 'agency_name': 'Unknown'}]}"
100,190,7530,inter,left,84,[99],[180; 189; 201],500,375,500,375,7905,7965.0,11070.0,11130.0,3105.0,4.0,99,180,,,pt,3975.0,11505.0,3975.0,"{'duration': 3105, 'source_transfer_time': 0, 'waiting_time': 345, 'trip_time': 2760, 'num_transfers': 4, 'departure_time': 7965, 'departure_day': 'current_day', 'arrival_time': 11070, 'arrival_day': 'current_day', 'steps': [{'duration': 450, 'departure_time': 8310, 'arrival_time': 8760, 'day': 'current_day', 'from_stop_id': '99-2', 'to_stop_id': 'MH-L-2', 'trip_id': '2-0-9', 'agency_name': 'Unknown'}, {'duration': 30, 'departure_time': 8760, 'arrival_time': 8790, 'day': 'current_day', 'from_stop_id': 'MH-L-2', 'to_stop_id': 'MH-L-0', 'trip_id': 'walking', 'agency_name': 'Unknown'}, {'duration': 1500, 'departure_time': 9000, 'arrival_time': 10500, 'day': 'current_day', 'from_stop_id': 'MH-L-0', 'to_stop_id': 'MH-R-0', 'trip_id': '0-0-3', 'agency_name': 'Unknown'}, {'duration': 30, 'departure_time': 10500, 'arrival_time': 10530, 'day': 'current_day', 'from_stop_id': 'MH-R-0', 'to_stop_id': 'MH-R-1', 'trip_id': 'walking', 'agency_name': 'Unknown'}, {'duration': 330, 'departure_time': 10740, 'arrival_time': 11070, 'day': 'current_day', 'from_stop_id': 'MH-R-1', 'to_stop_id': '180-1', 'trip_id': '3-0-12', 'agency_name': 'Unknown'}]}"
63,175,10320,inter,left,85,[55],[175],500,375,0,0,10695,10755.0,14910.0,14970.0,4155.0,4.0,55,175,,,pt,4650.0,14970.0,4650.0,"{'duration': 4155, 'source_transfer_time': 0, 'waiting_time': 555, 'trip_time': 3600, 'num_transfers': 4, 'departure_time': 10755, 'departure_day': 'current_day', 'arrival_time': 14910, 'arrival_day': 'current_day', 'steps': [{'duration': 450, 'departure_time': 11310, 'arrival_time': 11760, 'day': 'current_day', 'from_stop_id': '55-1', 'to_stop_id': 'MH-L-1', 'trip_id': '1-0-14', 'agency_name': 'Unknown'}, {'duration': 30, 'departure_time': 11760, 'arrival_time': 11790, 'day': 'current_day', 'from_stop_id': 'MH-L-1', 'to_stop_id': 'MH-L-0', 'trip_id': 'walking', 'agency_name': 'Unknown'}, {'duration': 1500, 'departure_time': 12600, 'arrival_time': 14100, 'day': 'current_day', 'from_stop_id': 'MH-L-0', 'to_stop_id': 'MH-R-0', 'trip_id': '0-0-5', 'agency_name': 'Unknown'}, {'duration': 30, 'departure_time': 14100, 'arrival_time': 14130, 'day': 'current_day', 'from_stop_id': 'MH-R-0', 'to_stop_id': 'MH-R-1', 'trip_id': 'walking', 'agency_name': 'Unknown'}, {'duration': 570, 'departure_time': 14340, 'arrival_time': 14910, 'day': 'current_day', 'from_stop_id': 'MH-R-1', 'to_stop_id': '175-1', 'trip_id': '3-1-18', 'agency_name': 'Unknown'}]}"
92,156,7920,inter,left,86,[92],[156],0,0,0,0,7920,7980.0,13110.0,13170.0,5130.0,4.0,92,156,,,pt,5250.0,13170.0,5250.0,"{'duration': 5130, 'source_transfer_time': 0, 'waiting_time': 570, 'trip_time': 4560, 'num_transfers': 4, 'departure_time': 7980, 'departure_day': 'current_day', 'arrival_time': 13110, 'arrival_day': 'current_day', 'steps': [{'duration': 810, 'departure_time': 8550, 'arrival_time': 9360, 'day': 'current_day', 'from_stop_id': '92-4', 'to_stop_id': 'MH-L-4', 'trip_id': '7-1-10', 'agency_name': 'Unknown'}, {'duration': 30, 'departure_time': 9360, 'arrival_time': 9390, 'day': 'current_day', 'from_stop_id': 'MH-L-4', 'to_stop_id': 'MH-L-0', 'trip_id': 'walking', 'agency_name': 'Unknown'}, {'duration': 1500, 'departure_time': 10800, 'arrival_time': 12300, 'day': 'current_day', 'from_stop_id': 'MH-L-0', 'to_stop_id': 'MH-R-0', 'trip_id': '0-0-4', 'agency_name': 'Unknown'}, {'duration': 30, 'departure_time': 12300, 'arrival_time': 12330, 'day': 'current_day', 'from_stop_id': 'MH-R-0', 'to_stop_id': 'MH-R-4', 'trip_id': 'walking', 'agency_name': 'Unknown'}, {'duration': 570, 'departure_time': 12540, 'arrival_time': 13110, 'day': 'current_day', 'from_stop_id': 'MH-R-4', 'to_stop_id': '156-4', 'trip_id': '9-1-15', 'agency_name': 'Unknown'}]}"
12,211,9540,inter,left,87,[12],[200; 212],0,0,500,375,9540,9600.0,12990.0,13050.0,3390.0,4.0,12,200,,,pt,3885.0,13425.0,3885.0,"{'duration': 3390, 'source_transfer_time': 0, 'waiting_time': 30, 'trip_time': 3360, 'num_transfers': 4, 'departure_time': 9600, 'departure_day': 'current_day', 'arrival_time': 12990, 'arrival_day': 'current_day', 'steps': [{'duration': 930, 'departure_time': 9630, 'arrival_time': 10560, 'day': 'current_day', 'from_stop_id': '12-4', 'to_stop_id': 'MH-L-4', 'trip_id': '7-0-12', 'agency_name': 'Unknown'}, {'duration': 30, 'departure_time': 10560, 'arrival_time': 10590, 'day': 'current_day', 'from_stop_id': 'MH-L-4', 'to_stop_id': 'MH-L-0', 'trip_id': 'walking', 'agency_name': 'Unknown'}, {'duration': 1500, 'departure_time': 10800, 'arrival_time': 12300, 'day': 'current_day', 'from_stop_id': 'MH-L-0', 'to_stop_id': 'MH-R-0', 'trip_id': '0-0-4', 'agency_name': 'Unknown'}, {'duration': 30, 'departure_time': 12300, 'arrival_time': 12330, 'day': 'current_day', 'from_stop_id': 'MH-R-0', 'to_stop_id': 'MH-R-4', 'trip_id': 'walking', 'agency_name': 'Unknown'}, {'duration': 450, 'departure_time': 12540, 'arrival_time': 12990, 'day': 'current_day', 'from_stop_id': 'MH-R-4', 'to_stop_id': '200-4', 'trip_id': '9-0-15', 'agency_name': 'Unknown'}]}"
78,144,8160,inter,left,88,[67; 77; 79],[144],500,375,0,0,8535,8595.0,13350.0,13410.0,4755.0,4.0,67,144,,,pt,5250.0,13410.0,5250.0,"{'duration': 4755, 'source_transfer_time': 0, 'waiting_time': 555, 'trip_time': 4200, 'num_transfers': 4, 'departure_time': 8595, 'departure_day': 'current_day', 'arrival_time': 13350, 'arrival_day': 'current_day', 'steps': [{'duration': 210, 'departure_time': 9150, 'arrival_time': 9360, 'day': 'current_day', 'from_stop_id': '67-4', 'to_stop_id': 'MH-L-4', 'trip_id': '7-1-10', 'agency_name': 'Unknown'}, {'duration': 30, 'departure_time': 9360, 'arrival_time': 9390, 'day': 'current_day', 'from_stop_id': 'MH-L-4', 'to_stop_id': 'MH-L-0', 'trip_id': 'walking', 'agency_name': 'Unknown'}, {'duration': 1500, 'departure_time': 10800, 'arrival_time': 12300, 'day': 'current_day', 'from_stop_id': 'MH-L-0', 'to_stop_id': 'MH-R-0', 'trip_id': '0-0-4', 'agency_name': 'Unknown'}, {'duration': 30, 'departure_time': 12300, 'arrival_time': 12330, 'day': 'current_day', 'from_stop_id': 'MH-R-0', 'to_stop_id': 'MH-R-4', 'trip_id': 'walking', 'agency_name': 'Unknown'}, {'duration': 810, 'departure_time': 12540, 'arrival_time': 13350, 'day': 'current_day', 'from_stop_id': 'MH-R-4', 'to_stop_id': '144-4', 'trip_id': '9-1-15', 'agency_name': 'Unknown'}]}"
25,172,8280,inter,left,89,[24; 36],[180],500,375,500,375,8655,8715.0,12870.0,12930.0,4155.0,4.0,24,180,,,pt,5025.0,13305.0,5025.0,"{'duration': 4155, 'source_transfer_time': 0, 'waiting_time': 555, 'trip_time': 3600, 'num_transfers': 4, 'departure_time': 8715, 'departure_day': 'current_day', 'arrival_time': 12870, 'arrival_day': 'current_day', 'steps': [{'duration': 690, 'departure_time': 9270, 'arrival_time': 9960, 'day': 'current_day', 'from_stop_id': '24-4', 'to_stop_id': 'MH-L-4', 'trip_id': '7-0-11', 'agency_name': 'Unknown'}, {'duration': 30, 'departure_time': 9960, 'arrival_time': 9990, 'day': 'current_day', 'from_stop_id': 'MH-L-4', 'to_stop_id': 'MH-L-0', 'trip_id': 'walking', 'agency_name': 'Unknown'}, {'duration': 1500, 'departure_time': 10800, 'arrival_time': 12300, 'day': 'current_day', 'from_stop_id': 'MH-L-0', 'to_stop_id': 'MH-R-0', 'trip_id': '0-0-4', 'agency_name': 'Unknown'}, {'duration': 30, 'departure_time': 12300, 'arrival_time': 12330, 'day': 'current_day', 'from_stop_id': 'MH-R-0', 'to_stop_id': 'MH-R-1', 'trip_id': 'walking', 'agency_name': 'Unknown'}, {'duration': 330, 'departure_time': 12540, 'arrival_time': 12870, 'day': 'current_day', 'from_stop_id': 'MH-R-1', 'to_stop_id': '180-1', 'trip_id': '3-0-15', 'agency_name': 'Unknown'}]}"
49,184,9540,inter,left,90,[49],[176],0,0,500,375,9540,9600.0,12990.0,13050.0,3390.0,4.0,49,176,,,pt,3885.0,13425.0,3885.0,"{'duration': 3390, 'source_transfer_time': 0, 'waiting_time': 150, 'trip_time': 3240, 'num_transfers': 4, 'departure_time': 9600, 'departure_day': 'current_day', 'arrival_time': 12990, 'arrival_day': 'current_day', 'steps': [{'duration': 210, 'departure_time': 9750, 'arrival_time': 9960, 'day': 'current_day', 'from_stop_id': '49-5', 'to_stop_id': 'MH-L-5', 'trip_id': '8-0-11', 'agency_name': 'Unknown'}, {'duration': 30, 'departure_time': 9960, 'arrival_time': 9990, 'day': 'current_day', 'from_stop_id': 'MH-L-5', 'to_stop_id': 'MH-L-0', 'trip_id': 'walking', 'agency_name': 'Unknown'}, {'duration': 1500, 'departure_time': 10800, 'arrival_time': 12300, 'day': 'current_day', 'from_stop_id': 'MH-L-0', 'to_stop_id': 'MH-R-0', 'trip_id': '0-0-4', 'agency_name': 'Unknown'}, {'duration': 30, 'departure_time': 12300, 'arrival_time': 12330, 'day': 'current_day', 'from_stop_id': 'MH-R-0', 'to_stop_id': 'MH-R-1', 'trip_id': 'walking', 'agency_name': 'Unknown'}, {'duration': 450, 'departure_time': 12540, 'arrival_time': 12990, 'day': 'current_day', 'from_stop_id': 'MH-R-1', 'to_stop_id': '176-1', 'trip_id': '3-1-15', 'agency_name': 'Unknown'}]}"
100,161,9990,inter,left,91,[99],[161],500,375,0,0,10365,10425.0,14790.0,14850.0,4365.0,4.0,99,161,,,pt,4860.0,14850.0,4860.0,"{'duration': 4365, 'source_transfer_time': 0, 'waiting_time': 285, 'trip_time': 4080, 'num_transfers': 4, 'departure_time': 10425, 'departure_day': 'current_day', 'arrival_time': 14790, 'arrival_day': 'current_day', 'steps': [{'duration': 450, 'departure_time': 10710, 'arrival_time': 11160, 'day': 'current_day', 'from_stop_id': '99-2', 'to_stop_id': 'MH-L-2', 'trip_id': '2-0-13', 'agency_name': 'Unknown'}, {'duration': 30, 'departure_time': 11160, 'arrival_time': 11190, 'day': 'current_day', 'from_stop_id': 'MH-L-2', 'to_stop_id': 'MH-L-0', 'trip_id': 'walking', 'agency_name': 'Unknown'}, {'duration': 1500, 'departure_time': 12600, 'arrival_time': 14100, 'day': 'current_day', 'from_stop_id': 'MH-L-0', 'to_stop_id': 'MH-R-0', 'trip_id': '0-0-5', 'agency_name': 'Unknown'}, {'duration': 30, 'departure_time': 14100, 'arrival_time': 14130, 'day': 'current_day', 'from_stop_id': 'MH-R-0', 'to_stop_id': 'MH-R-5', 'trip_id': 'walking', 'agency_name': 'Unknown'}, {'duration': 450, 'departure_time': 14340, 'arrival_time': 14790, 'day': 'current_day', 'from_stop_id': 'MH-R-5', 'to_stop_id': '161-5', 'trip_id': '10-1-18', 'agency_name': 'Unknown'}]}"
83,212,12330,inter,left,92,[85; 95; 105],[212],1000,751,0,0,13081,13141.0,16830.0,16890.0,3689.0,4.0,85,212,,,pt,4560.0,16890.0,4560.0,"{'duration': 3689, 'source_transfer_time': 0, 'waiting_time': 329, 'trip_time': 3360, 'num_transfers': 4, 'departure_time': 13141, 'departure_day': 'current_day', 'arrival_time': 16830, 'arrival_day': 'current_day', 'steps': [{'duration': 690, 'departure_time': 13470, 'arrival_time': 14160, 'day': 'current_day', 'from_stop_id': '85-5', 'to_stop_id': 'MH-L-5', 'trip_id': '8-1-18', 'agency_name': 'Unknown'}, {'duration': 30, 'departure_time': 14160, 'arrival_time': 14190, 'day': 'current_day', 'from_stop_id': 'MH-L-5', 'to_stop_id': 'MH-L-0', 'trip_id': 'walking', 'agency_name': 'Unknown'}, {'duration': 1500, 'departure_time': 14400, 'arrival_time': 15900, 'day': 'current_day', 'from_stop_id': 'MH-L-0', 'to_stop_id': 'MH-R-0', 'trip_id': '0-0-6', 'agency_name': 'Unknown'}, {'duration': 30, 'departure_time': 15900, 'arrival_time': 15930, 'day': 'current_day', 'from_stop_id': 'MH-R-0', 'to_stop_id': 'MH-R-4', 'trip_id': 'walking', 'agency_name': 'Unknown'}, {'duration': 690, 'departure_time': 16140, 'arrival_time': 16830, 'day': 'current_day', 'from_stop_id': 'MH-R-4', 'to_stop_id': '212-4', 'trip_id': '9-0-21', 'agency_name': 'Unknown'}]}"
7,172,7860,inter,left,93,[5; 9; 19; 29],[180],1000,751,500,375,8611,8671.0,12870.0,12930.0,4199.0,4.0,5,180,,,pt,5445.0,13305.0,5445.0,"{'duration': 4199, 'source_transfer_time': 0, 'waiting_time': 119, 'trip_time': 4080, 'num_transfers': 4, 'departure_time': 8671, 'departure_day': 'current_day', 'arrival_time': 12870, 'arrival_day': 'current_day', 'steps': [{'duration': 570, 'departure_time': 8790, 'arrival_time': 9360, 'day': 'current_day', 'from_stop_id': '5-2', 'to_stop_id': 'MH-L-2', 'trip_id': '2-1-10', 'agency_name': 'Unknown'}, {'duration': 30, 'departure_time': 9360, 'arrival_time': 9390, 'day': 'current_day', 'from_stop_id': 'MH-L-2', 'to_stop_id': 'MH-L-0', 'trip_id': 'walking', 'agency_name': 'Unknown'}, {'duration': 1500, 'departure_time': 10800, 'arrival_time': 12300, 'day': 'current_day', 'from_stop_id': 'MH-L-0', 'to_stop_id': 'MH-R-0', 'trip_id': '0-0-4', 'agency_name': 'Unknown'}, {'duration': 30, 'departure_time': 12300, 'arrival_time': 12330, 'day': 'current_day', 'from_stop_id': 'MH-R-0', 'to_stop_id': 'MH-R-1', 'trip_id': 'walking', 'agency_name': 'Unknown'}, {'duration': 330, 'departure_time': 12540, 'arrival_time': 12870, 'day': 'current_day', 'from_stop_id': 'MH-R-1', 'to_stop_id': '180-1', 'trip_id': '3-0-15', 'agency_name': 'Unknown'}]}"
29,202,8730,inter,left,94,[29],[201; 213],0,0,500,375,8730,8790.0,13110.0,13170.0,4320.0,4.0,29,201,,,pt,4815.0,13545.0,4815.0,"{'duration': 4320, 'source_transfer_time': 0, 'waiting_time': 0, 'trip_time': 4320, 'num_transfers': 4, 'departure_time': 8790, 'departure_day': 'current_day', 'arrival_time': 13110, 'arrival_day': 'current_day', 'steps': [{'duration': 570, 'departure_time': 8790, 'arrival_time': 9360, 'day': 'current_day', 'from_stop_id': '29-5', 'to_stop_id': 'MH-L-5', 'trip_id': '8-0-10', 'agency_name': 'Unknown'}, {'duration': 30, 'departure_time': 9360, 'arrival_time': 9390, 'day': 'current_day', 'from_stop_id': 'MH-L-5', 'to_stop_id': 'MH-L-0', 'trip_id': 'walking', 'agency_name': 'Unknown'}, {'duration': 1500, 'departure_time': 10800, 'arrival_time': 12300, 'day': 'current_day', 'from_stop_id': 'MH-L-0', 'to_stop_id': 'MH-R-0', 'trip_id': '0-0-4', 'agency_name': 'Unknown'}, {'duration': 30, 'departure_time': 12300, 'arrival_time': 12330, 'day': 'current_day', 'from_stop_id': 'MH-R-0', 'to_stop_id': 'MH-R-4', 'trip_id': 'walking', 'agency_name': 'Unknown'}, {'duration': 570, 'departure_time': 12540, 'arrival_time': 13110, 'day': 'current_day', 'from_stop_id': 'MH-R-4', 'to_stop_id': '201-4', 'trip_id': '9-0-15', 'agency_name': 'Unknown'}]}"
113,137,3630,inter,left,95,[91; 103; 115],[137],1000,751,0,0,4381,4441.0,7590.0,7650.0,3149.0,4.0,91,137,,,pt,4020.0,7650.0,4020.0,"{'duration': 3149, 'source_transfer_time': 0, 'waiting_time': 29, 'trip_time': 3120, 'num_transfers': 4, 'departure_time': 4441, 'departure_day': 'current_day', 'arrival_time': 7590, 'arrival_day': 'current_day', 'steps': [{'duration': 690, 'departure_time': 4470, 'arrival_time': 5160, 'day': 'current_day', 'from_stop_id': '91-4', 'to_stop_id': 'MH-L-4', 'trip_id': '7-1-3', 'agency_name': 'Unknown'}, {'duration': 30, 'departure_time': 5160, 'arrival_time': 5190, 'day': 'current_day', 'from_stop_id': 'MH-L-4', 'to_stop_id': 'MH-L-0', 'trip_id': 'walking', 'agency_name': 'Unknown'}, {'duration': 1500, 'departure_time': 5400, 'arrival_time': 6900, 'day': 'current_day', 'from_stop_id': 'MH-L-0', 'to_stop_id': 'MH-R-0', 'trip_id': '0-0-1', 'agency_name': 'Unknown'}, {'duration': 30, 'departure_time': 6900, 'arrival_time': 6930, 'day': 'current_day', 'from_stop_id': 'MH-R-0', 'to_stop_id': 'MH-R-2', 'trip_id': 'walking', 'agency_name': 'Unknown'}, {'duration': 450, 'departure_time': 7140, 'arrival_time': 7590, 'day': 'current_day', 'from_stop_id': 'MH-R-2', 'to_stop_id': '137-2', 'trip_id': '4-0-6', 'agency_name': 'Unknown'}]}"
15,235,5970,inter,left,96,[16],[224; 236],500,375,500,375,6345,6405.0,9870.0,9930.0,3465.0,4.0,16,224,,,pt,4335.0,10305.0,4335.0,"{'duration': 3465, 'source_transfer_time': 0, 'waiting_time': 105, 'trip_time': 3360, 'num_transfers': 4, 'departure_time': 6405, 'departure_day': 'current_day', 'arrival_time': 9870, 'arrival_day': 'current_day', 'steps': [{'duration': 450, 'departure_time': 6510, 'arrival_time': 6960, 'day': 'current_day', 'from_stop_id': '16-2', 'to_stop_id': 'MH-L-2', 'trip_id': '2-1-6', 'agency_name': 'Unknown'}, {'duration': 30, 'departure_time': 6960, 'arrival_time': 6990, 'day': 'current_day', 'from_stop_id': 'MH-L-2', 'to_stop_id': 'MH-L-0', 'trip_id': 'walking', 'agency_name': 'Unknown'}, {'duration': 1500, 'departure_time': 7200, 'arrival_time': 8700, 'day': 'current_day', 'from_stop_id': 'MH-L-0', 'to_stop_id': 'MH-R-0', 'trip_id': '0-0-2', 'agency_name': 'Unknown'}, {'duration': 30, 'departure_time': 8700, 'arrival_time': 8730, 'day': 'current_day', 'from_stop_id': 'MH-R-0', 'to_stop_id': 'MH-R-4', 'trip_id': 'walking', 'agency_name': 'Unknown'}, {'duration': 930, 'departure_time': 8940, 'arrival_time': 9870, 'day': 'current_day', 'from_stop_id': 'MH-R-4', 'to_stop_id': '224-4', 'trip_id': '9-0-9', 'agency_name': 'Unknown'}]}"
48,194,10800,inter,left,97,[48],[176; 196; 206; 216],0,0,1000,751,10800,10860.0,14790.0,14850.0,3930.0,4.0,48,176,,,pt,4801.0,15601.0,4801.0,"{'duration': 3930, 'source_transfer_time': 0, 'waiting_time': 90, 'trip_time': 3840, 'num_transfers': 4, 'departure_time': 10860, 'departure_day': 'current_day', 'arrival_time': 14790, 'arrival_day': 'current_day', 'steps': [{'duration': 210, 'departure_time': 10950, 'arrival_time': 11160, 'day': 'current_day', 'from_stop_id': '48-4', 'to_stop_id': 'MH-L-4', 'trip_id': '7-0-13', 'agency_name': 'Unknown'}, {'duration': 30, 'departure_time': 11160, 'arrival_time': 11190, 'day': 'current_day', 'from_stop_id': 'MH-L-4', 'to_stop_id': 'MH-L-0', 'trip_id': 'walking', 'agency_name': 'Unknown'}, {'duration': 1500, 'departure_time': 12600, 'arrival_time': 14100, 'day': 'current_day', 'from_stop_id': 'MH-L-0', 'to_stop_id': 'MH-R-0', 'trip_id': '0-0-5', 'agency_name': 'Unknown'}, {'duration': 30, 'departure_time': 14100, 'arrival_time': 14130, 'day': 'current_day', 'from_stop_id': 'MH-R-0', 'to_stop_id': 'MH-R-1', 'trip_id': 'walking', 'agency_name': 'Unknown'}, {'duration': 450, 'departure_time': 14340, 'arrival_time': 14790, 'day': 'current_day', 'from_stop_id': 'MH-R-1', 'to_stop_id': '176-1', 'trip_id': '3-1-18', 'agency_name': 'Unknown'}]}"
104,159,9780,inter,left,98,[104],[159],0,0,0,0,9780,9840.0,14550.0,14610.0,4710.0,4.0,104,159,,,pt,4830.0,14610.0,4830.0,"{'duration': 4710, 'source_transfer_time': 0, 'waiting_time': 270, 'trip_time': 4440, 'num_transfers': 4, 'departure_time': 9840, 'departure_day': 'current_day', 'arrival_time': 14550, 'arrival_day': 'current_day', 'steps': [{'duration': 1050, 'departure_time': 10110, 'arrival_time': 11160, 'day': 'current_day', 'from_stop_id': '104-4', 'to_stop_id': 'MH-L-4', 'trip_id': '7-1-13', 'agency_name': 'Unknown'}, {'duration': 30, 'departure_time': 11160, 'arrival_time': 11190, 'day': 'current_day', 'from_stop_id': 'MH-L-4', 'to_stop_id': 'MH-L-0', 'trip_id': 'walking', 'agency_name': 'Unknown'}, {'duration': 1500, 'departure_time': 12600, 'arrival_time': 14100, 'day': 'current_day', 'from_stop_id': 'MH-L-0', 'to_stop_id': 'MH-R-0', 'trip_id': '0-0-5', 'agency_name': 'Unknown'}, {'duration': 30, 'departure_time': 14100, 'arrival_time': 14130, 'day': 'current_day', 'from_stop_id': 'MH-R-0', 'to_stop_id': 'MH-R-2', 'trip_id': 'walking', 'agency_name': 'Unknown'}, {'duration': 210, 'departure_time': 14340, 'arrival_time': 14550, 'day': 'current_day', 'from_stop_id': 'MH-R-2', 'to_stop_id': '159-2', 'trip_id': '4-0-18', 'agency_name': 'Unknown'}]}"
70,158,12060,inter,left,99,[60],[157; 159; 169],500,375,500,375,12435,12495.0,16350.0,16410.0,3855.0,4.0,60,159,,,pt,4725.0,16785.0,4725.0,"{'duration': 3855, 'source_transfer_time': 0, 'waiting_time': 15, 'trip_time': 3840, 'num_transfers': 4, 'departure_time': 12495, 'departure_day': 'current_day', 'arrival_time': 16350, 'arrival_day': 'current_day', 'steps': [{'duration': 450, 'departure_time': 12510, 'arrival_time': 12960, 'day': 'current_day', 'from_stop_id': '60-1', 'to_stop_id': 'MH-L-1', 'trip_id': '1-1-16', 'agency_name': 'Unknown'}, {'duration': 30, 'departure_time': 12960, 'arrival_time': 12990, 'day': 'current_day', 'from_stop_id': 'MH-L-1', 'to_stop_id': 'MH-L-0', 'trip_id': 'walking', 'agency_name': 'Unknown'}, {'duration': 1500, 'departure_time': 14400, 'arrival_time': 15900, 'day': 'current_day', 'from_stop_id': 'MH-L-0', 'to_stop_id': 'MH-R-0', 'trip_id': '0-0-6', 'agency_name': 'Unknown'}, {'duration': 30, 'departure_time': 15900, 'arrival_time': 15930, 'day': 'current_day', 'from_stop_id': 'MH-R-0', 'to_stop_id': 'MH-R-2', 'trip_id': 'walking', 'agency_name': 'Unknown'}, {'duration': 210, 'departure_time': 16140, 'arrival_time': 16350, 'day': 'current_day', 'from_stop_id': 'MH-R-2', 'to_stop_id': '159-2', 'trip_id': '4-0-21', 'agency_name': 'Unknown'}]}"
30,215,3930,inter,left,100,[30],[216; 226],0,0,500,375,3930,3990.0,8070.0,8130.0,4080.0,4.0,30,216,,,pt,4575.0,8505.0,4575.0,"{'duration': 4080, 'source_transfer_time': 0, 'waiting_time': 480, 'trip_time': 3600, 'num_transfers': 4, 'departure_time': 3990, 'departure_day': 'current_day', 'arrival_time': 8070, 'arrival_day': 'current_day', 'steps': [{'duration': 690, 'departure_time': 4470, 'arrival_time': 5160, 'day': 'current_day', 'from_stop_id': '30-5', 'to_stop_id': 'MH-L-5', 'trip_id': '8-0-3', 'agency_name': 'Unknown'}, {'duration': 30, 'departure_time': 5160, 'arrival_time': 5190, 'day': 'current_day', 'from_stop_id': 'MH-L-5', 'to_stop_id': 'MH-L-0', 'trip_id': 'walking', 'agency_name': 'Unknown'}, {'duration': 1500, 'departure_time': 5400, 'arrival_time': 6900, 'day': 'current_day', 'from_stop_id': 'MH-L-0', 'to_stop_id': 'MH-R-0', 'trip_id': '0-0-1', 'agency_name': 'Unknown'}, {'duration': 30, 'departure_time': 6900, 'arrival_time': 6930, 'day': 'current_day', 'from_stop_id': 'MH-R-0', 'to_stop_id': 'MH-R-5', 'trip_id': 'walking', 'agency_name': 'Unknown'}, {'duration': 930, 'departure_time': 7140, 'arrival_time': 8070, 'day': 'current_day', 'from_stop_id': 'MH-R-5', 'to_stop_id': '216-5', 'trip_id': '10-0-6', 'agency_name': 'Unknown'}]}"
7,156,13800,inter,left,101,[5; 9; 19; 29],[156],1000,751,0,0,14551,14611.0,18510.0,18570.0,3899.0,4.0,5,156,,,pt,4770.0,18570.0,4770.0,"{'duration': 3899, 'source_transfer_time': 0, 'waiting_time': 179, 'trip_time': 3720, 'num_transfers': 4, 'departure_time': 14611, 'departure_day': 'current_day', 'arrival_time': 18510, 'arrival_day': 'current_day', 'steps': [{'duration': 570, 'departure_time': 14790, 'arrival_time': 15360, 'day': 'current_day', 'from_stop_id': '5-2', 'to_stop_id': 'MH-L-2', 'trip_id': '2-1-20', 'agency_name': 'Unknown'}, {'duration': 30, 'departure_time': 15360, 'arrival_time': 15390, 'day': 'current_day', 'from_stop_id': 'MH-L-2', 'to_stop_id': 'MH-L-0', 'trip_id': 'walking', 'agency_name': 'Unknown'}, {'duration': 1500, 'departure_time': 16200, 'arrival_time': 17700, 'day': 'current_day', 'from_stop_id': 'MH-L-0', 'to_stop_id': 'MH-R-0', 'trip_id': '0-0-7', 'agency_name': 'Unknown'}, {'duration': 30, 'departure_time': 17700, 'arrival_time': 17730, 'day': 'current_day', 'from_stop_id': 'MH-R-0', 'to_stop_id': 'MH-R-4', 'trip_id': 'walking', 'agency_name': 'Unknown'}, {'duration': 570, 'departure_time': 17940, 'arrival_time': 18510, 'day': 'current_day', 'from_stop_id': 'MH-R-4', 'to_stop_id': '156-4', 'trip_id': '9-1-24', 'agency_name': 'Unknown'}]}"
82,164,3960,inter,left,102,[61; 80; 92; 104],[182],1000,751,1000,751,4711,4771.0,9510.0,9570.0,4739.0,4.0,61,182,,,pt,6361.0,10321.0,6361.0,"{'duration': 4739, 'source_transfer_time': 0, 'waiting_time': 419, 'trip_time': 4320, 'num_transfers': 4, 'departure_time': 4771, 'departure_day': 'current_day', 'arrival_time': 9510, 'arrival_day': 'current_day', 'steps': [{'duration': 570, 'departure_time': 5190, 'arrival_time': 5760, 'day': 'current_day', 'from_stop_id': '61-1', 'to_stop_id': 'MH-L-1', 'trip_id': '1-1-4', 'agency_name': 'Unknown'}, {'duration': 30, 'departure_time': 5760, 'arrival_time': 5790, 'day': 'current_day', 'from_stop_id': 'MH-L-1', 'to_stop_id': 'MH-L-0', 'trip_id': 'walking', 'agency_name': 'Unknown'}, {'duration': 1500, 'departure_time': 7200, 'arrival_time': 8700, 'day': 'current_day', 'from_stop_id': 'MH-L-0', 'to_stop_id': 'MH-R-0', 'trip_id': '0-0-2', 'agency_name': 'Unknown'}, {'duration': 30, 'departure_time': 8700, 'arrival_time': 8730, 'day': 'current_day', 'from_stop_id': 'MH-R-0', 'to_stop_id': 'MH-R-1', 'trip_id': 'walking', 'agency_name': 'Unknown'}, {'duration': 570, 'departure_time': 8940, 'arrival_time': 9510, 'day': 'current_day', 'from_stop_id': 'MH-R-1', 'to_stop_id': '182-1', 'trip_id': '3-0-9', 'agency_name': 'Unknown'}]}"
32,129,6150,inter,left,103,[10; 20; 30],[130; 140],1000,751,500,375,6901,6961.0,11550.0,11610.0,4589.0,4.0,10,140,,,pt,5835.0,11985.0,5835.0,"{'duration': 4589, 'source_transfer_time': 0, 'waiting_time': 29, 'trip_time': 4560, 'num_transfers': 4, 'departure_time': 6961, 'departure_day': 'current_day', 'arrival_time': 11550, 'arrival_day': 'current_day', 'steps': [{'duration': 1170, 'departure_time': 6990, 'arrival_time': 8160, 'day': 'current_day', 'from_stop_id': '10-5', 'to_stop_id': 'MH-L-5', 'trip_id': '8-0-8', 'agency_name': 'Unknown'}, {'duration': 30, 'departure_time': 8160, 'arrival_time': 8190, 'day': 'current_day', 'from_stop_id': 'MH-L-5', 'to_stop_id': 'MH-L-0', 'trip_id': 'walking', 'agency_name': 'Unknown'}, {'duration': 1500, 'departure_time': 9000, 'arrival_time': 10500, 'day': 'current_day', 'from_stop_id': 'MH-L-0', 'to_stop_id': 'MH-R-0', 'trip_id': '0-0-3', 'agency_name': 'Unknown'}, {'duration': 30, 'departure_time': 10500, 'arrival_time': 10530, 'day': 'current_day', 'from_stop_id': 'MH-R-0', 'to_stop_id': 'MH-R-5', 'trip_id': 'walking', 'agency_name': 'Unknown'}, {'duration': 810, 'departure_time': 10740, 'arrival_time': 11550, 'day': 'current_day', 'from_stop_id': 'MH-R-5', 'to_stop_id': '140-5', 'trip_id': '10-1-12', 'agency_name': 'Unknown'}]}"
104,166,9780,inter,left,104,[104],[176],0,0,500,375,9780,9840.0,14790.0,14850.0,4950.0,4.0,104,176,,,pt,5445.0,15225.0,5445.0,"{'duration': 4950, 'source_transfer_time': 0, 'waiting_time': 270, 'trip_time': 4680, 'num_transfers': 4, 'departure_time': 9840, 'departure_day': 'current_day', 'arrival_time': 14790, 'arrival_day': 'current_day', 'steps': [{'duration': 1050, 'departure_time': 10110, 'arrival_time': 11160, 'day': 'current_day', 'from_stop_id': '104-4', 'to_stop_id': 'MH-L-4', 'trip_id': '7-1-13', 'agency_name': 'Unknown'}, {'duration': 30, 'departure_time': 11160, 'arrival_time': 11190, 'day': 'current_day', 'from_stop_id': 'MH-L-4', 'to_stop_id': 'MH-L-0', 'trip_id': 'walking', 'agency_name': 'Unknown'}, {'duration': 1500, 'departure_time': 12600, 'arrival_time': 14100, 'day': 'current_day', 'from_stop_id': 'MH-L-0', 'to_stop_id': 'MH-R-0', 'trip_id': '0-0-5', 'agency_name': 'Unknown'}, {'duration': 30, 'departure_time': 14100, 'arrival_time': 14130, 'day': 'current_day', 'from_stop_id': 'MH-R-0', 'to_stop_id': 'MH-R-1', 'trip_id': 'walking', 'agency_name': 'Unknown'}, {'duration': 450, 'departure_time': 14340, 'arrival_time': 14790, 'day': 'current_day', 'from_stop_id': 'MH-R-1', 'to_stop_id': '176-1', 'trip_id': '3-1-18', 'agency_name': 'Unknown'}]}"
42,173,10860,inter,left,105,[20; 30; 40; 60],[181],1000,751,500,375,11611,11671.0,14790.0,14850.0,3119.0,4.0,40,181,,,pt,4365.0,15225.0,4365.0,"{'duration': 3119, 'source_transfer_time': 0, 'waiting_time': 239, 'trip_time': 2880, 'num_transfers': 4, 'departure_time': 11671, 'departure_day': 'current_day', 'arrival_time': 14790, 'arrival_day': 'current_day', 'steps': [{'duration': 450, 'departure_time': 11910, 'arrival_time': 12360, 'day': 'current_day', 'from_stop_id': '40-5', 'to_stop_id': 'MH-L-5', 'trip_id': '8-0-15', 'agency_name': 'Unknown'}, {'duration': 30, 'departure_time': 12360, 'arrival_time': 12390, 'day': 'current_day', 'from_stop_id': 'MH-L-5', 'to_stop_id': 'MH-L-0', 'trip_id': 'walking', 'agency_name': 'Unknown'}, {'duration': 1500, 'departure_time': 12600, 'arrival_time': 14100, 'day': 'current_day', 'from_stop_id': 'MH-L-0', 'to_stop_id': 'MH-R-0', 'trip_id': '0-0-5', 'agency_name': 'Unknown'}, {'duration': 30, 'departure_time': 14100, 'arrival_time': 14130, 'day': 'current_day', 'from_stop_id': 'MH-R-0', 'to_stop_id': 'MH-R-1', 'trip_id': 'walking', 'agency_name': 'Unknown'}, {'duration': 450, 'departure_time': 14340, 'arrival_time': 14790, 'day': 'current_day', 'from_stop_id': 'MH-R-1', 'to_stop_id': '181-1', 'trip_id': '3-0-18', 'agency_name': 'Unknown'}]}"
14,234,10920,inter,left,106,[12; 16; 24; 36],[212; 224; 236],1000,751,1000,751,11671,11731.0,15030.0,15090.0,3299.0,4.0,16,212,,,pt,4921.0,15841.0,4921.0,"{'duration': 3299, 'source_transfer_time': 0, 'waiting_time': 179, 'trip_time': 3120, 'num_transfers': 4, 'departure_time': 11731, 'departure_day': 'current_day', 'arrival_time': 15030, 'arrival_day': 'current_day', 'steps': [{'duration': 450, 'departure_time': 11910, 'arrival_time': 12360, 'day': 'current_day', 'from_stop_id': '16-2', 'to_stop_id': 'MH-L-2', 'trip_id': '2-1-15', 'agency_name': 'Unknown'}, {'duration': 30, 'departure_time': 12360, 'arrival_time': 12390, 'day': 'current_day', 'from_stop_id': 'MH-L-2', 'to_stop_id': 'MH-L-0', 'trip_id': 'walking', 'agency_name': 'Unknown'}, {'duration': 1500, 'departure_time': 12600, 'arrival_time': 14100, 'day': 'current_day', 'from_stop_id': 'MH-L-0', 'to_stop_id': 'MH-R-0', 'trip_id': '0-0-5', 'agency_name': 'Unknown'}, {'duration': 30, 'departure_time': 14100, 'arrival_time': 14130, 'day': 'current_day', 'from_stop_id': 'MH-R-0', 'to_stop_id': 'MH-R-4', 'trip_id': 'walking', 'agency_name': 'Unknown'}, {'duration': 690, 'departure_time': 14340, 'arrival_time': 15030, 'day': 'current_day', 'from_stop_id': 'MH-R-4', 'to_stop_id': '212-4', 'trip_id': '9-0-18', 'agency_name': 'Unknown'}]}"
101,179,4170,inter,left,107,[79; 91; 99; 103],[179],1000,751,0,0,4921,4981.0,9150.0,9210.0,4169.0,4.0,79,179,,,pt,5040.0,9210.0,5040.0,"{'duration': 4169, 'source_transfer_time': 0, 'waiting_time': 329, 'trip_time': 3840, 'num_transfers': 4, 'departure_time': 4981, 'departure_day': 'current_day', 'arrival_time': 9150, 'arrival_day': 'current_day', 'steps': [{'duration': 450, 'departure_time': 5310, 'arrival_time': 5760, 'day': 'current_day', 'from_stop_id': '79-4', 'to_stop_id': 'MH-L-4', 'trip_id': '7-1-4', 'agency_name': 'Unknown'}, {'duration': 30, 'departure_time': 5760, 'arrival_time': 5790, 'day': 'current_day', 'from_stop_id': 'MH-L-4', 'to_stop_id': 'MH-L-0', 'trip_id': 'walking', 'agency_name': 'Unknown'}, {'duration': 1500, 'departure_time': 7200, 'arrival_time': 8700, 'day': 'current_day', 'from_stop_id': 'MH-L-0', 'to_stop_id': 'MH-R-0', 'trip_id': '0-0-2', 'agency_name': 'Unknown'}, {'duration': 30, 'departure_time': 8700, 'arrival_time': 8730, 'day': 'current_day', 'from_stop_id': 'MH-R-0', 'to_stop_id': 'MH-R-1', 'trip_id': 'walking', 'agency_name': 'Unknown'}, {'duration': 210, 'departure_time': 8940, 'arrival_time': 9150, 'day': 'current_day', 'from_stop_id': 'MH-R-1', 'to_stop_id': '179-1', 'trip_id': '3-0-9', 'agency_name': 'Unknown'}]}"
88,137,10860,inter,left,108,[88],[137],0,0,0,0,10860,10920.0,14790.0,14850.0,3870.0,4.0,88,137,,,pt,3990.0,14850.0,3990.0,"{'duration': 3870, 'source_transfer_time': 0, 'waiting_time': 510, 'trip_time': 3360, 'num_transfers': 4, 'departure_time': 10920, 'departure_day': 'current_day', 'arrival_time': 14790, 'arrival_day': 'current_day', 'steps': [{'duration': 330, 'departure_time': 11430, 'arrival_time': 11760, 'day': 'current_day', 'from_stop_id': '88-2', 'to_stop_id': 'MH-L-2', 'trip_id': '2-0-14', 'agency_name': 'Unknown'}, {'duration': 30, 'departure_time': 11760, 'arrival_time': 11790, 'day': 'current_day', 'from_stop_id': 'MH-L-2', 'to_stop_id': 'MH-L-0', 'trip_id': 'walking', 'agency_name': 'Unknown'}, {'duration': 1500, 'departure_time': 12600, 'arrival_time': 14100, 'day': 'current_day', 'from_stop_id': 'MH-L-0', 'to_stop_id': 'MH-R-0', 'trip_id': '0-0-5', 'agency_name': 'Unknown'}, {'duration': 30, 'departure_time': 14100, 'arrival_time': 14130, 'day': 'current_day', 'from_stop_id': 'MH-R-0', 'to_stop_id': 'MH-R-2', 'trip_id': 'walking', 'agency_name': 'Unknown'}, {'duration': 450, 'departure_time': 14340, 'arrival_time': 14790, 'day': 'current_day', 'from_stop_id': 'MH-R-2', 'to_stop_id': '137-2', 'trip_id': '4-0-18', 'agency_name': 'Unknown'}]}"
34,181,7140,inter,left,109,[23; 35],[181],500,375,0,0,7515,7575.0,11190.0,11250.0,3615.0,4.0,23,181,,,pt,4110.0,11250.0,4110.0,"{'duration': 3615, 'source_transfer_time': 0, 'waiting_time': 375, 'trip_time': 3240, 'num_transfers': 4, 'departure_time': 7575, 'departure_day': 'current_day', 'arrival_time': 11190, 'arrival_day': 'current_day', 'steps': [{'duration': 810, 'departure_time': 7950, 'arrival_time': 8760, 'day': 'current_day', 'from_stop_id': '23-4', 'to_stop_id': 'MH-L-4', 'trip_id': '7-0-9', 'agency_name': 'Unknown'}, {'duration': 30, 'departure_time': 8760, 'arrival_time': 8790, 'day': 'current_day', 'from_stop_id': 'MH-L-4', 'to_stop_id': 'MH-L-0', 'trip_id': 'walking', 'agency_name': 'Unknown'}, {'duration': 1500, 'departure_time': 9000, 'arrival_time': 10500, 'day': 'current_day', 'from_stop_id': 'MH-L-0', 'to_stop_id': 'MH-R-0', 'trip_id': '0-0-3', 'agency_name': 'Unknown'}, {'duration': 30, 'departure_time': 10500, 'arrival_time': 10530, 'day': 'current_day', 'from_stop_id': 'MH-R-0', 'to_stop_id': 'MH-R-1', 'trip_id': 'walking', 'agency_name': 'Unknown'}, {'duration': 450, 'departure_time': 10740, 'arrival_time': 11190, 'day': 'current_day', 'from_stop_id': 'MH-R-1', 'to_stop_id': '181-1', 'trip_id': '3-0-12', 'agency_name': 'Unknown'}]}"
12,189,5430,inter,left,110,[12],[189],0,0,0,0,5430,5490.0,9270.0,9330.0,3780.0,4.0,12,189,,,pt,3900.0,9330.0,3900.0,"{'duration': 3780, 'source_transfer_time': 0, 'waiting_time': 540, 'trip_time': 3240, 'num_transfers': 4, 'departure_time': 5490, 'departure_day': 'current_day', 'arrival_time': 9270, 'arrival_day': 'current_day', 'steps': [{'duration': 930, 'departure_time': 6030, 'arrival_time': 6960, 'day': 'current_day', 'from_stop_id': '12-4', 'to_stop_id': 'MH-L-4', 'trip_id': '7-0-6', 'agency_name': 'Unknown'}, {'duration': 30, 'departure_time': 6960, 'arrival_time': 6990, 'day': 'current_day', 'from_stop_id': 'MH-L-4', 'to_stop_id': 'MH-L-0', 'trip_id': 'walking', 'agency_name': 'Unknown'}, {'duration': 1500, 'departure_time': 7200, 'arrival_time': 8700, 'day': 'current_day', 'from_stop_id': 'MH-L-0', 'to_stop_id': 'MH-R-0', 'trip_id': '0-0-2', 'agency_name': 'Unknown'}, {'duration': 30, 'departure_time': 8700, 'arrival_time': 8730, 'day': 'current_day', 'from_stop_id': 'MH-R-0', 'to_stop_id': 'MH-R-4', 'trip_id': 'walking', 'agency_name': 'Unknown'}, {'duration': 330, 'departure_time': 8940, 'arrival_time': 9270, 'day': 'current_day', 'from_stop_id': 'MH-R-4', 'to_stop_id': '189-4', 'trip_id': '9-0-9', 'agency_name': 'Unknown'}]}"
94,175,6180,inter,left,111,[95; 105],[175],500,375,0,0,6555,6615.0,11310.0,11370.0,4695.0,4.0,95,175,,,pt,5190.0,11370.0,5190.0,"{'duration': 4695, 'source_transfer_time': 0, 'waiting_time': 15, 'trip_time': 4680, 'num_transfers': 4, 'departure_time': 6615, 'departure_day': 'current_day', 'arrival_time': 11310, 'arrival_day': 'current_day', 'steps': [{'duration': 930, 'departure_time': 6630, 'arrival_time': 7560, 'day': 'current_day', 'from_stop_id': '95-5', 'to_stop_id': 'MH-L-5', 'trip_id': '8-1-7', 'agency_name': 'Unknown'}, {'duration': 30, 'departure_time': 7560, 'arrival_time': 7590, 'day': 'current_day', 'from_stop_id': 'MH-L-5', 'to_stop_id': 'MH-L-0', 'trip_id': 'walking', 'agency_name': 'Unknown'}, {'duration': 1500, 'departure_time': 9000, 'arrival_time': 10500, 'day': 'current_day', 'from_stop_id': 'MH-L-0', 'to_stop_id': 'MH-R-0', 'trip_id': '0-0-3', 'agency_name': 'Unknown'}, {'duration': 30, 'departure_time': 10500, 'arrival_time': 10530, 'day': 'current_day', 'from_stop_id': 'MH-R-0', 'to_stop_id': 'MH-R-1', 'trip_id': 'walking', 'agency_name': 'Unknown'}, {'duration': 570, 'departure_time': 10740, 'arrival_time': 11310, 'day': 'current_day', 'from_stop_id': 'MH-R-1', 'to_stop_id': '175-1', 'trip_id': '3-1-12', 'agency_name': 'Unknown'}]}"
9,225,9690,inter,left,112,[9],[225],0,0,0,0,9690,9750.0,15390.0,15450.0,5640.0,4.0,9,225,,,pt,5760.0,15450.0,5760.0,"{'duration': 5640, 'source_transfer_time': 0, 'waiting_time': 360, 'trip_time': 5280, 'num_transfers': 4, 'departure_time': 9750, 'departure_day': 'current_day', 'arrival_time': 15390, 'arrival_day': 'current_day', 'steps': [{'duration': 1050, 'departure_time': 10110, 'arrival_time': 11160, 'day': 'current_day', 'from_stop_id': '9-5', 'to_stop_id': 'MH-L-5', 'trip_id': '8-0-13', 'agency_name': 'Unknown'}, {'duration': 30, 'departure_time': 11160, 'arrival_time': 11190, 'day': 'current_day', 'from_stop_id': 'MH-L-5', 'to_stop_id': 'MH-L-0', 'trip_id': 'walking', 'agency_name': 'Unknown'}, {'duration': 1500, 'departure_time': 12600, 'arrival_time': 14100, 'day': 'current_day', 'from_stop_id': 'MH-L-0', 'to_stop_id': 'MH-R-0', 'trip_id': '0-0-5', 'agency_name': 'Unknown'}, {'duration': 30, 'departure_time': 14100, 'arrival_time': 14130, 'day': 'current_day', 'from_stop_id': 'MH-R-0', 'to_stop_id': 'MH-R-4', 'trip_id': 'walking', 'agency_name': 'Unknown'}, {'duration': 1050, 'departure_time': 14340, 'arrival_time': 15390, 'day': 'current_day', 'from_stop_id': 'MH-R-4', 'to_stop_id': '225-4', 'trip_id': '9-0-18', 'agency_name': 'Unknown'}]}"
20,131,9810,inter,left,113,[20],[131],0,0,0,0,9810,9870.0,15510.0,15570.0,5640.0,4.0,20,131,,,pt,5760.0,15570.0,5760.0,"{'duration': 5640, 'source_transfer_time': 0, 'waiting_time': 360, 'trip_time': 5280, 'num_transfers': 4, 'departure_time': 9870, 'departure_day': 'current_day', 'arrival_time': 15510, 'arrival_day': 'current_day', 'steps': [{'duration': 930, 'departure_time': 10230, 'arrival_time': 11160, 'day': 'current_day', 'from_stop_id': '20-5', 'to_stop_id': 'MH-L-5', 'trip_id': '8-0-13', 'agency_name': 'Unknown'}, {'duration': 30, 'departure_time': 11160, 'arrival_time': 11190, 'day': 'current_day', 'from_stop_id': 'MH-L-5', 'to_stop_id': 'MH-L-0', 'trip_id': 'walking', 'agency_name': 'Unknown'}, {'duration': 1500, 'departure_time': 12600, 'arrival_time': 14100, 'day': 'current_day', 'from_stop_id': 'MH-L-0', 'to_stop_id': 'MH-R-0', 'trip_id': '0-0-5', 'agency_name': 'Unknown'}, {'duration': 30, 'departure_time': 14100, 'arrival_time': 14130, 'day': 'current_day', 'from_stop_id': 'MH-R-0', 'to_stop_id': 'MH-R-5', 'trip_id': 'walking', 'agency_name': 'Unknown'}, {'duration': 1170, 'departure_time': 14340, 'arrival_time': 15510, 'day': 'current_day', 'from_stop_id': 'MH-R-5', 'to_stop_id': '131-5', 'trip_id': '10-1-18', 'agency_name': 'Unknown'}]}"
51,141,12630,inter,left,114,[59],[141],500,375,0,0,13005,13065.0,17070.0,17130.0,4005.0,4.0,59,141,,,pt,4500.0,17130.0,4500.0,"{'duration': 4005, 'source_transfer_time': 0, 'waiting_time': 165, 'trip_time': 3840, 'num_transfers': 4, 'departure_time': 13065, 'departure_day': 'current_day', 'arrival_time': 17070, 'arrival_day': 'current_day', 'steps': [{'duration': 330, 'departure_time': 13230, 'arrival_time': 13560, 'day': 'current_day', 'from_stop_id': '59-1', 'to_stop_id': 'MH-L-1', 'trip_id': '1-1-17', 'agency_name': 'Unknown'}, {'duration': 30, 'departure_time': 13560, 'arrival_time': 13590, 'day': 'current_day', 'from_stop_id': 'MH-L-1', 'to_stop_id': 'MH-L-0', 'trip_id': 'walking', 'agency_name': 'Unknown'}, {'duration': 1500, 'departure_time': 14400, 'arrival_time': 15900, 'day': 'current_day', 'from_stop_id': 'MH-L-0', 'to_stop_id': 'MH-R-0', 'trip_id': '0-0-6', 'agency_name': 'Unknown'}, {'duration': 30, 'departure_time': 15900, 'arrival_time': 15930, 'day': 'current_day', 'from_stop_id': 'MH-R-0', 'to_stop_id': 'MH-R-5', 'trip_id': 'walking', 'agency_name': 'Unknown'}, {'duration': 930, 'departure_time': 16140, 'arrival_time': 17070, 'day': 'current_day', 'from_stop_id': 'MH-R-5', 'to_stop_id': '141-5', 'trip_id': '10-1-21', 'agency_name': 'Unknown'}]}"
35,175,11460,inter,left,115,[35],[175],0,0,0,0,11460,11520.0,14910.0,14970.0,3390.0,4.0,35,175,,,pt,3510.0,14970.0,3510.0,"{'duration': 3390, 'source_transfer_time': 0, 'waiting_time': 270, 'trip_time': 3120, 'num_transfers': 4, 'departure_time': 11520, 'departure_day': 'current_day', 'arrival_time': 14910, 'arrival_day': 'current_day', 'steps': [{'duration': 570, 'departure_time': 11790, 'arrival_time': 12360, 'day': 'current_day', 'from_stop_id': '35-4', 'to_stop_id': 'MH-L-4', 'trip_id': '7-0-15', 'agency_name': 'Unknown'}, {'duration': 30, 'departure_time': 12360, 'arrival_time': 12390, 'day': 'current_day', 'from_stop_id': 'MH-L-4', 'to_stop_id': 'MH-L-0', 'trip_id': 'walking', 'agency_name': 'Unknown'}, {'duration': 1500, 'departure_time': 12600, 'arrival_time': 14100, 'day': 'current_day', 'from_stop_id': 'MH-L-0', 'to_stop_id': 'MH-R-0', 'trip_id': '0-0-5', 'agency_name': 'Unknown'}, {'duration': 30, 'departure_time': 14100, 'arrival_time': 14130, 'day': 'current_day', 'from_stop_id': 'MH-R-0', 'to_stop_id': 'MH-R-1', 'trip_id': 'walking', 'agency_name': 'Unknown'}, {'duration': 570, 'departure_time': 14340, 'arrival_time': 14910, 'day': 'current_day', 'from_stop_id': 'MH-R-1', 'to_stop_id': '175-1', 'trip_id': '3-1-18', 'agency_name': 'Unknown'}]}"
62,234,9690,inter,left,116,[54],[212; 224; 236],500,375,1000,751,10065,10125.0,15030.0,15090.0,4905.0,4.0,54,212,,,pt,6151.0,15841.0,6151.0,"{'duration': 4905, 'source_transfer_time': 0, 'waiting_time': 465, 'trip_time': 4440, 'num_transfers': 4, 'departure_time': 10125, 'departure_day': 'current_day', 'arrival_time': 15030, 'arrival_day': 'current_day', 'steps': [{'duration': 570, 'departure_time': 10590, 'arrival_time': 11160, 'day': 'current_day', 'from_stop_id': '54-1', 'to_stop_id': 'MH-L-1', 'trip_id': '1-0-13', 'agency_name': 'Unknown'}, {'duration': 30, 'departure_time': 11160, 'arrival_time': 11190, 'day': 'current_day', 'from_stop_id': 'MH-L-1', 'to_stop_id': 'MH-L-0', 'trip_id': 'walking', 'agency_name': 'Unknown'}, {'duration': 1500, 'departure_time': 12600, 'arrival_time': 14100, 'day': 'current_day', 'from_stop_id': 'MH-L-0', 'to_stop_id': 'MH-R-0', 'trip_id': '0-0-5', 'agency_name': 'Unknown'}, {'duration': 30, 'departure_time': 14100, 'arrival_time': 14130, 'day': 'current_day', 'from_stop_id': 'MH-R-0', 'to_stop_id': 'MH-R-4', 'trip_id': 'walking', 'agency_name': 'Unknown'}, {'duration': 690, 'departure_time': 14340, 'arrival_time': 15030, 'day': 'current_day', 'from_stop_id': 'MH-R-4', 'to_stop_id': '212-4', 'trip_id': '9-0-18', 'agency_name': 'Unknown'}]}"
25,128,13020,inter,left,117,[24; 36],[126; 130; 140; 150],500,375,1000,751,13395,13455.0,16710.0,16770.0,3255.0,4.0,24,126,,,pt,4501.0,17521.0,4501.0,"{'duration': 3255, 'source_transfer_time': 0, 'waiting_time': 15, 'trip_time': 3240, 'num_transfers': 4, 'departure_time': 13455, 'departure_day': 'current_day', 'arrival_time': 16710, 'arrival_day': 'current_day', 'steps': [{'duration': 690, 'departure_time': 13470, 'arrival_time': 14160, 'day': 'current_day', 'from_stop_id': '24-4', 'to_stop_id': 'MH-L-4', 'trip_id': '7-0-18', 'agency_name': 'Unknown'}, {'duration': 30, 'departure_time': 14160, 'arrival_time': 14190, 'day': 'current_day', 'from_stop_id': 'MH-L-4', 'to_stop_id': 'MH-L-0', 'trip_id': 'walking', 'agency_name': 'Unknown'}, {'duration': 1500, 'departure_time': 14400, 'arrival_time': 15900, 'day': 'current_day', 'from_stop_id': 'MH-L-0', 'to_stop_id': 'MH-R-0', 'trip_id': '0-0-6', 'agency_name': 'Unknown'}, {'duration': 30, 'departure_time': 15900, 'arrival_time': 15930, 'day': 'current_day', 'from_stop_id': 'MH-R-0', 'to_stop_id': 'MH-R-2', 'trip_id': 'walking', 'agency_name': 'Unknown'}, {'duration': 570, 'departure_time': 16140, 'arrival_time': 16710, 'day': 'current_day', 'from_stop_id': 'MH-R-2', 'to_stop_id': '126-2', 'trip_id': '4-0-21', 'agency_name': 'Unknown'}]}"
110,151,4650,inter,left,118,[110],[151],0,0,0,0,4650,4710.0,9630.0,9690.0,4920.0,4.0,110,151,,,pt,5040.0,9690.0,5040.0,"{'duration': 4920, 'source_transfer_time': 0, 'waiting_time': 480, 'trip_time': 4440, 'num_transfers': 4, 'departure_time': 4710, 'departure_day': 'current_day', 'arrival_time': 9630, 'arrival_day': 'current_day', 'steps': [{'duration': 570, 'departure_time': 5190, 'arrival_time': 5760, 'day': 'current_day', 'from_stop_id': '110-2', 'to_stop_id': 'MH-L-2', 'trip_id': '2-0-4', 'agency_name': 'Unknown'}, {'duration': 30, 'departure_time': 5760, 'arrival_time': 5790, 'day': 'current_day', 'from_stop_id': 'MH-L-2', 'to_stop_id': 'MH-L-0', 'trip_id': 'walking', 'agency_name': 'Unknown'}, {'duration': 1500, 'departure_time': 7200, 'arrival_time': 8700, 'day': 'current_day', 'from_stop_id': 'MH-L-0', 'to_stop_id': 'MH-R-0', 'trip_id': '0-0-2', 'agency_name': 'Unknown'}, {'duration': 30, 'departure_time': 8700, 'arrival_time': 8730, 'day': 'current_day', 'from_stop_id': 'MH-R-0', 'to_stop_id': 'MH-R-5', 'trip_id': 'walking', 'agency_name': 'Unknown'}, {'duration': 690, 'departure_time': 8940, 'arrival_time': 9630, 'day': 'current_day', 'from_stop_id': 'MH-R-5', 'to_stop_id': '151-5', 'trip_id': '10-1-9', 'agency_name': 'Unknown'}]}"
101,174,5880,inter,left,119,[79; 91; 99; 103],[182],1000,751,500,375,6631,6691.0,11310.0,11370.0,4619.0,4.0,79,182,,,pt,5865.0,11745.0,5865.0,"{'duration': 4619, 'source_transfer_time': 0, 'waiting_time': 419, 'trip_time': 4200, 'num_transfers': 4, 'departure_time': 6691, 'departure_day': 'current_day', 'arrival_time': 11310, 'arrival_day': 'current_day', 'steps': [{'duration': 450, 'departure_time': 7110, 'arrival_time': 7560, 'day': 'current_day', 'from_stop_id': '79-4', 'to_stop_id': 'MH-L-4', 'trip_id': '7-1-7', 'agency_name': 'Unknown'}, {'duration': 30, 'departure_time': 7560, 'arrival_time': 7590, 'day': 'current_day', 'from_stop_id': 'MH-L-4', 'to_stop_id': 'MH-L-0', 'trip_id': 'walking', 'agency_name': 'Unknown'}, {'duration': 1500, 'departure_time': 9000, 'arrival_time': 10500, 'day': 'current_day', 'from_stop_id': 'MH-L-0', 'to_stop_id': 'MH-R-0', 'trip_id': '0-0-3', 'agency_name': 'Unknown'}, {'duration': 30, 'departure_time': 10500, 'arrival_time': 10530, 'day': 'current_day', 'from_stop_id': 'MH-R-0', 'to_stop_id': 'MH-R-1', 'trip_id': 'walking', 'agency_name': 'Unknown'}, {'duration': 570, 'departure_time': 10740, 'arrival_time': 11310, 'day': 'current_day', 'from_stop_id': 'MH-R-1', 'to_stop_id': '182-1', 'trip_id': '3-0-12', 'agency_name': 'Unknown'}]}"
68,130,12600,inter,left,120,[68],[130],0,0,0,0,12600,12660.0,17190.0,17250.0,4530.0,4.0,68,130,,,pt,4650.0,17250.0,4650.0,"{'duration': 4530, 'source_transfer_time': 0, 'waiting_time': 570, 'trip_time': 3960, 'num_transfers': 4, 'departure_time': 12660, 'departure_day': 'current_day', 'arrival_time': 17190, 'arrival_day': 'current_day', 'steps': [{'duration': 330, 'departure_time': 13230, 'arrival_time': 13560, 'day': 'current_day', 'from_stop_id': '68-4', 'to_stop_id': 'MH-L-4', 'trip_id': '7-1-17', 'agency_name': 'Unknown'}, {'duration': 30, 'departure_time': 13560, 'arrival_time': 13590, 'day': 'current_day', 'from_stop_id': 'MH-L-4', 'to_stop_id': 'MH-L-0', 'trip_id': 'walking', 'agency_name': 'Unknown'}, {'duration': 1500, 'departure_time': 14400, 'arrival_time': 15900, 'day': 'current_day', 'from_stop_id': 'MH-L-0', 'to_stop_id': 'MH-R-0', 'trip_id': '0-0-6', 'agency_name': 'Unknown'}, {'duration': 30, 'departure_time': 15900, 'arrival_time': 15930, 'day': 'current_day', 'from_stop_id': 'MH-R-0', 'to_stop_id': 'MH-R-5', 'trip_id': 'walking', 'agency_name': 'Unknown'}, {'duration': 1050, 'departure_time': 16140, 'arrival_time': 17190, 'day': 'current_day', 'from_stop_id': 'MH-R-5', 'to_stop_id': '130-5', 'trip_id': '10-1-21', 'agency_name': 'Unknown'}]}"
12,224,5580,inter,left,121,[12],[224],0,0,0,0,5580,5640.0,9870.0,9930.0,4230.0,4.0,12,224,,,pt,4350.0,9930.0,4350.0,"{'duration': 4230, 'source_transfer_time': 0, 'waiting_time': 390, 'trip_time': 3840, 'num_transfers': 4, 'departure_time': 5640, 'departure_day': 'current_day', 'arrival_time': 9870, 'arrival_day': 'current_day', 'steps': [{'duration': 930, 'departure_time': 6030, 'arrival_time': 6960, 'day': 'current_day', 'from_stop_id': '12-4', 'to_stop_id': 'MH-L-4', 'trip_id': '7-0-6', 'agency_name': 'Unknown'}, {'duration': 30, 'departure_time': 6960, 'arrival_time': 6990, 'day': 'current_day', 'from_stop_id': 'MH-L-4', 'to_stop_id': 'MH-L-0', 'trip_id': 'walking', 'agency_name': 'Unknown'}, {'duration': 1500, 'departure_time': 7200, 'arrival_time': 8700, 'day': 'current_day', 'from_stop_id': 'MH-L-0', 'to_stop_id': 'MH-R-0', 'trip_id': '0-0-2', 'agency_name': 'Unknown'}, {'duration': 30, 'departure_time': 8700, 'arrival_time': 8730, 'day': 'current_day', 'from_stop_id': 'MH-R-0', 'to_stop_id': 'MH-R-4', 'trip_id': 'walking', 'agency_name': 'Unknown'}, {'duration': 930, 'departure_time': 8940, 'arrival_time': 9870, 'day': 'current_day', 'from_stop_id': 'MH-R-4', 'to_stop_id': '224-4', 'trip_id': '9-0-9', 'agency_name': 'Unknown'}]}"
82,171,7350,inter,left,122,[61; 80; 92; 104],[161; 170; 179],1000,751,500,375,8101,8161.0,10950.0,11010.0,2789.0,4.0,61,170,,,pt,4035.0,11385.0,4035.0,"{'duration': 2789, 'source_transfer_time': 0, 'waiting_time': 29, 'trip_time': 2760, 'num_transfers': 4, 'departure_time': 8161, 'departure_day': 'current_day', 'arrival_time': 10950, 'arrival_day': 'current_day', 'steps': [{'duration': 570, 'departure_time': 8190, 'arrival_time': 8760, 'day': 'current_day', 'from_stop_id': '61-1', 'to_stop_id': 'MH-L-1', 'trip_id': '1-1-9', 'agency_name': 'Unknown'}, {'duration': 30, 'departure_time': 8760, 'arrival_time': 8790, 'day': 'current_day', 'from_stop_id': 'MH-L-1', 'to_stop_id': 'MH-L-0', 'trip_id': 'walking', 'agency_name': 'Unknown'}, {'duration': 1500, 'departure_time': 9000, 'arrival_time': 10500, 'day': 'current_day', 'from_stop_id': 'MH-L-0', 'to_stop_id': 'MH-R-0', 'trip_id': '0-0-3', 'agency_name': 'Unknown'}, {'duration': 30, 'departure_time': 10500, 'arrival_time': 10530, 'day': 'current_day', 'from_stop_id': 'MH-R-0', 'to_stop_id': 'MH-R-5', 'trip_id': 'walking', 'agency_name': 'Unknown'}, {'duration': 210, 'departure_time': 10740, 'arrival_time': 10950, 'day': 'current_day', 'from_stop_id': 'MH-R-5', 'to_stop_id': '170-5', 'trip_id': '10-1-12', 'agency_name': 'Unknown'}]}"
86,221,9000,inter,left,123,[86],[220],0,0,500,375,9000,9060.0,12990.0,13050.0,3930.0,4.0,86,220,,,pt,4425.0,13425.0,4425.0,"{'duration': 3930, 'source_transfer_time': 0, 'waiting_time': 330, 'trip_time': 3600, 'num_transfers': 4, 'departure_time': 9060, 'departure_day': 'current_day', 'arrival_time': 12990, 'arrival_day': 'current_day', 'steps': [{'duration': 570, 'departure_time': 9390, 'arrival_time': 9960, 'day': 'current_day', 'from_stop_id': '86-5', 'to_stop_id': 'MH-L-5', 'trip_id': '8-1-11', 'agency_name': 'Unknown'}, {'duration': 30, 'departure_time': 9960, 'arrival_time': 9990, 'day': 'current_day', 'from_stop_id': 'MH-L-5', 'to_stop_id': 'MH-L-0', 'trip_id': 'walking', 'agency_name': 'Unknown'}, {'duration': 1500, 'departure_time': 10800, 'arrival_time': 12300, 'day': 'current_day', 'from_stop_id': 'MH-L-0', 'to_stop_id': 'MH-R-0', 'trip_id': '0-0-4', 'agency_name': 'Unknown'}, {'duration': 30, 'departure_time': 12300, 'arrival_time': 12330, 'day': 'current_day', 'from_stop_id': 'MH-R-0', 'to_stop_id': 'MH-R-2', 'trip_id': 'walking', 'agency_name': 'Unknown'}, {'duration': 450, 'departure_time': 12540, 'arrival_time': 12990, 'day': 'current_day', 'from_stop_id': 'MH-R-2', 'to_stop_id': '220-2', 'trip_id': '4-1-15', 'agency_name': 'Unknown'}]}"
84,202,5070,inter,left,124,[85; 95],[201; 213],500,375,500,375,5445,5505.0,9510.0,9570.0,4005.0,4.0,85,201,,,pt,4875.0,9945.0,4875.0,"{'duration': 4005, 'source_transfer_time': 0, 'waiting_time': 165, 'trip_time': 3840, 'num_transfers': 4, 'departure_time': 5505, 'departure_day': 'current_day', 'arrival_time': 9510, 'arrival_day': 'current_day', 'steps': [{'duration': 690, 'departure_time': 5670, 'arrival_time': 6360, 'day': 'current_day', 'from_stop_id': '85-5', 'to_stop_id': 'MH-L-5', 'trip_id': '8-1-5', 'agency_name': 'Unknown'}, {'duration': 30, 'departure_time': 6360, 'arrival_time': 6390, 'day': 'current_day', 'from_stop_id': 'MH-L-5', 'to_stop_id': 'MH-L-0', 'trip_id': 'walking', 'agency_name': 'Unknown'}, {'duration': 1500, 'departure_time': 7200, 'arrival_time': 8700, 'day': 'current_day', 'from_stop_id': 'MH-L-0', 'to_stop_id': 'MH-R-0', 'trip_id': '0-0-2', 'agency_name': 'Unknown'}, {'duration': 30, 'departure_time': 8700, 'arrival_time': 8730, 'day': 'current_day', 'from_stop_id': 'MH-R-0', 'to_stop_id': 'MH-R-4', 'trip_id': 'walking', 'agency_name': 'Unknown'}, {'duration': 570, 'departure_time': 8940, 'arrival_time': 9510, 'day': 'current_day', 'from_stop_id': 'MH-R-4', 'to_stop_id': '201-4', 'trip_id': '9-0-9', 'agency_name': 'Unknown'}]}"
1,195,12060,inter,left,125,[0; 12],[196; 206],500,375,500,375,12435,12495.0,16590.0,16650.0,4095.0,4.0,0,196,,,pt,4965.0,17025.0,4965.0,"{'duration': 4095, 'source_transfer_time': 0, 'waiting_time': 495, 'trip_time': 3600, 'num_transfers': 4, 'departure_time': 12495, 'departure_day': 'current_day', 'arrival_time': 16590, 'arrival_day': 'current_day', 'steps': [{'duration': 1170, 'departure_time': 12990, 'arrival_time': 14160, 'day': 'current_day', 'from_stop_id': '0-4', 'to_stop_id': 'MH-L-4', 'trip_id': '7-0-18', 'agency_name': 'Unknown'}, {'duration': 30, 'departure_time': 14160, 'arrival_time': 14190, 'day': 'current_day', 'from_stop_id': 'MH-L-4', 'to_stop_id': 'MH-L-0', 'trip_id': 'walking', 'agency_name': 'Unknown'}, {'duration': 1500, 'departure_time': 14400, 'arrival_time': 15900, 'day': 'current_day', 'from_stop_id': 'MH-L-0', 'to_stop_id': 'MH-R-0', 'trip_id': '0-0-6', 'agency_name': 'Unknown'}, {'duration': 30, 'departure_time': 15900, 'arrival_time': 15930, 'day': 'current_day', 'from_stop_id': 'MH-R-0', 'to_stop_id': 'MH-R-5', 'trip_id': 'walking', 'agency_name': 'Unknown'}, {'duration': 450, 'departure_time': 16140, 'arrival_time': 16590, 'day': 'current_day', 'from_stop_id': 'MH-R-5', 'to_stop_id': '196-5', 'trip_id': '10-0-21', 'agency_name': 'Unknown'}]}"
97,229,8070,inter,left,126,[86; 96],[207; 217; 227; 231],500,375,1000,751,8445,8505.0,13110.0,13170.0,4605.0,4.0,86,207,,,pt,5851.0,13921.0,5851.0,"{'duration': 4605, 'source_transfer_time': 0, 'waiting_time': 285, 'trip_time': 4320, 'num_transfers': 4, 'departure_time': 8505, 'departure_day': 'current_day', 'arrival_time': 13110, 'arrival_day': 'current_day', 'steps': [{'duration': 570, 'departure_time': 8790, 'arrival_time': 9360, 'day': 'current_day', 'from_stop_id': '86-5', 'to_stop_id': 'MH-L-5', 'trip_id': '8-1-10', 'agency_name': 'Unknown'}, {'duration': 30, 'departure_time': 9360, 'arrival_time': 9390, 'day': 'current_day', 'from_stop_id': 'MH-L-5', 'to_stop_id': 'MH-L-0', 'trip_id': 'walking', 'agency_name': 'Unknown'}, {'duration': 1500, 'departure_time': 10800, 'arrival_time': 12300, 'day': 'current_day', 'from_stop_id': 'MH-L-0', 'to_stop_id': 'MH-R-0', 'trip_id': '0-0-4', 'agency_name': 'Unknown'}, {'duration': 30, 'departure_time': 12300, 'arrival_time': 12330, 'day': 'current_day', 'from_stop_id': 'MH-R-0', 'to_stop_id': 'MH-R-5', 'trip_id': 'walking', 'agency_name': 'Unknown'}, {'duration': 570, 'departure_time': 12540, 'arrival_time': 13110, 'day': 'current_day', 'from_stop_id': 'MH-R-5', 'to_stop_id': '207-5', 'trip_id': '10-0-15', 'agency_name': 'Unknown'}]}"
103,169,8760,inter,left,127,[103],[169],0,0,0,0,8760,8820.0,12750.0,12810.0,3930.0,4.0,103,169,,,pt,4050.0,12810.0,4050.0,"{'duration': 3930, 'source_transfer_time': 0, 'waiting_time': 210, 'trip_time': 3720, 'num_transfers': 4, 'departure_time': 8820, 'departure_day': 'current_day', 'arrival_time': 12750, 'arrival_day': 'current_day', 'steps': [{'duration': 930, 'departure_time': 9030, 'arrival_time': 9960, 'day': 'current_day', 'from_stop_id': '103-4', 'to_stop_id': 'MH-L-4', 'trip_id': '7-1-11', 'agency_name': 'Unknown'}, {'duration': 30, 'departure_time': 9960, 'arrival_time': 9990, 'day': 'current_day', 'from_stop_id': 'MH-L-4', 'to_stop_id': 'MH-L-0', 'trip_id': 'walking', 'agency_name': 'Unknown'}, {'duration': 1500, 'departure_time': 10800, 'arrival_time': 12300, 'day': 'current_day', 'from_stop_id': 'MH-L-0', 'to_stop_id': 'MH-R-0', 'trip_id': '0-0-4', 'agency_name': 'Unknown'}, {'duration': 30, 'departure_time': 12300, 'arrival_time': 12330, 'day': 'current_day', 'from_stop_id': 'MH-R-0', 'to_stop_id': 'MH-R-4', 'trip_id': 'walking', 'agency_name': 'Unknown'}, {'duration': 210, 'departure_time': 12540, 'arrival_time': 12750, 'day': 'current_day', 'from_stop_id': 'MH-R-4', 'to_stop_id': '169-4', 'trip_id': '9-1-15', 'agency_name': 'Unknown'}]}"
12,189,5670,inter,left,128,[12],[189],0,0,0,0,5670,5730.0,9270.0,9330.0,3540.0,4.0,12,189,,,pt,3660.0,9330.0,3660.0,"{'duration': 3540, 'source_transfer_time': 0, 'waiting_time': 300, 'trip_time': 3240, 'num_transfers': 4, 'departure_time': 5730, 'departure_day': 'current_day', 'arrival_time': 9270, 'arrival_day': 'current_day', 'steps': [{'duration': 930, 'departure_time': 6030, 'arrival_time': 6960, 'day': 'current_day', 'from_stop_id': '12-4', 'to_stop_id': 'MH-L-4', 'trip_id': '7-0-6', 'agency_name': 'Unknown'}, {'duration': 30, 'departure_time': 6960, 'arrival_time': 6990, 'day': 'current_day', 'from_stop_id': 'MH-L-4', 'to_stop_id': 'MH-L-0', 'trip_id': 'walking', 'agency_name': 'Unknown'}, {'duration': 1500, 'departure_time': 7200, 'arrival_time': 8700, 'day': 'current_day', 'from_stop_id': 'MH-L-0', 'to_stop_id': 'MH-R-0', 'trip_id': '0-0-2', 'agency_name': 'Unknown'}, {'duration': 30, 'departure_time': 8700, 'arrival_time': 8730, 'day': 'current_day', 'from_stop_id': 'MH-R-0', 'to_stop_id': 'MH-R-4', 'trip_id': 'walking', 'agency_name': 'Unknown'}, {'duration': 330, 'departure_time': 8940, 'arrival_time': 9270, 'day': 'current_day', 'from_stop_id': 'MH-R-4', 'to_stop_id': '189-4', 'trip_id': '9-0-9', 'agency_name': 'Unknown'}]}"
84,192,7170,inter,left,129,[85; 95],[182],500,375,500,375,7545,7605.0,11310.0,11370.0,3705.0,4.0,85,182,,,pt,4575.0,11745.0,4575.0,"{'duration': 3705, 'source_transfer_time': 0, 'waiting_time': 465, 'trip_time': 3240, 'num_transfers': 4, 'departure_time': 7605, 'departure_day': 'current_day', 'arrival_time': 11310, 'arrival_day': 'current_day', 'steps': [{'duration': 690, 'departure_time': 8070, 'arrival_time': 8760, 'day': 'current_day', 'from_stop_id': '85-5', 'to_stop_id': 'MH-L-5', 'trip_id': '8-1-9', 'agency_name': 'Unknown'}, {'duration': 30, 'departure_time': 8760, 'arrival_time': 8790, 'day': 'current_day', 'from_stop_id': 'MH-L-5', 'to_stop_id': 'MH-L-0', 'trip_id': 'walking', 'agency_name': 'Unknown'}, {'duration': 1500, 'departure_time': 9000, 'arrival_time': 10500, 'day': 'current_day', 'from_stop_id': 'MH-L-0', 'to_stop_id': 'MH-R-0', 'trip_id': '0-0-3', 'agency_name': 'Unknown'}, {'duration': 30, 'departure_time': 10500, 'arrival_time': 10530, 'day': 'current_day', 'from_stop_id': 'MH-R-0', 'to_stop_id': 'MH-R-1', 'trip_id': 'walking', 'agency_name': 'Unknown'}, {'duration': 570, 'departure_time': 10740, 'arrival_time': 11310, 'day': 'current_day', 'from_stop_id': 'MH-R-1', 'to_stop_id': '182-1', 'trip_id': '3-0-12', 'agency_name': 'Unknown'}]}"
113,149,10200,inter,left,130,[91; 103; 115],[148; 150; 160],1000,751,500,375,10951,11011.0,14670.0,14730.0,3659.0,4.0,91,148,,,pt,4905.0,15105.0,4905.0,"{'duration': 3659, 'source_transfer_time': 0, 'waiting_time': 59, 'trip_time': 3600, 'num_transfers': 4, 'departure_time': 11011, 'departure_day': 'current_day', 'arrival_time': 14670, 'arrival_day': 'current_day', 'steps': [{'duration': 690, 'departure_time': 11070, 'arrival_time': 11760, 'day': 'current_day', 'from_stop_id': '91-4', 'to_stop_id': 'MH-L-4', 'trip_id': '7-1-14', 'agency_name': 'Unknown'}, {'duration': 30, 'departure_time': 11760, 'arrival_time': 11790, 'day': 'current_day', 'from_stop_id': 'MH-L-4', 'to_stop_id': 'MH-L-0', 'trip_id': 'walking', 'agency_name': 'Unknown'}, {'duration': 1500, 'departure_time': 12600, 'arrival_time': 14100, 'day': 'current_day', 'from_stop_id': 'MH-L-0', 'to_stop_id': 'MH-R-0', 'trip_id': '0-0-5', 'agency_name': 'Unknown'}, {'duration': 30, 'departure_time': 14100, 'arrival_time': 14130, 'day': 'current_day', 'from_stop_id': 'MH-R-0', 'to_stop_id': 'MH-R-2', 'trip_id': 'walking', 'agency_name': 'Unknown'}, {'duration': 330, 'departure_time': 14340, 'arrival_time': 14670, 'day': 'current_day', 'from_stop_id': 'MH-R-2', 'to_stop_id': '148-2', 'trip_id': '4-0-18', 'agency_name': 'Unknown'}]}"
13,130,9480,inter,left,131,[12; 24],[130],500,375,0,0,9855,9915.0,15390.0,15450.0,5475.0,4.0,12,130,,,pt,5970.0,15450.0,5970.0,"{'duration': 5475, 'source_transfer_time': 0, 'waiting_time': 315, 'trip_time': 5160, 'num_transfers': 4, 'departure_time': 9915, 'departure_day': 'current_day', 'arrival_time': 15390, 'arrival_day': 'current_day', 'steps': [{'duration': 930, 'departure_time': 10230, 'arrival_time': 11160, 'day': 'current_day', 'from_stop_id': '12-4', 'to_stop_id': 'MH-L-4', 'trip_id': '7-0-13', 'agency_name': 'Unknown'}, {'duration': 30, 'departure_time': 11160, 'arrival_time': 11190, 'day': 'current_day', 'from_stop_id': 'MH-L-4', 'to_stop_id': 'MH-L-0', 'trip_id': 'walking', 'agency_name': 'Unknown'}, {'duration': 1500, 'departure_time': 12600, 'arrival_time': 14100, 'day': 'current_day', 'from_stop_id': 'MH-L-0', 'to_stop_id': 'MH-R-0', 'trip_id': '0-0-5', 'agency_name': 'Unknown'}, {'duration': 30, 'departure_time': 14100, 'arrival_time': 14130, 'day': 'current_day', 'from_stop_id': 'MH-R-0', 'to_stop_id': 'MH-R-5', 'trip_id': 'walking', 'agency_name': 'Unknown'}, {'duration': 1050, 'departure_time': 14340, 'arrival_time': 15390, 'day': 'current_day', 'from_stop_id': 'MH-R-5', 'to_stop_id': '130-5', 'trip_id': '10-1-18', 'agency_name': 'Unknown'}]}"
49,163,6630,inter,left,132,[49],[141; 151; 161; 181],0,0,1000,751,6630,6690.0,9390.0,9450.0,2700.0,4.0,49,161,,,pt,3571.0,10201.0,3571.0,"{'duration': 2700, 'source_transfer_time': 0, 'waiting_time': 60, 'trip_time': 2640, 'num_transfers': 4, 'departure_time': 6690, 'departure_day': 'current_day', 'arrival_time': 9390, 'arrival_day': 'current_day', 'steps': [{'duration': 210, 'departure_time': 6750, 'arrival_time': 6960, 'day': 'current_day', 'from_stop_id': '49-5', 'to_stop_id': 'MH-L-5', 'trip_id': '8-0-6', 'agency_name': 'Unknown'}, {'duration': 30, 'departure_time': 6960, 'arrival_time': 6990, 'day': 'current_day', 'from_stop_id': 'MH-L-5', 'to_stop_id': 'MH-L-0', 'trip_id': 'walking', 'agency_name': 'Unknown'}, {'duration': 1500, 'departure_time': 7200, 'arrival_time': 8700, 'day': 'current_day', 'from_stop_id': 'MH-L-0', 'to_stop_id': 'MH-R-0', 'trip_id': '0-0-2', 'agency_name': 'Unknown'}, {'duration': 30, 'departure_time': 8700, 'arrival_time': 8730, 'day': 'current_day', 'from_stop_id': 'MH-R-0', 'to_stop_id': 'MH-R-5', 'trip_id': 'walking', 'agency_name': 'Unknown'}, {'duration': 450, 'departure_time': 8940, 'arrival_time': 9390, 'day': 'current_day', 'from_stop_id': 'MH-R-5', 'to_stop_id': '161-5', 'trip_id': '10-1-9', 'agency_name': 'Unknown'}]}"
63,133,14250,inter,left,133,[55],[133],500,375,0,0,14625,14685.0,18870.0,18930.0,4185.0,4.0,55,133,,,pt,4680.0,18930.0,4680.0,"{'duration': 4185, 'source_transfer_time': 0, 'waiting_time': 225, 'trip_time': 3960, 'num_transfers': 4, 'departure_time': 14685, 'departure_day': 'current_day', 'arrival_time': 18870, 'arrival_day': 'current_day', 'steps': [{'duration': 450, 'departure_time': 14910, 'arrival_time': 15360, 'day': 'current_day', 'from_stop_id': '55-1', 'to_stop_id': 'MH-L-1', 'trip_id': '1-0-20', 'agency_name': 'Unknown'}, {'duration': 30, 'departure_time': 15360, 'arrival_time': 15390, 'day': 'current_day', 'from_stop_id': 'MH-L-1', 'to_stop_id': 'MH-L-0', 'trip_id': 'walking', 'agency_name': 'Unknown'}, {'duration': 1500, 'departure_time': 16200, 'arrival_time': 17700, 'day': 'current_day', 'from_stop_id': 'MH-L-0', 'to_stop_id': 'MH-R-0', 'trip_id': '0-0-7', 'agency_name': 'Unknown'}, {'duration': 30, 'departure_time': 17700, 'arrival_time': 17730, 'day': 'current_day', 'from_stop_id': 'MH-R-0', 'to_stop_id': 'MH-R-4', 'trip_id': 'walking', 'agency_name': 'Unknown'}, {'duration': 930, 'departure_time': 17940, 'arrival_time': 18870, 'day': 'current_day', 'from_stop_id': 'MH-R-4', 'to_stop_id': '133-4', 'trip_id': '9-1-24', 'agency_name': 'Unknown'}]}"
112,165,6360,inter,left,134,[110],[175],1000,751,500,375,7111,7171.0,11310.0,11370.0,4139.0,4.0,110,175,,,pt,5385.0,11745.0,5385.0,"{'duration': 4139, 'source_transfer_time': 0, 'waiting_time': 419, 'trip_time': 3720, 'num_transfers': 4, 'departure_time': 7171, 'departure_day': 'current_day', 'arrival_time': 11310, 'arrival_day': 'current_day', 'steps': [{'duration': 570, 'departure_time': 7590, 'arrival_time': 8160, 'day': 'current_day', 'from_stop_id': '110-2', 'to_stop_id': 'MH-L-2', 'trip_id': '2-0-8', 'agency_name': 'Unknown'}, {'duration': 30, 'departure_time': 8160, 'arrival_time': 8190, 'day': 'current_day', 'from_stop_id': 'MH-L-2', 'to_stop_id': 'MH-L-0', 'trip_id': 'walking', 'agency_name': 'Unknown'}, {'duration': 1500, 'departure_time': 9000, 'arrival_time': 10500, 'day': 'current_day', 'from_stop_id': 'MH-L-0', 'to_stop_id': 'MH-R-0', 'trip_id': '0-0-3', 'agency_name': 'Unknown'}, {'duration': 30, 'departure_time': 10500, 'arrival_time': 10530, 'day': 'current_day', 'from_stop_id': 'MH-R-0', 'to_stop_id': 'MH-R-1', 'trip_id': 'walking', 'agency_name': 'Unknown'}, {'duration': 570, 'departure_time': 10740, 'arrival_time': 11310, 'day': 'current_day', 'from_stop_id': 'MH-R-1', 'to_stop_id': '175-1', 'trip_id': '3-1-12', 'agency_name': 'Unknown'}]}"
83,210,14280,inter,left,135,[85; 95; 105],[209],1000,751,500,375,15031,15091.0,18270.0,18330.0,3179.0,4.0,85,209,,,pt,4425.0,18705.0,4425.0,"{'duration': 3179, 'source_transfer_time': 0, 'waiting_time': 179, 'trip_time': 3000, 'num_transfers': 4, 'departure_time': 15091, 'departure_day': 'current_day', 'arrival_time': 18270, 'arrival_day': 'current_day', 'steps': [{'duration': 690, 'departure_time': 15270, 'arrival_time': 15960, 'day': 'current_day', 'from_stop_id': '85-5', 'to_stop_id': 'MH-L-5', 'trip_id': '8-1-21', 'agency_name': 'Unknown'}, {'duration': 30, 'departure_time': 15960, 'arrival_time': 15990, 'day': 'current_day', 'from_stop_id': 'MH-L-5', 'to_stop_id': 'MH-L-0', 'trip_id': 'walking', 'agency_name': 'Unknown'}, {'duration': 1500, 'departure_time': 16200, 'arrival_time': 17700, 'day': 'current_day', 'from_stop_id': 'MH-L-0', 'to_stop_id': 'MH-R-0', 'trip_id': '0-0-7', 'agency_name': 'Unknown'}, {'duration': 30, 'departure_time': 17700, 'arrival_time': 17730, 'day': 'current_day', 'from_stop_id': 'MH-R-0', 'to_stop_id': 'MH-R-2', 'trip_id': 'walking', 'agency_name': 'Unknown'}, {'duration': 330, 'departure_time': 17940, 'arrival_time': 18270, 'day': 'current_day', 'from_stop_id': 'MH-R-2', 'to_stop_id': '209-2', 'trip_id': '4-1-24', 'agency_name': 'Unknown'}]}"
115,152,10830,inter,left,136,[115],[141; 151],0,0,500,375,10830,10890.0,15030.0,15090.0,4140.0,4.0,115,151,,,pt,4635.0,15465.0,4635.0,"{'duration': 4140, 'source_transfer_time': 0, 'waiting_time': 300, 'trip_time': 3840, 'num_transfers': 4, 'departure_time': 10890, 'departure_day': 'current_day', 'arrival_time': 15030, 'arrival_day': 'current_day', 'steps': [{'duration': 1170, 'departure_time': 11190, 'arrival_time': 12360, 'day': 'current_day', 'from_stop_id': '115-4', 'to_stop_id': 'MH-L-4', 'trip_id': '7-1-15', 'agency_name': 'Unknown'}, {'duration': 30, 'departure_time': 12360, 'arrival_time': 12390, 'day': 'current_day', 'from_stop_id': 'MH-L-4', 'to_stop_id': 'MH-L-0', 'trip_id': 'walking', 'agency_name': 'Unknown'}, {'duration': 1500, 'departure_time': 12600, 'arrival_time': 14100, 'day': 'current_day', 'from_stop_id': 'MH-L-0', 'to_stop_id': 'MH-R-0', 'trip_id': '0-0-5', 'agency_name': 'Unknown'}, {'duration': 30, 'departure_time': 14100, 'arrival_time': 14130, 'day': 'current_day', 'from_stop_id': 'MH-R-0', 'to_stop_id': 'MH-R-5', 'trip_id': 'walking', 'agency_name': 'Unknown'}, {'duration': 690, 'departure_time': 14340, 'arrival_time': 15030, 'day': 'current_day', 'from_stop_id': 'MH-R-5', 'to_stop_id': '151-5', 'trip_id': '10-1-18', 'agency_name': 'Unknown'}]}"
101,212,4650,inter,left,137,[79; 91; 99; 103],[212],1000,751,0,0,5401,5461.0,9630.0,9690.0,4169.0,4.0,79,212,,,pt,5040.0,9690.0,5040.0,"{'duration': 4169, 'source_transfer_time': 0, 'waiting_time': 449, 'trip_time': 3720, 'num_transfers': 4, 'departure_time': 5461, 'departure_day': 'current_day', 'arrival_time': 9630, 'arrival_day': 'current_day', 'steps': [{'duration': 450, 'departure_time': 5910, 'arrival_time': 6360, 'day': 'current_day', 'from_stop_id': '79-4', 'to_stop_id': 'MH-L-4', 'trip_id': '7-1-5', 'agency_name': 'Unknown'}, {'duration': 30, 'departure_time': 6360, 'arrival_time': 6390, 'day': 'current_day', 'from_stop_id': 'MH-L-4', 'to_stop_id': 'MH-L-0', 'trip_id': 'walking', 'agency_name': 'Unknown'}, {'duration': 1500, 'departure_time': 7200, 'arrival_time': 8700, 'day': 'current_day', 'from_stop_id': 'MH-L-0', 'to_stop_id': 'MH-R-0', 'trip_id': '0-0-2', 'agency_name': 'Unknown'}, {'duration': 30, 'departure_time': 8700, 'arrival_time': 8730, 'day': 'current_day', 'from_stop_id': 'MH-R-0', 'to_stop_id': 'MH-R-4', 'trip_id': 'walking', 'agency_name': 'Unknown'}, {'duration': 690, 'departure_time': 8940, 'arrival_time': 9630, 'day': 'current_day', 'from_stop_id': 'MH-R-4', 'to_stop_id': '212-4', 'trip_id': '9-0-9', 'agency_name': 'Unknown'}]}"
29,198,13650,inter,left,138,[29],[198],0,0,0,0,13650,13710.0,18150.0,18210.0,4440.0,4.0,29,198,,,pt,4560.0,18210.0,4560.0,"{'duration': 4440, 'source_transfer_time': 0, 'waiting_time': 480, 'trip_time': 3960, 'num_transfers': 4, 'departure_time': 13710, 'departure_day': 'current_day', 'arrival_time': 18150, 'arrival_day': 'current_day', 'steps': [{'duration': 570, 'departure_time': 14190, 'arrival_time': 14760, 'day': 'current_day', 'from_stop_id': '29-5', 'to_stop_id': 'MH-L-5', 'trip_id': '8-0-19', 'agency_name': 'Unknown'}, {'duration': 30, 'departure_time': 14760, 'arrival_time': 14790, 'day': 'current_day', 'from_stop_id': 'MH-L-5', 'to_stop_id': 'MH-L-0', 'trip_id': 'walking', 'agency_name': 'Unknown'}, {'duration': 1500, 'departure_time': 16200, 'arrival_time': 17700, 'day': 'current_day', 'from_stop_id': 'MH-L-0', 'to_stop_id': 'MH-R-0', 'trip_id': '0-0-7', 'agency_name': 'Unknown'}, {'duration': 30, 'departure_time': 17700, 'arrival_time': 17730, 'day': 'current_day', 'from_stop_id': 'MH-R-0', 'to_stop_id': 'MH-R-2', 'trip_id': 'walking', 'agency_name': 'Unknown'}, {'duration': 210, 'departure_time': 17940, 'arrival_time': 18150, 'day': 'current_day', 'from_stop_id': 'MH-R-2', 'to_stop_id': '198-2', 'trip_id': '4-1-24', 'agency_name': 'Unknown'}]}"
23,130,6090,inter,left,139,[23],[130],0,0,0,0,6090,6150.0,9990.0,10050.0,3840.0,4.0,23,130,,,pt,3960.0,10050.0,3960.0,"{'duration': 3840, 'source_transfer_time': 0, 'waiting_time': 0, 'trip_time': 3840, 'num_transfers': 4, 'departure_time': 6150, 'departure_day': 'current_day', 'arrival_time': 9990, 'arrival_day': 'current_day', 'steps': [{'duration': 810, 'departure_time': 6150, 'arrival_time': 6960, 'day': 'current_day', 'from_stop_id': '23-4', 'to_stop_id': 'MH-L-4', 'trip_id': '7-0-6', 'agency_name': 'Unknown'}, {'duration': 30, 'departure_time': 6960, 'arrival_time': 6990, 'day': 'current_day', 'from_stop_id': 'MH-L-4', 'to_stop_id': 'MH-L-0', 'trip_id': 'walking', 'agency_name': 'Unknown'}, {'duration': 1500, 'departure_time': 7200, 'arrival_time': 8700, 'day': 'current_day', 'from_stop_id': 'MH-L-0', 'to_stop_id': 'MH-R-0', 'trip_id': '0-0-2', 'agency_name': 'Unknown'}, {'duration': 30, 'departure_time': 8700, 'arrival_time': 8730, 'day': 'current_day', 'from_stop_id': 'MH-R-0', 'to_stop_id': 'MH-R-5', 'trip_id': 'walking', 'agency_name': 'Unknown'}, {'duration': 1050, 'departure_time': 8940, 'arrival_time': 9990, 'day': 'current_day', 'from_stop_id': 'MH-R-5', 'to_stop_id': '130-5', 'trip_id': '10-1-9', 'agency_name': 'Unknown'}]}"
65,222,12210,inter,left,140,[57; 66; 75],[200; 212; 220; 224],500,375,1000,751,12585,12645.0,16590.0,16650.0,3945.0,4.0,57,200,,,pt,5191.0,17401.0,5191.0,"{'duration': 3945, 'source_transfer_time': 0, 'waiting_time': 105, 'trip_time': 3840, 'num_transfers': 4, 'departure_time': 12645, 'departure_day': 'current_day', 'arrival_time': 16590, 'arrival_day': 'current_day', 'steps': [{'duration': 210, 'departure_time': 12750, 'arrival_time': 12960, 'day': 'current_day', 'from_stop_id': '57-1', 'to_stop_id': 'MH-L-1', 'trip_id': '1-0-16', 'agency_name': 'Unknown'}, {'duration': 30, 'departure_time': 12960, 'arrival_time': 12990, 'day': 'current_day', 'from_stop_id': 'MH-L-1', 'to_stop_id': 'MH-L-0', 'trip_id': 'walking', 'agency_name': 'Unknown'}, {'duration': 1500, 'departure_time': 14400, 'arrival_time': 15900, 'day': 'current_day', 'from_stop_id': 'MH-L-0', 'to_stop_id': 'MH-R-0', 'trip_id': '0-0-6', 'agency_name': 'Unknown'}, {'duration': 30, 'departure_time': 15900, 'arrival_time': 15930, 'day': 'current_day', 'from_stop_id': 'MH-R-0', 'to_stop_id': 'MH-R-4', 'trip_id': 'walking', 'agency_name': 'Unknown'}, {'duration': 450, 'departure_time': 16140, 'arrival_time': 16590, 'day': 'current_day', 'from_stop_id': 'MH-R-4', 'to_stop_id': '200-4', 'trip_id': '9-0-21', 'agency_name': 'Unknown'}]}"
51,207,8130,inter,left,141,[59],[207],500,375,0,0,8505,8565.0,13110.0,13170.0,4545.0,4.0,59,207,,,pt,5040.0,13170.0,5040.0,"{'duration': 4545, 'source_transfer_time': 0, 'waiting_time': 465, 'trip_time': 4080, 'num_transfers': 4, 'departure_time': 8565, 'departure_day': 'current_day', 'arrival_time': 13110, 'arrival_day': 'current_day', 'steps': [{'duration': 330, 'departure_time': 9030, 'arrival_time': 9360, 'day': 'current_day', 'from_stop_id': '59-1', 'to_stop_id': 'MH-L-1', 'trip_id': '1-1-10', 'agency_name': 'Unknown'}, {'duration': 30, 'departure_time': 9360, 'arrival_time': 9390, 'day': 'current_day', 'from_stop_id': 'MH-L-1', 'to_stop_id': 'MH-L-0', 'trip_id': 'walking', 'agency_name': 'Unknown'}, {'duration': 1500, 'departure_time': 10800, 'arrival_time': 12300, 'day': 'current_day', 'from_stop_id': 'MH-L-0', 'to_stop_id': 'MH-R-0', 'trip_id': '0-0-4', 'agency_name': 'Unknown'}, {'duration': 30, 'departure_time': 12300, 'arrival_time': 12330, 'day': 'current_day', 'from_stop_id': 'MH-R-0', 'to_stop_id': 'MH-R-5', 'trip_id': 'walking', 'agency_name': 'Unknown'}, {'duration': 570, 'departure_time': 12540, 'arrival_time': 13110, 'day': 'current_day', 'from_stop_id': 'MH-R-5', 'to_stop_id': '207-5', 'trip_id': '10-0-15', 'agency_name': 'Unknown'}]}"
64,145,10650,inter,left,142,[56],[145],500,375,0,0,11025,11085.0,15030.0,15090.0,3945.0,4.0,56,145,,,pt,4440.0,15090.0,4440.0,"{'duration': 3945, 'source_transfer_time': 0, 'waiting_time': 345, 'trip_time': 3600, 'num_transfers': 4, 'departure_time': 11085, 'departure_day': 'current_day', 'arrival_time': 15030, 'arrival_day': 'current_day', 'steps': [{'duration': 330, 'departure_time': 11430, 'arrival_time': 11760, 'day': 'current_day', 'from_stop_id': '56-1', 'to_stop_id': 'MH-L-1', 'trip_id': '1-0-14', 'agency_name': 'Unknown'}, {'duration': 30, 'departure_time': 11760, 'arrival_time': 11790, 'day': 'current_day', 'from_stop_id': 'MH-L-1', 'to_stop_id': 'MH-L-0', 'trip_id': 'walking', 'agency_name': 'Unknown'}, {'duration': 1500, 'departure_time': 12600, 'arrival_time': 14100, 'day': 'current_day', 'from_stop_id': 'MH-L-0', 'to_stop_id': 'MH-R-0', 'trip_id': '0-0-5', 'agency_name': 'Unknown'}, {'duration': 30, 'departure_time': 14100, 'arrival_time': 14130, 'day': 'current_day', 'from_stop_id': 'MH-R-0', 'to_stop_id': 'MH-R-4', 'trip_id': 'walking', 'agency_name': 'Unknown'}, {'duration': 690, 'departure_time': 14340, 'arrival_time': 15030, 'day': 'current_day', 'from_stop_id': 'MH-R-4', 'to_stop_id': '145-4', 'trip_id': '9-1-18', 'agency_name': 'Unknown'}]}"
110,133,13350,inter,left,143,[110],[133],0,0,0,0,13350,13410.0,17070.0,17130.0,3660.0,4.0,110,133,,,pt,3780.0,17130.0,3780.0,"{'duration': 3660, 'source_transfer_time': 0, 'waiting_time': 180, 'trip_time': 3480, 'num_transfers': 4, 'departure_time': 13410, 'departure_day': 'current_day', 'arrival_time': 17070, 'arrival_day': 'current_day', 'steps': [{'duration': 570, 'departure_time': 13590, 'arrival_time': 14160, 'day': 'current_day', 'from_stop_id': '110-2', 'to_stop_id': 'MH-L-2', 'trip_id': '2-0-18', 'agency_name': 'Unknown'}, {'duration': 30, 'departure_time': 14160, 'arrival_time': 14190, 'day': 'current_day', 'from_stop_id': 'MH-L-2', 'to_stop_id': 'MH-L-0', 'trip_id': 'walking', 'agency_name': 'Unknown'}, {'duration': 1500, 'departure_time': 14400, 'arrival_time': 15900, 'day': 'current_day', 'from_stop_id': 'MH-L-0', 'to_stop_id': 'MH-R-0', 'trip_id': '0-0-6', 'agency_name': 'Unknown'}, {'duration': 30, 'departure_time': 15900, 'arrival_time': 15930, 'day': 'current_day', 'from_stop_id': 'MH-R-0', 'to_stop_id': 'MH-R-4', 'trip_id': 'walking', 'agency_name': 'Unknown'}, {'duration': 930, 'departure_time': 16140, 'arrival_time': 17070, 'day': 'current_day', 'from_stop_id': 'MH-R-4', 'to_stop_id': '133-4', 'trip_id': '9-1-21', 'agency_name': 'Unknown'}]}"
45,213,8310,inter,left,144,[55],[213],500,375,0,0,8685,8745.0,13350.0,13410.0,4605.0,4.0,55,213,,,pt,5100.0,13410.0,5100.0,"{'duration': 4605, 'source_transfer_time': 0, 'waiting_time': 165, 'trip_time': 4440, 'num_transfers': 4, 'departure_time': 8745, 'departure_day': 'current_day', 'arrival_time': 13350, 'arrival_day': 'current_day', 'steps': [{'duration': 450, 'departure_time': 8910, 'arrival_time': 9360, 'day': 'current_day', 'from_stop_id': '55-1', 'to_stop_id': 'MH-L-1', 'trip_id': '1-0-10', 'agency_name': 'Unknown'}, {'duration': 30, 'departure_time': 9360, 'arrival_time': 9390, 'day': 'current_day', 'from_stop_id': 'MH-L-1', 'to_stop_id': 'MH-L-0', 'trip_id': 'walking', 'agency_name': 'Unknown'}, {'duration': 1500, 'departure_time': 10800, 'arrival_time': 12300, 'day': 'current_day', 'from_stop_id': 'MH-L-0', 'to_stop_id': 'MH-R-0', 'trip_id': '0-0-4', 'agency_name': 'Unknown'}, {'duration': 30, 'departure_time': 12300, 'arrival_time': 12330, 'day': 'current_day', 'from_stop_id': 'MH-R-0', 'to_stop_id': 'MH-R-4', 'trip_id': 'walking', 'agency_name': 'Unknown'}, {'duration': 810, 'departure_time': 12540, 'arrival_time': 13350, 'day': 'current_day', 'from_stop_id': 'MH-R-4', 'to_stop_id': '213-4', 'trip_id': '9-0-15', 'agency_name': 'Unknown'}]}"
71,196,10710,inter,left,145,[61],[196],500,375,0,0,11085,11145.0,14790.0,14850.0,3645.0,4.0,61,196,,,pt,4140.0,14850.0,4140.0,"{'duration': 3645, 'source_transfer_time': 0, 'waiting_time': 45, 'trip_time': 3600, 'num_transfers': 4, 'departure_time': 11145, 'departure_day': 'current_day', 'arrival_time': 14790, 'arrival_day': 'current_day', 'steps': [{'duration': 570, 'departure_time': 11190, 'arrival_time': 11760, 'day': 'current_day', 'from_stop_id': '61-1', 'to_stop_id': 'MH-L-1', 'trip_id': '1-1-14', 'agency_name': 'Unknown'}, {'duration': 30, 'departure_time': 11760, 'arrival_time': 11790, 'day': 'current_day', 'from_stop_id': 'MH-L-1', 'to_stop_id': 'MH-L-0', 'trip_id': 'walking', 'agency_name': 'Unknown'}, {'duration': 1500, 'departure_time': 12600, 'arrival_time': 14100, 'day': 'current_day', 'from_stop_id': 'MH-L-0', 'to_stop_id': 'MH-R-0', 'trip_id': '0-0-5', 'agency_name': 'Unknown'}, {'duration': 30, 'departure_time': 14100, 'arrival_time': 14130, 'day': 'current_day', 'from_stop_id': 'MH-R-0', 'to_stop_id': 'MH-R-5', 'trip_id': 'walking', 'agency_name': 'Unknown'}, {'duration': 450, 'departure_time': 14340, 'arrival_time': 14790, 'day': 'current_day', 'from_stop_id': 'MH-R-5', 'to_stop_id': '196-5', 'trip_id': '10-0-18', 'agency_name': 'Unknown'}]}"
80,130,7380,inter,left,146,[80],[130],0,0,0,0,7380,7440.0,11790.0,11850.0,4350.0,4.0,80,130,,,pt,4470.0,11850.0,4470.0,"{'duration': 4350, 'source_transfer_time': 0, 'waiting_time': 150, 'trip_time': 4200, 'num_transfers': 4, 'departure_time': 7440, 'departure_day': 'current_day', 'arrival_time': 11790, 'arrival_day': 'current_day', 'steps': [{'duration': 570, 'departure_time': 7590, 'arrival_time': 8160, 'day': 'current_day', 'from_stop_id': '80-4', 'to_stop_id': 'MH-L-4', 'trip_id': '7-1-8', 'agency_name': 'Unknown'}, {'duration': 30, 'departure_time': 8160, 'arrival_time': 8190, 'day': 'current_day', 'from_stop_id': 'MH-L-4', 'to_stop_id': 'MH-L-0', 'trip_id': 'walking', 'agency_name': 'Unknown'}, {'duration': 1500, 'departure_time': 9000, 'arrival_time': 10500, 'day': 'current_day', 'from_stop_id': 'MH-L-0', 'to_stop_id': 'MH-R-0', 'trip_id': '0-0-3', 'agency_name': 'Unknown'}, {'duration': 30, 'departure_time': 10500, 'arrival_time': 10530, 'day': 'current_day', 'from_stop_id': 'MH-R-0', 'to_stop_id': 'MH-R-5', 'trip_id': 'walking', 'agency_name': 'Unknown'}, {'duration': 1050, 'departure_time': 10740, 'arrival_time': 11790, 'day': 'current_day', 'from_stop_id': 'MH-R-5', 'to_stop_id': '130-5', 'trip_id': '10-1-12', 'agency_name': 'Unknown'}]}"
81,149,5880,inter,left,147,[80; 92],[148; 150; 160],500,375,500,375,6255,6315.0,9270.0,9330.0,2955.0,4.0,80,148,,,pt,3825.0,9705.0,3825.0,"{'duration': 2955, 'source_transfer_time': 0, 'waiting_time': 75, 'trip_time': 2880, 'num_transfers': 4, 'departure_time': 6315, 'departure_day': 'current_day', 'arrival_time': 9270, 'arrival_day': 'current_day', 'steps': [{'duration': 570, 'departure_time': 6390, 'arrival_time': 6960, 'day': 'current_day', 'from_stop_id': '80-4', 'to_stop_id': 'MH-L-4', 'trip_id': '7-1-6', 'agency_name': 'Unknown'}, {'duration': 30, 'departure_time': 6960, 'arrival_time': 6990, 'day': 'current_day', 'from_stop_id': 'MH-L-4', 'to_stop_id': 'MH-L-0', 'trip_id': 'walking', 'agency_name': 'Unknown'}, {'duration': 1500, 'departure_time': 7200, 'arrival_time': 8700, 'day': 'current_day', 'from_stop_id': 'MH-L-0', 'to_stop_id': 'MH-R-0', 'trip_id': '0-0-2', 'agency_name': 'Unknown'}, {'duration': 30, 'departure_time': 8700, 'arrival_time': 8730, 'day': 'current_day', 'from_stop_id': 'MH-R-0', 'to_stop_id': 'MH-R-2', 'trip_id': 'walking', 'agency_name': 'Unknown'}, {'duration': 330, 'departure_time': 8940, 'arrival_time': 9270, 'day': 'current_day', 'from_stop_id': 'MH-R-2', 'to_stop_id': '148-2', 'trip_id': '4-0-9', 'agency_name': 'Unknown'}]}"
80,140,12870,inter,left,148,[80],[140],0,0,0,0,12870,12930.0,16950.0,17010.0,4020.0,4.0,80,140,,,pt,4140.0,17010.0,4140.0,"{'duration': 4020, 'source_transfer_time': 0, 'waiting_time': 60, 'trip_time': 3960, 'num_transfers': 4, 'departure_time': 12930, 'departure_day': 'current_day', 'arrival_time': 16950, 'arrival_day': 'current_day', 'steps': [{'duration': 570, 'departure_time': 12990, 'arrival_time': 13560, 'day': 'current_day', 'from_stop_id': '80-4', 'to_stop_id': 'MH-L-4', 'trip_id': '7-1-17', 'agency_name': 'Unknown'}, {'duration': 30, 'departure_time': 13560, 'arrival_time': 13590, 'day': 'current_day', 'from_stop_id': 'MH-L-4', 'to_stop_id': 'MH-L-0', 'trip_id': 'walking', 'agency_name': 'Unknown'}, {'duration': 1500, 'departure_time': 14400, 'arrival_time': 15900, 'day': 'current_day', 'from_stop_id': 'MH-L-0', 'to_stop_id': 'MH-R-0', 'trip_id': '0-0-6', 'agency_name': 'Unknown'}, {'duration': 30, 'departure_time': 15900, 'arrival_time': 15930, 'day': 'current_day', 'from_stop_id': 'MH-R-0', 'to_stop_id': 'MH-R-5', 'trip_id': 'walking', 'agency_name': 'Unknown'}, {'duration': 810, 'departure_time': 16140, 'arrival_time': 16950, 'day': 'current_day', 'from_stop_id': 'MH-R-5', 'to_stop_id': '140-5', 'trip_id': '10-1-21', 'agency_name': 'Unknown'}]}"
15,191,13410,inter,left,149,[16],[181],500,375,500,375,13785,13845.0,18390.0,18450.0,4545.0,4.0,16,181,,,pt,5415.0,18825.0,5415.0,"{'duration': 4545, 'source_transfer_time': 0, 'waiting_time': 465, 'trip_time': 4080, 'num_transfers': 4, 'departure_time': 13845, 'departure_day': 'current_day', 'arrival_time': 18390, 'arrival_day': 'current_day', 'steps': [{'duration': 450, 'departure_time': 14310, 'arrival_time': 14760, 'day': 'current_day', 'from_stop_id': '16-2', 'to_stop_id': 'MH-L-2', 'trip_id': '2-1-19', 'agency_name': 'Unknown'}, {'duration': 30, 'departure_time': 14760, 'arrival_time': 14790, 'day': 'current_day', 'from_stop_id': 'MH-L-2', 'to_stop_id': 'MH-L-0', 'trip_id': 'walking', 'agency_name': 'Unknown'}, {'duration': 1500, 'departure_time': 16200, 'arrival_time': 17700, 'day': 'current_day', 'from_stop_id': 'MH-L-0', 'to_stop_id': 'MH-R-0', 'trip_id': '0-0-7', 'agency_name': 'Unknown'}, {'duration': 30, 'departure_time': 17700, 'arrival_time': 17730, 'day': 'current_day', 'from_stop_id': 'MH-R-0', 'to_stop_id': 'MH-R-1', 'trip_id': 'walking', 'agency_name': 'Unknown'}, {'duration': 450, 'departure_time': 17940, 'arrival_time': 18390, 'day': 'current_day', 'from_stop_id': 'MH-R-1', 'to_stop_id': '181-1', 'trip_id': '3-0-24', 'agency_name': 'Unknown'}]}"
83,162,9660,inter,left,150,[85; 95; 105],[151; 161],1000,751,500,375,10411,10471.0,14790.0,14850.0,4319.0,4.0,85,161,,,pt,5565.0,15225.0,5565.0,"{'duration': 4319, 'source_transfer_time': 0, 'waiting_time': 599, 'trip_time': 3720, 'num_transfers': 4, 'departure_time': 10471, 'departure_day': 'current_day', 'arrival_time': 14790, 'arrival_day': 'current_day', 'steps': [{'duration': 690, 'departure_time': 11070, 'arrival_time': 11760, 'day': 'current_day', 'from_stop_id': '85-5', 'to_stop_id': 'MH-L-5', 'trip_id': '8-1-14', 'agency_name': 'Unknown'}, {'duration': 30, 'departure_time': 11760, 'arrival_time': 11790, 'day': 'current_day', 'from_stop_id': 'MH-L-5', 'to_stop_id': 'MH-L-0', 'trip_id': 'walking', 'agency_name': 'Unknown'}, {'duration': 1500, 'departure_time': 12600, 'arrival_time': 14100, 'day': 'current_day', 'from_stop_id': 'MH-L-0', 'to_stop_id': 'MH-R-0', 'trip_id': '0-0-5', 'agency_name': 'Unknown'}, {'duration': 30, 'departure_time': 14100, 'arrival_time': 14130, 'day': 'current_day', 'from_stop_id': 'MH-R-0', 'to_stop_id': 'MH-R-5', 'trip_id': 'walking', 'agency_name': 'Unknown'}, {'duration': 450, 'departure_time': 14340, 'arrival_time': 14790, 'day': 'current_day', 'from_stop_id': 'MH-R-5', 'to_stop_id': '161-5', 'trip_id': '10-1-18', 'agency_name': 'Unknown'}]}"
14,226,12990,inter,left,151,[12; 16; 24; 36],[226],1000,751,0,0,13741,13801.0,19110.0,19170.0,5309.0,4.0,12,226,,,pt,6180.0,19170.0,6180.0,"{'duration': 5309, 'source_transfer_time': 0, 'waiting_time': 29, 'trip_time': 5280, 'num_transfers': 4, 'departure_time': 13801, 'departure_day': 'current_day', 'arrival_time': 19110, 'arrival_day': 'current_day', 'steps': [{'duration': 930, 'departure_time': 13830, 'arrival_time': 14760, 'day': 'current_day', 'from_stop_id': '12-4', 'to_stop_id': 'MH-L-4', 'trip_id': '7-0-19', 'agency_name': 'Unknown'}, {'duration': 30, 'departure_time': 14760, 'arrival_time': 14790, 'day': 'current_day', 'from_stop_id': 'MH-L-4', 'to_stop_id': 'MH-L-0', 'trip_id': 'walking', 'agency_name': 'Unknown'}, {'duration': 1500, 'departure_time': 16200, 'arrival_time': 17700, 'day': 'current_day', 'from_stop_id': 'MH-L-0', 'to_stop_id': 'MH-R-0', 'trip_id': '0-0-7', 'agency_name': 'Unknown'}, {'duration': 30, 'departure_time': 17700, 'arrival_time': 17730, 'day': 'current_day', 'from_stop_id': 'MH-R-0', 'to_stop_id': 'MH-R-5', 'trip_id': 'walking', 'agency_name': 'Unknown'}, {'duration': 1170, 'departure_time': 17940, 'arrival_time': 19110, 'day': 'current_day', 'from_stop_id': 'MH-R-5', 'to_stop_id': '226-5', 'trip_id': '10-0-24', 'agency_name': 'Unknown'}]}"
89,157,8610,inter,left,152,[88],[157],500,375,0,0,8985,9045.0,12990.0,13050.0,3945.0,4.0,88,157,,,pt,4440.0,13050.0,4440.0,"{'duration': 3945, 'source_transfer_time': 0, 'waiting_time': 585, 'trip_time': 3360, 'num_transfers': 4, 'departure_time': 9045, 'departure_day': 'current_day', 'arrival_time': 12990, 'arrival_day': 'current_day', 'steps': [{'duration': 330, 'departure_time': 9630, 'arrival_time': 9960, 'day': 'current_day', 'from_stop_id': '88-2', 'to_stop_id': 'MH-L-2', 'trip_id': '2-0-11', 'agency_name': 'Unknown'}, {'duration': 30, 'departure_time': 9960, 'arrival_time': 9990, 'day': 'current_day', 'from_stop_id': 'MH-L-2', 'to_stop_id': 'MH-L-0', 'trip_id': 'walking', 'agency_name': 'Unknown'}, {'duration': 1500, 'departure_time': 10800, 'arrival_time': 12300, 'day': 'current_day', 'from_stop_id': 'MH-L-0', 'to_stop_id': 'MH-R-0', 'trip_id': '0-0-4', 'agency_name': 'Unknown'}, {'duration': 30, 'departure_time': 12300, 'arrival_time': 12330, 'day': 'current_day', 'from_stop_id': 'MH-R-0', 'to_stop_id': 'MH-R-4', 'trip_id': 'walking', 'agency_name': 'Unknown'}, {'duration': 450, 'departure_time': 12540, 'arrival_time': 12990, 'day': 'current_day', 'from_stop_id': 'MH-R-4', 'to_stop_id': '157-4', 'trip_id': '9-1-15', 'agency_name': 'Unknown'}]}"
28,202,12150,inter,left,153,[27; 29; 39],[201; 213],500,375,500,375,12525,12585.0,16710.0,16770.0,4125.0,4.0,27,201,,,pt,4995.0,17145.0,4995.0,"{'duration': 4125, 'source_transfer_time': 0, 'waiting_time': 45, 'trip_time': 4080, 'num_transfers': 4, 'departure_time': 12585, 'departure_day': 'current_day', 'arrival_time': 16710, 'arrival_day': 'current_day', 'steps': [{'duration': 330, 'departure_time': 12630, 'arrival_time': 12960, 'day': 'current_day', 'from_stop_id': '27-2', 'to_stop_id': 'MH-L-2', 'trip_id': '2-1-16', 'agency_name': 'Unknown'}, {'duration': 30, 'departure_time': 12960, 'arrival_time': 12990, 'day': 'current_day', 'from_stop_id': 'MH-L-2', 'to_stop_id': 'MH-L-0', 'trip_id': 'walking', 'agency_name': 'Unknown'}, {'duration': 1500, 'departure_time': 14400, 'arrival_time': 15900, 'day': 'current_day', 'from_stop_id': 'MH-L-0', 'to_stop_id': 'MH-R-0', 'trip_id': '0-0-6', 'agency_name': 'Unknown'}, {'duration': 30, 'departure_time': 15900, 'arrival_time': 15930, 'day': 'current_day', 'from_stop_id': 'MH-R-0', 'to_stop_id': 'MH-R-4', 'trip_id': 'walking', 'agency_name': 'Unknown'}, {'duration': 570, 'departure_time': 16140, 'arrival_time': 16710, 'day': 'current_day', 'from_stop_id': 'MH-R-4', 'to_stop_id': '201-4', 'trip_id': '9-0-21', 'agency_name': 'Unknown'}]}"
5,161,10320,inter,left,154,[5],[161],0,0,0,0,10320,10380.0,14790.0,14850.0,4410.0,4.0,5,161,,,pt,4530.0,14850.0,4530.0,"{'duration': 4410, 'source_transfer_time': 0, 'waiting_time': 210, 'trip_time': 4200, 'num_transfers': 4, 'departure_time': 10380, 'departure_day': 'current_day', 'arrival_time': 14790, 'arrival_day': 'current_day', 'steps': [{'duration': 570, 'departure_time': 10590, 'arrival_time': 11160, 'day': 'current_day', 'from_stop_id': '5-2', 'to_stop_id': 'MH-L-2', 'trip_id': '2-1-13', 'agency_name': 'Unknown'}, {'duration': 30, 'departure_time': 11160, 'arrival_time': 11190, 'day': 'current_day', 'from_stop_id': 'MH-L-2', 'to_stop_id': 'MH-L-0', 'trip_id': 'walking', 'agency_name': 'Unknown'}, {'duration': 1500, 'departure_time': 12600, 'arrival_time': 14100, 'day': 'current_day', 'from_stop_id': 'MH-L-0', 'to_stop_id': 'MH-R-0', 'trip_id': '0-0-5', 'agency_name': 'Unknown'}, {'duration': 30, 'departure_time': 14100, 'arrival_time': 14130, 'day': 'current_day', 'from_stop_id': 'MH-R-0', 'to_stop_id': 'MH-R-5', 'trip_id': 'walking', 'agency_name': 'Unknown'}, {'duration': 450, 'departure_time': 14340, 'arrival_time': 14790, 'day': 'current_day', 'from_stop_id': 'MH-R-5', 'to_stop_id': '161-5', 'trip_id': '10-1-18', 'agency_name': 'Unknown'}]}"
23,166,8730,inter,left,155,[23],[176],0,0,500,375,8730,8790.0,12990.0,13050.0,4200.0,4.0,23,176,,,pt,4695.0,13425.0,4695.0,"{'duration': 4200, 'source_transfer_time': 0, 'waiting_time': 360, 'trip_time': 3840, 'num_transfers': 4, 'departure_time': 8790, 'departure_day': 'current_day', 'arrival_time': 12990, 'arrival_day': 'current_day', 'steps': [{'duration': 810, 'departure_time': 9150, 'arrival_time': 9960, 'day': 'current_day', 'from_stop_id': '23-4', 'to_stop_id': 'MH-L-4', 'trip_id': '7-0-11', 'agency_name': 'Unknown'}, {'duration': 30, 'departure_time': 9960, 'arrival_time': 9990, 'day': 'current_day', 'from_stop_id': 'MH-L-4', 'to_stop_id': 'MH-L-0', 'trip_id': 'walking', 'agency_name': 'Unknown'}, {'duration': 1500, 'departure_time': 10800, 'arrival_time': 12300, 'day': 'current_day', 'from_stop_id': 'MH-L-0', 'to_stop_id': 'MH-R-0', 'trip_id': '0-0-4', 'agency_name': 'Unknown'}, {'duration': 30, 'departure_time': 12300, 'arrival_time': 12330, 'day': 'current_day', 'from_stop_id': 'MH-R-0', 'to_stop_id': 'MH-R-1', 'trip_id': 'walking', 'agency_name': 'Unknown'}, {'duration': 450, 'departure_time': 12540, 'arrival_time': 12990, 'day': 'current_day', 'from_stop_id': 'MH-R-1', 'to_stop_id': '176-1', 'trip_id': '3-1-15', 'agency_name': 'Unknown'}]}"
75,122,14160,inter,left,156,[75],[121; 133],0,0,500,375,14160,14220.0,18870.0,18930.0,4650.0,4.0,75,133,,,pt,5145.0,19305.0,5145.0,"{'duration': 4650, 'source_transfer_time': 0, 'waiting_time': 90, 'trip_time': 4560, 'num_transfers': 4, 'departure_time': 14220, 'departure_day': 'current_day', 'arrival_time': 18870, 'arrival_day': 'current_day', 'steps': [{'duration': 450, 'departure_time': 14310, 'arrival_time': 14760, 'day': 'current_day', 'from_stop_id': '75-5', 'to_stop_id': 'MH-L-5', 'trip_id': '8-1-19', 'agency_name': 'Unknown'}, {'duration': 30, 'departure_time': 14760, 'arrival_time': 14790, 'day': 'current_day', 'from_stop_id': 'MH-L-5', 'to_stop_id': 'MH-L-0', 'trip_id': 'walking', 'agency_name': 'Unknown'}, {'duration': 1500, 'departure_time': 16200, 'arrival_time': 17700, 'day': 'current_day', 'from_stop_id': 'MH-L-0', 'to_stop_id': 'MH-R-0', 'trip_id': '0-0-7', 'agency_name': 'Unknown'}, {'duration': 30, 'departure_time': 17700, 'arrival_time': 17730, 'day': 'current_day', 'from_stop_id': 'MH-R-0', 'to_stop_id': 'MH-R-4', 'trip_id': 'walking', 'agency_name': 'Unknown'}, {'duration': 930, 'departure_time': 17940, 'arrival_time': 18870, 'day': 'current_day', 'from_stop_id': 'MH-R-4', 'to_stop_id': '133-4', 'trip_id': '9-1-24', 'agency_name': 'Unknown'}]}"
15,150,6930,inter,left,157,[16],[150],500,375,0,0,7305,7365.0,11310.0,11370.0,3945.0,4.0,16,150,,,pt,4440.0,11370.0,4440.0,"{'duration': 3945, 'source_transfer_time': 0, 'waiting_time': 345, 'trip_time': 3600, 'num_transfers': 4, 'departure_time': 7365, 'departure_day': 'current_day', 'arrival_time': 11310, 'arrival_day': 'current_day', 'steps': [{'duration': 450, 'departure_time': 7710, 'arrival_time': 8160, 'day': 'current_day', 'from_stop_id': '16-2', 'to_stop_id': 'MH-L-2', 'trip_id': '2-1-8', 'agency_name': 'Unknown'}, {'duration': 30, 'departure_time': 8160, 'arrival_time': 8190, 'day': 'current_day', 'from_stop_id': 'MH-L-2', 'to_stop_id': 'MH-L-0', 'trip_id': 'walking', 'agency_name': 'Unknown'}, {'duration': 1500, 'departure_time': 9000, 'arrival_time': 10500, 'day': 'current_day', 'from_stop_id': 'MH-L-0', 'to_stop_id': 'MH-R-0', 'trip_id': '0-0-3', 'agency_name': 'Unknown'}, {'duration': 30, 'departure_time': 10500, 'arrival_time': 10530, 'day': 'current_day', 'from_stop_id': 'MH-R-0', 'to_stop_id': 'MH-R-5', 'trip_id': 'walking', 'agency_name': 'Unknown'}, {'duration': 570, 'departure_time': 10740, 'arrival_time': 11310, 'day': 'current_day', 'from_stop_id': 'MH-R-5', 'to_stop_id': '150-5', 'trip_id': '10-1-12', 'agency_name': 'Unknown'}]}"
84,216,10740,inter,left,158,[85; 95],[216],500,375,0,0,11115,11175.0,15270.0,15330.0,4095.0,4.0,85,216,,,pt,4590.0,15330.0,4590.0,"{'duration': 4095, 'source_transfer_time': 0, 'waiting_time': 495, 'trip_time': 3600, 'num_transfers': 4, 'departure_time': 11175, 'departure_day': 'current_day', 'arrival_time': 15270, 'arrival_day': 'current_day', 'steps': [{'duration': 690, 'departure_time': 11670, 'arrival_time': 12360, 'day': 'current_day', 'from_stop_id': '85-5', 'to_stop_id': 'MH-L-5', 'trip_id': '8-1-15', 'agency_name': 'Unknown'}, {'duration': 30, 'departure_time': 12360, 'arrival_time': 12390, 'day': 'current_day', 'from_stop_id': 'MH-L-5', 'to_stop_id': 'MH-L-0', 'trip_id': 'walking', 'agency_name': 'Unknown'}, {'duration': 1500, 'departure_time': 12600, 'arrival_time': 14100, 'day': 'current_day', 'from_stop_id': 'MH-L-0', 'to_stop_id': 'MH-R-0', 'trip_id': '0-0-5', 'agency_name': 'Unknown'}, {'duration': 30, 'departure_time': 14100, 'arrival_time': 14130, 'day': 'current_day', 'from_stop_id': 'MH-R-0', 'to_stop_id': 'MH-R-5', 'trip_id': 'walking', 'agency_name': 'Unknown'}, {'duration': 930, 'departure_time': 14340, 'arrival_time': 15270, 'day': 'current_day', 'from_stop_id': 'MH-R-5', 'to_stop_id': '216-5', 'trip_id': '10-0-18', 'agency_name': 'Unknown'}]}"
34,210,6360,inter,left,159,[23; 35],[209],500,375,500,375,6735,6795.0,11070.0,11130.0,4275.0,4.0,23,209,,,pt,5145.0,11505.0,5145.0,"{'duration': 4275, 'source_transfer_time': 0, 'waiting_time': 555, 'trip_time': 3720, 'num_transfers': 4, 'departure_time': 6795, 'departure_day': 'current_day', 'arrival_time': 11070, 'arrival_day': 'current_day', 'steps': [{'duration': 810, 'departure_time': 7350, 'arrival_time': 8160, 'day': 'current_day', 'from_stop_id': '23-4', 'to_stop_id': 'MH-L-4', 'trip_id': '7-0-8', 'agency_name': 'Unknown'}, {'duration': 30, 'departure_time': 8160, 'arrival_time': 8190, 'day': 'current_day', 'from_stop_id': 'MH-L-4', 'to_stop_id': 'MH-L-0', 'trip_id': 'walking', 'agency_name': 'Unknown'}, {'duration': 1500, 'departure_time': 9000, 'arrival_time': 10500, 'day': 'current_day', 'from_stop_id': 'MH-L-0', 'to_stop_id': 'MH-R-0', 'trip_id': '0-0-3', 'agency_name': 'Unknown'}, {'duration': 30, 'departure_time': 10500, 'arrival_time': 10530, 'day': 'current_day', 'from_stop_id': 'MH-R-0', 'to_stop_id': 'MH-R-2', 'trip_id': 'walking', 'agency_name': 'Unknown'}, {'duration': 330, 'departure_time': 10740, 'arrival_time': 11070, 'day': 'current_day', 'from_stop_id': 'MH-R-2', 'to_stop_id': '209-2', 'trip_id': '4-1-12', 'agency_name': 'Unknown'}]}"
83,215,8130,inter,left,160,[85; 95; 105],[216; 226],1000,751,500,375,8881,8941.0,13470.0,13530.0,4529.0,4.0,85,216,,,pt,5775.0,13905.0,5775.0,"{'duration': 4529, 'source_transfer_time': 0, 'waiting_time': 329, 'trip_time': 4200, 'num_transfers': 4, 'departure_time': 8941, 'departure_day': 'current_day', 'arrival_time': 13470, 'arrival_day': 'current_day', 'steps': [{'duration': 690, 'departure_time': 9270, 'arrival_time': 9960, 'day': 'current_day', 'from_stop_id': '85-5', 'to_stop_id': 'MH-L-5', 'trip_id': '8-1-11', 'agency_name': 'Unknown'}, {'duration': 30, 'departure_time': 9960, 'arrival_time': 9990, 'day': 'current_day', 'from_stop_id': 'MH-L-5', 'to_stop_id': 'MH-L-0', 'trip_id': 'walking', 'agency_name': 'Unknown'}, {'duration': 1500, 'departure_time': 10800, 'arrival_time': 12300, 'day': 'current_day', 'from_stop_id': 'MH-L-0', 'to_stop_id': 'MH-R-0', 'trip_id': '0-0-4', 'agency_name': 'Unknown'}, {'duration': 30, 'departure_time': 12300, 'arrival_time': 12330, 'day': 'current_day', 'from_stop_id': 'MH-R-0', 'to_stop_id': 'MH-R-5', 'trip_id': 'walking', 'agency_name': 'Unknown'}, {'duration': 930, 'departure_time': 12540, 'arrival_time': 13470, 'day': 'current_day', 'from_stop_id': 'MH-R-5', 'to_stop_id': '216-5', 'trip_id': '10-0-15', 'agency_name': 'Unknown'}]}"
18,235,12360,inter,left,161,[19; 29],[224; 236],500,375,500,375,12735,12795.0,17070.0,17130.0,4275.0,4.0,19,224,,,pt,5145.0,17505.0,5145.0,"{'duration': 4275, 'source_transfer_time': 0, 'waiting_time': 555, 'trip_time': 3720, 'num_transfers': 4, 'departure_time': 12795, 'departure_day': 'current_day', 'arrival_time': 17070, 'arrival_day': 'current_day', 'steps': [{'duration': 810, 'departure_time': 13350, 'arrival_time': 14160, 'day': 'current_day', 'from_stop_id': '19-5', 'to_stop_id': 'MH-L-5', 'trip_id': '8-0-18', 'agency_name': 'Unknown'}, {'duration': 30, 'departure_time': 14160, 'arrival_time': 14190, 'day': 'current_day', 'from_stop_id': 'MH-L-5', 'to_stop_id': 'MH-L-0', 'trip_id': 'walking', 'agency_name': 'Unknown'}, {'duration': 1500, 'departure_time': 14400, 'arrival_time': 15900, 'day': 'current_day', 'from_stop_id': 'MH-L-0', 'to_stop_id': 'MH-R-0', 'trip_id': '0-0-6', 'agency_name': 'Unknown'}, {'duration': 30, 'departure_time': 15900, 'arrival_time': 15930, 'day': 'current_day', 'from_stop_id': 'MH-R-0', 'to_stop_id': 'MH-R-4', 'trip_id': 'walking', 'agency_name': 'Unknown'}, {'duration': 930, 'departure_time': 16140, 'arrival_time': 17070, 'day': 'current_day', 'from_stop_id': 'MH-R-4', 'to_stop_id': '224-4', 'trip_id': '9-0-21', 'agency_name': 'Unknown'}]}"
75,124,9300,inter,left,162,[75],[126],0,0,1000,751,9300,9360.0,13110.0,13170.0,3750.0,4.0,75,126,,,pt,4621.0,13921.0,4621.0,"{'duration': 3750, 'source_transfer_time': 0, 'waiting_time': 150, 'trip_time': 3600, 'num_transfers': 4, 'departure_time': 9360, 'departure_day': 'current_day', 'arrival_time': 13110, 'arrival_day': 'current_day', 'steps': [{'duration': 450, 'departure_time': 9510, 'arrival_time': 9960, 'day': 'current_day', 'from_stop_id': '75-5', 'to_stop_id': 'MH-L-5', 'trip_id': '8-1-11', 'agency_name': 'Unknown'}, {'duration': 30, 'departure_time': 9960, 'arrival_time': 9990, 'day': 'current_day', 'from_stop_id': 'MH-L-5', 'to_stop_id': 'MH-L-0', 'trip_id': 'walking', 'agency_name': 'Unknown'}, {'duration': 1500, 'departure_time': 10800, 'arrival_time': 12300, 'day': 'current_day', 'from_stop_id': 'MH-L-0', 'to_stop_id': 'MH-R-0', 'trip_id': '0-0-4', 'agency_name': 'Unknown'}, {'duration': 30, 'departure_time': 12300, 'arrival_time': 12330, 'day': 'current_day', 'from_stop_id': 'MH-R-0', 'to_stop_id': 'MH-R-2', 'trip_id': 'walking', 'agency_name': 'Unknown'}, {'duration': 570, 'departure_time': 12540, 'arrival_time': 13110, 'day': 'current_day', 'from_stop_id': 'MH-R-2', 'to_stop_id': '126-2', 'trip_id': '4-0-15', 'agency_name': 'Unknown'}]}"
28,122,6390,inter,left,163,[27; 29; 39],[121; 133],500,375,500,375,6765,6825.0,11670.0,11730.0,4845.0,4.0,27,133,,,pt,5715.0,12105.0,5715.0,"{'duration': 4845, 'source_transfer_time': 0, 'waiting_time': 405, 'trip_time': 4440, 'num_transfers': 4, 'departure_time': 6825, 'departure_day': 'current_day', 'arrival_time': 11670, 'arrival_day': 'current_day', 'steps': [{'duration': 330, 'departure_time': 7230, 'arrival_time': 7560, 'day': 'current_day', 'from_stop_id': '27-2', 'to_stop_id': 'MH-L-2', 'trip_id': '2-1-7', 'agency_name': 'Unknown'}, {'duration': 30, 'departure_time': 7560, 'arrival_time': 7590, 'day': 'current_day', 'from_stop_id': 'MH-L-2', 'to_stop_id': 'MH-L-0', 'trip_id': 'walking', 'agency_name': 'Unknown'}, {'duration': 1500, 'departure_time': 9000, 'arrival_time': 10500, 'day': 'current_day', 'from_stop_id': 'MH-L-0', 'to_stop_id': 'MH-R-0', 'trip_id': '0-0-3', 'agency_name': 'Unknown'}, {'duration': 30, 'departure_time': 10500, 'arrival_time': 10530, 'day': 'current_day', 'from_stop_id': 'MH-R-0', 'to_stop_id': 'MH-R-4', 'trip_id': 'walking', 'agency_name': 'Unknown'}, {'duration': 930, 'departure_time': 10740, 'arrival_time': 11670, 'day': 'current_day', 'from_stop_id': 'MH-R-4', 'to_stop_id': '133-4', 'trip_id': '9-1-12', 'agency_name': 'Unknown'}]}"
81,194,8970,inter,left,164,[80; 92],[176; 196; 206; 216],500,375,1000,751,9345,9405.0,12990.0,13050.0,3585.0,4.0,80,176,,,pt,4831.0,13801.0,4831.0,"{'duration': 3585, 'source_transfer_time': 0, 'waiting_time': 585, 'trip_time': 3000, 'num_transfers': 4, 'departure_time': 9405, 'departure_day': 'current_day', 'arrival_time': 12990, 'arrival_day': 'current_day', 'steps': [{'duration': 570, 'departure_time': 9990, 'arrival_time': 10560, 'day': 'current_day', 'from_stop_id': '80-4', 'to_stop_id': 'MH-L-4', 'trip_id': '7-1-12', 'agency_name': 'Unknown'}, {'duration': 30, 'departure_time': 10560, 'arrival_time': 10590, 'day': 'current_day', 'from_stop_id': 'MH-L-4', 'to_stop_id': 'MH-L-0', 'trip_id': 'walking', 'agency_name': 'Unknown'}, {'duration': 1500, 'departure_time': 10800, 'arrival_time': 12300, 'day': 'current_day', 'from_stop_id': 'MH-L-0', 'to_stop_id': 'MH-R-0', 'trip_id': '0-0-4', 'agency_name': 'Unknown'}, {'duration': 30, 'departure_time': 12300, 'arrival_time': 12330, 'day': 'current_day', 'from_stop_id': 'MH-R-0', 'to_stop_id': 'MH-R-1', 'trip_id': 'walking', 'agency_name': 'Unknown'}, {'duration': 450, 'departure_time': 12540, 'arrival_time': 12990, 'day': 'current_day', 'from_stop_id': 'MH-R-1', 'to_stop_id': '176-1', 'trip_id': '3-1-15', 'agency_name': 'Unknown'}]}"
75,196,12150,inter,left,165,[75],[196],0,0,0,0,12150,12210.0,16590.0,16650.0,4380.0,4.0,75,196,,,pt,4500.0,16650.0,4500.0,"{'duration': 4380, 'source_transfer_time': 0, 'waiting_time': 300, 'trip_time': 4080, 'num_transfers': 4, 'departure_time': 12210, 'departure_day': 'current_day', 'arrival_time': 16590, 'arrival_day': 'current_day', 'steps': [{'duration': 450, 'departure_time': 12510, 'arrival_time': 12960, 'day': 'current_day', 'from_stop_id': '75-5', 'to_stop_id': 'MH-L-5', 'trip_id': '8-1-16', 'agency_name': 'Unknown'}, {'duration': 30, 'departure_time': 12960, 'arrival_time': 12990, 'day': 'current_day', 'from_stop_id': 'MH-L-5', 'to_stop_id': 'MH-L-0', 'trip_id': 'walking', 'agency_name': 'Unknown'}, {'duration': 1500, 'departure_time': 14400, 'arrival_time': 15900, 'day': 'current_day', 'from_stop_id': 'MH-L-0', 'to_stop_id': 'MH-R-0', 'trip_id': '0-0-6', 'agency_name': 'Unknown'}, {'duration': 30, 'departure_time': 15900, 'arrival_time': 15930, 'day': 'current_day', 'from_stop_id': 'MH-R-0', 'to_stop_id': 'MH-R-5', 'trip_id': 'walking', 'agency_name': 'Unknown'}, {'duration': 450, 'departure_time': 16140, 'arrival_time': 16590, 'day': 'current_day', 'from_stop_id': 'MH-R-5', 'to_stop_id': '196-5', 'trip_id': '10-0-21', 'agency_name': 'Unknown'}]}"
28,226,10050,inter,left,166,[27; 29; 39],[226],500,375,0,0,10425,10485.0,15510.0,15570.0,5025.0,4.0,27,226,,,pt,5520.0,15570.0,5520.0,"{'duration': 5025, 'source_transfer_time': 0, 'waiting_time': 345, 'trip_time': 4680, 'num_transfers': 4, 'departure_time': 10485, 'departure_day': 'current_day', 'arrival_time': 15510, 'arrival_day': 'current_day', 'steps': [{'duration': 330, 'departure_time': 10830, 'arrival_time': 11160, 'day': 'current_day', 'from_stop_id': '27-2', 'to_stop_id': 'MH-L-2', 'trip_id': '2-1-13', 'agency_name': 'Unknown'}, {'duration': 30, 'departure_time': 11160, 'arrival_time': 11190, 'day': 'current_day', 'from_stop_id': 'MH-L-2', 'to_stop_id': 'MH-L-0', 'trip_id': 'walking', 'agency_name': 'Unknown'}, {'duration': 1500, 'departure_time': 12600, 'arrival_time': 14100, 'day': 'current_day', 'from_stop_id': 'MH-L-0', 'to_stop_id': 'MH-R-0', 'trip_id': '0-0-5', 'agency_name': 'Unknown'}, {'duration': 30, 'departure_time': 14100, 'arrival_time': 14130, 'day': 'current_day', 'from_stop_id': 'MH-R-0', 'to_stop_id': 'MH-R-5', 'trip_id': 'walking', 'agency_name': 'Unknown'}, {'duration': 1170, 'departure_time': 14340, 'arrival_time': 15510, 'day': 'current_day', 'from_stop_id': 'MH-R-5', 'to_stop_id': '226-5', 'trip_id': '10-0-18', 'agency_name': 'Unknown'}]}"
93,153,4590,inter,left,167,[92; 104],[131; 141; 151],500,375,1000,751,4965,5025.0,9630.0,9690.0,4605.0,4.0,92,151,,,pt,5851.0,10441.0,5851.0,"{'duration': 4605, 'source_transfer_time': 0, 'waiting_time': 525, 'trip_time': 4080, 'num_transfers': 4, 'departure_time': 5025, 'departure_day': 'current_day', 'arrival_time': 9630, 'arrival_day': 'current_day', 'steps': [{'duration': 810, 'departure_time': 5550, 'arrival_time': 6360, 'day': 'current_day', 'from_stop_id': '92-4', 'to_stop_id': 'MH-L-4', 'trip_id': '7-1-5', 'agency_name': 'Unknown'}, {'duration': 30, 'departure_time': 6360, 'arrival_time': 6390, 'day': 'current_day', 'from_stop_id': 'MH-L-4', 'to_stop_id': 'MH-L-0', 'trip_id': 'walking', 'agency_name': 'Unknown'}, {'duration': 1500, 'departure_time': 7200, 'arrival_time': 8700, 'day': 'current_day', 'from_stop_id': 'MH-L-0', 'to_stop_id': 'MH-R-0', 'trip_id': '0-0-2', 'agency_name': 'Unknown'}, {'duration': 30, 'departure_time': 8700, 'arrival_time': 8730, 'day': 'current_day', 'from_stop_id': 'MH-R-0', 'to_stop_id': 'MH-R-5', 'trip_id': 'walking', 'agency_name': 'Unknown'}, {'duration': 690, 'departure_time': 8940, 'arrival_time': 9630, 'day': 'current_day', 'from_stop_id': 'MH-R-5', 'to_stop_id': '151-5', 'trip_id': '10-1-9', 'agency_name': 'Unknown'}]}"
82,196,12540,inter,left,168,[61; 80; 92; 104],[196],1000,751,0,0,13291,13351.0,16590.0,16650.0,3239.0,4.0,61,196,,,pt,4110.0,16650.0,4110.0,"{'duration': 3239, 'source_transfer_time': 0, 'waiting_time': 239, 'trip_time': 3000, 'num_transfers': 4, 'departure_time': 13351, 'departure_day': 'current_day', 'arrival_time': 16590, 'arrival_day': 'current_day', 'steps': [{'duration': 570, 'departure_time': 13590, 'arrival_time': 14160, 'day': 'current_day', 'from_stop_id': '61-1', 'to_stop_id': 'MH-L-1', 'trip_id': '1-1-18', 'agency_name': 'Unknown'}, {'duration': 30, 'departure_time': 14160, 'arrival_time': 14190, 'day': 'current_day', 'from_stop_id': 'MH-L-1', 'to_stop_id': 'MH-L-0', 'trip_id': 'walking', 'agency_name': 'Unknown'}, {'duration': 1500, 'departure_time': 14400, 'arrival_time': 15900, 'day': 'current_day', 'from_stop_id': 'MH-L-0', 'to_stop_id': 'MH-R-0', 'trip_id': '0-0-6', 'agency_name': 'Unknown'}, {'duration': 30, 'departure_time': 15900, 'arrival_time': 15930, 'day': 'current_day', 'from_stop_id': 'MH-R-0', 'to_stop_id': 'MH-R-5', 'trip_id': 'walking', 'agency_name': 'Unknown'}, {'duration': 450, 'departure_time': 16140, 'arrival_time': 16590, 'day': 'current_day', 'from_stop_id': 'MH-R-5', 'to_stop_id': '196-5', 'trip_id': '10-0-21', 'agency_name': 'Unknown'}]}"
22,235,4380,inter,left,169,[11; 23],[224; 236],500,375,500,375,4755,4815.0,9870.0,9930.0,5055.0,4.0,11,224,,,pt,5925.0,10305.0,5925.0,"{'duration': 5055, 'source_transfer_time': 0, 'waiting_time': 495, 'trip_time': 4560, 'num_transfers': 4, 'departure_time': 4815, 'departure_day': 'current_day', 'arrival_time': 9870, 'arrival_day': 'current_day', 'steps': [{'duration': 1050, 'departure_time': 5310, 'arrival_time': 6360, 'day': 'current_day', 'from_stop_id': '11-4', 'to_stop_id': 'MH-L-4', 'trip_id': '7-0-5', 'agency_name': 'Unknown'}, {'duration': 30, 'departure_time': 6360, 'arrival_time': 6390, 'day': 'current_day', 'from_stop_id': 'MH-L-4', 'to_stop_id': 'MH-L-0', 'trip_id': 'walking', 'agency_name': 'Unknown'}, {'duration': 1500, 'departure_time': 7200, 'arrival_time': 8700, 'day': 'current_day', 'from_stop_id': 'MH-L-0', 'to_stop_id': 'MH-R-0', 'trip_id': '0-0-2', 'agency_name': 'Unknown'}, {'duration': 30, 'departure_time': 8700, 'arrival_time': 8730, 'day': 'current_day', 'from_stop_id': 'MH-R-0', 'to_stop_id': 'MH-R-4', 'trip_id': 'walking', 'agency_name': 'Unknown'}, {'duration': 930, 'departure_time': 8940, 'arrival_time': 9870, 'day': 'current_day', 'from_stop_id': 'MH-R-4', 'to_stop_id': '224-4', 'trip_id': '9-0-9', 'agency_name': 'Unknown'}]}"
82,211,6450,inter,left,170,[61; 80; 92; 104],[200; 212],1000,751,500,375,7201,7261.0,11190.0,11250.0,3929.0,4.0,61,200,,,pt,5175.0,11625.0,5175.0,"{'duration': 3929, 'source_transfer_time': 0, 'waiting_time': 329, 'trip_time': 3600, 'num_transfers': 4, 'departure_time': 7261, 'departure_day': 'current_day', 'arrival_time': 11190, 'arrival_day': 'current_day', 'steps': [{'duration': 570, 'departure_time': 7590, 'arrival_time': 8160, 'day': 'current_day', 'from_stop_id': '61-1', 'to_stop_id': 'MH-L-1', 'trip_id': '1-1-8', 'agency_name': 'Unknown'}, {'duration': 30, 'departure_time': 8160, 'arrival_time': 8190, 'day': 'current_day', 'from_stop_id': 'MH-L-1', 'to_stop_id': 'MH-L-0', 'trip_id': 'walking', 'agency_name': 'Unknown'}, {'duration': 1500, 'departure_time': 9000, 'arrival_time': 10500, 'day': 'current_day', 'from_stop_id': 'MH-L-0', 'to_stop_id': 'MH-R-0', 'trip_id': '0-0-3', 'agency_name': 'Unknown'}, {'duration': 30, 'departure_time': 10500, 'arrival_time': 10530, 'day': 'current_day', 'from_stop_id': 'MH-R-0', 'to_stop_id': 'MH-R-4', 'trip_id': 'walking', 'agency_name': 'Unknown'}, {'duration': 450, 'departure_time': 10740, 'arrival_time': 11190, 'day': 'current_day', 'from_stop_id': 'MH-R-4', 'to_stop_id': '200-4', 'trip_id': '9-0-12', 'agency_name': 'Unknown'}]}"
67,141,5310,inter,left,171,[67],[141],0,0,0,0,5310,5370.0,9870.0,9930.0,4500.0,4.0,67,141,,,pt,4620.0,9930.0,4620.0,"{'duration': 4500, 'source_transfer_time': 0, 'waiting_time': 180, 'trip_time': 4320, 'num_transfers': 4, 'departure_time': 5370, 'departure_day': 'current_day', 'arrival_time': 9870, 'arrival_day': 'current_day', 'steps': [{'duration': 210, 'departure_time': 5550, 'arrival_time': 5760, 'day': 'current_day', 'from_stop_id': '67-4', 'to_stop_id': 'MH-L-4', 'trip_id': '7-1-4', 'agency_name': 'Unknown'}, {'duration': 30, 'departure_time': 5760, 'arrival_time': 5790, 'day': 'current_day', 'from_stop_id': 'MH-L-4', 'to_stop_id': 'MH-L-0', 'trip_id': 'walking', 'agency_name': 'Unknown'}, {'duration': 1500, 'departure_time': 7200, 'arrival_time': 8700, 'day': 'current_day', 'from_stop_id': 'MH-L-0', 'to_stop_id': 'MH-R-0', 'trip_id': '0-0-2', 'agency_name': 'Unknown'}, {'duration': 30, 'departure_time': 8700, 'arrival_time': 8730, 'day': 'current_day', 'from_stop_id': 'MH-R-0', 'to_stop_id': 'MH-R-5', 'trip_id': 'walking', 'agency_name': 'Unknown'}, {'duration': 930, 'departure_time': 8940, 'arrival_time': 9870, 'day': 'current_day', 'from_stop_id': 'MH-R-5', 'to_stop_id': '141-5', 'trip_id': '10-1-9', 'agency_name': 'Unknown'}]}"
43,182,10560,inter,left,172,[61],[182],1000,751,0,0,11311,11371.0,14910.0,14970.0,3539.0,4.0,61,182,,,pt,4410.0,14970.0,4410.0,"{'duration': 3539, 'source_transfer_time': 0, 'waiting_time': 419, 'trip_time': 3120, 'num_transfers': 4, 'departure_time': 11371, 'departure_day': 'current_day', 'arrival_time': 14910, 'arrival_day': 'current_day', 'steps': [{'duration': 570, 'departure_time': 11790, 'arrival_time': 12360, 'day': 'current_day', 'from_stop_id': '61-1', 'to_stop_id': 'MH-L-1', 'trip_id': '1-1-15', 'agency_name': 'Unknown'}, {'duration': 30, 'departure_time': 12360, 'arrival_time': 12390, 'day': 'current_day', 'from_stop_id': 'MH-L-1', 'to_stop_id': 'MH-L-0', 'trip_id': 'walking', 'agency_name': 'Unknown'}, {'duration': 1500, 'departure_time': 12600, 'arrival_time': 14100, 'day': 'current_day', 'from_stop_id': 'MH-L-0', 'to_stop_id': 'MH-R-0', 'trip_id': '0-0-5', 'agency_name': 'Unknown'}, {'duration': 30, 'departure_time': 14100, 'arrival_time': 14130, 'day': 'current_day', 'from_stop_id': 'MH-R-0', 'to_stop_id': 'MH-R-1', 'trip_id': 'walking', 'agency_name': 'Unknown'}, {'duration': 570, 'departure_time': 14340, 'arrival_time': 14910, 'day': 'current_day', 'from_stop_id': 'MH-R-1', 'to_stop_id': '182-1', 'trip_id': '3-0-18', 'agency_name': 'Unknown'}]}"
15,182,12510,inter,left,173,[16],[182],500,375,0,0,12885,12945.0,16710.0,16770.0,3765.0,4.0,16,182,,,pt,4260.0,16770.0,4260.0,"{'duration': 3765, 'source_transfer_time': 0, 'waiting_time': 165, 'trip_time': 3600, 'num_transfers': 4, 'departure_time': 12945, 'departure_day': 'current_day', 'arrival_time': 16710, 'arrival_day': 'current_day', 'steps': [{'duration': 450, 'departure_time': 13110, 'arrival_time': 13560, 'day': 'current_day', 'from_stop_id': '16-2', 'to_stop_id': 'MH-L-2', 'trip_id': '2-1-17', 'agency_name': 'Unknown'}, {'duration': 30, 'departure_time': 13560, 'arrival_time': 13590, 'day': 'current_day', 'from_stop_id': 'MH-L-2', 'to_stop_id': 'MH-L-0', 'trip_id': 'walking', 'agency_name': 'Unknown'}, {'duration': 1500, 'departure_time': 14400, 'arrival_time': 15900, 'day': 'current_day', 'from_stop_id': 'MH-L-0', 'to_stop_id': 'MH-R-0', 'trip_id': '0-0-6', 'agency_name': 'Unknown'}, {'duration': 30, 'departure_time': 15900, 'arrival_time': 15930, 'day': 'current_day', 'from_stop_id': 'MH-R-0', 'to_stop_id': 'MH-R-1', 'trip_id': 'walking', 'agency_name': 'Unknown'}, {'duration': 570, 'departure_time': 16140, 'arrival_time': 16710, 'day': 'current_day', 'from_stop_id': 'MH-R-1', 'to_stop_id': '182-1', 'trip_id': '3-0-21', 'agency_name': 'Unknown'}]}"
92,222,8250,inter,left,174,[92],[200; 212; 220; 224],0,0,1000,751,8250,8310.0,12990.0,13050.0,4680.0,4.0,92,200,,,pt,5551.0,13801.0,5551.0,"{'duration': 4680, 'source_transfer_time': 0, 'waiting_time': 240, 'trip_time': 4440, 'num_transfers': 4, 'departure_time': 8310, 'departure_day': 'current_day', 'arrival_time': 12990, 'arrival_day': 'current_day', 'steps': [{'duration': 810, 'departure_time': 8550, 'arrival_time': 9360, 'day': 'current_day', 'from_stop_id': '92-4', 'to_stop_id': 'MH-L-4', 'trip_id': '7-1-10', 'agency_name': 'Unknown'}, {'duration': 30, 'departure_time': 9360, 'arrival_time': 9390, 'day': 'current_day', 'from_stop_id': 'MH-L-4', 'to_stop_id': 'MH-L-0', 'trip_id': 'walking', 'agency_name': 'Unknown'}, {'duration': 1500, 'departure_time': 10800, 'arrival_time': 12300, 'day': 'current_day', 'from_stop_id': 'MH-L-0', 'to_stop_id': 'MH-R-0', 'trip_id': '0-0-4', 'agency_name': 'Unknown'}, {'duration': 30, 'departure_time': 12300, 'arrival_time': 12330, 'day': 'current_day', 'from_stop_id': 'MH-R-0', 'to_stop_id': 'MH-R-4', 'trip_id': 'walking', 'agency_name': 'Unknown'}, {'duration': 450, 'departure_time': 12540, 'arrival_time': 12990, 'day': 'current_day', 'from_stop_id': 'MH-R-4', 'to_stop_id': '200-4', 'trip_id': '9-0-15', 'agency_name': 'Unknown'}]}"
99,127,7170,inter,left,175,[99],[126],0,0,500,375,7170,7230.0,11310.0,11370.0,4080.0,4.0,99,126,,,pt,4575.0,11745.0,4575.0,"{'duration': 4080, 'source_transfer_time': 0, 'waiting_time': 480, 'trip_time': 3600, 'num_transfers': 4, 'departure_time': 7230, 'departure_day': 'current_day', 'arrival_time': 11310, 'arrival_day': 'current_day', 'steps': [{'duration': 450, 'departure_time': 7710, 'arrival_time': 8160, 'day': 'current_day', 'from_stop_id': '99-2', 'to_stop_id': 'MH-L-2', 'trip_id': '2-0-8', 'agency_name': 'Unknown'}, {'duration': 30, 'departure_time': 8160, 'arrival_time': 8190, 'day': 'current_day', 'from_stop_id': 'MH-L-2', 'to_stop_id': 'MH-L-0', 'trip_id': 'walking', 'agency_name': 'Unknown'}, {'duration': 1500, 'departure_time': 9000, 'arrival_time': 10500, 'day': 'current_day', 'from_stop_id': 'MH-L-0', 'to_stop_id': 'MH-R-0', 'trip_id': '0-0-3', 'agency_name': 'Unknown'}, {'duration': 30, 'departure_time': 10500, 'arrival_time': 10530, 'day': 'current_day', 'from_stop_id': 'MH-R-0', 'to_stop_id': 'MH-R-2', 'trip_id': 'walking', 'agency_name': 'Unknown'}, {'duration': 570, 'departure_time': 10740, 'arrival_time': 11310, 'day': 'current_day', 'from_stop_id': 'MH-R-2', 'to_stop_id': '126-2', 'trip_id': '4-0-12', 'agency_name': 'Unknown'}]}"
88,189,8580,inter,left,176,[88],[189],0,0,0,0,8580,8640.0,12870.0,12930.0,4230.0,4.0,88,189,,,pt,4350.0,12930.0,4350.0,"{'duration': 4230, 'source_transfer_time': 0, 'waiting_time': 390, 'trip_time': 3840, 'num_transfers': 4, 'departure_time': 8640, 'departure_day': 'current_day', 'arrival_time': 12870, 'arrival_day': 'current_day', 'steps': [{'duration': 330, 'departure_time': 9030, 'arrival_time': 9360, 'day': 'current_day', 'from_stop_id': '88-2', 'to_stop_id': 'MH-L-2', 'trip_id': '2-0-10', 'agency_name': 'Unknown'}, {'duration': 30, 'departure_time': 9360, 'arrival_time': 9390, 'day': 'current_day', 'from_stop_id': 'MH-L-2', 'to_stop_id': 'MH-L-0', 'trip_id': 'walking', 'agency_name': 'Unknown'}, {'duration': 1500, 'departure_time': 10800, 'arrival_time': 12300, 'day': 'current_day', 'from_stop_id': 'MH-L-0', 'to_stop_id': 'MH-R-0', 'trip_id': '0-0-4', 'agency_name': 'Unknown'}, {'duration': 30, 'departure_time': 12300, 'arrival_time': 12330, 'day': 'current_day', 'from_stop_id': 'MH-R-0', 'to_stop_id': 'MH-R-4', 'trip_id': 'walking', 'agency_name': 'Unknown'}, {'duration': 330, 'departure_time': 12540, 'arrival_time': 12870, 'day': 'current_day', 'from_stop_id': 'MH-R-4', 'to_stop_id': '189-4', 'trip_id': '9-0-15', 'agency_name': 'Unknown'}]}"
74,132,12660,inter,left,177,[75; 85],[132],500,375,0,0,13035,13095.0,17190.0,17250.0,4095.0,4.0,75,132,,,pt,4590.0,17250.0,4590.0,"{'duration': 4095, 'source_transfer_time': 0, 'waiting_time': 15, 'trip_time': 4080, 'num_transfers': 4, 'departure_time': 13095, 'departure_day': 'current_day', 'arrival_time': 17190, 'arrival_day': 'current_day', 'steps': [{'duration': 450, 'departure_time': 13110, 'arrival_time': 13560, 'day': 'current_day', 'from_stop_id': '75-5', 'to_stop_id': 'MH-L-5', 'trip_id': '8-1-17', 'agency_name': 'Unknown'}, {'duration': 30, 'departure_time': 13560, 'arrival_time': 13590, 'day': 'current_day', 'from_stop_id': 'MH-L-5', 'to_stop_id': 'MH-L-0', 'trip_id': 'walking', 'agency_name': 'Unknown'}, {'duration': 1500, 'departure_time': 14400, 'arrival_time': 15900, 'day': 'current_day', 'from_stop_id': 'MH-L-0', 'to_stop_id': 'MH-R-0', 'trip_id': '0-0-6', 'agency_name': 'Unknown'}, {'duration': 30, 'departure_time': 15900, 'arrival_time': 15930, 'day': 'current_day', 'from_stop_id': 'MH-R-0', 'to_stop_id': 'MH-R-4', 'trip_id': 'walking', 'agency_name': 'Unknown'}, {'duration': 1050, 'departure_time': 16140, 'arrival_time': 17190, 'day': 'current_day', 'from_stop_id': 'MH-R-4', 'to_stop_id': '132-4', 'trip_id': '9-1-21', 'agency_name': 'Unknown'}]}"
105,125,10530,inter,left,178,[105],[126],0,0,500,375,10530,10590.0,14910.0,14970.0,4320.0,4.0,105,126,,,pt,4815.0,15345.0,4815.0,"{'duration': 4320, 'source_transfer_time': 0, 'waiting_time': 0, 'trip_time': 4320, 'num_transfers': 4, 'departure_time': 10590, 'departure_day': 'current_day', 'arrival_time': 14910, 'arrival_day': 'current_day', 'steps': [{'duration': 1170, 'departure_time': 10590, 'arrival_time': 11760, 'day': 'current_day', 'from_stop_id': '105-5', 'to_stop_id': 'MH-L-5', 'trip_id': '8-1-14', 'agency_name': 'Unknown'}, {'duration': 30, 'departure_time': 11760, 'arrival_time': 11790, 'day': 'current_day', 'from_stop_id': 'MH-L-5', 'to_stop_id': 'MH-L-0', 'trip_id': 'walking', 'agency_name': 'Unknown'}, {'duration': 1500, 'departure_time': 12600, 'arrival_time': 14100, 'day': 'current_day', 'from_stop_id': 'MH-L-0', 'to_stop_id': 'MH-R-0', 'trip_id': '0-0-5', 'agency_name': 'Unknown'}, {'duration': 30, 'departure_time': 14100, 'arrival_time': 14130, 'day': 'current_day', 'from_stop_id': 'MH-R-0', 'to_stop_id': 'MH-R-2', 'trip_id': 'walking', 'agency_name': 'Unknown'}, {'duration': 570, 'departure_time': 14340, 'arrival_time': 14910, 'day': 'current_day', 'from_stop_id': 'MH-R-2', 'to_stop_id': '126-2', 'trip_id': '4-0-18', 'agency_name': 'Unknown'}]}"
63,235,8010,inter,left,179,[55],[224; 236],500,375,500,375,8385,8445.0,13470.0,13530.0,5025.0,4.0,55,224,,,pt,5895.0,13905.0,5895.0,"{'duration': 5025, 'source_transfer_time': 0, 'waiting_time': 465, 'trip_time': 4560, 'num_transfers': 4, 'departure_time': 8445, 'departure_day': 'current_day', 'arrival_time': 13470, 'arrival_day': 'current_day', 'steps': [{'duration': 450, 'departure_time': 8910, 'arrival_time': 9360, 'day': 'current_day', 'from_stop_id': '55-1', 'to_stop_id': 'MH-L-1', 'trip_id': '1-0-10', 'agency_name': 'Unknown'}, {'duration': 30, 'departure_time': 9360, 'arrival_time': 9390, 'day': 'current_day', 'from_stop_id': 'MH-L-1', 'to_stop_id': 'MH-L-0', 'trip_id': 'walking', 'agency_name': 'Unknown'}, {'duration': 1500, 'departure_time': 10800, 'arrival_time': 12300, 'day': 'current_day', 'from_stop_id': 'MH-L-0', 'to_stop_id': 'MH-R-0', 'trip_id': '0-0-4', 'agency_name': 'Unknown'}, {'duration': 30, 'departure_time': 12300, 'arrival_time': 12330, 'day': 'current_day', 'from_stop_id': 'MH-R-0', 'to_stop_id': 'MH-R-4', 'trip_id': 'walking', 'agency_name': 'Unknown'}, {'duration': 930, 'departure_time': 12540, 'arrival_time': 13470, 'day': 'current_day', 'from_stop_id': 'MH-R-4', 'to_stop_id': '224-4', 'trip_id': '9-0-15', 'agency_name': 'Unknown'}]}"
38,205,9150,inter,left,180,[38],[206; 216],0,0,500,375,9150,9210.0,13230.0,13290.0,4020.0,4.0,38,206,,,pt,4515.0,13665.0,4515.0,"{'duration': 4020, 'source_transfer_time': 0, 'waiting_time': 540, 'trip_time': 3480, 'num_transfers': 4, 'departure_time': 9210, 'departure_day': 'current_day', 'arrival_time': 13230, 'arrival_day': 'current_day', 'steps': [{'duration': 210, 'departure_time': 9750, 'arrival_time': 9960, 'day': 'current_day', 'from_stop_id': '38-2', 'to_stop_id': 'MH-L-2', 'trip_id': '2-1-11', 'agency_name': 'Unknown'}, {'duration': 30, 'departure_time': 9960, 'arrival_time': 9990, 'day': 'current_day', 'from_stop_id': 'MH-L-2', 'to_stop_id': 'MH-L-0', 'trip_id': 'walking', 'agency_name': 'Unknown'}, {'duration': 1500, 'departure_time': 10800, 'arrival_time': 12300, 'day': 'current_day', 'from_stop_id': 'MH-L-0', 'to_stop_id': 'MH-R-0', 'trip_id': '0-0-4', 'agency_name': 'Unknown'}, {'duration': 30, 'departure_time': 12300, 'arrival_time': 12330, 'day': 'current_day', 'from_stop_id': 'MH-R-0', 'to_stop_id': 'MH-R-5', 'trip_id': 'walking', 'agency_name': 'Unknown'}, {'duration': 690, 'departure_time': 12540, 'arrival_time': 13230, 'day': 'current_day', 'from_stop_id': 'MH-R-5', 'to_stop_id': '206-5', 'trip_id': '10-0-15', 'agency_name': 'Unknown'}]}"
21,191,5490,inter,left,181,[10; 20],[181],500,375,500,375,5865,5925.0,9390.0,9450.0,3465.0,4.0,20,181,,,pt,4335.0,9825.0,4335.0,"{'duration': 3465, 'source_transfer_time': 0, 'waiting_time': 105, 'trip_time': 3360, 'num_transfers': 4, 'departure_time': 5925, 'departure_day': 'current_day', 'arrival_time': 9390, 'arrival_day': 'current_day', 'steps': [{'duration': 930, 'departure_time': 6030, 'arrival_time': 6960, 'day': 'current_day', 'from_stop_id': '20-5', 'to_stop_id': 'MH-L-5', 'trip_id': '8-0-6', 'agency_name': 'Unknown'}, {'duration': 30, 'departure_time': 6960, 'arrival_time': 6990, 'day': 'current_day', 'from_stop_id': 'MH-L-5', 'to_stop_id': 'MH-L-0', 'trip_id': 'walking', 'agency_name': 'Unknown'}, {'duration': 1500, 'departure_time': 7200, 'arrival_time': 8700, 'day': 'current_day', 'from_stop_id': 'MH-L-0', 'to_stop_id': 'MH-R-0', 'trip_id': '0-0-2', 'agency_name': 'Unknown'}, {'duration': 30, 'departure_time': 8700, 'arrival_time': 8730, 'day': 'current_day', 'from_stop_id': 'MH-R-0', 'to_stop_id': 'MH-R-1', 'trip_id': 'walking', 'agency_name': 'Unknown'}, {'duration': 450, 'departure_time': 8940, 'arrival_time': 9390, 'day': 'current_day', 'from_stop_id': 'MH-R-1', 'to_stop_id': '181-1', 'trip_id': '3-0-9', 'agency_name': 'Unknown'}]}"
67,131,12840,inter,left,182,[67],[131],0,0,0,0,12840,12900.0,17310.0,17370.0,4410.0,4.0,67,131,,,pt,4530.0,17370.0,4530.0,"{'duration': 4410, 'source_transfer_time': 0, 'waiting_time': 450, 'trip_time': 3960, 'num_transfers': 4, 'departure_time': 12900, 'departure_day': 'current_day', 'arrival_time': 17310, 'arrival_day': 'current_day', 'steps': [{'duration': 210, 'departure_time': 13350, 'arrival_time': 13560, 'day': 'current_day', 'from_stop_id': '67-4', 'to_stop_id': 'MH-L-4', 'trip_id': '7-1-17', 'agency_name': 'Unknown'}, {'duration': 30, 'departure_time': 13560, 'arrival_time': 13590, 'day': 'current_day', 'from_stop_id': 'MH-L-4', 'to_stop_id': 'MH-L-0', 'trip_id': 'walking', 'agency_name': 'Unknown'}, {'duration': 1500, 'departure_time': 14400, 'arrival_time': 15900, 'day': 'current_day', 'from_stop_id': 'MH-L-0', 'to_stop_id': 'MH-R-0', 'trip_id': '0-0-6', 'agency_name': 'Unknown'}, {'duration': 30, 'departure_time': 15900, 'arrival_time': 15930, 'day': 'current_day', 'from_stop_id': 'MH-R-0', 'to_stop_id': 'MH-R-5', 'trip_id': 'walking', 'agency_name': 'Unknown'}, {'duration': 1170, 'departure_time': 16140, 'arrival_time': 17310, 'day': 'current_day', 'from_stop_id': 'MH-R-5', 'to_stop_id': '131-5', 'trip_id': '10-1-21', 'agency_name': 'Unknown'}]}"
70,124,7170,inter,left,183,[60],[126],500,375,1000,751,7545,7605.0,11310.0,11370.0,3705.0,4.0,60,126,,,pt,4951.0,12121.0,4951.0,"{'duration': 3705, 'source_transfer_time': 0, 'waiting_time': 105, 'trip_time': 3600, 'num_transfers': 4, 'departure_time': 7605, 'departure_day': 'current_day', 'arrival_time': 11310, 'arrival_day': 'current_day', 'steps': [{'duration': 450, 'departure_time': 7710, 'arrival_time': 8160, 'day': 'current_day', 'from_stop_id': '60-1', 'to_stop_id': 'MH-L-1', 'trip_id': '1-1-8', 'agency_name': 'Unknown'}, {'duration': 30, 'departure_time': 8160, 'arrival_time': 8190, 'day': 'current_day', 'from_stop_id': 'MH-L-1', 'to_stop_id': 'MH-L-0', 'trip_id': 'walking', 'agency_name': 'Unknown'}, {'duration': 1500, 'departure_time': 9000, 'arrival_time': 10500, 'day': 'current_day', 'from_stop_id': 'MH-L-0', 'to_stop_id': 'MH-R-0', 'trip_id': '0-0-3', 'agency_name': 'Unknown'}, {'duration': 30, 'departure_time': 10500, 'arrival_time': 10530, 'day': 'current_day', 'from_stop_id': 'MH-R-0', 'to_stop_id': 'MH-R-2', 'trip_id': 'walking', 'agency_name': 'Unknown'}, {'duration': 570, 'departure_time': 10740, 'arrival_time': 11310, 'day': 'current_day', 'from_stop_id': 'MH-R-2', 'to_stop_id': '126-2', 'trip_id': '4-0-12', 'agency_name': 'Unknown'}]}"
79,173,8850,inter,left,184,[79],[181],0,0,500,375,8850,8910.0,12990.0,13050.0,4080.0,4.0,79,181,,,pt,4575.0,13425.0,4575.0,"{'duration': 4080, 'source_transfer_time': 0, 'waiting_time': 0, 'trip_time': 4080, 'num_transfers': 4, 'departure_time': 8910, 'departure_day': 'current_day', 'arrival_time': 12990, 'arrival_day': 'current_day', 'steps': [{'duration': 450, 'departure_time': 8910, 'arrival_time': 9360, 'day': 'current_day', 'from_stop_id': '79-4', 'to_stop_id': 'MH-L-4', 'trip_id': '7-1-10', 'agency_name': 'Unknown'}, {'duration': 30, 'departure_time': 9360, 'arrival_time': 9390, 'day': 'current_day', 'from_stop_id': 'MH-L-4', 'to_stop_id': 'MH-L-0', 'trip_id': 'walking', 'agency_name': 'Unknown'}, {'duration': 1500, 'departure_time': 10800, 'arrival_time': 12300, 'day': 'current_day', 'from_stop_id': 'MH-L-0', 'to_stop_id': 'MH-R-0', 'trip_id': '0-0-4', 'agency_name': 'Unknown'}, {'duration': 30, 'departure_time': 12300, 'arrival_time': 12330, 'day': 'current_day', 'from_stop_id': 'MH-R-0', 'to_stop_id': 'MH-R-1', 'trip_id': 'walking', 'agency_name': 'Unknown'}, {'duration': 450, 'departure_time': 12540, 'arrival_time': 12990, 'day': 'current_day', 'from_stop_id': 'MH-R-1', 'to_stop_id': '181-1', 'trip_id': '3-0-15', 'agency_name': 'Unknown'}]}"
95,201,4380,inter,left,185,[95],[201],0,0,0,0,4380,4440.0,9510.0,9570.0,5070.0,4.0,95,201,,,pt,5190.0,9570.0,5190.0,"{'duration': 5070, 'source_transfer_time': 0, 'waiting_time': 390, 'trip_time': 4680, 'num_transfers': 4, 'departure_time': 4440, 'departure_day': 'current_day', 'arrival_time': 9510, 'arrival_day': 'current_day', 'steps': [{'duration': 930, 'departure_time': 4830, 'arrival_time': 5760, 'day': 'current_day', 'from_stop_id': '95-5', 'to_stop_id': 'MH-L-5', 'trip_id': '8-1-4', 'agency_name': 'Unknown'}, {'duration': 30, 'departure_time': 5760, 'arrival_time': 5790, 'day': 'current_day', 'from_stop_id': 'MH-L-5', 'to_stop_id': 'MH-L-0', 'trip_id': 'walking', 'agency_name': 'Unknown'}, {'duration': 1500, 'departure_time': 7200, 'arrival_time': 8700, 'day': 'current_day', 'from_stop_id': 'MH-L-0', 'to_stop_id': 'MH-R-0', 'trip_id': '0-0-2', 'agency_name': 'Unknown'}, {'duration': 30, 'departure_time': 8700, 'arrival_time': 8730, 'day': 'current_day', 'from_stop_id': 'MH-R-0', 'to_stop_id': 'MH-R-4', 'trip_id': 'walking', 'agency_name': 'Unknown'}, {'duration': 570, 'departure_time': 8940, 'arrival_time': 9510, 'day': 'current_day', 'from_stop_id': 'MH-R-4', 'to_stop_id': '201-4', 'trip_id': '9-0-9', 'agency_name': 'Unknown'}]}"
56,213,12300,inter,left,186,[56],[213],0,0,0,0,12300,12360.0,16950.0,17010.0,4590.0,4.0,56,213,,,pt,4710.0,17010.0,4710.0,"{'duration': 4590, 'source_transfer_time': 0, 'waiting_time': 270, 'trip_time': 4320, 'num_transfers': 4, 'departure_time': 12360, 'departure_day': 'current_day', 'arrival_time': 16950, 'arrival_day': 'current_day', 'steps': [{'duration': 330, 'departure_time': 12630, 'arrival_time': 12960, 'day': 'current_day', 'from_stop_id': '56-1', 'to_stop_id': 'MH-L-1', 'trip_id': '1-0-16', 'agency_name': 'Unknown'}, {'duration': 30, 'departure_time': 12960, 'arrival_time': 12990, 'day': 'current_day', 'from_stop_id': 'MH-L-1', 'to_stop_id': 'MH-L-0', 'trip_id': 'walking', 'agency_name': 'Unknown'}, {'duration': 1500, 'departure_time': 14400, 'arrival_time': 15900, 'day': 'current_day', 'from_stop_id': 'MH-L-0', 'to_stop_id': 'MH-R-0', 'trip_id': '0-0-6', 'agency_name': 'Unknown'}, {'duration': 30, 'departure_time': 15900, 'arrival_time': 15930, 'day': 'current_day', 'from_stop_id': 'MH-R-0', 'to_stop_id': 'MH-R-4', 'trip_id': 'walking', 'agency_name': 'Unknown'}, {'duration': 810, 'departure_time': 16140, 'arrival_time': 16950, 'day': 'current_day', 'from_stop_id': 'MH-R-4', 'to_stop_id': '213-4', 'trip_id': '9-0-21', 'agency_name': 'Unknown'}]}"
76,148,6900,inter,left,187,[76],[148],0,0,0,0,6900,6960.0,11070.0,11130.0,4110.0,4.0,76,148,,,pt,4230.0,11130.0,4230.0,"{'duration': 4110, 'source_transfer_time': 0, 'waiting_time': 270, 'trip_time': 3840, 'num_transfers': 4, 'departure_time': 6960, 'departure_day': 'current_day', 'arrival_time': 11070, 'arrival_day': 'current_day', 'steps': [{'duration': 330, 'departure_time': 7230, 'arrival_time': 7560, 'day': 'current_day', 'from_stop_id': '76-5', 'to_stop_id': 'MH-L-5', 'trip_id': '8-1-7', 'agency_name': 'Unknown'}, {'duration': 30, 'departure_time': 7560, 'arrival_time': 7590, 'day': 'current_day', 'from_stop_id': 'MH-L-5', 'to_stop_id': 'MH-L-0', 'trip_id': 'walking', 'agency_name': 'Unknown'}, {'duration': 1500, 'departure_time': 9000, 'arrival_time': 10500, 'day': 'current_day', 'from_stop_id': 'MH-L-0', 'to_stop_id': 'MH-R-0', 'trip_id': '0-0-3', 'agency_name': 'Unknown'}, {'duration': 30, 'departure_time': 10500, 'arrival_time': 10530, 'day': 'current_day', 'from_stop_id': 'MH-R-0', 'to_stop_id': 'MH-R-2', 'trip_id': 'walking', 'agency_name': 'Unknown'}, {'duration': 330, 'departure_time': 10740, 'arrival_time': 11070, 'day': 'current_day', 'from_stop_id': 'MH-R-2', 'to_stop_id': '148-2', 'trip_id': '4-0-12', 'agency_name': 'Unknown'}]}"
15,134,11460,inter,left,188,[16],[133; 145],500,375,500,375,11835,11895.0,15030.0,15090.0,3135.0,4.0,16,145,,,pt,4005.0,15465.0,4005.0,"{'duration': 3135, 'source_transfer_time': 0, 'waiting_time': 15, 'trip_time': 3120, 'num_transfers': 4, 'departure_time': 11895, 'departure_day': 'current_day', 'arrival_time': 15030, 'arrival_day': 'current_day', 'steps': [{'duration': 450, 'departure_time': 11910, 'arrival_time': 12360, 'day': 'current_day', 'from_stop_id': '16-2', 'to_stop_id': 'MH-L-2', 'trip_id': '2-1-15', 'agency_name': 'Unknown'}, {'duration': 30, 'departure_time': 12360, 'arrival_time': 12390, 'day': 'current_day', 'from_stop_id': 'MH-L-2', 'to_stop_id': 'MH-L-0', 'trip_id': 'walking', 'agency_name': 'Unknown'}, {'duration': 1500, 'departure_time': 12600, 'arrival_time': 14100, 'day': 'current_day', 'from_stop_id': 'MH-L-0', 'to_stop_id': 'MH-R-0', 'trip_id': '0-0-5', 'agency_name': 'Unknown'}, {'duration': 30, 'departure_time': 14100, 'arrival_time': 14130, 'day': 'current_day', 'from_stop_id': 'MH-R-0', 'to_stop_id': 'MH-R-4', 'trip_id': 'walking', 'agency_name': 'Unknown'}, {'duration': 690, 'departure_time': 14340, 'arrival_time': 15030, 'day': 'current_day', 'from_stop_id': 'MH-R-4', 'to_stop_id': '145-4', 'trip_id': '9-1-18', 'agency_name': 'Unknown'}]}"
59,236,11100,inter,left,189,[59],[236],0,0,0,0,11100,11160.0,15510.0,15570.0,4350.0,4.0,59,236,,,pt,4470.0,15570.0,4470.0,"{'duration': 4350, 'source_transfer_time': 0, 'waiting_time': 270, 'trip_time': 4080, 'num_transfers': 4, 'departure_time': 11160, 'departure_day': 'current_day', 'arrival_time': 15510, 'arrival_day': 'current_day', 'steps': [{'duration': 330, 'departure_time': 11430, 'arrival_time': 11760, 'day': 'current_day', 'from_stop_id': '59-1', 'to_stop_id': 'MH-L-1', 'trip_id': '1-1-14', 'agency_name': 'Unknown'}, {'duration': 30, 'departure_time': 11760, 'arrival_time': 11790, 'day': 'current_day', 'from_stop_id': 'MH-L-1', 'to_stop_id': 'MH-L-0', 'trip_id': 'walking', 'agency_name': 'Unknown'}, {'duration': 1500, 'departure_time': 12600, 'arrival_time': 14100, 'day': 'current_day', 'from_stop_id': 'MH-L-0', 'to_stop_id': 'MH-R-0', 'trip_id': '0-0-5', 'agency_name': 'Unknown'}, {'duration': 30, 'departure_time': 14100, 'arrival_time': 14130, 'day': 'current_day', 'from_stop_id': 'MH-R-0', 'to_stop_id': 'MH-R-4', 'trip_id': 'walking', 'agency_name': 'Unknown'}, {'duration': 1170, 'departure_time': 14340, 'arrival_time': 15510, 'day': 'current_day', 'from_stop_id': 'MH-R-4', 'to_stop_id': '236-4', 'trip_id': '9-0-18', 'agency_name': 'Unknown'}]}"
73,133,7650,inter,left,190,[55; 75; 85; 95],[133],1000,751,0,0,8401,8461.0,13470.0,13530.0,5009.0,4.0,55,133,,,pt,5880.0,13530.0,5880.0,"{'duration': 5009, 'source_transfer_time': 0, 'waiting_time': 449, 'trip_time': 4560, 'num_transfers': 4, 'departure_time': 8461, 'departure_day': 'current_day', 'arrival_time': 13470, 'arrival_day': 'current_day', 'steps': [{'duration': 450, 'departure_time': 8910, 'arrival_time': 9360, 'day': 'current_day', 'from_stop_id': '55-1', 'to_stop_id': 'MH-L-1', 'trip_id': '1-0-10', 'agency_name': 'Unknown'}, {'duration': 30, 'departure_time': 9360, 'arrival_time': 9390, 'day': 'current_day', 'from_stop_id': 'MH-L-1', 'to_stop_id': 'MH-L-0', 'trip_id': 'walking', 'agency_name': 'Unknown'}, {'duration': 1500, 'departure_time': 10800, 'arrival_time': 12300, 'day': 'current_day', 'from_stop_id': 'MH-L-0', 'to_stop_id': 'MH-R-0', 'trip_id': '0-0-4', 'agency_name': 'Unknown'}, {'duration': 30, 'departure_time': 12300, 'arrival_time': 12330, 'day': 'current_day', 'from_stop_id': 'MH-R-0', 'to_stop_id': 'MH-R-4', 'trip_id': 'walking', 'agency_name': 'Unknown'}, {'duration': 930, 'departure_time': 12540, 'arrival_time': 13470, 'day': 'current_day', 'from_stop_id': 'MH-R-4', 'to_stop_id': '133-4', 'trip_id': '9-1-15', 'agency_name': 'Unknown'}]}"
15,162,5610,inter,left,191,[16],[151; 161],500,375,500,375,5985,6045.0,9390.0,9450.0,3345.0,4.0,16,161,,,pt,4215.0,9825.0,4215.0,"{'duration': 3345, 'source_transfer_time': 0, 'waiting_time': 465, 'trip_time': 2880, 'num_transfers': 4, 'departure_time': 6045, 'departure_day': 'current_day', 'arrival_time': 9390, 'arrival_day': 'current_day', 'steps': [{'duration': 450, 'departure_time': 6510, 'arrival_time': 6960, 'day': 'current_day', 'from_stop_id': '16-2', 'to_stop_id': 'MH-L-2', 'trip_id': '2-1-6', 'agency_name': 'Unknown'}, {'duration': 30, 'departure_time': 6960, 'arrival_time': 6990, 'day': 'current_day', 'from_stop_id': 'MH-L-2', 'to_stop_id': 'MH-L-0', 'trip_id': 'walking', 'agency_name': 'Unknown'}, {'duration': 1500, 'departure_time': 7200, 'arrival_time': 8700, 'day': 'current_day', 'from_stop_id': 'MH-L-0', 'to_stop_id': 'MH-R-0', 'trip_id': '0-0-2', 'agency_name': 'Unknown'}, {'duration': 30, 'departure_time': 8700, 'arrival_time': 8730, 'day': 'current_day', 'from_stop_id': 'MH-R-0', 'to_stop_id': 'MH-R-5', 'trip_id': 'walking', 'agency_name': 'Unknown'}, {'duration': 450, 'departure_time': 8940, 'arrival_time': 9390, 'day': 'current_day', 'from_stop_id': 'MH-R-5', 'to_stop_id': '161-5', 'trip_id': '10-1-9', 'agency_name': 'Unknown'}]}"
105,200,5040,inter,left,192,[105],[200],0,0,0,0,5040,5100.0,9390.0,9450.0,4290.0,4.0,105,200,,,pt,4410.0,9450.0,4410.0,"{'duration': 4290, 'source_transfer_time': 0, 'waiting_time': 90, 'trip_time': 4200, 'num_transfers': 4, 'departure_time': 5100, 'departure_day': 'current_day', 'arrival_time': 9390, 'arrival_day': 'current_day', 'steps': [{'duration': 1170, 'departure_time': 5190, 'arrival_time': 6360, 'day': 'current_day', 'from_stop_id': '105-5', 'to_stop_id': 'MH-L-5', 'trip_id': '8-1-5', 'agency_name': 'Unknown'}, {'duration': 30, 'departure_time': 6360, 'arrival_time': 6390, 'day': 'current_day', 'from_stop_id': 'MH-L-5', 'to_stop_id': 'MH-L-0', 'trip_id': 'walking', 'agency_name': 'Unknown'}, {'duration': 1500, 'departure_time': 7200, 'arrival_time': 8700, 'day': 'current_day', 'from_stop_id': 'MH-L-0', 'to_stop_id': 'MH-R-0', 'trip_id': '0-0-2', 'agency_name': 'Unknown'}, {'duration': 30, 'departure_time': 8700, 'arrival_time': 8730, 'day': 'current_day', 'from_stop_id': 'MH-R-0', 'to_stop_id': 'MH-R-4', 'trip_id': 'walking', 'agency_name': 'Unknown'}, {'duration': 450, 'departure_time': 8940, 'arrival_time': 9390, 'day': 'current_day', 'from_stop_id': 'MH-R-4', 'to_stop_id': '200-4', 'trip_id': '9-0-9', 'agency_name': 'Unknown'}]}"
12,121,7290,inter,left,193,[12],[121],0,0,0,0,7290,7350.0,11910.0,11970.0,4560.0,4.0,12,121,,,pt,4680.0,11970.0,4680.0,"{'duration': 4560, 'source_transfer_time': 0, 'waiting_time': 480, 'trip_time': 4080, 'num_transfers': 4, 'departure_time': 7350, 'departure_day': 'current_day', 'arrival_time': 11910, 'arrival_day': 'current_day', 'steps': [{'duration': 930, 'departure_time': 7830, 'arrival_time': 8760, 'day': 'current_day', 'from_stop_id': '12-4', 'to_stop_id': 'MH-L-4', 'trip_id': '7-0-9', 'agency_name': 'Unknown'}, {'duration': 30, 'departure_time': 8760, 'arrival_time': 8790, 'day': 'current_day', 'from_stop_id': 'MH-L-4', 'to_stop_id': 'MH-L-0', 'trip_id': 'walking', 'agency_name': 'Unknown'}, {'duration': 1500, 'departure_time': 9000, 'arrival_time': 10500, 'day': 'current_day', 'from_stop_id': 'MH-L-0', 'to_stop_id': 'MH-R-0', 'trip_id': '0-0-3', 'agency_name': 'Unknown'}, {'duration': 30, 'departure_time': 10500, 'arrival_time': 10530, 'day': 'current_day', 'from_stop_id': 'MH-R-0', 'to_stop_id': 'MH-R-4', 'trip_id': 'walking', 'agency_name': 'Unknown'}, {'duration': 1170, 'departure_time': 10740, 'arrival_time': 11910, 'day': 'current_day', 'from_stop_id': 'MH-R-4', 'to_stop_id': '121-4', 'trip_id': '9-1-12', 'agency_name': 'Unknown'}]}"
106,217,14310,inter,left,194,[106],[217],0,0,0,0,14310,14370.0,18750.0,18810.0,4380.0,4.0,106,217,,,pt,4500.0,18810.0,4500.0,"{'duration': 4380, 'source_transfer_time': 0, 'waiting_time': 540, 'trip_time': 3840, 'num_transfers': 4, 'departure_time': 14370, 'departure_day': 'current_day', 'arrival_time': 18750, 'arrival_day': 'current_day', 'steps': [{'duration': 1050, 'departure_time': 14910, 'arrival_time': 15960, 'day': 'current_day', 'from_stop_id': '106-5', 'to_stop_id': 'MH-L-5', 'trip_id': '8-1-21', 'agency_name': 'Unknown'}, {'duration': 30, 'departure_time': 15960, 'arrival_time': 15990, 'day': 'current_day', 'from_stop_id': 'MH-L-5', 'to_stop_id': 'MH-L-0', 'trip_id': 'walking', 'agency_name': 'Unknown'}, {'duration': 1500, 'departure_time': 16200, 'arrival_time': 17700, 'day': 'current_day', 'from_stop_id': 'MH-L-0', 'to_stop_id': 'MH-R-0', 'trip_id': '0-0-7', 'agency_name': 'Unknown'}, {'duration': 30, 'departure_time': 17700, 'arrival_time': 17730, 'day': 'current_day', 'from_stop_id': 'MH-R-0', 'to_stop_id': 'MH-R-5', 'trip_id': 'walking', 'agency_name': 'Unknown'}, {'duration': 810, 'departure_time': 17940, 'arrival_time': 18750, 'day': 'current_day', 'from_stop_id': 'MH-R-5', 'to_stop_id': '217-5', 'trip_id': '10-0-24', 'agency_name': 'Unknown'}]}"
38,187,13770,inter,left,195,[38],[187],0,0,0,0,13770,13830.0,16350.0,16410.0,2520.0,4.0,38,187,,,pt,2640.0,16410.0,2640.0,"{'duration': 2520, 'source_transfer_time': 0, 'waiting_time': 120, 'trip_time': 2400, 'num_transfers': 4, 'departure_time': 13830, 'departure_day': 'current_day', 'arrival_time': 16350, 'arrival_day': 'current_day', 'steps': [{'duration': 210, 'departure_time': 13950, 'arrival_time': 14160, 'day': 'current_day', 'from_stop_id': '38-2', 'to_stop_id': 'MH-L-2', 'trip_id': '2-1-18', 'agency_name': 'Unknown'}, {'duration': 30, 'departure_time': 14160, 'arrival_time': 14190, 'day': 'current_day', 'from_stop_id': 'MH-L-2', 'to_stop_id': 'MH-L-0', 'trip_id': 'walking', 'agency_name': 'Unknown'}, {'duration': 1500, 'departure_time': 14400, 'arrival_time': 15900, 'day': 'current_day', 'from_stop_id': 'MH-L-0', 'to_stop_id': 'MH-R-0', 'trip_id': '0-0-6', 'agency_name': 'Unknown'}, {'duration': 30, 'departure_time': 15900, 'arrival_time': 15930, 'day': 'current_day', 'from_stop_id': 'MH-R-0', 'to_stop_id': 'MH-R-5', 'trip_id': 'walking', 'agency_name': 'Unknown'}, {'duration': 210, 'departure_time': 16140, 'arrival_time': 16350, 'day': 'current_day', 'from_stop_id': 'MH-R-5', 'to_stop_id': '187-5', 'trip_id': '10-0-21', 'agency_name': 'Unknown'}]}"
95,179,12660,inter,left,196,[95],[179],0,0,0,0,12660,12720.0,16350.0,16410.0,3630.0,4.0,95,179,,,pt,3750.0,16410.0,3750.0,"{'duration': 3630, 'source_transfer_time': 0, 'waiting_time': 510, 'trip_time': 3120, 'num_transfers': 4, 'departure_time': 12720, 'departure_day': 'current_day', 'arrival_time': 16350, 'arrival_day': 'current_day', 'steps': [{'duration': 930, 'departure_time': 13230, 'arrival_time': 14160, 'day': 'current_day', 'from_stop_id': '95-5', 'to_stop_id': 'MH-L-5', 'trip_id': '8-1-18', 'agency_name': 'Unknown'}, {'duration': 30, 'departure_time': 14160, 'arrival_time': 14190, 'day': 'current_day', 'from_stop_id': 'MH-L-5', 'to_stop_id': 'MH-L-0', 'trip_id': 'walking', 'agency_name': 'Unknown'}, {'duration': 1500, 'departure_time': 14400, 'arrival_time': 15900, 'day': 'current_day', 'from_stop_id': 'MH-L-0', 'to_stop_id': 'MH-R-0', 'trip_id': '0-0-6', 'agency_name': 'Unknown'}, {'duration': 30, 'departure_time': 15900, 'arrival_time': 15930, 'day': 'current_day', 'from_stop_id': 'MH-R-0', 'to_stop_id': 'MH-R-1', 'trip_id': 'walking', 'agency_name': 'Unknown'}, {'duration': 210, 'departure_time': 16140, 'arrival_time': 16350, 'day': 'current_day', 'from_stop_id': 'MH-R-1', 'to_stop_id': '179-1', 'trip_id': '3-0-21', 'agency_name': 'Unknown'}]}"
12,230,9000,inter,left,197,[12],[231],0,0,500,375,9000,9060.0,13110.0,13170.0,4050.0,4.0,12,231,,,pt,4545.0,13545.0,4545.0,"{'duration': 4050, 'source_transfer_time': 0, 'waiting_time': 570, 'trip_time': 3480, 'num_transfers': 4, 'departure_time': 9060, 'departure_day': 'current_day', 'arrival_time': 13110, 'arrival_day': 'current_day', 'steps': [{'duration': 930, 'departure_time': 9630, 'arrival_time': 10560, 'day': 'current_day', 'from_stop_id': '12-4', 'to_stop_id': 'MH-L-4', 'trip_id': '7-0-12', 'agency_name': 'Unknown'}, {'duration': 30, 'departure_time': 10560, 'arrival_time': 10590, 'day': 'current_day', 'from_stop_id': 'MH-L-4', 'to_stop_id': 'MH-L-0', 'trip_id': 'walking', 'agency_name': 'Unknown'}, {'duration': 1500, 'departure_time': 10800, 'arrival_time': 12300, 'day': 'current_day', 'from_stop_id': 'MH-L-0', 'to_stop_id': 'MH-R-0', 'trip_id': '0-0-4', 'agency_name': 'Unknown'}, {'duration': 30, 'departure_time': 12300, 'arrival_time': 12330, 'day': 'current_day', 'from_stop_id': 'MH-R-0', 'to_stop_id': 'MH-R-2', 'trip_id': 'walking', 'agency_name': 'Unknown'}, {'duration': 570, 'departure_time': 12540, 'arrival_time': 13110, 'day': 'current_day', 'from_stop_id': 'MH-R-2', 'to_stop_id': '231-2', 'trip_id': '4-1-15', 'agency_name': 'Unknown'}]}"
98,172,12990,inter,left,198,[99],[180],500,375,500,375,13365,13425.0,16470.0,16530.0,3045.0,4.0,99,180,,,pt,3915.0,16905.0,3915.0,"{'duration': 3045, 'source_transfer_time': 0, 'waiting_time': 285, 'trip_time': 2760, 'num_transfers': 4, 'departure_time': 13425, 'departure_day': 'current_day', 'arrival_time': 16470, 'arrival_day': 'current_day', 'steps': [{'duration': 450, 'departure_time': 13710, 'arrival_time': 14160, 'day': 'current_day', 'from_stop_id': '99-2', 'to_stop_id': 'MH-L-2', 'trip_id': '2-0-18', 'agency_name': 'Unknown'}, {'duration': 30, 'departure_time': 14160, 'arrival_time': 14190, 'day': 'current_day', 'from_stop_id': 'MH-L-2', 'to_stop_id': 'MH-L-0', 'trip_id': 'walking', 'agency_name': 'Unknown'}, {'duration': 1500, 'departure_time': 14400, 'arrival_time': 15900, 'day': 'current_day', 'from_stop_id': 'MH-L-0', 'to_stop_id': 'MH-R-0', 'trip_id': '0-0-6', 'agency_name': 'Unknown'}, {'duration': 30, 'departure_time': 15900, 'arrival_time': 15930, 'day': 'current_day', 'from_stop_id': 'MH-R-0', 'to_stop_id': 'MH-R-1', 'trip_id': 'walking', 'agency_name': 'Unknown'}, {'duration': 330, 'departure_time': 16140, 'arrival_time': 16470, 'day': 'current_day', 'from_stop_id': 'MH-R-1', 'to_stop_id': '180-1', 'trip_id': '3-0-21', 'agency_name': 'Unknown'}]}"
58,227,8430,inter,left,199,[58],[227],0,0,0,0,8430,8490.0,11790.0,11850.0,3300.0,4.0,58,227,,,pt,3420.0,11850.0,3420.0,"{'duration': 3300, 'source_transfer_time': 0, 'waiting_time': 60, 'trip_time': 3240, 'num_transfers': 4, 'departure_time': 8490, 'departure_day': 'current_day', 'arrival_time': 11790, 'arrival_day': 'current_day', 'steps': [{'duration': 210, 'departure_time': 8550, 'arrival_time': 8760, 'day': 'current_day', 'from_stop_id': '58-1', 'to_stop_id': 'MH-L-1', 'trip_id': '1-1-9', 'agency_name': 'Unknown'}, {'duration': 30, 'departure_time': 8760, 'arrival_time': 8790, 'day': 'current_day', 'from_stop_id': 'MH-L-1', 'to_stop_id': 'MH-L-0', 'trip_id': 'walking', 'agency_name': 'Unknown'}, {'duration': 1500, 'departure_time': 9000, 'arrival_time': 10500, 'day': 'current_day', 'from_stop_id': 'MH-L-0', 'to_stop_id': 'MH-R-0', 'trip_id': '0-0-3', 'agency_name': 'Unknown'}, {'duration': 30, 'departure_time': 10500, 'arrival_time': 10530, 'day': 'current_day', 'from_stop_id': 'MH-R-0', 'to_stop_id': 'MH-R-5', 'trip_id': 'walking', 'agency_name': 'Unknown'}, {'duration': 1050, 'departure_time': 10740, 'arrival_time': 11790, 'day': 'current_day', 'from_stop_id': 'MH-R-5', 'to_stop_id': '227-5', 'trip_id': '10-0-12', 'agency_name': 'Unknown'}]}"
85,218,6180,inter,left,200,[85],[207; 217],0,0,500,375,6180,6240.0,9510.0,9570.0,3270.0,4.0,85,207,,,pt,3765.0,9945.0,3765.0,"{'duration': 3270, 'source_transfer_time': 0, 'waiting_time': 30, 'trip_time': 3240, 'num_transfers': 4, 'departure_time': 6240, 'departure_day': 'current_day', 'arrival_time': 9510, 'arrival_day': 'current_day', 'steps': [{'duration': 690, 'departure_time': 6270, 'arrival_time': 6960, 'day': 'current_day', 'from_stop_id': '85-5', 'to_stop_id': 'MH-L-5', 'trip_id': '8-1-6', 'agency_name': 'Unknown'}, {'duration': 30, 'departure_time': 6960, 'arrival_time': 6990, 'day': 'current_day', 'from_stop_id': 'MH-L-5', 'to_stop_id': 'MH-L-0', 'trip_id': 'walking', 'agency_name': 'Unknown'}, {'duration': 1500, 'departure_time': 7200, 'arrival_time': 8700, 'day': 'current_day', 'from_stop_id': 'MH-L-0', 'to_stop_id': 'MH-R-0', 'trip_id': '0-0-2', 'agency_name': 'Unknown'}, {'duration': 30, 'departure_time': 8700, 'arrival_time': 8730, 'day': 'current_day', 'from_stop_id': 'MH-R-0', 'to_stop_id': 'MH-R-5', 'trip_id': 'walking', 'agency_name': 'Unknown'}, {'duration': 570, 'departure_time': 8940, 'arrival_time': 9510, 'day': 'current_day', 'from_stop_id': 'MH-R-5', 'to_stop_id': '207-5', 'trip_id': '10-0-9', 'agency_name': 'Unknown'}]}"
113,150,9540,inter,left,201,[91; 103; 115],[150],1000,751,0,0,10291,10351.0,14910.0,14970.0,4559.0,4.0,91,150,,,pt,5430.0,14970.0,5430.0,"{'duration': 4559, 'source_transfer_time': 0, 'waiting_time': 119, 'trip_time': 4440, 'num_transfers': 4, 'departure_time': 10351, 'departure_day': 'current_day', 'arrival_time': 14910, 'arrival_day': 'current_day', 'steps': [{'duration': 690, 'departure_time': 10470, 'arrival_time': 11160, 'day': 'current_day', 'from_stop_id': '91-4', 'to_stop_id': 'MH-L-4', 'trip_id': '7-1-13', 'agency_name': 'Unknown'}, {'duration': 30, 'departure_time': 11160, 'arrival_time': 11190, 'day': 'current_day', 'from_stop_id': 'MH-L-4', 'to_stop_id': 'MH-L-0', 'trip_id': 'walking', 'agency_name': 'Unknown'}, {'duration': 1500, 'departure_time': 12600, 'arrival_time': 14100, 'day': 'current_day', 'from_stop_id': 'MH-L-0', 'to_stop_id': 'MH-R-0', 'trip_id': '0-0-5', 'agency_name': 'Unknown'}, {'duration': 30, 'departure_time': 14100, 'arrival_time': 14130, 'day': 'current_day', 'from_stop_id': 'MH-R-0', 'to_stop_id': 'MH-R-5', 'trip_id': 'walking', 'agency_name': 'Unknown'}, {'duration': 570, 'departure_time': 14340, 'arrival_time': 14910, 'day': 'current_day', 'from_stop_id': 'MH-R-5', 'to_stop_id': '150-5', 'trip_id': '10-1-18', 'agency_name': 'Unknown'}]}"
17,134,4680,inter,left,202,[16],[133; 145],500,375,500,375,5055,5115.0,9630.0,9690.0,4515.0,4.0,16,145,,,pt,5385.0,10065.0,5385.0,"{'duration': 4515, 'source_transfer_time': 0, 'waiting_time': 195, 'trip_time': 4320, 'num_transfers': 4, 'departure_time': 5115, 'departure_day': 'current_day', 'arrival_time': 9630, 'arrival_day': 'current_day', 'steps': [{'duration': 450, 'departure_time': 5310, 'arrival_time': 5760, 'day': 'current_day', 'from_stop_id': '16-2', 'to_stop_id': 'MH-L-2', 'trip_id': '2-1-4', 'agency_name': 'Unknown'}, {'duration': 30, 'departure_time': 5760, 'arrival_time': 5790, 'day': 'current_day', 'from_stop_id': 'MH-L-2', 'to_stop_id': 'MH-L-0', 'trip_id': 'walking', 'agency_name': 'Unknown'}, {'duration': 1500, 'departure_time': 7200, 'arrival_time': 8700, 'day': 'current_day', 'from_stop_id': 'MH-L-0', 'to_stop_id': 'MH-R-0', 'trip_id': '0-0-2', 'agency_name': 'Unknown'}, {'duration': 30, 'departure_time': 8700, 'arrival_time': 8730, 'day': 'current_day', 'from_stop_id': 'MH-R-0', 'to_stop_id': 'MH-R-4', 'trip_id': 'walking', 'agency_name': 'Unknown'}, {'duration': 690, 'departure_time': 8940, 'arrival_time': 9630, 'day': 'current_day', 'from_stop_id': 'MH-R-4', 'to_stop_id': '145-4', 'trip_id': '9-1-9', 'agency_name': 'Unknown'}]}"
1,139,11640,inter,left,203,[0; 12],[140; 150],500,375,500,375,12015,12075.0,16710.0,16770.0,4635.0,4.0,0,150,,,pt,5505.0,17145.0,5505.0,"{'duration': 4635, 'source_transfer_time': 0, 'waiting_time': 315, 'trip_time': 4320, 'num_transfers': 4, 'departure_time': 12075, 'departure_day': 'current_day', 'arrival_time': 16710, 'arrival_day': 'current_day', 'steps': [{'duration': 1170, 'departure_time': 12390, 'arrival_time': 13560, 'day': 'current_day', 'from_stop_id': '0-4', 'to_stop_id': 'MH-L-4', 'trip_id': '7-0-17', 'agency_name': 'Unknown'}, {'duration': 30, 'departure_time': 13560, 'arrival_time': 13590, 'day': 'current_day', 'from_stop_id': 'MH-L-4', 'to_stop_id': 'MH-L-0', 'trip_id': 'walking', 'agency_name': 'Unknown'}, {'duration': 1500, 'departure_time': 14400, 'arrival_time': 15900, 'day': 'current_day', 'from_stop_id': 'MH-L-0', 'to_stop_id': 'MH-R-0', 'trip_id': '0-0-6', 'agency_name': 'Unknown'}, {'duration': 30, 'departure_time': 15900, 'arrival_time': 15930, 'day': 'current_day', 'from_stop_id': 'MH-R-0', 'to_stop_id': 'MH-R-5', 'trip_id': 'walking', 'agency_name': 'Unknown'}, {'duration': 570, 'departure_time': 16140, 'arrival_time': 16710, 'day': 'current_day', 'from_stop_id': 'MH-R-5', 'to_stop_id': '150-5', 'trip_id': '10-1-21', 'agency_name': 'Unknown'}]}"
105,171,14370,inter,left,204,[105],[161; 170; 179],0,0,500,375,14370,14430.0,18150.0,18210.0,3720.0,4.0,105,170,,,pt,4215.0,18585.0,4215.0,"{'duration': 3720, 'source_transfer_time': 0, 'waiting_time': 360, 'trip_time': 3360, 'num_transfers': 4, 'departure_time': 14430, 'departure_day': 'current_day', 'arrival_time': 18150, 'arrival_day': 'current_day', 'steps': [{'duration': 1170, 'departure_time': 14790, 'arrival_time': 15960, 'day': 'current_day', 'from_stop_id': '105-5', 'to_stop_id': 'MH-L-5', 'trip_id': '8-1-21', 'agency_name': 'Unknown'}, {'duration': 30, 'departure_time': 15960, 'arrival_time': 15990, 'day': 'current_day', 'from_stop_id': 'MH-L-5', 'to_stop_id': 'MH-L-0', 'trip_id': 'walking', 'agency_name': 'Unknown'}, {'duration': 1500, 'departure_time': 16200, 'arrival_time': 17700, 'day': 'current_day', 'from_stop_id': 'MH-L-0', 'to_stop_id': 'MH-R-0', 'trip_id': '0-0-7', 'agency_name': 'Unknown'}, {'duration': 30, 'departure_time': 17700, 'arrival_time': 17730, 'day': 'current_day', 'from_stop_id': 'MH-R-0', 'to_stop_id': 'MH-R-5', 'trip_id': 'walking', 'agency_name': 'Unknown'}, {'duration': 210, 'departure_time': 17940, 'arrival_time': 18150, 'day': 'current_day', 'from_stop_id': 'MH-R-5', 'to_stop_id': '170-5', 'trip_id': '10-1-24', 'agency_name': 'Unknown'}]}"
6,228,8790,inter,left,205,[5],[217; 227],500,375,500,375,9165,9225.0,13350.0,13410.0,4125.0,4.0,5,217,,,pt,4995.0,13785.0,4995.0,"{'duration': 4125, 'source_transfer_time': 0, 'waiting_time': 165, 'trip_time': 3960, 'num_transfers': 4, 'departure_time': 9225, 'departure_day': 'current_day', 'arrival_time': 13350, 'arrival_day': 'current_day', 'steps': [{'duration': 570, 'departure_time': 9390, 'arrival_time': 9960, 'day': 'current_day', 'from_stop_id': '5-2', 'to_stop_id': 'MH-L-2', 'trip_id': '2-1-11', 'agency_name': 'Unknown'}, {'duration': 30, 'departure_time': 9960, 'arrival_time': 9990, 'day': 'current_day', 'from_stop_id': 'MH-L-2', 'to_stop_id': 'MH-L-0', 'trip_id': 'walking', 'agency_name': 'Unknown'}, {'duration': 1500, 'departure_time': 10800, 'arrival_time': 12300, 'day': 'current_day', 'from_stop_id': 'MH-L-0', 'to_stop_id': 'MH-R-0', 'trip_id': '0-0-4', 'agency_name': 'Unknown'}, {'duration': 30, 'departure_time': 12300, 'arrival_time': 12330, 'day': 'current_day', 'from_stop_id': 'MH-R-0', 'to_stop_id': 'MH-R-5', 'trip_id': 'walking', 'agency_name': 'Unknown'}, {'duration': 810, 'departure_time': 12540, 'arrival_time': 13350, 'day': 'current_day', 'from_stop_id': 'MH-R-5', 'to_stop_id': '217-5', 'trip_id': '10-0-15', 'agency_name': 'Unknown'}]}"
42,169,7740,inter,left,206,[20; 30; 40; 60],[169],1000,751,0,0,8491,8551.0,12750.0,12810.0,4199.0,4.0,20,169,,,pt,5070.0,12810.0,5070.0,"{'duration': 4199, 'source_transfer_time': 0, 'waiting_time': 479, 'trip_time': 3720, 'num_transfers': 4, 'departure_time': 8551, 'departure_day': 'current_day', 'arrival_time': 12750, 'arrival_day': 'current_day', 'steps': [{'duration': 930, 'departure_time': 9030, 'arrival_time': 9960, 'day': 'current_day', 'from_stop_id': '20-5', 'to_stop_id': 'MH-L-5', 'trip_id': '8-0-11', 'agency_name': 'Unknown'}, {'duration': 30, 'departure_time': 9960, 'arrival_time': 9990, 'day': 'current_day', 'from_stop_id': 'MH-L-5', 'to_stop_id': 'MH-L-0', 'trip_id': 'walking', 'agency_name': 'Unknown'}, {'duration': 1500, 'departure_time': 10800, 'arrival_time': 12300, 'day': 'current_day', 'from_stop_id': 'MH-L-0', 'to_stop_id': 'MH-R-0', 'trip_id': '0-0-4', 'agency_name': 'Unknown'}, {'duration': 30, 'departure_time': 12300, 'arrival_time': 12330, 'day': 'current_day', 'from_stop_id': 'MH-R-0', 'to_stop_id': 'MH-R-4', 'trip_id': 'walking', 'agency_name': 'Unknown'}, {'duration': 210, 'departure_time': 12540, 'arrival_time': 12750, 'day': 'current_day', 'from_stop_id': 'MH-R-4', 'to_stop_id': '169-4', 'trip_id': '9-1-15', 'agency_name': 'Unknown'}]}"
74,133,5520,inter,left,207,[75; 85],[133],500,375,0,0,5895,5955.0,9870.0,9930.0,3915.0,4.0,75,133,,,pt,4410.0,9930.0,4410.0,"{'duration': 3915, 'source_transfer_time': 0, 'waiting_time': 555, 'trip_time': 3360, 'num_transfers': 4, 'departure_time': 5955, 'departure_day': 'current_day', 'arrival_time': 9870, 'arrival_day': 'current_day', 'steps': [{'duration': 450, 'departure_time': 6510, 'arrival_time': 6960, 'day': 'current_day', 'from_stop_id': '75-5', 'to_stop_id': 'MH-L-5', 'trip_id': '8-1-6', 'agency_name': 'Unknown'}, {'duration': 30, 'departure_time': 6960, 'arrival_time': 6990, 'day': 'current_day', 'from_stop_id': 'MH-L-5', 'to_stop_id': 'MH-L-0', 'trip_id': 'walking', 'agency_name': 'Unknown'}, {'duration': 1500, 'departure_time': 7200, 'arrival_time': 8700, 'day': 'current_day', 'from_stop_id': 'MH-L-0', 'to_stop_id': 'MH-R-0', 'trip_id': '0-0-2', 'agency_name': 'Unknown'}, {'duration': 30, 'departure_time': 8700, 'arrival_time': 8730, 'day': 'current_day', 'from_stop_id': 'MH-R-0', 'to_stop_id': 'MH-R-4', 'trip_id': 'walking', 'agency_name': 'Unknown'}, {'duration': 930, 'departure_time': 8940, 'arrival_time': 9870, 'day': 'current_day', 'from_stop_id': 'MH-R-4', 'to_stop_id': '133-4', 'trip_id': '9-1-9', 'agency_name': 'Unknown'}]}"
21,209,13050,inter,left,208,[10; 20],[209],500,375,0,0,13425,13485.0,18270.0,18330.0,4785.0,4.0,10,209,,,pt,5280.0,18330.0,5280.0,"{'duration': 4785, 'source_transfer_time': 0, 'waiting_time': 105, 'trip_time': 4680, 'num_transfers': 4, 'departure_time': 13485, 'departure_day': 'current_day', 'arrival_time': 18270, 'arrival_day': 'current_day', 'steps': [{'duration': 1170, 'departure_time': 13590, 'arrival_time': 14760, 'day': 'current_day', 'from_stop_id': '10-5', 'to_stop_id': 'MH-L-5', 'trip_id': '8-0-19', 'agency_name': 'Unknown'}, {'duration': 30, 'departure_time': 14760, 'arrival_time': 14790, 'day': 'current_day', 'from_stop_id': 'MH-L-5', 'to_stop_id': 'MH-L-0', 'trip_id': 'walking', 'agency_name': 'Unknown'}, {'duration': 1500, 'departure_time': 16200, 'arrival_time': 17700, 'day': 'current_day', 'from_stop_id': 'MH-L-0', 'to_stop_id': 'MH-R-0', 'trip_id': '0-0-7', 'agency_name': 'Unknown'}, {'duration': 30, 'departure_time': 17700, 'arrival_time': 17730, 'day': 'current_day', 'from_stop_id': 'MH-R-0', 'to_stop_id': 'MH-R-2', 'trip_id': 'walking', 'agency_name': 'Unknown'}, {'duration': 330, 'departure_time': 17940, 'arrival_time': 18270, 'day': 'current_day', 'from_stop_id': 'MH-R-2', 'to_stop_id': '209-2', 'trip_id': '4-1-24', 'agency_name': 'Unknown'}]}"
48,191,10050,inter,left,209,[48],[181],0,0,500,375,10050,10110.0,12990.0,13050.0,2880.0,4.0,48,181,,,pt,3375.0,13425.0,3375.0,"{'duration': 2880, 'source_transfer_time': 0, 'waiting_time': 240, 'trip_time': 2640, 'num_transfers': 4, 'departure_time': 10110, 'departure_day': 'current_day', 'arrival_time': 12990, 'arrival_day': 'current_day', 'steps': [{'duration': 210, 'departure_time': 10350, 'arrival_time': 10560, 'day': 'current_day', 'from_stop_id': '48-4', 'to_stop_id': 'MH-L-4', 'trip_id': '7-0-12', 'agency_name': 'Unknown'}, {'duration': 30, 'departure_time': 10560, 'arrival_time': 10590, 'day': 'current_day', 'from_stop_id': 'MH-L-4', 'to_stop_id': 'MH-L-0', 'trip_id': 'walking', 'agency_name': 'Unknown'}, {'duration': 1500, 'departure_time': 10800, 'arrival_time': 12300, 'day': 'current_day', 'from_stop_id': 'MH-L-0', 'to_stop_id': 'MH-R-0', 'trip_id': '0-0-4', 'agency_name': 'Unknown'}, {'duration': 30, 'departure_time': 12300, 'arrival_time': 12330, 'day': 'current_day', 'from_stop_id': 'MH-R-0', 'to_stop_id': 'MH-R-1', 'trip_id': 'walking', 'agency_name': 'Unknown'}, {'duration': 450, 'departure_time': 12540, 'arrival_time': 12990, 'day': 'current_day', 'from_stop_id': 'MH-R-1', 'to_stop_id': '181-1', 'trip_id': '3-0-15', 'agency_name': 'Unknown'}]}"
33,138,4860,inter,left,210,[11; 23; 35; 54],[137],1000,751,500,375,5611,5671.0,9390.0,9450.0,3719.0,4.0,11,137,,,pt,4965.0,9825.0,4965.0,"{'duration': 3719, 'source_transfer_time': 0, 'waiting_time': 239, 'trip_time': 3480, 'num_transfers': 4, 'departure_time': 5671, 'departure_day': 'current_day', 'arrival_time': 9390, 'arrival_day': 'current_day', 'steps': [{'duration': 1050, 'departure_time': 5910, 'arrival_time': 6960, 'day': 'current_day', 'from_stop_id': '11-4', 'to_stop_id': 'MH-L-4', 'trip_id': '7-0-6', 'agency_name': 'Unknown'}, {'duration': 30, 'departure_time': 6960, 'arrival_time': 6990, 'day': 'current_day', 'from_stop_id': 'MH-L-4', 'to_stop_id': 'MH-L-0', 'trip_id': 'walking', 'agency_name': 'Unknown'}, {'duration': 1500, 'departure_time': 7200, 'arrival_time': 8700, 'day': 'current_day', 'from_stop_id': 'MH-L-0', 'to_stop_id': 'MH-R-0', 'trip_id': '0-0-2', 'agency_name': 'Unknown'}, {'duration': 30, 'departure_time': 8700, 'arrival_time': 8730, 'day': 'current_day', 'from_stop_id': 'MH-R-0', 'to_stop_id': 'MH-R-2', 'trip_id': 'walking', 'agency_name': 'Unknown'}, {'duration': 450, 'departure_time': 8940, 'arrival_time': 9390, 'day': 'current_day', 'from_stop_id': 'MH-R-2', 'to_stop_id': '137-2', 'trip_id': '4-0-9', 'agency_name': 'Unknown'}]}"
18,158,7800,inter,left,211,[19; 29],[157; 159; 169],500,375,500,375,8175,8235.0,12750.0,12810.0,4515.0,4.0,19,159,,,pt,5385.0,13185.0,5385.0,"{'duration': 4515, 'source_transfer_time': 0, 'waiting_time': 315, 'trip_time': 4200, 'num_transfers': 4, 'departure_time': 8235, 'departure_day': 'current_day', 'arrival_time': 12750, 'arrival_day': 'current_day', 'steps': [{'duration': 810, 'departure_time': 8550, 'arrival_time': 9360, 'day': 'current_day', 'from_stop_id': '19-5', 'to_stop_id': 'MH-L-5', 'trip_id': '8-0-10', 'agency_name': 'Unknown'}, {'duration': 30, 'departure_time': 9360, 'arrival_time': 9390, 'day': 'current_day', 'from_stop_id': 'MH-L-5', 'to_stop_id': 'MH-L-0', 'trip_id': 'walking', 'agency_name': 'Unknown'}, {'duration': 1500, 'departure_time': 10800, 'arrival_time': 12300, 'day': 'current_day', 'from_stop_id': 'MH-L-0', 'to_stop_id': 'MH-R-0', 'trip_id': '0-0-4', 'agency_name': 'Unknown'}, {'duration': 30, 'departure_time': 12300, 'arrival_time': 12330, 'day': 'current_day', 'from_stop_id': 'MH-R-0', 'to_stop_id': 'MH-R-2', 'trip_id': 'walking', 'agency_name': 'Unknown'}, {'duration': 210, 'departure_time': 12540, 'arrival_time': 12750, 'day': 'current_day', 'from_stop_id': 'MH-R-2', 'to_stop_id': '159-2', 'trip_id': '4-0-15', 'agency_name': 'Unknown'}]}"
90,130,7290,inter,left,212,[79; 91],[130],500,375,0,0,7665,7725.0,11790.0,11850.0,4065.0,4.0,79,130,,,pt,4560.0,11850.0,4560.0,"{'duration': 4065, 'source_transfer_time': 0, 'waiting_time': 585, 'trip_time': 3480, 'num_transfers': 4, 'departure_time': 7725, 'departure_day': 'current_day', 'arrival_time': 11790, 'arrival_day': 'current_day', 'steps': [{'duration': 450, 'departure_time': 8310, 'arrival_time': 8760, 'day': 'current_day', 'from_stop_id': '79-4', 'to_stop_id': 'MH-L-4', 'trip_id': '7-1-9', 'agency_name': 'Unknown'}, {'duration': 30, 'departure_time': 8760, 'arrival_time': 8790, 'day': 'current_day', 'from_stop_id': 'MH-L-4', 'to_stop_id': 'MH-L-0', 'trip_id': 'walking', 'agency_name': 'Unknown'}, {'duration': 1500, 'departure_time': 9000, 'arrival_time': 10500, 'day': 'current_day', 'from_stop_id': 'MH-L-0', 'to_stop_id': 'MH-R-0', 'trip_id': '0-0-3', 'agency_name': 'Unknown'}, {'duration': 30, 'departure_time': 10500, 'arrival_time': 10530, 'day': 'current_day', 'from_stop_id': 'MH-R-0', 'to_stop_id': 'MH-R-5', 'trip_id': 'walking', 'agency_name': 'Unknown'}, {'duration': 1050, 'departure_time': 10740, 'arrival_time': 11790, 'day': 'current_day', 'from_stop_id': 'MH-R-5', 'to_stop_id': '130-5', 'trip_id': '10-1-12', 'agency_name': 'Unknown'}]}"
22,177,9510,inter,left,213,[11; 23],[177],500,375,0,0,9885,9945.0,14670.0,14730.0,4725.0,4.0,11,177,,,pt,5220.0,14730.0,5220.0,"{'duration': 4725, 'source_transfer_time': 0, 'waiting_time': 165, 'trip_time': 4560, 'num_transfers': 4, 'departure_time': 9945, 'departure_day': 'current_day', 'arrival_time': 14670, 'arrival_day': 'current_day', 'steps': [{'duration': 1050, 'departure_time': 10110, 'arrival_time': 11160, 'day': 'current_day', 'from_stop_id': '11-4', 'to_stop_id': 'MH-L-4', 'trip_id': '7-0-13', 'agency_name': 'Unknown'}, {'duration': 30, 'departure_time': 11160, 'arrival_time': 11190, 'day': 'current_day', 'from_stop_id': 'MH-L-4', 'to_stop_id': 'MH-L-0', 'trip_id': 'walking', 'agency_name': 'Unknown'}, {'duration': 1500, 'departure_time': 12600, 'arrival_time': 14100, 'day': 'current_day', 'from_stop_id': 'MH-L-0', 'to_stop_id': 'MH-R-0', 'trip_id': '0-0-5', 'agency_name': 'Unknown'}, {'duration': 30, 'departure_time': 14100, 'arrival_time': 14130, 'day': 'current_day', 'from_stop_id': 'MH-R-0', 'to_stop_id': 'MH-R-1', 'trip_id': 'walking', 'agency_name': 'Unknown'}, {'duration': 330, 'departure_time': 14340, 'arrival_time': 14670, 'day': 'current_day', 'from_stop_id': 'MH-R-1', 'to_stop_id': '177-1', 'trip_id': '3-1-18', 'agency_name': 'Unknown'}]}"
33,236,9060,inter,left,214,[11; 23; 35; 54],[236],1000,751,0,0,9811,9871.0,13710.0,13770.0,3839.0,4.0,35,236,,,pt,4710.0,13770.0,4710.0,"{'duration': 3839, 'source_transfer_time': 0, 'waiting_time': 119, 'trip_time': 3720, 'num_transfers': 4, 'departure_time': 9871, 'departure_day': 'current_day', 'arrival_time': 13710, 'arrival_day': 'current_day', 'steps': [{'duration': 570, 'departure_time': 9990, 'arrival_time': 10560, 'day': 'current_day', 'from_stop_id': '35-4', 'to_stop_id': 'MH-L-4', 'trip_id': '7-0-12', 'agency_name': 'Unknown'}, {'duration': 30, 'departure_time': 10560, 'arrival_time': 10590, 'day': 'current_day', 'from_stop_id': 'MH-L-4', 'to_stop_id': 'MH-L-0', 'trip_id': 'walking', 'agency_name': 'Unknown'}, {'duration': 1500, 'departure_time': 10800, 'arrival_time': 12300, 'day': 'current_day', 'from_stop_id': 'MH-L-0', 'to_stop_id': 'MH-R-0', 'trip_id': '0-0-4', 'agency_name': 'Unknown'}, {'duration': 30, 'departure_time': 12300, 'arrival_time': 12330, 'day': 'current_day', 'from_stop_id': 'MH-R-0', 'to_stop_id': 'MH-R-4', 'trip_id': 'walking', 'agency_name': 'Unknown'}, {'duration': 1170, 'departure_time': 12540, 'arrival_time': 13710, 'day': 'current_day', 'from_stop_id': 'MH-R-4', 'to_stop_id': '236-4', 'trip_id': '9-0-15', 'agency_name': 'Unknown'}]}"
114,188,13050,inter,left,215,[103; 115],[188],500,375,0,0,13425,13485.0,18150.0,18210.0,4665.0,4.0,103,188,,,pt,5160.0,18210.0,5160.0,"{'duration': 4665, 'source_transfer_time': 0, 'waiting_time': 345, 'trip_time': 4320, 'num_transfers': 4, 'departure_time': 13485, 'departure_day': 'current_day', 'arrival_time': 18150, 'arrival_day': 'current_day', 'steps': [{'duration': 930, 'departure_time': 13830, 'arrival_time': 14760, 'day': 'current_day', 'from_stop_id': '103-4', 'to_stop_id': 'MH-L-4', 'trip_id': '7-1-19', 'agency_name': 'Unknown'}, {'duration': 30, 'departure_time': 14760, 'arrival_time': 14790, 'day': 'current_day', 'from_stop_id': 'MH-L-4', 'to_stop_id': 'MH-L-0', 'trip_id': 'walking', 'agency_name': 'Unknown'}, {'duration': 1500, 'departure_time': 16200, 'arrival_time': 17700, 'day': 'current_day', 'from_stop_id': 'MH-L-0', 'to_stop_id': 'MH-R-0', 'trip_id': '0-0-7', 'agency_name': 'Unknown'}, {'duration': 30, 'departure_time': 17700, 'arrival_time': 17730, 'day': 'current_day', 'from_stop_id': 'MH-R-0', 'to_stop_id': 'MH-R-4', 'trip_id': 'walking', 'agency_name': 'Unknown'}, {'duration': 210, 'departure_time': 17940, 'arrival_time': 18150, 'day': 'current_day', 'from_stop_id': 'MH-R-4', 'to_stop_id': '188-4', 'trip_id': '9-0-24', 'agency_name': 'Unknown'}]}"
63,185,6960,inter,left,216,[55],[177],500,375,500,375,7335,7395.0,11070.0,11130.0,3675.0,4.0,55,177,,,pt,4545.0,11505.0,4545.0,"{'duration': 3675, 'source_transfer_time': 0, 'waiting_time': 315, 'trip_time': 3360, 'num_transfers': 4, 'departure_time': 7395, 'departure_day': 'current_day', 'arrival_time': 11070, 'arrival_day': 'current_day', 'steps': [{'duration': 450, 'departure_time': 7710, 'arrival_time': 8160, 'day': 'current_day', 'from_stop_id': '55-1', 'to_stop_id': 'MH-L-1', 'trip_id': '1-0-8', 'agency_name': 'Unknown'}, {'duration': 30, 'departure_time': 8160, 'arrival_time': 8190, 'day': 'current_day', 'from_stop_id': 'MH-L-1', 'to_stop_id': 'MH-L-0', 'trip_id': 'walking', 'agency_name': 'Unknown'}, {'duration': 1500, 'departure_time': 9000, 'arrival_time': 10500, 'day': 'current_day', 'from_stop_id': 'MH-L-0', 'to_stop_id': 'MH-R-0', 'trip_id': '0-0-3', 'agency_name': 'Unknown'}, {'duration': 30, 'departure_time': 10500, 'arrival_time': 10530, 'day': 'current_day', 'from_stop_id': 'MH-R-0', 'to_stop_id': 'MH-R-1', 'trip_id': 'walking', 'agency_name': 'Unknown'}, {'duration': 330, 'departure_time': 10740, 'arrival_time': 11070, 'day': 'current_day', 'from_stop_id': 'MH-R-1', 'to_stop_id': '177-1', 'trip_id': '3-1-12', 'agency_name': 'Unknown'}]}"
72,172,10020,inter,left,217,[54],[180],1000,751,500,375,10771,10831.0,14670.0,14730.0,3839.0,4.0,54,180,,,pt,5085.0,15105.0,5085.0,"{'duration': 3839, 'source_transfer_time': 0, 'waiting_time': 359, 'trip_time': 3480, 'num_transfers': 4, 'departure_time': 10831, 'departure_day': 'current_day', 'arrival_time': 14670, 'arrival_day': 'current_day', 'steps': [{'duration': 570, 'departure_time': 11190, 'arrival_time': 11760, 'day': 'current_day', 'from_stop_id': '54-1', 'to_stop_id': 'MH-L-1', 'trip_id': '1-0-14', 'agency_name': 'Unknown'}, {'duration': 30, 'departure_time': 11760, 'arrival_time': 11790, 'day': 'current_day', 'from_stop_id': 'MH-L-1', 'to_stop_id': 'MH-L-0', 'trip_id': 'walking', 'agency_name': 'Unknown'}, {'duration': 1500, 'departure_time': 12600, 'arrival_time': 14100, 'day': 'current_day', 'from_stop_id': 'MH-L-0', 'to_stop_id': 'MH-R-0', 'trip_id': '0-0-5', 'agency_name': 'Unknown'}, {'duration': 30, 'departure_time': 14100, 'arrival_time': 14130, 'day': 'current_day', 'from_stop_id': 'MH-R-0', 'to_stop_id': 'MH-R-1', 'trip_id': 'walking', 'agency_name': 'Unknown'}, {'duration': 330, 'departure_time': 14340, 'arrival_time': 14670, 'day': 'current_day', 'from_stop_id': 'MH-R-1', 'to_stop_id': '180-1', 'trip_id': '3-0-18', 'agency_name': 'Unknown'}]}"
37,208,7860,inter,left,218,[36; 38; 48],[197; 207; 209],500,375,500,375,8235,8295.0,11070.0,11130.0,2775.0,4.0,36,197,,,pt,3645.0,11505.0,3645.0,"{'duration': 2775, 'source_transfer_time': 0, 'waiting_time': 15, 'trip_time': 2760, 'num_transfers': 4, 'departure_time': 8295, 'departure_day': 'current_day', 'arrival_time': 11070, 'arrival_day': 'current_day', 'steps': [{'duration': 450, 'departure_time': 8310, 'arrival_time': 8760, 'day': 'current_day', 'from_stop_id': '36-4', 'to_stop_id': 'MH-L-4', 'trip_id': '7-0-9', 'agency_name': 'Unknown'}, {'duration': 30, 'departure_time': 8760, 'arrival_time': 8790, 'day': 'current_day', 'from_stop_id': 'MH-L-4', 'to_stop_id': 'MH-L-0', 'trip_id': 'walking', 'agency_name': 'Unknown'}, {'duration': 1500, 'departure_time': 9000, 'arrival_time': 10500, 'day': 'current_day', 'from_stop_id': 'MH-L-0', 'to_stop_id': 'MH-R-0', 'trip_id': '0-0-3', 'agency_name': 'Unknown'}, {'duration': 30, 'departure_time': 10500, 'arrival_time': 10530, 'day': 'current_day', 'from_stop_id': 'MH-R-0', 'to_stop_id': 'MH-R-5', 'trip_id': 'walking', 'agency_name': 'Unknown'}, {'duration': 330, 'departure_time': 10740, 'arrival_time': 11070, 'day': 'current_day', 'from_stop_id': 'MH-R-5', 'to_stop_id': '197-5', 'trip_id': '10-0-12', 'agency_name': 'Unknown'}]}"
110,187,5040,inter,left,219,[110],[187],0,0,0,0,5040,5100.0,9150.0,9210.0,4050.0,4.0,110,187,,,pt,4170.0,9210.0,4170.0,"{'duration': 4050, 'source_transfer_time': 0, 'waiting_time': 90, 'trip_time': 3960, 'num_transfers': 4, 'departure_time': 5100, 'departure_day': 'current_day', 'arrival_time': 9150, 'arrival_day': 'current_day', 'steps': [{'duration': 570, 'departure_time': 5190, 'arrival_time': 5760, 'day': 'current_day', 'from_stop_id': '110-2', 'to_stop_id': 'MH-L-2', 'trip_id': '2-0-4', 'agency_name': 'Unknown'}, {'duration': 30, 'departure_time': 5760, 'arrival_time': 5790, 'day': 'current_day', 'from_stop_id': 'MH-L-2', 'to_stop_id': 'MH-L-0', 'trip_id': 'walking', 'agency_name': 'Unknown'}, {'duration': 1500, 'departure_time': 7200, 'arrival_time': 8700, 'day': 'current_day', 'from_stop_id': 'MH-L-0', 'to_stop_id': 'MH-R-0', 'trip_id': '0-0-2', 'agency_name': 'Unknown'}, {'duration': 30, 'departure_time': 8700, 'arrival_time': 8730, 'day': 'current_day', 'from_stop_id': 'MH-R-0', 'to_stop_id': 'MH-R-5', 'trip_id': 'walking', 'agency_name': 'Unknown'}, {'duration': 210, 'departure_time': 8940, 'arrival_time': 9150, 'day': 'current_day', 'from_stop_id': 'MH-R-5', 'to_stop_id': '187-5', 'trip_id': '10-0-9', 'agency_name': 'Unknown'}]}"
105,225,6450,inter,left,220,[105],[225],0,0,0,0,6450,6510.0,11790.0,11850.0,5280.0,4.0,105,225,,,pt,5400.0,11850.0,5400.0,"{'duration': 5280, 'source_transfer_time': 0, 'waiting_time': 480, 'trip_time': 4800, 'num_transfers': 4, 'departure_time': 6510, 'departure_day': 'current_day', 'arrival_time': 11790, 'arrival_day': 'current_day', 'steps': [{'duration': 1170, 'departure_time': 6990, 'arrival_time': 8160, 'day': 'current_day', 'from_stop_id': '105-5', 'to_stop_id': 'MH-L-5', 'trip_id': '8-1-8', 'agency_name': 'Unknown'}, {'duration': 30, 'departure_time': 8160, 'arrival_time': 8190, 'day': 'current_day', 'from_stop_id': 'MH-L-5', 'to_stop_id': 'MH-L-0', 'trip_id': 'walking', 'agency_name': 'Unknown'}, {'duration': 1500, 'departure_time': 9000, 'arrival_time': 10500, 'day': 'current_day', 'from_stop_id': 'MH-L-0', 'to_stop_id': 'MH-R-0', 'trip_id': '0-0-3', 'agency_name': 'Unknown'}, {'duration': 30, 'departure_time': 10500, 'arrival_time': 10530, 'day': 'current_day', 'from_stop_id': 'MH-R-0', 'to_stop_id': 'MH-R-4', 'trip_id': 'walking', 'agency_name': 'Unknown'}, {'duration': 1050, 'departure_time': 10740, 'arrival_time': 11790, 'day': 'current_day', 'from_stop_id': 'MH-R-4', 'to_stop_id': '225-4', 'trip_id': '9-0-12', 'agency_name': 'Unknown'}]}"
50,123,11400,inter,left,221,[40; 49; 58],[121; 133; 145],500,375,1000,751,11775,11835.0,15030.0,15090.0,3195.0,4.0,40,145,,,pt,4441.0,15841.0,4441.0,"{'duration': 3195, 'source_transfer_time': 0, 'waiting_time': 75, 'trip_time': 3120, 'num_transfers': 4, 'departure_time': 11835, 'departure_day': 'current_day', 'arrival_time': 15030, 'arrival_day': 'current_day', 'steps': [{'duration': 450, 'departure_time': 11910, 'arrival_time': 12360, 'day': 'current_day', 'from_stop_id': '40-5', 'to_stop_id': 'MH-L-5', 'trip_id': '8-0-15', 'agency_name': 'Unknown'}, {'duration': 30, 'departure_time': 12360, 'arrival_time': 12390, 'day': 'current_day', 'from_stop_id': 'MH-L-5', 'to_stop_id': 'MH-L-0', 'trip_id': 'walking', 'agency_name': 'Unknown'}, {'duration': 1500, 'departure_time': 12600, 'arrival_time': 14100, 'day': 'current_day', 'from_stop_id': 'MH-L-0', 'to_stop_id': 'MH-R-0', 'trip_id': '0-0-5', 'agency_name': 'Unknown'}, {'duration': 30, 'departure_time': 14100, 'arrival_time': 14130, 'day': 'current_day', 'from_stop_id': 'MH-R-0', 'to_stop_id': 'MH-R-4', 'trip_id': 'walking', 'agency_name': 'Unknown'}, {'duration': 690, 'departure_time': 14340, 'arrival_time': 15030, 'day': 'current_day', 'from_stop_id': 'MH-R-4', 'to_stop_id': '145-4', 'trip_id': '9-1-18', 'agency_name': 'Unknown'}]}"
5,192,6420,inter,left,222,[5],[182],0,0,500,375,6420,6480.0,11310.0,11370.0,4830.0,4.0,5,182,,,pt,5325.0,11745.0,5325.0,"{'duration': 4830, 'source_transfer_time': 0, 'waiting_time': 510, 'trip_time': 4320, 'num_transfers': 4, 'departure_time': 6480, 'departure_day': 'current_day', 'arrival_time': 11310, 'arrival_day': 'current_day', 'steps': [{'duration': 570, 'departure_time': 6990, 'arrival_time': 7560, 'day': 'current_day', 'from_stop_id': '5-2', 'to_stop_id': 'MH-L-2', 'trip_id': '2-1-7', 'agency_name': 'Unknown'}, {'duration': 30, 'departure_time': 7560, 'arrival_time': 7590, 'day': 'current_day', 'from_stop_id': 'MH-L-2', 'to_stop_id': 'MH-L-0', 'trip_id': 'walking', 'agency_name': 'Unknown'}, {'duration': 1500, 'departure_time': 9000, 'arrival_time': 10500, 'day': 'current_day', 'from_stop_id': 'MH-L-0', 'to_stop_id': 'MH-R-0', 'trip_id': '0-0-3', 'agency_name': 'Unknown'}, {'duration': 30, 'departure_time': 10500, 'arrival_time': 10530, 'day': 'current_day', 'from_stop_id': 'MH-R-0', 'to_stop_id': 'MH-R-1', 'trip_id': 'walking', 'agency_name': 'Unknown'}, {'duration': 570, 'departure_time': 10740, 'arrival_time': 11310, 'day': 'current_day', 'from_stop_id': 'MH-R-1', 'to_stop_id': '182-1', 'trip_id': '3-0-12', 'agency_name': 'Unknown'}]}"
36,153,12660,inter,left,223,[36],[131; 141; 151],0,0,1000,751,12660,12720.0,16830.0,16890.0,4110.0,4.0,36,151,,,pt,4981.0,17641.0,4981.0,"{'duration': 4110, 'source_transfer_time': 0, 'waiting_time': 390, 'trip_time': 3720, 'num_transfers': 4, 'departure_time': 12720, 'departure_day': 'current_day', 'arrival_time': 16830, 'arrival_day': 'current_day', 'steps': [{'duration': 450, 'departure_time': 13110, 'arrival_time': 13560, 'day': 'current_day', 'from_stop_id': '36-4', 'to_stop_id': 'MH-L-4', 'trip_id': '7-0-17', 'agency_name': 'Unknown'}, {'duration': 30, 'departure_time': 13560, 'arrival_time': 13590, 'day': 'current_day', 'from_stop_id': 'MH-L-4', 'to_stop_id': 'MH-L-0', 'trip_id': 'walking', 'agency_name': 'Unknown'}, {'duration': 1500, 'departure_time': 14400, 'arrival_time': 15900, 'day': 'current_day', 'from_stop_id': 'MH-L-0', 'to_stop_id': 'MH-R-0', 'trip_id': '0-0-6', 'agency_name': 'Unknown'}, {'duration': 30, 'departure_time': 15900, 'arrival_time': 15930, 'day': 'current_day', 'from_stop_id': 'MH-R-0', 'to_stop_id': 'MH-R-5', 'trip_id': 'walking', 'agency_name': 'Unknown'}, {'duration': 690, 'departure_time': 16140, 'arrival_time': 16830, 'day': 'current_day', 'from_stop_id': 'MH-R-5', 'to_stop_id': '151-5', 'trip_id': '10-1-21', 'agency_name': 'Unknown'}]}"
107,192,12240,inter,left,224,[96; 106],[182],500,375,500,375,12615,12675.0,16710.0,16770.0,4035.0,4.0,96,182,,,pt,4905.0,17145.0,4905.0,"{'duration': 4035, 'source_transfer_time': 0, 'waiting_time': 75, 'trip_time': 3960, 'num_transfers': 4, 'departure_time': 12675, 'departure_day': 'current_day', 'arrival_time': 16710, 'arrival_day': 'current_day', 'steps': [{'duration': 810, 'departure_time': 12750, 'arrival_time': 13560, 'day': 'current_day', 'from_stop_id': '96-5', 'to_stop_id': 'MH-L-5', 'trip_id': '8-1-17', 'agency_name': 'Unknown'}, {'duration': 30, 'departure_time': 13560, 'arrival_time': 13590, 'day': 'current_day', 'from_stop_id': 'MH-L-5', 'to_stop_id': 'MH-L-0', 'trip_id': 'walking', 'agency_name': 'Unknown'}, {'duration': 1500, 'departure_time': 14400, 'arrival_time': 15900, 'day': 'current_day', 'from_stop_id': 'MH-L-0', 'to_stop_id': 'MH-R-0', 'trip_id': '0-0-6', 'agency_name': 'Unknown'}, {'duration': 30, 'departure_time': 15900, 'arrival_time': 15930, 'day': 'current_day', 'from_stop_id': 'MH-R-0', 'to_stop_id': 'MH-R-1', 'trip_id': 'walking', 'agency_name': 'Unknown'}, {'duration': 570, 'departure_time': 16140, 'arrival_time': 16710, 'day': 'current_day', 'from_stop_id': 'MH-R-1', 'to_stop_id': '182-1', 'trip_id': '3-0-21', 'agency_name': 'Unknown'}]}"
21,140,5730,inter,left,225,[10; 20],[140],500,375,0,0,6105,6165.0,11550.0,11610.0,5385.0,4.0,10,140,,,pt,5880.0,11610.0,5880.0,"{'duration': 5385, 'source_transfer_time': 0, 'waiting_time': 225, 'trip_time': 5160, 'num_transfers': 4, 'departure_time': 6165, 'departure_day': 'current_day', 'arrival_time': 11550, 'arrival_day': 'current_day', 'steps': [{'duration': 1170, 'departure_time': 6390, 'arrival_time': 7560, 'day': 'current_day', 'from_stop_id': '10-5', 'to_stop_id': 'MH-L-5', 'trip_id': '8-0-7', 'agency_name': 'Unknown'}, {'duration': 30, 'departure_time': 7560, 'arrival_time': 7590, 'day': 'current_day', 'from_stop_id': 'MH-L-5', 'to_stop_id': 'MH-L-0', 'trip_id': 'walking', 'agency_name': 'Unknown'}, {'duration': 1500, 'departure_time': 9000, 'arrival_time': 10500, 'day': 'current_day', 'from_stop_id': 'MH-L-0', 'to_stop_id': 'MH-R-0', 'trip_id': '0-0-3', 'agency_name': 'Unknown'}, {'duration': 30, 'departure_time': 10500, 'arrival_time': 10530, 'day': 'current_day', 'from_stop_id': 'MH-R-0', 'to_stop_id': 'MH-R-5', 'trip_id': 'walking', 'agency_name': 'Unknown'}, {'duration': 810, 'departure_time': 10740, 'arrival_time': 11550, 'day': 'current_day', 'from_stop_id': 'MH-R-5', 'to_stop_id': '140-5', 'trip_id': '10-1-12', 'agency_name': 'Unknown'}]}"
63,147,10230,inter,left,226,[55],[148],500,375,500,375,10605,10665.0,14670.0,14730.0,4005.0,4.0,55,148,,,pt,4875.0,15105.0,4875.0,"{'duration': 4005, 'source_transfer_time': 0, 'waiting_time': 45, 'trip_time': 3960, 'num_transfers': 4, 'departure_time': 10665, 'departure_day': 'current_day', 'arrival_time': 14670, 'arrival_day': 'current_day', 'steps': [{'duration': 450, 'departure_time': 10710, 'arrival_time': 11160, 'day': 'current_day', 'from_stop_id': '55-1', 'to_stop_id': 'MH-L-1', 'trip_id': '1-0-13', 'agency_name': 'Unknown'}, {'duration': 30, 'departure_time': 11160, 'arrival_time': 11190, 'day': 'current_day', 'from_stop_id': 'MH-L-1', 'to_stop_id': 'MH-L-0', 'trip_id': 'walking', 'agency_name': 'Unknown'}, {'duration': 1500, 'departure_time': 12600, 'arrival_time': 14100, 'day': 'current_day', 'from_stop_id': 'MH-L-0', 'to_stop_id': 'MH-R-0', 'trip_id': '0-0-5', 'agency_name': 'Unknown'}, {'duration': 30, 'departure_time': 14100, 'arrival_time': 14130, 'day': 'current_day', 'from_stop_id': 'MH-R-0', 'to_stop_id': 'MH-R-2', 'trip_id': 'walking', 'agency_name': 'Unknown'}, {'duration': 330, 'departure_time': 14340, 'arrival_time': 14670, 'day': 'current_day', 'from_stop_id': 'MH-R-2', 'to_stop_id': '148-2', 'trip_id': '4-0-18', 'agency_name': 'Unknown'}]}"
9,233,4290,inter,left,227,[9],[231],0,0,1000,751,4290,4350.0,9510.0,9570.0,5160.0,4.0,9,231,,,pt,6031.0,10321.0,6031.0,"{'duration': 5160, 'source_transfer_time': 0, 'waiting_time': 360, 'trip_time': 4800, 'num_transfers': 4, 'departure_time': 4350, 'departure_day': 'current_day', 'arrival_time': 9510, 'arrival_day': 'current_day', 'steps': [{'duration': 1050, 'departure_time': 4710, 'arrival_time': 5760, 'day': 'current_day', 'from_stop_id': '9-5', 'to_stop_id': 'MH-L-5', 'trip_id': '8-0-4', 'agency_name': 'Unknown'}, {'duration': 30, 'departure_time': 5760, 'arrival_time': 5790, 'day': 'current_day', 'from_stop_id': 'MH-L-5', 'to_stop_id': 'MH-L-0', 'trip_id': 'walking', 'agency_name': 'Unknown'}, {'duration': 1500, 'departure_time': 7200, 'arrival_time': 8700, 'day': 'current_day', 'from_stop_id': 'MH-L-0', 'to_stop_id': 'MH-R-0', 'trip_id': '0-0-2', 'agency_name': 'Unknown'}, {'duration': 30, 'departure_time': 8700, 'arrival_time': 8730, 'day': 'current_day', 'from_stop_id': 'MH-R-0', 'to_stop_id': 'MH-R-2', 'trip_id': 'walking', 'agency_name': 'Unknown'}, {'duration': 570, 'departure_time': 8940, 'arrival_time': 9510, 'day': 'current_day', 'from_stop_id': 'MH-R-2', 'to_stop_id': '231-2', 'trip_id': '4-1-9', 'agency_name': 'Unknown'}]}"
84,134,8130,inter,left,228,[85; 95],[133; 145],500,375,500,375,8505,8565.0,13230.0,13290.0,4665.0,4.0,85,145,,,pt,5535.0,13665.0,5535.0,"{'duration': 4665, 'source_transfer_time': 0, 'waiting_time': 105, 'trip_time': 4560, 'num_transfers': 4, 'departure_time': 8565, 'departure_day': 'current_day', 'arrival_time': 13230, 'arrival_day': 'current_day', 'steps': [{'duration': 690, 'departure_time': 8670, 'arrival_time': 9360, 'day': 'current_day', 'from_stop_id': '85-5', 'to_stop_id': 'MH-L-5', 'trip_id': '8-1-10', 'agency_name': 'Unknown'}, {'duration': 30, 'departure_time': 9360, 'arrival_time': 9390, 'day': 'current_day', 'from_stop_id': 'MH-L-5', 'to_stop_id': 'MH-L-0', 'trip_id': 'walking', 'agency_name': 'Unknown'}, {'duration': 1500, 'departure_time': 10800, 'arrival_time': 12300, 'day': 'current_day', 'from_stop_id': 'MH-L-0', 'to_stop_id': 'MH-R-0', 'trip_id': '0-0-4', 'agency_name': 'Unknown'}, {'duration': 30, 'departure_time': 12300, 'arrival_time': 12330, 'day': 'current_day', 'from_stop_id': 'MH-R-0', 'to_stop_id': 'MH-R-4', 'trip_id': 'walking', 'agency_name': 'Unknown'}, {'duration': 690, 'departure_time': 12540, 'arrival_time': 13230, 'day': 'current_day', 'from_stop_id': 'MH-R-4', 'to_stop_id': '145-4', 'trip_id': '9-1-15', 'agency_name': 'Unknown'}]}"
88,159,11310,inter,left,229,[88],[159],0,0,0,0,11310,11370.0,14550.0,14610.0,3180.0,4.0,88,159,,,pt,3300.0,14610.0,3300.0,"{'duration': 3180, 'source_transfer_time': 0, 'waiting_time': 60, 'trip_time': 3120, 'num_transfers': 4, 'departure_time': 11370, 'departure_day': 'current_day', 'arrival_time': 14550, 'arrival_day': 'current_day', 'steps': [{'duration': 330, 'departure_time': 11430, 'arrival_time': 11760, 'day': 'current_day', 'from_stop_id': '88-2', 'to_stop_id': 'MH-L-2', 'trip_id': '2-0-14', 'agency_name': 'Unknown'}, {'duration': 30, 'departure_time': 11760, 'arrival_time': 11790, 'day': 'current_day', 'from_stop_id': 'MH-L-2', 'to_stop_id': 'MH-L-0', 'trip_id': 'walking', 'agency_name': 'Unknown'}, {'duration': 1500, 'departure_time': 12600, 'arrival_time': 14100, 'day': 'current_day', 'from_stop_id': 'MH-L-0', 'to_stop_id': 'MH-R-0', 'trip_id': '0-0-5', 'agency_name': 'Unknown'}, {'duration': 30, 'departure_time': 14100, 'arrival_time': 14130, 'day': 'current_day', 'from_stop_id': 'MH-R-0', 'to_stop_id': 'MH-R-2', 'trip_id': 'walking', 'agency_name': 'Unknown'}, {'duration': 210, 'departure_time': 14340, 'arrival_time': 14550, 'day': 'current_day', 'from_stop_id': 'MH-R-2', 'to_stop_id': '159-2', 'trip_id': '4-0-18', 'agency_name': 'Unknown'}]}"
46,130,11460,inter,left,230,[35; 47; 56],[130],500,375,0,0,11835,11895.0,15390.0,15450.0,3495.0,4.0,47,130,,,pt,3990.0,15450.0,3990.0,"{'duration': 3495, 'source_transfer_time': 0, 'waiting_time': 135, 'trip_time': 3360, 'num_transfers': 4, 'departure_time': 11895, 'departure_day': 'current_day', 'arrival_time': 15390, 'arrival_day': 'current_day', 'steps': [{'duration': 330, 'departure_time': 12030, 'arrival_time': 12360, 'day': 'current_day', 'from_stop_id': '47-4', 'to_stop_id': 'MH-L-4', 'trip_id': '7-0-15', 'agency_name': 'Unknown'}, {'duration': 30, 'departure_time': 12360, 'arrival_time': 12390, 'day': 'current_day', 'from_stop_id': 'MH-L-4', 'to_stop_id': 'MH-L-0', 'trip_id': 'walking', 'agency_name': 'Unknown'}, {'duration': 1500, 'departure_time': 12600, 'arrival_time': 14100, 'day': 'current_day', 'from_stop_id': 'MH-L-0', 'to_stop_id': 'MH-R-0', 'trip_id': '0-0-5', 'agency_name': 'Unknown'}, {'duration': 30, 'departure_time': 14100, 'arrival_time': 14130, 'day': 'current_day', 'from_stop_id': 'MH-R-0', 'to_stop_id': 'MH-R-5', 'trip_id': 'walking', 'agency_name': 'Unknown'}, {'duration': 1050, 'departure_time': 14340, 'arrival_time': 15390, 'day': 'current_day', 'from_stop_id': 'MH-R-5', 'to_stop_id': '130-5', 'trip_id': '10-1-18', 'agency_name': 'Unknown'}]}"
8,171,4890,inter,left,231,[9; 19],[161; 170; 179],500,375,500,375,5265,5325.0,9150.0,9210.0,3825.0,4.0,9,170,,,pt,4695.0,9585.0,4695.0,"{'duration': 3825, 'source_transfer_time': 0, 'waiting_time': 585, 'trip_time': 3240, 'num_transfers': 4, 'departure_time': 5325, 'departure_day': 'current_day', 'arrival_time': 9150, 'arrival_day': 'current_day', 'steps': [{'duration': 1050, 'departure_time': 5910, 'arrival_time': 6960, 'day': 'current_day', 'from_stop_id': '9-5', 'to_stop_id': 'MH-L-5', 'trip_id': '8-0-6', 'agency_name': 'Unknown'}, {'duration': 30, 'departure_time': 6960, 'arrival_time': 6990, 'day': 'current_day', 'from_stop_id': 'MH-L-5', 'to_stop_id': 'MH-L-0', 'trip_id': 'walking', 'agency_name': 'Unknown'}, {'duration': 1500, 'departure_time': 7200, 'arrival_time': 8700, 'day': 'current_day', 'from_stop_id': 'MH-L-0', 'to_stop_id': 'MH-R-0', 'trip_id': '0-0-2', 'agency_name': 'Unknown'}, {'duration': 30, 'departure_time': 8700, 'arrival_time': 8730, 'day': 'current_day', 'from_stop_id': 'MH-R-0', 'to_stop_id': 'MH-R-5', 'trip_id': 'walking', 'agency_name': 'Unknown'}, {'duration': 210, 'departure_time': 8940, 'arrival_time': 9150, 'day': 'current_day', 'from_stop_id': 'MH-R-5', 'to_stop_id': '170-5', 'trip_id': '10-1-9', 'agency_name': 'Unknown'}]}"
33,144,10830,inter,left,232,[11; 23; 35; 54],[144],1000,751,0,0,11581,11641.0,15150.0,15210.0,3509.0,4.0,35,144,,,pt,4380.0,15210.0,4380.0,"{'duration': 3509, 'source_transfer_time': 0, 'waiting_time': 149, 'trip_time': 3360, 'num_transfers': 4, 'departure_time': 11641, 'departure_day': 'current_day', 'arrival_time': 15150, 'arrival_day': 'current_day', 'steps': [{'duration': 570, 'departure_time': 11790, 'arrival_time': 12360, 'day': 'current_day', 'from_stop_id': '35-4', 'to_stop_id': 'MH-L-4', 'trip_id': '7-0-15', 'agency_name': 'Unknown'}, {'duration': 30, 'departure_time': 12360, 'arrival_time': 12390, 'day': 'current_day', 'from_stop_id': 'MH-L-4', 'to_stop_id': 'MH-L-0', 'trip_id': 'walking', 'agency_name': 'Unknown'}, {'duration': 1500, 'departure_time': 12600, 'arrival_time': 14100, 'day': 'current_day', 'from_stop_id': 'MH-L-0', 'to_stop_id': 'MH-R-0', 'trip_id': '0-0-5', 'agency_name': 'Unknown'}, {'duration': 30, 'departure_time': 14100, 'arrival_time': 14130, 'day': 'current_day', 'from_stop_id': 'MH-R-0', 'to_stop_id': 'MH-R-4', 'trip_id': 'walking', 'agency_name': 'Unknown'}, {'duration': 810, 'departure_time': 14340, 'arrival_time': 15150, 'day': 'current_day', 'from_stop_id': 'MH-R-4', 'to_stop_id': '144-4', 'trip_id': '9-1-18', 'agency_name': 'Unknown'}]}"
58,141,6180,inter,left,233,[58],[141],0,0,0,0,6180,6240.0,9870.0,9930.0,3630.0,4.0,58,141,,,pt,3750.0,9930.0,3750.0,"{'duration': 3630, 'source_transfer_time': 0, 'waiting_time': 510, 'trip_time': 3120, 'num_transfers': 4, 'departure_time': 6240, 'departure_day': 'current_day', 'arrival_time': 9870, 'arrival_day': 'current_day', 'steps': [{'duration': 210, 'departure_time': 6750, 'arrival_time': 6960, 'day': 'current_day', 'from_stop_id': '58-1', 'to_stop_id': 'MH-L-1', 'trip_id': '1-1-6', 'agency_name': 'Unknown'}, {'duration': 30, 'departure_time': 6960, 'arrival_time': 6990, 'day': 'current_day', 'from_stop_id': 'MH-L-1', 'to_stop_id': 'MH-L-0', 'trip_id': 'walking', 'agency_name': 'Unknown'}, {'duration': 1500, 'departure_time': 7200, 'arrival_time': 8700, 'day': 'current_day', 'from_stop_id': 'MH-L-0', 'to_stop_id': 'MH-R-0', 'trip_id': '0-0-2', 'agency_name': 'Unknown'}, {'duration': 30, 'departure_time': 8700, 'arrival_time': 8730, 'day': 'current_day', 'from_stop_id': 'MH-R-0', 'to_stop_id': 'MH-R-5', 'trip_id': 'walking', 'agency_name': 'Unknown'}, {'duration': 930, 'departure_time': 8940, 'arrival_time': 9870, 'day': 'current_day', 'from_stop_id': 'MH-R-5', 'to_stop_id': '141-5', 'trip_id': '10-1-9', 'agency_name': 'Unknown'}]}"
35,123,9120,inter,left,234,[35],[121; 133; 145],0,0,1000,751,9120,9180.0,13230.0,13290.0,4050.0,4.0,35,145,,,pt,4921.0,14041.0,4921.0,"{'duration': 4050, 'source_transfer_time': 0, 'waiting_time': 210, 'trip_time': 3840, 'num_transfers': 4, 'departure_time': 9180, 'departure_day': 'current_day', 'arrival_time': 13230, 'arrival_day': 'current_day', 'steps': [{'duration': 570, 'departure_time': 9390, 'arrival_time': 9960, 'day': 'current_day', 'from_stop_id': '35-4', 'to_stop_id': 'MH-L-4', 'trip_id': '7-0-11', 'agency_name': 'Unknown'}, {'duration': 30, 'departure_time': 9960, 'arrival_time': 9990, 'day': 'current_day', 'from_stop_id': 'MH-L-4', 'to_stop_id': 'MH-L-0', 'trip_id': 'walking', 'agency_name': 'Unknown'}, {'duration': 1500, 'departure_time': 10800, 'arrival_time': 12300, 'day': 'current_day', 'from_stop_id': 'MH-L-0', 'to_stop_id': 'MH-R-0', 'trip_id': '0-0-4', 'agency_name': 'Unknown'}, {'duration': 30, 'departure_time': 12300, 'arrival_time': 12330, 'day': 'current_day', 'from_stop_id': 'MH-R-0', 'to_stop_id': 'MH-R-4', 'trip_id': 'walking', 'agency_name': 'Unknown'}, {'duration': 690, 'departure_time': 12540, 'arrival_time': 13230, 'day': 'current_day', 'from_stop_id': 'MH-R-4', 'to_stop_id': '145-4', 'trip_id': '9-1-15', 'agency_name': 'Unknown'}]}"
7,138,7920,inter,left,235,[5; 9; 19; 29],[137],1000,751,500,375,8671,8731.0,12990.0,13050.0,4259.0,4.0,5,137,,,pt,5505.0,13425.0,5505.0,"{'duration': 4259, 'source_transfer_time': 0, 'waiting_time': 59, 'trip_time': 4200, 'num_transfers': 4, 'departure_time': 8731, 'departure_day': 'current_day', 'arrival_time': 12990, 'arrival_day': 'current_day', 'steps': [{'duration': 570, 'departure_time': 8790, 'arrival_time': 9360, 'day': 'current_day', 'from_stop_id': '5-2', 'to_stop_id': 'MH-L-2', 'trip_id': '2-1-10', 'agency_name': 'Unknown'}, {'duration': 30, 'departure_time': 9360, 'arrival_time': 9390, 'day': 'current_day', 'from_stop_id': 'MH-L-2', 'to_stop_id': 'MH-L-0', 'trip_id': 'walking', 'agency_name': 'Unknown'}, {'duration': 1500, 'departure_time': 10800, 'arrival_time': 12300, 'day': 'current_day', 'from_stop_id': 'MH-L-0', 'to_stop_id': 'MH-R-0', 'trip_id': '0-0-4', 'agency_name': 'Unknown'}, {'duration': 30, 'departure_time': 12300, 'arrival_time': 12330, 'day': 'current_day', 'from_stop_id': 'MH-R-0', 'to_stop_id': 'MH-R-2', 'trip_id': 'walking', 'agency_name': 'Unknown'}, {'duration': 450, 'departure_time': 12540, 'arrival_time': 12990, 'day': 'current_day', 'from_stop_id': 'MH-R-2', 'to_stop_id': '137-2', 'trip_id': '4-0-15', 'agency_name': 'Unknown'}]}"
36,220,8670,inter,left,236,[36],[220],0,0,0,0,8670,8730.0,12990.0,13050.0,4260.0,4.0,36,220,,,pt,4380.0,13050.0,4380.0,"{'duration': 4260, 'source_transfer_time': 0, 'waiting_time': 180, 'trip_time': 4080, 'num_transfers': 4, 'departure_time': 8730, 'departure_day': 'current_day', 'arrival_time': 12990, 'arrival_day': 'current_day', 'steps': [{'duration': 450, 'departure_time': 8910, 'arrival_time': 9360, 'day': 'current_day', 'from_stop_id': '36-4', 'to_stop_id': 'MH-L-4', 'trip_id': '7-0-10', 'agency_name': 'Unknown'}, {'duration': 30, 'departure_time': 9360, 'arrival_time': 9390, 'day': 'current_day', 'from_stop_id': 'MH-L-4', 'to_stop_id': 'MH-L-0', 'trip_id': 'walking', 'agency_name': 'Unknown'}, {'duration': 1500, 'departure_time': 10800, 'arrival_time': 12300, 'day': 'current_day', 'from_stop_id': 'MH-L-0', 'to_stop_id': 'MH-R-0', 'trip_id': '0-0-4', 'agency_name': 'Unknown'}, {'duration': 30, 'departure_time': 12300, 'arrival_time': 12330, 'day': 'current_day', 'from_stop_id': 'MH-R-0', 'to_stop_id': 'MH-R-2', 'trip_id': 'walking', 'agency_name': 'Unknown'}, {'duration': 450, 'departure_time': 12540, 'arrival_time': 12990, 'day': 'current_day', 'from_stop_id': 'MH-R-2', 'to_stop_id': '220-2', 'trip_id': '4-1-15', 'agency_name': 'Unknown'}]}"
68,159,8820,inter,left,237,[68],[159],0,0,0,0,8820,8880.0,12750.0,12810.0,3870.0,4.0,68,159,,,pt,3990.0,12810.0,3990.0,"{'duration': 3870, 'source_transfer_time': 0, 'waiting_time': 150, 'trip_time': 3720, 'num_transfers': 4, 'departure_time': 8880, 'departure_day': 'current_day', 'arrival_time': 12750, 'arrival_day': 'current_day', 'steps': [{'duration': 330, 'departure_time': 9030, 'arrival_time': 9360, 'day': 'current_day', 'from_stop_id': '68-4', 'to_stop_id': 'MH-L-4', 'trip_id': '7-1-10', 'agency_name': 'Unknown'}, {'duration': 30, 'departure_time': 9360, 'arrival_time': 9390, 'day': 'current_day', 'from_stop_id': 'MH-L-4', 'to_stop_id': 'MH-L-0', 'trip_id': 'walking', 'agency_name': 'Unknown'}, {'duration': 1500, 'departure_time': 10800, 'arrival_time': 12300, 'day': 'current_day', 'from_stop_id': 'MH-L-0', 'to_stop_id': 'MH-R-0', 'trip_id': '0-0-4', 'agency_name': 'Unknown'}, {'duration': 30, 'departure_time': 12300, 'arrival_time': 12330, 'day': 'current_day', 'from_stop_id': 'MH-R-0', 'to_stop_id': 'MH-R-2', 'trip_id': 'walking', 'agency_name': 'Unknown'}, {'duration': 210, 'departure_time': 12540, 'arrival_time': 12750, 'day': 'current_day', 'from_stop_id': 'MH-R-2', 'to_stop_id': '159-2', 'trip_id': '4-0-15', 'agency_name': 'Unknown'}]}"
82,191,8760,inter,left,238,[61; 80; 92; 104],[181],1000,751,500,375,9511,9571.0,12990.0,13050.0,3419.0,4.0,61,181,,,pt,4665.0,13425.0,4665.0,"{'duration': 3419, 'source_transfer_time': 0, 'waiting_time': 419, 'trip_time': 3000, 'num_transfers': 4, 'departure_time': 9571, 'departure_day': 'current_day', 'arrival_time': 12990, 'arrival_day': 'current_day', 'steps': [{'duration': 570, 'departure_time': 9990, 'arrival_time': 10560, 'day': 'current_day', 'from_stop_id': '61-1', 'to_stop_id': 'MH-L-1', 'trip_id': '1-1-12', 'agency_name': 'Unknown'}, {'duration': 30, 'departure_time': 10560, 'arrival_time': 10590, 'day': 'current_day', 'from_stop_id': 'MH-L-1', 'to_stop_id': 'MH-L-0', 'trip_id': 'walking', 'agency_name': 'Unknown'}, {'duration': 1500, 'departure_time': 10800, 'arrival_time': 12300, 'day': 'current_day', 'from_stop_id': 'MH-L-0', 'to_stop_id': 'MH-R-0', 'trip_id': '0-0-4', 'agency_name': 'Unknown'}, {'duration': 30, 'departure_time': 12300, 'arrival_time': 12330, 'day': 'current_day', 'from_stop_id': 'MH-R-0', 'to_stop_id': 'MH-R-1', 'trip_id': 'walking', 'agency_name': 'Unknown'}, {'duration': 450, 'departure_time': 12540, 'arrival_time': 12990, 'day': 'current_day', 'from_stop_id': 'MH-R-1', 'to_stop_id': '181-1', 'trip_id': '3-0-15', 'agency_name': 'Unknown'}]}"
20,156,8880,inter,left,239,[20],[156],0,0,0,0,8880,8940.0,13110.0,13170.0,4170.0,4.0,20,156,,,pt,4290.0,13170.0,4290.0,"{'duration': 4170, 'source_transfer_time': 0, 'waiting_time': 90, 'trip_time': 4080, 'num_transfers': 4, 'departure_time': 8940, 'departure_day': 'current_day', 'arrival_time': 13110, 'arrival_day': 'current_day', 'steps': [{'duration': 930, 'departure_time': 9030, 'arrival_time': 9960, 'day': 'current_day', 'from_stop_id': '20-5', 'to_stop_id': 'MH-L-5', 'trip_id': '8-0-11', 'agency_name': 'Unknown'}, {'duration': 30, 'departure_time': 9960, 'arrival_time': 9990, 'day': 'current_day', 'from_stop_id': 'MH-L-5', 'to_stop_id': 'MH-L-0', 'trip_id': 'walking', 'agency_name': 'Unknown'}, {'duration': 1500, 'departure_time': 10800, 'arrival_time': 12300, 'day': 'current_day', 'from_stop_id': 'MH-L-0', 'to_stop_id': 'MH-R-0', 'trip_id': '0-0-4', 'agency_name': 'Unknown'}, {'duration': 30, 'departure_time': 12300, 'arrival_time': 12330, 'day': 'current_day', 'from_stop_id': 'MH-R-0', 'to_stop_id': 'MH-R-4', 'trip_id': 'walking', 'agency_name': 'Unknown'}, {'duration': 570, 'departure_time': 12540, 'arrival_time': 13110, 'day': 'current_day', 'from_stop_id': 'MH-R-4', 'to_stop_id': '156-4', 'trip_id': '9-1-15', 'agency_name': 'Unknown'}]}"
64,195,3930,inter,left,240,[56],[196; 206],500,375,500,375,4305,4365.0,7590.0,7650.0,3225.0,4.0,56,196,,,pt,4095.0,8025.0,4095.0,"{'duration': 3225, 'source_transfer_time': 0, 'waiting_time': 465, 'trip_time': 2760, 'num_transfers': 4, 'departure_time': 4365, 'departure_day': 'current_day', 'arrival_time': 7590, 'arrival_day': 'current_day', 'steps': [{'duration': 330, 'departure_time': 4830, 'arrival_time': 5160, 'day': 'current_day', 'from_stop_id': '56-1', 'to_stop_id': 'MH-L-1', 'trip_id': '1-0-3', 'agency_name': 'Unknown'}, {'duration': 30, 'departure_time': 5160, 'arrival_time': 5190, 'day': 'current_day', 'from_stop_id': 'MH-L-1', 'to_stop_id': 'MH-L-0', 'trip_id': 'walking', 'agency_name': 'Unknown'}, {'duration': 1500, 'departure_time': 5400, 'arrival_time': 6900, 'day': 'current_day', 'from_stop_id': 'MH-L-0', 'to_stop_id': 'MH-R-0', 'trip_id': '0-0-1', 'agency_name': 'Unknown'}, {'duration': 30, 'departure_time': 6900, 'arrival_time': 6930, 'day': 'current_day', 'from_stop_id': 'MH-R-0', 'to_stop_id': 'MH-R-5', 'trip_id': 'walking', 'agency_name': 'Unknown'}, {'duration': 450, 'departure_time': 7140, 'arrival_time': 7590, 'day': 'current_day', 'from_stop_id': 'MH-R-5', 'to_stop_id': '196-5', 'trip_id': '10-0-6', 'agency_name': 'Unknown'}]}"
23,166,9210,inter,left,241,[23],[176],0,0,500,375,9210,9270.0,12990.0,13050.0,3720.0,4.0,23,176,,,pt,4215.0,13425.0,4215.0,"{'duration': 3720, 'source_transfer_time': 0, 'waiting_time': 480, 'trip_time': 3240, 'num_transfers': 4, 'departure_time': 9270, 'departure_day': 'current_day', 'arrival_time': 12990, 'arrival_day': 'current_day', 'steps': [{'duration': 810, 'departure_time': 9750, 'arrival_time': 10560, 'day': 'current_day', 'from_stop_id': '23-4', 'to_stop_id': 'MH-L-4', 'trip_id': '7-0-12', 'agency_name': 'Unknown'}, {'duration': 30, 'departure_time': 10560, 'arrival_time': 10590, 'day': 'current_day', 'from_stop_id': 'MH-L-4', 'to_stop_id': 'MH-L-0', 'trip_id': 'walking', 'agency_name': 'Unknown'}, {'duration': 1500, 'departure_time': 10800, 'arrival_time': 12300, 'day': 'current_day', 'from_stop_id': 'MH-L-0', 'to_stop_id': 'MH-R-0', 'trip_id': '0-0-4', 'agency_name': 'Unknown'}, {'duration': 30, 'departure_time': 12300, 'arrival_time': 12330, 'day': 'current_day', 'from_stop_id': 'MH-R-0', 'to_stop_id': 'MH-R-1', 'trip_id': 'walking', 'agency_name': 'Unknown'}, {'duration': 450, 'departure_time': 12540, 'arrival_time': 12990, 'day': 'current_day', 'from_stop_id': 'MH-R-1', 'to_stop_id': '176-1', 'trip_id': '3-1-15', 'agency_name': 'Unknown'}]}"
10,212,14370,inter,left,242,[10],[212],0,0,0,0,14370,14430.0,18630.0,18690.0,4200.0,4.0,10,212,,,pt,4320.0,18690.0,4320.0,"{'duration': 4200, 'source_transfer_time': 0, 'waiting_time': 360, 'trip_time': 3840, 'num_transfers': 4, 'departure_time': 14430, 'departure_day': 'current_day', 'arrival_time': 18630, 'arrival_day': 'current_day', 'steps': [{'duration': 1170, 'departure_time': 14790, 'arrival_time': 15960, 'day': 'current_day', 'from_stop_id': '10-5', 'to_stop_id': 'MH-L-5', 'trip_id': '8-0-21', 'agency_name': 'Unknown'}, {'duration': 30, 'departure_time': 15960, 'arrival_time': 15990, 'day': 'current_day', 'from_stop_id': 'MH-L-5', 'to_stop_id': 'MH-L-0', 'trip_id': 'walking', 'agency_name': 'Unknown'}, {'duration': 1500, 'departure_time': 16200, 'arrival_time': 17700, 'day': 'current_day', 'from_stop_id': 'MH-L-0', 'to_stop_id': 'MH-R-0', 'trip_id': '0-0-7', 'agency_name': 'Unknown'}, {'duration': 30, 'departure_time': 17700, 'arrival_time': 17730, 'day': 'current_day', 'from_stop_id': 'MH-R-0', 'to_stop_id': 'MH-R-4', 'trip_id': 'walking', 'agency_name': 'Unknown'}, {'duration': 690, 'departure_time': 17940, 'arrival_time': 18630, 'day': 'current_day', 'from_stop_id': 'MH-R-4', 'to_stop_id': '212-4', 'trip_id': '9-0-24', 'agency_name': 'Unknown'}]}"
21,180,12090,inter,left,243,[10; 20],[180],500,375,0,0,12465,12525.0,16470.0,16530.0,3945.0,4.0,10,180,,,pt,4440.0,16530.0,4440.0,"{'duration': 3945, 'source_transfer_time': 0, 'waiting_time': 465, 'trip_time': 3480, 'num_transfers': 4, 'departure_time': 12525, 'departure_day': 'current_day', 'arrival_time': 16470, 'arrival_day': 'current_day', 'steps': [{'duration': 1170, 'departure_time': 12990, 'arrival_time': 14160, 'day': 'current_day', 'from_stop_id': '10-5', 'to_stop_id': 'MH-L-5', 'trip_id': '8-0-18', 'agency_name': 'Unknown'}, {'duration': 30, 'departure_time': 14160, 'arrival_time': 14190, 'day': 'current_day', 'from_stop_id': 'MH-L-5', 'to_stop_id': 'MH-L-0', 'trip_id': 'walking', 'agency_name': 'Unknown'}, {'duration': 1500, 'departure_time': 14400, 'arrival_time': 15900, 'day': 'current_day', 'from_stop_id': 'MH-L-0', 'to_stop_id': 'MH-R-0', 'trip_id': '0-0-6', 'agency_name': 'Unknown'}, {'duration': 30, 'departure_time': 15900, 'arrival_time': 15930, 'day': 'current_day', 'from_stop_id': 'MH-R-0', 'to_stop_id': 'MH-R-1', 'trip_id': 'walking', 'agency_name': 'Unknown'}, {'duration': 330, 'departure_time': 16140, 'arrival_time': 16470, 'day': 'current_day', 'from_stop_id': 'MH-R-1', 'to_stop_id': '180-1', 'trip_id': '3-0-21', 'agency_name': 'Unknown'}]}"
53,203,6600,inter,left,244,[61],[182; 201; 213; 225],500,375,1000,751,6975,7035.0,11310.0,11370.0,4275.0,4.0,61,182,,,pt,5521.0,12121.0,5521.0,"{'duration': 4275, 'source_transfer_time': 0, 'waiting_time': 555, 'trip_time': 3720, 'num_transfers': 4, 'departure_time': 7035, 'departure_day': 'current_day', 'arrival_time': 11310, 'arrival_day': 'current_day', 'steps': [{'duration': 570, 'departure_time': 7590, 'arrival_time': 8160, 'day': 'current_day', 'from_stop_id': '61-1', 'to_stop_id': 'MH-L-1', 'trip_id': '1-1-8', 'agency_name': 'Unknown'}, {'duration': 30, 'departure_time': 8160, 'arrival_time': 8190, 'day': 'current_day', 'from_stop_id': 'MH-L-1', 'to_stop_id': 'MH-L-0', 'trip_id': 'walking', 'agency_name': 'Unknown'}, {'duration': 1500, 'departure_time': 9000, 'arrival_time': 10500, 'day': 'current_day', 'from_stop_id': 'MH-L-0', 'to_stop_id': 'MH-R-0', 'trip_id': '0-0-3', 'agency_name': 'Unknown'}, {'duration': 30, 'departure_time': 10500, 'arrival_time': 10530, 'day': 'current_day', 'from_stop_id': 'MH-R-0', 'to_stop_id': 'MH-R-1', 'trip_id': 'walking', 'agency_name': 'Unknown'}, {'duration': 570, 'departure_time': 10740, 'arrival_time': 11310, 'day': 'current_day', 'from_stop_id': 'MH-R-1', 'to_stop_id': '182-1', 'trip_id': '3-0-12', 'agency_name': 'Unknown'}]}"
6,152,11850,inter,left,245,[5],[141; 151],500,375,500,375,12225,12285.0,16830.0,16890.0,4545.0,4.0,5,151,,,pt,5415.0,17265.0,5415.0,"{'duration': 4545, 'source_transfer_time': 0, 'waiting_time': 105, 'trip_time': 4440, 'num_transfers': 4, 'departure_time': 12285, 'departure_day': 'current_day', 'arrival_time': 16830, 'arrival_day': 'current_day', 'steps': [{'duration': 570, 'departure_time': 12390, 'arrival_time': 12960, 'day': 'current_day', 'from_stop_id': '5-2', 'to_stop_id': 'MH-L-2', 'trip_id': '2-1-16', 'agency_name': 'Unknown'}, {'duration': 30, 'departure_time': 12960, 'arrival_time': 12990, 'day': 'current_day', 'from_stop_id': 'MH-L-2', 'to_stop_id': 'MH-L-0', 'trip_id': 'walking', 'agency_name': 'Unknown'}, {'duration': 1500, 'departure_time': 14400, 'arrival_time': 15900, 'day': 'current_day', 'from_stop_id': 'MH-L-0', 'to_stop_id': 'MH-R-0', 'trip_id': '0-0-6', 'agency_name': 'Unknown'}, {'duration': 30, 'departure_time': 15900, 'arrival_time': 15930, 'day': 'current_day', 'from_stop_id': 'MH-R-0', 'to_stop_id': 'MH-R-5', 'trip_id': 'walking', 'agency_name': 'Unknown'}, {'duration': 690, 'departure_time': 16140, 'arrival_time': 16830, 'day': 'current_day', 'from_stop_id': 'MH-R-5', 'to_stop_id': '151-5', 'trip_id': '10-1-21', 'agency_name': 'Unknown'}]}"
35,210,13410,inter,left,246,[35],[209],0,0,500,375,13410,13470.0,16470.0,16530.0,3000.0,4.0,35,209,,,pt,3495.0,16905.0,3495.0,"{'duration': 3000, 'source_transfer_time': 0, 'waiting_time': 120, 'trip_time': 2880, 'num_transfers': 4, 'departure_time': 13470, 'departure_day': 'current_day', 'arrival_time': 16470, 'arrival_day': 'current_day', 'steps': [{'duration': 570, 'departure_time': 13590, 'arrival_time': 14160, 'day': 'current_day', 'from_stop_id': '35-4', 'to_stop_id': 'MH-L-4', 'trip_id': '7-0-18', 'agency_name': 'Unknown'}, {'duration': 30, 'departure_time': 14160, 'arrival_time': 14190, 'day': 'current_day', 'from_stop_id': 'MH-L-4', 'to_stop_id': 'MH-L-0', 'trip_id': 'walking', 'agency_name': 'Unknown'}, {'duration': 1500, 'departure_time': 14400, 'arrival_time': 15900, 'day': 'current_day', 'from_stop_id': 'MH-L-0', 'to_stop_id': 'MH-R-0', 'trip_id': '0-0-6', 'agency_name': 'Unknown'}, {'duration': 30, 'departure_time': 15900, 'arrival_time': 15930, 'day': 'current_day', 'from_stop_id': 'MH-R-0', 'to_stop_id': 'MH-R-2', 'trip_id': 'walking', 'agency_name': 'Unknown'}, {'duration': 330, 'departure_time': 16140, 'arrival_time': 16470, 'day': 'current_day', 'from_stop_id': 'MH-R-2', 'to_stop_id': '209-2', 'trip_id': '4-1-21', 'agency_name': 'Unknown'}]}"
18,169,13140,inter,left,247,[19; 29],[169],500,375,0,0,13515,13575.0,16350.0,16410.0,2775.0,4.0,29,169,,,pt,3270.0,16410.0,3270.0,"{'duration': 2775, 'source_transfer_time': 0, 'waiting_time': 15, 'trip_time': 2760, 'num_transfers': 4, 'departure_time': 13575, 'departure_day': 'current_day', 'arrival_time': 16350, 'arrival_day': 'current_day', 'steps': [{'duration': 570, 'departure_time': 13590, 'arrival_time': 14160, 'day': 'current_day', 'from_stop_id': '29-5', 'to_stop_id': 'MH-L-5', 'trip_id': '8-0-18', 'agency_name': 'Unknown'}, {'duration': 30, 'departure_time': 14160, 'arrival_time': 14190, 'day': 'current_day', 'from_stop_id': 'MH-L-5', 'to_stop_id': 'MH-L-0', 'trip_id': 'walking', 'agency_name': 'Unknown'}, {'duration': 1500, 'departure_time': 14400, 'arrival_time': 15900, 'day': 'current_day', 'from_stop_id': 'MH-L-0', 'to_stop_id': 'MH-R-0', 'trip_id': '0-0-6', 'agency_name': 'Unknown'}, {'duration': 30, 'departure_time': 15900, 'arrival_time': 15930, 'day': 'current_day', 'from_stop_id': 'MH-R-0', 'to_stop_id': 'MH-R-4', 'trip_id': 'walking', 'agency_name': 'Unknown'}, {'duration': 210, 'departure_time': 16140, 'arrival_time': 16350, 'day': 'current_day', 'from_stop_id': 'MH-R-4', 'to_stop_id': '169-4', 'trip_id': '9-1-21', 'agency_name': 'Unknown'}]}"
8,214,8310,inter,left,248,[9; 19],[213; 225],500,375,500,375,8685,8745.0,13350.0,13410.0,4605.0,4.0,9,213,,,pt,5475.0,13785.0,5475.0,"{'duration': 4605, 'source_transfer_time': 0, 'waiting_time': 165, 'trip_time': 4440, 'num_transfers': 4, 'departure_time': 8745, 'departure_day': 'current_day', 'arrival_time': 13350, 'arrival_day': 'current_day', 'steps': [{'duration': 1050, 'departure_time': 8910, 'arrival_time': 9960, 'day': 'current_day', 'from_stop_id': '9-5', 'to_stop_id': 'MH-L-5', 'trip_id': '8-0-11', 'agency_name': 'Unknown'}, {'duration': 30, 'departure_time': 9960, 'arrival_time': 9990, 'day': 'current_day', 'from_stop_id': 'MH-L-5', 'to_stop_id': 'MH-L-0', 'trip_id': 'walking', 'agency_name': 'Unknown'}, {'duration': 1500, 'departure_time': 10800, 'arrival_time': 12300, 'day': 'current_day', 'from_stop_id': 'MH-L-0', 'to_stop_id': 'MH-R-0', 'trip_id': '0-0-4', 'agency_name': 'Unknown'}, {'duration': 30, 'departure_time': 12300, 'arrival_time': 12330, 'day': 'current_day', 'from_stop_id': 'MH-R-0', 'to_stop_id': 'MH-R-4', 'trip_id': 'walking', 'agency_name': 'Unknown'}, {'duration': 810, 'departure_time': 12540, 'arrival_time': 13350, 'day': 'current_day', 'from_stop_id': 'MH-R-4', 'to_stop_id': '213-4', 'trip_id': '9-0-15', 'agency_name': 'Unknown'}]}"
46,170,13680,inter,left,249,[35; 47; 56],[170],500,375,0,0,14055,14115.0,18150.0,18210.0,4035.0,4.0,35,170,,,pt,4530.0,18210.0,4530.0,"{'duration': 4035, 'source_transfer_time': 0, 'waiting_time': 75, 'trip_time': 3960, 'num_transfers': 4, 'departure_time': 14115, 'departure_day': 'current_day', 'arrival_time': 18150, 'arrival_day': 'current_day', 'steps': [{'duration': 570, 'departure_time': 14190, 'arrival_time': 14760, 'day': 'current_day', 'from_stop_id': '35-4', 'to_stop_id': 'MH-L-4', 'trip_id': '7-0-19', 'agency_name': 'Unknown'}, {'duration': 30, 'departure_time': 14760, 'arrival_time': 14790, 'day': 'current_day', 'from_stop_id': 'MH-L-4', 'to_stop_id': 'MH-L-0', 'trip_id': 'walking', 'agency_name': 'Unknown'}, {'duration': 1500, 'departure_time': 16200, 'arrival_time': 17700, 'day': 'current_day', 'from_stop_id': 'MH-L-0', 'to_stop_id': 'MH-R-0', 'trip_id': '0-0-7', 'agency_name': 'Unknown'}, {'duration': 30, 'departure_time': 17700, 'arrival_time': 17730, 'day': 'current_day', 'from_stop_id': 'MH-R-0', 'to_stop_id': 'MH-R-5', 'trip_id': 'walking', 'agency_name': 'Unknown'}, {'duration': 210, 'departure_time': 17940, 'arrival_time': 18150, 'day': 'current_day', 'from_stop_id': 'MH-R-5', 'to_stop_id': '170-5', 'trip_id': '10-1-24', 'agency_name': 'Unknown'}]}"
56,142,4020,inter,left,250,[56],[131; 141],0,0,500,375,4020,4080.0,8070.0,8130.0,3990.0,4.0,56,141,,,pt,4485.0,8505.0,4485.0,"{'duration': 3990, 'source_transfer_time': 0, 'waiting_time': 150, 'trip_time': 3840, 'num_transfers': 4, 'departure_time': 4080, 'departure_day': 'current_day', 'arrival_time': 8070, 'arrival_day': 'current_day', 'steps': [{'duration': 330, 'departure_time': 4230, 'arrival_time': 4560, 'day': 'current_day', 'from_stop_id': '56-1', 'to_stop_id': 'MH-L-1', 'trip_id': '1-0-2', 'agency_name': 'Unknown'}, {'duration': 30, 'departure_time': 4560, 'arrival_time': 4590, 'day': 'current_day', 'from_stop_id': 'MH-L-1', 'to_stop_id': 'MH-L-0', 'trip_id': 'walking', 'agency_name': 'Unknown'}, {'duration': 1500, 'departure_time': 5400, 'arrival_time': 6900, 'day': 'current_day', 'from_stop_id': 'MH-L-0', 'to_stop_id': 'MH-R-0', 'trip_id': '0-0-1', 'agency_name': 'Unknown'}, {'duration': 30, 'departure_time': 6900, 'arrival_time': 6930, 'day': 'current_day', 'from_stop_id': 'MH-R-0', 'to_stop_id': 'MH-R-5', 'trip_id': 'walking', 'agency_name': 'Unknown'}, {'duration': 930, 'departure_time': 7140, 'arrival_time': 8070, 'day': 'current_day', 'from_stop_id': 'MH-R-5', 'to_stop_id': '141-5', 'trip_id': '10-1-6', 'agency_name': 'Unknown'}]}"
2,235,9330,inter,left,251,[0; 12; 24],[224; 236],1000,751,500,375,10081,10141.0,15270.0,15330.0,5129.0,4.0,0,224,,,pt,6375.0,15705.0,6375.0,"{'duration': 5129, 'source_transfer_time': 0, 'waiting_time': 449, 'trip_time': 4680, 'num_transfers': 4, 'departure_time': 10141, 'departure_day': 'current_day', 'arrival_time': 15270, 'arrival_day': 'current_day', 'steps': [{'duration': 1170, 'departure_time': 10590, 'arrival_time': 11760, 'day': 'current_day', 'from_stop_id': '0-4', 'to_stop_id': 'MH-L-4', 'trip_id': '7-0-14', 'agency_name': 'Unknown'}, {'duration': 30, 'departure_time': 11760, 'arrival_time': 11790, 'day': 'current_day', 'from_stop_id': 'MH-L-4', 'to_stop_id': 'MH-L-0', 'trip_id': 'walking', 'agency_name': 'Unknown'}, {'duration': 1500, 'departure_time': 12600, 'arrival_time': 14100, 'day': 'current_day', 'from_stop_id': 'MH-L-0', 'to_stop_id': 'MH-R-0', 'trip_id': '0-0-5', 'agency_name': 'Unknown'}, {'duration': 30, 'departure_time': 14100, 'arrival_time': 14130, 'day': 'current_day', 'from_stop_id': 'MH-R-0', 'to_stop_id': 'MH-R-4', 'trip_id': 'walking', 'agency_name': 'Unknown'}, {'duration': 930, 'departure_time': 14340, 'arrival_time': 15270, 'day': 'current_day', 'from_stop_id': 'MH-R-4', 'to_stop_id': '224-4', 'trip_id': '9-0-18', 'agency_name': 'Unknown'}]}"
34,136,9480,inter,left,252,[23; 35],[137],500,375,500,375,9855,9915.0,12990.0,13050.0,3075.0,4.0,35,137,,,pt,3945.0,13425.0,3945.0,"{'duration': 3075, 'source_transfer_time': 0, 'waiting_time': 75, 'trip_time': 3000, 'num_transfers': 4, 'departure_time': 9915, 'departure_day': 'current_day', 'arrival_time': 12990, 'arrival_day': 'current_day', 'steps': [{'duration': 570, 'departure_time': 9990, 'arrival_time': 10560, 'day': 'current_day', 'from_stop_id': '35-4', 'to_stop_id': 'MH-L-4', 'trip_id': '7-0-12', 'agency_name': 'Unknown'}, {'duration': 30, 'departure_time': 10560, 'arrival_time': 10590, 'day': 'current_day', 'from_stop_id': 'MH-L-4', 'to_stop_id': 'MH-L-0', 'trip_id': 'walking', 'agency_name': 'Unknown'}, {'duration': 1500, 'departure_time': 10800, 'arrival_time': 12300, 'day': 'current_day', 'from_stop_id': 'MH-L-0', 'to_stop_id': 'MH-R-0', 'trip_id': '0-0-4', 'agency_name': 'Unknown'}, {'duration': 30, 'departure_time': 12300, 'arrival_time': 12330, 'day': 'current_day', 'from_stop_id': 'MH-R-0', 'to_stop_id': 'MH-R-2', 'trip_id': 'walking', 'agency_name': 'Unknown'}, {'duration': 450, 'departure_time': 12540, 'arrival_time': 12990, 'day': 'current_day', 'from_stop_id': 'MH-R-2', 'to_stop_id': '137-2', 'trip_id': '4-0-15', 'agency_name': 'Unknown'}]}"
60,207,4200,inter,left,253,[60],[207],0,0,0,0,4200,4260.0,7710.0,7770.0,3450.0,4.0,60,207,,,pt,3570.0,7770.0,3570.0,"{'duration': 3450, 'source_transfer_time': 0, 'waiting_time': 450, 'trip_time': 3000, 'num_transfers': 4, 'departure_time': 4260, 'departure_day': 'current_day', 'arrival_time': 7710, 'arrival_day': 'current_day', 'steps': [{'duration': 450, 'departure_time': 4710, 'arrival_time': 5160, 'day': 'current_day', 'from_stop_id': '60-1', 'to_stop_id': 'MH-L-1', 'trip_id': '1-1-3', 'agency_name': 'Unknown'}, {'duration': 30, 'departure_time': 5160, 'arrival_time': 5190, 'day': 'current_day', 'from_stop_id': 'MH-L-1', 'to_stop_id': 'MH-L-0', 'trip_id': 'walking', 'agency_name': 'Unknown'}, {'duration': 1500, 'departure_time': 5400, 'arrival_time': 6900, 'day': 'current_day', 'from_stop_id': 'MH-L-0', 'to_stop_id': 'MH-R-0', 'trip_id': '0-0-1', 'agency_name': 'Unknown'}, {'duration': 30, 'departure_time': 6900, 'arrival_time': 6930, 'day': 'current_day', 'from_stop_id': 'MH-R-0', 'to_stop_id': 'MH-R-5', 'trip_id': 'walking', 'agency_name': 'Unknown'}, {'duration': 570, 'departure_time': 7140, 'arrival_time': 7710, 'day': 'current_day', 'from_stop_id': 'MH-R-5', 'to_stop_id': '207-5', 'trip_id': '10-0-6', 'agency_name': 'Unknown'}]}"
46,205,12900,inter,left,254,[35; 47; 56],[206; 216],500,375,500,375,13275,13335.0,16830.0,16890.0,3495.0,4.0,35,206,,,pt,4365.0,17265.0,4365.0,"{'duration': 3495, 'source_transfer_time': 0, 'waiting_time': 255, 'trip_time': 3240, 'num_transfers': 4, 'departure_time': 13335, 'departure_day': 'current_day', 'arrival_time': 16830, 'arrival_day': 'current_day', 'steps': [{'duration': 570, 'departure_time': 13590, 'arrival_time': 14160, 'day': 'current_day', 'from_stop_id': '35-4', 'to_stop_id': 'MH-L-4', 'trip_id': '7-0-18', 'agency_name': 'Unknown'}, {'duration': 30, 'departure_time': 14160, 'arrival_time': 14190, 'day': 'current_day', 'from_stop_id': 'MH-L-4', 'to_stop_id': 'MH-L-0', 'trip_id': 'walking', 'agency_name': 'Unknown'}, {'duration': 1500, 'departure_time': 14400, 'arrival_time': 15900, 'day': 'current_day', 'from_stop_id': 'MH-L-0', 'to_stop_id': 'MH-R-0', 'trip_id': '0-0-6', 'agency_name': 'Unknown'}, {'duration': 30, 'departure_time': 15900, 'arrival_time': 15930, 'day': 'current_day', 'from_stop_id': 'MH-R-0', 'to_stop_id': 'MH-R-5', 'trip_id': 'walking', 'agency_name': 'Unknown'}, {'duration': 690, 'departure_time': 16140, 'arrival_time': 16830, 'day': 'current_day', 'from_stop_id': 'MH-R-5', 'to_stop_id': '206-5', 'trip_id': '10-0-21', 'agency_name': 'Unknown'}]}"
99,177,11220,inter,left,255,[99],[177],0,0,0,0,11220,11280.0,14670.0,14730.0,3390.0,4.0,99,177,,,pt,3510.0,14730.0,3510.0,"{'duration': 3390, 'source_transfer_time': 0, 'waiting_time': 30, 'trip_time': 3360, 'num_transfers': 4, 'departure_time': 11280, 'departure_day': 'current_day', 'arrival_time': 14670, 'arrival_day': 'current_day', 'steps': [{'duration': 450, 'departure_time': 11310, 'arrival_time': 11760, 'day': 'current_day', 'from_stop_id': '99-2', 'to_stop_id': 'MH-L-2', 'trip_id': '2-0-14', 'agency_name': 'Unknown'}, {'duration': 30, 'departure_time': 11760, 'arrival_time': 11790, 'day': 'current_day', 'from_stop_id': 'MH-L-2', 'to_stop_id': 'MH-L-0', 'trip_id': 'walking', 'agency_name': 'Unknown'}, {'duration': 1500, 'departure_time': 12600, 'arrival_time': 14100, 'day': 'current_day', 'from_stop_id': 'MH-L-0', 'to_stop_id': 'MH-R-0', 'trip_id': '0-0-5', 'agency_name': 'Unknown'}, {'duration': 30, 'departure_time': 14100, 'arrival_time': 14130, 'day': 'current_day', 'from_stop_id': 'MH-R-0', 'to_stop_id': 'MH-R-1', 'trip_id': 'walking', 'agency_name': 'Unknown'}, {'duration': 330, 'departure_time': 14340, 'arrival_time': 14670, 'day': 'current_day', 'from_stop_id': 'MH-R-1', 'to_stop_id': '177-1', 'trip_id': '3-1-18', 'agency_name': 'Unknown'}]}"
8,124,11700,inter,left,256,[9; 19],[126],500,375,1000,751,12075,12135.0,16710.0,16770.0,4575.0,4.0,9,126,,,pt,5821.0,17521.0,5821.0,"{'duration': 4575, 'source_transfer_time': 0, 'waiting_time': 375, 'trip_time': 4200, 'num_transfers': 4, 'departure_time': 12135, 'departure_day': 'current_day', 'arrival_time': 16710, 'arrival_day': 'current_day', 'steps': [{'duration': 1050, 'departure_time': 12510, 'arrival_time': 13560, 'day': 'current_day', 'from_stop_id': '9-5', 'to_stop_id': 'MH-L-5', 'trip_id': '8-0-17', 'agency_name': 'Unknown'}, {'duration': 30, 'departure_time': 13560, 'arrival_time': 13590, 'day': 'current_day', 'from_stop_id': 'MH-L-5', 'to_stop_id': 'MH-L-0', 'trip_id': 'walking', 'agency_name': 'Unknown'}, {'duration': 1500, 'departure_time': 14400, 'arrival_time': 15900, 'day': 'current_day', 'from_stop_id': 'MH-L-0', 'to_stop_id': 'MH-R-0', 'trip_id': '0-0-6', 'agency_name': 'Unknown'}, {'duration': 30, 'departure_time': 15900, 'arrival_time': 15930, 'day': 'current_day', 'from_stop_id': 'MH-R-0', 'to_stop_id': 'MH-R-2', 'trip_id': 'walking', 'agency_name': 'Unknown'}, {'duration': 570, 'departure_time': 16140, 'arrival_time': 16710, 'day': 'current_day', 'from_stop_id': 'MH-R-2', 'to_stop_id': '126-2', 'trip_id': '4-0-21', 'agency_name': 'Unknown'}]}"
1,210,5190,inter,left,257,[0; 12],[209],500,375,500,375,5565,5625.0,9270.0,9330.0,3645.0,4.0,0,209,,,pt,4515.0,9705.0,4515.0,"{'duration': 3645, 'source_transfer_time': 0, 'waiting_time': 165, 'trip_time': 3480, 'num_transfers': 4, 'departure_time': 5625, 'departure_day': 'current_day', 'arrival_time': 9270, 'arrival_day': 'current_day', 'steps': [{'duration': 1170, 'departure_time': 5790, 'arrival_time': 6960, 'day': 'current_day', 'from_stop_id': '0-4', 'to_stop_id': 'MH-L-4', 'trip_id': '7-0-6', 'agency_name': 'Unknown'}, {'duration': 30, 'departure_time': 6960, 'arrival_time': 6990, 'day': 'current_day', 'from_stop_id': 'MH-L-4', 'to_stop_id': 'MH-L-0', 'trip_id': 'walking', 'agency_name': 'Unknown'}, {'duration': 1500, 'departure_time': 7200, 'arrival_time': 8700, 'day': 'current_day', 'from_stop_id': 'MH-L-0', 'to_stop_id': 'MH-R-0', 'trip_id': '0-0-2', 'agency_name': 'Unknown'}, {'duration': 30, 'departure_time': 8700, 'arrival_time': 8730, 'day': 'current_day', 'from_stop_id': 'MH-R-0', 'to_stop_id': 'MH-R-2', 'trip_id': 'walking', 'agency_name': 'Unknown'}, {'duration': 330, 'departure_time': 8940, 'arrival_time': 9270, 'day': 'current_day', 'from_stop_id': 'MH-R-2', 'to_stop_id': '209-2', 'trip_id': '4-1-9', 'agency_name': 'Unknown'}]}"
54,208,4710,inter,left,258,[54],[197; 207; 209],0,0,500,375,4710,4770.0,9270.0,9330.0,4500.0,4.0,54,197,,,pt,4995.0,9705.0,4995.0,"{'duration': 4500, 'source_transfer_time': 0, 'waiting_time': 420, 'trip_time': 4080, 'num_transfers': 4, 'departure_time': 4770, 'departure_day': 'current_day', 'arrival_time': 9270, 'arrival_day': 'current_day', 'steps': [{'duration': 570, 'departure_time': 5190, 'arrival_time': 5760, 'day': 'current_day', 'from_stop_id': '54-1', 'to_stop_id': 'MH-L-1', 'trip_id': '1-0-4', 'agency_name': 'Unknown'}, {'duration': 30, 'departure_time': 5760, 'arrival_time': 5790, 'day': 'current_day', 'from_stop_id': 'MH-L-1', 'to_stop_id': 'MH-L-0', 'trip_id': 'walking', 'agency_name': 'Unknown'}, {'duration': 1500, 'departure_time': 7200, 'arrival_time': 8700, 'day': 'current_day', 'from_stop_id': 'MH-L-0', 'to_stop_id': 'MH-R-0', 'trip_id': '0-0-2', 'agency_name': 'Unknown'}, {'duration': 30, 'departure_time': 8700, 'arrival_time': 8730, 'day': 'current_day', 'from_stop_id': 'MH-R-0', 'to_stop_id': 'MH-R-5', 'trip_id': 'walking', 'agency_name': 'Unknown'}, {'duration': 330, 'departure_time': 8940, 'arrival_time': 9270, 'day': 'current_day', 'from_stop_id': 'MH-R-5', 'to_stop_id': '197-5', 'trip_id': '10-0-9', 'agency_name': 'Unknown'}]}"
89,225,4290,inter,left,259,[88],[225],500,375,0,0,4665,4725.0,8190.0,8250.0,3465.0,4.0,88,225,,,pt,3960.0,8250.0,3960.0,"{'duration': 3465, 'source_transfer_time': 0, 'waiting_time': 105, 'trip_time': 3360, 'num_transfers': 4, 'departure_time': 4725, 'departure_day': 'current_day', 'arrival_time': 8190, 'arrival_day': 'current_day', 'steps': [{'duration': 330, 'departure_time': 4830, 'arrival_time': 5160, 'day': 'current_day', 'from_stop_id': '88-2', 'to_stop_id': 'MH-L-2', 'trip_id': '2-0-3', 'agency_name': 'Unknown'}, {'duration': 30, 'departure_time': 5160, 'arrival_time': 5190, 'day': 'current_day', 'from_stop_id': 'MH-L-2', 'to_stop_id': 'MH-L-0', 'trip_id': 'walking', 'agency_name': 'Unknown'}, {'duration': 1500, 'departure_time': 5400, 'arrival_time': 6900, 'day': 'current_day', 'from_stop_id': 'MH-L-0', 'to_stop_id': 'MH-R-0', 'trip_id': '0-0-1', 'agency_name': 'Unknown'}, {'duration': 30, 'departure_time': 6900, 'arrival_time': 6930, 'day': 'current_day', 'from_stop_id': 'MH-R-0', 'to_stop_id': 'MH-R-4', 'trip_id': 'walking', 'agency_name': 'Unknown'}, {'duration': 1050, 'departure_time': 7140, 'arrival_time': 8190, 'day': 'current_day', 'from_stop_id': 'MH-R-4', 'to_stop_id': '225-4', 'trip_id': '9-0-6', 'agency_name': 'Unknown'}]}"
83,194,10890,inter,left,260,[85; 95; 105],[176; 196; 206; 216],1000,751,1000,751,11641,11701.0,16590.0,16650.0,4889.0,4.0,85,176,,,pt,6511.0,17401.0,6511.0,"{'duration': 4889, 'source_transfer_time': 0, 'waiting_time': 569, 'trip_time': 4320, 'num_transfers': 4, 'departure_time': 11701, 'departure_day': 'current_day', 'arrival_time': 16590, 'arrival_day': 'current_day', 'steps': [{'duration': 690, 'departure_time': 12270, 'arrival_time': 12960, 'day': 'current_day', 'from_stop_id': '85-5', 'to_stop_id': 'MH-L-5', 'trip_id': '8-1-16', 'agency_name': 'Unknown'}, {'duration': 30, 'departure_time': 12960, 'arrival_time': 12990, 'day': 'current_day', 'from_stop_id': 'MH-L-5', 'to_stop_id': 'MH-L-0', 'trip_id': 'walking', 'agency_name': 'Unknown'}, {'duration': 1500, 'departure_time': 14400, 'arrival_time': 15900, 'day': 'current_day', 'from_stop_id': 'MH-L-0', 'to_stop_id': 'MH-R-0', 'trip_id': '0-0-6', 'agency_name': 'Unknown'}, {'duration': 30, 'departure_time': 15900, 'arrival_time': 15930, 'day': 'current_day', 'from_stop_id': 'MH-R-0', 'to_stop_id': 'MH-R-1', 'trip_id': 'walking', 'agency_name': 'Unknown'}, {'duration': 450, 'departure_time': 16140, 'arrival_time': 16590, 'day': 'current_day', 'from_stop_id': 'MH-R-1', 'to_stop_id': '176-1', 'trip_id': '3-1-21', 'agency_name': 'Unknown'}]}"
66,177,6300,inter,left,261,[66],[177],0,0,0,0,6300,6360.0,9270.0,9330.0,2910.0,4.0,66,177,,,pt,3030.0,9330.0,3030.0,"{'duration': 2910, 'source_transfer_time': 0, 'waiting_time': 390, 'trip_time': 2520, 'num_transfers': 4, 'departure_time': 6360, 'departure_day': 'current_day', 'arrival_time': 9270, 'arrival_day': 'current_day', 'steps': [{'duration': 210, 'departure_time': 6750, 'arrival_time': 6960, 'day': 'current_day', 'from_stop_id': '66-5', 'to_stop_id': 'MH-L-5', 'trip_id': '8-1-6', 'agency_name': 'Unknown'}, {'duration': 30, 'departure_time': 6960, 'arrival_time': 6990, 'day': 'current_day', 'from_stop_id': 'MH-L-5', 'to_stop_id': 'MH-L-0', 'trip_id': 'walking', 'agency_name': 'Unknown'}, {'duration': 1500, 'departure_time': 7200, 'arrival_time': 8700, 'day': 'current_day', 'from_stop_id': 'MH-L-0', 'to_stop_id': 'MH-R-0', 'trip_id': '0-0-2', 'agency_name': 'Unknown'}, {'duration': 30, 'departure_time': 8700, 'arrival_time': 8730, 'day': 'current_day', 'from_stop_id': 'MH-R-0', 'to_stop_id': 'MH-R-1', 'trip_id': 'walking', 'agency_name': 'Unknown'}, {'duration': 330, 'departure_time': 8940, 'arrival_time': 9270, 'day': 'current_day', 'from_stop_id': 'MH-R-1', 'to_stop_id': '177-1', 'trip_id': '3-1-9', 'agency_name': 'Unknown'}]}"
111,139,9180,inter,left,262,[110],[140; 150],500,375,500,375,9555,9615.0,13110.0,13170.0,3495.0,4.0,110,150,,,pt,4365.0,13545.0,4365.0,"{'duration': 3495, 'source_transfer_time': 0, 'waiting_time': 375, 'trip_time': 3120, 'num_transfers': 4, 'departure_time': 9615, 'departure_day': 'current_day', 'arrival_time': 13110, 'arrival_day': 'current_day', 'steps': [{'duration': 570, 'departure_time': 9990, 'arrival_time': 10560, 'day': 'current_day', 'from_stop_id': '110-2', 'to_stop_id': 'MH-L-2', 'trip_id': '2-0-12', 'agency_name': 'Unknown'}, {'duration': 30, 'departure_time': 10560, 'arrival_time': 10590, 'day': 'current_day', 'from_stop_id': 'MH-L-2', 'to_stop_id': 'MH-L-0', 'trip_id': 'walking', 'agency_name': 'Unknown'}, {'duration': 1500, 'departure_time': 10800, 'arrival_time': 12300, 'day': 'current_day', 'from_stop_id': 'MH-L-0', 'to_stop_id': 'MH-R-0', 'trip_id': '0-0-4', 'agency_name': 'Unknown'}, {'duration': 30, 'departure_time': 12300, 'arrival_time': 12330, 'day': 'current_day', 'from_stop_id': 'MH-R-0', 'to_stop_id': 'MH-R-5', 'trip_id': 'walking', 'agency_name': 'Unknown'}, {'duration': 570, 'departure_time': 12540, 'arrival_time': 13110, 'day': 'current_day', 'from_stop_id': 'MH-R-5', 'to_stop_id': '150-5', 'trip_id': '10-1-15', 'agency_name': 'Unknown'}]}"
67,145,8940,inter,left,263,[67],[145],0,0,0,0,8940,9000.0,13230.0,13290.0,4230.0,4.0,67,145,,,pt,4350.0,13290.0,4350.0,"{'duration': 4230, 'source_transfer_time': 0, 'waiting_time': 150, 'trip_time': 4080, 'num_transfers': 4, 'departure_time': 9000, 'departure_day': 'current_day', 'arrival_time': 13230, 'arrival_day': 'current_day', 'steps': [{'duration': 210, 'departure_time': 9150, 'arrival_time': 9360, 'day': 'current_day', 'from_stop_id': '67-4', 'to_stop_id': 'MH-L-4', 'trip_id': '7-1-10', 'agency_name': 'Unknown'}, {'duration': 30, 'departure_time': 9360, 'arrival_time': 9390, 'day': 'current_day', 'from_stop_id': 'MH-L-4', 'to_stop_id': 'MH-L-0', 'trip_id': 'walking', 'agency_name': 'Unknown'}, {'duration': 1500, 'departure_time': 10800, 'arrival_time': 12300, 'day': 'current_day', 'from_stop_id': 'MH-L-0', 'to_stop_id': 'MH-R-0', 'trip_id': '0-0-4', 'agency_name': 'Unknown'}, {'duration': 30, 'departure_time': 12300, 'arrival_time': 12330, 'day': 'current_day', 'from_stop_id': 'MH-R-0', 'to_stop_id': 'MH-R-4', 'trip_id': 'walking', 'agency_name': 'Unknown'}, {'duration': 690, 'departure_time': 12540, 'arrival_time': 13230, 'day': 'current_day', 'from_stop_id': 'MH-R-4', 'to_stop_id': '145-4', 'trip_id': '9-1-15', 'agency_name': 'Unknown'}]}"
3,200,13680,inter,left,264,[5],[200],1000,751,0,0,14431,14491.0,18390.0,18450.0,3899.0,4.0,5,200,,,pt,4770.0,18450.0,4770.0,"{'duration': 3899, 'source_transfer_time': 0, 'waiting_time': 299, 'trip_time': 3600, 'num_transfers': 4, 'departure_time': 14491, 'departure_day': 'current_day', 'arrival_time': 18390, 'arrival_day': 'current_day', 'steps': [{'duration': 570, 'departure_time': 14790, 'arrival_time': 15360, 'day': 'current_day', 'from_stop_id': '5-2', 'to_stop_id': 'MH-L-2', 'trip_id': '2-1-20', 'agency_name': 'Unknown'}, {'duration': 30, 'departure_time': 15360, 'arrival_time': 15390, 'day': 'current_day', 'from_stop_id': 'MH-L-2', 'to_stop_id': 'MH-L-0', 'trip_id': 'walking', 'agency_name': 'Unknown'}, {'duration': 1500, 'departure_time': 16200, 'arrival_time': 17700, 'day': 'current_day', 'from_stop_id': 'MH-L-0', 'to_stop_id': 'MH-R-0', 'trip_id': '0-0-7', 'agency_name': 'Unknown'}, {'duration': 30, 'departure_time': 17700, 'arrival_time': 17730, 'day': 'current_day', 'from_stop_id': 'MH-R-0', 'to_stop_id': 'MH-R-4', 'trip_id': 'walking', 'agency_name': 'Unknown'}, {'duration': 450, 'departure_time': 17940, 'arrival_time': 18390, 'day': 'current_day', 'from_stop_id': 'MH-R-4', 'to_stop_id': '200-4', 'trip_id': '9-0-24', 'agency_name': 'Unknown'}]}"
106,172,4830,inter,left,265,[106],[180],0,0,500,375,4830,4890.0,9270.0,9330.0,4380.0,4.0,106,180,,,pt,4875.0,9705.0,4875.0,"{'duration': 4380, 'source_transfer_time': 0, 'waiting_time': 420, 'trip_time': 3960, 'num_transfers': 4, 'departure_time': 4890, 'departure_day': 'current_day', 'arrival_time': 9270, 'arrival_day': 'current_day', 'steps': [{'duration': 1050, 'departure_time': 5310, 'arrival_time': 6360, 'day': 'current_day', 'from_stop_id': '106-5', 'to_stop_id': 'MH-L-5', 'trip_id': '8-1-5', 'agency_name': 'Unknown'}, {'duration': 30, 'departure_time': 6360, 'arrival_time': 6390, 'day': 'current_day', 'from_stop_id': 'MH-L-5', 'to_stop_id': 'MH-L-0', 'trip_id': 'walking', 'agency_name': 'Unknown'}, {'duration': 1500, 'departure_time': 7200, 'arrival_time': 8700, 'day': 'current_day', 'from_stop_id': 'MH-L-0', 'to_stop_id': 'MH-R-0', 'trip_id': '0-0-2', 'agency_name': 'Unknown'}, {'duration': 30, 'departure_time': 8700, 'arrival_time': 8730, 'day': 'current_day', 'from_stop_id': 'MH-R-0', 'to_stop_id': 'MH-R-1', 'trip_id': 'walking', 'agency_name': 'Unknown'}, {'duration': 330, 'departure_time': 8940, 'arrival_time': 9270, 'day': 'current_day', 'from_stop_id': 'MH-R-1', 'to_stop_id': '180-1', 'trip_id': '3-0-9', 'agency_name': 'Unknown'}]}"
84,125,6960,inter,left,266,[85; 95],[126],500,375,500,375,7335,7395.0,11310.0,11370.0,3915.0,4.0,85,126,,,pt,4785.0,11745.0,4785.0,"{'duration': 3915, 'source_transfer_time': 0, 'waiting_time': 75, 'trip_time': 3840, 'num_transfers': 4, 'departure_time': 7395, 'departure_day': 'current_day', 'arrival_time': 11310, 'arrival_day': 'current_day', 'steps': [{'duration': 690, 'departure_time': 7470, 'arrival_time': 8160, 'day': 'current_day', 'from_stop_id': '85-5', 'to_stop_id': 'MH-L-5', 'trip_id': '8-1-8', 'agency_name': 'Unknown'}, {'duration': 30, 'departure_time': 8160, 'arrival_time': 8190, 'day': 'current_day', 'from_stop_id': 'MH-L-5', 'to_stop_id': 'MH-L-0', 'trip_id': 'walking', 'agency_name': 'Unknown'}, {'duration': 1500, 'departure_time': 9000, 'arrival_time': 10500, 'day': 'current_day', 'from_stop_id': 'MH-L-0', 'to_stop_id': 'MH-R-0', 'trip_id': '0-0-3', 'agency_name': 'Unknown'}, {'duration': 30, 'departure_time': 10500, 'arrival_time': 10530, 'day': 'current_day', 'from_stop_id': 'MH-R-0', 'to_stop_id': 'MH-R-2', 'trip_id': 'walking', 'agency_name': 'Unknown'}, {'duration': 570, 'departure_time': 10740, 'arrival_time': 11310, 'day': 'current_day', 'from_stop_id': 'MH-R-2', 'to_stop_id': '126-2', 'trip_id': '4-0-12', 'agency_name': 'Unknown'}]}"
99,146,14310,inter,left,267,[99],[145; 157],0,0,500,375,14310,14370.0,18390.0,18450.0,4020.0,4.0,99,157,,,pt,4515.0,18825.0,4515.0,"{'duration': 4020, 'source_transfer_time': 0, 'waiting_time': 540, 'trip_time': 3480, 'num_transfers': 4, 'departure_time': 14370, 'departure_day': 'current_day', 'arrival_time': 18390, 'arrival_day': 'current_day', 'steps': [{'duration': 450, 'departure_time': 14910, 'arrival_time': 15360, 'day': 'current_day', 'from_stop_id': '99-2', 'to_stop_id': 'MH-L-2', 'trip_id': '2-0-20', 'agency_name': 'Unknown'}, {'duration': 30, 'departure_time': 15360, 'arrival_time': 15390, 'day': 'current_day', 'from_stop_id': 'MH-L-2', 'to_stop_id': 'MH-L-0', 'trip_id': 'walking', 'agency_name': 'Unknown'}, {'duration': 1500, 'departure_time': 16200, 'arrival_time': 17700, 'day': 'current_day', 'from_stop_id': 'MH-L-0', 'to_stop_id': 'MH-R-0', 'trip_id': '0-0-7', 'agency_name': 'Unknown'}, {'duration': 30, 'departure_time': 17700, 'arrival_time': 17730, 'day': 'current_day', 'from_stop_id': 'MH-R-0', 'to_stop_id': 'MH-R-4', 'trip_id': 'walking', 'agency_name': 'Unknown'}, {'duration': 450, 'departure_time': 17940, 'arrival_time': 18390, 'day': 'current_day', 'from_stop_id': 'MH-R-4', 'to_stop_id': '157-4', 'trip_id': '9-1-24', 'agency_name': 'Unknown'}]}"
33,206,9570,inter,left,268,[11; 23; 35; 54],[206],1000,751,0,0,10321,10381.0,15030.0,15090.0,4649.0,4.0,11,206,,,pt,5520.0,15090.0,5520.0,"{'duration': 4649, 'source_transfer_time': 0, 'waiting_time': 329, 'trip_time': 4320, 'num_transfers': 4, 'departure_time': 10381, 'departure_day': 'current_day', 'arrival_time': 15030, 'arrival_day': 'current_day', 'steps': [{'duration': 1050, 'departure_time': 10710, 'arrival_time': 11760, 'day': 'current_day', 'from_stop_id': '11-4', 'to_stop_id': 'MH-L-4', 'trip_id': '7-0-14', 'agency_name': 'Unknown'}, {'duration': 30, 'departure_time': 11760, 'arrival_time': 11790, 'day': 'current_day', 'from_stop_id': 'MH-L-4', 'to_stop_id': 'MH-L-0', 'trip_id': 'walking', 'agency_name': 'Unknown'}, {'duration': 1500, 'departure_time': 12600, 'arrival_time': 14100, 'day': 'current_day', 'from_stop_id': 'MH-L-0', 'to_stop_id': 'MH-R-0', 'trip_id': '0-0-5', 'agency_name': 'Unknown'}, {'duration': 30, 'departure_time': 14100, 'arrival_time': 14130, 'day': 'current_day', 'from_stop_id': 'MH-R-0', 'to_stop_id': 'MH-R-5', 'trip_id': 'walking', 'agency_name': 'Unknown'}, {'duration': 690, 'departure_time': 14340, 'arrival_time': 15030, 'day': 'current_day', 'from_stop_id': 'MH-R-5', 'to_stop_id': '206-5', 'trip_id': '10-0-18', 'agency_name': 'Unknown'}]}"
115,128,7500,inter,left,269,[115],[126; 130; 140; 150],0,0,1000,751,7500,7560.0,11310.0,11370.0,3750.0,4.0,115,126,,,pt,4621.0,12121.0,4621.0,"{'duration': 3750, 'source_transfer_time': 0, 'waiting_time': 30, 'trip_time': 3720, 'num_transfers': 4, 'departure_time': 7560, 'departure_day': 'current_day', 'arrival_time': 11310, 'arrival_day': 'current_day', 'steps': [{'duration': 1170, 'departure_time': 7590, 'arrival_time': 8760, 'day': 'current_day', 'from_stop_id': '115-4', 'to_stop_id': 'MH-L-4', 'trip_id': '7-1-9', 'agency_name': 'Unknown'}, {'duration': 30, 'departure_time': 8760, 'arrival_time': 8790, 'day': 'current_day', 'from_stop_id': 'MH-L-4', 'to_stop_id': 'MH-L-0', 'trip_id': 'walking', 'agency_name': 'Unknown'}, {'duration': 1500, 'departure_time': 9000, 'arrival_time': 10500, 'day': 'current_day', 'from_stop_id': 'MH-L-0', 'to_stop_id': 'MH-R-0', 'trip_id': '0-0-3', 'agency_name': 'Unknown'}, {'duration': 30, 'departure_time': 10500, 'arrival_time': 10530, 'day': 'current_day', 'from_stop_id': 'MH-R-0', 'to_stop_id': 'MH-R-2', 'trip_id': 'walking', 'agency_name': 'Unknown'}, {'duration': 570, 'departure_time': 10740, 'arrival_time': 11310, 'day': 'current_day', 'from_stop_id': 'MH-R-2', 'to_stop_id': '126-2', 'trip_id': '4-0-12', 'agency_name': 'Unknown'}]}"
67,140,7680,inter,left,270,[67],[140],0,0,0,0,7680,7740.0,11550.0,11610.0,3810.0,4.0,67,140,,,pt,3930.0,11610.0,3930.0,"{'duration': 3810, 'source_transfer_time': 0, 'waiting_time': 210, 'trip_time': 3600, 'num_transfers': 4, 'departure_time': 7740, 'departure_day': 'current_day', 'arrival_time': 11550, 'arrival_day': 'current_day', 'steps': [{'duration': 210, 'departure_time': 7950, 'arrival_time': 8160, 'day': 'current_day', 'from_stop_id': '67-4', 'to_stop_id': 'MH-L-4', 'trip_id': '7-1-8', 'agency_name': 'Unknown'}, {'duration': 30, 'departure_time': 8160, 'arrival_time': 8190, 'day': 'current_day', 'from_stop_id': 'MH-L-4', 'to_stop_id': 'MH-L-0', 'trip_id': 'walking', 'agency_name': 'Unknown'}, {'duration': 1500, 'departure_time': 9000, 'arrival_time': 10500, 'day': 'current_day', 'from_stop_id': 'MH-L-0', 'to_stop_id': 'MH-R-0', 'trip_id': '0-0-3', 'agency_name': 'Unknown'}, {'duration': 30, 'departure_time': 10500, 'arrival_time': 10530, 'day': 'current_day', 'from_stop_id': 'MH-R-0', 'to_stop_id': 'MH-R-5', 'trip_id': 'walking', 'agency_name': 'Unknown'}, {'duration': 810, 'departure_time': 10740, 'arrival_time': 11550, 'day': 'current_day', 'from_stop_id': 'MH-R-5', 'to_stop_id': '140-5', 'trip_id': '10-1-12', 'agency_name': 'Unknown'}]}"
35,183,13740,inter,left,271,[35],[175],0,0,500,375,13740,13800.0,18510.0,18570.0,4710.0,4.0,35,175,,,pt,5205.0,18945.0,5205.0,"{'duration': 4710, 'source_transfer_time': 0, 'waiting_time': 390, 'trip_time': 4320, 'num_transfers': 4, 'departure_time': 13800, 'departure_day': 'current_day', 'arrival_time': 18510, 'arrival_day': 'current_day', 'steps': [{'duration': 570, 'departure_time': 14190, 'arrival_time': 14760, 'day': 'current_day', 'from_stop_id': '35-4', 'to_stop_id': 'MH-L-4', 'trip_id': '7-0-19', 'agency_name': 'Unknown'}, {'duration': 30, 'departure_time': 14760, 'arrival_time': 14790, 'day': 'current_day', 'from_stop_id': 'MH-L-4', 'to_stop_id': 'MH-L-0', 'trip_id': 'walking', 'agency_name': 'Unknown'}, {'duration': 1500, 'departure_time': 16200, 'arrival_time': 17700, 'day': 'current_day', 'from_stop_id': 'MH-L-0', 'to_stop_id': 'MH-R-0', 'trip_id': '0-0-7', 'agency_name': 'Unknown'}, {'duration': 30, 'departure_time': 17700, 'arrival_time': 17730, 'day': 'current_day', 'from_stop_id': 'MH-R-0', 'to_stop_id': 'MH-R-1', 'trip_id': 'walking', 'agency_name': 'Unknown'}, {'duration': 570, 'departure_time': 17940, 'arrival_time': 18510, 'day': 'current_day', 'from_stop_id': 'MH-R-1', 'to_stop_id': '175-1', 'trip_id': '3-1-24', 'agency_name': 'Unknown'}]}"
8,180,4020,inter,left,272,[9; 19],[180],500,375,0,0,4395,4455.0,9270.0,9330.0,4815.0,4.0,9,180,,,pt,5310.0,9330.0,5310.0,"{'duration': 4815, 'source_transfer_time': 0, 'waiting_time': 255, 'trip_time': 4560, 'num_transfers': 4, 'departure_time': 4455, 'departure_day': 'current_day', 'arrival_time': 9270, 'arrival_day': 'current_day', 'steps': [{'duration': 1050, 'departure_time': 4710, 'arrival_time': 5760, 'day': 'current_day', 'from_stop_id': '9-5', 'to_stop_id': 'MH-L-5', 'trip_id': '8-0-4', 'agency_name': 'Unknown'}, {'duration': 30, 'departure_time': 5760, 'arrival_time': 5790, 'day': 'current_day', 'from_stop_id': 'MH-L-5', 'to_stop_id': 'MH-L-0', 'trip_id': 'walking', 'agency_name': 'Unknown'}, {'duration': 1500, 'departure_time': 7200, 'arrival_time': 8700, 'day': 'current_day', 'from_stop_id': 'MH-L-0', 'to_stop_id': 'MH-R-0', 'trip_id': '0-0-2', 'agency_name': 'Unknown'}, {'duration': 30, 'departure_time': 8700, 'arrival_time': 8730, 'day': 'current_day', 'from_stop_id': 'MH-R-0', 'to_stop_id': 'MH-R-1', 'trip_id': 'walking', 'agency_name': 'Unknown'}, {'duration': 330, 'departure_time': 8940, 'arrival_time': 9270, 'day': 'current_day', 'from_stop_id': 'MH-R-1', 'to_stop_id': '180-1', 'trip_id': '3-0-9', 'agency_name': 'Unknown'}]}"
0,172,7710,inter,left,273,[0],[180],0,0,500,375,7710,7770.0,12870.0,12930.0,5100.0,4.0,0,180,,,pt,5595.0,13305.0,5595.0,"{'duration': 5100, 'source_transfer_time': 0, 'waiting_time': 420, 'trip_time': 4680, 'num_transfers': 4, 'departure_time': 7770, 'departure_day': 'current_day', 'arrival_time': 12870, 'arrival_day': 'current_day', 'steps': [{'duration': 1170, 'departure_time': 8190, 'arrival_time': 9360, 'day': 'current_day', 'from_stop_id': '0-4', 'to_stop_id': 'MH-L-4', 'trip_id': '7-0-10', 'agency_name': 'Unknown'}, {'duration': 30, 'departure_time': 9360, 'arrival_time': 9390, 'day': 'current_day', 'from_stop_id': 'MH-L-4', 'to_stop_id': 'MH-L-0', 'trip_id': 'walking', 'agency_name': 'Unknown'}, {'duration': 1500, 'departure_time': 10800, 'arrival_time': 12300, 'day': 'current_day', 'from_stop_id': 'MH-L-0', 'to_stop_id': 'MH-R-0', 'trip_id': '0-0-4', 'agency_name': 'Unknown'}, {'duration': 30, 'departure_time': 12300, 'arrival_time': 12330, 'day': 'current_day', 'from_stop_id': 'MH-R-0', 'to_stop_id': 'MH-R-1', 'trip_id': 'walking', 'agency_name': 'Unknown'}, {'duration': 330, 'departure_time': 12540, 'arrival_time': 12870, 'day': 'current_day', 'from_stop_id': 'MH-R-1', 'to_stop_id': '180-1', 'trip_id': '3-0-15', 'agency_name': 'Unknown'}]}"
42,134,8250,inter,left,274,[20; 30; 40; 60],[133; 145],1000,751,500,375,9001,9061.0,13230.0,13290.0,4169.0,4.0,20,145,,,pt,5415.0,13665.0,5415.0,"{'duration': 4169, 'source_transfer_time': 0, 'waiting_time': 569, 'trip_time': 3600, 'num_transfers': 4, 'departure_time': 9061, 'departure_day': 'current_day', 'arrival_time': 13230, 'arrival_day': 'current_day', 'steps': [{'duration': 930, 'departure_time': 9630, 'arrival_time': 10560, 'day': 'current_day', 'from_stop_id': '20-5', 'to_stop_id': 'MH-L-5', 'trip_id': '8-0-12', 'agency_name': 'Unknown'}, {'duration': 30, 'departure_time': 10560, 'arrival_time': 10590, 'day': 'current_day', 'from_stop_id': 'MH-L-5', 'to_stop_id': 'MH-L-0', 'trip_id': 'walking', 'agency_name': 'Unknown'}, {'duration': 1500, 'departure_time': 10800, 'arrival_time': 12300, 'day': 'current_day', 'from_stop_id': 'MH-L-0', 'to_stop_id': 'MH-R-0', 'trip_id': '0-0-4', 'agency_name': 'Unknown'}, {'duration': 30, 'departure_time': 12300, 'arrival_time': 12330, 'day': 'current_day', 'from_stop_id': 'MH-R-0', 'to_stop_id': 'MH-R-4', 'trip_id': 'walking', 'agency_name': 'Unknown'}, {'duration': 690, 'departure_time': 12540, 'arrival_time': 13230, 'day': 'current_day', 'from_stop_id': 'MH-R-4', 'to_stop_id': '145-4', 'trip_id': '9-1-15', 'agency_name': 'Unknown'}]}"
4,224,9870,inter,left,275,[5],[224],500,375,0,0,10245,10305.0,15270.0,15330.0,4965.0,4.0,5,224,,,pt,5460.0,15330.0,5460.0,"{'duration': 4965, 'source_transfer_time': 0, 'waiting_time': 285, 'trip_time': 4680, 'num_transfers': 4, 'departure_time': 10305, 'departure_day': 'current_day', 'arrival_time': 15270, 'arrival_day': 'current_day', 'steps': [{'duration': 570, 'departure_time': 10590, 'arrival_time': 11160, 'day': 'current_day', 'from_stop_id': '5-2', 'to_stop_id': 'MH-L-2', 'trip_id': '2-1-13', 'agency_name': 'Unknown'}, {'duration': 30, 'departure_time': 11160, 'arrival_time': 11190, 'day': 'current_day', 'from_stop_id': 'MH-L-2', 'to_stop_id': 'MH-L-0', 'trip_id': 'walking', 'agency_name': 'Unknown'}, {'duration': 1500, 'departure_time': 12600, 'arrival_time': 14100, 'day': 'current_day', 'from_stop_id': 'MH-L-0', 'to_stop_id': 'MH-R-0', 'trip_id': '0-0-5', 'agency_name': 'Unknown'}, {'duration': 30, 'departure_time': 14100, 'arrival_time': 14130, 'day': 'current_day', 'from_stop_id': 'MH-R-0', 'to_stop_id': 'MH-R-4', 'trip_id': 'walking', 'agency_name': 'Unknown'}, {'duration': 930, 'departure_time': 14340, 'arrival_time': 15270, 'day': 'current_day', 'from_stop_id': 'MH-R-4', 'to_stop_id': '224-4', 'trip_id': '9-0-18', 'agency_name': 'Unknown'}]}"
110,195,4710,inter,left,276,[110],[196; 206],0,0,500,375,4710,4770.0,9390.0,9450.0,4620.0,4.0,110,196,,,pt,5115.0,9825.0,5115.0,"{'duration': 4620, 'source_transfer_time': 0, 'waiting_time': 420, 'trip_time': 4200, 'num_transfers': 4, 'departure_time': 4770, 'departure_day': 'current_day', 'arrival_time': 9390, 'arrival_day': 'current_day', 'steps': [{'duration': 570, 'departure_time': 5190, 'arrival_time': 5760, 'day': 'current_day', 'from_stop_id': '110-2', 'to_stop_id': 'MH-L-2', 'trip_id': '2-0-4', 'agency_name': 'Unknown'}, {'duration': 30, 'departure_time': 5760, 'arrival_time': 5790, 'day': 'current_day', 'from_stop_id': 'MH-L-2', 'to_stop_id': 'MH-L-0', 'trip_id': 'walking', 'agency_name': 'Unknown'}, {'duration': 1500, 'departure_time': 7200, 'arrival_time': 8700, 'day': 'current_day', 'from_stop_id': 'MH-L-0', 'to_stop_id': 'MH-R-0', 'trip_id': '0-0-2', 'agency_name': 'Unknown'}, {'duration': 30, 'departure_time': 8700, 'arrival_time': 8730, 'day': 'current_day', 'from_stop_id': 'MH-R-0', 'to_stop_id': 'MH-R-5', 'trip_id': 'walking', 'agency_name': 'Unknown'}, {'duration': 450, 'departure_time': 8940, 'arrival_time': 9390, 'day': 'current_day', 'from_stop_id': 'MH-R-5', 'to_stop_id': '196-5', 'trip_id': '10-0-9', 'agency_name': 'Unknown'}]}"
13,129,13860,inter,left,277,[12; 24],[130; 140],500,375,500,375,14235,14295.0,18750.0,18810.0,4455.0,4.0,12,140,,,pt,5325.0,19185.0,5325.0,"{'duration': 4455, 'source_transfer_time': 0, 'waiting_time': 135, 'trip_time': 4320, 'num_transfers': 4, 'departure_time': 14295, 'departure_day': 'current_day', 'arrival_time': 18750, 'arrival_day': 'current_day', 'steps': [{'duration': 930, 'departure_time': 14430, 'arrival_time': 15360, 'day': 'current_day', 'from_stop_id': '12-4', 'to_stop_id': 'MH-L-4', 'trip_id': '7-0-20', 'agency_name': 'Unknown'}, {'duration': 30, 'departure_time': 15360, 'arrival_time': 15390, 'day': 'current_day', 'from_stop_id': 'MH-L-4', 'to_stop_id': 'MH-L-0', 'trip_id': 'walking', 'agency_name': 'Unknown'}, {'duration': 1500, 'departure_time': 16200, 'arrival_time': 17700, 'day': 'current_day', 'from_stop_id': 'MH-L-0', 'to_stop_id': 'MH-R-0', 'trip_id': '0-0-7', 'agency_name': 'Unknown'}, {'duration': 30, 'departure_time': 17700, 'arrival_time': 17730, 'day': 'current_day', 'from_stop_id': 'MH-R-0', 'to_stop_id': 'MH-R-5', 'trip_id': 'walking', 'agency_name': 'Unknown'}, {'duration': 810, 'departure_time': 17940, 'arrival_time': 18750, 'day': 'current_day', 'from_stop_id': 'MH-R-5', 'to_stop_id': '140-5', 'trip_id': '10-1-24', 'agency_name': 'Unknown'}]}"
29,144,10050,inter,left,278,[29],[144],0,0,0,0,10050,10110.0,15150.0,15210.0,5040.0,4.0,29,144,,,pt,5160.0,15210.0,5160.0,"{'duration': 5040, 'source_transfer_time': 0, 'waiting_time': 480, 'trip_time': 4560, 'num_transfers': 4, 'departure_time': 10110, 'departure_day': 'current_day', 'arrival_time': 15150, 'arrival_day': 'current_day', 'steps': [{'duration': 570, 'departure_time': 10590, 'arrival_time': 11160, 'day': 'current_day', 'from_stop_id': '29-5', 'to_stop_id': 'MH-L-5', 'trip_id': '8-0-13', 'agency_name': 'Unknown'}, {'duration': 30, 'departure_time': 11160, 'arrival_time': 11190, 'day': 'current_day', 'from_stop_id': 'MH-L-5', 'to_stop_id': 'MH-L-0', 'trip_id': 'walking', 'agency_name': 'Unknown'}, {'duration': 1500, 'departure_time': 12600, 'arrival_time': 14100, 'day': 'current_day', 'from_stop_id': 'MH-L-0', 'to_stop_id': 'MH-R-0', 'trip_id': '0-0-5', 'agency_name': 'Unknown'}, {'duration': 30, 'departure_time': 14100, 'arrival_time': 14130, 'day': 'current_day', 'from_stop_id': 'MH-R-0', 'to_stop_id': 'MH-R-4', 'trip_id': 'walking', 'agency_name': 'Unknown'}, {'duration': 810, 'departure_time': 14340, 'arrival_time': 15150, 'day': 'current_day', 'from_stop_id': 'MH-R-4', 'to_stop_id': '144-4', 'trip_id': '9-1-18', 'agency_name': 'Unknown'}]}"
82,230,14190,inter,left,279,[61; 80; 92; 104],[231],1000,751,500,375,14941,15001.0,18510.0,18570.0,3509.0,4.0,61,231,,,pt,4755.0,18945.0,4755.0,"{'duration': 3509, 'source_transfer_time': 0, 'waiting_time': 389, 'trip_time': 3120, 'num_transfers': 4, 'departure_time': 15001, 'departure_day': 'current_day', 'arrival_time': 18510, 'arrival_day': 'current_day', 'steps': [{'duration': 570, 'departure_time': 15390, 'arrival_time': 15960, 'day': 'current_day', 'from_stop_id': '61-1', 'to_stop_id': 'MH-L-1', 'trip_id': '1-1-21', 'agency_name': 'Unknown'}, {'duration': 30, 'departure_time': 15960, 'arrival_time': 15990, 'day': 'current_day', 'from_stop_id': 'MH-L-1', 'to_stop_id': 'MH-L-0', 'trip_id': 'walking', 'agency_name': 'Unknown'}, {'duration': 1500, 'departure_time': 16200, 'arrival_time': 17700, 'day': 'current_day', 'from_stop_id': 'MH-L-0', 'to_stop_id': 'MH-R-0', 'trip_id': '0-0-7', 'agency_name': 'Unknown'}, {'duration': 30, 'departure_time': 17700, 'arrival_time': 17730, 'day': 'current_day', 'from_stop_id': 'MH-R-0', 'to_stop_id': 'MH-R-2', 'trip_id': 'walking', 'agency_name': 'Unknown'}, {'duration': 570, 'departure_time': 17940, 'arrival_time': 18510, 'day': 'current_day', 'from_stop_id': 'MH-R-2', 'to_stop_id': '231-2', 'trip_id': '4-1-24', 'agency_name': 'Unknown'}]}"
47,159,8790,inter,left,280,[47],[159],0,0,0,0,8790,8850.0,12750.0,12810.0,3900.0,4.0,47,159,,,pt,4020.0,12810.0,4020.0,"{'duration': 3900, 'source_transfer_time': 0, 'waiting_time': 180, 'trip_time': 3720, 'num_transfers': 4, 'departure_time': 8850, 'departure_day': 'current_day', 'arrival_time': 12750, 'arrival_day': 'current_day', 'steps': [{'duration': 330, 'departure_time': 9030, 'arrival_time': 9360, 'day': 'current_day', 'from_stop_id': '47-4', 'to_stop_id': 'MH-L-4', 'trip_id': '7-0-10', 'agency_name': 'Unknown'}, {'duration': 30, 'departure_time': 9360, 'arrival_time': 9390, 'day': 'current_day', 'from_stop_id': 'MH-L-4', 'to_stop_id': 'MH-L-0', 'trip_id': 'walking', 'agency_name': 'Unknown'}, {'duration': 1500, 'departure_time': 10800, 'arrival_time': 12300, 'day': 'current_day', 'from_stop_id': 'MH-L-0', 'to_stop_id': 'MH-R-0', 'trip_id': '0-0-4', 'agency_name': 'Unknown'}, {'duration': 30, 'departure_time': 12300, 'arrival_time': 12330, 'day': 'current_day', 'from_stop_id': 'MH-R-0', 'to_stop_id': 'MH-R-2', 'trip_id': 'walking', 'agency_name': 'Unknown'}, {'duration': 210, 'departure_time': 12540, 'arrival_time': 12750, 'day': 'current_day', 'from_stop_id': 'MH-R-2', 'to_stop_id': '159-2', 'trip_id': '4-0-15', 'agency_name': 'Unknown'}]}"
42,207,12120,inter,left,281,[20; 30; 40; 60],[207],1000,751,0,0,12871,12931.0,16710.0,16770.0,3779.0,4.0,20,207,,,pt,4650.0,16770.0,4650.0,"{'duration': 3779, 'source_transfer_time': 0, 'waiting_time': 299, 'trip_time': 3480, 'num_transfers': 4, 'departure_time': 12931, 'departure_day': 'current_day', 'arrival_time': 16710, 'arrival_day': 'current_day', 'steps': [{'duration': 930, 'departure_time': 13230, 'arrival_time': 14160, 'day': 'current_day', 'from_stop_id': '20-5', 'to_stop_id': 'MH-L-5', 'trip_id': '8-0-18', 'agency_name': 'Unknown'}, {'duration': 30, 'departure_time': 14160, 'arrival_time': 14190, 'day': 'current_day', 'from_stop_id': 'MH-L-5', 'to_stop_id': 'MH-L-0', 'trip_id': 'walking', 'agency_name': 'Unknown'}, {'duration': 1500, 'departure_time': 14400, 'arrival_time': 15900, 'day': 'current_day', 'from_stop_id': 'MH-L-0', 'to_stop_id': 'MH-R-0', 'trip_id': '0-0-6', 'agency_name': 'Unknown'}, {'duration': 30, 'departure_time': 15900, 'arrival_time': 15930, 'day': 'current_day', 'from_stop_id': 'MH-R-0', 'to_stop_id': 'MH-R-5', 'trip_id': 'walking', 'agency_name': 'Unknown'}, {'duration': 570, 'departure_time': 16140, 'arrival_time': 16710, 'day': 'current_day', 'from_stop_id': 'MH-R-5', 'to_stop_id': '207-5', 'trip_id': '10-0-21', 'agency_name': 'Unknown'}]}"
18,218,6600,inter,left,282,[19; 29],[207; 217],500,375,500,375,6975,7035.0,11310.0,11370.0,4275.0,4.0,19,207,,,pt,5145.0,11745.0,5145.0,"{'duration': 4275, 'source_transfer_time': 0, 'waiting_time': 315, 'trip_time': 3960, 'num_transfers': 4, 'departure_time': 7035, 'departure_day': 'current_day', 'arrival_time': 11310, 'arrival_day': 'current_day', 'steps': [{'duration': 810, 'departure_time': 7350, 'arrival_time': 8160, 'day': 'current_day', 'from_stop_id': '19-5', 'to_stop_id': 'MH-L-5', 'trip_id': '8-0-8', 'agency_name': 'Unknown'}, {'duration': 30, 'departure_time': 8160, 'arrival_time': 8190, 'day': 'current_day', 'from_stop_id': 'MH-L-5', 'to_stop_id': 'MH-L-0', 'trip_id': 'walking', 'agency_name': 'Unknown'}, {'duration': 1500, 'departure_time': 9000, 'arrival_time': 10500, 'day': 'current_day', 'from_stop_id': 'MH-L-0', 'to_stop_id': 'MH-R-0', 'trip_id': '0-0-3', 'agency_name': 'Unknown'}, {'duration': 30, 'departure_time': 10500, 'arrival_time': 10530, 'day': 'current_day', 'from_stop_id': 'MH-R-0', 'to_stop_id': 'MH-R-5', 'trip_id': 'walking', 'agency_name': 'Unknown'}, {'duration': 570, 'departure_time': 10740, 'arrival_time': 11310, 'day': 'current_day', 'from_stop_id': 'MH-R-5', 'to_stop_id': '207-5', 'trip_id': '10-0-12', 'agency_name': 'Unknown'}]}"
5,202,12090,inter,left,283,[5],[201; 213],0,0,500,375,12090,12150.0,16710.0,16770.0,4560.0,4.0,5,201,,,pt,5055.0,17145.0,5055.0,"{'duration': 4560, 'source_transfer_time': 0, 'waiting_time': 240, 'trip_time': 4320, 'num_transfers': 4, 'departure_time': 12150, 'departure_day': 'current_day', 'arrival_time': 16710, 'arrival_day': 'current_day', 'steps': [{'duration': 570, 'departure_time': 12390, 'arrival_time': 12960, 'day': 'current_day', 'from_stop_id': '5-2', 'to_stop_id': 'MH-L-2', 'trip_id': '2-1-16', 'agency_name': 'Unknown'}, {'duration': 30, 'departure_time': 12960, 'arrival_time': 12990, 'day': 'current_day', 'from_stop_id': 'MH-L-2', 'to_stop_id': 'MH-L-0', 'trip_id': 'walking', 'agency_name': 'Unknown'}, {'duration': 1500, 'departure_time': 14400, 'arrival_time': 15900, 'day': 'current_day', 'from_stop_id': 'MH-L-0', 'to_stop_id': 'MH-R-0', 'trip_id': '0-0-6', 'agency_name': 'Unknown'}, {'duration': 30, 'departure_time': 15900, 'arrival_time': 15930, 'day': 'current_day', 'from_stop_id': 'MH-R-0', 'to_stop_id': 'MH-R-4', 'trip_id': 'walking', 'agency_name': 'Unknown'}, {'duration': 570, 'departure_time': 16140, 'arrival_time': 16710, 'day': 'current_day', 'from_stop_id': 'MH-R-4', 'to_stop_id': '201-4', 'trip_id': '9-0-21', 'agency_name': 'Unknown'}]}"
113,184,9540,inter,left,284,[91; 103; 115],[176],1000,751,500,375,10291,10351.0,14790.0,14850.0,4439.0,4.0,91,176,,,pt,5685.0,15225.0,5685.0,"{'duration': 4439, 'source_transfer_time': 0, 'waiting_time': 119, 'trip_time': 4320, 'num_transfers': 4, 'departure_time': 10351, 'departure_day': 'current_day', 'arrival_time': 14790, 'arrival_day': 'current_day', 'steps': [{'duration': 690, 'departure_time': 10470, 'arrival_time': 11160, 'day': 'current_day', 'from_stop_id': '91-4', 'to_stop_id': 'MH-L-4', 'trip_id': '7-1-13', 'agency_name': 'Unknown'}, {'duration': 30, 'departure_time': 11160, 'arrival_time': 11190, 'day': 'current_day', 'from_stop_id': 'MH-L-4', 'to_stop_id': 'MH-L-0', 'trip_id': 'walking', 'agency_name': 'Unknown'}, {'duration': 1500, 'departure_time': 12600, 'arrival_time': 14100, 'day': 'current_day', 'from_stop_id': 'MH-L-0', 'to_stop_id': 'MH-R-0', 'trip_id': '0-0-5', 'agency_name': 'Unknown'}, {'duration': 30, 'departure_time': 14100, 'arrival_time': 14130, 'day': 'current_day', 'from_stop_id': 'MH-R-0', 'to_stop_id': 'MH-R-1', 'trip_id': 'walking', 'agency_name': 'Unknown'}, {'duration': 450, 'departure_time': 14340, 'arrival_time': 14790, 'day': 'current_day', 'from_stop_id': 'MH-R-1', 'to_stop_id': '176-1', 'trip_id': '3-1-18', 'agency_name': 'Unknown'}]}"
43,180,3840,inter,left,285,[61],[180],1000,751,0,0,4591,4651.0,9270.0,9330.0,4619.0,4.0,61,180,,,pt,5490.0,9330.0,5490.0,"{'duration': 4619, 'source_transfer_time': 0, 'waiting_time': 539, 'trip_time': 4080, 'num_transfers': 4, 'departure_time': 4651, 'departure_day': 'current_day', 'arrival_time': 9270, 'arrival_day': 'current_day', 'steps': [{'duration': 570, 'departure_time': 5190, 'arrival_time': 5760, 'day': 'current_day', 'from_stop_id': '61-1', 'to_stop_id': 'MH-L-1', 'trip_id': '1-1-4', 'agency_name': 'Unknown'}, {'duration': 30, 'departure_time': 5760, 'arrival_time': 5790, 'day': 'current_day', 'from_stop_id': 'MH-L-1', 'to_stop_id': 'MH-L-0', 'trip_id': 'walking', 'agency_name': 'Unknown'}, {'duration': 1500, 'departure_time': 7200, 'arrival_time': 8700, 'day': 'current_day', 'from_stop_id': 'MH-L-0', 'to_stop_id': 'MH-R-0', 'trip_id': '0-0-2', 'agency_name': 'Unknown'}, {'duration': 30, 'departure_time': 8700, 'arrival_time': 8730, 'day': 'current_day', 'from_stop_id': 'MH-R-0', 'to_stop_id': 'MH-R-1', 'trip_id': 'walking', 'agency_name': 'Unknown'}, {'duration': 330, 'departure_time': 8940, 'arrival_time': 9270, 'day': 'current_day', 'from_stop_id': 'MH-R-1', 'to_stop_id': '180-1', 'trip_id': '3-0-9', 'agency_name': 'Unknown'}]}"
86,201,5430,inter,left,286,[86],[201],0,0,0,0,5430,5490.0,9510.0,9570.0,4020.0,4.0,86,201,,,pt,4140.0,9570.0,4140.0,"{'duration': 4020, 'source_transfer_time': 0, 'waiting_time': 300, 'trip_time': 3720, 'num_transfers': 4, 'departure_time': 5490, 'departure_day': 'current_day', 'arrival_time': 9510, 'arrival_day': 'current_day', 'steps': [{'duration': 570, 'departure_time': 5790, 'arrival_time': 6360, 'day': 'current_day', 'from_stop_id': '86-5', 'to_stop_id': 'MH-L-5', 'trip_id': '8-1-5', 'agency_name': 'Unknown'}, {'duration': 30, 'departure_time': 6360, 'arrival_time': 6390, 'day': 'current_day', 'from_stop_id': 'MH-L-5', 'to_stop_id': 'MH-L-0', 'trip_id': 'walking', 'agency_name': 'Unknown'}, {'duration': 1500, 'departure_time': 7200, 'arrival_time': 8700, 'day': 'current_day', 'from_stop_id': 'MH-L-0', 'to_stop_id': 'MH-R-0', 'trip_id': '0-0-2', 'agency_name': 'Unknown'}, {'duration': 30, 'departure_time': 8700, 'arrival_time': 8730, 'day': 'current_day', 'from_stop_id': 'MH-R-0', 'to_stop_id': 'MH-R-4', 'trip_id': 'walking', 'agency_name': 'Unknown'}, {'duration': 570, 'departure_time': 8940, 'arrival_time': 9510, 'day': 'current_day', 'from_stop_id': 'MH-R-4', 'to_stop_id': '201-4', 'trip_id': '9-0-9', 'agency_name': 'Unknown'}]}"
41,135,5820,inter,left,287,[30; 40],[133; 137; 145; 157],500,375,1000,751,6195,6255.0,9390.0,9450.0,3135.0,4.0,30,137,,,pt,4381.0,10201.0,4381.0,"{'duration': 3135, 'source_transfer_time': 0, 'waiting_time': 15, 'trip_time': 3120, 'num_transfers': 4, 'departure_time': 6255, 'departure_day': 'current_day', 'arrival_time': 9390, 'arrival_day': 'current_day', 'steps': [{'duration': 690, 'departure_time': 6270, 'arrival_time': 6960, 'day': 'current_day', 'from_stop_id': '30-5', 'to_stop_id': 'MH-L-5', 'trip_id': '8-0-6', 'agency_name': 'Unknown'}, {'duration': 30, 'departure_time': 6960, 'arrival_time': 6990, 'day': 'current_day', 'from_stop_id': 'MH-L-5', 'to_stop_id': 'MH-L-0', 'trip_id': 'walking', 'agency_name': 'Unknown'}, {'duration': 1500, 'departure_time': 7200, 'arrival_time': 8700, 'day': 'current_day', 'from_stop_id': 'MH-L-0', 'to_stop_id': 'MH-R-0', 'trip_id': '0-0-2', 'agency_name': 'Unknown'}, {'duration': 30, 'departure_time': 8700, 'arrival_time': 8730, 'day': 'current_day', 'from_stop_id': 'MH-R-0', 'to_stop_id': 'MH-R-2', 'trip_id': 'walking', 'agency_name': 'Unknown'}, {'duration': 450, 'departure_time': 8940, 'arrival_time': 9390, 'day': 'current_day', 'from_stop_id': 'MH-R-2', 'to_stop_id': '137-2', 'trip_id': '4-0-9', 'agency_name': 'Unknown'}]}"
110,228,5580,inter,left,288,[110],[217; 227],0,0,500,375,5580,5640.0,9750.0,9810.0,4110.0,4.0,110,217,,,pt,4605.0,10185.0,4605.0,"{'duration': 4110, 'source_transfer_time': 0, 'waiting_time': 150, 'trip_time': 3960, 'num_transfers': 4, 'departure_time': 5640, 'departure_day': 'current_day', 'arrival_time': 9750, 'arrival_day': 'current_day', 'steps': [{'duration': 570, 'departure_time': 5790, 'arrival_time': 6360, 'day': 'current_day', 'from_stop_id': '110-2', 'to_stop_id': 'MH-L-2', 'trip_id': '2-0-5', 'agency_name': 'Unknown'}, {'duration': 30, 'departure_time': 6360, 'arrival_time': 6390, 'day': 'current_day', 'from_stop_id': 'MH-L-2', 'to_stop_id': 'MH-L-0', 'trip_id': 'walking', 'agency_name': 'Unknown'}, {'duration': 1500, 'departure_time': 7200, 'arrival_time': 8700, 'day': 'current_day', 'from_stop_id': 'MH-L-0', 'to_stop_id': 'MH-R-0', 'trip_id': '0-0-2', 'agency_name': 'Unknown'}, {'duration': 30, 'departure_time': 8700, 'arrival_time': 8730, 'day': 'current_day', 'from_stop_id': 'MH-R-0', 'to_stop_id': 'MH-R-5', 'trip_id': 'walking', 'agency_name': 'Unknown'}, {'duration': 810, 'departure_time': 8940, 'arrival_time': 9750, 'day': 'current_day', 'from_stop_id': 'MH-R-5', 'to_stop_id': '217-5', 'trip_id': '10-0-9', 'agency_name': 'Unknown'}]}"
9,159,8190,inter,left,289,[9],[159],0,0,0,0,8190,8250.0,12750.0,12810.0,4500.0,4.0,9,159,,,pt,4620.0,12810.0,4620.0,"{'duration': 4500, 'source_transfer_time': 0, 'waiting_time': 60, 'trip_time': 4440, 'num_transfers': 4, 'departure_time': 8250, 'departure_day': 'current_day', 'arrival_time': 12750, 'arrival_day': 'current_day', 'steps': [{'duration': 1050, 'departure_time': 8310, 'arrival_time': 9360, 'day': 'current_day', 'from_stop_id': '9-5', 'to_stop_id': 'MH-L-5', 'trip_id': '8-0-10', 'agency_name': 'Unknown'}, {'duration': 30, 'departure_time': 9360, 'arrival_time': 9390, 'day': 'current_day', 'from_stop_id': 'MH-L-5', 'to_stop_id': 'MH-L-0', 'trip_id': 'walking', 'agency_name': 'Unknown'}, {'duration': 1500, 'departure_time': 10800, 'arrival_time': 12300, 'day': 'current_day', 'from_stop_id': 'MH-L-0', 'to_stop_id': 'MH-R-0', 'trip_id': '0-0-4', 'agency_name': 'Unknown'}, {'duration': 30, 'departure_time': 12300, 'arrival_time': 12330, 'day': 'current_day', 'from_stop_id': 'MH-R-0', 'to_stop_id': 'MH-R-2', 'trip_id': 'walking', 'agency_name': 'Unknown'}, {'duration': 210, 'departure_time': 12540, 'arrival_time': 12750, 'day': 'current_day', 'from_stop_id': 'MH-R-2', 'to_stop_id': '159-2', 'trip_id': '4-0-15', 'agency_name': 'Unknown'}]}"
97,217,6450,inter,left,290,[86; 96],[217],500,375,0,0,6825,6885.0,11550.0,11610.0,4665.0,4.0,86,217,,,pt,5160.0,11610.0,5160.0,"{'duration': 4665, 'source_transfer_time': 0, 'waiting_time': 105, 'trip_time': 4560, 'num_transfers': 4, 'departure_time': 6885, 'departure_day': 'current_day', 'arrival_time': 11550, 'arrival_day': 'current_day', 'steps': [{'duration': 570, 'departure_time': 6990, 'arrival_time': 7560, 'day': 'current_day', 'from_stop_id': '86-5', 'to_stop_id': 'MH-L-5', 'trip_id': '8-1-7', 'agency_name': 'Unknown'}, {'duration': 30, 'departure_time': 7560, 'arrival_time': 7590, 'day': 'current_day', 'from_stop_id': 'MH-L-5', 'to_stop_id': 'MH-L-0', 'trip_id': 'walking', 'agency_name': 'Unknown'}, {'duration': 1500, 'departure_time': 9000, 'arrival_time': 10500, 'day': 'current_day', 'from_stop_id': 'MH-L-0', 'to_stop_id': 'MH-R-0', 'trip_id': '0-0-3', 'agency_name': 'Unknown'}, {'duration': 30, 'departure_time': 10500, 'arrival_time': 10530, 'day': 'current_day', 'from_stop_id': 'MH-R-0', 'to_stop_id': 'MH-R-5', 'trip_id': 'walking', 'agency_name': 'Unknown'}, {'duration': 810, 'departure_time': 10740, 'arrival_time': 11550, 'day': 'current_day', 'from_stop_id': 'MH-R-5', 'to_stop_id': '217-5', 'trip_id': '10-0-12', 'agency_name': 'Unknown'}]}"
90,184,9810,inter,left,291,[79; 91],[176],500,375,500,375,10185,10245.0,14790.0,14850.0,4545.0,4.0,79,176,,,pt,5415.0,15225.0,5415.0,"{'duration': 4545, 'source_transfer_time': 0, 'waiting_time': 465, 'trip_time': 4080, 'num_transfers': 4, 'departure_time': 10245, 'departure_day': 'current_day', 'arrival_time': 14790, 'arrival_day': 'current_day', 'steps': [{'duration': 450, 'departure_time': 10710, 'arrival_time': 11160, 'day': 'current_day', 'from_stop_id': '79-4', 'to_stop_id': 'MH-L-4', 'trip_id': '7-1-13', 'agency_name': 'Unknown'}, {'duration': 30, 'departure_time': 11160, 'arrival_time': 11190, 'day': 'current_day', 'from_stop_id': 'MH-L-4', 'to_stop_id': 'MH-L-0', 'trip_id': 'walking', 'agency_name': 'Unknown'}, {'duration': 1500, 'departure_time': 12600, 'arrival_time': 14100, 'day': 'current_day', 'from_stop_id': 'MH-L-0', 'to_stop_id': 'MH-R-0', 'trip_id': '0-0-5', 'agency_name': 'Unknown'}, {'duration': 30, 'departure_time': 14100, 'arrival_time': 14130, 'day': 'current_day', 'from_stop_id': 'MH-R-0', 'to_stop_id': 'MH-R-1', 'trip_id': 'walking', 'agency_name': 'Unknown'}, {'duration': 450, 'departure_time': 14340, 'arrival_time': 14790, 'day': 'current_day', 'from_stop_id': 'MH-R-1', 'to_stop_id': '176-1', 'trip_id': '3-1-18', 'agency_name': 'Unknown'}]}"
16,146,9120,inter,left,292,[16],[145; 157],0,0,500,375,9120,9180.0,12990.0,13050.0,3810.0,4.0,16,157,,,pt,4305.0,13425.0,4305.0,"{'duration': 3810, 'source_transfer_time': 0, 'waiting_time': 330, 'trip_time': 3480, 'num_transfers': 4, 'departure_time': 9180, 'departure_day': 'current_day', 'arrival_time': 12990, 'arrival_day': 'current_day', 'steps': [{'duration': 450, 'departure_time': 9510, 'arrival_time': 9960, 'day': 'current_day', 'from_stop_id': '16-2', 'to_stop_id': 'MH-L-2', 'trip_id': '2-1-11', 'agency_name': 'Unknown'}, {'duration': 30, 'departure_time': 9960, 'arrival_time': 9990, 'day': 'current_day', 'from_stop_id': 'MH-L-2', 'to_stop_id': 'MH-L-0', 'trip_id': 'walking', 'agency_name': 'Unknown'}, {'duration': 1500, 'departure_time': 10800, 'arrival_time': 12300, 'day': 'current_day', 'from_stop_id': 'MH-L-0', 'to_stop_id': 'MH-R-0', 'trip_id': '0-0-4', 'agency_name': 'Unknown'}, {'duration': 30, 'departure_time': 12300, 'arrival_time': 12330, 'day': 'current_day', 'from_stop_id': 'MH-R-0', 'to_stop_id': 'MH-R-4', 'trip_id': 'walking', 'agency_name': 'Unknown'}, {'duration': 450, 'departure_time': 12540, 'arrival_time': 12990, 'day': 'current_day', 'from_stop_id': 'MH-R-4', 'to_stop_id': '157-4', 'trip_id': '9-1-15', 'agency_name': 'Unknown'}]}"
8,154,13020,inter,left,293,[9; 19],[132; 144; 156; 175],500,375,1000,751,13395,13455.0,18510.0,18570.0,5055.0,4.0,9,156,,,pt,6301.0,19321.0,6301.0,"{'duration': 5055, 'source_transfer_time': 0, 'waiting_time': 255, 'trip_time': 4800, 'num_transfers': 4, 'departure_time': 13455, 'departure_day': 'current_day', 'arrival_time': 18510, 'arrival_day': 'current_day', 'steps': [{'duration': 1050, 'departure_time': 13710, 'arrival_time': 14760, 'day': 'current_day', 'from_stop_id': '9-5', 'to_stop_id': 'MH-L-5', 'trip_id': '8-0-19', 'agency_name': 'Unknown'}, {'duration': 30, 'departure_time': 14760, 'arrival_time': 14790, 'day': 'current_day', 'from_stop_id': 'MH-L-5', 'to_stop_id': 'MH-L-0', 'trip_id': 'walking', 'agency_name': 'Unknown'}, {'duration': 1500, 'departure_time': 16200, 'arrival_time': 17700, 'day': 'current_day', 'from_stop_id': 'MH-L-0', 'to_stop_id': 'MH-R-0', 'trip_id': '0-0-7', 'agency_name': 'Unknown'}, {'duration': 30, 'departure_time': 17700, 'arrival_time': 17730, 'day': 'current_day', 'from_stop_id': 'MH-R-0', 'to_stop_id': 'MH-R-4', 'trip_id': 'walking', 'agency_name': 'Unknown'}, {'duration': 570, 'departure_time': 17940, 'arrival_time': 18510, 'day': 'current_day', 'from_stop_id': 'MH-R-4', 'to_stop_id': '156-4', 'trip_id': '9-1-24', 'agency_name': 'Unknown'}]}"
38,173,6360,inter,left,294,[38],[181],0,0,500,375,6360,6420.0,9390.0,9450.0,2970.0,4.0,38,181,,,pt,3465.0,9825.0,3465.0,"{'duration': 2970, 'source_transfer_time': 0, 'waiting_time': 330, 'trip_time': 2640, 'num_transfers': 4, 'departure_time': 6420, 'departure_day': 'current_day', 'arrival_time': 9390, 'arrival_day': 'current_day', 'steps': [{'duration': 210, 'departure_time': 6750, 'arrival_time': 6960, 'day': 'current_day', 'from_stop_id': '38-2', 'to_stop_id': 'MH-L-2', 'trip_id': '2-1-6', 'agency_name': 'Unknown'}, {'duration': 30, 'departure_time': 6960, 'arrival_time': 6990, 'day': 'current_day', 'from_stop_id': 'MH-L-2', 'to_stop_id': 'MH-L-0', 'trip_id': 'walking', 'agency_name': 'Unknown'}, {'duration': 1500, 'departure_time': 7200, 'arrival_time': 8700, 'day': 'current_day', 'from_stop_id': 'MH-L-0', 'to_stop_id': 'MH-R-0', 'trip_id': '0-0-2', 'agency_name': 'Unknown'}, {'duration': 30, 'departure_time': 8700, 'arrival_time': 8730, 'day': 'current_day', 'from_stop_id': 'MH-R-0', 'to_stop_id': 'MH-R-1', 'trip_id': 'walking', 'agency_name': 'Unknown'}, {'duration': 450, 'departure_time': 8940, 'arrival_time': 9390, 'day': 'current_day', 'from_stop_id': 'MH-R-1', 'to_stop_id': '181-1', 'trip_id': '3-0-9', 'agency_name': 'Unknown'}]}"
31,137,6420,inter,left,295,[20; 30],[137],500,375,0,0,6795,6855.0,11190.0,11250.0,4335.0,4.0,20,137,,,pt,4830.0,11250.0,4830.0,"{'duration': 4335, 'source_transfer_time': 0, 'waiting_time': 375, 'trip_time': 3960, 'num_transfers': 4, 'departure_time': 6855, 'departure_day': 'current_day', 'arrival_time': 11190, 'arrival_day': 'current_day', 'steps': [{'duration': 930, 'departure_time': 7230, 'arrival_time': 8160, 'day': 'current_day', 'from_stop_id': '20-5', 'to_stop_id': 'MH-L-5', 'trip_id': '8-0-8', 'agency_name': 'Unknown'}, {'duration': 30, 'departure_time': 8160, 'arrival_time': 8190, 'day': 'current_day', 'from_stop_id': 'MH-L-5', 'to_stop_id': 'MH-L-0', 'trip_id': 'walking', 'agency_name': 'Unknown'}, {'duration': 1500, 'departure_time': 9000, 'arrival_time': 10500, 'day': 'current_day', 'from_stop_id': 'MH-L-0', 'to_stop_id': 'MH-R-0', 'trip_id': '0-0-3', 'agency_name': 'Unknown'}, {'duration': 30, 'departure_time': 10500, 'arrival_time': 10530, 'day': 'current_day', 'from_stop_id': 'MH-R-0', 'to_stop_id': 'MH-R-2', 'trip_id': 'walking', 'agency_name': 'Unknown'}, {'duration': 450, 'departure_time': 10740, 'arrival_time': 11190, 'day': 'current_day', 'from_stop_id': 'MH-R-2', 'to_stop_id': '137-2', 'trip_id': '4-0-12', 'agency_name': 'Unknown'}]}"
25,150,5010,inter,left,296,[24; 36],[150],500,375,0,0,5385,5445.0,9510.0,9570.0,4065.0,4.0,24,150,,,pt,4560.0,9570.0,4560.0,"{'duration': 4065, 'source_transfer_time': 0, 'waiting_time': 225, 'trip_time': 3840, 'num_transfers': 4, 'departure_time': 5445, 'departure_day': 'current_day', 'arrival_time': 9510, 'arrival_day': 'current_day', 'steps': [{'duration': 690, 'departure_time': 5670, 'arrival_time': 6360, 'day': 'current_day', 'from_stop_id': '24-4', 'to_stop_id': 'MH-L-4', 'trip_id': '7-0-5', 'agency_name': 'Unknown'}, {'duration': 30, 'departure_time': 6360, 'arrival_time': 6390, 'day': 'current_day', 'from_stop_id': 'MH-L-4', 'to_stop_id': 'MH-L-0', 'trip_id': 'walking', 'agency_name': 'Unknown'}, {'duration': 1500, 'departure_time': 7200, 'arrival_time': 8700, 'day': 'current_day', 'from_stop_id': 'MH-L-0', 'to_stop_id': 'MH-R-0', 'trip_id': '0-0-2', 'agency_name': 'Unknown'}, {'duration': 30, 'departure_time': 8700, 'arrival_time': 8730, 'day': 'current_day', 'from_stop_id': 'MH-R-0', 'to_stop_id': 'MH-R-5', 'trip_id': 'walking', 'agency_name': 'Unknown'}, {'duration': 570, 'departure_time': 8940, 'arrival_time': 9510, 'day': 'current_day', 'from_stop_id': 'MH-R-5', 'to_stop_id': '150-5', 'trip_id': '10-1-9', 'agency_name': 'Unknown'}]}"
34,190,9990,inter,left,297,[23; 35],[180; 189; 201],500,375,500,375,10365,10425.0,14670.0,14730.0,4245.0,4.0,23,180,,,pt,5115.0,15105.0,5115.0,"{'duration': 4245, 'source_transfer_time': 0, 'waiting_time': 525, 'trip_time': 3720, 'num_transfers': 4, 'departure_time': 10425, 'departure_day': 'current_day', 'arrival_time': 14670, 'arrival_day': 'current_day', 'steps': [{'duration': 810, 'departure_time': 10950, 'arrival_time': 11760, 'day': 'current_day', 'from_stop_id': '23-4', 'to_stop_id': 'MH-L-4', 'trip_id': '7-0-14', 'agency_name': 'Unknown'}, {'duration': 30, 'departure_time': 11760, 'arrival_time': 11790, 'day': 'current_day', 'from_stop_id': 'MH-L-4', 'to_stop_id': 'MH-L-0', 'trip_id': 'walking', 'agency_name': 'Unknown'}, {'duration': 1500, 'departure_time': 12600, 'arrival_time': 14100, 'day': 'current_day', 'from_stop_id': 'MH-L-0', 'to_stop_id': 'MH-R-0', 'trip_id': '0-0-5', 'agency_name': 'Unknown'}, {'duration': 30, 'departure_time': 14100, 'arrival_time': 14130, 'day': 'current_day', 'from_stop_id': 'MH-R-0', 'to_stop_id': 'MH-R-1', 'trip_id': 'walking', 'agency_name': 'Unknown'}, {'duration': 330, 'departure_time': 14340, 'arrival_time': 14670, 'day': 'current_day', 'from_stop_id': 'MH-R-1', 'to_stop_id': '180-1', 'trip_id': '3-0-18', 'agency_name': 'Unknown'}]}"
46,170,4560,inter,left,298,[35; 47; 56],[170],500,375,0,0,4935,4995.0,9150.0,9210.0,4155.0,4.0,35,170,,,pt,4650.0,9210.0,4650.0,"{'duration': 4155, 'source_transfer_time': 0, 'waiting_time': 195, 'trip_time': 3960, 'num_transfers': 4, 'departure_time': 4995, 'departure_day': 'current_day', 'arrival_time': 9150, 'arrival_day': 'current_day', 'steps': [{'duration': 570, 'departure_time': 5190, 'arrival_time': 5760, 'day': 'current_day', 'from_stop_id': '35-4', 'to_stop_id': 'MH-L-4', 'trip_id': '7-0-4', 'agency_name': 'Unknown'}, {'duration': 30, 'departure_time': 5760, 'arrival_time': 5790, 'day': 'current_day', 'from_stop_id': 'MH-L-4', 'to_stop_id': 'MH-L-0', 'trip_id': 'walking', 'agency_name': 'Unknown'}, {'duration': 1500, 'departure_time': 7200, 'arrival_time': 8700, 'day': 'current_day', 'from_stop_id': 'MH-L-0', 'to_stop_id': 'MH-R-0', 'trip_id': '0-0-2', 'agency_name': 'Unknown'}, {'duration': 30, 'departure_time': 8700, 'arrival_time': 8730, 'day': 'current_day', 'from_stop_id': 'MH-R-0', 'to_stop_id': 'MH-R-5', 'trip_id': 'walking', 'agency_name': 'Unknown'}, {'duration': 210, 'departure_time': 8940, 'arrival_time': 9150, 'day': 'current_day', 'from_stop_id': 'MH-R-5', 'to_stop_id': '170-5', 'trip_id': '10-1-9', 'agency_name': 'Unknown'}]}"
101,143,9750,inter,left,299,[79; 91; 99; 103],[132; 144],1000,751,500,375,10501,10561.0,15150.0,15210.0,4589.0,4.0,79,144,,,pt,5835.0,15585.0,5835.0,"{'duration': 4589, 'source_transfer_time': 0, 'waiting_time': 149, 'trip_time': 4440, 'num_transfers': 4, 'departure_time': 10561, 'departure_day': 'current_day', 'arrival_time': 15150, 'arrival_day': 'current_day', 'steps': [{'duration': 450, 'departure_time': 10710, 'arrival_time': 11160, 'day': 'current_day', 'from_stop_id': '79-4', 'to_stop_id': 'MH-L-4', 'trip_id': '7-1-13', 'agency_name': 'Unknown'}, {'duration': 30, 'departure_time': 11160, 'arrival_time': 11190, 'day': 'current_day', 'from_stop_id': 'MH-L-4', 'to_stop_id': 'MH-L-0', 'trip_id': 'walking', 'agency_name': 'Unknown'}, {'duration': 1500, 'departure_time': 12600, 'arrival_time': 14100, 'day': 'current_day', 'from_stop_id': 'MH-L-0', 'to_stop_id': 'MH-R-0', 'trip_id': '0-0-5', 'agency_name': 'Unknown'}, {'duration': 30, 'departure_time': 14100, 'arrival_time': 14130, 'day': 'current_day', 'from_stop_id': 'MH-R-0', 'to_stop_id': 'MH-R-4', 'trip_id': 'walking', 'agency_name': 'Unknown'}, {'duration': 810, 'departure_time': 14340, 'arrival_time': 15150, 'day': 'current_day', 'from_stop_id': 'MH-R-4', 'to_stop_id': '144-4', 'trip_id': '9-1-18', 'agency_name': 'Unknown'}]}"
25,170,8070,inter,left,300,[24; 36],[170],500,375,0,0,8445,8505.0,12750.0,12810.0,4245.0,4.0,24,170,,,pt,4740.0,12810.0,4740.0,"{'duration': 4245, 'source_transfer_time': 0, 'waiting_time': 165, 'trip_time': 4080, 'num_transfers': 4, 'departure_time': 8505, 'departure_day': 'current_day', 'arrival_time': 12750, 'arrival_day': 'current_day', 'steps': [{'duration': 690, 'departure_time': 8670, 'arrival_time': 9360, 'day': 'current_day', 'from_stop_id': '24-4', 'to_stop_id': 'MH-L-4', 'trip_id': '7-0-10', 'agency_name': 'Unknown'}, {'duration': 30, 'departure_time': 9360, 'arrival_time': 9390, 'day': 'current_day', 'from_stop_id': 'MH-L-4', 'to_stop_id': 'MH-L-0', 'trip_id': 'walking', 'agency_name': 'Unknown'}, {'duration': 1500, 'departure_time': 10800, 'arrival_time': 12300, 'day': 'current_day', 'from_stop_id': 'MH-L-0', 'to_stop_id': 'MH-R-0', 'trip_id': '0-0-4', 'agency_name': 'Unknown'}, {'duration': 30, 'departure_time': 12300, 'arrival_time': 12330, 'day': 'current_day', 'from_stop_id': 'MH-R-0', 'to_stop_id': 'MH-R-5', 'trip_id': 'walking', 'agency_name': 'Unknown'}, {'duration': 210, 'departure_time': 12540, 'arrival_time': 12750, 'day': 'current_day', 'from_stop_id': 'MH-R-5', 'to_stop_id': '170-5', 'trip_id': '10-1-15', 'agency_name': 'Unknown'}]}"
6,187,14250,inter,left,301,[5],[187],500,375,0,0,14625,14685.0,18150.0,18210.0,3465.0,4.0,5,187,,,pt,3960.0,18210.0,3960.0,"{'duration': 3465, 'source_transfer_time': 0, 'waiting_time': 105, 'trip_time': 3360, 'num_transfers': 4, 'departure_time': 14685, 'departure_day': 'current_day', 'arrival_time': 18150, 'arrival_day': 'current_day', 'steps': [{'duration': 570, 'departure_time': 14790, 'arrival_time': 15360, 'day': 'current_day', 'from_stop_id': '5-2', 'to_stop_id': 'MH-L-2', 'trip_id': '2-1-20', 'agency_name': 'Unknown'}, {'duration': 30, 'departure_time': 15360, 'arrival_time': 15390, 'day': 'current_day', 'from_stop_id': 'MH-L-2', 'to_stop_id': 'MH-L-0', 'trip_id': 'walking', 'agency_name': 'Unknown'}, {'duration': 1500, 'departure_time': 16200, 'arrival_time': 17700, 'day': 'current_day', 'from_stop_id': 'MH-L-0', 'to_stop_id': 'MH-R-0', 'trip_id': '0-0-7', 'agency_name': 'Unknown'}, {'duration': 30, 'departure_time': 17700, 'arrival_time': 17730, 'day': 'current_day', 'from_stop_id': 'MH-R-0', 'to_stop_id': 'MH-R-5', 'trip_id': 'walking', 'agency_name': 'Unknown'}, {'duration': 210, 'departure_time': 17940, 'arrival_time': 18150, 'day': 'current_day', 'from_stop_id': 'MH-R-5', 'to_stop_id': '187-5', 'trip_id': '10-0-24', 'agency_name': 'Unknown'}]}"
18,147,5640,inter,left,302,[19; 29],[148],500,375,500,375,6015,6075.0,9270.0,9330.0,3195.0,4.0,19,148,,,pt,4065.0,9705.0,4065.0,"{'duration': 3195, 'source_transfer_time': 0, 'waiting_time': 75, 'trip_time': 3120, 'num_transfers': 4, 'departure_time': 6075, 'departure_day': 'current_day', 'arrival_time': 9270, 'arrival_day': 'current_day', 'steps': [{'duration': 810, 'departure_time': 6150, 'arrival_time': 6960, 'day': 'current_day', 'from_stop_id': '19-5', 'to_stop_id': 'MH-L-5', 'trip_id': '8-0-6', 'agency_name': 'Unknown'}, {'duration': 30, 'departure_time': 6960, 'arrival_time': 6990, 'day': 'current_day', 'from_stop_id': 'MH-L-5', 'to_stop_id': 'MH-L-0', 'trip_id': 'walking', 'agency_name': 'Unknown'}, {'duration': 1500, 'departure_time': 7200, 'arrival_time': 8700, 'day': 'current_day', 'from_stop_id': 'MH-L-0', 'to_stop_id': 'MH-R-0', 'trip_id': '0-0-2', 'agency_name': 'Unknown'}, {'duration': 30, 'departure_time': 8700, 'arrival_time': 8730, 'day': 'current_day', 'from_stop_id': 'MH-R-0', 'to_stop_id': 'MH-R-2', 'trip_id': 'walking', 'agency_name': 'Unknown'}, {'duration': 330, 'departure_time': 8940, 'arrival_time': 9270, 'day': 'current_day', 'from_stop_id': 'MH-R-2', 'to_stop_id': '148-2', 'trip_id': '4-0-9', 'agency_name': 'Unknown'}]}"
91,133,5670,inter,left,303,[91],[133],0,0,0,0,5670,5730.0,9870.0,9930.0,4140.0,4.0,91,133,,,pt,4260.0,9930.0,4260.0,"{'duration': 4140, 'source_transfer_time': 0, 'waiting_time': 540, 'trip_time': 3600, 'num_transfers': 4, 'departure_time': 5730, 'departure_day': 'current_day', 'arrival_time': 9870, 'arrival_day': 'current_day', 'steps': [{'duration': 690, 'departure_time': 6270, 'arrival_time': 6960, 'day': 'current_day', 'from_stop_id': '91-4', 'to_stop_id': 'MH-L-4', 'trip_id': '7-1-6', 'agency_name': 'Unknown'}, {'duration': 30, 'departure_time': 6960, 'arrival_time': 6990, 'day': 'current_day', 'from_stop_id': 'MH-L-4', 'to_stop_id': 'MH-L-0', 'trip_id': 'walking', 'agency_name': 'Unknown'}, {'duration': 1500, 'departure_time': 7200, 'arrival_time': 8700, 'day': 'current_day', 'from_stop_id': 'MH-L-0', 'to_stop_id': 'MH-R-0', 'trip_id': '0-0-2', 'agency_name': 'Unknown'}, {'duration': 30, 'departure_time': 8700, 'arrival_time': 8730, 'day': 'current_day', 'from_stop_id': 'MH-R-0', 'to_stop_id': 'MH-R-4', 'trip_id': 'walking', 'agency_name': 'Unknown'}, {'duration': 930, 'departure_time': 8940, 'arrival_time': 9870, 'day': 'current_day', 'from_stop_id': 'MH-R-4', 'to_stop_id': '133-4', 'trip_id': '9-1-9', 'agency_name': 'Unknown'}]}"
74,160,5220,inter,left,304,[75; 85],[160],500,375,0,0,5595,5655.0,9270.0,9330.0,3615.0,4.0,75,160,,,pt,4110.0,9330.0,4110.0,"{'duration': 3615, 'source_transfer_time': 0, 'waiting_time': 255, 'trip_time': 3360, 'num_transfers': 4, 'departure_time': 5655, 'departure_day': 'current_day', 'arrival_time': 9270, 'arrival_day': 'current_day', 'steps': [{'duration': 450, 'departure_time': 5910, 'arrival_time': 6360, 'day': 'current_day', 'from_stop_id': '75-5', 'to_stop_id': 'MH-L-5', 'trip_id': '8-1-5', 'agency_name': 'Unknown'}, {'duration': 30, 'departure_time': 6360, 'arrival_time': 6390, 'day': 'current_day', 'from_stop_id': 'MH-L-5', 'to_stop_id': 'MH-L-0', 'trip_id': 'walking', 'agency_name': 'Unknown'}, {'duration': 1500, 'departure_time': 7200, 'arrival_time': 8700, 'day': 'current_day', 'from_stop_id': 'MH-L-0', 'to_stop_id': 'MH-R-0', 'trip_id': '0-0-2', 'agency_name': 'Unknown'}, {'duration': 30, 'departure_time': 8700, 'arrival_time': 8730, 'day': 'current_day', 'from_stop_id': 'MH-R-0', 'to_stop_id': 'MH-R-5', 'trip_id': 'walking', 'agency_name': 'Unknown'}, {'duration': 330, 'departure_time': 8940, 'arrival_time': 9270, 'day': 'current_day', 'from_stop_id': 'MH-R-5', 'to_stop_id': '160-5', 'trip_id': '10-1-9', 'agency_name': 'Unknown'}]}"
35,175,4110,inter,left,305,[35],[175],0,0,0,0,4110,4170.0,7710.0,7770.0,3540.0,4.0,35,175,,,pt,3660.0,7770.0,3660.0,"{'duration': 3540, 'source_transfer_time': 0, 'waiting_time': 420, 'trip_time': 3120, 'num_transfers': 4, 'departure_time': 4170, 'departure_day': 'current_day', 'arrival_time': 7710, 'arrival_day': 'current_day', 'steps': [{'duration': 570, 'departure_time': 4590, 'arrival_time': 5160, 'day': 'current_day', 'from_stop_id': '35-4', 'to_stop_id': 'MH-L-4', 'trip_id': '7-0-3', 'agency_name': 'Unknown'}, {'duration': 30, 'departure_time': 5160, 'arrival_time': 5190, 'day': 'current_day', 'from_stop_id': 'MH-L-4', 'to_stop_id': 'MH-L-0', 'trip_id': 'walking', 'agency_name': 'Unknown'}, {'duration': 1500, 'departure_time': 5400, 'arrival_time': 6900, 'day': 'current_day', 'from_stop_id': 'MH-L-0', 'to_stop_id': 'MH-R-0', 'trip_id': '0-0-1', 'agency_name': 'Unknown'}, {'duration': 30, 'departure_time': 6900, 'arrival_time': 6930, 'day': 'current_day', 'from_stop_id': 'MH-R-0', 'to_stop_id': 'MH-R-1', 'trip_id': 'walking', 'agency_name': 'Unknown'}, {'duration': 570, 'departure_time': 7140, 'arrival_time': 7710, 'day': 'current_day', 'from_stop_id': 'MH-R-1', 'to_stop_id': '175-1', 'trip_id': '3-1-6', 'agency_name': 'Unknown'}]}"
77,233,6210,inter,left,306,[77],[231],0,0,1000,751,6210,6270.0,9510.0,9570.0,3240.0,4.0,77,231,,,pt,4111.0,10321.0,4111.0,"{'duration': 3240, 'source_transfer_time': 0, 'waiting_time': 480, 'trip_time': 2760, 'num_transfers': 4, 'departure_time': 6270, 'departure_day': 'current_day', 'arrival_time': 9510, 'arrival_day': 'current_day', 'steps': [{'duration': 210, 'departure_time': 6750, 'arrival_time': 6960, 'day': 'current_day', 'from_stop_id': '77-2', 'to_stop_id': 'MH-L-2', 'trip_id': '2-0-6', 'agency_name': 'Unknown'}, {'duration': 30, 'departure_time': 6960, 'arrival_time': 6990, 'day': 'current_day', 'from_stop_id': 'MH-L-2', 'to_stop_id': 'MH-L-0', 'trip_id': 'walking', 'agency_name': 'Unknown'}, {'duration': 1500, 'departure_time': 7200, 'arrival_time': 8700, 'day': 'current_day', 'from_stop_id': 'MH-L-0', 'to_stop_id': 'MH-R-0', 'trip_id': '0-0-2', 'agency_name': 'Unknown'}, {'duration': 30, 'departure_time': 8700, 'arrival_time': 8730, 'day': 'current_day', 'from_stop_id': 'MH-R-0', 'to_stop_id': 'MH-R-2', 'trip_id': 'walking', 'agency_name': 'Unknown'}, {'duration': 570, 'departure_time': 8940, 'arrival_time': 9510, 'day': 'current_day', 'from_stop_id': 'MH-R-2', 'to_stop_id': '231-2', 'trip_id': '4-1-9', 'agency_name': 'Unknown'}]}"
50,134,12030,inter,left,307,[40; 49; 58],[133; 145],500,375,500,375,12405,12465.0,16830.0,16890.0,4365.0,4.0,40,145,,,pt,5235.0,17265.0,5235.0,"{'duration': 4365, 'source_transfer_time': 0, 'waiting_time': 45, 'trip_time': 4320, 'num_transfers': 4, 'departure_time': 12465, 'departure_day': 'current_day', 'arrival_time': 16830, 'arrival_day': 'current_day', 'steps': [{'duration': 450, 'departure_time': 12510, 'arrival_time': 12960, 'day': 'current_day', 'from_stop_id': '40-5', 'to_stop_id': 'MH-L-5', 'trip_id': '8-0-16', 'agency_name': 'Unknown'}, {'duration': 30, 'departure_time': 12960, 'arrival_time': 12990, 'day': 'current_day', 'from_stop_id': 'MH-L-5', 'to_stop_id': 'MH-L-0', 'trip_id': 'walking', 'agency_name': 'Unknown'}, {'duration': 1500, 'departure_time': 14400, 'arrival_time': 15900, 'day': 'current_day', 'from_stop_id': 'MH-L-0', 'to_stop_id': 'MH-R-0', 'trip_id': '0-0-6', 'agency_name': 'Unknown'}, {'duration': 30, 'departure_time': 15900, 'arrival_time': 15930, 'day': 'current_day', 'from_stop_id': 'MH-R-0', 'to_stop_id': 'MH-R-4', 'trip_id': 'walking', 'agency_name': 'Unknown'}, {'duration': 690, 'departure_time': 16140, 'arrival_time': 16830, 'day': 'current_day', 'from_stop_id': 'MH-R-4', 'to_stop_id': '145-4', 'trip_id': '9-1-21', 'agency_name': 'Unknown'}]}"
27,231,8580,inter,left,308,[27],[231],0,0,0,0,8580,8640.0,13110.0,13170.0,4470.0,4.0,27,231,,,pt,4590.0,13170.0,4590.0,"{'duration': 4470, 'source_transfer_time': 0, 'waiting_time': 390, 'trip_time': 4080, 'num_transfers': 4, 'departure_time': 8640, 'departure_day': 'current_day', 'arrival_time': 13110, 'arrival_day': 'current_day', 'steps': [{'duration': 330, 'departure_time': 9030, 'arrival_time': 9360, 'day': 'current_day', 'from_stop_id': '27-2', 'to_stop_id': 'MH-L-2', 'trip_id': '2-1-10', 'agency_name': 'Unknown'}, {'duration': 30, 'departure_time': 9360, 'arrival_time': 9390, 'day': 'current_day', 'from_stop_id': 'MH-L-2', 'to_stop_id': 'MH-L-0', 'trip_id': 'walking', 'agency_name': 'Unknown'}, {'duration': 1500, 'departure_time': 10800, 'arrival_time': 12300, 'day': 'current_day', 'from_stop_id': 'MH-L-0', 'to_stop_id': 'MH-R-0', 'trip_id': '0-0-4', 'agency_name': 'Unknown'}, {'duration': 30, 'departure_time': 12300, 'arrival_time': 12330, 'day': 'current_day', 'from_stop_id': 'MH-R-0', 'to_stop_id': 'MH-R-2', 'trip_id': 'walking', 'agency_name': 'Unknown'}, {'duration': 570, 'departure_time': 12540, 'arrival_time': 13110, 'day': 'current_day', 'from_stop_id': 'MH-R-2', 'to_stop_id': '231-2', 'trip_id': '4-1-15', 'agency_name': 'Unknown'}]}"
60,216,12540,inter,left,309,[60],[216],0,0,0,0,12540,12600.0,17070.0,17130.0,4470.0,4.0,60,216,,,pt,4590.0,17130.0,4590.0,"{'duration': 4470, 'source_transfer_time': 0, 'waiting_time': 510, 'trip_time': 3960, 'num_transfers': 4, 'departure_time': 12600, 'departure_day': 'current_day', 'arrival_time': 17070, 'arrival_day': 'current_day', 'steps': [{'duration': 450, 'departure_time': 13110, 'arrival_time': 13560, 'day': 'current_day', 'from_stop_id': '60-1', 'to_stop_id': 'MH-L-1', 'trip_id': '1-1-17', 'agency_name': 'Unknown'}, {'duration': 30, 'departure_time': 13560, 'arrival_time': 13590, 'day': 'current_day', 'from_stop_id': 'MH-L-1', 'to_stop_id': 'MH-L-0', 'trip_id': 'walking', 'agency_name': 'Unknown'}, {'duration': 1500, 'departure_time': 14400, 'arrival_time': 15900, 'day': 'current_day', 'from_stop_id': 'MH-L-0', 'to_stop_id': 'MH-R-0', 'trip_id': '0-0-6', 'agency_name': 'Unknown'}, {'duration': 30, 'departure_time': 15900, 'arrival_time': 15930, 'day': 'current_day', 'from_stop_id': 'MH-R-0', 'to_stop_id': 'MH-R-5', 'trip_id': 'walking', 'agency_name': 'Unknown'}, {'duration': 930, 'departure_time': 16140, 'arrival_time': 17070, 'day': 'current_day', 'from_stop_id': 'MH-R-5', 'to_stop_id': '216-5', 'trip_id': '10-0-21', 'agency_name': 'Unknown'}]}"
99,197,12180,inter,left,310,[99],[197],0,0,0,0,12180,12240.0,16470.0,16530.0,4230.0,4.0,99,197,,,pt,4350.0,16530.0,4350.0,"{'duration': 4230, 'source_transfer_time': 0, 'waiting_time': 270, 'trip_time': 3960, 'num_transfers': 4, 'departure_time': 12240, 'departure_day': 'current_day', 'arrival_time': 16470, 'arrival_day': 'current_day', 'steps': [{'duration': 450, 'departure_time': 12510, 'arrival_time': 12960, 'day': 'current_day', 'from_stop_id': '99-2', 'to_stop_id': 'MH-L-2', 'trip_id': '2-0-16', 'agency_name': 'Unknown'}, {'duration': 30, 'departure_time': 12960, 'arrival_time': 12990, 'day': 'current_day', 'from_stop_id': 'MH-L-2', 'to_stop_id': 'MH-L-0', 'trip_id': 'walking', 'agency_name': 'Unknown'}, {'duration': 1500, 'departure_time': 14400, 'arrival_time': 15900, 'day': 'current_day', 'from_stop_id': 'MH-L-0', 'to_stop_id': 'MH-R-0', 'trip_id': '0-0-6', 'agency_name': 'Unknown'}, {'duration': 30, 'departure_time': 15900, 'arrival_time': 15930, 'day': 'current_day', 'from_stop_id': 'MH-R-0', 'to_stop_id': 'MH-R-5', 'trip_id': 'walking', 'agency_name': 'Unknown'}, {'duration': 330, 'departure_time': 16140, 'arrival_time': 16470, 'day': 'current_day', 'from_stop_id': 'MH-R-5', 'to_stop_id': '197-5', 'trip_id': '10-0-21', 'agency_name': 'Unknown'}]}"
44,138,4110,inter,left,311,[54],[137],500,375,500,375,4485,4545.0,7590.0,7650.0,3045.0,4.0,54,137,,,pt,3915.0,8025.0,3915.0,"{'duration': 3045, 'source_transfer_time': 0, 'waiting_time': 45, 'trip_time': 3000, 'num_transfers': 4, 'departure_time': 4545, 'departure_day': 'current_day', 'arrival_time': 7590, 'arrival_day': 'current_day', 'steps': [{'duration': 570, 'departure_time': 4590, 'arrival_time': 5160, 'day': 'current_day', 'from_stop_id': '54-1', 'to_stop_id': 'MH-L-1', 'trip_id': '1-0-3', 'agency_name': 'Unknown'}, {'duration': 30, 'departure_time': 5160, 'arrival_time': 5190, 'day': 'current_day', 'from_stop_id': 'MH-L-1', 'to_stop_id': 'MH-L-0', 'trip_id': 'walking', 'agency_name': 'Unknown'}, {'duration': 1500, 'departure_time': 5400, 'arrival_time': 6900, 'day': 'current_day', 'from_stop_id': 'MH-L-0', 'to_stop_id': 'MH-R-0', 'trip_id': '0-0-1', 'agency_name': 'Unknown'}, {'duration': 30, 'departure_time': 6900, 'arrival_time': 6930, 'day': 'current_day', 'from_stop_id': 'MH-R-0', 'to_stop_id': 'MH-R-2', 'trip_id': 'walking', 'agency_name': 'Unknown'}, {'duration': 450, 'departure_time': 7140, 'arrival_time': 7590, 'day': 'current_day', 'from_stop_id': 'MH-R-2', 'to_stop_id': '137-2', 'trip_id': '4-0-6', 'agency_name': 'Unknown'}]}"
67,154,4740,inter,left,312,[67],[132; 144; 156; 175],0,0,1000,751,4740,4800.0,7710.0,7770.0,2910.0,4.0,67,156,,,pt,3781.0,8521.0,3781.0,"{'duration': 2910, 'source_transfer_time': 0, 'waiting_time': 150, 'trip_time': 2760, 'num_transfers': 4, 'departure_time': 4800, 'departure_day': 'current_day', 'arrival_time': 7710, 'arrival_day': 'current_day', 'steps': [{'duration': 210, 'departure_time': 4950, 'arrival_time': 5160, 'day': 'current_day', 'from_stop_id': '67-4', 'to_stop_id': 'MH-L-4', 'trip_id': '7-1-3', 'agency_name': 'Unknown'}, {'duration': 30, 'departure_time': 5160, 'arrival_time': 5190, 'day': 'current_day', 'from_stop_id': 'MH-L-4', 'to_stop_id': 'MH-L-0', 'trip_id': 'walking', 'agency_name': 'Unknown'}, {'duration': 1500, 'departure_time': 5400, 'arrival_time': 6900, 'day': 'current_day', 'from_stop_id': 'MH-L-0', 'to_stop_id': 'MH-R-0', 'trip_id': '0-0-1', 'agency_name': 'Unknown'}, {'duration': 30, 'departure_time': 6900, 'arrival_time': 6930, 'day': 'current_day', 'from_stop_id': 'MH-R-0', 'to_stop_id': 'MH-R-4', 'trip_id': 'walking', 'agency_name': 'Unknown'}, {'duration': 570, 'departure_time': 7140, 'arrival_time': 7710, 'day': 'current_day', 'from_stop_id': 'MH-R-4', 'to_stop_id': '156-4', 'trip_id': '9-1-6', 'agency_name': 'Unknown'}]}"
93,145,4650,inter,left,313,[92; 104],[145],500,375,0,0,5025,5085.0,9630.0,9690.0,4545.0,4.0,92,145,,,pt,5040.0,9690.0,5040.0,"{'duration': 4545, 'source_transfer_time': 0, 'waiting_time': 465, 'trip_time': 4080, 'num_transfers': 4, 'departure_time': 5085, 'departure_day': 'current_day', 'arrival_time': 9630, 'arrival_day': 'current_day', 'steps': [{'duration': 810, 'departure_time': 5550, 'arrival_time': 6360, 'day': 'current_day', 'from_stop_id': '92-4', 'to_stop_id': 'MH-L-4', 'trip_id': '7-1-5', 'agency_name': 'Unknown'}, {'duration': 30, 'departure_time': 6360, 'arrival_time': 6390, 'day': 'current_day', 'from_stop_id': 'MH-L-4', 'to_stop_id': 'MH-L-0', 'trip_id': 'walking', 'agency_name': 'Unknown'}, {'duration': 1500, 'departure_time': 7200, 'arrival_time': 8700, 'day': 'current_day', 'from_stop_id': 'MH-L-0', 'to_stop_id': 'MH-R-0', 'trip_id': '0-0-2', 'agency_name': 'Unknown'}, {'duration': 30, 'departure_time': 8700, 'arrival_time': 8730, 'day': 'current_day', 'from_stop_id': 'MH-R-0', 'to_stop_id': 'MH-R-4', 'trip_id': 'walking', 'agency_name': 'Unknown'}, {'duration': 690, 'departure_time': 8940, 'arrival_time': 9630, 'day': 'current_day', 'from_stop_id': 'MH-R-4', 'to_stop_id': '145-4', 'trip_id': '9-1-9', 'agency_name': 'Unknown'}]}"
97,216,6150,inter,left,314,[86; 96],[216],500,375,0,0,6525,6585.0,11670.0,11730.0,5085.0,4.0,86,216,,,pt,5580.0,11730.0,5580.0,"{'duration': 5085, 'source_transfer_time': 0, 'waiting_time': 405, 'trip_time': 4680, 'num_transfers': 4, 'departure_time': 6585, 'departure_day': 'current_day', 'arrival_time': 11670, 'arrival_day': 'current_day', 'steps': [{'duration': 570, 'departure_time': 6990, 'arrival_time': 7560, 'day': 'current_day', 'from_stop_id': '86-5', 'to_stop_id': 'MH-L-5', 'trip_id': '8-1-7', 'agency_name': 'Unknown'}, {'duration': 30, 'departure_time': 7560, 'arrival_time': 7590, 'day': 'current_day', 'from_stop_id': 'MH-L-5', 'to_stop_id': 'MH-L-0', 'trip_id': 'walking', 'agency_name': 'Unknown'}, {'duration': 1500, 'departure_time': 9000, 'arrival_time': 10500, 'day': 'current_day', 'from_stop_id': 'MH-L-0', 'to_stop_id': 'MH-R-0', 'trip_id': '0-0-3', 'agency_name': 'Unknown'}, {'duration': 30, 'departure_time': 10500, 'arrival_time': 10530, 'day': 'current_day', 'from_stop_id': 'MH-R-0', 'to_stop_id': 'MH-R-5', 'trip_id': 'walking', 'agency_name': 'Unknown'}, {'duration': 930, 'departure_time': 10740, 'arrival_time': 11670, 'day': 'current_day', 'from_stop_id': 'MH-R-5', 'to_stop_id': '216-5', 'trip_id': '10-0-12', 'agency_name': 'Unknown'}]}"
50,214,6030,inter,left,315,[40; 49; 58],[213; 225],500,375,500,375,6405,6465.0,9750.0,9810.0,3285.0,4.0,40,213,,,pt,4155.0,10185.0,4155.0,"{'duration': 3285, 'source_transfer_time': 0, 'waiting_time': 45, 'trip_time': 3240, 'num_transfers': 4, 'departure_time': 6465, 'departure_day': 'current_day', 'arrival_time': 9750, 'arrival_day': 'current_day', 'steps': [{'duration': 450, 'departure_time': 6510, 'arrival_time': 6960, 'day': 'current_day', 'from_stop_id': '40-5', 'to_stop_id': 'MH-L-5', 'trip_id': '8-0-6', 'agency_name': 'Unknown'}, {'duration': 30, 'departure_time': 6960, 'arrival_time': 6990, 'day': 'current_day', 'from_stop_id': 'MH-L-5', 'to_stop_id': 'MH-L-0', 'trip_id': 'walking', 'agency_name': 'Unknown'}, {'duration': 1500, 'departure_time': 7200, 'arrival_time': 8700, 'day': 'current_day', 'from_stop_id': 'MH-L-0', 'to_stop_id': 'MH-R-0', 'trip_id': '0-0-2', 'agency_name': 'Unknown'}, {'duration': 30, 'departure_time': 8700, 'arrival_time': 8730, 'day': 'current_day', 'from_stop_id': 'MH-R-0', 'to_stop_id': 'MH-R-4', 'trip_id': 'walking', 'agency_name': 'Unknown'}, {'duration': 810, 'departure_time': 8940, 'arrival_time': 9750, 'day': 'current_day', 'from_stop_id': 'MH-R-4', 'to_stop_id': '213-4', 'trip_id': '9-0-9', 'agency_name': 'Unknown'}]}"
18,224,10800,inter,left,316,[19; 29],[224],500,375,0,0,11175,11235.0,15270.0,15330.0,4035.0,4.0,19,224,,,pt,4530.0,15330.0,4530.0,"{'duration': 4035, 'source_transfer_time': 0, 'waiting_time': 315, 'trip_time': 3720, 'num_transfers': 4, 'departure_time': 11235, 'departure_day': 'current_day', 'arrival_time': 15270, 'arrival_day': 'current_day', 'steps': [{'duration': 810, 'departure_time': 11550, 'arrival_time': 12360, 'day': 'current_day', 'from_stop_id': '19-5', 'to_stop_id': 'MH-L-5', 'trip_id': '8-0-15', 'agency_name': 'Unknown'}, {'duration': 30, 'departure_time': 12360, 'arrival_time': 12390, 'day': 'current_day', 'from_stop_id': 'MH-L-5', 'to_stop_id': 'MH-L-0', 'trip_id': 'walking', 'agency_name': 'Unknown'}, {'duration': 1500, 'departure_time': 12600, 'arrival_time': 14100, 'day': 'current_day', 'from_stop_id': 'MH-L-0', 'to_stop_id': 'MH-R-0', 'trip_id': '0-0-5', 'agency_name': 'Unknown'}, {'duration': 30, 'departure_time': 14100, 'arrival_time': 14130, 'day': 'current_day', 'from_stop_id': 'MH-R-0', 'to_stop_id': 'MH-R-4', 'trip_id': 'walking', 'agency_name': 'Unknown'}, {'duration': 930, 'departure_time': 14340, 'arrival_time': 15270, 'day': 'current_day', 'from_stop_id': 'MH-R-4', 'to_stop_id': '224-4', 'trip_id': '9-0-18', 'agency_name': 'Unknown'}]}"
39,124,5580,inter,left,317,[39],[126],0,0,1000,751,5580,5640.0,9510.0,9570.0,3870.0,4.0,39,126,,,pt,4741.0,10321.0,4741.0,"{'duration': 3870, 'source_transfer_time': 0, 'waiting_time': 390, 'trip_time': 3480, 'num_transfers': 4, 'departure_time': 5640, 'departure_day': 'current_day', 'arrival_time': 9510, 'arrival_day': 'current_day', 'steps': [{'duration': 330, 'departure_time': 6030, 'arrival_time': 6360, 'day': 'current_day', 'from_stop_id': '39-5', 'to_stop_id': 'MH-L-5', 'trip_id': '8-0-5', 'agency_name': 'Unknown'}, {'duration': 30, 'departure_time': 6360, 'arrival_time': 6390, 'day': 'current_day', 'from_stop_id': 'MH-L-5', 'to_stop_id': 'MH-L-0', 'trip_id': 'walking', 'agency_name': 'Unknown'}, {'duration': 1500, 'departure_time': 7200, 'arrival_time': 8700, 'day': 'current_day', 'from_stop_id': 'MH-L-0', 'to_stop_id': 'MH-R-0', 'trip_id': '0-0-2', 'agency_name': 'Unknown'}, {'duration': 30, 'departure_time': 8700, 'arrival_time': 8730, 'day': 'current_day', 'from_stop_id': 'MH-R-0', 'to_stop_id': 'MH-R-2', 'trip_id': 'walking', 'agency_name': 'Unknown'}, {'duration': 570, 'departure_time': 8940, 'arrival_time': 9510, 'day': 'current_day', 'from_stop_id': 'MH-R-2', 'to_stop_id': '126-2', 'trip_id': '4-0-9', 'agency_name': 'Unknown'}]}"
41,224,4050,inter,left,318,[30; 40],[224],500,375,0,0,4425,4485.0,8070.0,8130.0,3585.0,4.0,40,224,,,pt,4080.0,8130.0,4080.0,"{'duration': 3585, 'source_transfer_time': 0, 'waiting_time': 225, 'trip_time': 3360, 'num_transfers': 4, 'departure_time': 4485, 'departure_day': 'current_day', 'arrival_time': 8070, 'arrival_day': 'current_day', 'steps': [{'duration': 450, 'departure_time': 4710, 'arrival_time': 5160, 'day': 'current_day', 'from_stop_id': '40-5', 'to_stop_id': 'MH-L-5', 'trip_id': '8-0-3', 'agency_name': 'Unknown'}, {'duration': 30, 'departure_time': 5160, 'arrival_time': 5190, 'day': 'current_day', 'from_stop_id': 'MH-L-5', 'to_stop_id': 'MH-L-0', 'trip_id': 'walking', 'agency_name': 'Unknown'}, {'duration': 1500, 'departure_time': 5400, 'arrival_time': 6900, 'day': 'current_day', 'from_stop_id': 'MH-L-0', 'to_stop_id': 'MH-R-0', 'trip_id': '0-0-1', 'agency_name': 'Unknown'}, {'duration': 30, 'departure_time': 6900, 'arrival_time': 6930, 'day': 'current_day', 'from_stop_id': 'MH-R-0', 'to_stop_id': 'MH-R-4', 'trip_id': 'walking', 'agency_name': 'Unknown'}, {'duration': 930, 'departure_time': 7140, 'arrival_time': 8070, 'day': 'current_day', 'from_stop_id': 'MH-R-4', 'to_stop_id': '224-4', 'trip_id': '9-0-6', 'agency_name': 'Unknown'}]}"
5,156,13410,inter,left,319,[5],[156],0,0,0,0,13410,13470.0,16710.0,16770.0,3240.0,4.0,5,156,,,pt,3360.0,16770.0,3360.0,"{'duration': 3240, 'source_transfer_time': 0, 'waiting_time': 120, 'trip_time': 3120, 'num_transfers': 4, 'departure_time': 13470, 'departure_day': 'current_day', 'arrival_time': 16710, 'arrival_day': 'current_day', 'steps': [{'duration': 570, 'departure_time': 13590, 'arrival_time': 14160, 'day': 'current_day', 'from_stop_id': '5-2', 'to_stop_id': 'MH-L-2', 'trip_id': '2-1-18', 'agency_name': 'Unknown'}, {'duration': 30, 'departure_time': 14160, 'arrival_time': 14190, 'day': 'current_day', 'from_stop_id': 'MH-L-2', 'to_stop_id': 'MH-L-0', 'trip_id': 'walking', 'agency_name': 'Unknown'}, {'duration': 1500, 'departure_time': 14400, 'arrival_time': 15900, 'day': 'current_day', 'from_stop_id': 'MH-L-0', 'to_stop_id': 'MH-R-0', 'trip_id': '0-0-6', 'agency_name': 'Unknown'}, {'duration': 30, 'departure_time': 15900, 'arrival_time': 15930, 'day': 'current_day', 'from_stop_id': 'MH-R-0', 'to_stop_id': 'MH-R-4', 'trip_id': 'walking', 'agency_name': 'Unknown'}, {'duration': 570, 'departure_time': 16140, 'arrival_time': 16710, 'day': 'current_day', 'from_stop_id': 'MH-R-4', 'to_stop_id': '156-4', 'trip_id': '9-1-21', 'agency_name': 'Unknown'}]}"
91,168,11760,inter,left,320,[91],[168],0,0,0,0,11760,11820.0,16470.0,16530.0,4650.0,4.0,91,168,,,pt,4770.0,16530.0,4770.0,"{'duration': 4650, 'source_transfer_time': 0, 'waiting_time': 450, 'trip_time': 4200, 'num_transfers': 4, 'departure_time': 11820, 'departure_day': 'current_day', 'arrival_time': 16470, 'arrival_day': 'current_day', 'steps': [{'duration': 690, 'departure_time': 12270, 'arrival_time': 12960, 'day': 'current_day', 'from_stop_id': '91-4', 'to_stop_id': 'MH-L-4', 'trip_id': '7-1-16', 'agency_name': 'Unknown'}, {'duration': 30, 'departure_time': 12960, 'arrival_time': 12990, 'day': 'current_day', 'from_stop_id': 'MH-L-4', 'to_stop_id': 'MH-L-0', 'trip_id': 'walking', 'agency_name': 'Unknown'}, {'duration': 1500, 'departure_time': 14400, 'arrival_time': 15900, 'day': 'current_day', 'from_stop_id': 'MH-L-0', 'to_stop_id': 'MH-R-0', 'trip_id': '0-0-6', 'agency_name': 'Unknown'}, {'duration': 30, 'departure_time': 15900, 'arrival_time': 15930, 'day': 'current_day', 'from_stop_id': 'MH-R-0', 'to_stop_id': 'MH-R-4', 'trip_id': 'walking', 'agency_name': 'Unknown'}, {'duration': 330, 'departure_time': 16140, 'arrival_time': 16470, 'day': 'current_day', 'from_stop_id': 'MH-R-4', 'to_stop_id': '168-4', 'trip_id': '9-1-21', 'agency_name': 'Unknown'}]}"
66,190,4050,inter,left,321,[66],[180; 189; 201],0,0,500,375,4050,4110.0,7470.0,7530.0,3360.0,4.0,66,180,,,pt,3855.0,7905.0,3855.0,"{'duration': 3360, 'source_transfer_time': 0, 'waiting_time': 240, 'trip_time': 3120, 'num_transfers': 4, 'departure_time': 4110, 'departure_day': 'current_day', 'arrival_time': 7470, 'arrival_day': 'current_day', 'steps': [{'duration': 210, 'departure_time': 4350, 'arrival_time': 4560, 'day': 'current_day', 'from_stop_id': '66-5', 'to_stop_id': 'MH-L-5', 'trip_id': '8-1-2', 'agency_name': 'Unknown'}, {'duration': 30, 'departure_time': 4560, 'arrival_time': 4590, 'day': 'current_day', 'from_stop_id': 'MH-L-5', 'to_stop_id': 'MH-L-0', 'trip_id': 'walking', 'agency_name': 'Unknown'}, {'duration': 1500, 'departure_time': 5400, 'arrival_time': 6900, 'day': 'current_day', 'from_stop_id': 'MH-L-0', 'to_stop_id': 'MH-R-0', 'trip_id': '0-0-1', 'agency_name': 'Unknown'}, {'duration': 30, 'departure_time': 6900, 'arrival_time': 6930, 'day': 'current_day', 'from_stop_id': 'MH-R-0', 'to_stop_id': 'MH-R-1', 'trip_id': 'walking', 'agency_name': 'Unknown'}, {'duration': 330, 'departure_time': 7140, 'arrival_time': 7470, 'day': 'current_day', 'from_stop_id': 'MH-R-1', 'to_stop_id': '180-1', 'trip_id': '3-0-6', 'agency_name': 'Unknown'}]}"
6,124,9360,inter,left,322,[5],[126],500,375,1000,751,9735,9795.0,13110.0,13170.0,3315.0,4.0,5,126,,,pt,4561.0,13921.0,4561.0,"{'duration': 3315, 'source_transfer_time': 0, 'waiting_time': 195, 'trip_time': 3120, 'num_transfers': 4, 'departure_time': 9795, 'departure_day': 'current_day', 'arrival_time': 13110, 'arrival_day': 'current_day', 'steps': [{'duration': 570, 'departure_time': 9990, 'arrival_time': 10560, 'day': 'current_day', 'from_stop_id': '5-2', 'to_stop_id': 'MH-L-2', 'trip_id': '2-1-12', 'agency_name': 'Unknown'}, {'duration': 30, 'departure_time': 10560, 'arrival_time': 10590, 'day': 'current_day', 'from_stop_id': 'MH-L-2', 'to_stop_id': 'MH-L-0', 'trip_id': 'walking', 'agency_name': 'Unknown'}, {'duration': 1500, 'departure_time': 10800, 'arrival_time': 12300, 'day': 'current_day', 'from_stop_id': 'MH-L-0', 'to_stop_id': 'MH-R-0', 'trip_id': '0-0-4', 'agency_name': 'Unknown'}, {'duration': 30, 'departure_time': 12300, 'arrival_time': 12330, 'day': 'current_day', 'from_stop_id': 'MH-R-0', 'to_stop_id': 'MH-R-2', 'trip_id': 'walking', 'agency_name': 'Unknown'}, {'duration': 570, 'departure_time': 12540, 'arrival_time': 13110, 'day': 'current_day', 'from_stop_id': 'MH-R-2', 'to_stop_id': '126-2', 'trip_id': '4-0-15', 'agency_name': 'Unknown'}]}"
60,161,12810,inter,left,323,[60],[161],0,0,0,0,12810,12870.0,16590.0,16650.0,3720.0,4.0,60,161,,,pt,3840.0,16650.0,3840.0,"{'duration': 3720, 'source_transfer_time': 0, 'waiting_time': 240, 'trip_time': 3480, 'num_transfers': 4, 'departure_time': 12870, 'departure_day': 'current_day', 'arrival_time': 16590, 'arrival_day': 'current_day', 'steps': [{'duration': 450, 'departure_time': 13110, 'arrival_time': 13560, 'day': 'current_day', 'from_stop_id': '60-1', 'to_stop_id': 'MH-L-1', 'trip_id': '1-1-17', 'agency_name': 'Unknown'}, {'duration': 30, 'departure_time': 13560, 'arrival_time': 13590, 'day': 'current_day', 'from_stop_id': 'MH-L-1', 'to_stop_id': 'MH-L-0', 'trip_id': 'walking', 'agency_name': 'Unknown'}, {'duration': 1500, 'departure_time': 14400, 'arrival_time': 15900, 'day': 'current_day', 'from_stop_id': 'MH-L-0', 'to_stop_id': 'MH-R-0', 'trip_id': '0-0-6', 'agency_name': 'Unknown'}, {'duration': 30, 'departure_time': 15900, 'arrival_time': 15930, 'day': 'current_day', 'from_stop_id': 'MH-R-0', 'to_stop_id': 'MH-R-5', 'trip_id': 'walking', 'agency_name': 'Unknown'}, {'duration': 450, 'departure_time': 16140, 'arrival_time': 16590, 'day': 'current_day', 'from_stop_id': 'MH-R-5', 'to_stop_id': '161-5', 'trip_id': '10-1-21', 'agency_name': 'Unknown'}]}"
73,191,9360,inter,left,324,[55; 75; 85; 95],[181],1000,751,500,375,10111,10171.0,14790.0,14850.0,4619.0,4.0,55,181,,,pt,5865.0,15225.0,5865.0,"{'duration': 4619, 'source_transfer_time': 0, 'waiting_time': 539, 'trip_time': 4080, 'num_transfers': 4, 'departure_time': 10171, 'departure_day': 'current_day', 'arrival_time': 14790, 'arrival_day': 'current_day', 'steps': [{'duration': 450, 'departure_time': 10710, 'arrival_time': 11160, 'day': 'current_day', 'from_stop_id': '55-1', 'to_stop_id': 'MH-L-1', 'trip_id': '1-0-13', 'agency_name': 'Unknown'}, {'duration': 30, 'departure_time': 11160, 'arrival_time': 11190, 'day': 'current_day', 'from_stop_id': 'MH-L-1', 'to_stop_id': 'MH-L-0', 'trip_id': 'walking', 'agency_name': 'Unknown'}, {'duration': 1500, 'departure_time': 12600, 'arrival_time': 14100, 'day': 'current_day', 'from_stop_id': 'MH-L-0', 'to_stop_id': 'MH-R-0', 'trip_id': '0-0-5', 'agency_name': 'Unknown'}, {'duration': 30, 'departure_time': 14100, 'arrival_time': 14130, 'day': 'current_day', 'from_stop_id': 'MH-R-0', 'to_stop_id': 'MH-R-1', 'trip_id': 'walking', 'agency_name': 'Unknown'}, {'duration': 450, 'departure_time': 14340, 'arrival_time': 14790, 'day': 'current_day', 'from_stop_id': 'MH-R-1', 'to_stop_id': '181-1', 'trip_id': '3-0-18', 'agency_name': 'Unknown'}]}"
103,224,13260,inter,left,325,[103],[224],0,0,0,0,13260,13320.0,18870.0,18930.0,5550.0,4.0,103,224,,,pt,5670.0,18930.0,5670.0,"{'duration': 5550, 'source_transfer_time': 0, 'waiting_time': 510, 'trip_time': 5040, 'num_transfers': 4, 'departure_time': 13320, 'departure_day': 'current_day', 'arrival_time': 18870, 'arrival_day': 'current_day', 'steps': [{'duration': 930, 'departure_time': 13830, 'arrival_time': 14760, 'day': 'current_day', 'from_stop_id': '103-4', 'to_stop_id': 'MH-L-4', 'trip_id': '7-1-19', 'agency_name': 'Unknown'}, {'duration': 30, 'departure_time': 14760, 'arrival_time': 14790, 'day': 'current_day', 'from_stop_id': 'MH-L-4', 'to_stop_id': 'MH-L-0', 'trip_id': 'walking', 'agency_name': 'Unknown'}, {'duration': 1500, 'departure_time': 16200, 'arrival_time': 17700, 'day': 'current_day', 'from_stop_id': 'MH-L-0', 'to_stop_id': 'MH-R-0', 'trip_id': '0-0-7', 'agency_name': 'Unknown'}, {'duration': 30, 'departure_time': 17700, 'arrival_time': 17730, 'day': 'current_day', 'from_stop_id': 'MH-R-0', 'to_stop_id': 'MH-R-4', 'trip_id': 'walking', 'agency_name': 'Unknown'}, {'duration': 930, 'departure_time': 17940, 'arrival_time': 18870, 'day': 'current_day', 'from_stop_id': 'MH-R-4', 'to_stop_id': '224-4', 'trip_id': '9-0-24', 'agency_name': 'Unknown'}]}"
34,176,6990,inter,left,326,[23; 35],[176],500,375,0,0,7365,7425.0,11190.0,11250.0,3765.0,4.0,23,176,,,pt,4260.0,11250.0,4260.0,"{'duration': 3765, 'source_transfer_time': 0, 'waiting_time': 525, 'trip_time': 3240, 'num_transfers': 4, 'departure_time': 7425, 'departure_day': 'current_day', 'arrival_time': 11190, 'arrival_day': 'current_day', 'steps': [{'duration': 810, 'departure_time': 7950, 'arrival_time': 8760, 'day': 'current_day', 'from_stop_id': '23-4', 'to_stop_id': 'MH-L-4', 'trip_id': '7-0-9', 'agency_name': 'Unknown'}, {'duration': 30, 'departure_time': 8760, 'arrival_time': 8790, 'day': 'current_day', 'from_stop_id': 'MH-L-4', 'to_stop_id': 'MH-L-0', 'trip_id': 'walking', 'agency_name': 'Unknown'}, {'duration': 1500, 'departure_time': 9000, 'arrival_time': 10500, 'day': 'current_day', 'from_stop_id': 'MH-L-0', 'to_stop_id': 'MH-R-0', 'trip_id': '0-0-3', 'agency_name': 'Unknown'}, {'duration': 30, 'departure_time': 10500, 'arrival_time': 10530, 'day': 'current_day', 'from_stop_id': 'MH-R-0', 'to_stop_id': 'MH-R-1', 'trip_id': 'walking', 'agency_name': 'Unknown'}, {'duration': 450, 'departure_time': 10740, 'arrival_time': 11190, 'day': 'current_day', 'from_stop_id': 'MH-R-1', 'to_stop_id': '176-1', 'trip_id': '3-1-12', 'agency_name': 'Unknown'}]}"
93,152,9540,inter,left,327,[92; 104],[141; 151],500,375,500,375,9915,9975.0,15030.0,15090.0,5055.0,4.0,92,151,,,pt,5925.0,15465.0,5925.0,"{'duration': 5055, 'source_transfer_time': 0, 'waiting_time': 375, 'trip_time': 4680, 'num_transfers': 4, 'departure_time': 9975, 'departure_day': 'current_day', 'arrival_time': 15030, 'arrival_day': 'current_day', 'steps': [{'duration': 810, 'departure_time': 10350, 'arrival_time': 11160, 'day': 'current_day', 'from_stop_id': '92-4', 'to_stop_id': 'MH-L-4', 'trip_id': '7-1-13', 'agency_name': 'Unknown'}, {'duration': 30, 'departure_time': 11160, 'arrival_time': 11190, 'day': 'current_day', 'from_stop_id': 'MH-L-4', 'to_stop_id': 'MH-L-0', 'trip_id': 'walking', 'agency_name': 'Unknown'}, {'duration': 1500, 'departure_time': 12600, 'arrival_time': 14100, 'day': 'current_day', 'from_stop_id': 'MH-L-0', 'to_stop_id': 'MH-R-0', 'trip_id': '0-0-5', 'agency_name': 'Unknown'}, {'duration': 30, 'departure_time': 14100, 'arrival_time': 14130, 'day': 'current_day', 'from_stop_id': 'MH-R-0', 'to_stop_id': 'MH-R-5', 'trip_id': 'walking', 'agency_name': 'Unknown'}, {'duration': 690, 'departure_time': 14340, 'arrival_time': 15030, 'day': 'current_day', 'from_stop_id': 'MH-R-5', 'to_stop_id': '151-5', 'trip_id': '10-1-18', 'agency_name': 'Unknown'}]}"
47,163,9450,inter,left,328,[47],[141; 151; 161; 181],0,0,1000,751,9450,9510.0,12990.0,13050.0,3480.0,4.0,47,161,,,pt,4351.0,13801.0,4351.0,"{'duration': 3480, 'source_transfer_time': 0, 'waiting_time': 120, 'trip_time': 3360, 'num_transfers': 4, 'departure_time': 9510, 'departure_day': 'current_day', 'arrival_time': 12990, 'arrival_day': 'current_day', 'steps': [{'duration': 330, 'departure_time': 9630, 'arrival_time': 9960, 'day': 'current_day', 'from_stop_id': '47-4', 'to_stop_id': 'MH-L-4', 'trip_id': '7-0-11', 'agency_name': 'Unknown'}, {'duration': 30, 'departure_time': 9960, 'arrival_time': 9990, 'day': 'current_day', 'from_stop_id': 'MH-L-4', 'to_stop_id': 'MH-L-0', 'trip_id': 'walking', 'agency_name': 'Unknown'}, {'duration': 1500, 'departure_time': 10800, 'arrival_time': 12300, 'day': 'current_day', 'from_stop_id': 'MH-L-0', 'to_stop_id': 'MH-R-0', 'trip_id': '0-0-4', 'agency_name': 'Unknown'}, {'duration': 30, 'departure_time': 12300, 'arrival_time': 12330, 'day': 'current_day', 'from_stop_id': 'MH-R-0', 'to_stop_id': 'MH-R-5', 'trip_id': 'walking', 'agency_name': 'Unknown'}, {'duration': 450, 'departure_time': 12540, 'arrival_time': 12990, 'day': 'current_day', 'from_stop_id': 'MH-R-5', 'to_stop_id': '161-5', 'trip_id': '10-1-15', 'agency_name': 'Unknown'}]}"
44,174,4830,inter,left,329,[54],[182],500,375,500,375,5205,5265.0,9510.0,9570.0,4245.0,4.0,54,182,,,pt,5115.0,9945.0,5115.0,"{'duration': 4245, 'source_transfer_time': 0, 'waiting_time': 525, 'trip_time': 3720, 'num_transfers': 4, 'departure_time': 5265, 'departure_day': 'current_day', 'arrival_time': 9510, 'arrival_day': 'current_day', 'steps': [{'duration': 570, 'departure_time': 5790, 'arrival_time': 6360, 'day': 'current_day', 'from_stop_id': '54-1', 'to_stop_id': 'MH-L-1', 'trip_id': '1-0-5', 'agency_name': 'Unknown'}, {'duration': 30, 'departure_time': 6360, 'arrival_time': 6390, 'day': 'current_day', 'from_stop_id': 'MH-L-1', 'to_stop_id': 'MH-L-0', 'trip_id': 'walking', 'agency_name': 'Unknown'}, {'duration': 1500, 'departure_time': 7200, 'arrival_time': 8700, 'day': 'current_day', 'from_stop_id': 'MH-L-0', 'to_stop_id': 'MH-R-0', 'trip_id': '0-0-2', 'agency_name': 'Unknown'}, {'duration': 30, 'departure_time': 8700, 'arrival_time': 8730, 'day': 'current_day', 'from_stop_id': 'MH-R-0', 'to_stop_id': 'MH-R-1', 'trip_id': 'walking', 'agency_name': 'Unknown'}, {'duration': 570, 'departure_time': 8940, 'arrival_time': 9510, 'day': 'current_day', 'from_stop_id': 'MH-R-1', 'to_stop_id': '182-1', 'trip_id': '3-0-9', 'agency_name': 'Unknown'}]}"
107,135,4920,inter,left,330,[96; 106],[133; 137; 145; 157],500,375,1000,751,5295,5355.0,9390.0,9450.0,4035.0,4.0,96,137,,,pt,5281.0,10201.0,5281.0,"{'duration': 4035, 'source_transfer_time': 0, 'waiting_time': 195, 'trip_time': 3840, 'num_transfers': 4, 'departure_time': 5355, 'departure_day': 'current_day', 'arrival_time': 9390, 'arrival_day': 'current_day', 'steps': [{'duration': 810, 'departure_time': 5550, 'arrival_time': 6360, 'day': 'current_day', 'from_stop_id': '96-5', 'to_stop_id': 'MH-L-5', 'trip_id': '8-1-5', 'agency_name': 'Unknown'}, {'duration': 30, 'departure_time': 6360, 'arrival_time': 6390, 'day': 'current_day', 'from_stop_id': 'MH-L-5', 'to_stop_id': 'MH-L-0', 'trip_id': 'walking', 'agency_name': 'Unknown'}, {'duration': 1500, 'departure_time': 7200, 'arrival_time': 8700, 'day': 'current_day', 'from_stop_id': 'MH-L-0', 'to_stop_id': 'MH-R-0', 'trip_id': '0-0-2', 'agency_name': 'Unknown'}, {'duration': 30, 'departure_time': 8700, 'arrival_time': 8730, 'day': 'current_day', 'from_stop_id': 'MH-R-0', 'to_stop_id': 'MH-R-2', 'trip_id': 'walking', 'agency_name': 'Unknown'}, {'duration': 450, 'departure_time': 8940, 'arrival_time': 9390, 'day': 'current_day', 'from_stop_id': 'MH-R-2', 'to_stop_id': '137-2', 'trip_id': '4-0-9', 'agency_name': 'Unknown'}]}"
14,121,10050,inter,left,331,[12; 16; 24; 36],[121],1000,751,0,0,10801,10861.0,15510.0,15570.0,4649.0,4.0,12,121,,,pt,5520.0,15570.0,5520.0,"{'duration': 4649, 'source_transfer_time': 0, 'waiting_time': 569, 'trip_time': 4080, 'num_transfers': 4, 'departure_time': 10861, 'departure_day': 'current_day', 'arrival_time': 15510, 'arrival_day': 'current_day', 'steps': [{'duration': 930, 'departure_time': 11430, 'arrival_time': 12360, 'day': 'current_day', 'from_stop_id': '12-4', 'to_stop_id': 'MH-L-4', 'trip_id': '7-0-15', 'agency_name': 'Unknown'}, {'duration': 30, 'departure_time': 12360, 'arrival_time': 12390, 'day': 'current_day', 'from_stop_id': 'MH-L-4', 'to_stop_id': 'MH-L-0', 'trip_id': 'walking', 'agency_name': 'Unknown'}, {'duration': 1500, 'departure_time': 12600, 'arrival_time': 14100, 'day': 'current_day', 'from_stop_id': 'MH-L-0', 'to_stop_id': 'MH-R-0', 'trip_id': '0-0-5', 'agency_name': 'Unknown'}, {'duration': 30, 'departure_time': 14100, 'arrival_time': 14130, 'day': 'current_day', 'from_stop_id': 'MH-R-0', 'to_stop_id': 'MH-R-4', 'trip_id': 'walking', 'agency_name': 'Unknown'}, {'duration': 1170, 'departure_time': 14340, 'arrival_time': 15510, 'day': 'current_day', 'from_stop_id': 'MH-R-4', 'to_stop_id': '121-4', 'trip_id': '9-1-18', 'agency_name': 'Unknown'}]}"
49,197,5730,inter,left,332,[49],[197],0,0,0,0,5730,5790.0,9270.0,9330.0,3480.0,4.0,49,197,,,pt,3600.0,9330.0,3600.0,"{'duration': 3480, 'source_transfer_time': 0, 'waiting_time': 360, 'trip_time': 3120, 'num_transfers': 4, 'departure_time': 5790, 'departure_day': 'current_day', 'arrival_time': 9270, 'arrival_day': 'current_day', 'steps': [{'duration': 210, 'departure_time': 6150, 'arrival_time': 6360, 'day': 'current_day', 'from_stop_id': '49-5', 'to_stop_id': 'MH-L-5', 'trip_id': '8-0-5', 'agency_name': 'Unknown'}, {'duration': 30, 'departure_time': 6360, 'arrival_time': 6390, 'day': 'current_day', 'from_stop_id': 'MH-L-5', 'to_stop_id': 'MH-L-0', 'trip_id': 'walking', 'agency_name': 'Unknown'}, {'duration': 1500, 'departure_time': 7200, 'arrival_time': 8700, 'day': 'current_day', 'from_stop_id': 'MH-L-0', 'to_stop_id': 'MH-R-0', 'trip_id': '0-0-2', 'agency_name': 'Unknown'}, {'duration': 30, 'departure_time': 8700, 'arrival_time': 8730, 'day': 'current_day', 'from_stop_id': 'MH-R-0', 'to_stop_id': 'MH-R-5', 'trip_id': 'walking', 'agency_name': 'Unknown'}, {'duration': 330, 'departure_time': 8940, 'arrival_time': 9270, 'day': 'current_day', 'from_stop_id': 'MH-R-5', 'to_stop_id': '197-5', 'trip_id': '10-0-9', 'agency_name': 'Unknown'}]}"
30,122,12600,inter,left,333,[30],[121; 133],0,0,500,375,12600,12660.0,17070.0,17130.0,4410.0,4.0,30,133,,,pt,4905.0,17505.0,4905.0,"{'duration': 4410, 'source_transfer_time': 0, 'waiting_time': 210, 'trip_time': 4200, 'num_transfers': 4, 'departure_time': 12660, 'departure_day': 'current_day', 'arrival_time': 17070, 'arrival_day': 'current_day', 'steps': [{'duration': 690, 'departure_time': 12870, 'arrival_time': 13560, 'day': 'current_day', 'from_stop_id': '30-5', 'to_stop_id': 'MH-L-5', 'trip_id': '8-0-17', 'agency_name': 'Unknown'}, {'duration': 30, 'departure_time': 13560, 'arrival_time': 13590, 'day': 'current_day', 'from_stop_id': 'MH-L-5', 'to_stop_id': 'MH-L-0', 'trip_id': 'walking', 'agency_name': 'Unknown'}, {'duration': 1500, 'departure_time': 14400, 'arrival_time': 15900, 'day': 'current_day', 'from_stop_id': 'MH-L-0', 'to_stop_id': 'MH-R-0', 'trip_id': '0-0-6', 'agency_name': 'Unknown'}, {'duration': 30, 'departure_time': 15900, 'arrival_time': 15930, 'day': 'current_day', 'from_stop_id': 'MH-R-0', 'to_stop_id': 'MH-R-4', 'trip_id': 'walking', 'agency_name': 'Unknown'}, {'duration': 930, 'departure_time': 16140, 'arrival_time': 17070, 'day': 'current_day', 'from_stop_id': 'MH-R-4', 'to_stop_id': '133-4', 'trip_id': '9-1-21', 'agency_name': 'Unknown'}]}"
94,150,5160,inter,left,334,[95; 105],[150],500,375,0,0,5535,5595.0,9510.0,9570.0,3915.0,4.0,95,150,,,pt,4410.0,9570.0,4410.0,"{'duration': 3915, 'source_transfer_time': 0, 'waiting_time': 435, 'trip_time': 3480, 'num_transfers': 4, 'departure_time': 5595, 'departure_day': 'current_day', 'arrival_time': 9510, 'arrival_day': 'current_day', 'steps': [{'duration': 930, 'departure_time': 6030, 'arrival_time': 6960, 'day': 'current_day', 'from_stop_id': '95-5', 'to_stop_id': 'MH-L-5', 'trip_id': '8-1-6', 'agency_name': 'Unknown'}, {'duration': 30, 'departure_time': 6960, 'arrival_time': 6990, 'day': 'current_day', 'from_stop_id': 'MH-L-5', 'to_stop_id': 'MH-L-0', 'trip_id': 'walking', 'agency_name': 'Unknown'}, {'duration': 1500, 'departure_time': 7200, 'arrival_time': 8700, 'day': 'current_day', 'from_stop_id': 'MH-L-0', 'to_stop_id': 'MH-R-0', 'trip_id': '0-0-2', 'agency_name': 'Unknown'}, {'duration': 30, 'departure_time': 8700, 'arrival_time': 8730, 'day': 'current_day', 'from_stop_id': 'MH-R-0', 'to_stop_id': 'MH-R-5', 'trip_id': 'walking', 'agency_name': 'Unknown'}, {'duration': 570, 'departure_time': 8940, 'arrival_time': 9510, 'day': 'current_day', 'from_stop_id': 'MH-R-5', 'to_stop_id': '150-5', 'trip_id': '10-1-9', 'agency_name': 'Unknown'}]}"
34,196,5070,inter,left,335,[23; 35],[196],500,375,0,0,5445,5505.0,9390.0,9450.0,3885.0,4.0,23,196,,,pt,4380.0,9450.0,4380.0,"{'duration': 3885, 'source_transfer_time': 0, 'waiting_time': 45, 'trip_time': 3840, 'num_transfers': 4, 'departure_time': 5505, 'departure_day': 'current_day', 'arrival_time': 9390, 'arrival_day': 'current_day', 'steps': [{'duration': 810, 'departure_time': 5550, 'arrival_time': 6360, 'day': 'current_day', 'from_stop_id': '23-4', 'to_stop_id': 'MH-L-4', 'trip_id': '7-0-5', 'agency_name': 'Unknown'}, {'duration': 30, 'departure_time': 6360, 'arrival_time': 6390, 'day': 'current_day', 'from_stop_id': 'MH-L-4', 'to_stop_id': 'MH-L-0', 'trip_id': 'walking', 'agency_name': 'Unknown'}, {'duration': 1500, 'departure_time': 7200, 'arrival_time': 8700, 'day': 'current_day', 'from_stop_id': 'MH-L-0', 'to_stop_id': 'MH-R-0', 'trip_id': '0-0-2', 'agency_name': 'Unknown'}, {'duration': 30, 'departure_time': 8700, 'arrival_time': 8730, 'day': 'current_day', 'from_stop_id': 'MH-R-0', 'to_stop_id': 'MH-R-5', 'trip_id': 'walking', 'agency_name': 'Unknown'}, {'duration': 450, 'departure_time': 8940, 'arrival_time': 9390, 'day': 'current_day', 'from_stop_id': 'MH-R-5', 'to_stop_id': '196-5', 'trip_id': '10-0-9', 'agency_name': 'Unknown'}]}"
11,233,4590,inter,left,336,[11],[231],0,0,1000,751,4590,4650.0,9510.0,9570.0,4860.0,4.0,11,231,,,pt,5731.0,10321.0,5731.0,"{'duration': 4860, 'source_transfer_time': 0, 'waiting_time': 60, 'trip_time': 4800, 'num_transfers': 4, 'departure_time': 4650, 'departure_day': 'current_day', 'arrival_time': 9510, 'arrival_day': 'current_day', 'steps': [{'duration': 1050, 'departure_time': 4710, 'arrival_time': 5760, 'day': 'current_day', 'from_stop_id': '11-4', 'to_stop_id': 'MH-L-4', 'trip_id': '7-0-4', 'agency_name': 'Unknown'}, {'duration': 30, 'departure_time': 5760, 'arrival_time': 5790, 'day': 'current_day', 'from_stop_id': 'MH-L-4', 'to_stop_id': 'MH-L-0', 'trip_id': 'walking', 'agency_name': 'Unknown'}, {'duration': 1500, 'departure_time': 7200, 'arrival_time': 8700, 'day': 'current_day', 'from_stop_id': 'MH-L-0', 'to_stop_id': 'MH-R-0', 'trip_id': '0-0-2', 'agency_name': 'Unknown'}, {'duration': 30, 'departure_time': 8700, 'arrival_time': 8730, 'day': 'current_day', 'from_stop_id': 'MH-R-0', 'to_stop_id': 'MH-R-2', 'trip_id': 'walking', 'agency_name': 'Unknown'}, {'duration': 570, 'departure_time': 8940, 'arrival_time': 9510, 'day': 'current_day', 'from_stop_id': 'MH-R-2', 'to_stop_id': '231-2', 'trip_id': '4-1-9', 'agency_name': 'Unknown'}]}"
101,126,4320,inter,left,337,[79; 91; 99; 103],[126],1000,751,0,0,5071,5131.0,9510.0,9570.0,4379.0,4.0,79,126,,,pt,5250.0,9570.0,5250.0,"{'duration': 4379, 'source_transfer_time': 0, 'waiting_time': 179, 'trip_time': 4200, 'num_transfers': 4, 'departure_time': 5131, 'departure_day': 'current_day', 'arrival_time': 9510, 'arrival_day': 'current_day', 'steps': [{'duration': 450, 'departure_time': 5310, 'arrival_time': 5760, 'day': 'current_day', 'from_stop_id': '79-4', 'to_stop_id': 'MH-L-4', 'trip_id': '7-1-4', 'agency_name': 'Unknown'}, {'duration': 30, 'departure_time': 5760, 'arrival_time': 5790, 'day': 'current_day', 'from_stop_id': 'MH-L-4', 'to_stop_id': 'MH-L-0', 'trip_id': 'walking', 'agency_name': 'Unknown'}, {'duration': 1500, 'departure_time': 7200, 'arrival_time': 8700, 'day': 'current_day', 'from_stop_id': 'MH-L-0', 'to_stop_id': 'MH-R-0', 'trip_id': '0-0-2', 'agency_name': 'Unknown'}, {'duration': 30, 'departure_time': 8700, 'arrival_time': 8730, 'day': 'current_day', 'from_stop_id': 'MH-R-0', 'to_stop_id': 'MH-R-2', 'trip_id': 'walking', 'agency_name': 'Unknown'}, {'duration': 570, 'departure_time': 8940, 'arrival_time': 9510, 'day': 'current_day', 'from_stop_id': 'MH-R-2', 'to_stop_id': '126-2', 'trip_id': '4-0-9', 'agency_name': 'Unknown'}]}"
43,178,9450,inter,left,338,[61],[178],1000,751,0,0,10201,10261.0,14550.0,14610.0,4289.0,4.0,61,178,,,pt,5160.0,14610.0,5160.0,"{'duration': 4289, 'source_transfer_time': 0, 'waiting_time': 329, 'trip_time': 3960, 'num_transfers': 4, 'departure_time': 10261, 'departure_day': 'current_day', 'arrival_time': 14550, 'arrival_day': 'current_day', 'steps': [{'duration': 570, 'departure_time': 10590, 'arrival_time': 11160, 'day': 'current_day', 'from_stop_id': '61-1', 'to_stop_id': 'MH-L-1', 'trip_id': '1-1-13', 'agency_name': 'Unknown'}, {'duration': 30, 'departure_time': 11160, 'arrival_time': 11190, 'day': 'current_day', 'from_stop_id': 'MH-L-1', 'to_stop_id': 'MH-L-0', 'trip_id': 'walking', 'agency_name': 'Unknown'}, {'duration': 1500, 'departure_time': 12600, 'arrival_time': 14100, 'day': 'current_day', 'from_stop_id': 'MH-L-0', 'to_stop_id': 'MH-R-0', 'trip_id': '0-0-5', 'agency_name': 'Unknown'}, {'duration': 30, 'departure_time': 14100, 'arrival_time': 14130, 'day': 'current_day', 'from_stop_id': 'MH-R-0', 'to_stop_id': 'MH-R-1', 'trip_id': 'walking', 'agency_name': 'Unknown'}, {'duration': 210, 'departure_time': 14340, 'arrival_time': 14550, 'day': 'current_day', 'from_stop_id': 'MH-R-1', 'to_stop_id': '178-1', 'trip_id': '3-1-18', 'agency_name': 'Unknown'}]}"
43,216,11850,inter,left,339,[61],[216],1000,751,0,0,12601,12661.0,17070.0,17130.0,4409.0,4.0,61,216,,,pt,5280.0,17130.0,5280.0,"{'duration': 4409, 'source_transfer_time': 0, 'waiting_time': 329, 'trip_time': 4080, 'num_transfers': 4, 'departure_time': 12661, 'departure_day': 'current_day', 'arrival_time': 17070, 'arrival_day': 'current_day', 'steps': [{'duration': 570, 'departure_time': 12990, 'arrival_time': 13560, 'day': 'current_day', 'from_stop_id': '61-1', 'to_stop_id': 'MH-L-1', 'trip_id': '1-1-17', 'agency_name': 'Unknown'}, {'duration': 30, 'departure_time': 13560, 'arrival_time': 13590, 'day': 'current_day', 'from_stop_id': 'MH-L-1', 'to_stop_id': 'MH-L-0', 'trip_id': 'walking', 'agency_name': 'Unknown'}, {'duration': 1500, 'departure_time': 14400, 'arrival_time': 15900, 'day': 'current_day', 'from_stop_id': 'MH-L-0', 'to_stop_id': 'MH-R-0', 'trip_id': '0-0-6', 'agency_name': 'Unknown'}, {'duration': 30, 'departure_time': 15900, 'arrival_time': 15930, 'day': 'current_day', 'from_stop_id': 'MH-R-0', 'to_stop_id': 'MH-R-5', 'trip_id': 'walking', 'agency_name': 'Unknown'}, {'duration': 930, 'departure_time': 16140, 'arrival_time': 17070, 'day': 'current_day', 'from_stop_id': 'MH-R-5', 'to_stop_id': '216-5', 'trip_id': '10-0-21', 'agency_name': 'Unknown'}]}"
13,128,5160,inter,left,340,[12; 24],[126; 130; 140; 150],500,375,1000,751,5535,5595.0,9510.0,9570.0,3915.0,4.0,12,126,,,pt,5161.0,10321.0,5161.0,"{'duration': 3915, 'source_transfer_time': 0, 'waiting_time': 435, 'trip_time': 3480, 'num_transfers': 4, 'departure_time': 5595, 'departure_day': 'current_day', 'arrival_time': 9510, 'arrival_day': 'current_day', 'steps': [{'duration': 930, 'departure_time': 6030, 'arrival_time': 6960, 'day': 'current_day', 'from_stop_id': '12-4', 'to_stop_id': 'MH-L-4', 'trip_id': '7-0-6', 'agency_name': 'Unknown'}, {'duration': 30, 'departure_time': 6960, 'arrival_time': 6990, 'day': 'current_day', 'from_stop_id': 'MH-L-4', 'to_stop_id': 'MH-L-0', 'trip_id': 'walking', 'agency_name': 'Unknown'}, {'duration': 1500, 'departure_time': 7200, 'arrival_time': 8700, 'day': 'current_day', 'from_stop_id': 'MH-L-0', 'to_stop_id': 'MH-R-0', 'trip_id': '0-0-2', 'agency_name': 'Unknown'}, {'duration': 30, 'departure_time': 8700, 'arrival_time': 8730, 'day': 'current_day', 'from_stop_id': 'MH-R-0', 'to_stop_id': 'MH-R-2', 'trip_id': 'walking', 'agency_name': 'Unknown'}, {'duration': 570, 'departure_time': 8940, 'arrival_time': 9510, 'day': 'current_day', 'from_stop_id': 'MH-R-2', 'to_stop_id': '126-2', 'trip_id': '4-0-9', 'agency_name': 'Unknown'}]}"
77,206,5880,inter,left,341,[77],[206],0,0,0,0,5880,5940.0,9630.0,9690.0,3690.0,4.0,77,206,,,pt,3810.0,9690.0,3810.0,"{'duration': 3690, 'source_transfer_time': 0, 'waiting_time': 210, 'trip_time': 3480, 'num_transfers': 4, 'departure_time': 5940, 'departure_day': 'current_day', 'arrival_time': 9630, 'arrival_day': 'current_day', 'steps': [{'duration': 210, 'departure_time': 6150, 'arrival_time': 6360, 'day': 'current_day', 'from_stop_id': '77-2', 'to_stop_id': 'MH-L-2', 'trip_id': '2-0-5', 'agency_name': 'Unknown'}, {'duration': 30, 'departure_time': 6360, 'arrival_time': 6390, 'day': 'current_day', 'from_stop_id': 'MH-L-2', 'to_stop_id': 'MH-L-0', 'trip_id': 'walking', 'agency_name': 'Unknown'}, {'duration': 1500, 'departure_time': 7200, 'arrival_time': 8700, 'day': 'current_day', 'from_stop_id': 'MH-L-0', 'to_stop_id': 'MH-R-0', 'trip_id': '0-0-2', 'agency_name': 'Unknown'}, {'duration': 30, 'departure_time': 8700, 'arrival_time': 8730, 'day': 'current_day', 'from_stop_id': 'MH-R-0', 'to_stop_id': 'MH-R-5', 'trip_id': 'walking', 'agency_name': 'Unknown'}, {'duration': 690, 'departure_time': 8940, 'arrival_time': 9630, 'day': 'current_day', 'from_stop_id': 'MH-R-5', 'to_stop_id': '206-5', 'trip_id': '10-0-9', 'agency_name': 'Unknown'}]}"
97,227,14190,inter,left,342,[86; 96],[227],500,375,0,0,14565,14625.0,18990.0,19050.0,4365.0,4.0,86,227,,,pt,4860.0,19050.0,4860.0,"{'duration': 4365, 'source_transfer_time': 0, 'waiting_time': 165, 'trip_time': 4200, 'num_transfers': 4, 'departure_time': 14625, 'departure_day': 'current_day', 'arrival_time': 18990, 'arrival_day': 'current_day', 'steps': [{'duration': 570, 'departure_time': 14790, 'arrival_time': 15360, 'day': 'current_day', 'from_stop_id': '86-5', 'to_stop_id': 'MH-L-5', 'trip_id': '8-1-20', 'agency_name': 'Unknown'}, {'duration': 30, 'departure_time': 15360, 'arrival_time': 15390, 'day': 'current_day', 'from_stop_id': 'MH-L-5', 'to_stop_id': 'MH-L-0', 'trip_id': 'walking', 'agency_name': 'Unknown'}, {'duration': 1500, 'departure_time': 16200, 'arrival_time': 17700, 'day': 'current_day', 'from_stop_id': 'MH-L-0', 'to_stop_id': 'MH-R-0', 'trip_id': '0-0-7', 'agency_name': 'Unknown'}, {'duration': 30, 'departure_time': 17700, 'arrival_time': 17730, 'day': 'current_day', 'from_stop_id': 'MH-R-0', 'to_stop_id': 'MH-R-5', 'trip_id': 'walking', 'agency_name': 'Unknown'}, {'duration': 1050, 'departure_time': 17940, 'arrival_time': 18990, 'day': 'current_day', 'from_stop_id': 'MH-R-5', 'to_stop_id': '227-5', 'trip_id': '10-0-24', 'agency_name': 'Unknown'}]}"
91,203,7080,inter,left,343,[91],[182; 201; 213; 225],0,0,1000,751,7080,7140.0,11310.0,11370.0,4170.0,4.0,91,182,,,pt,5041.0,12121.0,5041.0,"{'duration': 4170, 'source_transfer_time': 0, 'waiting_time': 330, 'trip_time': 3840, 'num_transfers': 4, 'departure_time': 7140, 'departure_day': 'current_day', 'arrival_time': 11310, 'arrival_day': 'current_day', 'steps': [{'duration': 690, 'departure_time': 7470, 'arrival_time': 8160, 'day': 'current_day', 'from_stop_id': '91-4', 'to_stop_id': 'MH-L-4', 'trip_id': '7-1-8', 'agency_name': 'Unknown'}, {'duration': 30, 'departure_time': 8160, 'arrival_time': 8190, 'day': 'current_day', 'from_stop_id': 'MH-L-4', 'to_stop_id': 'MH-L-0', 'trip_id': 'walking', 'agency_name': 'Unknown'}, {'duration': 1500, 'departure_time': 9000, 'arrival_time': 10500, 'day': 'current_day', 'from_stop_id': 'MH-L-0', 'to_stop_id': 'MH-R-0', 'trip_id': '0-0-3', 'agency_name': 'Unknown'}, {'duration': 30, 'departure_time': 10500, 'arrival_time': 10530, 'day': 'current_day', 'from_stop_id': 'MH-R-0', 'to_stop_id': 'MH-R-1', 'trip_id': 'walking', 'agency_name': 'Unknown'}, {'duration': 570, 'departure_time': 10740, 'arrival_time': 11310, 'day': 'current_day', 'from_stop_id': 'MH-R-1', 'to_stop_id': '182-1', 'trip_id': '3-0-12', 'agency_name': 'Unknown'}]}"
0,217,7080,inter,left,344,[0],[217],0,0,0,0,7080,7140.0,11550.0,11610.0,4410.0,4.0,0,217,,,pt,4530.0,11610.0,4530.0,"{'duration': 4410, 'source_transfer_time': 0, 'waiting_time': 450, 'trip_time': 3960, 'num_transfers': 4, 'departure_time': 7140, 'departure_day': 'current_day', 'arrival_time': 11550, 'arrival_day': 'current_day', 'steps': [{'duration': 1170, 'departure_time': 7590, 'arrival_time': 8760, 'day': 'current_day', 'from_stop_id': '0-4', 'to_stop_id': 'MH-L-4', 'trip_id': '7-0-9', 'agency_name': 'Unknown'}, {'duration': 30, 'departure_time': 8760, 'arrival_time': 8790, 'day': 'current_day', 'from_stop_id': 'MH-L-4', 'to_stop_id': 'MH-L-0', 'trip_id': 'walking', 'agency_name': 'Unknown'}, {'duration': 1500, 'departure_time': 9000, 'arrival_time': 10500, 'day': 'current_day', 'from_stop_id': 'MH-L-0', 'to_stop_id': 'MH-R-0', 'trip_id': '0-0-3', 'agency_name': 'Unknown'}, {'duration': 30, 'departure_time': 10500, 'arrival_time': 10530, 'day': 'current_day', 'from_stop_id': 'MH-R-0', 'to_stop_id': 'MH-R-5', 'trip_id': 'walking', 'agency_name': 'Unknown'}, {'duration': 810, 'departure_time': 10740, 'arrival_time': 11550, 'day': 'current_day', 'from_stop_id': 'MH-R-5', 'to_stop_id': '217-5', 'trip_id': '10-0-12', 'agency_name': 'Unknown'}]}"
71,194,9150,inter,left,345,[61],[176; 196; 206; 216],500,375,1000,751,9525,9585.0,12990.0,13050.0,3405.0,4.0,61,176,,,pt,4651.0,13801.0,4651.0,"{'duration': 3405, 'source_transfer_time': 0, 'waiting_time': 405, 'trip_time': 3000, 'num_transfers': 4, 'departure_time': 9585, 'departure_day': 'current_day', 'arrival_time': 12990, 'arrival_day': 'current_day', 'steps': [{'duration': 570, 'departure_time': 9990, 'arrival_time': 10560, 'day': 'current_day', 'from_stop_id': '61-1', 'to_stop_id': 'MH-L-1', 'trip_id': '1-1-12', 'agency_name': 'Unknown'}, {'duration': 30, 'departure_time': 10560, 'arrival_time': 10590, 'day': 'current_day', 'from_stop_id': 'MH-L-1', 'to_stop_id': 'MH-L-0', 'trip_id': 'walking', 'agency_name': 'Unknown'}, {'duration': 1500, 'departure_time': 10800, 'arrival_time': 12300, 'day': 'current_day', 'from_stop_id': 'MH-L-0', 'to_stop_id': 'MH-R-0', 'trip_id': '0-0-4', 'agency_name': 'Unknown'}, {'duration': 30, 'departure_time': 12300, 'arrival_time': 12330, 'day': 'current_day', 'from_stop_id': 'MH-R-0', 'to_stop_id': 'MH-R-1', 'trip_id': 'walking', 'agency_name': 'Unknown'}, {'duration': 450, 'departure_time': 12540, 'arrival_time': 12990, 'day': 'current_day', 'from_stop_id': 'MH-R-1', 'to_stop_id': '176-1', 'trip_id': '3-1-15', 'agency_name': 'Unknown'}]}"
91,152,5220,inter,left,346,[91],[141; 151],0,0,500,375,5220,5280.0,9630.0,9690.0,4350.0,4.0,91,151,,,pt,4845.0,10065.0,4845.0,"{'duration': 4350, 'source_transfer_time': 0, 'waiting_time': 390, 'trip_time': 3960, 'num_transfers': 4, 'departure_time': 5280, 'departure_day': 'current_day', 'arrival_time': 9630, 'arrival_day': 'current_day', 'steps': [{'duration': 690, 'departure_time': 5670, 'arrival_time': 6360, 'day': 'current_day', 'from_stop_id': '91-4', 'to_stop_id': 'MH-L-4', 'trip_id': '7-1-5', 'agency_name': 'Unknown'}, {'duration': 30, 'departure_time': 6360, 'arrival_time': 6390, 'day': 'current_day', 'from_stop_id': 'MH-L-4', 'to_stop_id': 'MH-L-0', 'trip_id': 'walking', 'agency_name': 'Unknown'}, {'duration': 1500, 'departure_time': 7200, 'arrival_time': 8700, 'day': 'current_day', 'from_stop_id': 'MH-L-0', 'to_stop_id': 'MH-R-0', 'trip_id': '0-0-2', 'agency_name': 'Unknown'}, {'duration': 30, 'departure_time': 8700, 'arrival_time': 8730, 'day': 'current_day', 'from_stop_id': 'MH-R-0', 'to_stop_id': 'MH-R-5', 'trip_id': 'walking', 'agency_name': 'Unknown'}, {'duration': 690, 'departure_time': 8940, 'arrival_time': 9630, 'day': 'current_day', 'from_stop_id': 'MH-R-5', 'to_stop_id': '151-5', 'trip_id': '10-1-9', 'agency_name': 'Unknown'}]}"
50,196,7740,inter,left,347,[40; 49; 58],[196],500,375,0,0,8115,8175.0,11190.0,11250.0,3015.0,4.0,40,196,,,pt,3510.0,11250.0,3510.0,"{'duration': 3015, 'source_transfer_time': 0, 'waiting_time': 135, 'trip_time': 2880, 'num_transfers': 4, 'departure_time': 8175, 'departure_day': 'current_day', 'arrival_time': 11190, 'arrival_day': 'current_day', 'steps': [{'duration': 450, 'departure_time': 8310, 'arrival_time': 8760, 'day': 'current_day', 'from_stop_id': '40-5', 'to_stop_id': 'MH-L-5', 'trip_id': '8-0-9', 'agency_name': 'Unknown'}, {'duration': 30, 'departure_time': 8760, 'arrival_time': 8790, 'day': 'current_day', 'from_stop_id': 'MH-L-5', 'to_stop_id': 'MH-L-0', 'trip_id': 'walking', 'agency_name': 'Unknown'}, {'duration': 1500, 'departure_time': 9000, 'arrival_time': 10500, 'day': 'current_day', 'from_stop_id': 'MH-L-0', 'to_stop_id': 'MH-R-0', 'trip_id': '0-0-3', 'agency_name': 'Unknown'}, {'duration': 30, 'departure_time': 10500, 'arrival_time': 10530, 'day': 'current_day', 'from_stop_id': 'MH-R-0', 'to_stop_id': 'MH-R-5', 'trip_id': 'walking', 'agency_name': 'Unknown'}, {'duration': 450, 'departure_time': 10740, 'arrival_time': 11190, 'day': 'current_day', 'from_stop_id': 'MH-R-5', 'to_stop_id': '196-5', 'trip_id': '10-0-12', 'agency_name': 'Unknown'}]}"
64,204,14010,inter,left,348,[56],[206; 216; 226],500,375,1000,751,14385,14445.0,18630.0,18690.0,4185.0,4.0,56,206,,,pt,5431.0,19441.0,5431.0,"{'duration': 4185, 'source_transfer_time': 0, 'waiting_time': 585, 'trip_time': 3600, 'num_transfers': 4, 'departure_time': 14445, 'departure_day': 'current_day', 'arrival_time': 18630, 'arrival_day': 'current_day', 'steps': [{'duration': 330, 'departure_time': 15030, 'arrival_time': 15360, 'day': 'current_day', 'from_stop_id': '56-1', 'to_stop_id': 'MH-L-1', 'trip_id': '1-0-20', 'agency_name': 'Unknown'}, {'duration': 30, 'departure_time': 15360, 'arrival_time': 15390, 'day': 'current_day', 'from_stop_id': 'MH-L-1', 'to_stop_id': 'MH-L-0', 'trip_id': 'walking', 'agency_name': 'Unknown'}, {'duration': 1500, 'departure_time': 16200, 'arrival_time': 17700, 'day': 'current_day', 'from_stop_id': 'MH-L-0', 'to_stop_id': 'MH-R-0', 'trip_id': '0-0-7', 'agency_name': 'Unknown'}, {'duration': 30, 'departure_time': 17700, 'arrival_time': 17730, 'day': 'current_day', 'from_stop_id': 'MH-R-0', 'to_stop_id': 'MH-R-5', 'trip_id': 'walking', 'agency_name': 'Unknown'}, {'duration': 690, 'departure_time': 17940, 'arrival_time': 18630, 'day': 'current_day', 'from_stop_id': 'MH-R-5', 'to_stop_id': '206-5', 'trip_id': '10-0-24', 'agency_name': 'Unknown'}]}"
61,152,9780,inter,left,349,[61],[141; 151],0,0,500,375,9780,9840.0,13230.0,13290.0,3390.0,4.0,61,151,,,pt,3885.0,13665.0,3885.0,"{'duration': 3390, 'source_transfer_time': 0, 'waiting_time': 150, 'trip_time': 3240, 'num_transfers': 4, 'departure_time': 9840, 'departure_day': 'current_day', 'arrival_time': 13230, 'arrival_day': 'current_day', 'steps': [{'duration': 570, 'departure_time': 9990, 'arrival_time': 10560, 'day': 'current_day', 'from_stop_id': '61-1', 'to_stop_id': 'MH-L-1', 'trip_id': '1-1-12', 'agency_name': 'Unknown'}, {'duration': 30, 'departure_time': 10560, 'arrival_time': 10590, 'day': 'current_day', 'from_stop_id': 'MH-L-1', 'to_stop_id': 'MH-L-0', 'trip_id': 'walking', 'agency_name': 'Unknown'}, {'duration': 1500, 'departure_time': 10800, 'arrival_time': 12300, 'day': 'current_day', 'from_stop_id': 'MH-L-0', 'to_stop_id': 'MH-R-0', 'trip_id': '0-0-4', 'agency_name': 'Unknown'}, {'duration': 30, 'departure_time': 12300, 'arrival_time': 12330, 'day': 'current_day', 'from_stop_id': 'MH-R-0', 'to_stop_id': 'MH-R-5', 'trip_id': 'walking', 'agency_name': 'Unknown'}, {'duration': 690, 'departure_time': 12540, 'arrival_time': 13230, 'day': 'current_day', 'from_stop_id': 'MH-R-5', 'to_stop_id': '151-5', 'trip_id': '10-1-15', 'agency_name': 'Unknown'}]}"
138,215,10680,intra,right,350,[137],[216; 226],500,375,500,375,11055,11115.0,12870.0,12930.0,1755.0,3.0,137,216,5263.0,15943.0,pt,2625.0,13305.0,2625.0,"{'duration': 1755, 'source_transfer_time': 0, 'waiting_time': 195, 'trip_time': 1560, 'num_transfers': 3, 'departure_time': 11115, 'departure_day': 'current_day', 'arrival_time': 12870, 'arrival_day': 'current_day', 'steps': [{'duration': 330, 'departure_time': 11310, 'arrival_time': 11640, 'day': 'current_day', 'from_stop_id': '137-2', 'to_stop_id': '237-2', 'trip_id': '4-1-14', 'agency_name': 'Unknown'}, {'duration': 30, 'departure_time': 11640, 'arrival_time': 11670, 'day': 'current_day', 'from_stop_id': '237-2', 'to_stop_id': '237-5', 'trip_id': 'walking', 'agency_name': 'Unknown'}, {'duration': 360, 'departure_time': 11670, 'arrival_time': 12030, 'day': 'current_day', 'from_stop_id': '237-5', 'to_stop_id': '240-5', 'trip_id': '10-0-14', 'agency_name': 'Unknown'}, {'duration': 810, 'departure_time': 12060, 'arrival_time': 12870, 'day': 'current_day', 'from_stop_id': '240-5', 'to_stop_id': '216-5', 'trip_id': '10-0-14', 'agency_name': 'Unknown'}]}"
165,173,6960,intra,right,351,[175],[181],500,375,500,375,7335,7395.0,8790.0,8850.0,1395.0,0.0,175,181,3383.0,10343.0,pt,2265.0,9225.0,2265.0,"{'duration': 1395, 'source_transfer_time': 0, 'waiting_time': 195, 'trip_time': 1200, 'num_transfers': 0, 'departure_time': 7395, 'departure_day': 'current_day', 'arrival_time': 8790, 'arrival_day': 'current_day', 'steps': [{'duration': 1200, 'departure_time': 7590, 'arrival_time': 8790, 'day': 'current_day', 'from_stop_id': '175-1', 'to_stop_id': '181-1', 'trip_id': '3-0-8', 'agency_name': 'Unknown'}]}"
207,237,9270,intra,right,352,[207],[237],0,0,0,0,9270,9330.0,10230.0,10290.0,900.0,0.0,207,237,2255.0,11525.0,pt,1020.0,10290.0,1020.0,"{'duration': 900, 'source_transfer_time': 0, 'waiting_time': 60, 'trip_time': 840, 'num_transfers': 0, 'departure_time': 9330, 'departure_day': 'current_day', 'arrival_time': 10230, 'arrival_day': 'current_day', 'steps': [{'duration': 840, 'departure_time': 9390, 'arrival_time': 10230, 'day': 'current_day', 'from_stop_id': '207-5', 'to_stop_id': '237-5', 'trip_id': '10-1-11', 'agency_name': 'Unknown'}]}"
145,196,12360,intra,right,353,[145],[196],0,0,0,0,12360,12420.0,14190.0,14250.0,1770.0,2.0,145,196,2255.0,14615.0,pt,1890.0,14250.0,1890.0,"{'duration': 1770, 'source_transfer_time': 0, 'waiting_time': 450, 'trip_time': 1320, 'num_transfers': 2, 'departure_time': 12420, 'departure_day': 'current_day', 'arrival_time': 14190, 'arrival_day': 'current_day', 'steps': [{'duration': 690, 'departure_time': 12870, 'arrival_time': 13560, 'day': 'current_day', 'from_stop_id': '145-4', 'to_stop_id': 'MH-R-4', 'trip_id': '9-0-17', 'agency_name': 'Unknown'}, {'duration': 30, 'departure_time': 13560, 'arrival_time': 13590, 'day': 'current_day', 'from_stop_id': 'MH-R-4', 'to_stop_id': 'MH-R-5', 'trip_id': 'walking', 'agency_name': 'Unknown'}, {'duration': 450, 'departure_time': 13740, 'arrival_time': 14190, 'day': 'current_day', 'from_stop_id': 'MH-R-5', 'to_stop_id': '196-5', 'trip_id': '10-0-17', 'agency_name': 'Unknown'}]}"
122,180,5010,intra,right,354,[121; 133],[180],500,375,0,0,5385,5445.0,7470.0,7530.0,2025.0,3.0,121,180,4511.0,9521.0,pt,2520.0,7530.0,2520.0,"{'duration': 2025, 'source_transfer_time': 0, 'waiting_time': 345, 'trip_time': 1680, 'num_transfers': 3, 'departure_time': 5445, 'departure_day': 'current_day', 'arrival_time': 7470, 'arrival_day': 'current_day', 'steps': [{'duration': 1050, 'departure_time': 5790, 'arrival_time': 6840, 'day': 'current_day', 'from_stop_id': '121-4', 'to_stop_id': '238-4', 'trip_id': '9-0-6', 'agency_name': 'Unknown'}, {'duration': 30, 'departure_time': 6840, 'arrival_time': 6870, 'day': 'current_day', 'from_stop_id': '238-4', 'to_stop_id': '238-1', 'trip_id': 'walking', 'agency_name': 'Unknown'}, {'duration': 90, 'departure_time': 6870, 'arrival_time': 6960, 'day': 'current_day', 'from_stop_id': '238-1', 'to_stop_id': 'MH-R-1', 'trip_id': '3-0-6', 'agency_name': 'Unknown'}, {'duration': 330, 'departure_time': 7140, 'arrival_time': 7470, 'day': 'current_day', 'from_stop_id': 'MH-R-1', 'to_stop_id': '180-1', 'trip_id': '3-0-6', 'agency_name': 'Unknown'}]}"
137,193,7080,intra,right,355,[137],[175],0,0,1000,751,7080,7140.0,8910.0,8970.0,1770.0,2.0,137,175,4135.0,11215.0,pt,2641.0,9721.0,2641.0,"{'duration': 1770, 'source_transfer_time': 0, 'waiting_time': 570, 'trip_time': 1200, 'num_transfers': 2, 'departure_time': 7140, 'departure_day': 'current_day', 'arrival_time': 8910, 'arrival_day': 'current_day', 'steps': [{'duration': 450, 'departure_time': 7710, 'arrival_time': 8160, 'day': 'current_day', 'from_stop_id': '137-2', 'to_stop_id': 'MH-R-2', 'trip_id': '4-1-8', 'agency_name': 'Unknown'}, {'duration': 30, 'departure_time': 8160, 'arrival_time': 8190, 'day': 'current_day', 'from_stop_id': 'MH-R-2', 'to_stop_id': 'MH-R-1', 'trip_id': 'walking', 'agency_name': 'Unknown'}, {'duration': 570, 'departure_time': 8340, 'arrival_time': 8910, 'day': 'current_day', 'from_stop_id': 'MH-R-1', 'to_stop_id': '175-1', 'trip_id': '3-1-8', 'agency_name': 'Unknown'}]}"
218,180,5010,intra,right,356,[207; 217],[180],500,375,0,0,5385,5445.0,6870.0,6930.0,1425.0,2.0,207,180,3383.0,8393.0,pt,1920.0,6930.0,1920.0,"{'duration': 1425, 'source_transfer_time': 0, 'waiting_time': 345, 'trip_time': 1080, 'num_transfers': 2, 'departure_time': 5445, 'departure_day': 'current_day', 'arrival_time': 6870, 'arrival_day': 'current_day', 'steps': [{'duration': 570, 'departure_time': 5790, 'arrival_time': 6360, 'day': 'current_day', 'from_stop_id': '207-5', 'to_stop_id': 'MH-R-5', 'trip_id': '10-1-5', 'agency_name': 'Unknown'}, {'duration': 30, 'departure_time': 6360, 'arrival_time': 6390, 'day': 'current_day', 'from_stop_id': 'MH-R-5', 'to_stop_id': 'MH-R-1', 'trip_id': 'walking', 'agency_name': 'Unknown'}, {'duration': 330, 'departure_time': 6540, 'arrival_time': 6870, 'day': 'current_day', 'from_stop_id': 'MH-R-1', 'to_stop_id': '180-1', 'trip_id': '3-0-5', 'agency_name': 'Unknown'}]}"
142,226,5160,intra,right,357,[131; 141],[226],500,375,0,0,5535,5595.0,8310.0,8370.0,2715.0,0.0,131,226,7142.0,12302.0,pt,3210.0,8370.0,3210.0,"{'duration': 2715, 'source_transfer_time': 0, 'waiting_time': 195, 'trip_time': 2520, 'num_transfers': 0, 'departure_time': 5595, 'departure_day': 'current_day', 'arrival_time': 8310, 'arrival_day': 'current_day', 'steps': [{'duration': 2520, 'departure_time': 5790, 'arrival_time': 8310, 'day': 'current_day', 'from_stop_id': '131-5', 'to_stop_id': '226-5', 'trip_id': '10-0-6', 'agency_name': 'Unknown'}]}"
231,164,14400,intra,right,358,[231],[182],0,0,1000,751,14400,14460.0,16110.0,16170.0,1650.0,2.0,231,182,4511.0,18911.0,pt,2521.0,16921.0,2521.0,"{'duration': 1650, 'source_transfer_time': 0, 'waiting_time': 330, 'trip_time': 1320, 'num_transfers': 2, 'departure_time': 14460, 'departure_day': 'current_day', 'arrival_time': 16110, 'arrival_day': 'current_day', 'steps': [{'duration': 570, 'departure_time': 14790, 'arrival_time': 15360, 'day': 'current_day', 'from_stop_id': '231-2', 'to_stop_id': 'MH-R-2', 'trip_id': '4-0-20', 'agency_name': 'Unknown'}, {'duration': 30, 'departure_time': 15360, 'arrival_time': 15390, 'day': 'current_day', 'from_stop_id': 'MH-R-2', 'to_stop_id': 'MH-R-1', 'trip_id': 'walking', 'agency_name': 'Unknown'}, {'duration': 570, 'departure_time': 15540, 'arrival_time': 16110, 'day': 'current_day', 'from_stop_id': 'MH-R-1', 'to_stop_id': '182-1', 'trip_id': '3-0-20', 'agency_name': 'Unknown'}]}"
152,231,11040,intra,right,359,[141; 151],[231],500,375,0,0,11415,11475.0,13110.0,13170.0,1635.0,2.0,151,231,4511.0,15551.0,pt,2130.0,13170.0,2130.0,"{'duration': 1635, 'source_transfer_time': 0, 'waiting_time': 195, 'trip_time': 1440, 'num_transfers': 2, 'departure_time': 11475, 'departure_day': 'current_day', 'arrival_time': 13110, 'arrival_day': 'current_day', 'steps': [{'duration': 570, 'departure_time': 11670, 'arrival_time': 12240, 'day': 'current_day', 'from_stop_id': '151-5', 'to_stop_id': '237-5', 'trip_id': '10-0-15', 'agency_name': 'Unknown'}, {'duration': 30, 'departure_time': 12240, 'arrival_time': 12270, 'day': 'current_day', 'from_stop_id': '237-5', 'to_stop_id': '237-2', 'trip_id': 'walking', 'agency_name': 'Unknown'}, {'duration': 840, 'departure_time': 12270, 'arrival_time': 13110, 'day': 'current_day', 'from_stop_id': '237-2', 'to_stop_id': '231-2', 'trip_id': '4-1-15', 'agency_name': 'Unknown'}]}"
135,151,6900,intra,right,360,[133; 137; 145; 157],[151],1000,751,0,0,7651,7711.0,9630.0,9690.0,1919.0,2.0,133,151,2255.0,9155.0,walking,2255.0,9690.0,2790.0,"{'duration': 1919, 'source_transfer_time': 0, 'waiting_time': 119, 'trip_time': 1800, 'num_transfers': 2, 'departure_time': 7711, 'departure_day': 'current_day', 'arrival_time': 9630, 'arrival_day': 'current_day', 'steps': [{'duration': 930, 'departure_time': 7830, 'arrival_time': 8760, 'day': 'current_day', 'from_stop_id': '133-4', 'to_stop_id': 'MH-R-4', 'trip_id': '9-0-9', 'agency_name': 'Unknown'}, {'duration': 30, 'departure_time': 8760, 'arrival_time': 8790, 'day': 'current_day', 'from_stop_id': 'MH-R-4', 'to_stop_id': 'MH-R-5', 'trip_id': 'walking', 'agency_name': 'Unknown'}, {'duration': 690, 'departure_time': 8940, 'arrival_time': 9630, 'day': 'current_day', 'from_stop_id': 'MH-R-5', 'to_stop_id': '151-5', 'trip_id': '10-1-9', 'agency_name': 'Unknown'}]}"
134,196,4620,intra,right,361,[133; 145],[196],500,375,0,0,4995,5055.0,6390.0,6450.0,1335.0,2.0,145,196,2631.0,7251.0,pt,1830.0,6450.0,1830.0,"{'duration': 1335, 'source_transfer_time': 0, 'waiting_time': 15, 'trip_time': 1320, 'num_transfers': 2, 'departure_time': 5055, 'departure_day': 'current_day', 'arrival_time': 6390, 'arrival_day': 'current_day', 'steps': [{'duration': 690, 'departure_time': 5070, 'arrival_time': 5760, 'day': 'current_day', 'from_stop_id': '145-4', 'to_stop_id': 'MH-R-4', 'trip_id': '9-0-4', 'agency_name': 'Unknown'}, {'duration': 30, 'departure_time': 5760, 'arrival_time': 5790, 'day': 'current_day', 'from_stop_id': 'MH-R-4', 'to_stop_id': 'MH-R-5', 'trip_id': 'walking', 'agency_name': 'Unknown'}, {'duration': 450, 'departure_time': 5940, 'arrival_time': 6390, 'day': 'current_day', 'from_stop_id': 'MH-R-5', 'to_stop_id': '196-5', 'trip_id': '10-0-4', 'agency_name': 'Unknown'}]}"
123,163,7890,intra,right,362,[121; 133; 145],[141; 151; 161; 181],1000,751,1000,751,8641,8701.0,10590.0,10650.0,1889.0,2.0,121,161,3759.0,11649.0,pt,3511.0,11401.0,3511.0,"{'duration': 1889, 'source_transfer_time': 0, 'waiting_time': 89, 'trip_time': 1800, 'num_transfers': 2, 'departure_time': 8701, 'departure_day': 'current_day', 'arrival_time': 10590, 'arrival_day': 'current_day', 'steps': [{'duration': 1170, 'departure_time': 8790, 'arrival_time': 9960, 'day': 'current_day', 'from_stop_id': '121-4', 'to_stop_id': 'MH-R-4', 'trip_id': '9-0-11', 'agency_name': 'Unknown'}, {'duration': 30, 'departure_time': 9960, 'arrival_time': 9990, 'day': 'current_day', 'from_stop_id': 'MH-R-4', 'to_stop_id': 'MH-R-5', 'trip_id': 'walking', 'agency_name': 'Unknown'}, {'duration': 450, 'departure_time': 10140, 'arrival_time': 10590, 'day': 'current_day', 'from_stop_id': 'MH-R-5', 'to_stop_id': '161-5', 'trip_id': '10-1-11', 'agency_name': 'Unknown'}]}"
232,154,14070,intra,right,363,[231],[132; 144; 156; 175],500,375,1000,751,14445,14505.0,16110.0,16170.0,1605.0,2.0,231,156,4887.0,18957.0,pt,2851.0,16921.0,2851.0,"{'duration': 1605, 'source_transfer_time': 0, 'waiting_time': 285, 'trip_time': 1320, 'num_transfers': 2, 'departure_time': 14505, 'departure_day': 'current_day', 'arrival_time': 16110, 'arrival_day': 'current_day', 'steps': [{'duration': 570, 'departure_time': 14790, 'arrival_time': 15360, 'day': 'current_day', 'from_stop_id': '231-2', 'to_stop_id': 'MH-R-2', 'trip_id': '4-0-20', 'agency_name': 'Unknown'}, {'duration': 30, 'departure_time': 15360, 'arrival_time': 15390, 'day': 'current_day', 'from_stop_id': 'MH-R-2', 'to_stop_id': 'MH-R-4', 'trip_id': 'walking', 'agency_name': 'Unknown'}, {'duration': 570, 'departure_time': 15540, 'arrival_time': 16110, 'day': 'current_day', 'from_stop_id': 'MH-R-4', 'to_stop_id': '156-4', 'trip_id': '9-1-20', 'agency_name': 'Unknown'}]}"
164,135,4320,intra,right,364,[182],[133; 137; 145; 157],1000,751,1000,751,5071,5131.0,6390.0,6450.0,1259.0,2.0,182,137,3383.0,7703.0,pt,2881.0,7201.0,2881.0,"{'duration': 1259, 'source_transfer_time': 0, 'waiting_time': 59, 'trip_time': 1200, 'num_transfers': 2, 'departure_time': 5131, 'departure_day': 'current_day', 'arrival_time': 6390, 'arrival_day': 'current_day', 'steps': [{'duration': 570, 'departure_time': 5190, 'arrival_time': 5760, 'day': 'current_day', 'from_stop_id': '182-1', 'to_stop_id': 'MH-R-1', 'trip_id': '3-1-4', 'agency_name': 'Unknown'}, {'duration': 30, 'departure_time': 5760, 'arrival_time': 5790, 'day': 'current_day', 'from_stop_id': 'MH-R-1', 'to_stop_id': 'MH-R-2', 'trip_id': 'walking', 'agency_name': 'Unknown'}, {'duration': 450, 'departure_time': 5940, 'arrival_time': 6390, 'day': 'current_day', 'from_stop_id': 'MH-R-2', 'to_stop_id': '137-2', 'trip_id': '4-0-4', 'agency_name': 'Unknown'}]}"
162,236,9390,intra,right,365,[151; 161],[236],500,375,0,0,9765,9825.0,11910.0,11970.0,2085.0,2.0,151,236,3383.0,12773.0,pt,2580.0,11970.0,2580.0,"{'duration': 2085, 'source_transfer_time': 0, 'waiting_time': 45, 'trip_time': 2040, 'num_transfers': 2, 'departure_time': 9825, 'departure_day': 'current_day', 'arrival_time': 11910, 'arrival_day': 'current_day', 'steps': [{'duration': 690, 'departure_time': 9870, 'arrival_time': 10560, 'day': 'current_day', 'from_stop_id': '151-5', 'to_stop_id': 'MH-R-5', 'trip_id': '10-0-12', 'agency_name': 'Unknown'}, {'duration': 30, 'departure_time': 10560, 'arrival_time': 10590, 'day': 'current_day', 'from_stop_id': 'MH-R-5', 'to_stop_id': 'MH-R-4', 'trip_id': 'walking', 'agency_name': 'Unknown'}, {'duration': 1170, 'departure_time': 10740, 'arrival_time': 11910, 'day': 'current_day', 'from_stop_id': 'MH-R-4', 'to_stop_id': '236-4', 'trip_id': '9-0-12', 'agency_name': 'Unknown'}]}"
201,238,10380,intra,right,366,[201],[238],0,0,0,0,10380,10440.0,11430.0,11490.0,990.0,0.0,201,238,2255.0,12635.0,pt,1110.0,11490.0,1110.0,"{'duration': 990, 'source_transfer_time': 0, 'waiting_time': 150, 'trip_time': 840, 'num_transfers': 0, 'departure_time': 10440, 'departure_day': 'current_day', 'arrival_time': 11430, 'arrival_day': 'current_day', 'steps': [{'duration': 840, 'departure_time': 10590, 'arrival_time': 11430, 'day': 'current_day', 'from_stop_id': '201-4', 'to_stop_id': '238-4', 'trip_id': '9-1-13', 'agency_name': 'Unknown'}]}"
161,224,9300,intra,right,367,[161],[224],0,0,0,0,9300,9360.0,11070.0,11130.0,1710.0,2.0,161,224,3007.0,12307.0,pt,1830.0,11130.0,1830.0,"{'duration': 1710, 'source_transfer_time': 0, 'waiting_time': 150, 'trip_time': 1560, 'num_transfers': 2, 'departure_time': 9360, 'departure_day': 'current_day', 'arrival_time': 11070, 'arrival_day': 'current_day', 'steps': [{'duration': 450, 'departure_time': 9510, 'arrival_time': 9960, 'day': 'current_day', 'from_stop_id': '161-5', 'to_stop_id': 'MH-R-5', 'trip_id': '10-0-11', 'agency_name': 'Unknown'}, {'duration': 30, 'departure_time': 9960, 'arrival_time': 9990, 'day': 'current_day', 'from_stop_id': 'MH-R-5', 'to_stop_id': 'MH-R-4', 'trip_id': 'walking', 'agency_name': 'Unknown'}, {'duration': 930, 'departure_time': 10140, 'arrival_time': 11070, 'day': 'current_day', 'from_stop_id': 'MH-R-4', 'to_stop_id': '224-4', 'trip_id': '9-0-11', 'agency_name': 'Unknown'}]}"
192,133,5940,intra,right,368,[182],[133],500,375,0,0,6315,6375.0,8070.0,8130.0,1695.0,2.0,182,133,5263.0,11203.0,pt,2190.0,8130.0,2190.0,"{'duration': 1695, 'source_transfer_time': 0, 'waiting_time': 15, 'trip_time': 1680, 'num_transfers': 2, 'departure_time': 6375, 'departure_day': 'current_day', 'arrival_time': 8070, 'arrival_day': 'current_day', 'steps': [{'duration': 450, 'departure_time': 6390, 'arrival_time': 6840, 'day': 'current_day', 'from_stop_id': '182-1', 'to_stop_id': '239-1', 'trip_id': '3-1-6', 'agency_name': 'Unknown'}, {'duration': 30, 'departure_time': 6840, 'arrival_time': 6870, 'day': 'current_day', 'from_stop_id': '239-1', 'to_stop_id': '239-4', 'trip_id': 'walking', 'agency_name': 'Unknown'}, {'duration': 1200, 'departure_time': 6870, 'arrival_time': 8070, 'day': 'current_day', 'from_stop_id': '239-4', 'to_stop_id': '133-4', 'trip_id': '9-1-6', 'agency_name': 'Unknown'}]}"
211,160,5550,intra,right,369,[200; 212],[160],500,375,0,0,5925,5985.0,7470.0,7530.0,1485.0,2.0,200,160,2255.0,7805.0,pt,1980.0,7530.0,1980.0,"{'duration': 1485, 'source_transfer_time': 0, 'waiting_time': 525, 'trip_time': 960, 'num_transfers': 2, 'departure_time': 5985, 'departure_day': 'current_day', 'arrival_time': 7470, 'arrival_day': 'current_day', 'steps': [{'duration': 450, 'departure_time': 6510, 'arrival_time': 6960, 'day': 'current_day', 'from_stop_id': '200-4', 'to_stop_id': 'MH-R-4', 'trip_id': '9-1-6', 'agency_name': 'Unknown'}, {'duration': 30, 'departure_time': 6960, 'arrival_time': 6990, 'day': 'current_day', 'from_stop_id': 'MH-R-4', 'to_stop_id': 'MH-R-5', 'trip_id': 'walking', 'agency_name': 'Unknown'}, {'duration': 330, 'departure_time': 7140, 'arrival_time': 7470, 'day': 'current_day', 'from_stop_id': 'MH-R-5', 'to_stop_id': '160-5', 'trip_id': '10-1-6', 'agency_name': 'Unknown'}]}"
147,227,11460,intra,right,370,[148],[227],500,375,0,0,11835,11895.0,13590.0,13650.0,1695.0,3.0,148,227,4135.0,15595.0,pt,2190.0,13650.0,2190.0,"{'duration': 1695, 'source_transfer_time': 0, 'waiting_time': 135, 'trip_time': 1560, 'num_transfers': 3, 'departure_time': 11895, 'departure_day': 'current_day', 'arrival_time': 13590, 'arrival_day': 'current_day', 'steps': [{'duration': 210, 'departure_time': 12030, 'arrival_time': 12240, 'day': 'current_day', 'from_stop_id': '148-2', 'to_stop_id': '237-2', 'trip_id': '4-1-15', 'agency_name': 'Unknown'}, {'duration': 30, 'departure_time': 12240, 'arrival_time': 12270, 'day': 'current_day', 'from_stop_id': '237-2', 'to_stop_id': '237-5', 'trip_id': 'walking', 'agency_name': 'Unknown'}, {'duration': 360, 'departure_time': 12270, 'arrival_time': 12630, 'day': 'current_day', 'from_stop_id': '237-5', 'to_stop_id': '240-5', 'trip_id': '10-0-15', 'agency_name': 'Unknown'}, {'duration': 930, 'departure_time': 12660, 'arrival_time': 13590, 'day': 'current_day', 'from_stop_id': '240-5', 'to_stop_id': '227-5', 'trip_id': '10-0-15', 'agency_name': 'Unknown'}]}"
131,197,9090,intra,right,371,[131],[197],0,0,0,0,9090,9150.0,11070.0,11130.0,1920.0,0.0,131,197,4887.0,13977.0,pt,2040.0,11130.0,2040.0,"{'duration': 1920, 'source_transfer_time': 0, 'waiting_time': 240, 'trip_time': 1680, 'num_transfers': 0, 'departure_time': 9150, 'departure_day': 'current_day', 'arrival_time': 11070, 'arrival_day': 'current_day', 'steps': [{'duration': 1680, 'departure_time': 9390, 'arrival_time': 11070, 'day': 'current_day', 'from_stop_id': '131-5', 'to_stop_id': '197-5', 'trip_id': '10-0-12', 'agency_name': 'Unknown'}]}"
235,144,12060,intra,right,372,[224; 236],[144],500,375,0,0,12435,12495.0,14550.0,14610.0,2055.0,0.0,224,144,6015.0,18075.0,pt,2550.0,14610.0,2550.0,"{'duration': 2055, 'source_transfer_time': 0, 'waiting_time': 135, 'trip_time': 1920, 'num_transfers': 0, 'departure_time': 12495, 'departure_day': 'current_day', 'arrival_time': 14550, 'arrival_day': 'current_day', 'steps': [{'duration': 1920, 'departure_time': 12630, 'arrival_time': 14550, 'day': 'current_day', 'from_stop_id': '224-4', 'to_stop_id': '144-4', 'trip_id': '9-1-17', 'agency_name': 'Unknown'}]}"
181,185,8970,intra,right,373,[181],[177],0,0,500,375,8970,9030.0,10470.0,10530.0,1440.0,0.0,181,177,3007.0,11977.0,pt,1935.0,10905.0,1935.0,"{'duration': 1440, 'source_transfer_time': 0, 'waiting_time': 480, 'trip_time': 960, 'num_transfers': 0, 'departure_time': 9030, 'departure_day': 'current_day', 'arrival_time': 10470, 'arrival_day': 'current_day', 'steps': [{'duration': 960, 'departure_time': 9510, 'arrival_time': 10470, 'day': 'current_day', 'from_stop_id': '181-1', 'to_stop_id': '177-1', 'trip_id': '3-1-11', 'agency_name': 'Unknown'}]}"
164,200,12840,intra,right,374,[182],[200],1000,751,0,0,13591,13651.0,15390.0,15450.0,1739.0,2.0,182,200,2631.0,15471.0,pt,2610.0,15450.0,2610.0,"{'duration': 1739, 'source_transfer_time': 0, 'waiting_time': 539, 'trip_time': 1200, 'num_transfers': 2, 'departure_time': 13651, 'departure_day': 'current_day', 'arrival_time': 15390, 'arrival_day': 'current_day', 'steps': [{'duration': 450, 'departure_time': 14190, 'arrival_time': 14640, 'day': 'current_day', 'from_stop_id': '182-1', 'to_stop_id': '239-1', 'trip_id': '3-1-19', 'agency_name': 'Unknown'}, {'duration': 30, 'departure_time': 14640, 'arrival_time': 14670, 'day': 'current_day', 'from_stop_id': '239-1', 'to_stop_id': '239-4', 'trip_id': 'walking', 'agency_name': 'Unknown'}, {'duration': 330, 'departure_time': 15060, 'arrival_time': 15390, 'day': 'current_day', 'from_stop_id': '239-4', 'to_stop_id': '200-4', 'trip_id': '9-0-19', 'agency_name': 'Unknown'}]}"
233,172,8730,intra,right,375,[231],[180],1000,751,500,375,9481,9541.0,11070.0,11130.0,1529.0,2.0,231,180,2631.0,11361.0,walking,2631.0,11505.0,2775.0,"{'duration': 1529, 'source_transfer_time': 0, 'waiting_time': 449, 'trip_time': 1080, 'num_transfers': 2, 'departure_time': 9541, 'departure_day': 'current_day', 'arrival_time': 11070, 'arrival_day': 'current_day', 'steps': [{'duration': 570, 'departure_time': 9990, 'arrival_time': 10560, 'day': 'current_day', 'from_stop_id': '231-2', 'to_stop_id': 'MH-R-2', 'trip_id': '4-0-12', 'agency_name': 'Unknown'}, {'duration': 30, 'departure_time': 10560, 'arrival_time': 10590, 'day': 'current_day', 'from_stop_id': 'MH-R-2', 'to_stop_id': 'MH-R-1', 'trip_id': 'walking', 'agency_name': 'Unknown'}, {'duration': 330, 'departure_time': 10740, 'arrival_time': 11070, 'day': 'current_day', 'from_stop_id': 'MH-R-1', 'to_stop_id': '180-1', 'trip_id': '3-0-12', 'agency_name': 'Unknown'}]}"
134,142,4080,intra,right,376,[133; 145],[131; 141],500,375,500,375,4455,4515.0,6870.0,6930.0,2355.0,2.0,133,141,3007.0,7087.0,walking,3007.0,7305.0,3225.0,"{'duration': 2355, 'source_transfer_time': 0, 'waiting_time': 315, 'trip_time': 2040, 'num_transfers': 2, 'departure_time': 4515, 'departure_day': 'current_day', 'arrival_time': 6870, 'arrival_day': 'current_day', 'steps': [{'duration': 930, 'departure_time': 4830, 'arrival_time': 5760, 'day': 'current_day', 'from_stop_id': '133-4', 'to_stop_id': 'MH-R-4', 'trip_id': '9-0-4', 'agency_name': 'Unknown'}, {'duration': 30, 'departure_time': 5760, 'arrival_time': 5790, 'day': 'current_day', 'from_stop_id': 'MH-R-4', 'to_stop_id': 'MH-R-5', 'trip_id': 'walking', 'agency_name': 'Unknown'}, {'duration': 930, 'departure_time': 5940, 'arrival_time': 6870, 'day': 'current_day', 'from_stop_id': 'MH-R-5', 'to_stop_id': '141-5', 'trip_id': '10-1-4', 'agency_name': 'Unknown'}]}"
152,235,5220,intra,right,377,[141; 151],[224; 236],500,375,500,375,5595,5655.0,7470.0,7530.0,1815.0,2.0,151,224,3007.0,8227.0,pt,2685.0,7905.0,2685.0,"{'duration': 1815, 'source_transfer_time': 0, 'waiting_time': 15, 'trip_time': 1800, 'num_transfers': 2, 'departure_time': 5655, 'departure_day': 'current_day', 'arrival_time': 7470, 'arrival_day': 'current_day', 'steps': [{'duration': 690, 'departure_time': 5670, 'arrival_time': 6360, 'day': 'current_day', 'from_stop_id': '151-5', 'to_stop_id': 'MH-R-5', 'trip_id': '10-0-5', 'agency_name': 'Unknown'}, {'duration': 30, 'departure_time': 6360, 'arrival_time': 6390, 'day': 'current_day', 'from_stop_id': 'MH-R-5', 'to_stop_id': 'MH-R-4', 'trip_id': 'walking', 'agency_name': 'Unknown'}, {'duration': 930, 'departure_time': 6540, 'arrival_time': 7470, 'day': 'current_day', 'from_stop_id': 'MH-R-4', 'to_stop_id': '224-4', 'trip_id': '9-0-5', 'agency_name': 'Unknown'}]}"
150,211,13620,intra,right,378,[150],[200; 212],0,0,500,375,13620,13680.0,15390.0,15450.0,1710.0,2.0,150,200,2255.0,15875.0,pt,2205.0,15825.0,2205.0,"{'duration': 1710, 'source_transfer_time': 0, 'waiting_time': 510, 'trip_time': 1200, 'num_transfers': 2, 'departure_time': 13680, 'departure_day': 'current_day', 'arrival_time': 15390, 'arrival_day': 'current_day', 'steps': [{'duration': 570, 'departure_time': 14190, 'arrival_time': 14760, 'day': 'current_day', 'from_stop_id': '150-5', 'to_stop_id': 'MH-R-5', 'trip_id': '10-0-19', 'agency_name': 'Unknown'}, {'duration': 30, 'departure_time': 14760, 'arrival_time': 14790, 'day': 'current_day', 'from_stop_id': 'MH-R-5', 'to_stop_id': 'MH-R-4', 'trip_id': 'walking', 'agency_name': 'Unknown'}, {'duration': 450, 'departure_time': 14940, 'arrival_time': 15390, 'day': 'current_day', 'from_stop_id': 'MH-R-4', 'to_stop_id': '200-4', 'trip_id': '9-0-19', 'agency_name': 'Unknown'}]}"
183,219,11280,intra,right,379,[175],[220],500,375,500,375,11655,11715.0,12990.0,13050.0,1275.0,2.0,175,220,2631.0,13911.0,pt,2145.0,13425.0,2145.0,"{'duration': 1275, 'source_transfer_time': 0, 'waiting_time': 75, 'trip_time': 1200, 'num_transfers': 2, 'departure_time': 11715, 'departure_day': 'current_day', 'arrival_time': 12990, 'arrival_day': 'current_day', 'steps': [{'duration': 570, 'departure_time': 11790, 'arrival_time': 12360, 'day': 'current_day', 'from_stop_id': '175-1', 'to_stop_id': 'MH-R-1', 'trip_id': '3-0-15', 'agency_name': 'Unknown'}, {'duration': 30, 'departure_time': 12360, 'arrival_time': 12390, 'day': 'current_day', 'from_stop_id': 'MH-R-1', 'to_stop_id': 'MH-R-2', 'trip_id': 'walking', 'agency_name': 'Unknown'}, {'duration': 450, 'departure_time': 12540, 'arrival_time': 12990, 'day': 'current_day', 'from_stop_id': 'MH-R-2', 'to_stop_id': '220-2', 'trip_id': '4-1-15', 'agency_name': 'Unknown'}]}"
182,211,5160,intra,right,380,[182],[200; 212],0,0,500,375,5160,5220.0,6990.0,7050.0,1770.0,2.0,182,200,2255.0,7415.0,walking,2255.0,7425.0,2265.0,"{'duration': 1770, 'source_transfer_time': 0, 'waiting_time': 570, 'trip_time': 1200, 'num_transfers': 2, 'departure_time': 5220, 'departure_day': 'current_day', 'arrival_time': 6990, 'arrival_day': 'current_day', 'steps': [{'duration': 450, 'departure_time': 5790, 'arrival_time': 6240, 'day': 'current_day', 'from_stop_id': '182-1', 'to_stop_id': '239-1', 'trip_id': '3-1-5', 'agency_name': 'Unknown'}, {'duration': 30, 'departure_time': 6240, 'arrival_time': 6270, 'day': 'current_day', 'from_stop_id': '239-1', 'to_stop_id': '239-4', 'trip_id': 'walking', 'agency_name': 'Unknown'}, {'duration': 330, 'departure_time': 6660, 'arrival_time': 6990, 'day': 'current_day', 'from_stop_id': '239-4', 'to_stop_id': '200-4', 'trip_id': '9-0-5', 'agency_name': 'Unknown'}]}"
133,212,12660,intra,right,381,[133],[212],0,0,0,0,12660,12720.0,15030.0,15090.0,2310.0,0.0,133,212,5263.0,17923.0,pt,2430.0,15090.0,2430.0,"{'duration': 2310, 'source_transfer_time': 0, 'waiting_time': 510, 'trip_time': 1800, 'num_transfers': 0, 'departure_time': 12720, 'departure_day': 'current_day', 'arrival_time': 15030, 'arrival_day': 'current_day', 'steps': [{'duration': 1800, 'departure_time': 13230, 'arrival_time': 15030, 'day': 'current_day', 'from_stop_id': '133-4', 'to_stop_id': '212-4', 'trip_id': '9-0-18', 'agency_name': 'Unknown'}]}"
189,228,3990,intra,right,382,[189],[217; 227],0,0,500,375,3990,4050.0,5550.0,5610.0,1500.0,2.0,189,217,3383.0,7373.0,pt,1995.0,5985.0,1995.0,"{'duration': 1500, 'source_transfer_time': 0, 'waiting_time': 180, 'trip_time': 1320, 'num_transfers': 2, 'departure_time': 4050, 'departure_day': 'current_day', 'arrival_time': 5550, 'arrival_day': 'current_day', 'steps': [{'duration': 330, 'departure_time': 4230, 'arrival_time': 4560, 'day': 'current_day', 'from_stop_id': '189-4', 'to_stop_id': 'MH-R-4', 'trip_id': '9-1-2', 'agency_name': 'Unknown'}, {'duration': 30, 'departure_time': 4560, 'arrival_time': 4590, 'day': 'current_day', 'from_stop_id': 'MH-R-4', 'to_stop_id': 'MH-R-5', 'trip_id': 'walking', 'agency_name': 'Unknown'}, {'duration': 810, 'departure_time': 4740, 'arrival_time': 5550, 'day': 'current_day', 'from_stop_id': 'MH-R-5', 'to_stop_id': '217-5', 'trip_id': '10-0-2', 'agency_name': 'Unknown'}]}"
217,154,6390,intra,right,383,[217],[132; 144; 156; 175],0,0,1000,751,6390,6450.0,8310.0,8370.0,1860.0,2.0,217,156,3007.0,9397.0,pt,2731.0,9121.0,2731.0,"{'duration': 1860, 'source_transfer_time': 0, 'waiting_time': 300, 'trip_time': 1560, 'num_transfers': 2, 'departure_time': 6450, 'departure_day': 'current_day', 'arrival_time': 8310, 'arrival_day': 'current_day', 'steps': [{'duration': 810, 'departure_time': 6750, 'arrival_time': 7560, 'day': 'current_day', 'from_stop_id': '217-5', 'to_stop_id': 'MH-R-5', 'trip_id': '10-1-7', 'agency_name': 'Unknown'}, {'duration': 30, 'departure_time': 7560, 'arrival_time': 7590, 'day': 'current_day', 'from_stop_id': 'MH-R-5', 'to_stop_id': 'MH-R-4', 'trip_id': 'walking', 'agency_name': 'Unknown'}, {'duration': 570, 'departure_time': 7740, 'arrival_time': 8310, 'day': 'current_day', 'from_stop_id': 'MH-R-4', 'to_stop_id': '156-4', 'trip_id': '9-1-7', 'agency_name': 'Unknown'}]}"
194,145,14400,intra,right,384,[176; 196; 206; 216],[145],1000,751,0,0,15151,15211.0,16830.0,16890.0,1619.0,2.0,176,145,2255.0,16655.0,walking,2255.0,16890.0,2490.0,"{'duration': 1619, 'source_transfer_time': 0, 'waiting_time': 299, 'trip_time': 1320, 'num_transfers': 2, 'departure_time': 15211, 'departure_day': 'current_day', 'arrival_time': 16830, 'arrival_day': 'current_day', 'steps': [{'duration': 330, 'departure_time': 15510, 'arrival_time': 15840, 'day': 'current_day', 'from_stop_id': '176-1', 'to_stop_id': '238-1', 'trip_id': '3-0-21', 'agency_name': 'Unknown'}, {'duration': 30, 'departure_time': 15840, 'arrival_time': 15870, 'day': 'current_day', 'from_stop_id': '238-1', 'to_stop_id': '238-4', 'trip_id': 'walking', 'agency_name': 'Unknown'}, {'duration': 570, 'departure_time': 16260, 'arrival_time': 16830, 'day': 'current_day', 'from_stop_id': '238-4', 'to_stop_id': '145-4', 'trip_id': '9-1-21', 'agency_name': 'Unknown'}]}"
177,141,13200,intra,right,385,[177],[141],0,0,0,0,13200,13260.0,15270.0,15330.0,2010.0,2.0,177,141,4135.0,17335.0,pt,2130.0,15330.0,2130.0,"{'duration': 2010, 'source_transfer_time': 0, 'waiting_time': 570, 'trip_time': 1440, 'num_transfers': 2, 'departure_time': 13260, 'departure_day': 'current_day', 'arrival_time': 15270, 'arrival_day': 'current_day', 'steps': [{'duration': 330, 'departure_time': 13830, 'arrival_time': 14160, 'day': 'current_day', 'from_stop_id': '177-1', 'to_stop_id': 'MH-R-1', 'trip_id': '3-0-18', 'agency_name': 'Unknown'}, {'duration': 30, 'departure_time': 14160, 'arrival_time': 14190, 'day': 'current_day', 'from_stop_id': 'MH-R-1', 'to_stop_id': 'MH-R-5', 'trip_id': 'walking', 'agency_name': 'Unknown'}, {'duration': 930, 'departure_time': 14340, 'arrival_time': 15270, 'day': 'current_day', 'from_stop_id': 'MH-R-5', 'to_stop_id': '141-5', 'trip_id': '10-1-18', 'agency_name': 'Unknown'}]}"
208,142,14100,intra,right,386,[197; 207; 209],[131; 141],500,375,500,375,14475,14535.0,16470.0,16530.0,1935.0,0.0,197,141,4887.0,18987.0,pt,2805.0,16905.0,2805.0,"{'duration': 1935, 'source_transfer_time': 0, 'waiting_time': 495, 'trip_time': 1440, 'num_transfers': 0, 'departure_time': 14535, 'departure_day': 'current_day', 'arrival_time': 16470, 'arrival_day': 'current_day', 'steps': [{'duration': 1440, 'departure_time': 15030, 'arrival_time': 16470, 'day': 'current_day', 'from_stop_id': '197-5', 'to_stop_id': '141-5', 'trip_id': '10-1-20', 'agency_name': 'Unknown'}]}"
129,234,6690,intra,right,387,[130; 140],[212; 224; 236],500,375,1000,751,7065,7125.0,9030.0,9090.0,1905.0,2.0,140,212,3759.0,10449.0,pt,3151.0,9841.0,3151.0,"{'duration': 1905, 'source_transfer_time': 0, 'waiting_time': 225, 'trip_time': 1680, 'num_transfers': 2, 'departure_time': 7125, 'departure_day': 'current_day', 'arrival_time': 9030, 'arrival_day': 'current_day', 'steps': [{'duration': 810, 'departure_time': 7350, 'arrival_time': 8160, 'day': 'current_day', 'from_stop_id': '140-5', 'to_stop_id': 'MH-R-5', 'trip_id': '10-0-8', 'agency_name': 'Unknown'}, {'duration': 30, 'departure_time': 8160, 'arrival_time': 8190, 'day': 'current_day', 'from_stop_id': 'MH-R-5', 'to_stop_id': 'MH-R-4', 'trip_id': 'walking', 'agency_name': 'Unknown'}, {'duration': 690, 'departure_time': 8340, 'arrival_time': 9030, 'day': 'current_day', 'from_stop_id': 'MH-R-4', 'to_stop_id': '212-4', 'trip_id': '9-0-8', 'agency_name': 'Unknown'}]}"
226,203,3630,intra,right,388,[226],[182; 201; 213; 225],0,0,1000,751,3630,3690.0,5910.0,5970.0,2220.0,2.0,226,182,4887.0,8517.0,pt,3091.0,6721.0,3091.0,"{'duration': 2220, 'source_transfer_time': 0, 'waiting_time': 300, 'trip_time': 1920, 'num_transfers': 2, 'departure_time': 3690, 'departure_day': 'current_day', 'arrival_time': 5910, 'arrival_day': 'current_day', 'steps': [{'duration': 1170, 'departure_time': 3990, 'arrival_time': 5160, 'day': 'current_day', 'from_stop_id': '226-5', 'to_stop_id': 'MH-R-5', 'trip_id': '10-1-3', 'agency_name': 'Unknown'}, {'duration': 30, 'departure_time': 5160, 'arrival_time': 5190, 'day': 'current_day', 'from_stop_id': 'MH-R-5', 'to_stop_id': 'MH-R-1', 'trip_id': 'walking', 'agency_name': 'Unknown'}, {'duration': 570, 'departure_time': 5340, 'arrival_time': 5910, 'day': 'current_day', 'from_stop_id': 'MH-R-1', 'to_stop_id': '182-1', 'trip_id': '3-0-3', 'agency_name': 'Unknown'}]}"
212,144,4920,intra,right,389,[212],[144],0,0,0,0,4920,4980.0,6750.0,6810.0,1770.0,0.0,212,144,4887.0,9807.0,pt,1890.0,6810.0,1890.0,"{'duration': 1770, 'source_transfer_time': 0, 'waiting_time': 90, 'trip_time': 1680, 'num_transfers': 0, 'departure_time': 4980, 'departure_day': 'current_day', 'arrival_time': 6750, 'arrival_day': 'current_day', 'steps': [{'duration': 1680, 'departure_time': 5070, 'arrival_time': 6750, 'day': 'current_day', 'from_stop_id': '212-4', 'to_stop_id': '144-4', 'trip_id': '9-1-4', 'agency_name': 'Unknown'}]}"
143,234,4320,intra,right,390,[132; 144],[212; 224; 236],500,375,1000,751,4695,4755.0,6630.0,6690.0,1875.0,0.0,144,212,6015.0,10335.0,pt,3121.0,7441.0,3121.0,"{'duration': 1875, 'source_transfer_time': 0, 'waiting_time': 195, 'trip_time': 1680, 'num_transfers': 0, 'departure_time': 4755, 'departure_day': 'current_day', 'arrival_time': 6630, 'arrival_day': 'current_day', 'steps': [{'duration': 1680, 'departure_time': 4950, 'arrival_time': 6630, 'day': 'current_day', 'from_stop_id': '144-4', 'to_stop_id': '212-4', 'trip_id': '9-0-4', 'agency_name': 'Unknown'}]}"
176,181,6480,intra,right,391,[176],[181],0,0,0,0,6480,6540.0,8190.0,8250.0,1650.0,0.0,176,181,3007.0,9487.0,pt,1770.0,8250.0,1770.0,"{'duration': 1650, 'source_transfer_time': 0, 'waiting_time': 570, 'trip_time': 1080, 'num_transfers': 0, 'departure_time': 6540, 'departure_day': 'current_day', 'arrival_time': 8190, 'arrival_day': 'current_day', 'steps': [{'duration': 1080, 'departure_time': 7110, 'arrival_time': 8190, 'day': 'current_day', 'from_stop_id': '176-1', 'to_stop_id': '181-1', 'trip_id': '3-0-7', 'agency_name': 'Unknown'}]}"
167,222,14220,intra,right,392,[156; 168; 177],[200; 212; 220; 224],500,375,1000,751,14595,14655.0,15990.0,16050.0,1335.0,0.0,156,200,3759.0,17979.0,pt,2581.0,16801.0,2581.0,"{'duration': 1335, 'source_transfer_time': 0, 'waiting_time': 135, 'trip_time': 1200, 'num_transfers': 0, 'departure_time': 14655, 'departure_day': 'current_day', 'arrival_time': 15990, 'arrival_day': 'current_day', 'steps': [{'duration': 1200, 'departure_time': 14790, 'arrival_time': 15990, 'day': 'current_day', 'from_stop_id': '156-4', 'to_stop_id': '200-4', 'trip_id': '9-0-20', 'agency_name': 'Unknown'}]}"
240,150,12690,intra,right,393,[240],[150],0,0,0,0,12690,12750.0,13710.0,13770.0,960.0,0.0,240,150,2255.0,14945.0,pt,1080.0,13770.0,1080.0,"{'duration': 960, 'source_transfer_time': 0, 'waiting_time': 120, 'trip_time': 840, 'num_transfers': 0, 'departure_time': 12750, 'departure_day': 'current_day', 'arrival_time': 13710, 'arrival_day': 'current_day', 'steps': [{'duration': 840, 'departure_time': 12870, 'arrival_time': 13710, 'day': 'current_day', 'from_stop_id': '240-5', 'to_stop_id': '150-5', 'trip_id': '10-1-16', 'agency_name': 'Unknown'}]}"
186,138,13020,intra,right,394,[178; 187; 196],[137],500,375,500,375,13395,13455.0,14790.0,14850.0,1335.0,2.0,178,137,3007.0,16027.0,pt,2205.0,15225.0,2205.0,"{'duration': 1335, 'source_transfer_time': 0, 'waiting_time': 495, 'trip_time': 840, 'num_transfers': 2, 'departure_time': 13455, 'departure_day': 'current_day', 'arrival_time': 14790, 'arrival_day': 'current_day', 'steps': [{'duration': 210, 'departure_time': 13950, 'arrival_time': 14160, 'day': 'current_day', 'from_stop_id': '178-1', 'to_stop_id': 'MH-R-1', 'trip_id': '3-0-18', 'agency_name': 'Unknown'}, {'duration': 30, 'departure_time': 14160, 'arrival_time': 14190, 'day': 'current_day', 'from_stop_id': 'MH-R-1', 'to_stop_id': 'MH-R-2', 'trip_id': 'walking', 'agency_name': 'Unknown'}, {'duration': 450, 'departure_time': 14340, 'arrival_time': 14790, 'day': 'current_day', 'from_stop_id': 'MH-R-2', 'to_stop_id': '137-2', 'trip_id': '4-0-18', 'agency_name': 'Unknown'}]}"
139,208,6300,intra,right,395,[140; 150],[197; 207; 209],500,375,500,375,6675,6735.0,8070.0,8130.0,1335.0,0.0,140,197,3759.0,10059.0,pt,2205.0,8505.0,2205.0,"{'duration': 1335, 'source_transfer_time': 0, 'waiting_time': 15, 'trip_time': 1320, 'num_transfers': 0, 'departure_time': 6735, 'departure_day': 'current_day', 'arrival_time': 8070, 'arrival_day': 'current_day', 'steps': [{'duration': 1320, 'departure_time': 6750, 'arrival_time': 8070, 'day': 'current_day', 'from_stop_id': '140-5', 'to_stop_id': '197-5', 'trip_id': '10-0-7', 'agency_name': 'Unknown'}]}"
137,206,4290,intra,right,396,[137],[206],0,0,0,0,4290,4350.0,6030.0,6090.0,1680.0,3.0,137,206,3759.0,8049.0,pt,1800.0,6090.0,1800.0,"{'duration': 1680, 'source_transfer_time': 0, 'waiting_time': 360, 'trip_time': 1320, 'num_transfers': 3, 'departure_time': 4350, 'departure_day': 'current_day', 'arrival_time': 6030, 'arrival_day': 'current_day', 'steps': [{'duration': 330, 'departure_time': 4710, 'arrival_time': 5040, 'day': 'current_day', 'from_stop_id': '137-2', 'to_stop_id': '237-2', 'trip_id': '4-1-3', 'agency_name': 'Unknown'}, {'duration': 30, 'departure_time': 5040, 'arrival_time': 5070, 'day': 'current_day', 'from_stop_id': '237-2', 'to_stop_id': '237-5', 'trip_id': 'walking', 'agency_name': 'Unknown'}, {'duration': 360, 'departure_time': 5070, 'arrival_time': 5430, 'day': 'current_day', 'from_stop_id': '237-5', 'to_stop_id': '240-5', 'trip_id': '10-0-3', 'agency_name': 'Unknown'}, {'duration': 570, 'departure_time': 5460, 'arrival_time': 6030, 'day': 'current_day', 'from_stop_id': '240-5', 'to_stop_id': '206-5', 'trip_id': '10-0-3', 'agency_name': 'Unknown'}]}"
209,181,11280,intra,right,397,[209],[181],0,0,0,0,11280,11340.0,12390.0,12450.0,1050.0,2.0,209,181,2631.0,13911.0,pt,1170.0,12450.0,1170.0,"{'duration': 1050, 'source_transfer_time': 0, 'waiting_time': 90, 'trip_time': 960, 'num_transfers': 2, 'departure_time': 11340, 'departure_day': 'current_day', 'arrival_time': 12390, 'arrival_day': 'current_day', 'steps': [{'duration': 330, 'departure_time': 11430, 'arrival_time': 11760, 'day': 'current_day', 'from_stop_id': '209-2', 'to_stop_id': 'MH-R-2', 'trip_id': '4-0-14', 'agency_name': 'Unknown'}, {'duration': 30, 'departure_time': 11760, 'arrival_time': 11790, 'day': 'current_day', 'from_stop_id': 'MH-R-2', 'to_stop_id': 'MH-R-1', 'trip_id': 'walking', 'agency_name': 'Unknown'}, {'duration': 450, 'departure_time': 11940, 'arrival_time': 12390, 'day': 'current_day', 'from_stop_id': 'MH-R-1', 'to_stop_id': '181-1', 'trip_id': '3-0-14', 'agency_name': 'Unknown'}]}"
150,133,13170,intra,right,398,[150],[133],0,0,0,0,13170,13230.0,15270.0,15330.0,2040.0,2.0,150,133,2631.0,15801.0,pt,2160.0,15330.0,2160.0,"{'duration': 2040, 'source_transfer_time': 0, 'waiting_time': 360, 'trip_time': 1680, 'num_transfers': 2, 'departure_time': 13230, 'departure_day': 'current_day', 'arrival_time': 15270, 'arrival_day': 'current_day', 'steps': [{'duration': 570, 'departure_time': 13590, 'arrival_time': 14160, 'day': 'current_day', 'from_stop_id': '150-5', 'to_stop_id': 'MH-R-5', 'trip_id': '10-0-18', 'agency_name': 'Unknown'}, {'duration': 30, 'departure_time': 14160, 'arrival_time': 14190, 'day': 'current_day', 'from_stop_id': 'MH-R-5', 'to_stop_id': 'MH-R-4', 'trip_id': 'walking', 'agency_name': 'Unknown'}, {'duration': 930, 'departure_time': 14340, 'arrival_time': 15270, 'day': 'current_day', 'from_stop_id': 'MH-R-4', 'to_stop_id': '133-4', 'trip_id': '9-1-18', 'agency_name': 'Unknown'}]}"
221,162,12900,intra,right,399,[220],[151; 161],500,375,500,375,13275,13335.0,14790.0,14850.0,1455.0,2.0,220,161,3007.0,15907.0,pt,2325.0,15225.0,2325.0,"{'duration': 1455, 'source_transfer_time': 0, 'waiting_time': 375, 'trip_time': 1080, 'num_transfers': 2, 'departure_time': 13335, 'departure_day': 'current_day', 'arrival_time': 14790, 'arrival_day': 'current_day', 'steps': [{'duration': 330, 'departure_time': 13710, 'arrival_time': 14040, 'day': 'current_day', 'from_stop_id': '220-2', 'to_stop_id': '240-2', 'trip_id': '4-0-18', 'agency_name': 'Unknown'}, {'duration': 30, 'departure_time': 14040, 'arrival_time': 14070, 'day': 'current_day', 'from_stop_id': '240-2', 'to_stop_id': '240-5', 'trip_id': 'walking', 'agency_name': 'Unknown'}, {'duration': 720, 'departure_time': 14070, 'arrival_time': 14790, 'day': 'current_day', 'from_stop_id': '240-5', 'to_stop_id': '161-5', 'trip_id': '10-1-18', 'agency_name': 'Unknown'}]}"
165,130,9900,intra,right,400,[175],[130],500,375,0,0,10275,10335.0,12390.0,12450.0,2055.0,2.0,175,130,4887.0,14787.0,pt,2550.0,12450.0,2550.0,"{'duration': 2055, 'source_transfer_time': 0, 'waiting_time': 255, 'trip_time': 1800, 'num_transfers': 2, 'departure_time': 10335, 'departure_day': 'current_day', 'arrival_time': 12390, 'arrival_day': 'current_day', 'steps': [{'duration': 570, 'departure_time': 10590, 'arrival_time': 11160, 'day': 'current_day', 'from_stop_id': '175-1', 'to_stop_id': 'MH-R-1', 'trip_id': '3-0-13', 'agency_name': 'Unknown'}, {'duration': 30, 'departure_time': 11160, 'arrival_time': 11190, 'day': 'current_day', 'from_stop_id': 'MH-R-1', 'to_stop_id': 'MH-R-5', 'trip_id': 'walking', 'agency_name': 'Unknown'}, {'duration': 1050, 'departure_time': 11340, 'arrival_time': 12390, 'day': 'current_day', 'from_stop_id': 'MH-R-5', 'to_stop_id': '130-5', 'trip_id': '10-1-13', 'agency_name': 'Unknown'}]}"
181,228,9300,intra,right,401,[181],[217; 227],0,0,500,375,9300,9360.0,10950.0,11010.0,1590.0,2.0,181,217,4511.0,13811.0,pt,2085.0,11385.0,2085.0,"{'duration': 1590, 'source_transfer_time': 0, 'waiting_time': 150, 'trip_time': 1440, 'num_transfers': 2, 'departure_time': 9360, 'departure_day': 'current_day', 'arrival_time': 10950, 'arrival_day': 'current_day', 'steps': [{'duration': 450, 'departure_time': 9510, 'arrival_time': 9960, 'day': 'current_day', 'from_stop_id': '181-1', 'to_stop_id': 'MH-R-1', 'trip_id': '3-1-11', 'agency_name': 'Unknown'}, {'duration': 30, 'departure_time': 9960, 'arrival_time': 9990, 'day': 'current_day', 'from_stop_id': 'MH-R-1', 'to_stop_id': 'MH-R-5', 'trip_id': 'walking', 'agency_name': 'Unknown'}, {'duration': 810, 'departure_time': 10140, 'arrival_time': 10950, 'day': 'current_day', 'from_stop_id': 'MH-R-5', 'to_stop_id': '217-5', 'trip_id': '10-0-11', 'agency_name': 'Unknown'}]}"
241,236,10440,intra,right,402,[241],[236],0,0,0,0,10440,10500.0,11910.0,11970.0,1410.0,0.0,MH-R,236,3759.0,14199.0,pt,1530.0,11970.0,1530.0,"{'duration': 1410, 'source_transfer_time': 0, 'waiting_time': 240, 'trip_time': 1170, 'num_transfers': 0, 'departure_time': 10500, 'departure_day': 'current_day', 'arrival_time': 11910, 'arrival_day': 'current_day', 'steps': [{'duration': 1170, 'departure_time': 10740, 'arrival_time': 11910, 'day': 'current_day', 'from_stop_id': 'MH-R-4', 'to_stop_id': '236-4', 'trip_id': '9-0-12', 'agency_name': 'Unknown'}]}"
193,124,12510,intra,right,403,[175],[126],1000,751,1000,751,13261,13321.0,14910.0,14970.0,1589.0,2.0,175,126,3759.0,16269.0,pt,3211.0,15721.0,3211.0,"{'duration': 1589, 'source_transfer_time': 0, 'waiting_time': 269, 'trip_time': 1320, 'num_transfers': 2, 'departure_time': 13321, 'departure_day': 'current_day', 'arrival_time': 14910, 'arrival_day': 'current_day', 'steps': [{'duration': 570, 'departure_time': 13590, 'arrival_time': 14160, 'day': 'current_day', 'from_stop_id': '175-1', 'to_stop_id': 'MH-R-1', 'trip_id': '3-0-18', 'agency_name': 'Unknown'}, {'duration': 30, 'departure_time': 14160, 'arrival_time': 14190, 'day': 'current_day', 'from_stop_id': 'MH-R-1', 'to_stop_id': 'MH-R-2', 'trip_id': 'walking', 'agency_name': 'Unknown'}, {'duration': 570, 'departure_time': 14340, 'arrival_time': 14910, 'day': 'current_day', 'from_stop_id': 'MH-R-2', 'to_stop_id': '126-2', 'trip_id': '4-0-18', 'agency_name': 'Unknown'}]}"
202,218,9330,intra,right,404,[201; 213],[207; 217],500,375,500,375,9705,9765.0,11310.0,11370.0,1545.0,2.0,201,207,3007.0,12337.0,pt,2415.0,11745.0,2415.0,"{'duration': 1545, 'source_transfer_time': 0, 'waiting_time': 225, 'trip_time': 1320, 'num_transfers': 2, 'departure_time': 9765, 'departure_day': 'current_day', 'arrival_time': 11310, 'arrival_day': 'current_day', 'steps': [{'duration': 570, 'departure_time': 9990, 'arrival_time': 10560, 'day': 'current_day', 'from_stop_id': '201-4', 'to_stop_id': 'MH-R-4', 'trip_id': '9-1-12', 'agency_name': 'Unknown'}, {'duration': 30, 'departure_time': 10560, 'arrival_time': 10590, 'day': 'current_day', 'from_stop_id': 'MH-R-4', 'to_stop_id': 'MH-R-5', 'trip_id': 'walking', 'agency_name': 'Unknown'}, {'duration': 570, 'departure_time': 10740, 'arrival_time': 11310, 'day': 'current_day', 'from_stop_id': 'MH-R-5', 'to_stop_id': '207-5', 'trip_id': '10-0-12', 'agency_name': 'Unknown'}]}"
187,172,7320,intra,right,405,[187],[180],0,0,500,375,7320,7380.0,8670.0,8730.0,1290.0,2.0,187,180,2255.0,9575.0,pt,1785.0,9105.0,1785.0,"{'duration': 1290, 'source_transfer_time': 0, 'waiting_time': 570, 'trip_time': 720, 'num_transfers': 2, 'departure_time': 7380, 'departure_day': 'current_day', 'arrival_time': 8670, 'arrival_day': 'current_day', 'steps': [{'duration': 210, 'departure_time': 7950, 'arrival_time': 8160, 'day': 'current_day', 'from_stop_id': '187-5', 'to_stop_id': 'MH-R-5', 'trip_id': '10-1-8', 'agency_name': 'Unknown'}, {'duration': 30, 'departure_time': 8160, 'arrival_time': 8190, 'day': 'current_day', 'from_stop_id': 'MH-R-5', 'to_stop_id': 'MH-R-1', 'trip_id': 'walking', 'agency_name': 'Unknown'}, {'duration': 330, 'departure_time': 8340, 'arrival_time': 8670, 'day': 'current_day', 'from_stop_id': 'MH-R-1', 'to_stop_id': '180-1', 'trip_id': '3-0-8', 'agency_name': 'Unknown'}]}"
228,192,8520,intra,right,406,[217; 227],[182],500,375,500,375,8895,8955.0,10710.0,10770.0,1755.0,2.0,217,182,4511.0,13031.0,pt,2625.0,11145.0,2625.0,"{'duration': 1755, 'source_transfer_time': 0, 'waiting_time': 195, 'trip_time': 1560, 'num_transfers': 2, 'departure_time': 8955, 'departure_day': 'current_day', 'arrival_time': 10710, 'arrival_day': 'current_day', 'steps': [{'duration': 810, 'departure_time': 9150, 'arrival_time': 9960, 'day': 'current_day', 'from_stop_id': '217-5', 'to_stop_id': 'MH-R-5', 'trip_id': '10-1-11', 'agency_name': 'Unknown'}, {'duration': 30, 'departure_time': 9960, 'arrival_time': 9990, 'day': 'current_day', 'from_stop_id': 'MH-R-5', 'to_stop_id': 'MH-R-1', 'trip_id': 'walking', 'agency_name': 'Unknown'}, {'duration': 570, 'departure_time': 10140, 'arrival_time': 10710, 'day': 'current_day', 'from_stop_id': 'MH-R-1', 'to_stop_id': '182-1', 'trip_id': '3-0-11', 'agency_name': 'Unknown'}]}"
156,222,5850,intra,right,407,[156],[200; 212; 220; 224],0,0,1000,751,5850,5910.0,7590.0,7650.0,1680.0,0.0,156,200,4135.0,9985.0,pt,2551.0,8401.0,2551.0,"{'duration': 1680, 'source_transfer_time': 0, 'waiting_time': 480, 'trip_time': 1200, 'num_transfers': 0, 'departure_time': 5910, 'departure_day': 'current_day', 'arrival_time': 7590, 'arrival_day': 'current_day', 'steps': [{'duration': 1200, 'departure_time': 6390, 'arrival_time': 7590, 'day': 'current_day', 'from_stop_id': '156-4', 'to_stop_id': '200-4', 'trip_id': '9-0-6', 'agency_name': 'Unknown'}]}"
167,208,4830,intra,right,408,[156; 168; 177],[197; 207; 209],500,375,500,375,5205,5265.0,6270.0,6330.0,1005.0,2.0,168,197,2255.0,7085.0,pt,1875.0,6705.0,1875.0,"{'duration': 1005, 'source_transfer_time': 0, 'waiting_time': 165, 'trip_time': 840, 'num_transfers': 2, 'departure_time': 5265, 'departure_day': 'current_day', 'arrival_time': 6270, 'arrival_day': 'current_day', 'steps': [{'duration': 330, 'departure_time': 5430, 'arrival_time': 5760, 'day': 'current_day', 'from_stop_id': '168-4', 'to_stop_id': 'MH-R-4', 'trip_id': '9-0-4', 'agency_name': 'Unknown'}, {'duration': 30, 'departure_time': 5760, 'arrival_time': 5790, 'day': 'current_day', 'from_stop_id': 'MH-R-4', 'to_stop_id': 'MH-R-5', 'trip_id': 'walking', 'agency_name': 'Unknown'}, {'duration': 330, 'departure_time': 5940, 'arrival_time': 6270, 'day': 'current_day', 'from_stop_id': 'MH-R-5', 'to_stop_id': '197-5', 'trip_id': '10-0-4', 'agency_name': 'Unknown'}]}"
235,137,6270,intra,right,409,[224; 236],[137],500,375,0,0,6645,6705.0,8790.0,8850.0,2085.0,2.0,224,137,4887.0,11157.0,pt,2580.0,8850.0,2580.0,"{'duration': 2085, 'source_transfer_time': 0, 'waiting_time': 525, 'trip_time': 1560, 'num_transfers': 2, 'departure_time': 6705, 'departure_day': 'current_day', 'arrival_time': 8790, 'arrival_day': 'current_day', 'steps': [{'duration': 930, 'departure_time': 7230, 'arrival_time': 8160, 'day': 'current_day', 'from_stop_id': '224-4', 'to_stop_id': 'MH-R-4', 'trip_id': '9-1-8', 'agency_name': 'Unknown'}, {'duration': 30, 'departure_time': 8160, 'arrival_time': 8190, 'day': 'current_day', 'from_stop_id': 'MH-R-4', 'to_stop_id': 'MH-R-2', 'trip_id': 'walking', 'agency_name': 'Unknown'}, {'duration': 450, 'departure_time': 8340, 'arrival_time': 8790, 'day': 'current_day', 'from_stop_id': 'MH-R-2', 'to_stop_id': '137-2', 'trip_id': '4-0-8', 'agency_name': 'Unknown'}]}"
121,190,12930,intra,right,410,[121],[180; 189; 201],0,0,500,375,12930,12990.0,14670.0,14730.0,1680.0,3.0,121,180,5263.0,18193.0,pt,2175.0,15105.0,2175.0,"{'duration': 1680, 'source_transfer_time': 0, 'waiting_time': 0, 'trip_time': 1680, 'num_transfers': 3, 'departure_time': 12990, 'departure_day': 'current_day', 'arrival_time': 14670, 'arrival_day': 'current_day', 'steps': [{'duration': 1050, 'departure_time': 12990, 'arrival_time': 14040, 'day': 'current_day', 'from_stop_id': '121-4', 'to_stop_id': '238-4', 'trip_id': '9-0-18', 'agency_name': 'Unknown'}, {'duration': 30, 'departure_time': 14040, 'arrival_time': 14070, 'day': 'current_day', 'from_stop_id': '238-4', 'to_stop_id': '238-1', 'trip_id': 'walking', 'agency_name': 'Unknown'}, {'duration': 90, 'departure_time': 14070, 'arrival_time': 14160, 'day': 'current_day', 'from_stop_id': '238-1', 'to_stop_id': 'MH-R-1', 'trip_id': '3-0-18', 'agency_name': 'Unknown'}, {'duration': 330, 'departure_time': 14340, 'arrival_time': 14670, 'day': 'current_day', 'from_stop_id': 'MH-R-1', 'to_stop_id': '180-1', 'trip_id': '3-0-18', 'agency_name': 'Unknown'}]}"
176,201,6060,intra,right,411,[176],[201],0,0,0,0,6060,6120.0,7710.0,7770.0,1590.0,2.0,176,201,3383.0,9443.0,pt,1710.0,7770.0,1710.0,"{'duration': 1590, 'source_transfer_time': 0, 'waiting_time': 390, 'trip_time': 1200, 'num_transfers': 2, 'departure_time': 6120, 'departure_day': 'current_day', 'arrival_time': 7710, 'arrival_day': 'current_day', 'steps': [{'duration': 330, 'departure_time': 6510, 'arrival_time': 6840, 'day': 'current_day', 'from_stop_id': '176-1', 'to_stop_id': '238-1', 'trip_id': '3-0-6', 'agency_name': 'Unknown'}, {'duration': 30, 'departure_time': 6840, 'arrival_time': 6870, 'day': 'current_day', 'from_stop_id': '238-1', 'to_stop_id': '238-4', 'trip_id': 'walking', 'agency_name': 'Unknown'}, {'duration': 840, 'departure_time': 6870, 'arrival_time': 7710, 'day': 'current_day', 'from_stop_id': '238-4', 'to_stop_id': '201-4', 'trip_id': '9-0-6', 'agency_name': 'Unknown'}]}"
218,162,10890,intra,right,412,[207; 217],[151; 161],500,375,500,375,11265,11325.0,12990.0,13050.0,1665.0,0.0,207,161,4135.0,15025.0,pt,2535.0,13425.0,2535.0,"{'duration': 1665, 'source_transfer_time': 0, 'waiting_time': 465, 'trip_time': 1200, 'num_transfers': 0, 'departure_time': 11325, 'departure_day': 'current_day', 'arrival_time': 12990, 'arrival_day': 'current_day', 'steps': [{'duration': 1200, 'departure_time': 11790, 'arrival_time': 12990, 'day': 'current_day', 'from_stop_id': '207-5', 'to_stop_id': '161-5', 'trip_id': '10-1-15', 'agency_name': 'Unknown'}]}"
212,128,7290,intra,right,413,[212],[126; 130; 140; 150],0,0,1000,751,7290,7350.0,8910.0,8970.0,1560.0,2.0,212,126,3383.0,10673.0,pt,2431.0,9721.0,2431.0,"{'duration': 1560, 'source_transfer_time': 0, 'waiting_time': 120, 'trip_time': 1440, 'num_transfers': 2, 'departure_time': 7350, 'departure_day': 'current_day', 'arrival_time': 8910, 'arrival_day': 'current_day', 'steps': [{'duration': 690, 'departure_time': 7470, 'arrival_time': 8160, 'day': 'current_day', 'from_stop_id': '212-4', 'to_stop_id': 'MH-R-4', 'trip_id': '9-1-8', 'agency_name': 'Unknown'}, {'duration': 30, 'departure_time': 8160, 'arrival_time': 8190, 'day': 'current_day', 'from_stop_id': 'MH-R-4', 'to_stop_id': 'MH-R-2', 'trip_id': 'walking', 'agency_name': 'Unknown'}, {'duration': 570, 'departure_time': 8340, 'arrival_time': 8910, 'day': 'current_day', 'from_stop_id': 'MH-R-2', 'to_stop_id': '126-2', 'trip_id': '4-0-8', 'agency_name': 'Unknown'}]}"
172,132,9840,intra,right,414,[180],[132],500,375,0,0,10215,10275.0,12390.0,12450.0,2115.0,2.0,180,132,4135.0,13975.0,pt,2610.0,12450.0,2610.0,"{'duration': 2115, 'source_transfer_time': 0, 'waiting_time': 555, 'trip_time': 1560, 'num_transfers': 2, 'departure_time': 10275, 'departure_day': 'current_day', 'arrival_time': 12390, 'arrival_day': 'current_day', 'steps': [{'duration': 210, 'departure_time': 10830, 'arrival_time': 11040, 'day': 'current_day', 'from_stop_id': '180-1', 'to_stop_id': '239-1', 'trip_id': '3-1-13', 'agency_name': 'Unknown'}, {'duration': 30, 'departure_time': 11040, 'arrival_time': 11070, 'day': 'current_day', 'from_stop_id': '239-1', 'to_stop_id': '239-4', 'trip_id': 'walking', 'agency_name': 'Unknown'}, {'duration': 1320, 'departure_time': 11070, 'arrival_time': 12390, 'day': 'current_day', 'from_stop_id': '239-4', 'to_stop_id': '132-4', 'trip_id': '9-1-13', 'agency_name': 'Unknown'}]}"
235,168,8370,intra,right,415,[224; 236],[168],500,375,0,0,8745,8805.0,10470.0,10530.0,1665.0,0.0,224,168,4511.0,12881.0,pt,2160.0,10530.0,2160.0,"{'duration': 1665, 'source_transfer_time': 0, 'waiting_time': 225, 'trip_time': 1440, 'num_transfers': 0, 'departure_time': 8805, 'departure_day': 'current_day', 'arrival_time': 10470, 'arrival_day': 'current_day', 'steps': [{'duration': 1440, 'departure_time': 9030, 'arrival_time': 10470, 'day': 'current_day', 'from_stop_id': '224-4', 'to_stop_id': '168-4', 'trip_id': '9-1-11', 'agency_name': 'Unknown'}]}"
206,170,8820,intra,right,416,[206],[170],0,0,0,0,8820,8880.0,10350.0,10410.0,1470.0,0.0,206,170,3007.0,11827.0,pt,1590.0,10410.0,1590.0,"{'duration': 1470, 'source_transfer_time': 0, 'waiting_time': 390, 'trip_time': 1080, 'num_transfers': 0, 'departure_time': 8880, 'departure_day': 'current_day', 'arrival_time': 10350, 'arrival_day': 'current_day', 'steps': [{'duration': 1080, 'departure_time': 9270, 'arrival_time': 10350, 'day': 'current_day', 'from_stop_id': '206-5', 'to_stop_id': '170-5', 'trip_id': '10-1-11', 'agency_name': 'Unknown'}]}"
172,235,6780,intra,right,417,[180],[224; 236],500,375,500,375,7155,7215.0,8670.0,8730.0,1455.0,2.0,180,224,2631.0,9411.0,pt,2325.0,9105.0,2325.0,"{'duration': 1455, 'source_transfer_time': 0, 'waiting_time': 15, 'trip_time': 1440, 'num_transfers': 2, 'departure_time': 7215, 'departure_day': 'current_day', 'arrival_time': 8670, 'arrival_day': 'current_day', 'steps': [{'duration': 210, 'departure_time': 7230, 'arrival_time': 7440, 'day': 'current_day', 'from_stop_id': '180-1', 'to_stop_id': '239-1', 'trip_id': '3-1-7', 'agency_name': 'Unknown'}, {'duration': 30, 'departure_time': 7440, 'arrival_time': 7470, 'day': 'current_day', 'from_stop_id': '239-1', 'to_stop_id': '239-4', 'trip_id': 'walking', 'agency_name': 'Unknown'}, {'duration': 810, 'departure_time': 7860, 'arrival_time': 8670, 'day': 'current_day', 'from_stop_id': '239-4', 'to_stop_id': '224-4', 'trip_id': '9-0-7', 'agency_name': 'Unknown'}]}"
161,155,9870,intra,right,418,[161],[144; 156],0,0,500,375,9870,9930.0,11310.0,11370.0,1380.0,2.0,161,156,2255.0,12125.0,pt,1875.0,11745.0,1875.0,"{'duration': 1380, 'source_transfer_time': 0, 'waiting_time': 180, 'trip_time': 1200, 'num_transfers': 2, 'departure_time': 9930, 'departure_day': 'current_day', 'arrival_time': 11310, 'arrival_day': 'current_day', 'steps': [{'duration': 450, 'departure_time': 10110, 'arrival_time': 10560, 'day': 'current_day', 'from_stop_id': '161-5', 'to_stop_id': 'MH-R-5', 'trip_id': '10-0-12', 'agency_name': 'Unknown'}, {'duration': 30, 'departure_time': 10560, 'arrival_time': 10590, 'day': 'current_day', 'from_stop_id': 'MH-R-5', 'to_stop_id': 'MH-R-4', 'trip_id': 'walking', 'agency_name': 'Unknown'}, {'duration': 570, 'departure_time': 10740, 'arrival_time': 11310, 'day': 'current_day', 'from_stop_id': 'MH-R-4', 'to_stop_id': '156-4', 'trip_id': '9-1-12', 'agency_name': 'Unknown'}]}"
237,144,9630,intra,right,419,[237],[144],0,0,0,0,9630,9690.0,10950.0,11010.0,1260.0,2.0,237,144,2255.0,11885.0,pt,1380.0,11010.0,1380.0,"{'duration': 1260, 'source_transfer_time': 0, 'waiting_time': 180, 'trip_time': 1080, 'num_transfers': 2, 'departure_time': 9690, 'departure_day': 'current_day', 'arrival_time': 10950, 'arrival_day': 'current_day', 'steps': [{'duration': 90, 'departure_time': 9870, 'arrival_time': 9960, 'day': 'current_day', 'from_stop_id': '237-2', 'to_stop_id': 'MH-R-2', 'trip_id': '4-1-11', 'agency_name': 'Unknown'}, {'duration': 30, 'departure_time': 9960, 'arrival_time': 9990, 'day': 'current_day', 'from_stop_id': 'MH-R-2', 'to_stop_id': 'MH-R-4', 'trip_id': 'walking', 'agency_name': 'Unknown'}, {'duration': 810, 'departure_time': 10140, 'arrival_time': 10950, 'day': 'current_day', 'from_stop_id': 'MH-R-4', 'to_stop_id': '144-4', 'trip_id': '9-1-11', 'agency_name': 'Unknown'}]}"
123,43,14340,inter,right,420,[121; 133; 145],[61],1000,751,1000,751,15091,15151.0,18510.0,18570.0,3359.0,4.0,145,61,,,pt,4981.0,19321.0,4981.0,"{'duration': 3359, 'source_transfer_time': 0, 'waiting_time': 119, 'trip_time': 3240, 'num_transfers': 4, 'departure_time': 15151, 'departure_day': 'current_day', 'arrival_time': 18510, 'arrival_day': 'current_day', 'steps': [{'duration': 690, 'departure_time': 15270, 'arrival_time': 15960, 'day': 'current_day', 'from_stop_id': '145-4', 'to_stop_id': 'MH-R-4', 'trip_id': '9-0-21', 'agency_name': 'Unknown'}, {'duration': 30, 'departure_time': 15960, 'arrival_time': 15990, 'day': 'current_day', 'from_stop_id': 'MH-R-4', 'to_stop_id': 'MH-R-0', 'trip_id': 'walking', 'agency_name': 'Unknown'}, {'duration': 1500, 'departure_time': 16200, 'arrival_time': 17700, 'day': 'current_day', 'from_stop_id': 'MH-R-0', 'to_stop_id': 'MH-L-0', 'trip_id': '0-1-7', 'agency_name': 'Unknown'}, {'duration': 30, 'departure_time': 17700, 'arrival_time': 17730, 'day': 'current_day', 'from_stop_id': 'MH-L-0', 'to_stop_id': 'MH-L-1', 'trip_id': 'walking', 'agency_name': 'Unknown'}, {'duration': 570, 'departure_time': 17940, 'arrival_time': 18510, 'day': 'current_day', 'from_stop_id': 'MH-L-1', 'to_stop_id': '61-1', 'trip_id': '1-0-24', 'agency_name': 'Unknown'}]}"
172,99,6090,inter,right,421,[180],[99],500,375,0,0,6465,6525.0,9390.0,9450.0,2865.0,4.0,180,99,,,pt,3360.0,9450.0,3360.0,"{'duration': 2865, 'source_transfer_time': 0, 'waiting_time': 105, 'trip_time': 2760, 'num_transfers': 4, 'departure_time': 6525, 'departure_day': 'current_day', 'arrival_time': 9390, 'arrival_day': 'current_day', 'steps': [{'duration': 330, 'departure_time': 6630, 'arrival_time': 6960, 'day': 'current_day', 'from_stop_id': '180-1', 'to_stop_id': 'MH-R-1', 'trip_id': '3-1-6', 'agency_name': 'Unknown'}, {'duration': 30, 'departure_time': 6960, 'arrival_time': 6990, 'day': 'current_day', 'from_stop_id': 'MH-R-1', 'to_stop_id': 'MH-R-0', 'trip_id': 'walking', 'agency_name': 'Unknown'}, {'duration': 1500, 'departure_time': 7200, 'arrival_time': 8700, 'day': 'current_day', 'from_stop_id': 'MH-R-0', 'to_stop_id': 'MH-L-0', 'trip_id': '0-1-2', 'agency_name': 'Unknown'}, {'duration': 30, 'departure_time': 8700, 'arrival_time': 8730, 'day': 'current_day', 'from_stop_id': 'MH-L-0', 'to_stop_id': 'MH-L-2', 'trip_id': 'walking', 'agency_name': 'Unknown'}, {'duration': 450, 'departure_time': 8940, 'arrival_time': 9390, 'day': 'current_day', 'from_stop_id': 'MH-L-2', 'to_stop_id': '99-2', 'trip_id': '2-1-9', 'agency_name': 'Unknown'}]}"
235,62,5940,inter,right,422,[224; 236],[54],500,375,500,375,6315,6375.0,11310.0,11370.0,4935.0,4.0,224,54,,,pt,5805.0,11745.0,5805.0,"{'duration': 4935, 'source_transfer_time': 0, 'waiting_time': 255, 'trip_time': 4680, 'num_transfers': 4, 'departure_time': 6375, 'departure_day': 'current_day', 'arrival_time': 11310, 'arrival_day': 'current_day', 'steps': [{'duration': 930, 'departure_time': 6630, 'arrival_time': 7560, 'day': 'current_day', 'from_stop_id': '224-4', 'to_stop_id': 'MH-R-4', 'trip_id': '9-1-7', 'agency_name': 'Unknown'}, {'duration': 30, 'departure_time': 7560, 'arrival_time': 7590, 'day': 'current_day', 'from_stop_id': 'MH-R-4', 'to_stop_id': 'MH-R-0', 'trip_id': 'walking', 'agency_name': 'Unknown'}, {'duration': 1500, 'departure_time': 9000, 'arrival_time': 10500, 'day': 'current_day', 'from_stop_id': 'MH-R-0', 'to_stop_id': 'MH-L-0', 'trip_id': '0-1-3', 'agency_name': 'Unknown'}, {'duration': 30, 'departure_time': 10500, 'arrival_time': 10530, 'day': 'current_day', 'from_stop_id': 'MH-L-0', 'to_stop_id': 'MH-L-1', 'trip_id': 'walking', 'agency_name': 'Unknown'}, {'duration': 570, 'departure_time': 10740, 'arrival_time': 11310, 'day': 'current_day', 'from_stop_id': 'MH-L-1', 'to_stop_id': '54-1', 'trip_id': '1-1-12', 'agency_name': 'Unknown'}]}"
161,4,11400,inter,right,423,[161],[5],0,0,500,375,11400,11460.0,14910.0,14970.0,3450.0,4.0,161,5,,,pt,3945.0,15345.0,3945.0,"{'duration': 3450, 'source_transfer_time': 0, 'waiting_time': 450, 'trip_time': 3000, 'num_transfers': 4, 'departure_time': 11460, 'departure_day': 'current_day', 'arrival_time': 14910, 'arrival_day': 'current_day', 'steps': [{'duration': 450, 'departure_time': 11910, 'arrival_time': 12360, 'day': 'current_day', 'from_stop_id': '161-5', 'to_stop_id': 'MH-R-5', 'trip_id': '10-0-15', 'agency_name': 'Unknown'}, {'duration': 30, 'departure_time': 12360, 'arrival_time': 12390, 'day': 'current_day', 'from_stop_id': 'MH-R-5', 'to_stop_id': 'MH-R-0', 'trip_id': 'walking', 'agency_name': 'Unknown'}, {'duration': 1500, 'departure_time': 12600, 'arrival_time': 14100, 'day': 'current_day', 'from_stop_id': 'MH-R-0', 'to_stop_id': 'MH-L-0', 'trip_id': '0-1-5', 'agency_name': 'Unknown'}, {'duration': 30, 'departure_time': 14100, 'arrival_time': 14130, 'day': 'current_day', 'from_stop_id': 'MH-L-0', 'to_stop_id': 'MH-L-2', 'trip_id': 'walking', 'agency_name': 'Unknown'}, {'duration': 570, 'departure_time': 14340, 'arrival_time': 14910, 'day': 'current_day', 'from_stop_id': 'MH-L-2', 'to_stop_id': '5-2', 'trip_id': '2-0-18', 'agency_name': 'Unknown'}]}"
198,107,7830,inter,right,424,[198],[96; 106],0,0,500,375,7830,7890.0,11550.0,11610.0,3660.0,4.0,198,96,,,pt,4155.0,11985.0,4155.0,"{'duration': 3660, 'source_transfer_time': 0, 'waiting_time': 60, 'trip_time': 3600, 'num_transfers': 4, 'departure_time': 7890, 'departure_day': 'current_day', 'arrival_time': 11550, 'arrival_day': 'current_day', 'steps': [{'duration': 210, 'departure_time': 7950, 'arrival_time': 8160, 'day': 'current_day', 'from_stop_id': '198-2', 'to_stop_id': 'MH-R-2', 'trip_id': '4-0-8', 'agency_name': 'Unknown'}, {'duration': 30, 'departure_time': 8160, 'arrival_time': 8190, 'day': 'current_day', 'from_stop_id': 'MH-R-2', 'to_stop_id': 'MH-R-0', 'trip_id': 'walking', 'agency_name': 'Unknown'}, {'duration': 1500, 'departure_time': 9000, 'arrival_time': 10500, 'day': 'current_day', 'from_stop_id': 'MH-R-0', 'to_stop_id': 'MH-L-0', 'trip_id': '0-1-3', 'agency_name': 'Unknown'}, {'duration': 30, 'departure_time': 10500, 'arrival_time': 10530, 'day': 'current_day', 'from_stop_id': 'MH-L-0', 'to_stop_id': 'MH-L-5', 'trip_id': 'walking', 'agency_name': 'Unknown'}, {'duration': 810, 'departure_time': 10740, 'arrival_time': 11550, 'day': 'current_day', 'from_stop_id': 'MH-L-5', 'to_stop_id': '96-5', 'trip_id': '8-0-12', 'agency_name': 'Unknown'}]}"
138,18,7890,inter,right,425,[137],[19; 29],500,375,500,375,8265,8325.0,13110.0,13170.0,4785.0,4.0,137,29,,,pt,5655.0,13545.0,5655.0,"{'duration': 4785, 'source_transfer_time': 0, 'waiting_time': 585, 'trip_time': 4200, 'num_transfers': 4, 'departure_time': 8325, 'departure_day': 'current_day', 'arrival_time': 13110, 'arrival_day': 'current_day', 'steps': [{'duration': 450, 'departure_time': 8910, 'arrival_time': 9360, 'day': 'current_day', 'from_stop_id': '137-2', 'to_stop_id': 'MH-R-2', 'trip_id': '4-1-10', 'agency_name': 'Unknown'}, {'duration': 30, 'departure_time': 9360, 'arrival_time': 9390, 'day': 'current_day', 'from_stop_id': 'MH-R-2', 'to_stop_id': 'MH-R-0', 'trip_id': 'walking', 'agency_name': 'Unknown'}, {'duration': 1500, 'departure_time': 10800, 'arrival_time': 12300, 'day': 'current_day', 'from_stop_id': 'MH-R-0', 'to_stop_id': 'MH-L-0', 'trip_id': '0-1-4', 'agency_name': 'Unknown'}, {'duration': 30, 'departure_time': 12300, 'arrival_time': 12330, 'day': 'current_day', 'from_stop_id': 'MH-L-0', 'to_stop_id': 'MH-L-5', 'trip_id': 'walking', 'agency_name': 'Unknown'}, {'duration': 570, 'departure_time': 12540, 'arrival_time': 13110, 'day': 'current_day', 'from_stop_id': 'MH-L-5', 'to_stop_id': '29-5', 'trip_id': '8-1-15', 'agency_name': 'Unknown'}]}"
204,30,3720,inter,right,426,[206; 216; 226],[30],1000,751,0,0,4471,4531.0,9630.0,9690.0,5099.0,4.0,206,30,,,pt,5970.0,9690.0,5970.0,"{'duration': 5099, 'source_transfer_time': 0, 'waiting_time': 539, 'trip_time': 4560, 'num_transfers': 4, 'departure_time': 4531, 'departure_day': 'current_day', 'arrival_time': 9630, 'arrival_day': 'current_day', 'steps': [{'duration': 690, 'departure_time': 5070, 'arrival_time': 5760, 'day': 'current_day', 'from_stop_id': '206-5', 'to_stop_id': 'MH-R-5', 'trip_id': '10-1-4', 'agency_name': 'Unknown'}, {'duration': 30, 'departure_time': 5760, 'arrival_time': 5790, 'day': 'current_day', 'from_stop_id': 'MH-R-5', 'to_stop_id': 'MH-R-0', 'trip_id': 'walking', 'agency_name': 'Unknown'}, {'duration': 1500, 'departure_time': 7200, 'arrival_time': 8700, 'day': 'current_day', 'from_stop_id': 'MH-R-0', 'to_stop_id': 'MH-L-0', 'trip_id': '0-1-2', 'agency_name': 'Unknown'}, {'duration': 30, 'departure_time': 8700, 'arrival_time': 8730, 'day': 'current_day', 'from_stop_id': 'MH-L-0', 'to_stop_id': 'MH-L-5', 'trip_id': 'walking', 'agency_name': 'Unknown'}, {'duration': 690, 'departure_time': 8940, 'arrival_time': 9630, 'day': 'current_day', 'from_stop_id': 'MH-L-5', 'to_stop_id': '30-5', 'trip_id': '8-1-9', 'agency_name': 'Unknown'}]}"
150,114,7470,inter,right,427,[150],[103; 115],0,0,500,375,7470,7530.0,11670.0,11730.0,4140.0,4.0,150,103,,,pt,4635.0,12105.0,4635.0,"{'duration': 4140, 'source_transfer_time': 0, 'waiting_time': 60, 'trip_time': 4080, 'num_transfers': 4, 'departure_time': 7530, 'departure_day': 'current_day', 'arrival_time': 11670, 'arrival_day': 'current_day', 'steps': [{'duration': 570, 'departure_time': 7590, 'arrival_time': 8160, 'day': 'current_day', 'from_stop_id': '150-5', 'to_stop_id': 'MH-R-5', 'trip_id': '10-0-8', 'agency_name': 'Unknown'}, {'duration': 30, 'departure_time': 8160, 'arrival_time': 8190, 'day': 'current_day', 'from_stop_id': 'MH-R-5', 'to_stop_id': 'MH-R-0', 'trip_id': 'walking', 'agency_name': 'Unknown'}, {'duration': 1500, 'departure_time': 9000, 'arrival_time': 10500, 'day': 'current_day', 'from_stop_id': 'MH-R-0', 'to_stop_id': 'MH-L-0', 'trip_id': '0-1-3', 'agency_name': 'Unknown'}, {'duration': 30, 'departure_time': 10500, 'arrival_time': 10530, 'day': 'current_day', 'from_stop_id': 'MH-L-0', 'to_stop_id': 'MH-L-4', 'trip_id': 'walking', 'agency_name': 'Unknown'}, {'duration': 930, 'departure_time': 10740, 'arrival_time': 11670, 'day': 'current_day', 'from_stop_id': 'MH-L-4', 'to_stop_id': '103-4', 'trip_id': '7-0-12', 'agency_name': 'Unknown'}]}"
217,9,10890,inter,right,428,[217],[9],0,0,0,0,10890,10950.0,15390.0,15450.0,4440.0,4.0,217,9,,,pt,4560.0,15450.0,4560.0,"{'duration': 4440, 'source_transfer_time': 0, 'waiting_time': 0, 'trip_time': 4440, 'num_transfers': 4, 'departure_time': 10950, 'departure_day': 'current_day', 'arrival_time': 15390, 'arrival_day': 'current_day', 'steps': [{'duration': 810, 'departure_time': 10950, 'arrival_time': 11760, 'day': 'current_day', 'from_stop_id': '217-5', 'to_stop_id': 'MH-R-5', 'trip_id': '10-1-14', 'agency_name': 'Unknown'}, {'duration': 30, 'departure_time': 11760, 'arrival_time': 11790, 'day': 'current_day', 'from_stop_id': 'MH-R-5', 'to_stop_id': 'MH-R-0', 'trip_id': 'walking', 'agency_name': 'Unknown'}, {'duration': 1500, 'departure_time': 12600, 'arrival_time': 14100, 'day': 'current_day', 'from_stop_id': 'MH-R-0', 'to_stop_id': 'MH-L-0', 'trip_id': '0-1-5', 'agency_name': 'Unknown'}, {'duration': 30, 'departure_time': 14100, 'arrival_time': 14130, 'day': 'current_day', 'from_stop_id': 'MH-L-0', 'to_stop_id': 'MH-L-5', 'trip_id': 'walking', 'agency_name': 'Unknown'}, {'duration': 1050, 'departure_time': 14340, 'arrival_time': 15390, 'day': 'current_day', 'from_stop_id': 'MH-L-5', 'to_stop_id': '9-5', 'trip_id': '8-1-18', 'agency_name': 'Unknown'}]}"
202,59,9840,inter,right,429,[201; 213],[59],500,375,0,0,10215,10275.0,14670.0,14730.0,4395.0,4.0,201,59,,,pt,4890.0,14730.0,4890.0,"{'duration': 4395, 'source_transfer_time': 0, 'waiting_time': 315, 'trip_time': 4080, 'num_transfers': 4, 'departure_time': 10275, 'departure_day': 'current_day', 'arrival_time': 14670, 'arrival_day': 'current_day', 'steps': [{'duration': 570, 'departure_time': 10590, 'arrival_time': 11160, 'day': 'current_day', 'from_stop_id': '201-4', 'to_stop_id': 'MH-R-4', 'trip_id': '9-1-13', 'agency_name': 'Unknown'}, {'duration': 30, 'departure_time': 11160, 'arrival_time': 11190, 'day': 'current_day', 'from_stop_id': 'MH-R-4', 'to_stop_id': 'MH-R-0', 'trip_id': 'walking', 'agency_name': 'Unknown'}, {'duration': 1500, 'departure_time': 12600, 'arrival_time': 14100, 'day': 'current_day', 'from_stop_id': 'MH-R-0', 'to_stop_id': 'MH-L-0', 'trip_id': '0-1-5', 'agency_name': 'Unknown'}, {'duration': 30, 'departure_time': 14100, 'arrival_time': 14130, 'day': 'current_day', 'from_stop_id': 'MH-L-0', 'to_stop_id': 'MH-L-1', 'trip_id': 'walking', 'agency_name': 'Unknown'}, {'duration': 330, 'departure_time': 14340, 'arrival_time': 14670, 'day': 'current_day', 'from_stop_id': 'MH-L-1', 'to_stop_id': '59-1', 'trip_id': '1-0-18', 'agency_name': 'Unknown'}]}"
201,40,4500,inter,right,430,[201],[40],0,0,0,0,4500,4560.0,7590.0,7650.0,3030.0,4.0,201,40,,,pt,3150.0,7650.0,3150.0,"{'duration': 3030, 'source_transfer_time': 0, 'waiting_time': 30, 'trip_time': 3000, 'num_transfers': 4, 'departure_time': 4560, 'departure_day': 'current_day', 'arrival_time': 7590, 'arrival_day': 'current_day', 'steps': [{'duration': 570, 'departure_time': 4590, 'arrival_time': 5160, 'day': 'current_day', 'from_stop_id': '201-4', 'to_stop_id': 'MH-R-4', 'trip_id': '9-1-3', 'agency_name': 'Unknown'}, {'duration': 30, 'departure_time': 5160, 'arrival_time': 5190, 'day': 'current_day', 'from_stop_id': 'MH-R-4', 'to_stop_id': 'MH-R-0', 'trip_id': 'walking', 'agency_name': 'Unknown'}, {'duration': 1500, 'departure_time': 5400, 'arrival_time': 6900, 'day': 'current_day', 'from_stop_id': 'MH-R-0', 'to_stop_id': 'MH-L-0', 'trip_id': '0-1-1', 'agency_name': 'Unknown'}, {'duration': 30, 'departure_time': 6900, 'arrival_time': 6930, 'day': 'current_day', 'from_stop_id': 'MH-L-0', 'to_stop_id': 'MH-L-5', 'trip_id': 'walking', 'agency_name': 'Unknown'}, {'duration': 450, 'departure_time': 7140, 'arrival_time': 7590, 'day': 'current_day', 'from_stop_id': 'MH-L-5', 'to_stop_id': '40-5', 'trip_id': '8-1-6', 'agency_name': 'Unknown'}]}"
163,102,8970,inter,right,431,[141; 151; 161; 181],[91; 103],1000,751,500,375,9721,9781.0,13230.0,13290.0,3449.0,4.0,151,91,,,pt,4695.0,13665.0,4695.0,"{'duration': 3449, 'source_transfer_time': 0, 'waiting_time': 89, 'trip_time': 3360, 'num_transfers': 4, 'departure_time': 9781, 'departure_day': 'current_day', 'arrival_time': 13230, 'arrival_day': 'current_day', 'steps': [{'duration': 690, 'departure_time': 9870, 'arrival_time': 10560, 'day': 'current_day', 'from_stop_id': '151-5', 'to_stop_id': 'MH-R-5', 'trip_id': '10-0-12', 'agency_name': 'Unknown'}, {'duration': 30, 'departure_time': 10560, 'arrival_time': 10590, 'day': 'current_day', 'from_stop_id': 'MH-R-5', 'to_stop_id': 'MH-R-0', 'trip_id': 'walking', 'agency_name': 'Unknown'}, {'duration': 1500, 'departure_time': 10800, 'arrival_time': 12300, 'day': 'current_day', 'from_stop_id': 'MH-R-0', 'to_stop_id': 'MH-L-0', 'trip_id': '0-1-4', 'agency_name': 'Unknown'}, {'duration': 30, 'departure_time': 12300, 'arrival_time': 12330, 'day': 'current_day', 'from_stop_id': 'MH-L-0', 'to_stop_id': 'MH-L-4', 'trip_id': 'walking', 'agency_name': 'Unknown'}, {'duration': 690, 'departure_time': 12540, 'arrival_time': 13230, 'day': 'current_day', 'from_stop_id': 'MH-L-4', 'to_stop_id': '91-4', 'trip_id': '7-0-15', 'agency_name': 'Unknown'}]}"
164,60,3630,inter,right,432,[182],[60],1000,751,0,0,4381,4441.0,7590.0,7650.0,3149.0,4.0,182,60,,,pt,4020.0,7650.0,4020.0,"{'duration': 3149, 'source_transfer_time': 0, 'waiting_time': 149, 'trip_time': 3000, 'num_transfers': 4, 'departure_time': 4441, 'departure_day': 'current_day', 'arrival_time': 7590, 'arrival_day': 'current_day', 'steps': [{'duration': 570, 'departure_time': 4590, 'arrival_time': 5160, 'day': 'current_day', 'from_stop_id': '182-1', 'to_stop_id': 'MH-R-1', 'trip_id': '3-1-3', 'agency_name': 'Unknown'}, {'duration': 30, 'departure_time': 5160, 'arrival_time': 5190, 'day': 'current_day', 'from_stop_id': 'MH-R-1', 'to_stop_id': 'MH-R-0', 'trip_id': 'walking', 'agency_name': 'Unknown'}, {'duration': 1500, 'departure_time': 5400, 'arrival_time': 6900, 'day': 'current_day', 'from_stop_id': 'MH-R-0', 'to_stop_id': 'MH-L-0', 'trip_id': '0-1-1', 'agency_name': 'Unknown'}, {'duration': 30, 'departure_time': 6900, 'arrival_time': 6930, 'day': 'current_day', 'from_stop_id': 'MH-L-0', 'to_stop_id': 'MH-L-1', 'trip_id': 'walking', 'agency_name': 'Unknown'}, {'duration': 450, 'departure_time': 7140, 'arrival_time': 7590, 'day': 'current_day', 'from_stop_id': 'MH-L-1', 'to_stop_id': '60-1', 'trip_id': '1-0-6', 'agency_name': 'Unknown'}]}"
165,63,8790,inter,right,433,[175],[55],500,375,500,375,9165,9225.0,12990.0,13050.0,3765.0,4.0,175,55,,,pt,4635.0,13425.0,4635.0,"{'duration': 3765, 'source_transfer_time': 0, 'waiting_time': 165, 'trip_time': 3600, 'num_transfers': 4, 'departure_time': 9225, 'departure_day': 'current_day', 'arrival_time': 12990, 'arrival_day': 'current_day', 'steps': [{'duration': 570, 'departure_time': 9390, 'arrival_time': 9960, 'day': 'current_day', 'from_stop_id': '175-1', 'to_stop_id': 'MH-R-1', 'trip_id': '3-0-11', 'agency_name': 'Unknown'}, {'duration': 30, 'departure_time': 9960, 'arrival_time': 9990, 'day': 'current_day', 'from_stop_id': 'MH-R-1', 'to_stop_id': 'MH-R-0', 'trip_id': 'walking', 'agency_name': 'Unknown'}, {'duration': 1500, 'departure_time': 10800, 'arrival_time': 12300, 'day': 'current_day', 'from_stop_id': 'MH-R-0', 'to_stop_id': 'MH-L-0', 'trip_id': '0-1-4', 'agency_name': 'Unknown'}, {'duration': 30, 'departure_time': 12300, 'arrival_time': 12330, 'day': 'current_day', 'from_stop_id': 'MH-L-0', 'to_stop_id': 'MH-L-1', 'trip_id': 'walking', 'agency_name': 'Unknown'}, {'duration': 450, 'departure_time': 12540, 'arrival_time': 12990, 'day': 'current_day', 'from_stop_id': 'MH-L-1', 'to_stop_id': '55-1', 'trip_id': '1-1-15', 'agency_name': 'Unknown'}]}"
207,112,6600,inter,right,434,[207],[110],0,0,1000,751,6600,6660.0,11310.0,11370.0,4650.0,4.0,207,110,,,pt,5521.0,12121.0,5521.0,"{'duration': 4650, 'source_transfer_time': 0, 'waiting_time': 330, 'trip_time': 4320, 'num_transfers': 4, 'departure_time': 6660, 'departure_day': 'current_day', 'arrival_time': 11310, 'arrival_day': 'current_day', 'steps': [{'duration': 570, 'departure_time': 6990, 'arrival_time': 7560, 'day': 'current_day', 'from_stop_id': '207-5', 'to_stop_id': 'MH-R-5', 'trip_id': '10-1-7', 'agency_name': 'Unknown'}, {'duration': 30, 'departure_time': 7560, 'arrival_time': 7590, 'day': 'current_day', 'from_stop_id': 'MH-R-5', 'to_stop_id': 'MH-R-0', 'trip_id': 'walking', 'agency_name': 'Unknown'}, {'duration': 1500, 'departure_time': 9000, 'arrival_time': 10500, 'day': 'current_day', 'from_stop_id': 'MH-R-0', 'to_stop_id': 'MH-L-0', 'trip_id': '0-1-3', 'agency_name': 'Unknown'}, {'duration': 30, 'departure_time': 10500, 'arrival_time': 10530, 'day': 'current_day', 'from_stop_id': 'MH-L-0', 'to_stop_id': 'MH-L-2', 'trip_id': 'walking', 'agency_name': 'Unknown'}, {'duration': 570, 'departure_time': 10740, 'arrival_time': 11310, 'day': 'current_day', 'from_stop_id': 'MH-L-2', 'to_stop_id': '110-2', 'trip_id': '2-1-12', 'agency_name': 'Unknown'}]}"
139,87,3960,inter,right,435,[140; 150],[76; 86; 88],500,375,500,375,4335,4395.0,7470.0,7530.0,3075.0,4.0,150,76,,,pt,3945.0,7905.0,3945.0,"{'duration': 3075, 'source_transfer_time': 0, 'waiting_time': 195, 'trip_time': 2880, 'num_transfers': 4, 'departure_time': 4395, 'departure_day': 'current_day', 'arrival_time': 7470, 'arrival_day': 'current_day', 'steps': [{'duration': 570, 'departure_time': 4590, 'arrival_time': 5160, 'day': 'current_day', 'from_stop_id': '150-5', 'to_stop_id': 'MH-R-5', 'trip_id': '10-0-3', 'agency_name': 'Unknown'}, {'duration': 30, 'departure_time': 5160, 'arrival_time': 5190, 'day': 'current_day', 'from_stop_id': 'MH-R-5', 'to_stop_id': 'MH-R-0', 'trip_id': 'walking', 'agency_name': 'Unknown'}, {'duration': 1500, 'departure_time': 5400, 'arrival_time': 6900, 'day': 'current_day', 'from_stop_id': 'MH-R-0', 'to_stop_id': 'MH-L-0', 'trip_id': '0-1-1', 'agency_name': 'Unknown'}, {'duration': 30, 'departure_time': 6900, 'arrival_time': 6930, 'day': 'current_day', 'from_stop_id': 'MH-L-0', 'to_stop_id': 'MH-L-5', 'trip_id': 'walking', 'agency_name': 'Unknown'}, {'duration': 330, 'departure_time': 7140, 'arrival_time': 7470, 'day': 'current_day', 'from_stop_id': 'MH-L-5', 'to_stop_id': '76-5', 'trip_id': '8-0-6', 'agency_name': 'Unknown'}]}"
234,54,7770,inter,right,436,[212; 224; 236],[54],1000,751,0,0,8521,8581.0,13110.0,13170.0,4529.0,4.0,212,54,,,pt,5400.0,13170.0,5400.0,"{'duration': 4529, 'source_transfer_time': 0, 'waiting_time': 89, 'trip_time': 4440, 'num_transfers': 4, 'departure_time': 8581, 'departure_day': 'current_day', 'arrival_time': 13110, 'arrival_day': 'current_day', 'steps': [{'duration': 690, 'departure_time': 8670, 'arrival_time': 9360, 'day': 'current_day', 'from_stop_id': '212-4', 'to_stop_id': 'MH-R-4', 'trip_id': '9-1-10', 'agency_name': 'Unknown'}, {'duration': 30, 'departure_time': 9360, 'arrival_time': 9390, 'day': 'current_day', 'from_stop_id': 'MH-R-4', 'to_stop_id': 'MH-R-0', 'trip_id': 'walking', 'agency_name': 'Unknown'}, {'duration': 1500, 'departure_time': 10800, 'arrival_time': 12300, 'day': 'current_day', 'from_stop_id': 'MH-R-0', 'to_stop_id': 'MH-L-0', 'trip_id': '0-1-4', 'agency_name': 'Unknown'}, {'duration': 30, 'departure_time': 12300, 'arrival_time': 12330, 'day': 'current_day', 'from_stop_id': 'MH-L-0', 'to_stop_id': 'MH-L-1', 'trip_id': 'walking', 'agency_name': 'Unknown'}, {'duration': 570, 'departure_time': 12540, 'arrival_time': 13110, 'day': 'current_day', 'from_stop_id': 'MH-L-1', 'to_stop_id': '54-1', 'trip_id': '1-1-15', 'agency_name': 'Unknown'}]}"
133,69,11430,inter,right,437,[133],[59; 68; 80],0,0,500,375,11430,11490.0,16470.0,16530.0,4980.0,4.0,133,59,,,pt,5475.0,16905.0,5475.0,"{'duration': 4980, 'source_transfer_time': 0, 'waiting_time': 540, 'trip_time': 4440, 'num_transfers': 4, 'departure_time': 11490, 'departure_day': 'current_day', 'arrival_time': 16470, 'arrival_day': 'current_day', 'steps': [{'duration': 930, 'departure_time': 12030, 'arrival_time': 12960, 'day': 'current_day', 'from_stop_id': '133-4', 'to_stop_id': 'MH-R-4', 'trip_id': '9-0-16', 'agency_name': 'Unknown'}, {'duration': 30, 'departure_time': 12960, 'arrival_time': 12990, 'day': 'current_day', 'from_stop_id': 'MH-R-4', 'to_stop_id': 'MH-R-0', 'trip_id': 'walking', 'agency_name': 'Unknown'}, {'duration': 1500, 'departure_time': 14400, 'arrival_time': 15900, 'day': 'current_day', 'from_stop_id': 'MH-R-0', 'to_stop_id': 'MH-L-0', 'trip_id': '0-1-6', 'agency_name': 'Unknown'}, {'duration': 30, 'departure_time': 15900, 'arrival_time': 15930, 'day': 'current_day', 'from_stop_id': 'MH-L-0', 'to_stop_id': 'MH-L-1', 'trip_id': 'walking', 'agency_name': 'Unknown'}, {'duration': 330, 'departure_time': 16140, 'arrival_time': 16470, 'day': 'current_day', 'from_stop_id': 'MH-L-1', 'to_stop_id': '59-1', 'trip_id': '1-0-21', 'agency_name': 'Unknown'}]}"
129,15,11760,inter,right,438,[130; 140],[16],500,375,500,375,12135,12195.0,16590.0,16650.0,4395.0,4.0,130,16,,,pt,5265.0,17025.0,5265.0,"{'duration': 4395, 'source_transfer_time': 0, 'waiting_time': 315, 'trip_time': 4080, 'num_transfers': 4, 'departure_time': 12195, 'departure_day': 'current_day', 'arrival_time': 16590, 'arrival_day': 'current_day', 'steps': [{'duration': 1050, 'departure_time': 12510, 'arrival_time': 13560, 'day': 'current_day', 'from_stop_id': '130-5', 'to_stop_id': 'MH-R-5', 'trip_id': '10-0-17', 'agency_name': 'Unknown'}, {'duration': 30, 'departure_time': 13560, 'arrival_time': 13590, 'day': 'current_day', 'from_stop_id': 'MH-R-5', 'to_stop_id': 'MH-R-0', 'trip_id': 'walking', 'agency_name': 'Unknown'}, {'duration': 1500, 'departure_time': 14400, 'arrival_time': 15900, 'day': 'current_day', 'from_stop_id': 'MH-R-0', 'to_stop_id': 'MH-L-0', 'trip_id': '0-1-6', 'agency_name': 'Unknown'}, {'duration': 30, 'departure_time': 15900, 'arrival_time': 15930, 'day': 'current_day', 'from_stop_id': 'MH-L-0', 'to_stop_id': 'MH-L-2', 'trip_id': 'walking', 'agency_name': 'Unknown'}, {'duration': 450, 'departure_time': 16140, 'arrival_time': 16590, 'day': 'current_day', 'from_stop_id': 'MH-L-2', 'to_stop_id': '16-2', 'trip_id': '2-0-21', 'agency_name': 'Unknown'}]}"
156,21,7050,inter,right,439,[156],[10; 20],0,0,500,375,7050,7110.0,11670.0,11730.0,4560.0,4.0,156,20,,,pt,5055.0,12105.0,5055.0,"{'duration': 4560, 'source_transfer_time': 0, 'waiting_time': 480, 'trip_time': 4080, 'num_transfers': 4, 'departure_time': 7110, 'departure_day': 'current_day', 'arrival_time': 11670, 'arrival_day': 'current_day', 'steps': [{'duration': 570, 'departure_time': 7590, 'arrival_time': 8160, 'day': 'current_day', 'from_stop_id': '156-4', 'to_stop_id': 'MH-R-4', 'trip_id': '9-0-8', 'agency_name': 'Unknown'}, {'duration': 30, 'departure_time': 8160, 'arrival_time': 8190, 'day': 'current_day', 'from_stop_id': 'MH-R-4', 'to_stop_id': 'MH-R-0', 'trip_id': 'walking', 'agency_name': 'Unknown'}, {'duration': 1500, 'departure_time': 9000, 'arrival_time': 10500, 'day': 'current_day', 'from_stop_id': 'MH-R-0', 'to_stop_id': 'MH-L-0', 'trip_id': '0-1-3', 'agency_name': 'Unknown'}, {'duration': 30, 'departure_time': 10500, 'arrival_time': 10530, 'day': 'current_day', 'from_stop_id': 'MH-L-0', 'to_stop_id': 'MH-L-5', 'trip_id': 'walking', 'agency_name': 'Unknown'}, {'duration': 930, 'departure_time': 10740, 'arrival_time': 11670, 'day': 'current_day', 'from_stop_id': 'MH-L-5', 'to_stop_id': '20-5', 'trip_id': '8-1-12', 'agency_name': 'Unknown'}]}"
152,71,6930,inter,right,440,[141; 151],[61],500,375,500,375,7305,7365.0,11310.0,11370.0,3945.0,4.0,141,61,,,pt,4815.0,11745.0,4815.0,"{'duration': 3945, 'source_transfer_time': 0, 'waiting_time': 465, 'trip_time': 3480, 'num_transfers': 4, 'departure_time': 7365, 'departure_day': 'current_day', 'arrival_time': 11310, 'arrival_day': 'current_day', 'steps': [{'duration': 930, 'departure_time': 7830, 'arrival_time': 8760, 'day': 'current_day', 'from_stop_id': '141-5', 'to_stop_id': 'MH-R-5', 'trip_id': '10-0-9', 'agency_name': 'Unknown'}, {'duration': 30, 'departure_time': 8760, 'arrival_time': 8790, 'day': 'current_day', 'from_stop_id': 'MH-R-5', 'to_stop_id': 'MH-R-0', 'trip_id': 'walking', 'agency_name': 'Unknown'}, {'duration': 1500, 'departure_time': 9000, 'arrival_time': 10500, 'day': 'current_day', 'from_stop_id': 'MH-R-0', 'to_stop_id': 'MH-L-0', 'trip_id': '0-1-3', 'agency_name': 'Unknown'}, {'duration': 30, 'departure_time': 10500, 'arrival_time': 10530, 'day': 'current_day', 'from_stop_id': 'MH-L-0', 'to_stop_id': 'MH-L-1', 'trip_id': 'walking', 'agency_name': 'Unknown'}, {'duration': 570, 'departure_time': 10740, 'arrival_time': 11310, 'day': 'current_day', 'from_stop_id': 'MH-L-1', 'to_stop_id': '61-1', 'trip_id': '1-0-12', 'agency_name': 'Unknown'}]}"
216,96,12000,inter,right,441,[216],[96],0,0,0,0,12000,12060.0,16950.0,17010.0,4890.0,4.0,216,96,,,pt,5010.0,17010.0,5010.0,"{'duration': 4890, 'source_transfer_time': 0, 'waiting_time': 570, 'trip_time': 4320, 'num_transfers': 4, 'departure_time': 12060, 'departure_day': 'current_day', 'arrival_time': 16950, 'arrival_day': 'current_day', 'steps': [{'duration': 930, 'departure_time': 12630, 'arrival_time': 13560, 'day': 'current_day', 'from_stop_id': '216-5', 'to_stop_id': 'MH-R-5', 'trip_id': '10-1-17', 'agency_name': 'Unknown'}, {'duration': 30, 'departure_time': 13560, 'arrival_time': 13590, 'day': 'current_day', 'from_stop_id': 'MH-R-5', 'to_stop_id': 'MH-R-0', 'trip_id': 'walking', 'agency_name': 'Unknown'}, {'duration': 1500, 'departure_time': 14400, 'arrival_time': 15900, 'day': 'current_day', 'from_stop_id': 'MH-R-0', 'to_stop_id': 'MH-L-0', 'trip_id': '0-1-6', 'agency_name': 'Unknown'}, {'duration': 30, 'departure_time': 15900, 'arrival_time': 15930, 'day': 'current_day', 'from_stop_id': 'MH-L-0', 'to_stop_id': 'MH-L-5', 'trip_id': 'walking', 'agency_name': 'Unknown'}, {'duration': 810, 'departure_time': 16140, 'arrival_time': 16950, 'day': 'current_day', 'from_stop_id': 'MH-L-5', 'to_stop_id': '96-5', 'trip_id': '8-0-21', 'agency_name': 'Unknown'}]}"
158,48,9330,inter,right,442,[157; 159; 169],[48],500,375,0,0,9705,9765.0,12750.0,12810.0,2985.0,4.0,157,48,,,pt,3480.0,12810.0,3480.0,"{'duration': 2985, 'source_transfer_time': 0, 'waiting_time': 345, 'trip_time': 2640, 'num_transfers': 4, 'departure_time': 9765, 'departure_day': 'current_day', 'arrival_time': 12750, 'arrival_day': 'current_day', 'steps': [{'duration': 450, 'departure_time': 10110, 'arrival_time': 10560, 'day': 'current_day', 'from_stop_id': '157-4', 'to_stop_id': 'MH-R-4', 'trip_id': '9-0-12', 'agency_name': 'Unknown'}, {'duration': 30, 'departure_time': 10560, 'arrival_time': 10590, 'day': 'current_day', 'from_stop_id': 'MH-R-4', 'to_stop_id': 'MH-R-0', 'trip_id': 'walking', 'agency_name': 'Unknown'}, {'duration': 1500, 'departure_time': 10800, 'arrival_time': 12300, 'day': 'current_day', 'from_stop_id': 'MH-R-0', 'to_stop_id': 'MH-L-0', 'trip_id': '0-1-4', 'agency_name': 'Unknown'}, {'duration': 30, 'departure_time': 12300, 'arrival_time': 12330, 'day': 'current_day', 'from_stop_id': 'MH-L-0', 'to_stop_id': 'MH-L-4', 'trip_id': 'walking', 'agency_name': 'Unknown'}, {'duration': 210, 'departure_time': 12540, 'arrival_time': 12750, 'day': 'current_day', 'from_stop_id': 'MH-L-4', 'to_stop_id': '48-4', 'trip_id': '7-1-15', 'agency_name': 'Unknown'}]}"
210,75,5550,inter,right,443,[209],[75],500,375,0,0,5925,5985.0,9390.0,9450.0,3405.0,4.0,209,75,,,pt,3900.0,9450.0,3900.0,"{'duration': 3405, 'source_transfer_time': 0, 'waiting_time': 45, 'trip_time': 3360, 'num_transfers': 4, 'departure_time': 5985, 'departure_day': 'current_day', 'arrival_time': 9390, 'arrival_day': 'current_day', 'steps': [{'duration': 330, 'departure_time': 6030, 'arrival_time': 6360, 'day': 'current_day', 'from_stop_id': '209-2', 'to_stop_id': 'MH-R-2', 'trip_id': '4-0-5', 'agency_name': 'Unknown'}, {'duration': 30, 'departure_time': 6360, 'arrival_time': 6390, 'day': 'current_day', 'from_stop_id': 'MH-R-2', 'to_stop_id': 'MH-R-0', 'trip_id': 'walking', 'agency_name': 'Unknown'}, {'duration': 1500, 'departure_time': 7200, 'arrival_time': 8700, 'day': 'current_day', 'from_stop_id': 'MH-R-0', 'to_stop_id': 'MH-L-0', 'trip_id': '0-1-2', 'agency_name': 'Unknown'}, {'duration': 30, 'departure_time': 8700, 'arrival_time': 8730, 'day': 'current_day', 'from_stop_id': 'MH-L-0', 'to_stop_id': 'MH-L-5', 'trip_id': 'walking', 'agency_name': 'Unknown'}, {'duration': 450, 'departure_time': 8940, 'arrival_time': 9390, 'day': 'current_day', 'from_stop_id': 'MH-L-5', 'to_stop_id': '75-5', 'trip_id': '8-0-9', 'agency_name': 'Unknown'}]}"
210,75,5100,inter,right,444,[209],[75],500,375,0,0,5475,5535.0,9390.0,9450.0,3855.0,4.0,209,75,,,pt,4350.0,9450.0,4350.0,"{'duration': 3855, 'source_transfer_time': 0, 'waiting_time': 495, 'trip_time': 3360, 'num_transfers': 4, 'departure_time': 5535, 'departure_day': 'current_day', 'arrival_time': 9390, 'arrival_day': 'current_day', 'steps': [{'duration': 330, 'departure_time': 6030, 'arrival_time': 6360, 'day': 'current_day', 'from_stop_id': '209-2', 'to_stop_id': 'MH-R-2', 'trip_id': '4-0-5', 'agency_name': 'Unknown'}, {'duration': 30, 'departure_time': 6360, 'arrival_time': 6390, 'day': 'current_day', 'from_stop_id': 'MH-R-2', 'to_stop_id': 'MH-R-0', 'trip_id': 'walking', 'agency_name': 'Unknown'}, {'duration': 1500, 'departure_time': 7200, 'arrival_time': 8700, 'day': 'current_day', 'from_stop_id': 'MH-R-0', 'to_stop_id': 'MH-L-0', 'trip_id': '0-1-2', 'agency_name': 'Unknown'}, {'duration': 30, 'departure_time': 8700, 'arrival_time': 8730, 'day': 'current_day', 'from_stop_id': 'MH-L-0', 'to_stop_id': 'MH-L-5', 'trip_id': 'walking', 'agency_name': 'Unknown'}, {'duration': 450, 'departure_time': 8940, 'arrival_time': 9390, 'day': 'current_day', 'from_stop_id': 'MH-L-5', 'to_stop_id': '75-5', 'trip_id': '8-0-9', 'agency_name': 'Unknown'}]}"
231,24,6450,inter,right,445,[231],[24],0,0,0,0,6450,6510.0,11430.0,11490.0,4920.0,4.0,231,24,,,pt,5040.0,11490.0,5040.0,"{'duration': 4920, 'source_transfer_time': 0, 'waiting_time': 480, 'trip_time': 4440, 'num_transfers': 4, 'departure_time': 6510, 'departure_day': 'current_day', 'arrival_time': 11430, 'arrival_day': 'current_day', 'steps': [{'duration': 570, 'departure_time': 6990, 'arrival_time': 7560, 'day': 'current_day', 'from_stop_id': '231-2', 'to_stop_id': 'MH-R-2', 'trip_id': '4-0-7', 'agency_name': 'Unknown'}, {'duration': 30, 'departure_time': 7560, 'arrival_time': 7590, 'day': 'current_day', 'from_stop_id': 'MH-R-2', 'to_stop_id': 'MH-R-0', 'trip_id': 'walking', 'agency_name': 'Unknown'}, {'duration': 1500, 'departure_time': 9000, 'arrival_time': 10500, 'day': 'current_day', 'from_stop_id': 'MH-R-0', 'to_stop_id': 'MH-L-0', 'trip_id': '0-1-3', 'agency_name': 'Unknown'}, {'duration': 30, 'departure_time': 10500, 'arrival_time': 10530, 'day': 'current_day', 'from_stop_id': 'MH-L-0', 'to_stop_id': 'MH-L-4', 'trip_id': 'walking', 'agency_name': 'Unknown'}, {'duration': 690, 'departure_time': 10740, 'arrival_time': 11430, 'day': 'current_day', 'from_stop_id': 'MH-L-4', 'to_stop_id': '24-4', 'trip_id': '7-1-12', 'agency_name': 'Unknown'}]}"
205,103,5100,inter,right,446,[206; 216],[103],500,375,0,0,5475,5535.0,9870.0,9930.0,4335.0,4.0,206,103,,,pt,4830.0,9930.0,4830.0,"{'duration': 4335, 'source_transfer_time': 0, 'waiting_time': 135, 'trip_time': 4200, 'num_transfers': 4, 'departure_time': 5535, 'departure_day': 'current_day', 'arrival_time': 9870, 'arrival_day': 'current_day', 'steps': [{'duration': 690, 'departure_time': 5670, 'arrival_time': 6360, 'day': 'current_day', 'from_stop_id': '206-5', 'to_stop_id': 'MH-R-5', 'trip_id': '10-1-5', 'agency_name': 'Unknown'}, {'duration': 30, 'departure_time': 6360, 'arrival_time': 6390, 'day': 'current_day', 'from_stop_id': 'MH-R-5', 'to_stop_id': 'MH-R-0', 'trip_id': 'walking', 'agency_name': 'Unknown'}, {'duration': 1500, 'departure_time': 7200, 'arrival_time': 8700, 'day': 'current_day', 'from_stop_id': 'MH-R-0', 'to_stop_id': 'MH-L-0', 'trip_id': '0-1-2', 'agency_name': 'Unknown'}, {'duration': 30, 'departure_time': 8700, 'arrival_time': 8730, 'day': 'current_day', 'from_stop_id': 'MH-L-0', 'to_stop_id': 'MH-L-4', 'trip_id': 'walking', 'agency_name': 'Unknown'}, {'duration': 930, 'departure_time': 8940, 'arrival_time': 9870, 'day': 'current_day', 'from_stop_id': 'MH-L-4', 'to_stop_id': '103-4', 'trip_id': '7-0-9', 'agency_name': 'Unknown'}]}"
193,107,8430,inter,right,447,[175],[96; 106],1000,751,500,375,9181,9241.0,13350.0,13410.0,4109.0,4.0,175,96,,,pt,5355.0,13785.0,5355.0,"{'duration': 4109, 'source_transfer_time': 0, 'waiting_time': 149, 'trip_time': 3960, 'num_transfers': 4, 'departure_time': 9241, 'departure_day': 'current_day', 'arrival_time': 13350, 'arrival_day': 'current_day', 'steps': [{'duration': 570, 'departure_time': 9390, 'arrival_time': 9960, 'day': 'current_day', 'from_stop_id': '175-1', 'to_stop_id': 'MH-R-1', 'trip_id': '3-0-11', 'agency_name': 'Unknown'}, {'duration': 30, 'departure_time': 9960, 'arrival_time': 9990, 'day': 'current_day', 'from_stop_id': 'MH-R-1', 'to_stop_id': 'MH-R-0', 'trip_id': 'walking', 'agency_name': 'Unknown'}, {'duration': 1500, 'departure_time': 10800, 'arrival_time': 12300, 'day': 'current_day', 'from_stop_id': 'MH-R-0', 'to_stop_id': 'MH-L-0', 'trip_id': '0-1-4', 'agency_name': 'Unknown'}, {'duration': 30, 'departure_time': 12300, 'arrival_time': 12330, 'day': 'current_day', 'from_stop_id': 'MH-L-0', 'to_stop_id': 'MH-L-5', 'trip_id': 'walking', 'agency_name': 'Unknown'}, {'duration': 810, 'departure_time': 12540, 'arrival_time': 13350, 'day': 'current_day', 'from_stop_id': 'MH-L-5', 'to_stop_id': '96-5', 'trip_id': '8-0-15', 'agency_name': 'Unknown'}]}"
196,37,3690,inter,right,448,[196],[36; 38; 48],0,0,500,375,3690,3750.0,7350.0,7410.0,3600.0,4.0,196,38,,,pt,4095.0,7785.0,4095.0,"{'duration': 3600, 'source_transfer_time': 0, 'waiting_time': 360, 'trip_time': 3240, 'num_transfers': 4, 'departure_time': 3750, 'departure_day': 'current_day', 'arrival_time': 7350, 'arrival_day': 'current_day', 'steps': [{'duration': 450, 'departure_time': 4110, 'arrival_time': 4560, 'day': 'current_day', 'from_stop_id': '196-5', 'to_stop_id': 'MH-R-5', 'trip_id': '10-1-2', 'agency_name': 'Unknown'}, {'duration': 30, 'departure_time': 4560, 'arrival_time': 4590, 'day': 'current_day', 'from_stop_id': 'MH-R-5', 'to_stop_id': 'MH-R-0', 'trip_id': 'walking', 'agency_name': 'Unknown'}, {'duration': 1500, 'departure_time': 5400, 'arrival_time': 6900, 'day': 'current_day', 'from_stop_id': 'MH-R-0', 'to_stop_id': 'MH-L-0', 'trip_id': '0-1-1', 'agency_name': 'Unknown'}, {'duration': 30, 'departure_time': 6900, 'arrival_time': 6930, 'day': 'current_day', 'from_stop_id': 'MH-L-0', 'to_stop_id': 'MH-L-2', 'trip_id': 'walking', 'agency_name': 'Unknown'}, {'duration': 210, 'departure_time': 7140, 'arrival_time': 7350, 'day': 'current_day', 'from_stop_id': 'MH-L-2', 'to_stop_id': '38-2', 'trip_id': '2-0-6', 'agency_name': 'Unknown'}]}"
153,30,12660,inter,right,449,[131; 141; 151],[30],1000,751,0,0,13411,13471.0,18630.0,18690.0,5159.0,4.0,131,30,,,pt,6030.0,18690.0,6030.0,"{'duration': 5159, 'source_transfer_time': 0, 'waiting_time': 119, 'trip_time': 5040, 'num_transfers': 4, 'departure_time': 13471, 'departure_day': 'current_day', 'arrival_time': 18630, 'arrival_day': 'current_day', 'steps': [{'duration': 1170, 'departure_time': 13590, 'arrival_time': 14760, 'day': 'current_day', 'from_stop_id': '131-5', 'to_stop_id': 'MH-R-5', 'trip_id': '10-0-19', 'agency_name': 'Unknown'}, {'duration': 30, 'departure_time': 14760, 'arrival_time': 14790, 'day': 'current_day', 'from_stop_id': 'MH-R-5', 'to_stop_id': 'MH-R-0', 'trip_id': 'walking', 'agency_name': 'Unknown'}, {'duration': 1500, 'departure_time': 16200, 'arrival_time': 17700, 'day': 'current_day', 'from_stop_id': 'MH-R-0', 'to_stop_id': 'MH-L-0', 'trip_id': '0-1-7', 'agency_name': 'Unknown'}, {'duration': 30, 'departure_time': 17700, 'arrival_time': 17730, 'day': 'current_day', 'from_stop_id': 'MH-L-0', 'to_stop_id': 'MH-L-5', 'trip_id': 'walking', 'agency_name': 'Unknown'}, {'duration': 690, 'departure_time': 17940, 'arrival_time': 18630, 'day': 'current_day', 'from_stop_id': 'MH-L-5', 'to_stop_id': '30-5', 'trip_id': '8-1-24', 'agency_name': 'Unknown'}]}"
122,38,11130,inter,right,450,[121; 133],[38],500,375,0,0,11505,11565.0,16350.0,16410.0,4785.0,4.0,121,38,,,pt,5280.0,16410.0,5280.0,"{'duration': 4785, 'source_transfer_time': 0, 'waiting_time': 225, 'trip_time': 4560, 'num_transfers': 4, 'departure_time': 11565, 'departure_day': 'current_day', 'arrival_time': 16350, 'arrival_day': 'current_day', 'steps': [{'duration': 1170, 'departure_time': 11790, 'arrival_time': 12960, 'day': 'current_day', 'from_stop_id': '121-4', 'to_stop_id': 'MH-R-4', 'trip_id': '9-0-16', 'agency_name': 'Unknown'}, {'duration': 30, 'departure_time': 12960, 'arrival_time': 12990, 'day': 'current_day', 'from_stop_id': 'MH-R-4', 'to_stop_id': 'MH-R-0', 'trip_id': 'walking', 'agency_name': 'Unknown'}, {'duration': 1500, 'departure_time': 14400, 'arrival_time': 15900, 'day': 'current_day', 'from_stop_id': 'MH-R-0', 'to_stop_id': 'MH-L-0', 'trip_id': '0-1-6', 'agency_name': 'Unknown'}, {'duration': 30, 'departure_time': 15900, 'arrival_time': 15930, 'day': 'current_day', 'from_stop_id': 'MH-L-0', 'to_stop_id': 'MH-L-2', 'trip_id': 'walking', 'agency_name': 'Unknown'}, {'duration': 210, 'departure_time': 16140, 'arrival_time': 16350, 'day': 'current_day', 'from_stop_id': 'MH-L-2', 'to_stop_id': '38-2', 'trip_id': '2-0-21', 'agency_name': 'Unknown'}]}"
217,45,13230,inter,right,451,[217],[55],0,0,500,375,13230,13290.0,16590.0,16650.0,3300.0,4.0,217,55,,,pt,3795.0,17025.0,3795.0,"{'duration': 3300, 'source_transfer_time': 0, 'waiting_time': 60, 'trip_time': 3240, 'num_transfers': 4, 'departure_time': 13290, 'departure_day': 'current_day', 'arrival_time': 16590, 'arrival_day': 'current_day', 'steps': [{'duration': 810, 'departure_time': 13350, 'arrival_time': 14160, 'day': 'current_day', 'from_stop_id': '217-5', 'to_stop_id': 'MH-R-5', 'trip_id': '10-1-18', 'agency_name': 'Unknown'}, {'duration': 30, 'departure_time': 14160, 'arrival_time': 14190, 'day': 'current_day', 'from_stop_id': 'MH-R-5', 'to_stop_id': 'MH-R-0', 'trip_id': 'walking', 'agency_name': 'Unknown'}, {'duration': 1500, 'departure_time': 14400, 'arrival_time': 15900, 'day': 'current_day', 'from_stop_id': 'MH-R-0', 'to_stop_id': 'MH-L-0', 'trip_id': '0-1-6', 'agency_name': 'Unknown'}, {'duration': 30, 'departure_time': 15900, 'arrival_time': 15930, 'day': 'current_day', 'from_stop_id': 'MH-L-0', 'to_stop_id': 'MH-L-1', 'trip_id': 'walking', 'agency_name': 'Unknown'}, {'duration': 450, 'departure_time': 16140, 'arrival_time': 16590, 'day': 'current_day', 'from_stop_id': 'MH-L-1', 'to_stop_id': '55-1', 'trip_id': '1-1-21', 'agency_name': 'Unknown'}]}"
163,111,9030,inter,right,452,[141; 151; 161; 181],[110],1000,751,500,375,9781,9841.0,13110.0,13170.0,3269.0,4.0,151,110,,,pt,4515.0,13545.0,4515.0,"{'duration': 3269, 'source_transfer_time': 0, 'waiting_time': 29, 'trip_time': 3240, 'num_transfers': 4, 'departure_time': 9841, 'departure_day': 'current_day', 'arrival_time': 13110, 'arrival_day': 'current_day', 'steps': [{'duration': 690, 'departure_time': 9870, 'arrival_time': 10560, 'day': 'current_day', 'from_stop_id': '151-5', 'to_stop_id': 'MH-R-5', 'trip_id': '10-0-12', 'agency_name': 'Unknown'}, {'duration': 30, 'departure_time': 10560, 'arrival_time': 10590, 'day': 'current_day', 'from_stop_id': 'MH-R-5', 'to_stop_id': 'MH-R-0', 'trip_id': 'walking', 'agency_name': 'Unknown'}, {'duration': 1500, 'departure_time': 10800, 'arrival_time': 12300, 'day': 'current_day', 'from_stop_id': 'MH-R-0', 'to_stop_id': 'MH-L-0', 'trip_id': '0-1-4', 'agency_name': 'Unknown'}, {'duration': 30, 'departure_time': 12300, 'arrival_time': 12330, 'day': 'current_day', 'from_stop_id': 'MH-L-0', 'to_stop_id': 'MH-L-2', 'trip_id': 'walking', 'agency_name': 'Unknown'}, {'duration': 570, 'departure_time': 12540, 'arrival_time': 13110, 'day': 'current_day', 'from_stop_id': 'MH-L-2', 'to_stop_id': '110-2', 'trip_id': '2-1-15', 'agency_name': 'Unknown'}]}"
150,104,10710,inter,right,453,[150],[104],0,0,0,0,10710,10770.0,15390.0,15450.0,4620.0,4.0,150,104,,,pt,4740.0,15450.0,4740.0,"{'duration': 4620, 'source_transfer_time': 0, 'waiting_time': 420, 'trip_time': 4200, 'num_transfers': 4, 'departure_time': 10770, 'departure_day': 'current_day', 'arrival_time': 15390, 'arrival_day': 'current_day', 'steps': [{'duration': 570, 'departure_time': 11190, 'arrival_time': 11760, 'day': 'current_day', 'from_stop_id': '150-5', 'to_stop_id': 'MH-R-5', 'trip_id': '10-0-14', 'agency_name': 'Unknown'}, {'duration': 30, 'departure_time': 11760, 'arrival_time': 11790, 'day': 'current_day', 'from_stop_id': 'MH-R-5', 'to_stop_id': 'MH-R-0', 'trip_id': 'walking', 'agency_name': 'Unknown'}, {'duration': 1500, 'departure_time': 12600, 'arrival_time': 14100, 'day': 'current_day', 'from_stop_id': 'MH-R-0', 'to_stop_id': 'MH-L-0', 'trip_id': '0-1-5', 'agency_name': 'Unknown'}, {'duration': 30, 'departure_time': 14100, 'arrival_time': 14130, 'day': 'current_day', 'from_stop_id': 'MH-L-0', 'to_stop_id': 'MH-L-4', 'trip_id': 'walking', 'agency_name': 'Unknown'}, {'duration': 1050, 'departure_time': 14340, 'arrival_time': 15390, 'day': 'current_day', 'from_stop_id': 'MH-L-4', 'to_stop_id': '104-4', 'trip_id': '7-0-18', 'agency_name': 'Unknown'}]}"
132,64,13920,inter,right,454,[132],[56],0,0,500,375,13920,13980.0,18270.0,18330.0,4290.0,4.0,132,56,,,pt,4785.0,18705.0,4785.0,"{'duration': 4290, 'source_transfer_time': 0, 'waiting_time': 330, 'trip_time': 3960, 'num_transfers': 4, 'departure_time': 13980, 'departure_day': 'current_day', 'arrival_time': 18270, 'arrival_day': 'current_day', 'steps': [{'duration': 1050, 'departure_time': 14310, 'arrival_time': 15360, 'day': 'current_day', 'from_stop_id': '132-4', 'to_stop_id': 'MH-R-4', 'trip_id': '9-0-20', 'agency_name': 'Unknown'}, {'duration': 30, 'departure_time': 15360, 'arrival_time': 15390, 'day': 'current_day', 'from_stop_id': 'MH-R-4', 'to_stop_id': 'MH-R-0', 'trip_id': 'walking', 'agency_name': 'Unknown'}, {'duration': 1500, 'departure_time': 16200, 'arrival_time': 17700, 'day': 'current_day', 'from_stop_id': 'MH-R-0', 'to_stop_id': 'MH-L-0', 'trip_id': '0-1-7', 'agency_name': 'Unknown'}, {'duration': 30, 'departure_time': 17700, 'arrival_time': 17730, 'day': 'current_day', 'from_stop_id': 'MH-L-0', 'to_stop_id': 'MH-L-1', 'trip_id': 'walking', 'agency_name': 'Unknown'}, {'duration': 330, 'departure_time': 17940, 'arrival_time': 18270, 'day': 'current_day', 'from_stop_id': 'MH-L-1', 'to_stop_id': '56-1', 'trip_id': '1-1-24', 'agency_name': 'Unknown'}]}"
184,91,8100,inter,right,455,[176],[91],500,375,0,0,8475,8535.0,13230.0,13290.0,4695.0,4.0,176,91,,,pt,5190.0,13290.0,5190.0,"{'duration': 4695, 'source_transfer_time': 0, 'waiting_time': 375, 'trip_time': 4320, 'num_transfers': 4, 'departure_time': 8535, 'departure_day': 'current_day', 'arrival_time': 13230, 'arrival_day': 'current_day', 'steps': [{'duration': 450, 'departure_time': 8910, 'arrival_time': 9360, 'day': 'current_day', 'from_stop_id': '176-1', 'to_stop_id': 'MH-R-1', 'trip_id': '3-0-10', 'agency_name': 'Unknown'}, {'duration': 30, 'departure_time': 9360, 'arrival_time': 9390, 'day': 'current_day', 'from_stop_id': 'MH-R-1', 'to_stop_id': 'MH-R-0', 'trip_id': 'walking', 'agency_name': 'Unknown'}, {'duration': 1500, 'departure_time': 10800, 'arrival_time': 12300, 'day': 'current_day', 'from_stop_id': 'MH-R-0', 'to_stop_id': 'MH-L-0', 'trip_id': '0-1-4', 'agency_name': 'Unknown'}, {'duration': 30, 'departure_time': 12300, 'arrival_time': 12330, 'day': 'current_day', 'from_stop_id': 'MH-L-0', 'to_stop_id': 'MH-L-4', 'trip_id': 'walking', 'agency_name': 'Unknown'}, {'duration': 690, 'departure_time': 12540, 'arrival_time': 13230, 'day': 'current_day', 'from_stop_id': 'MH-L-4', 'to_stop_id': '91-4', 'trip_id': '7-0-15', 'agency_name': 'Unknown'}]}"
133,91,4740,inter,right,456,[133],[91],0,0,0,0,4740,4800.0,9630.0,9690.0,4830.0,4.0,133,91,,,pt,4950.0,9690.0,4950.0,"{'duration': 4830, 'source_transfer_time': 0, 'waiting_time': 30, 'trip_time': 4800, 'num_transfers': 4, 'departure_time': 4800, 'departure_day': 'current_day', 'arrival_time': 9630, 'arrival_day': 'current_day', 'steps': [{'duration': 930, 'departure_time': 4830, 'arrival_time': 5760, 'day': 'current_day', 'from_stop_id': '133-4', 'to_stop_id': 'MH-R-4', 'trip_id': '9-0-4', 'agency_name': 'Unknown'}, {'duration': 30, 'departure_time': 5760, 'arrival_time': 5790, 'day': 'current_day', 'from_stop_id': 'MH-R-4', 'to_stop_id': 'MH-R-0', 'trip_id': 'walking', 'agency_name': 'Unknown'}, {'duration': 1500, 'departure_time': 7200, 'arrival_time': 8700, 'day': 'current_day', 'from_stop_id': 'MH-R-0', 'to_stop_id': 'MH-L-0', 'trip_id': '0-1-2', 'agency_name': 'Unknown'}, {'duration': 30, 'departure_time': 8700, 'arrival_time': 8730, 'day': 'current_day', 'from_stop_id': 'MH-L-0', 'to_stop_id': 'MH-L-4', 'trip_id': 'walking', 'agency_name': 'Unknown'}, {'duration': 690, 'departure_time': 8940, 'arrival_time': 9630, 'day': 'current_day', 'from_stop_id': 'MH-L-4', 'to_stop_id': '91-4', 'trip_id': '7-0-9', 'agency_name': 'Unknown'}]}"
171,54,4560,inter,right,457,[161; 170; 179],[54],500,375,0,0,4935,4995.0,9510.0,9570.0,4515.0,4.0,161,54,,,pt,5010.0,9570.0,5010.0,"{'duration': 4515, 'source_transfer_time': 0, 'waiting_time': 315, 'trip_time': 4200, 'num_transfers': 4, 'departure_time': 4995, 'departure_day': 'current_day', 'arrival_time': 9510, 'arrival_day': 'current_day', 'steps': [{'duration': 450, 'departure_time': 5310, 'arrival_time': 5760, 'day': 'current_day', 'from_stop_id': '161-5', 'to_stop_id': 'MH-R-5', 'trip_id': '10-0-4', 'agency_name': 'Unknown'}, {'duration': 30, 'departure_time': 5760, 'arrival_time': 5790, 'day': 'current_day', 'from_stop_id': 'MH-R-5', 'to_stop_id': 'MH-R-0', 'trip_id': 'walking', 'agency_name': 'Unknown'}, {'duration': 1500, 'departure_time': 7200, 'arrival_time': 8700, 'day': 'current_day', 'from_stop_id': 'MH-R-0', 'to_stop_id': 'MH-L-0', 'trip_id': '0-1-2', 'agency_name': 'Unknown'}, {'duration': 30, 'departure_time': 8700, 'arrival_time': 8730, 'day': 'current_day', 'from_stop_id': 'MH-L-0', 'to_stop_id': 'MH-L-1', 'trip_id': 'walking', 'agency_name': 'Unknown'}, {'duration': 570, 'departure_time': 8940, 'arrival_time': 9510, 'day': 'current_day', 'from_stop_id': 'MH-L-1', 'to_stop_id': '54-1', 'trip_id': '1-1-9', 'agency_name': 'Unknown'}]}"
189,49,4680,inter,right,458,[189],[49],0,0,0,0,4680,4740.0,7350.0,7410.0,2610.0,4.0,189,49,,,pt,2730.0,7410.0,2730.0,"{'duration': 2610, 'source_transfer_time': 0, 'waiting_time': 90, 'trip_time': 2520, 'num_transfers': 4, 'departure_time': 4740, 'departure_day': 'current_day', 'arrival_time': 7350, 'arrival_day': 'current_day', 'steps': [{'duration': 330, 'departure_time': 4830, 'arrival_time': 5160, 'day': 'current_day', 'from_stop_id': '189-4', 'to_stop_id': 'MH-R-4', 'trip_id': '9-1-3', 'agency_name': 'Unknown'}, {'duration': 30, 'departure_time': 5160, 'arrival_time': 5190, 'day': 'current_day', 'from_stop_id': 'MH-R-4', 'to_stop_id': 'MH-R-0', 'trip_id': 'walking', 'agency_name': 'Unknown'}, {'duration': 1500, 'departure_time': 5400, 'arrival_time': 6900, 'day': 'current_day', 'from_stop_id': 'MH-R-0', 'to_stop_id': 'MH-L-0', 'trip_id': '0-1-1', 'agency_name': 'Unknown'}, {'duration': 30, 'departure_time': 6900, 'arrival_time': 6930, 'day': 'current_day', 'from_stop_id': 'MH-L-0', 'to_stop_id': 'MH-L-5', 'trip_id': 'walking', 'agency_name': 'Unknown'}, {'duration': 210, 'departure_time': 7140, 'arrival_time': 7350, 'day': 'current_day', 'from_stop_id': 'MH-L-5', 'to_stop_id': '49-5', 'trip_id': '8-1-6', 'agency_name': 'Unknown'}]}"
168,43,9360,inter,right,459,[168],[61],0,0,1000,751,9360,9420.0,13110.0,13170.0,3690.0,4.0,168,61,,,pt,4561.0,13921.0,4561.0,"{'duration': 3690, 'source_transfer_time': 0, 'waiting_time': 210, 'trip_time': 3480, 'num_transfers': 4, 'departure_time': 9420, 'departure_day': 'current_day', 'arrival_time': 13110, 'arrival_day': 'current_day', 'steps': [{'duration': 330, 'departure_time': 9630, 'arrival_time': 9960, 'day': 'current_day', 'from_stop_id': '168-4', 'to_stop_id': 'MH-R-4', 'trip_id': '9-0-11', 'agency_name': 'Unknown'}, {'duration': 30, 'departure_time': 9960, 'arrival_time': 9990, 'day': 'current_day', 'from_stop_id': 'MH-R-4', 'to_stop_id': 'MH-R-0', 'trip_id': 'walking', 'agency_name': 'Unknown'}, {'duration': 1500, 'departure_time': 10800, 'arrival_time': 12300, 'day': 'current_day', 'from_stop_id': 'MH-R-0', 'to_stop_id': 'MH-L-0', 'trip_id': '0-1-4', 'agency_name': 'Unknown'}, {'duration': 30, 'departure_time': 12300, 'arrival_time': 12330, 'day': 'current_day', 'from_stop_id': 'MH-L-0', 'to_stop_id': 'MH-L-1', 'trip_id': 'walking', 'agency_name': 'Unknown'}, {'duration': 570, 'departure_time': 12540, 'arrival_time': 13110, 'day': 'current_day', 'from_stop_id': 'MH-L-1', 'to_stop_id': '61-1', 'trip_id': '1-0-15', 'agency_name': 'Unknown'}]}"
209,12,9570,inter,right,460,[209],[12],0,0,0,0,9570,9630.0,13470.0,13530.0,3840.0,4.0,209,12,,,pt,3960.0,13530.0,3960.0,"{'duration': 3840, 'source_transfer_time': 0, 'waiting_time': 0, 'trip_time': 3840, 'num_transfers': 4, 'departure_time': 9630, 'departure_day': 'current_day', 'arrival_time': 13470, 'arrival_day': 'current_day', 'steps': [{'duration': 330, 'departure_time': 9630, 'arrival_time': 9960, 'day': 'current_day', 'from_stop_id': '209-2', 'to_stop_id': 'MH-R-2', 'trip_id': '4-0-11', 'agency_name': 'Unknown'}, {'duration': 30, 'departure_time': 9960, 'arrival_time': 9990, 'day': 'current_day', 'from_stop_id': 'MH-R-2', 'to_stop_id': 'MH-R-0', 'trip_id': 'walking', 'agency_name': 'Unknown'}, {'duration': 1500, 'departure_time': 10800, 'arrival_time': 12300, 'day': 'current_day', 'from_stop_id': 'MH-R-0', 'to_stop_id': 'MH-L-0', 'trip_id': '0-1-4', 'agency_name': 'Unknown'}, {'duration': 30, 'departure_time': 12300, 'arrival_time': 12330, 'day': 'current_day', 'from_stop_id': 'MH-L-0', 'to_stop_id': 'MH-L-4', 'trip_id': 'walking', 'agency_name': 'Unknown'}, {'duration': 930, 'departure_time': 12540, 'arrival_time': 13470, 'day': 'current_day', 'from_stop_id': 'MH-L-4', 'to_stop_id': '12-4', 'trip_id': '7-1-15', 'agency_name': 'Unknown'}]}"
169,106,11850,inter,right,461,[169],[106],0,0,0,0,11850,11910.0,15390.0,15450.0,3480.0,4.0,169,106,,,pt,3600.0,15450.0,3600.0,"{'duration': 3480, 'source_transfer_time': 0, 'waiting_time': 240, 'trip_time': 3240, 'num_transfers': 4, 'departure_time': 11910, 'departure_day': 'current_day', 'arrival_time': 15390, 'arrival_day': 'current_day', 'steps': [{'duration': 210, 'departure_time': 12150, 'arrival_time': 12360, 'day': 'current_day', 'from_stop_id': '169-4', 'to_stop_id': 'MH-R-4', 'trip_id': '9-0-15', 'agency_name': 'Unknown'}, {'duration': 30, 'departure_time': 12360, 'arrival_time': 12390, 'day': 'current_day', 'from_stop_id': 'MH-R-4', 'to_stop_id': 'MH-R-0', 'trip_id': 'walking', 'agency_name': 'Unknown'}, {'duration': 1500, 'departure_time': 12600, 'arrival_time': 14100, 'day': 'current_day', 'from_stop_id': 'MH-R-0', 'to_stop_id': 'MH-L-0', 'trip_id': '0-1-5', 'agency_name': 'Unknown'}, {'duration': 30, 'departure_time': 14100, 'arrival_time': 14130, 'day': 'current_day', 'from_stop_id': 'MH-L-0', 'to_stop_id': 'MH-L-5', 'trip_id': 'walking', 'agency_name': 'Unknown'}, {'duration': 1050, 'departure_time': 14340, 'arrival_time': 15390, 'day': 'current_day', 'from_stop_id': 'MH-L-5', 'to_stop_id': '106-5', 'trip_id': '8-0-18', 'agency_name': 'Unknown'}]}"
207,17,9840,inter,right,462,[207],[16],0,0,500,375,9840,9900.0,12990.0,13050.0,3090.0,4.0,207,16,,,pt,3585.0,13425.0,3585.0,"{'duration': 3090, 'source_transfer_time': 0, 'waiting_time': 90, 'trip_time': 3000, 'num_transfers': 4, 'departure_time': 9900, 'departure_day': 'current_day', 'arrival_time': 12990, 'arrival_day': 'current_day', 'steps': [{'duration': 570, 'departure_time': 9990, 'arrival_time': 10560, 'day': 'current_day', 'from_stop_id': '207-5', 'to_stop_id': 'MH-R-5', 'trip_id': '10-1-12', 'agency_name': 'Unknown'}, {'duration': 30, 'departure_time': 10560, 'arrival_time': 10590, 'day': 'current_day', 'from_stop_id': 'MH-R-5', 'to_stop_id': 'MH-R-0', 'trip_id': 'walking', 'agency_name': 'Unknown'}, {'duration': 1500, 'departure_time': 10800, 'arrival_time': 12300, 'day': 'current_day', 'from_stop_id': 'MH-R-0', 'to_stop_id': 'MH-L-0', 'trip_id': '0-1-4', 'agency_name': 'Unknown'}, {'duration': 30, 'departure_time': 12300, 'arrival_time': 12330, 'day': 'current_day', 'from_stop_id': 'MH-L-0', 'to_stop_id': 'MH-L-2', 'trip_id': 'walking', 'agency_name': 'Unknown'}, {'duration': 450, 'departure_time': 12540, 'arrival_time': 12990, 'day': 'current_day', 'from_stop_id': 'MH-L-2', 'to_stop_id': '16-2', 'trip_id': '2-0-15', 'agency_name': 'Unknown'}]}"
211,87,9540,inter,right,463,[200; 212],[76; 86; 88],500,375,500,375,9915,9975.0,12870.0,12930.0,2895.0,4.0,200,76,,,pt,3765.0,13305.0,3765.0,"{'duration': 2895, 'source_transfer_time': 0, 'waiting_time': 135, 'trip_time': 2760, 'num_transfers': 4, 'departure_time': 9975, 'departure_day': 'current_day', 'arrival_time': 12870, 'arrival_day': 'current_day', 'steps': [{'duration': 450, 'departure_time': 10110, 'arrival_time': 10560, 'day': 'current_day', 'from_stop_id': '200-4', 'to_stop_id': 'MH-R-4', 'trip_id': '9-1-12', 'agency_name': 'Unknown'}, {'duration': 30, 'departure_time': 10560, 'arrival_time': 10590, 'day': 'current_day', 'from_stop_id': 'MH-R-4', 'to_stop_id': 'MH-R-0', 'trip_id': 'walking', 'agency_name': 'Unknown'}, {'duration': 1500, 'departure_time': 10800, 'arrival_time': 12300, 'day': 'current_day', 'from_stop_id': 'MH-R-0', 'to_stop_id': 'MH-L-0', 'trip_id': '0-1-4', 'agency_name': 'Unknown'}, {'duration': 30, 'departure_time': 12300, 'arrival_time': 12330, 'day': 'current_day', 'from_stop_id': 'MH-L-0', 'to_stop_id': 'MH-L-5', 'trip_id': 'walking', 'agency_name': 'Unknown'}, {'duration': 330, 'departure_time': 12540, 'arrival_time': 12870, 'day': 'current_day', 'from_stop_id': 'MH-L-5', 'to_stop_id': '76-5', 'trip_id': '8-0-15', 'agency_name': 'Unknown'}]}"
159,70,10860,inter,right,464,[159],[60],0,0,500,375,10860,10920.0,14790.0,14850.0,3870.0,4.0,159,60,,,pt,4365.0,15225.0,4365.0,"{'duration': 3870, 'source_transfer_time': 0, 'waiting_time': 30, 'trip_time': 3840, 'num_transfers': 4, 'departure_time': 10920, 'departure_day': 'current_day', 'arrival_time': 14790, 'arrival_day': 'current_day', 'steps': [{'duration': 210, 'departure_time': 10950, 'arrival_time': 11160, 'day': 'current_day', 'from_stop_id': '159-2', 'to_stop_id': 'MH-R-2', 'trip_id': '4-1-13', 'agency_name': 'Unknown'}, {'duration': 30, 'departure_time': 11160, 'arrival_time': 11190, 'day': 'current_day', 'from_stop_id': 'MH-R-2', 'to_stop_id': 'MH-R-0', 'trip_id': 'walking', 'agency_name': 'Unknown'}, {'duration': 1500, 'departure_time': 12600, 'arrival_time': 14100, 'day': 'current_day', 'from_stop_id': 'MH-R-0', 'to_stop_id': 'MH-L-0', 'trip_id': '0-1-5', 'agency_name': 'Unknown'}, {'duration': 30, 'departure_time': 14100, 'arrival_time': 14130, 'day': 'current_day', 'from_stop_id': 'MH-L-0', 'to_stop_id': 'MH-L-1', 'trip_id': 'walking', 'agency_name': 'Unknown'}, {'duration': 450, 'departure_time': 14340, 'arrival_time': 14790, 'day': 'current_day', 'from_stop_id': 'MH-L-1', 'to_stop_id': '60-1', 'trip_id': '1-0-18', 'agency_name': 'Unknown'}]}"
185,46,6360,inter,right,465,[177],[35; 47; 56],500,375,500,375,6735,6795.0,11070.0,11130.0,4275.0,4.0,177,47,,,pt,5145.0,11505.0,5145.0,"{'duration': 4275, 'source_transfer_time': 0, 'waiting_time': 435, 'trip_time': 3840, 'num_transfers': 4, 'departure_time': 6795, 'departure_day': 'current_day', 'arrival_time': 11070, 'arrival_day': 'current_day', 'steps': [{'duration': 330, 'departure_time': 7230, 'arrival_time': 7560, 'day': 'current_day', 'from_stop_id': '177-1', 'to_stop_id': 'MH-R-1', 'trip_id': '3-0-7', 'agency_name': 'Unknown'}, {'duration': 30, 'departure_time': 7560, 'arrival_time': 7590, 'day': 'current_day', 'from_stop_id': 'MH-R-1', 'to_stop_id': 'MH-R-0', 'trip_id': 'walking', 'agency_name': 'Unknown'}, {'duration': 1500, 'departure_time': 9000, 'arrival_time': 10500, 'day': 'current_day', 'from_stop_id': 'MH-R-0', 'to_stop_id': 'MH-L-0', 'trip_id': '0-1-3', 'agency_name': 'Unknown'}, {'duration': 30, 'departure_time': 10500, 'arrival_time': 10530, 'day': 'current_day', 'from_stop_id': 'MH-L-0', 'to_stop_id': 'MH-L-4', 'trip_id': 'walking', 'agency_name': 'Unknown'}, {'duration': 330, 'departure_time': 10740, 'arrival_time': 11070, 'day': 'current_day', 'from_stop_id': 'MH-L-4', 'to_stop_id': '47-4', 'trip_id': '7-1-12', 'agency_name': 'Unknown'}]}"
224,22,8550,inter,right,466,[224],[11; 23],0,0,500,375,8550,8610.0,13350.0,13410.0,4740.0,4.0,224,23,,,pt,5235.0,13785.0,5235.0,"{'duration': 4740, 'source_transfer_time': 0, 'waiting_time': 420, 'trip_time': 4320, 'num_transfers': 4, 'departure_time': 8610, 'departure_day': 'current_day', 'arrival_time': 13350, 'arrival_day': 'current_day', 'steps': [{'duration': 930, 'departure_time': 9030, 'arrival_time': 9960, 'day': 'current_day', 'from_stop_id': '224-4', 'to_stop_id': 'MH-R-4', 'trip_id': '9-1-11', 'agency_name': 'Unknown'}, {'duration': 30, 'departure_time': 9960, 'arrival_time': 9990, 'day': 'current_day', 'from_stop_id': 'MH-R-4', 'to_stop_id': 'MH-R-0', 'trip_id': 'walking', 'agency_name': 'Unknown'}, {'duration': 1500, 'departure_time': 10800, 'arrival_time': 12300, 'day': 'current_day', 'from_stop_id': 'MH-R-0', 'to_stop_id': 'MH-L-0', 'trip_id': '0-1-4', 'agency_name': 'Unknown'}, {'duration': 30, 'departure_time': 12300, 'arrival_time': 12330, 'day': 'current_day', 'from_stop_id': 'MH-L-0', 'to_stop_id': 'MH-L-4', 'trip_id': 'walking', 'agency_name': 'Unknown'}, {'duration': 810, 'departure_time': 12540, 'arrival_time': 13350, 'day': 'current_day', 'from_stop_id': 'MH-L-4', 'to_stop_id': '23-4', 'trip_id': '7-1-15', 'agency_name': 'Unknown'}]}"
201,42,3900,inter,right,467,[201],[20; 30; 40; 60],0,0,1000,751,3900,3960.0,7590.0,7650.0,3630.0,4.0,201,40,,,pt,4501.0,8401.0,4501.0,"{'duration': 3630, 'source_transfer_time': 0, 'waiting_time': 30, 'trip_time': 3600, 'num_transfers': 4, 'departure_time': 3960, 'departure_day': 'current_day', 'arrival_time': 7590, 'arrival_day': 'current_day', 'steps': [{'duration': 570, 'departure_time': 3990, 'arrival_time': 4560, 'day': 'current_day', 'from_stop_id': '201-4', 'to_stop_id': 'MH-R-4', 'trip_id': '9-1-2', 'agency_name': 'Unknown'}, {'duration': 30, 'departure_time': 4560, 'arrival_time': 4590, 'day': 'current_day', 'from_stop_id': 'MH-R-4', 'to_stop_id': 'MH-R-0', 'trip_id': 'walking', 'agency_name': 'Unknown'}, {'duration': 1500, 'departure_time': 5400, 'arrival_time': 6900, 'day': 'current_day', 'from_stop_id': 'MH-R-0', 'to_stop_id': 'MH-L-0', 'trip_id': '0-1-1', 'agency_name': 'Unknown'}, {'duration': 30, 'departure_time': 6900, 'arrival_time': 6930, 'day': 'current_day', 'from_stop_id': 'MH-L-0', 'to_stop_id': 'MH-L-5', 'trip_id': 'walking', 'agency_name': 'Unknown'}, {'duration': 450, 'departure_time': 7140, 'arrival_time': 7590, 'day': 'current_day', 'from_stop_id': 'MH-L-5', 'to_stop_id': '40-5', 'trip_id': '8-1-6', 'agency_name': 'Unknown'}]}"
198,89,13140,inter,right,468,[198],[88],0,0,500,375,13140,13200.0,16470.0,16530.0,3270.0,4.0,198,88,,,pt,3765.0,16905.0,3765.0,"{'duration': 3270, 'source_transfer_time': 0, 'waiting_time': 150, 'trip_time': 3120, 'num_transfers': 4, 'departure_time': 13200, 'departure_day': 'current_day', 'arrival_time': 16470, 'arrival_day': 'current_day', 'steps': [{'duration': 210, 'departure_time': 13350, 'arrival_time': 13560, 'day': 'current_day', 'from_stop_id': '198-2', 'to_stop_id': 'MH-R-2', 'trip_id': '4-0-17', 'agency_name': 'Unknown'}, {'duration': 30, 'departure_time': 13560, 'arrival_time': 13590, 'day': 'current_day', 'from_stop_id': 'MH-R-2', 'to_stop_id': 'MH-R-0', 'trip_id': 'walking', 'agency_name': 'Unknown'}, {'duration': 1500, 'departure_time': 14400, 'arrival_time': 15900, 'day': 'current_day', 'from_stop_id': 'MH-R-0', 'to_stop_id': 'MH-L-0', 'trip_id': '0-1-6', 'agency_name': 'Unknown'}, {'duration': 30, 'departure_time': 15900, 'arrival_time': 15930, 'day': 'current_day', 'from_stop_id': 'MH-L-0', 'to_stop_id': 'MH-L-2', 'trip_id': 'walking', 'agency_name': 'Unknown'}, {'duration': 330, 'departure_time': 16140, 'arrival_time': 16470, 'day': 'current_day', 'from_stop_id': 'MH-L-2', 'to_stop_id': '88-2', 'trip_id': '2-1-21', 'agency_name': 'Unknown'}]}"
170,89,9930,inter,right,469,[170],[88],0,0,500,375,9930,9990.0,12870.0,12930.0,2880.0,4.0,170,88,,,pt,3375.0,13305.0,3375.0,"{'duration': 2880, 'source_transfer_time': 0, 'waiting_time': 360, 'trip_time': 2520, 'num_transfers': 4, 'departure_time': 9990, 'departure_day': 'current_day', 'arrival_time': 12870, 'arrival_day': 'current_day', 'steps': [{'duration': 210, 'departure_time': 10350, 'arrival_time': 10560, 'day': 'current_day', 'from_stop_id': '170-5', 'to_stop_id': 'MH-R-5', 'trip_id': '10-0-12', 'agency_name': 'Unknown'}, {'duration': 30, 'departure_time': 10560, 'arrival_time': 10590, 'day': 'current_day', 'from_stop_id': 'MH-R-5', 'to_stop_id': 'MH-R-0', 'trip_id': 'walking', 'agency_name': 'Unknown'}, {'duration': 1500, 'departure_time': 10800, 'arrival_time': 12300, 'day': 'current_day', 'from_stop_id': 'MH-R-0', 'to_stop_id': 'MH-L-0', 'trip_id': '0-1-4', 'agency_name': 'Unknown'}, {'duration': 30, 'departure_time': 12300, 'arrival_time': 12330, 'day': 'current_day', 'from_stop_id': 'MH-L-0', 'to_stop_id': 'MH-L-2', 'trip_id': 'walking', 'agency_name': 'Unknown'}, {'duration': 330, 'departure_time': 12540, 'arrival_time': 12870, 'day': 'current_day', 'from_stop_id': 'MH-L-2', 'to_stop_id': '88-2', 'trip_id': '2-1-15', 'agency_name': 'Unknown'}]}"
144,106,12540,inter,right,470,[144],[106],0,0,0,0,12540,12600.0,17190.0,17250.0,4590.0,4.0,144,106,,,pt,4710.0,17250.0,4710.0,"{'duration': 4590, 'source_transfer_time': 0, 'waiting_time': 150, 'trip_time': 4440, 'num_transfers': 4, 'departure_time': 12600, 'departure_day': 'current_day', 'arrival_time': 17190, 'arrival_day': 'current_day', 'steps': [{'duration': 810, 'departure_time': 12750, 'arrival_time': 13560, 'day': 'current_day', 'from_stop_id': '144-4', 'to_stop_id': 'MH-R-4', 'trip_id': '9-0-17', 'agency_name': 'Unknown'}, {'duration': 30, 'departure_time': 13560, 'arrival_time': 13590, 'day': 'current_day', 'from_stop_id': 'MH-R-4', 'to_stop_id': 'MH-R-0', 'trip_id': 'walking', 'agency_name': 'Unknown'}, {'duration': 1500, 'departure_time': 14400, 'arrival_time': 15900, 'day': 'current_day', 'from_stop_id': 'MH-R-0', 'to_stop_id': 'MH-L-0', 'trip_id': '0-1-6', 'agency_name': 'Unknown'}, {'duration': 30, 'departure_time': 15900, 'arrival_time': 15930, 'day': 'current_day', 'from_stop_id': 'MH-L-0', 'to_stop_id': 'MH-L-5', 'trip_id': 'walking', 'agency_name': 'Unknown'}, {'duration': 1050, 'departure_time': 16140, 'arrival_time': 17190, 'day': 'current_day', 'from_stop_id': 'MH-L-5', 'to_stop_id': '106-5', 'trip_id': '8-0-21', 'agency_name': 'Unknown'}]}"
226,27,8190,inter,right,471,[226],[27],0,0,0,0,8190,8250.0,12870.0,12930.0,4620.0,4.0,226,27,,,pt,4740.0,12930.0,4740.0,"{'duration': 4620, 'source_transfer_time': 0, 'waiting_time': 540, 'trip_time': 4080, 'num_transfers': 4, 'departure_time': 8250, 'departure_day': 'current_day', 'arrival_time': 12870, 'arrival_day': 'current_day', 'steps': [{'duration': 1170, 'departure_time': 8790, 'arrival_time': 9960, 'day': 'current_day', 'from_stop_id': '226-5', 'to_stop_id': 'MH-R-5', 'trip_id': '10-1-11', 'agency_name': 'Unknown'}, {'duration': 30, 'departure_time': 9960, 'arrival_time': 9990, 'day': 'current_day', 'from_stop_id': 'MH-R-5', 'to_stop_id': 'MH-R-0', 'trip_id': 'walking', 'agency_name': 'Unknown'}, {'duration': 1500, 'departure_time': 10800, 'arrival_time': 12300, 'day': 'current_day', 'from_stop_id': 'MH-R-0', 'to_stop_id': 'MH-L-0', 'trip_id': '0-1-4', 'agency_name': 'Unknown'}, {'duration': 30, 'departure_time': 12300, 'arrival_time': 12330, 'day': 'current_day', 'from_stop_id': 'MH-L-0', 'to_stop_id': 'MH-L-2', 'trip_id': 'walking', 'agency_name': 'Unknown'}, {'duration': 330, 'departure_time': 12540, 'arrival_time': 12870, 'day': 'current_day', 'from_stop_id': 'MH-L-2', 'to_stop_id': '27-2', 'trip_id': '2-0-15', 'agency_name': 'Unknown'}]}"
173,18,13860,inter,right,472,[181],[19; 29],500,375,500,375,14235,14295.0,18510.0,18570.0,4215.0,4.0,181,29,,,pt,5085.0,18945.0,5085.0,"{'duration': 4215, 'source_transfer_time': 0, 'waiting_time': 15, 'trip_time': 4200, 'num_transfers': 4, 'departure_time': 14295, 'departure_day': 'current_day', 'arrival_time': 18510, 'arrival_day': 'current_day', 'steps': [{'duration': 450, 'departure_time': 14310, 'arrival_time': 14760, 'day': 'current_day', 'from_stop_id': '181-1', 'to_stop_id': 'MH-R-1', 'trip_id': '3-1-19', 'agency_name': 'Unknown'}, {'duration': 30, 'departure_time': 14760, 'arrival_time': 14790, 'day': 'current_day', 'from_stop_id': 'MH-R-1', 'to_stop_id': 'MH-R-0', 'trip_id': 'walking', 'agency_name': 'Unknown'}, {'duration': 1500, 'departure_time': 16200, 'arrival_time': 17700, 'day': 'current_day', 'from_stop_id': 'MH-R-0', 'to_stop_id': 'MH-L-0', 'trip_id': '0-1-7', 'agency_name': 'Unknown'}, {'duration': 30, 'departure_time': 17700, 'arrival_time': 17730, 'day': 'current_day', 'from_stop_id': 'MH-L-0', 'to_stop_id': 'MH-L-5', 'trip_id': 'walking', 'agency_name': 'Unknown'}, {'duration': 570, 'departure_time': 17940, 'arrival_time': 18510, 'day': 'current_day', 'from_stop_id': 'MH-L-5', 'to_stop_id': '29-5', 'trip_id': '8-1-24', 'agency_name': 'Unknown'}]}"
133,42,12330,inter,right,473,[133],[20; 30; 40; 60],0,0,1000,751,12330,12390.0,16590.0,16650.0,4200.0,4.0,133,40,,,pt,5071.0,17401.0,5071.0,"{'duration': 4200, 'source_transfer_time': 0, 'waiting_time': 240, 'trip_time': 3960, 'num_transfers': 4, 'departure_time': 12390, 'departure_day': 'current_day', 'arrival_time': 16590, 'arrival_day': 'current_day', 'steps': [{'duration': 930, 'departure_time': 12630, 'arrival_time': 13560, 'day': 'current_day', 'from_stop_id': '133-4', 'to_stop_id': 'MH-R-4', 'trip_id': '9-0-17', 'agency_name': 'Unknown'}, {'duration': 30, 'departure_time': 13560, 'arrival_time': 13590, 'day': 'current_day', 'from_stop_id': 'MH-R-4', 'to_stop_id': 'MH-R-0', 'trip_id': 'walking', 'agency_name': 'Unknown'}, {'duration': 1500, 'departure_time': 14400, 'arrival_time': 15900, 'day': 'current_day', 'from_stop_id': 'MH-R-0', 'to_stop_id': 'MH-L-0', 'trip_id': '0-1-6', 'agency_name': 'Unknown'}, {'duration': 30, 'departure_time': 15900, 'arrival_time': 15930, 'day': 'current_day', 'from_stop_id': 'MH-L-0', 'to_stop_id': 'MH-L-5', 'trip_id': 'walking', 'agency_name': 'Unknown'}, {'duration': 450, 'departure_time': 16140, 'arrival_time': 16590, 'day': 'current_day', 'from_stop_id': 'MH-L-5', 'to_stop_id': '40-5', 'trip_id': '8-1-21', 'agency_name': 'Unknown'}]}"
161,78,3990,inter,right,474,[161],[67; 77; 79],0,0,500,375,3990,4050.0,7350.0,7410.0,3300.0,4.0,161,67,,,pt,3795.0,7785.0,3795.0,"{'duration': 3300, 'source_transfer_time': 0, 'waiting_time': 60, 'trip_time': 3240, 'num_transfers': 4, 'departure_time': 4050, 'departure_day': 'current_day', 'arrival_time': 7350, 'arrival_day': 'current_day', 'steps': [{'duration': 450, 'departure_time': 4110, 'arrival_time': 4560, 'day': 'current_day', 'from_stop_id': '161-5', 'to_stop_id': 'MH-R-5', 'trip_id': '10-0-2', 'agency_name': 'Unknown'}, {'duration': 30, 'departure_time': 4560, 'arrival_time': 4590, 'day': 'current_day', 'from_stop_id': 'MH-R-5', 'to_stop_id': 'MH-R-0', 'trip_id': 'walking', 'agency_name': 'Unknown'}, {'duration': 1500, 'departure_time': 5400, 'arrival_time': 6900, 'day': 'current_day', 'from_stop_id': 'MH-R-0', 'to_stop_id': 'MH-L-0', 'trip_id': '0-1-1', 'agency_name': 'Unknown'}, {'duration': 30, 'departure_time': 6900, 'arrival_time': 6930, 'day': 'current_day', 'from_stop_id': 'MH-L-0', 'to_stop_id': 'MH-L-4', 'trip_id': 'walking', 'agency_name': 'Unknown'}, {'duration': 210, 'departure_time': 7140, 'arrival_time': 7350, 'day': 'current_day', 'from_stop_id': 'MH-L-4', 'to_stop_id': '67-4', 'trip_id': '7-0-6', 'agency_name': 'Unknown'}]}"
131,95,12240,inter,right,475,[131],[95],0,0,0,0,12240,12300.0,17070.0,17130.0,4770.0,4.0,131,95,,,pt,4890.0,17130.0,4890.0,"{'duration': 4770, 'source_transfer_time': 0, 'waiting_time': 90, 'trip_time': 4680, 'num_transfers': 4, 'departure_time': 12300, 'departure_day': 'current_day', 'arrival_time': 17070, 'arrival_day': 'current_day', 'steps': [{'duration': 1170, 'departure_time': 12390, 'arrival_time': 13560, 'day': 'current_day', 'from_stop_id': '131-5', 'to_stop_id': 'MH-R-5', 'trip_id': '10-0-17', 'agency_name': 'Unknown'}, {'duration': 30, 'departure_time': 13560, 'arrival_time': 13590, 'day': 'current_day', 'from_stop_id': 'MH-R-5', 'to_stop_id': 'MH-R-0', 'trip_id': 'walking', 'agency_name': 'Unknown'}, {'duration': 1500, 'departure_time': 14400, 'arrival_time': 15900, 'day': 'current_day', 'from_stop_id': 'MH-R-0', 'to_stop_id': 'MH-L-0', 'trip_id': '0-1-6', 'agency_name': 'Unknown'}, {'duration': 30, 'departure_time': 15900, 'arrival_time': 15930, 'day': 'current_day', 'from_stop_id': 'MH-L-0', 'to_stop_id': 'MH-L-5', 'trip_id': 'walking', 'agency_name': 'Unknown'}, {'duration': 930, 'departure_time': 16140, 'arrival_time': 17070, 'day': 'current_day', 'from_stop_id': 'MH-L-5', 'to_stop_id': '95-5', 'trip_id': '8-0-21', 'agency_name': 'Unknown'}]}"
206,63,5760,inter,right,476,[206],[55],0,0,500,375,5760,5820.0,9390.0,9450.0,3570.0,4.0,206,55,,,pt,4065.0,9825.0,4065.0,"{'duration': 3570, 'source_transfer_time': 0, 'waiting_time': 450, 'trip_time': 3120, 'num_transfers': 4, 'departure_time': 5820, 'departure_day': 'current_day', 'arrival_time': 9390, 'arrival_day': 'current_day', 'steps': [{'duration': 690, 'departure_time': 6270, 'arrival_time': 6960, 'day': 'current_day', 'from_stop_id': '206-5', 'to_stop_id': 'MH-R-5', 'trip_id': '10-1-6', 'agency_name': 'Unknown'}, {'duration': 30, 'departure_time': 6960, 'arrival_time': 6990, 'day': 'current_day', 'from_stop_id': 'MH-R-5', 'to_stop_id': 'MH-R-0', 'trip_id': 'walking', 'agency_name': 'Unknown'}, {'duration': 1500, 'departure_time': 7200, 'arrival_time': 8700, 'day': 'current_day', 'from_stop_id': 'MH-R-0', 'to_stop_id': 'MH-L-0', 'trip_id': '0-1-2', 'agency_name': 'Unknown'}, {'duration': 30, 'departure_time': 8700, 'arrival_time': 8730, 'day': 'current_day', 'from_stop_id': 'MH-L-0', 'to_stop_id': 'MH-L-1', 'trip_id': 'walking', 'agency_name': 'Unknown'}, {'duration': 450, 'departure_time': 8940, 'arrival_time': 9390, 'day': 'current_day', 'from_stop_id': 'MH-L-1', 'to_stop_id': '55-1', 'trip_id': '1-1-9', 'agency_name': 'Unknown'}]}"
205,7,13800,inter,right,477,[206; 216],[5; 9; 19; 29],500,375,1000,751,14175,14235.0,18510.0,18570.0,4275.0,4.0,206,5,,,pt,5521.0,19321.0,5521.0,"{'duration': 4275, 'source_transfer_time': 0, 'waiting_time': 435, 'trip_time': 3840, 'num_transfers': 4, 'departure_time': 14235, 'departure_day': 'current_day', 'arrival_time': 18510, 'arrival_day': 'current_day', 'steps': [{'duration': 690, 'departure_time': 14670, 'arrival_time': 15360, 'day': 'current_day', 'from_stop_id': '206-5', 'to_stop_id': 'MH-R-5', 'trip_id': '10-1-20', 'agency_name': 'Unknown'}, {'duration': 30, 'departure_time': 15360, 'arrival_time': 15390, 'day': 'current_day', 'from_stop_id': 'MH-R-5', 'to_stop_id': 'MH-R-0', 'trip_id': 'walking', 'agency_name': 'Unknown'}, {'duration': 1500, 'departure_time': 16200, 'arrival_time': 17700, 'day': 'current_day', 'from_stop_id': 'MH-R-0', 'to_stop_id': 'MH-L-0', 'trip_id': '0-1-7', 'agency_name': 'Unknown'}, {'duration': 30, 'departure_time': 17700, 'arrival_time': 17730, 'day': 'current_day', 'from_stop_id': 'MH-L-0', 'to_stop_id': 'MH-L-2', 'trip_id': 'walking', 'agency_name': 'Unknown'}, {'duration': 570, 'departure_time': 17940, 'arrival_time': 18510, 'day': 'current_day', 'from_stop_id': 'MH-L-2', 'to_stop_id': '5-2', 'trip_id': '2-0-24', 'agency_name': 'Unknown'}]}"
180,111,10830,inter,right,478,[180],[110],0,0,500,375,10830,10890.0,14910.0,14970.0,4020.0,4.0,180,110,,,pt,4515.0,15345.0,4515.0,"{'duration': 4020, 'source_transfer_time': 0, 'waiting_time': 540, 'trip_time': 3480, 'num_transfers': 4, 'departure_time': 10890, 'departure_day': 'current_day', 'arrival_time': 14910, 'arrival_day': 'current_day', 'steps': [{'duration': 330, 'departure_time': 11430, 'arrival_time': 11760, 'day': 'current_day', 'from_stop_id': '180-1', 'to_stop_id': 'MH-R-1', 'trip_id': '3-1-14', 'agency_name': 'Unknown'}, {'duration': 30, 'departure_time': 11760, 'arrival_time': 11790, 'day': 'current_day', 'from_stop_id': 'MH-R-1', 'to_stop_id': 'MH-R-0', 'trip_id': 'walking', 'agency_name': 'Unknown'}, {'duration': 1500, 'departure_time': 12600, 'arrival_time': 14100, 'day': 'current_day', 'from_stop_id': 'MH-R-0', 'to_stop_id': 'MH-L-0', 'trip_id': '0-1-5', 'agency_name': 'Unknown'}, {'duration': 30, 'departure_time': 14100, 'arrival_time': 14130, 'day': 'current_day', 'from_stop_id': 'MH-L-0', 'to_stop_id': 'MH-L-2', 'trip_id': 'walking', 'agency_name': 'Unknown'}, {'duration': 570, 'departure_time': 14340, 'arrival_time': 14910, 'day': 'current_day', 'from_stop_id': 'MH-L-2', 'to_stop_id': '110-2', 'trip_id': '2-1-18', 'agency_name': 'Unknown'}]}"
229,42,8160,inter,right,479,[207; 217; 227; 231],[20; 30; 40; 60],1000,751,1000,751,8911,8971.0,12990.0,13050.0,4019.0,4.0,207,40,,,pt,5641.0,13801.0,5641.0,"{'duration': 4019, 'source_transfer_time': 0, 'waiting_time': 419, 'trip_time': 3600, 'num_transfers': 4, 'departure_time': 8971, 'departure_day': 'current_day', 'arrival_time': 12990, 'arrival_day': 'current_day', 'steps': [{'duration': 570, 'departure_time': 9390, 'arrival_time': 9960, 'day': 'current_day', 'from_stop_id': '207-5', 'to_stop_id': 'MH-R-5', 'trip_id': '10-1-11', 'agency_name': 'Unknown'}, {'duration': 30, 'departure_time': 9960, 'arrival_time': 9990, 'day': 'current_day', 'from_stop_id': 'MH-R-5', 'to_stop_id': 'MH-R-0', 'trip_id': 'walking', 'agency_name': 'Unknown'}, {'duration': 1500, 'departure_time': 10800, 'arrival_time': 12300, 'day': 'current_day', 'from_stop_id': 'MH-R-0', 'to_stop_id': 'MH-L-0', 'trip_id': '0-1-4', 'agency_name': 'Unknown'}, {'duration': 30, 'departure_time': 12300, 'arrival_time': 12330, 'day': 'current_day', 'from_stop_id': 'MH-L-0', 'to_stop_id': 'MH-L-5', 'trip_id': 'walking', 'agency_name': 'Unknown'}, {'duration': 450, 'departure_time': 12540, 'arrival_time': 12990, 'day': 'current_day', 'from_stop_id': 'MH-L-5', 'to_stop_id': '40-5', 'trip_id': '8-1-15', 'agency_name': 'Unknown'}]}"
224,61,12360,inter,right,480,[224],[61],0,0,0,0,12360,12420.0,16710.0,16770.0,4290.0,4.0,224,61,,,pt,4410.0,16770.0,4410.0,"{'duration': 4290, 'source_transfer_time': 0, 'waiting_time': 210, 'trip_time': 4080, 'num_transfers': 4, 'departure_time': 12420, 'departure_day': 'current_day', 'arrival_time': 16710, 'arrival_day': 'current_day', 'steps': [{'duration': 930, 'departure_time': 12630, 'arrival_time': 13560, 'day': 'current_day', 'from_stop_id': '224-4', 'to_stop_id': 'MH-R-4', 'trip_id': '9-1-17', 'agency_name': 'Unknown'}, {'duration': 30, 'departure_time': 13560, 'arrival_time': 13590, 'day': 'current_day', 'from_stop_id': 'MH-R-4', 'to_stop_id': 'MH-R-0', 'trip_id': 'walking', 'agency_name': 'Unknown'}, {'duration': 1500, 'departure_time': 14400, 'arrival_time': 15900, 'day': 'current_day', 'from_stop_id': 'MH-R-0', 'to_stop_id': 'MH-L-0', 'trip_id': '0-1-6', 'agency_name': 'Unknown'}, {'duration': 30, 'departure_time': 15900, 'arrival_time': 15930, 'day': 'current_day', 'from_stop_id': 'MH-L-0', 'to_stop_id': 'MH-L-1', 'trip_id': 'walking', 'agency_name': 'Unknown'}, {'duration': 570, 'departure_time': 16140, 'arrival_time': 16710, 'day': 'current_day', 'from_stop_id': 'MH-L-1', 'to_stop_id': '61-1', 'trip_id': '1-0-21', 'agency_name': 'Unknown'}]}"
132,69,7290,inter,right,481,[132],[59; 68; 80],0,0,500,375,7290,7350.0,11070.0,11130.0,3720.0,4.0,132,59,,,pt,4215.0,11505.0,4215.0,"{'duration': 3720, 'source_transfer_time': 0, 'waiting_time': 360, 'trip_time': 3360, 'num_transfers': 4, 'departure_time': 7350, 'departure_day': 'current_day', 'arrival_time': 11070, 'arrival_day': 'current_day', 'steps': [{'duration': 1050, 'departure_time': 7710, 'arrival_time': 8760, 'day': 'current_day', 'from_stop_id': '132-4', 'to_stop_id': 'MH-R-4', 'trip_id': '9-0-9', 'agency_name': 'Unknown'}, {'duration': 30, 'departure_time': 8760, 'arrival_time': 8790, 'day': 'current_day', 'from_stop_id': 'MH-R-4', 'to_stop_id': 'MH-R-0', 'trip_id': 'walking', 'agency_name': 'Unknown'}, {'duration': 1500, 'departure_time': 9000, 'arrival_time': 10500, 'day': 'current_day', 'from_stop_id': 'MH-R-0', 'to_stop_id': 'MH-L-0', 'trip_id': '0-1-3', 'agency_name': 'Unknown'}, {'duration': 30, 'departure_time': 10500, 'arrival_time': 10530, 'day': 'current_day', 'from_stop_id': 'MH-L-0', 'to_stop_id': 'MH-L-1', 'trip_id': 'walking', 'agency_name': 'Unknown'}, {'duration': 330, 'departure_time': 10740, 'arrival_time': 11070, 'day': 'current_day', 'from_stop_id': 'MH-L-1', 'to_stop_id': '59-1', 'trip_id': '1-0-12', 'agency_name': 'Unknown'}]}"
157,68,13650,inter,right,482,[157],[68],0,0,0,0,13650,13710.0,16470.0,16530.0,2760.0,4.0,157,68,,,pt,2880.0,16530.0,2880.0,"{'duration': 2760, 'source_transfer_time': 0, 'waiting_time': 0, 'trip_time': 2760, 'num_transfers': 4, 'departure_time': 13710, 'departure_day': 'current_day', 'arrival_time': 16470, 'arrival_day': 'current_day', 'steps': [{'duration': 450, 'departure_time': 13710, 'arrival_time': 14160, 'day': 'current_day', 'from_stop_id': '157-4', 'to_stop_id': 'MH-R-4', 'trip_id': '9-0-18', 'agency_name': 'Unknown'}, {'duration': 30, 'departure_time': 14160, 'arrival_time': 14190, 'day': 'current_day', 'from_stop_id': 'MH-R-4', 'to_stop_id': 'MH-R-0', 'trip_id': 'walking', 'agency_name': 'Unknown'}, {'duration': 1500, 'departure_time': 14400, 'arrival_time': 15900, 'day': 'current_day', 'from_stop_id': 'MH-R-0', 'to_stop_id': 'MH-L-0', 'trip_id': '0-1-6', 'agency_name': 'Unknown'}, {'duration': 30, 'departure_time': 15900, 'arrival_time': 15930, 'day': 'current_day', 'from_stop_id': 'MH-L-0', 'to_stop_id': 'MH-L-4', 'trip_id': 'walking', 'agency_name': 'Unknown'}, {'duration': 330, 'departure_time': 16140, 'arrival_time': 16470, 'day': 'current_day', 'from_stop_id': 'MH-L-4', 'to_stop_id': '68-4', 'trip_id': '7-0-21', 'agency_name': 'Unknown'}]}"
157,75,10110,inter,right,483,[157],[75],0,0,0,0,10110,10170.0,14790.0,14850.0,4620.0,4.0,157,75,,,pt,4740.0,14850.0,4740.0,"{'duration': 4620, 'source_transfer_time': 0, 'waiting_time': 540, 'trip_time': 4080, 'num_transfers': 4, 'departure_time': 10170, 'departure_day': 'current_day', 'arrival_time': 14790, 'arrival_day': 'current_day', 'steps': [{'duration': 450, 'departure_time': 10710, 'arrival_time': 11160, 'day': 'current_day', 'from_stop_id': '157-4', 'to_stop_id': 'MH-R-4', 'trip_id': '9-0-13', 'agency_name': 'Unknown'}, {'duration': 30, 'departure_time': 11160, 'arrival_time': 11190, 'day': 'current_day', 'from_stop_id': 'MH-R-4', 'to_stop_id': 'MH-R-0', 'trip_id': 'walking', 'agency_name': 'Unknown'}, {'duration': 1500, 'departure_time': 12600, 'arrival_time': 14100, 'day': 'current_day', 'from_stop_id': 'MH-R-0', 'to_stop_id': 'MH-L-0', 'trip_id': '0-1-5', 'agency_name': 'Unknown'}, {'duration': 30, 'departure_time': 14100, 'arrival_time': 14130, 'day': 'current_day', 'from_stop_id': 'MH-L-0', 'to_stop_id': 'MH-L-5', 'trip_id': 'walking', 'agency_name': 'Unknown'}, {'duration': 450, 'departure_time': 14340, 'arrival_time': 14790, 'day': 'current_day', 'from_stop_id': 'MH-L-5', 'to_stop_id': '75-5', 'trip_id': '8-0-18', 'agency_name': 'Unknown'}]}"
126,103,4800,inter,right,484,[126],[103],0,0,0,0,4800,4860.0,9870.0,9930.0,5010.0,4.0,126,103,,,pt,5130.0,9930.0,5130.0,"{'duration': 5010, 'source_transfer_time': 0, 'waiting_time': 330, 'trip_time': 4680, 'num_transfers': 4, 'departure_time': 4860, 'departure_day': 'current_day', 'arrival_time': 9870, 'arrival_day': 'current_day', 'steps': [{'duration': 570, 'departure_time': 5190, 'arrival_time': 5760, 'day': 'current_day', 'from_stop_id': '126-2', 'to_stop_id': 'MH-R-2', 'trip_id': '4-1-4', 'agency_name': 'Unknown'}, {'duration': 30, 'departure_time': 5760, 'arrival_time': 5790, 'day': 'current_day', 'from_stop_id': 'MH-R-2', 'to_stop_id': 'MH-R-0', 'trip_id': 'walking', 'agency_name': 'Unknown'}, {'duration': 1500, 'departure_time': 7200, 'arrival_time': 8700, 'day': 'current_day', 'from_stop_id': 'MH-R-0', 'to_stop_id': 'MH-L-0', 'trip_id': '0-1-2', 'agency_name': 'Unknown'}, {'duration': 30, 'departure_time': 8700, 'arrival_time': 8730, 'day': 'current_day', 'from_stop_id': 'MH-L-0', 'to_stop_id': 'MH-L-4', 'trip_id': 'walking', 'agency_name': 'Unknown'}, {'duration': 930, 'departure_time': 8940, 'arrival_time': 9870, 'day': 'current_day', 'from_stop_id': 'MH-L-4', 'to_stop_id': '103-4', 'trip_id': '7-0-9', 'agency_name': 'Unknown'}]}"
136,28,5310,inter,right,485,[137],[27; 29; 39],500,375,500,375,5685,5745.0,9270.0,9330.0,3525.0,4.0,137,27,,,pt,4395.0,9705.0,4395.0,"{'duration': 3525, 'source_transfer_time': 0, 'waiting_time': 165, 'trip_time': 3360, 'num_transfers': 4, 'departure_time': 5745, 'departure_day': 'current_day', 'arrival_time': 9270, 'arrival_day': 'current_day', 'steps': [{'duration': 450, 'departure_time': 5910, 'arrival_time': 6360, 'day': 'current_day', 'from_stop_id': '137-2', 'to_stop_id': 'MH-R-2', 'trip_id': '4-1-5', 'agency_name': 'Unknown'}, {'duration': 30, 'departure_time': 6360, 'arrival_time': 6390, 'day': 'current_day', 'from_stop_id': 'MH-R-2', 'to_stop_id': 'MH-R-0', 'trip_id': 'walking', 'agency_name': 'Unknown'}, {'duration': 1500, 'departure_time': 7200, 'arrival_time': 8700, 'day': 'current_day', 'from_stop_id': 'MH-R-0', 'to_stop_id': 'MH-L-0', 'trip_id': '0-1-2', 'agency_name': 'Unknown'}, {'duration': 30, 'departure_time': 8700, 'arrival_time': 8730, 'day': 'current_day', 'from_stop_id': 'MH-L-0', 'to_stop_id': 'MH-L-2', 'trip_id': 'walking', 'agency_name': 'Unknown'}, {'duration': 330, 'departure_time': 8940, 'arrival_time': 9270, 'day': 'current_day', 'from_stop_id': 'MH-L-2', 'to_stop_id': '27-2', 'trip_id': '2-0-9', 'agency_name': 'Unknown'}]}"
203,110,14010,inter,right,486,[182; 201; 213; 225],[110],1000,751,0,0,14761,14821.0,18510.0,18570.0,3689.0,4.0,182,110,,,pt,4560.0,18570.0,4560.0,"{'duration': 3689, 'source_transfer_time': 0, 'waiting_time': 569, 'trip_time': 3120, 'num_transfers': 4, 'departure_time': 14821, 'departure_day': 'current_day', 'arrival_time': 18510, 'arrival_day': 'current_day', 'steps': [{'duration': 570, 'departure_time': 15390, 'arrival_time': 15960, 'day': 'current_day', 'from_stop_id': '182-1', 'to_stop_id': 'MH-R-1', 'trip_id': '3-1-21', 'agency_name': 'Unknown'}, {'duration': 30, 'departure_time': 15960, 'arrival_time': 15990, 'day': 'current_day', 'from_stop_id': 'MH-R-1', 'to_stop_id': 'MH-R-0', 'trip_id': 'walking', 'agency_name': 'Unknown'}, {'duration': 1500, 'departure_time': 16200, 'arrival_time': 17700, 'day': 'current_day', 'from_stop_id': 'MH-R-0', 'to_stop_id': 'MH-L-0', 'trip_id': '0-1-7', 'agency_name': 'Unknown'}, {'duration': 30, 'departure_time': 17700, 'arrival_time': 17730, 'day': 'current_day', 'from_stop_id': 'MH-L-0', 'to_stop_id': 'MH-L-2', 'trip_id': 'walking', 'agency_name': 'Unknown'}, {'duration': 570, 'departure_time': 17940, 'arrival_time': 18510, 'day': 'current_day', 'from_stop_id': 'MH-L-2', 'to_stop_id': '110-2', 'trip_id': '2-1-24', 'agency_name': 'Unknown'}]}"
181,107,7770,inter,right,487,[181],[96; 106],0,0,500,375,7770,7830.0,11550.0,11610.0,3720.0,4.0,181,96,,,pt,4215.0,11985.0,4215.0,"{'duration': 3720, 'source_transfer_time': 0, 'waiting_time': 480, 'trip_time': 3240, 'num_transfers': 4, 'departure_time': 7830, 'departure_day': 'current_day', 'arrival_time': 11550, 'arrival_day': 'current_day', 'steps': [{'duration': 450, 'departure_time': 8310, 'arrival_time': 8760, 'day': 'current_day', 'from_stop_id': '181-1', 'to_stop_id': 'MH-R-1', 'trip_id': '3-1-9', 'agency_name': 'Unknown'}, {'duration': 30, 'departure_time': 8760, 'arrival_time': 8790, 'day': 'current_day', 'from_stop_id': 'MH-R-1', 'to_stop_id': 'MH-R-0', 'trip_id': 'walking', 'agency_name': 'Unknown'}, {'duration': 1500, 'departure_time': 9000, 'arrival_time': 10500, 'day': 'current_day', 'from_stop_id': 'MH-R-0', 'to_stop_id': 'MH-L-0', 'trip_id': '0-1-3', 'agency_name': 'Unknown'}, {'duration': 30, 'departure_time': 10500, 'arrival_time': 10530, 'day': 'current_day', 'from_stop_id': 'MH-L-0', 'to_stop_id': 'MH-L-5', 'trip_id': 'walking', 'agency_name': 'Unknown'}, {'duration': 810, 'departure_time': 10740, 'arrival_time': 11550, 'day': 'current_day', 'from_stop_id': 'MH-L-5', 'to_stop_id': '96-5', 'trip_id': '8-0-12', 'agency_name': 'Unknown'}]}"
235,92,5400,inter,right,488,[224; 236],[92],500,375,0,0,5775,5835.0,9750.0,9810.0,3915.0,4.0,224,92,,,pt,4410.0,9810.0,4410.0,"{'duration': 3915, 'source_transfer_time': 0, 'waiting_time': 195, 'trip_time': 3720, 'num_transfers': 4, 'departure_time': 5835, 'departure_day': 'current_day', 'arrival_time': 9750, 'arrival_day': 'current_day', 'steps': [{'duration': 930, 'departure_time': 6030, 'arrival_time': 6960, 'day': 'current_day', 'from_stop_id': '224-4', 'to_stop_id': 'MH-R-4', 'trip_id': '9-1-6', 'agency_name': 'Unknown'}, {'duration': 30, 'departure_time': 6960, 'arrival_time': 6990, 'day': 'current_day', 'from_stop_id': 'MH-R-4', 'to_stop_id': 'MH-R-0', 'trip_id': 'walking', 'agency_name': 'Unknown'}, {'duration': 1500, 'departure_time': 7200, 'arrival_time': 8700, 'day': 'current_day', 'from_stop_id': 'MH-R-0', 'to_stop_id': 'MH-L-0', 'trip_id': '0-1-2', 'agency_name': 'Unknown'}, {'duration': 30, 'departure_time': 8700, 'arrival_time': 8730, 'day': 'current_day', 'from_stop_id': 'MH-L-0', 'to_stop_id': 'MH-L-4', 'trip_id': 'walking', 'agency_name': 'Unknown'}, {'duration': 810, 'departure_time': 8940, 'arrival_time': 9750, 'day': 'current_day', 'from_stop_id': 'MH-L-4', 'to_stop_id': '92-4', 'trip_id': '7-0-9', 'agency_name': 'Unknown'}]}"
155,44,12870,inter,right,489,[144; 156],[54],500,375,500,375,13245,13305.0,16710.0,16770.0,3405.0,4.0,144,54,,,pt,4275.0,17145.0,4275.0,"{'duration': 3405, 'source_transfer_time': 0, 'waiting_time': 45, 'trip_time': 3360, 'num_transfers': 4, 'departure_time': 13305, 'departure_day': 'current_day', 'arrival_time': 16710, 'arrival_day': 'current_day', 'steps': [{'duration': 810, 'departure_time': 13350, 'arrival_time': 14160, 'day': 'current_day', 'from_stop_id': '144-4', 'to_stop_id': 'MH-R-4', 'trip_id': '9-0-18', 'agency_name': 'Unknown'}, {'duration': 30, 'departure_time': 14160, 'arrival_time': 14190, 'day': 'current_day', 'from_stop_id': 'MH-R-4', 'to_stop_id': 'MH-R-0', 'trip_id': 'walking', 'agency_name': 'Unknown'}, {'duration': 1500, 'departure_time': 14400, 'arrival_time': 15900, 'day': 'current_day', 'from_stop_id': 'MH-R-0', 'to_stop_id': 'MH-L-0', 'trip_id': '0-1-6', 'agency_name': 'Unknown'}, {'duration': 30, 'departure_time': 15900, 'arrival_time': 15930, 'day': 'current_day', 'from_stop_id': 'MH-L-0', 'to_stop_id': 'MH-L-1', 'trip_id': 'walking', 'agency_name': 'Unknown'}, {'duration': 570, 'departure_time': 16140, 'arrival_time': 16710, 'day': 'current_day', 'from_stop_id': 'MH-L-1', 'to_stop_id': '54-1', 'trip_id': '1-1-21', 'agency_name': 'Unknown'}]}"
140,34,4260,inter,right,490,[140],[23; 35],0,0,500,375,4260,4320.0,7710.0,7770.0,3390.0,4.0,140,35,,,pt,3885.0,8145.0,3885.0,"{'duration': 3390, 'source_transfer_time': 0, 'waiting_time': 30, 'trip_time': 3360, 'num_transfers': 4, 'departure_time': 4320, 'departure_day': 'current_day', 'arrival_time': 7710, 'arrival_day': 'current_day', 'steps': [{'duration': 810, 'departure_time': 4350, 'arrival_time': 5160, 'day': 'current_day', 'from_stop_id': '140-5', 'to_stop_id': 'MH-R-5', 'trip_id': '10-0-3', 'agency_name': 'Unknown'}, {'duration': 30, 'departure_time': 5160, 'arrival_time': 5190, 'day': 'current_day', 'from_stop_id': 'MH-R-5', 'to_stop_id': 'MH-R-0', 'trip_id': 'walking', 'agency_name': 'Unknown'}, {'duration': 1500, 'departure_time': 5400, 'arrival_time': 6900, 'day': 'current_day', 'from_stop_id': 'MH-R-0', 'to_stop_id': 'MH-L-0', 'trip_id': '0-1-1', 'agency_name': 'Unknown'}, {'duration': 30, 'departure_time': 6900, 'arrival_time': 6930, 'day': 'current_day', 'from_stop_id': 'MH-L-0', 'to_stop_id': 'MH-L-4', 'trip_id': 'walking', 'agency_name': 'Unknown'}, {'duration': 570, 'departure_time': 7140, 'arrival_time': 7710, 'day': 'current_day', 'from_stop_id': 'MH-L-4', 'to_stop_id': '35-4', 'trip_id': '7-1-6', 'agency_name': 'Unknown'}]}"
195,87,12780,inter,right,491,[196; 206],[76; 86; 88],500,375,500,375,13155,13215.0,16470.0,16530.0,3255.0,4.0,196,76,,,pt,4125.0,16905.0,4125.0,"{'duration': 3255, 'source_transfer_time': 0, 'waiting_time': 495, 'trip_time': 2760, 'num_transfers': 4, 'departure_time': 13215, 'departure_day': 'current_day', 'arrival_time': 16470, 'arrival_day': 'current_day', 'steps': [{'duration': 450, 'departure_time': 13710, 'arrival_time': 14160, 'day': 'current_day', 'from_stop_id': '196-5', 'to_stop_id': 'MH-R-5', 'trip_id': '10-1-18', 'agency_name': 'Unknown'}, {'duration': 30, 'departure_time': 14160, 'arrival_time': 14190, 'day': 'current_day', 'from_stop_id': 'MH-R-5', 'to_stop_id': 'MH-R-0', 'trip_id': 'walking', 'agency_name': 'Unknown'}, {'duration': 1500, 'departure_time': 14400, 'arrival_time': 15900, 'day': 'current_day', 'from_stop_id': 'MH-R-0', 'to_stop_id': 'MH-L-0', 'trip_id': '0-1-6', 'agency_name': 'Unknown'}, {'duration': 30, 'departure_time': 15900, 'arrival_time': 15930, 'day': 'current_day', 'from_stop_id': 'MH-L-0', 'to_stop_id': 'MH-L-5', 'trip_id': 'walking', 'agency_name': 'Unknown'}, {'duration': 330, 'departure_time': 16140, 'arrival_time': 16470, 'day': 'current_day', 'from_stop_id': 'MH-L-5', 'to_stop_id': '76-5', 'trip_id': '8-0-21', 'agency_name': 'Unknown'}]}"
161,84,8940,inter,right,492,[161],[85; 95],0,0,500,375,8940,9000.0,13230.0,13290.0,4230.0,4.0,161,85,,,pt,4725.0,13665.0,4725.0,"{'duration': 4230, 'source_transfer_time': 0, 'waiting_time': 510, 'trip_time': 3720, 'num_transfers': 4, 'departure_time': 9000, 'departure_day': 'current_day', 'arrival_time': 13230, 'arrival_day': 'current_day', 'steps': [{'duration': 450, 'departure_time': 9510, 'arrival_time': 9960, 'day': 'current_day', 'from_stop_id': '161-5', 'to_stop_id': 'MH-R-5', 'trip_id': '10-0-11', 'agency_name': 'Unknown'}, {'duration': 30, 'departure_time': 9960, 'arrival_time': 9990, 'day': 'current_day', 'from_stop_id': 'MH-R-5', 'to_stop_id': 'MH-R-0', 'trip_id': 'walking', 'agency_name': 'Unknown'}, {'duration': 1500, 'departure_time': 10800, 'arrival_time': 12300, 'day': 'current_day', 'from_stop_id': 'MH-R-0', 'to_stop_id': 'MH-L-0', 'trip_id': '0-1-4', 'agency_name': 'Unknown'}, {'duration': 30, 'departure_time': 12300, 'arrival_time': 12330, 'day': 'current_day', 'from_stop_id': 'MH-L-0', 'to_stop_id': 'MH-L-5', 'trip_id': 'walking', 'agency_name': 'Unknown'}, {'duration': 690, 'departure_time': 12540, 'arrival_time': 13230, 'day': 'current_day', 'from_stop_id': 'MH-L-5', 'to_stop_id': '85-5', 'trip_id': '8-0-15', 'agency_name': 'Unknown'}]}"
131,9,6300,inter,right,493,[131],[9],0,0,0,0,6300,6360.0,11790.0,11850.0,5430.0,4.0,131,9,,,pt,5550.0,11850.0,5550.0,"{'duration': 5430, 'source_transfer_time': 0, 'waiting_time': 30, 'trip_time': 5400, 'num_transfers': 4, 'departure_time': 6360, 'departure_day': 'current_day', 'arrival_time': 11790, 'arrival_day': 'current_day', 'steps': [{'duration': 1170, 'departure_time': 6390, 'arrival_time': 7560, 'day': 'current_day', 'from_stop_id': '131-5', 'to_stop_id': 'MH-R-5', 'trip_id': '10-0-7', 'agency_name': 'Unknown'}, {'duration': 30, 'departure_time': 7560, 'arrival_time': 7590, 'day': 'current_day', 'from_stop_id': 'MH-R-5', 'to_stop_id': 'MH-R-0', 'trip_id': 'walking', 'agency_name': 'Unknown'}, {'duration': 1500, 'departure_time': 9000, 'arrival_time': 10500, 'day': 'current_day', 'from_stop_id': 'MH-R-0', 'to_stop_id': 'MH-L-0', 'trip_id': '0-1-3', 'agency_name': 'Unknown'}, {'duration': 30, 'departure_time': 10500, 'arrival_time': 10530, 'day': 'current_day', 'from_stop_id': 'MH-L-0', 'to_stop_id': 'MH-L-5', 'trip_id': 'walking', 'agency_name': 'Unknown'}, {'duration': 1050, 'departure_time': 10740, 'arrival_time': 11790, 'day': 'current_day', 'from_stop_id': 'MH-L-5', 'to_stop_id': '9-5', 'trip_id': '8-1-12', 'agency_name': 'Unknown'}]}"
224,49,12870,inter,right,494,[224],[49],0,0,0,0,12870,12930.0,16350.0,16410.0,3420.0,4.0,224,49,,,pt,3540.0,16410.0,3540.0,"{'duration': 3420, 'source_transfer_time': 0, 'waiting_time': 300, 'trip_time': 3120, 'num_transfers': 4, 'departure_time': 12930, 'departure_day': 'current_day', 'arrival_time': 16350, 'arrival_day': 'current_day', 'steps': [{'duration': 930, 'departure_time': 13230, 'arrival_time': 14160, 'day': 'current_day', 'from_stop_id': '224-4', 'to_stop_id': 'MH-R-4', 'trip_id': '9-1-18', 'agency_name': 'Unknown'}, {'duration': 30, 'departure_time': 14160, 'arrival_time': 14190, 'day': 'current_day', 'from_stop_id': 'MH-R-4', 'to_stop_id': 'MH-R-0', 'trip_id': 'walking', 'agency_name': 'Unknown'}, {'duration': 1500, 'departure_time': 14400, 'arrival_time': 15900, 'day': 'current_day', 'from_stop_id': 'MH-R-0', 'to_stop_id': 'MH-L-0', 'trip_id': '0-1-6', 'agency_name': 'Unknown'}, {'duration': 30, 'departure_time': 15900, 'arrival_time': 15930, 'day': 'current_day', 'from_stop_id': 'MH-L-0', 'to_stop_id': 'MH-L-5', 'trip_id': 'walking', 'agency_name': 'Unknown'}, {'duration': 210, 'departure_time': 16140, 'arrival_time': 16350, 'day': 'current_day', 'from_stop_id': 'MH-L-5', 'to_stop_id': '49-5', 'trip_id': '8-1-21', 'agency_name': 'Unknown'}]}"
207,64,8670,inter,right,495,[207],[56],0,0,500,375,8670,8730.0,12870.0,12930.0,4140.0,4.0,207,56,,,pt,4635.0,13305.0,4635.0,"{'duration': 4140, 'source_transfer_time': 0, 'waiting_time': 60, 'trip_time': 4080, 'num_transfers': 4, 'departure_time': 8730, 'departure_day': 'current_day', 'arrival_time': 12870, 'arrival_day': 'current_day', 'steps': [{'duration': 570, 'departure_time': 8790, 'arrival_time': 9360, 'day': 'current_day', 'from_stop_id': '207-5', 'to_stop_id': 'MH-R-5', 'trip_id': '10-1-10', 'agency_name': 'Unknown'}, {'duration': 30, 'departure_time': 9360, 'arrival_time': 9390, 'day': 'current_day', 'from_stop_id': 'MH-R-5', 'to_stop_id': 'MH-R-0', 'trip_id': 'walking', 'agency_name': 'Unknown'}, {'duration': 1500, 'departure_time': 10800, 'arrival_time': 12300, 'day': 'current_day', 'from_stop_id': 'MH-R-0', 'to_stop_id': 'MH-L-0', 'trip_id': '0-1-4', 'agency_name': 'Unknown'}, {'duration': 30, 'departure_time': 12300, 'arrival_time': 12330, 'day': 'current_day', 'from_stop_id': 'MH-L-0', 'to_stop_id': 'MH-L-1', 'trip_id': 'walking', 'agency_name': 'Unknown'}, {'duration': 330, 'departure_time': 12540, 'arrival_time': 12870, 'day': 'current_day', 'from_stop_id': 'MH-L-1', 'to_stop_id': '56-1', 'trip_id': '1-1-15', 'agency_name': 'Unknown'}]}"
214,29,9120,inter,right,496,[213; 225],[29],500,375,0,0,9495,9555.0,13110.0,13170.0,3555.0,4.0,213,29,,,pt,4050.0,13170.0,4050.0,"{'duration': 3555, 'source_transfer_time': 0, 'waiting_time': 195, 'trip_time': 3360, 'num_transfers': 4, 'departure_time': 9555, 'departure_day': 'current_day', 'arrival_time': 13110, 'arrival_day': 'current_day', 'steps': [{'duration': 810, 'departure_time': 9750, 'arrival_time': 10560, 'day': 'current_day', 'from_stop_id': '213-4', 'to_stop_id': 'MH-R-4', 'trip_id': '9-1-12', 'agency_name': 'Unknown'}, {'duration': 30, 'departure_time': 10560, 'arrival_time': 10590, 'day': 'current_day', 'from_stop_id': 'MH-R-4', 'to_stop_id': 'MH-R-0', 'trip_id': 'walking', 'agency_name': 'Unknown'}, {'duration': 1500, 'departure_time': 10800, 'arrival_time': 12300, 'day': 'current_day', 'from_stop_id': 'MH-R-0', 'to_stop_id': 'MH-L-0', 'trip_id': '0-1-4', 'agency_name': 'Unknown'}, {'duration': 30, 'departure_time': 12300, 'arrival_time': 12330, 'day': 'current_day', 'from_stop_id': 'MH-L-0', 'to_stop_id': 'MH-L-5', 'trip_id': 'walking', 'agency_name': 'Unknown'}, {'duration': 570, 'departure_time': 12540, 'arrival_time': 13110, 'day': 'current_day', 'from_stop_id': 'MH-L-5', 'to_stop_id': '29-5', 'trip_id': '8-1-15', 'agency_name': 'Unknown'}]}"
231,17,9630,inter,right,497,[231],[16],0,0,500,375,9630,9690.0,12990.0,13050.0,3300.0,4.0,231,16,,,pt,3795.0,13425.0,3795.0,"{'duration': 3300, 'source_transfer_time': 0, 'waiting_time': 300, 'trip_time': 3000, 'num_transfers': 4, 'departure_time': 9690, 'departure_day': 'current_day', 'arrival_time': 12990, 'arrival_day': 'current_day', 'steps': [{'duration': 570, 'departure_time': 9990, 'arrival_time': 10560, 'day': 'current_day', 'from_stop_id': '231-2', 'to_stop_id': 'MH-R-2', 'trip_id': '4-0-12', 'agency_name': 'Unknown'}, {'duration': 30, 'departure_time': 10560, 'arrival_time': 10590, 'day': 'current_day', 'from_stop_id': 'MH-R-2', 'to_stop_id': 'MH-R-0', 'trip_id': 'walking', 'agency_name': 'Unknown'}, {'duration': 1500, 'departure_time': 10800, 'arrival_time': 12300, 'day': 'current_day', 'from_stop_id': 'MH-R-0', 'to_stop_id': 'MH-L-0', 'trip_id': '0-1-4', 'agency_name': 'Unknown'}, {'duration': 30, 'departure_time': 12300, 'arrival_time': 12330, 'day': 'current_day', 'from_stop_id': 'MH-L-0', 'to_stop_id': 'MH-L-2', 'trip_id': 'walking', 'agency_name': 'Unknown'}, {'duration': 450, 'departure_time': 12540, 'arrival_time': 12990, 'day': 'current_day', 'from_stop_id': 'MH-L-2', 'to_stop_id': '16-2', 'trip_id': '2-0-15', 'agency_name': 'Unknown'}]}"
212,98,12720,inter,right,498,[212],[99],0,0,500,375,12720,12780.0,16590.0,16650.0,3810.0,4.0,212,99,,,pt,4305.0,17025.0,4305.0,"{'duration': 3810, 'source_transfer_time': 0, 'waiting_time': 90, 'trip_time': 3720, 'num_transfers': 4, 'departure_time': 12780, 'departure_day': 'current_day', 'arrival_time': 16590, 'arrival_day': 'current_day', 'steps': [{'duration': 690, 'departure_time': 12870, 'arrival_time': 13560, 'day': 'current_day', 'from_stop_id': '212-4', 'to_stop_id': 'MH-R-4', 'trip_id': '9-1-17', 'agency_name': 'Unknown'}, {'duration': 30, 'departure_time': 13560, 'arrival_time': 13590, 'day': 'current_day', 'from_stop_id': 'MH-R-4', 'to_stop_id': 'MH-R-0', 'trip_id': 'walking', 'agency_name': 'Unknown'}, {'duration': 1500, 'departure_time': 14400, 'arrival_time': 15900, 'day': 'current_day', 'from_stop_id': 'MH-R-0', 'to_stop_id': 'MH-L-0', 'trip_id': '0-1-6', 'agency_name': 'Unknown'}, {'duration': 30, 'departure_time': 15900, 'arrival_time': 15930, 'day': 'current_day', 'from_stop_id': 'MH-L-0', 'to_stop_id': 'MH-L-2', 'trip_id': 'walking', 'agency_name': 'Unknown'}, {'duration': 450, 'departure_time': 16140, 'arrival_time': 16590, 'day': 'current_day', 'from_stop_id': 'MH-L-2', 'to_stop_id': '99-2', 'trip_id': '2-1-21', 'agency_name': 'Unknown'}]}"
218,65,14340,inter,right,499,[207; 217],[57; 66; 75],500,375,500,375,14715,14775.0,18150.0,18210.0,3375.0,4.0,207,57,,,pt,4245.0,18585.0,4245.0,"{'duration': 3375, 'source_transfer_time': 0, 'waiting_time': 15, 'trip_time': 3360, 'num_transfers': 4, 'departure_time': 14775, 'departure_day': 'current_day', 'arrival_time': 18150, 'arrival_day': 'current_day', 'steps': [{'duration': 570, 'departure_time': 14790, 'arrival_time': 15360, 'day': 'current_day', 'from_stop_id': '207-5', 'to_stop_id': 'MH-R-5', 'trip_id': '10-1-20', 'agency_name': 'Unknown'}, {'duration': 30, 'departure_time': 15360, 'arrival_time': 15390, 'day': 'current_day', 'from_stop_id': 'MH-R-5', 'to_stop_id': 'MH-R-0', 'trip_id': 'walking', 'agency_name': 'Unknown'}, {'duration': 1500, 'departure_time': 16200, 'arrival_time': 17700, 'day': 'current_day', 'from_stop_id': 'MH-R-0', 'to_stop_id': 'MH-L-0', 'trip_id': '0-1-7', 'agency_name': 'Unknown'}, {'duration': 30, 'departure_time': 17700, 'arrival_time': 17730, 'day': 'current_day', 'from_stop_id': 'MH-L-0', 'to_stop_id': 'MH-L-1', 'trip_id': 'walking', 'agency_name': 'Unknown'}, {'duration': 210, 'departure_time': 17940, 'arrival_time': 18150, 'day': 'current_day', 'from_stop_id': 'MH-L-1', 'to_stop_id': '57-1', 'trip_id': '1-1-24', 'agency_name': 'Unknown'}]}"
142,103,4170,inter,right,500,[131; 141],[103],500,375,0,0,4545,4605.0,9870.0,9930.0,5265.0,4.0,131,103,,,pt,5760.0,9930.0,5760.0,"{'duration': 5265, 'source_transfer_time': 0, 'waiting_time': 585, 'trip_time': 4680, 'num_transfers': 4, 'departure_time': 4605, 'departure_day': 'current_day', 'arrival_time': 9870, 'arrival_day': 'current_day', 'steps': [{'duration': 1170, 'departure_time': 5190, 'arrival_time': 6360, 'day': 'current_day', 'from_stop_id': '131-5', 'to_stop_id': 'MH-R-5', 'trip_id': '10-0-5', 'agency_name': 'Unknown'}, {'duration': 30, 'departure_time': 6360, 'arrival_time': 6390, 'day': 'current_day', 'from_stop_id': 'MH-R-5', 'to_stop_id': 'MH-R-0', 'trip_id': 'walking', 'agency_name': 'Unknown'}, {'duration': 1500, 'departure_time': 7200, 'arrival_time': 8700, 'day': 'current_day', 'from_stop_id': 'MH-R-0', 'to_stop_id': 'MH-L-0', 'trip_id': '0-1-2', 'agency_name': 'Unknown'}, {'duration': 30, 'departure_time': 8700, 'arrival_time': 8730, 'day': 'current_day', 'from_stop_id': 'MH-L-0', 'to_stop_id': 'MH-L-4', 'trip_id': 'walking', 'agency_name': 'Unknown'}, {'duration': 930, 'departure_time': 8940, 'arrival_time': 9870, 'day': 'current_day', 'from_stop_id': 'MH-L-4', 'to_stop_id': '103-4', 'trip_id': '7-0-9', 'agency_name': 'Unknown'}]}"
221,46,8040,inter,right,501,[220],[35; 47; 56],500,375,500,375,8415,8475.0,12870.0,12930.0,4395.0,4.0,220,47,,,pt,5265.0,13305.0,5265.0,"{'duration': 4395, 'source_transfer_time': 0, 'waiting_time': 435, 'trip_time': 3960, 'num_transfers': 4, 'departure_time': 8475, 'departure_day': 'current_day', 'arrival_time': 12870, 'arrival_day': 'current_day', 'steps': [{'duration': 450, 'departure_time': 8910, 'arrival_time': 9360, 'day': 'current_day', 'from_stop_id': '220-2', 'to_stop_id': 'MH-R-2', 'trip_id': '4-0-10', 'agency_name': 'Unknown'}, {'duration': 30, 'departure_time': 9360, 'arrival_time': 9390, 'day': 'current_day', 'from_stop_id': 'MH-R-2', 'to_stop_id': 'MH-R-0', 'trip_id': 'walking', 'agency_name': 'Unknown'}, {'duration': 1500, 'departure_time': 10800, 'arrival_time': 12300, 'day': 'current_day', 'from_stop_id': 'MH-R-0', 'to_stop_id': 'MH-L-0', 'trip_id': '0-1-4', 'agency_name': 'Unknown'}, {'duration': 30, 'departure_time': 12300, 'arrival_time': 12330, 'day': 'current_day', 'from_stop_id': 'MH-L-0', 'to_stop_id': 'MH-L-4', 'trip_id': 'walking', 'agency_name': 'Unknown'}, {'duration': 330, 'departure_time': 12540, 'arrival_time': 12870, 'day': 'current_day', 'from_stop_id': 'MH-L-4', 'to_stop_id': '47-4', 'trip_id': '7-1-15', 'agency_name': 'Unknown'}]}"
214,6,7440,inter,right,502,[213; 225],[5],500,375,500,375,7815,7875.0,11310.0,11370.0,3435.0,4.0,213,5,,,pt,4305.0,11745.0,4305.0,"{'duration': 3435, 'source_transfer_time': 0, 'waiting_time': 75, 'trip_time': 3360, 'num_transfers': 4, 'departure_time': 7875, 'departure_day': 'current_day', 'arrival_time': 11310, 'arrival_day': 'current_day', 'steps': [{'duration': 810, 'departure_time': 7950, 'arrival_time': 8760, 'day': 'current_day', 'from_stop_id': '213-4', 'to_stop_id': 'MH-R-4', 'trip_id': '9-1-9', 'agency_name': 'Unknown'}, {'duration': 30, 'departure_time': 8760, 'arrival_time': 8790, 'day': 'current_day', 'from_stop_id': 'MH-R-4', 'to_stop_id': 'MH-R-0', 'trip_id': 'walking', 'agency_name': 'Unknown'}, {'duration': 1500, 'departure_time': 9000, 'arrival_time': 10500, 'day': 'current_day', 'from_stop_id': 'MH-R-0', 'to_stop_id': 'MH-L-0', 'trip_id': '0-1-3', 'agency_name': 'Unknown'}, {'duration': 30, 'departure_time': 10500, 'arrival_time': 10530, 'day': 'current_day', 'from_stop_id': 'MH-L-0', 'to_stop_id': 'MH-L-2', 'trip_id': 'walking', 'agency_name': 'Unknown'}, {'duration': 570, 'departure_time': 10740, 'arrival_time': 11310, 'day': 'current_day', 'from_stop_id': 'MH-L-2', 'to_stop_id': '5-2', 'trip_id': '2-0-12', 'agency_name': 'Unknown'}]}"
202,1,10800,inter,right,503,[201; 213],[0; 12],500,375,500,375,11175,11235.0,15270.0,15330.0,4035.0,4.0,201,12,,,pt,4905.0,15705.0,4905.0,"{'duration': 4035, 'source_transfer_time': 0, 'waiting_time': 555, 'trip_time': 3480, 'num_transfers': 4, 'departure_time': 11235, 'departure_day': 'current_day', 'arrival_time': 15270, 'arrival_day': 'current_day', 'steps': [{'duration': 570, 'departure_time': 11790, 'arrival_time': 12360, 'day': 'current_day', 'from_stop_id': '201-4', 'to_stop_id': 'MH-R-4', 'trip_id': '9-1-15', 'agency_name': 'Unknown'}, {'duration': 30, 'departure_time': 12360, 'arrival_time': 12390, 'day': 'current_day', 'from_stop_id': 'MH-R-4', 'to_stop_id': 'MH-R-0', 'trip_id': 'walking', 'agency_name': 'Unknown'}, {'duration': 1500, 'departure_time': 12600, 'arrival_time': 14100, 'day': 'current_day', 'from_stop_id': 'MH-R-0', 'to_stop_id': 'MH-L-0', 'trip_id': '0-1-5', 'agency_name': 'Unknown'}, {'duration': 30, 'departure_time': 14100, 'arrival_time': 14130, 'day': 'current_day', 'from_stop_id': 'MH-L-0', 'to_stop_id': 'MH-L-4', 'trip_id': 'walking', 'agency_name': 'Unknown'}, {'duration': 930, 'departure_time': 14340, 'arrival_time': 15270, 'day': 'current_day', 'from_stop_id': 'MH-L-4', 'to_stop_id': '12-4', 'trip_id': '7-1-18', 'agency_name': 'Unknown'}]}"
152,53,14070,inter,right,504,[141; 151],[61],500,375,500,375,14445,14505.0,18510.0,18570.0,4005.0,4.0,141,61,,,pt,4875.0,18945.0,4875.0,"{'duration': 4005, 'source_transfer_time': 0, 'waiting_time': 525, 'trip_time': 3480, 'num_transfers': 4, 'departure_time': 14505, 'departure_day': 'current_day', 'arrival_time': 18510, 'arrival_day': 'current_day', 'steps': [{'duration': 930, 'departure_time': 15030, 'arrival_time': 15960, 'day': 'current_day', 'from_stop_id': '141-5', 'to_stop_id': 'MH-R-5', 'trip_id': '10-0-21', 'agency_name': 'Unknown'}, {'duration': 30, 'departure_time': 15960, 'arrival_time': 15990, 'day': 'current_day', 'from_stop_id': 'MH-R-5', 'to_stop_id': 'MH-R-0', 'trip_id': 'walking', 'agency_name': 'Unknown'}, {'duration': 1500, 'departure_time': 16200, 'arrival_time': 17700, 'day': 'current_day', 'from_stop_id': 'MH-R-0', 'to_stop_id': 'MH-L-0', 'trip_id': '0-1-7', 'agency_name': 'Unknown'}, {'duration': 30, 'departure_time': 17700, 'arrival_time': 17730, 'day': 'current_day', 'from_stop_id': 'MH-L-0', 'to_stop_id': 'MH-L-1', 'trip_id': 'walking', 'agency_name': 'Unknown'}, {'duration': 570, 'departure_time': 17940, 'arrival_time': 18510, 'day': 'current_day', 'from_stop_id': 'MH-L-1', 'to_stop_id': '61-1', 'trip_id': '1-0-24', 'agency_name': 'Unknown'}]}"
231,6,10620,inter,right,505,[231],[5],0,0,500,375,10620,10680.0,14910.0,14970.0,4230.0,4.0,231,5,,,pt,4725.0,15345.0,4725.0,"{'duration': 4230, 'source_transfer_time': 0, 'waiting_time': 510, 'trip_time': 3720, 'num_transfers': 4, 'departure_time': 10680, 'departure_day': 'current_day', 'arrival_time': 14910, 'arrival_day': 'current_day', 'steps': [{'duration': 570, 'departure_time': 11190, 'arrival_time': 11760, 'day': 'current_day', 'from_stop_id': '231-2', 'to_stop_id': 'MH-R-2', 'trip_id': '4-0-14', 'agency_name': 'Unknown'}, {'duration': 30, 'departure_time': 11760, 'arrival_time': 11790, 'day': 'current_day', 'from_stop_id': 'MH-R-2', 'to_stop_id': 'MH-R-0', 'trip_id': 'walking', 'agency_name': 'Unknown'}, {'duration': 1500, 'departure_time': 12600, 'arrival_time': 14100, 'day': 'current_day', 'from_stop_id': 'MH-R-0', 'to_stop_id': 'MH-L-0', 'trip_id': '0-1-5', 'agency_name': 'Unknown'}, {'duration': 30, 'departure_time': 14100, 'arrival_time': 14130, 'day': 'current_day', 'from_stop_id': 'MH-L-0', 'to_stop_id': 'MH-L-2', 'trip_id': 'walking', 'agency_name': 'Unknown'}, {'duration': 570, 'departure_time': 14340, 'arrival_time': 14910, 'day': 'current_day', 'from_stop_id': 'MH-L-2', 'to_stop_id': '5-2', 'trip_id': '2-0-18', 'agency_name': 'Unknown'}]}"
195,27,9750,inter,right,506,[196; 206],[27],500,375,0,0,10125,10185.0,14670.0,14730.0,4485.0,4.0,196,27,,,pt,4980.0,14730.0,4980.0,"{'duration': 4485, 'source_transfer_time': 0, 'waiting_time': 525, 'trip_time': 3960, 'num_transfers': 4, 'departure_time': 10185, 'departure_day': 'current_day', 'arrival_time': 14670, 'arrival_day': 'current_day', 'steps': [{'duration': 450, 'departure_time': 10710, 'arrival_time': 11160, 'day': 'current_day', 'from_stop_id': '196-5', 'to_stop_id': 'MH-R-5', 'trip_id': '10-1-13', 'agency_name': 'Unknown'}, {'duration': 30, 'departure_time': 11160, 'arrival_time': 11190, 'day': 'current_day', 'from_stop_id': 'MH-R-5', 'to_stop_id': 'MH-R-0', 'trip_id': 'walking', 'agency_name': 'Unknown'}, {'duration': 1500, 'departure_time': 12600, 'arrival_time': 14100, 'day': 'current_day', 'from_stop_id': 'MH-R-0', 'to_stop_id': 'MH-L-0', 'trip_id': '0-1-5', 'agency_name': 'Unknown'}, {'duration': 30, 'departure_time': 14100, 'arrival_time': 14130, 'day': 'current_day', 'from_stop_id': 'MH-L-0', 'to_stop_id': 'MH-L-2', 'trip_id': 'walking', 'agency_name': 'Unknown'}, {'duration': 330, 'departure_time': 14340, 'arrival_time': 14670, 'day': 'current_day', 'from_stop_id': 'MH-L-2', 'to_stop_id': '27-2', 'trip_id': '2-0-18', 'agency_name': 'Unknown'}]}"
189,22,6000,inter,right,507,[189],[11; 23],0,0,500,375,6000,6060.0,9750.0,9810.0,3690.0,4.0,189,23,,,pt,4185.0,10185.0,4185.0,"{'duration': 3690, 'source_transfer_time': 0, 'waiting_time': 570, 'trip_time': 3120, 'num_transfers': 4, 'departure_time': 6060, 'departure_day': 'current_day', 'arrival_time': 9750, 'arrival_day': 'current_day', 'steps': [{'duration': 330, 'departure_time': 6630, 'arrival_time': 6960, 'day': 'current_day', 'from_stop_id': '189-4', 'to_stop_id': 'MH-R-4', 'trip_id': '9-1-6', 'agency_name': 'Unknown'}, {'duration': 30, 'departure_time': 6960, 'arrival_time': 6990, 'day': 'current_day', 'from_stop_id': 'MH-R-4', 'to_stop_id': 'MH-R-0', 'trip_id': 'walking', 'agency_name': 'Unknown'}, {'duration': 1500, 'departure_time': 7200, 'arrival_time': 8700, 'day': 'current_day', 'from_stop_id': 'MH-R-0', 'to_stop_id': 'MH-L-0', 'trip_id': '0-1-2', 'agency_name': 'Unknown'}, {'duration': 30, 'departure_time': 8700, 'arrival_time': 8730, 'day': 'current_day', 'from_stop_id': 'MH-L-0', 'to_stop_id': 'MH-L-4', 'trip_id': 'walking', 'agency_name': 'Unknown'}, {'duration': 810, 'departure_time': 8940, 'arrival_time': 9750, 'day': 'current_day', 'from_stop_id': 'MH-L-4', 'to_stop_id': '23-4', 'trip_id': '7-1-9', 'agency_name': 'Unknown'}]}"
181,91,6240,inter,right,508,[181],[91],0,0,0,0,6240,6300.0,9630.0,9690.0,3330.0,4.0,181,91,,,pt,3450.0,9690.0,3450.0,"{'duration': 3330, 'source_transfer_time': 0, 'waiting_time': 210, 'trip_time': 3120, 'num_transfers': 4, 'departure_time': 6300, 'departure_day': 'current_day', 'arrival_time': 9630, 'arrival_day': 'current_day', 'steps': [{'duration': 450, 'departure_time': 6510, 'arrival_time': 6960, 'day': 'current_day', 'from_stop_id': '181-1', 'to_stop_id': 'MH-R-1', 'trip_id': '3-1-6', 'agency_name': 'Unknown'}, {'duration': 30, 'departure_time': 6960, 'arrival_time': 6990, 'day': 'current_day', 'from_stop_id': 'MH-R-1', 'to_stop_id': 'MH-R-0', 'trip_id': 'walking', 'agency_name': 'Unknown'}, {'duration': 1500, 'departure_time': 7200, 'arrival_time': 8700, 'day': 'current_day', 'from_stop_id': 'MH-R-0', 'to_stop_id': 'MH-L-0', 'trip_id': '0-1-2', 'agency_name': 'Unknown'}, {'duration': 30, 'departure_time': 8700, 'arrival_time': 8730, 'day': 'current_day', 'from_stop_id': 'MH-L-0', 'to_stop_id': 'MH-L-4', 'trip_id': 'walking', 'agency_name': 'Unknown'}, {'duration': 690, 'departure_time': 8940, 'arrival_time': 9630, 'day': 'current_day', 'from_stop_id': 'MH-L-4', 'to_stop_id': '91-4', 'trip_id': '7-0-9', 'agency_name': 'Unknown'}]}"
168,9,5580,inter,right,509,[168],[9],0,0,0,0,5580,5640.0,9990.0,10050.0,4350.0,4.0,168,9,,,pt,4470.0,10050.0,4470.0,"{'duration': 4350, 'source_transfer_time': 0, 'waiting_time': 390, 'trip_time': 3960, 'num_transfers': 4, 'departure_time': 5640, 'departure_day': 'current_day', 'arrival_time': 9990, 'arrival_day': 'current_day', 'steps': [{'duration': 330, 'departure_time': 6030, 'arrival_time': 6360, 'day': 'current_day', 'from_stop_id': '168-4', 'to_stop_id': 'MH-R-4', 'trip_id': '9-0-5', 'agency_name': 'Unknown'}, {'duration': 30, 'departure_time': 6360, 'arrival_time': 6390, 'day': 'current_day', 'from_stop_id': 'MH-R-4', 'to_stop_id': 'MH-R-0', 'trip_id': 'walking', 'agency_name': 'Unknown'}, {'duration': 1500, 'departure_time': 7200, 'arrival_time': 8700, 'day': 'current_day', 'from_stop_id': 'MH-R-0', 'to_stop_id': 'MH-L-0', 'trip_id': '0-1-2', 'agency_name': 'Unknown'}, {'duration': 30, 'departure_time': 8700, 'arrival_time': 8730, 'day': 'current_day', 'from_stop_id': 'MH-L-0', 'to_stop_id': 'MH-L-5', 'trip_id': 'walking', 'agency_name': 'Unknown'}, {'duration': 1050, 'departure_time': 8940, 'arrival_time': 9990, 'day': 'current_day', 'from_stop_id': 'MH-L-5', 'to_stop_id': '9-5', 'trip_id': '8-1-9', 'agency_name': 'Unknown'}]}"
234,74,12810,inter,right,510,[212; 224; 236],[75; 85],1000,751,500,375,13561,13621.0,18390.0,18450.0,4769.0,4.0,212,75,,,pt,6015.0,18825.0,6015.0,"{'duration': 4769, 'source_transfer_time': 0, 'waiting_time': 449, 'trip_time': 4320, 'num_transfers': 4, 'departure_time': 13621, 'departure_day': 'current_day', 'arrival_time': 18390, 'arrival_day': 'current_day', 'steps': [{'duration': 690, 'departure_time': 14070, 'arrival_time': 14760, 'day': 'current_day', 'from_stop_id': '212-4', 'to_stop_id': 'MH-R-4', 'trip_id': '9-1-19', 'agency_name': 'Unknown'}, {'duration': 30, 'departure_time': 14760, 'arrival_time': 14790, 'day': 'current_day', 'from_stop_id': 'MH-R-4', 'to_stop_id': 'MH-R-0', 'trip_id': 'walking', 'agency_name': 'Unknown'}, {'duration': 1500, 'departure_time': 16200, 'arrival_time': 17700, 'day': 'current_day', 'from_stop_id': 'MH-R-0', 'to_stop_id': 'MH-L-0', 'trip_id': '0-1-7', 'agency_name': 'Unknown'}, {'duration': 30, 'departure_time': 17700, 'arrival_time': 17730, 'day': 'current_day', 'from_stop_id': 'MH-L-0', 'to_stop_id': 'MH-L-5', 'trip_id': 'walking', 'agency_name': 'Unknown'}, {'duration': 450, 'departure_time': 17940, 'arrival_time': 18390, 'day': 'current_day', 'from_stop_id': 'MH-L-5', 'to_stop_id': '75-5', 'trip_id': '8-0-24', 'agency_name': 'Unknown'}]}"
211,27,10290,inter,right,511,[200; 212],[27],500,375,0,0,10665,10725.0,14670.0,14730.0,3945.0,4.0,200,27,,,pt,4440.0,14730.0,4440.0,"{'duration': 3945, 'source_transfer_time': 0, 'waiting_time': 585, 'trip_time': 3360, 'num_transfers': 4, 'departure_time': 10725, 'departure_day': 'current_day', 'arrival_time': 14670, 'arrival_day': 'current_day', 'steps': [{'duration': 450, 'departure_time': 11310, 'arrival_time': 11760, 'day': 'current_day', 'from_stop_id': '200-4', 'to_stop_id': 'MH-R-4', 'trip_id': '9-1-14', 'agency_name': 'Unknown'}, {'duration': 30, 'departure_time': 11760, 'arrival_time': 11790, 'day': 'current_day', 'from_stop_id': 'MH-R-4', 'to_stop_id': 'MH-R-0', 'trip_id': 'walking', 'agency_name': 'Unknown'}, {'duration': 1500, 'departure_time': 12600, 'arrival_time': 14100, 'day': 'current_day', 'from_stop_id': 'MH-R-0', 'to_stop_id': 'MH-L-0', 'trip_id': '0-1-5', 'agency_name': 'Unknown'}, {'duration': 30, 'departure_time': 14100, 'arrival_time': 14130, 'day': 'current_day', 'from_stop_id': 'MH-L-0', 'to_stop_id': 'MH-L-2', 'trip_id': 'walking', 'agency_name': 'Unknown'}, {'duration': 330, 'departure_time': 14340, 'arrival_time': 14670, 'day': 'current_day', 'from_stop_id': 'MH-L-2', 'to_stop_id': '27-2', 'trip_id': '2-0-18', 'agency_name': 'Unknown'}]}"
179,73,9330,inter,right,512,[179],[55; 75; 85; 95],0,0,1000,751,9330,9390.0,12990.0,13050.0,3600.0,4.0,179,55,,,pt,4471.0,13801.0,4471.0,"{'duration': 3600, 'source_transfer_time': 0, 'waiting_time': 360, 'trip_time': 3240, 'num_transfers': 4, 'departure_time': 9390, 'departure_day': 'current_day', 'arrival_time': 12990, 'arrival_day': 'current_day', 'steps': [{'duration': 210, 'departure_time': 9750, 'arrival_time': 9960, 'day': 'current_day', 'from_stop_id': '179-1', 'to_stop_id': 'MH-R-1', 'trip_id': '3-1-11', 'agency_name': 'Unknown'}, {'duration': 30, 'departure_time': 9960, 'arrival_time': 9990, 'day': 'current_day', 'from_stop_id': 'MH-R-1', 'to_stop_id': 'MH-R-0', 'trip_id': 'walking', 'agency_name': 'Unknown'}, {'duration': 1500, 'departure_time': 10800, 'arrival_time': 12300, 'day': 'current_day', 'from_stop_id': 'MH-R-0', 'to_stop_id': 'MH-L-0', 'trip_id': '0-1-4', 'agency_name': 'Unknown'}, {'duration': 30, 'departure_time': 12300, 'arrival_time': 12330, 'day': 'current_day', 'from_stop_id': 'MH-L-0', 'to_stop_id': 'MH-L-1', 'trip_id': 'walking', 'agency_name': 'Unknown'}, {'duration': 450, 'departure_time': 12540, 'arrival_time': 12990, 'day': 'current_day', 'from_stop_id': 'MH-L-1', 'to_stop_id': '55-1', 'trip_id': '1-1-15', 'agency_name': 'Unknown'}]}"
150,45,11460,inter,right,513,[150],[55],0,0,500,375,11460,11520.0,14790.0,14850.0,3270.0,4.0,150,55,,,pt,3765.0,15225.0,3765.0,"{'duration': 3270, 'source_transfer_time': 0, 'waiting_time': 270, 'trip_time': 3000, 'num_transfers': 4, 'departure_time': 11520, 'departure_day': 'current_day', 'arrival_time': 14790, 'arrival_day': 'current_day', 'steps': [{'duration': 570, 'departure_time': 11790, 'arrival_time': 12360, 'day': 'current_day', 'from_stop_id': '150-5', 'to_stop_id': 'MH-R-5', 'trip_id': '10-0-15', 'agency_name': 'Unknown'}, {'duration': 30, 'departure_time': 12360, 'arrival_time': 12390, 'day': 'current_day', 'from_stop_id': 'MH-R-5', 'to_stop_id': 'MH-R-0', 'trip_id': 'walking', 'agency_name': 'Unknown'}, {'duration': 1500, 'departure_time': 12600, 'arrival_time': 14100, 'day': 'current_day', 'from_stop_id': 'MH-R-0', 'to_stop_id': 'MH-L-0', 'trip_id': '0-1-5', 'agency_name': 'Unknown'}, {'duration': 30, 'departure_time': 14100, 'arrival_time': 14130, 'day': 'current_day', 'from_stop_id': 'MH-L-0', 'to_stop_id': 'MH-L-1', 'trip_id': 'walking', 'agency_name': 'Unknown'}, {'duration': 450, 'departure_time': 14340, 'arrival_time': 14790, 'day': 'current_day', 'from_stop_id': 'MH-L-1', 'to_stop_id': '55-1', 'trip_id': '1-1-18', 'agency_name': 'Unknown'}]}"
207,28,4950,inter,right,514,[207],[27; 29; 39],0,0,500,375,4950,5010.0,9270.0,9330.0,4260.0,4.0,207,27,,,pt,4755.0,9705.0,4755.0,"{'duration': 4260, 'source_transfer_time': 0, 'waiting_time': 180, 'trip_time': 4080, 'num_transfers': 4, 'departure_time': 5010, 'departure_day': 'current_day', 'arrival_time': 9270, 'arrival_day': 'current_day', 'steps': [{'duration': 570, 'departure_time': 5190, 'arrival_time': 5760, 'day': 'current_day', 'from_stop_id': '207-5', 'to_stop_id': 'MH-R-5', 'trip_id': '10-1-4', 'agency_name': 'Unknown'}, {'duration': 30, 'departure_time': 5760, 'arrival_time': 5790, 'day': 'current_day', 'from_stop_id': 'MH-R-5', 'to_stop_id': 'MH-R-0', 'trip_id': 'walking', 'agency_name': 'Unknown'}, {'duration': 1500, 'departure_time': 7200, 'arrival_time': 8700, 'day': 'current_day', 'from_stop_id': 'MH-R-0', 'to_stop_id': 'MH-L-0', 'trip_id': '0-1-2', 'agency_name': 'Unknown'}, {'duration': 30, 'departure_time': 8700, 'arrival_time': 8730, 'day': 'current_day', 'from_stop_id': 'MH-L-0', 'to_stop_id': 'MH-L-2', 'trip_id': 'walking', 'agency_name': 'Unknown'}, {'duration': 330, 'departure_time': 8940, 'arrival_time': 9270, 'day': 'current_day', 'from_stop_id': 'MH-L-2', 'to_stop_id': '27-2', 'trip_id': '2-0-9', 'agency_name': 'Unknown'}]}"
144,63,10680,inter,right,515,[144],[55],0,0,500,375,10680,10740.0,14790.0,14850.0,4050.0,4.0,144,55,,,pt,4545.0,15225.0,4545.0,"{'duration': 4050, 'source_transfer_time': 0, 'waiting_time': 210, 'trip_time': 3840, 'num_transfers': 4, 'departure_time': 10740, 'departure_day': 'current_day', 'arrival_time': 14790, 'arrival_day': 'current_day', 'steps': [{'duration': 810, 'departure_time': 10950, 'arrival_time': 11760, 'day': 'current_day', 'from_stop_id': '144-4', 'to_stop_id': 'MH-R-4', 'trip_id': '9-0-14', 'agency_name': 'Unknown'}, {'duration': 30, 'departure_time': 11760, 'arrival_time': 11790, 'day': 'current_day', 'from_stop_id': 'MH-R-4', 'to_stop_id': 'MH-R-0', 'trip_id': 'walking', 'agency_name': 'Unknown'}, {'duration': 1500, 'departure_time': 12600, 'arrival_time': 14100, 'day': 'current_day', 'from_stop_id': 'MH-R-0', 'to_stop_id': 'MH-L-0', 'trip_id': '0-1-5', 'agency_name': 'Unknown'}, {'duration': 30, 'departure_time': 14100, 'arrival_time': 14130, 'day': 'current_day', 'from_stop_id': 'MH-L-0', 'to_stop_id': 'MH-L-1', 'trip_id': 'walking', 'agency_name': 'Unknown'}, {'duration': 450, 'departure_time': 14340, 'arrival_time': 14790, 'day': 'current_day', 'from_stop_id': 'MH-L-1', 'to_stop_id': '55-1', 'trip_id': '1-1-18', 'agency_name': 'Unknown'}]}"
235,13,3600,inter,right,516,[224; 236],[12; 24],500,375,500,375,3975,4035.0,7830.0,7890.0,3795.0,4.0,224,24,,,pt,4665.0,8265.0,4665.0,"{'duration': 3795, 'source_transfer_time': 0, 'waiting_time': 195, 'trip_time': 3600, 'num_transfers': 4, 'departure_time': 4035, 'departure_day': 'current_day', 'arrival_time': 7830, 'arrival_day': 'current_day', 'steps': [{'duration': 930, 'departure_time': 4230, 'arrival_time': 5160, 'day': 'current_day', 'from_stop_id': '224-4', 'to_stop_id': 'MH-R-4', 'trip_id': '9-1-3', 'agency_name': 'Unknown'}, {'duration': 30, 'departure_time': 5160, 'arrival_time': 5190, 'day': 'current_day', 'from_stop_id': 'MH-R-4', 'to_stop_id': 'MH-R-0', 'trip_id': 'walking', 'agency_name': 'Unknown'}, {'duration': 1500, 'departure_time': 5400, 'arrival_time': 6900, 'day': 'current_day', 'from_stop_id': 'MH-R-0', 'to_stop_id': 'MH-L-0', 'trip_id': '0-1-1', 'agency_name': 'Unknown'}, {'duration': 30, 'departure_time': 6900, 'arrival_time': 6930, 'day': 'current_day', 'from_stop_id': 'MH-L-0', 'to_stop_id': 'MH-L-4', 'trip_id': 'walking', 'agency_name': 'Unknown'}, {'duration': 690, 'departure_time': 7140, 'arrival_time': 7830, 'day': 'current_day', 'from_stop_id': 'MH-L-4', 'to_stop_id': '24-4', 'trip_id': '7-1-6', 'agency_name': 'Unknown'}]}"
144,88,4380,inter,right,517,[144],[88],0,0,0,0,4380,4440.0,9270.0,9330.0,4830.0,4.0,144,88,,,pt,4950.0,9330.0,4950.0,"{'duration': 4830, 'source_transfer_time': 0, 'waiting_time': 510, 'trip_time': 4320, 'num_transfers': 4, 'departure_time': 4440, 'departure_day': 'current_day', 'arrival_time': 9270, 'arrival_day': 'current_day', 'steps': [{'duration': 810, 'departure_time': 4950, 'arrival_time': 5760, 'day': 'current_day', 'from_stop_id': '144-4', 'to_stop_id': 'MH-R-4', 'trip_id': '9-0-4', 'agency_name': 'Unknown'}, {'duration': 30, 'departure_time': 5760, 'arrival_time': 5790, 'day': 'current_day', 'from_stop_id': 'MH-R-4', 'to_stop_id': 'MH-R-0', 'trip_id': 'walking', 'agency_name': 'Unknown'}, {'duration': 1500, 'departure_time': 7200, 'arrival_time': 8700, 'day': 'current_day', 'from_stop_id': 'MH-R-0', 'to_stop_id': 'MH-L-0', 'trip_id': '0-1-2', 'agency_name': 'Unknown'}, {'duration': 30, 'departure_time': 8700, 'arrival_time': 8730, 'day': 'current_day', 'from_stop_id': 'MH-L-0', 'to_stop_id': 'MH-L-2', 'trip_id': 'walking', 'agency_name': 'Unknown'}, {'duration': 330, 'departure_time': 8940, 'arrival_time': 9270, 'day': 'current_day', 'from_stop_id': 'MH-L-2', 'to_stop_id': '88-2', 'trip_id': '2-1-9', 'agency_name': 'Unknown'}]}"
122,22,9990,inter,right,518,[121; 133],[11; 23],500,375,500,375,10365,10425.0,15150.0,15210.0,4725.0,4.0,121,23,,,pt,5595.0,15585.0,5595.0,"{'duration': 4725, 'source_transfer_time': 0, 'waiting_time': 165, 'trip_time': 4560, 'num_transfers': 4, 'departure_time': 10425, 'departure_day': 'current_day', 'arrival_time': 15150, 'arrival_day': 'current_day', 'steps': [{'duration': 1170, 'departure_time': 10590, 'arrival_time': 11760, 'day': 'current_day', 'from_stop_id': '121-4', 'to_stop_id': 'MH-R-4', 'trip_id': '9-0-14', 'agency_name': 'Unknown'}, {'duration': 30, 'departure_time': 11760, 'arrival_time': 11790, 'day': 'current_day', 'from_stop_id': 'MH-R-4', 'to_stop_id': 'MH-R-0', 'trip_id': 'walking', 'agency_name': 'Unknown'}, {'duration': 1500, 'departure_time': 12600, 'arrival_time': 14100, 'day': 'current_day', 'from_stop_id': 'MH-R-0', 'to_stop_id': 'MH-L-0', 'trip_id': '0-1-5', 'agency_name': 'Unknown'}, {'duration': 30, 'departure_time': 14100, 'arrival_time': 14130, 'day': 'current_day', 'from_stop_id': 'MH-L-0', 'to_stop_id': 'MH-L-4', 'trip_id': 'walking', 'agency_name': 'Unknown'}, {'duration': 810, 'departure_time': 14340, 'arrival_time': 15150, 'day': 'current_day', 'from_stop_id': 'MH-L-4', 'to_stop_id': '23-4', 'trip_id': '7-1-18', 'agency_name': 'Unknown'}]}"
173,23,12270,inter,right,519,[181],[23],500,375,0,0,12645,12705.0,16950.0,17010.0,4245.0,4.0,181,23,,,pt,4740.0,17010.0,4740.0,"{'duration': 4245, 'source_transfer_time': 0, 'waiting_time': 405, 'trip_time': 3840, 'num_transfers': 4, 'departure_time': 12705, 'departure_day': 'current_day', 'arrival_time': 16950, 'arrival_day': 'current_day', 'steps': [{'duration': 450, 'departure_time': 13110, 'arrival_time': 13560, 'day': 'current_day', 'from_stop_id': '181-1', 'to_stop_id': 'MH-R-1', 'trip_id': '3-1-17', 'agency_name': 'Unknown'}, {'duration': 30, 'departure_time': 13560, 'arrival_time': 13590, 'day': 'current_day', 'from_stop_id': 'MH-R-1', 'to_stop_id': 'MH-R-0', 'trip_id': 'walking', 'agency_name': 'Unknown'}, {'duration': 1500, 'departure_time': 14400, 'arrival_time': 15900, 'day': 'current_day', 'from_stop_id': 'MH-R-0', 'to_stop_id': 'MH-L-0', 'trip_id': '0-1-6', 'agency_name': 'Unknown'}, {'duration': 30, 'departure_time': 15900, 'arrival_time': 15930, 'day': 'current_day', 'from_stop_id': 'MH-L-0', 'to_stop_id': 'MH-L-4', 'trip_id': 'walking', 'agency_name': 'Unknown'}, {'duration': 810, 'departure_time': 16140, 'arrival_time': 16950, 'day': 'current_day', 'from_stop_id': 'MH-L-4', 'to_stop_id': '23-4', 'trip_id': '7-1-21', 'agency_name': 'Unknown'}]}"
216,43,7170,inter,right,520,[216],[61],0,0,1000,751,7170,7230.0,11310.0,11370.0,4080.0,4.0,216,61,,,pt,4951.0,12121.0,4951.0,"{'duration': 4080, 'source_transfer_time': 0, 'waiting_time': 0, 'trip_time': 4080, 'num_transfers': 4, 'departure_time': 7230, 'departure_day': 'current_day', 'arrival_time': 11310, 'arrival_day': 'current_day', 'steps': [{'duration': 930, 'departure_time': 7230, 'arrival_time': 8160, 'day': 'current_day', 'from_stop_id': '216-5', 'to_stop_id': 'MH-R-5', 'trip_id': '10-1-8', 'agency_name': 'Unknown'}, {'duration': 30, 'departure_time': 8160, 'arrival_time': 8190, 'day': 'current_day', 'from_stop_id': 'MH-R-5', 'to_stop_id': 'MH-R-0', 'trip_id': 'walking', 'agency_name': 'Unknown'}, {'duration': 1500, 'departure_time': 9000, 'arrival_time': 10500, 'day': 'current_day', 'from_stop_id': 'MH-R-0', 'to_stop_id': 'MH-L-0', 'trip_id': '0-1-3', 'agency_name': 'Unknown'}, {'duration': 30, 'departure_time': 10500, 'arrival_time': 10530, 'day': 'current_day', 'from_stop_id': 'MH-L-0', 'to_stop_id': 'MH-L-1', 'trip_id': 'walking', 'agency_name': 'Unknown'}, {'duration': 570, 'departure_time': 10740, 'arrival_time': 11310, 'day': 'current_day', 'from_stop_id': 'MH-L-1', 'to_stop_id': '61-1', 'trip_id': '1-0-12', 'agency_name': 'Unknown'}]}"
209,11,9060,inter,right,521,[209],[11],0,0,0,0,9060,9120.0,13590.0,13650.0,4470.0,4.0,209,11,,,pt,4590.0,13650.0,4590.0,"{'duration': 4470, 'source_transfer_time': 0, 'waiting_time': 510, 'trip_time': 3960, 'num_transfers': 4, 'departure_time': 9120, 'departure_day': 'current_day', 'arrival_time': 13590, 'arrival_day': 'current_day', 'steps': [{'duration': 330, 'departure_time': 9630, 'arrival_time': 9960, 'day': 'current_day', 'from_stop_id': '209-2', 'to_stop_id': 'MH-R-2', 'trip_id': '4-0-11', 'agency_name': 'Unknown'}, {'duration': 30, 'departure_time': 9960, 'arrival_time': 9990, 'day': 'current_day', 'from_stop_id': 'MH-R-2', 'to_stop_id': 'MH-R-0', 'trip_id': 'walking', 'agency_name': 'Unknown'}, {'duration': 1500, 'departure_time': 10800, 'arrival_time': 12300, 'day': 'current_day', 'from_stop_id': 'MH-R-0', 'to_stop_id': 'MH-L-0', 'trip_id': '0-1-4', 'agency_name': 'Unknown'}, {'duration': 30, 'departure_time': 12300, 'arrival_time': 12330, 'day': 'current_day', 'from_stop_id': 'MH-L-0', 'to_stop_id': 'MH-L-4', 'trip_id': 'walking', 'agency_name': 'Unknown'}, {'duration': 1050, 'departure_time': 12540, 'arrival_time': 13590, 'day': 'current_day', 'from_stop_id': 'MH-L-4', 'to_stop_id': '11-4', 'trip_id': '7-1-15', 'agency_name': 'Unknown'}]}"
223,54,11760,inter,right,522,[212; 224],[54],500,375,0,0,12135,12195.0,16710.0,16770.0,4515.0,4.0,212,54,,,pt,5010.0,16770.0,5010.0,"{'duration': 4515, 'source_transfer_time': 0, 'waiting_time': 75, 'trip_time': 4440, 'num_transfers': 4, 'departure_time': 12195, 'departure_day': 'current_day', 'arrival_time': 16710, 'arrival_day': 'current_day', 'steps': [{'duration': 690, 'departure_time': 12270, 'arrival_time': 12960, 'day': 'current_day', 'from_stop_id': '212-4', 'to_stop_id': 'MH-R-4', 'trip_id': '9-1-16', 'agency_name': 'Unknown'}, {'duration': 30, 'departure_time': 12960, 'arrival_time': 12990, 'day': 'current_day', 'from_stop_id': 'MH-R-4', 'to_stop_id': 'MH-R-0', 'trip_id': 'walking', 'agency_name': 'Unknown'}, {'duration': 1500, 'departure_time': 14400, 'arrival_time': 15900, 'day': 'current_day', 'from_stop_id': 'MH-R-0', 'to_stop_id': 'MH-L-0', 'trip_id': '0-1-6', 'agency_name': 'Unknown'}, {'duration': 30, 'departure_time': 15900, 'arrival_time': 15930, 'day': 'current_day', 'from_stop_id': 'MH-L-0', 'to_stop_id': 'MH-L-1', 'trip_id': 'walking', 'agency_name': 'Unknown'}, {'duration': 570, 'departure_time': 16140, 'arrival_time': 16710, 'day': 'current_day', 'from_stop_id': 'MH-L-1', 'to_stop_id': '54-1', 'trip_id': '1-1-21', 'agency_name': 'Unknown'}]}"
146,5,12930,inter,right,523,[145; 157],[5],500,375,0,0,13305,13365.0,16710.0,16770.0,3345.0,4.0,145,5,,,pt,3840.0,16770.0,3840.0,"{'duration': 3345, 'source_transfer_time': 0, 'waiting_time': 105, 'trip_time': 3240, 'num_transfers': 4, 'departure_time': 13365, 'departure_day': 'current_day', 'arrival_time': 16710, 'arrival_day': 'current_day', 'steps': [{'duration': 690, 'departure_time': 13470, 'arrival_time': 14160, 'day': 'current_day', 'from_stop_id': '145-4', 'to_stop_id': 'MH-R-4', 'trip_id': '9-0-18', 'agency_name': 'Unknown'}, {'duration': 30, 'departure_time': 14160, 'arrival_time': 14190, 'day': 'current_day', 'from_stop_id': 'MH-R-4', 'to_stop_id': 'MH-R-0', 'trip_id': 'walking', 'agency_name': 'Unknown'}, {'duration': 1500, 'departure_time': 14400, 'arrival_time': 15900, 'day': 'current_day', 'from_stop_id': 'MH-R-0', 'to_stop_id': 'MH-L-0', 'trip_id': '0-1-6', 'agency_name': 'Unknown'}, {'duration': 30, 'departure_time': 15900, 'arrival_time': 15930, 'day': 'current_day', 'from_stop_id': 'MH-L-0', 'to_stop_id': 'MH-L-2', 'trip_id': 'walking', 'agency_name': 'Unknown'}, {'duration': 570, 'departure_time': 16140, 'arrival_time': 16710, 'day': 'current_day', 'from_stop_id': 'MH-L-2', 'to_stop_id': '5-2', 'trip_id': '2-0-21', 'agency_name': 'Unknown'}]}"
230,97,8310,inter,right,524,[231],[86; 96],500,375,500,375,8685,8745.0,13110.0,13170.0,4365.0,4.0,231,86,,,pt,5235.0,13545.0,5235.0,"{'duration': 4365, 'source_transfer_time': 0, 'waiting_time': 45, 'trip_time': 4320, 'num_transfers': 4, 'departure_time': 8745, 'departure_day': 'current_day', 'arrival_time': 13110, 'arrival_day': 'current_day', 'steps': [{'duration': 570, 'departure_time': 8790, 'arrival_time': 9360, 'day': 'current_day', 'from_stop_id': '231-2', 'to_stop_id': 'MH-R-2', 'trip_id': '4-0-10', 'agency_name': 'Unknown'}, {'duration': 30, 'departure_time': 9360, 'arrival_time': 9390, 'day': 'current_day', 'from_stop_id': 'MH-R-2', 'to_stop_id': 'MH-R-0', 'trip_id': 'walking', 'agency_name': 'Unknown'}, {'duration': 1500, 'departure_time': 10800, 'arrival_time': 12300, 'day': 'current_day', 'from_stop_id': 'MH-R-0', 'to_stop_id': 'MH-L-0', 'trip_id': '0-1-4', 'agency_name': 'Unknown'}, {'duration': 30, 'departure_time': 12300, 'arrival_time': 12330, 'day': 'current_day', 'from_stop_id': 'MH-L-0', 'to_stop_id': 'MH-L-5', 'trip_id': 'walking', 'agency_name': 'Unknown'}, {'duration': 570, 'departure_time': 12540, 'arrival_time': 13110, 'day': 'current_day', 'from_stop_id': 'MH-L-5', 'to_stop_id': '86-5', 'trip_id': '8-0-15', 'agency_name': 'Unknown'}]}"
161,112,5490,inter,right,525,[161],[110],0,0,1000,751,5490,5550.0,9510.0,9570.0,3960.0,4.0,161,110,,,pt,4831.0,10321.0,4831.0,"{'duration': 3960, 'source_transfer_time': 0, 'waiting_time': 360, 'trip_time': 3600, 'num_transfers': 4, 'departure_time': 5550, 'departure_day': 'current_day', 'arrival_time': 9510, 'arrival_day': 'current_day', 'steps': [{'duration': 450, 'departure_time': 5910, 'arrival_time': 6360, 'day': 'current_day', 'from_stop_id': '161-5', 'to_stop_id': 'MH-R-5', 'trip_id': '10-0-5', 'agency_name': 'Unknown'}, {'duration': 30, 'departure_time': 6360, 'arrival_time': 6390, 'day': 'current_day', 'from_stop_id': 'MH-R-5', 'to_stop_id': 'MH-R-0', 'trip_id': 'walking', 'agency_name': 'Unknown'}, {'duration': 1500, 'departure_time': 7200, 'arrival_time': 8700, 'day': 'current_day', 'from_stop_id': 'MH-R-0', 'to_stop_id': 'MH-L-0', 'trip_id': '0-1-2', 'agency_name': 'Unknown'}, {'duration': 30, 'departure_time': 8700, 'arrival_time': 8730, 'day': 'current_day', 'from_stop_id': 'MH-L-0', 'to_stop_id': 'MH-L-2', 'trip_id': 'walking', 'agency_name': 'Unknown'}, {'duration': 570, 'departure_time': 8940, 'arrival_time': 9510, 'day': 'current_day', 'from_stop_id': 'MH-L-2', 'to_stop_id': '110-2', 'trip_id': '2-1-9', 'agency_name': 'Unknown'}]}"
136,13,4800,inter,right,526,[137],[12; 24],500,375,500,375,5175,5235.0,9630.0,9690.0,4395.0,4.0,137,24,,,pt,5265.0,10065.0,5265.0,"{'duration': 4395, 'source_transfer_time': 0, 'waiting_time': 75, 'trip_time': 4320, 'num_transfers': 4, 'departure_time': 5235, 'departure_day': 'current_day', 'arrival_time': 9630, 'arrival_day': 'current_day', 'steps': [{'duration': 450, 'departure_time': 5310, 'arrival_time': 5760, 'day': 'current_day', 'from_stop_id': '137-2', 'to_stop_id': 'MH-R-2', 'trip_id': '4-1-4', 'agency_name': 'Unknown'}, {'duration': 30, 'departure_time': 5760, 'arrival_time': 5790, 'day': 'current_day', 'from_stop_id': 'MH-R-2', 'to_stop_id': 'MH-R-0', 'trip_id': 'walking', 'agency_name': 'Unknown'}, {'duration': 1500, 'departure_time': 7200, 'arrival_time': 8700, 'day': 'current_day', 'from_stop_id': 'MH-R-0', 'to_stop_id': 'MH-L-0', 'trip_id': '0-1-2', 'agency_name': 'Unknown'}, {'duration': 30, 'departure_time': 8700, 'arrival_time': 8730, 'day': 'current_day', 'from_stop_id': 'MH-L-0', 'to_stop_id': 'MH-L-4', 'trip_id': 'walking', 'agency_name': 'Unknown'}, {'duration': 690, 'departure_time': 8940, 'arrival_time': 9630, 'day': 'current_day', 'from_stop_id': 'MH-L-4', 'to_stop_id': '24-4', 'trip_id': '7-1-9', 'agency_name': 'Unknown'}]}"
164,113,8310,inter,right,527,[182],[91; 103; 115],1000,751,1000,751,9061,9121.0,13230.0,13290.0,4109.0,4.0,182,91,,,pt,5731.0,14041.0,5731.0,"{'duration': 4109, 'source_transfer_time': 0, 'waiting_time': 269, 'trip_time': 3840, 'num_transfers': 4, 'departure_time': 9121, 'departure_day': 'current_day', 'arrival_time': 13230, 'arrival_day': 'current_day', 'steps': [{'duration': 570, 'departure_time': 9390, 'arrival_time': 9960, 'day': 'current_day', 'from_stop_id': '182-1', 'to_stop_id': 'MH-R-1', 'trip_id': '3-1-11', 'agency_name': 'Unknown'}, {'duration': 30, 'departure_time': 9960, 'arrival_time': 9990, 'day': 'current_day', 'from_stop_id': 'MH-R-1', 'to_stop_id': 'MH-R-0', 'trip_id': 'walking', 'agency_name': 'Unknown'}, {'duration': 1500, 'departure_time': 10800, 'arrival_time': 12300, 'day': 'current_day', 'from_stop_id': 'MH-R-0', 'to_stop_id': 'MH-L-0', 'trip_id': '0-1-4', 'agency_name': 'Unknown'}, {'duration': 30, 'departure_time': 12300, 'arrival_time': 12330, 'day': 'current_day', 'from_stop_id': 'MH-L-0', 'to_stop_id': 'MH-L-4', 'trip_id': 'walking', 'agency_name': 'Unknown'}, {'duration': 690, 'departure_time': 12540, 'arrival_time': 13230, 'day': 'current_day', 'from_stop_id': 'MH-L-4', 'to_stop_id': '91-4', 'trip_id': '7-0-15', 'agency_name': 'Unknown'}]}"
188,37,5340,inter,right,528,[188],[36; 38; 48],0,0,500,375,5340,5400.0,9150.0,9210.0,3750.0,4.0,188,38,,,pt,4245.0,9585.0,4245.0,"{'duration': 3750, 'source_transfer_time': 0, 'waiting_time': 150, 'trip_time': 3600, 'num_transfers': 4, 'departure_time': 5400, 'departure_day': 'current_day', 'arrival_time': 9150, 'arrival_day': 'current_day', 'steps': [{'duration': 210, 'departure_time': 5550, 'arrival_time': 5760, 'day': 'current_day', 'from_stop_id': '188-4', 'to_stop_id': 'MH-R-4', 'trip_id': '9-1-4', 'agency_name': 'Unknown'}, {'duration': 30, 'departure_time': 5760, 'arrival_time': 5790, 'day': 'current_day', 'from_stop_id': 'MH-R-4', 'to_stop_id': 'MH-R-0', 'trip_id': 'walking', 'agency_name': 'Unknown'}, {'duration': 1500, 'departure_time': 7200, 'arrival_time': 8700, 'day': 'current_day', 'from_stop_id': 'MH-R-0', 'to_stop_id': 'MH-L-0', 'trip_id': '0-1-2', 'agency_name': 'Unknown'}, {'duration': 30, 'departure_time': 8700, 'arrival_time': 8730, 'day': 'current_day', 'from_stop_id': 'MH-L-0', 'to_stop_id': 'MH-L-2', 'trip_id': 'walking', 'agency_name': 'Unknown'}, {'duration': 210, 'departure_time': 8940, 'arrival_time': 9150, 'day': 'current_day', 'from_stop_id': 'MH-L-2', 'to_stop_id': '38-2', 'trip_id': '2-0-9', 'agency_name': 'Unknown'}]}"
219,5,3960,inter,right,529,[220],[5],500,375,0,0,4335,4395.0,7710.0,7770.0,3315.0,4.0,220,5,,,pt,3810.0,7770.0,3810.0,"{'duration': 3315, 'source_transfer_time': 0, 'waiting_time': 315, 'trip_time': 3000, 'num_transfers': 4, 'departure_time': 4395, 'departure_day': 'current_day', 'arrival_time': 7710, 'arrival_day': 'current_day', 'steps': [{'duration': 450, 'departure_time': 4710, 'arrival_time': 5160, 'day': 'current_day', 'from_stop_id': '220-2', 'to_stop_id': 'MH-R-2', 'trip_id': '4-0-3', 'agency_name': 'Unknown'}, {'duration': 30, 'departure_time': 5160, 'arrival_time': 5190, 'day': 'current_day', 'from_stop_id': 'MH-R-2', 'to_stop_id': 'MH-R-0', 'trip_id': 'walking', 'agency_name': 'Unknown'}, {'duration': 1500, 'departure_time': 5400, 'arrival_time': 6900, 'day': 'current_day', 'from_stop_id': 'MH-R-0', 'to_stop_id': 'MH-L-0', 'trip_id': '0-1-1', 'agency_name': 'Unknown'}, {'duration': 30, 'departure_time': 6900, 'arrival_time': 6930, 'day': 'current_day', 'from_stop_id': 'MH-L-0', 'to_stop_id': 'MH-L-2', 'trip_id': 'walking', 'agency_name': 'Unknown'}, {'duration': 570, 'departure_time': 7140, 'arrival_time': 7710, 'day': 'current_day', 'from_stop_id': 'MH-L-2', 'to_stop_id': '5-2', 'trip_id': '2-0-6', 'agency_name': 'Unknown'}]}"
147,114,10080,inter,right,530,[148],[103; 115],500,375,500,375,10455,10515.0,15270.0,15330.0,4755.0,4.0,148,103,,,pt,5625.0,15705.0,5625.0,"{'duration': 4755, 'source_transfer_time': 0, 'waiting_time': 315, 'trip_time': 4440, 'num_transfers': 4, 'departure_time': 10515, 'departure_day': 'current_day', 'arrival_time': 15270, 'arrival_day': 'current_day', 'steps': [{'duration': 330, 'departure_time': 10830, 'arrival_time': 11160, 'day': 'current_day', 'from_stop_id': '148-2', 'to_stop_id': 'MH-R-2', 'trip_id': '4-1-13', 'agency_name': 'Unknown'}, {'duration': 30, 'departure_time': 11160, 'arrival_time': 11190, 'day': 'current_day', 'from_stop_id': 'MH-R-2', 'to_stop_id': 'MH-R-0', 'trip_id': 'walking', 'agency_name': 'Unknown'}, {'duration': 1500, 'departure_time': 12600, 'arrival_time': 14100, 'day': 'current_day', 'from_stop_id': 'MH-R-0', 'to_stop_id': 'MH-L-0', 'trip_id': '0-1-5', 'agency_name': 'Unknown'}, {'duration': 30, 'departure_time': 14100, 'arrival_time': 14130, 'day': 'current_day', 'from_stop_id': 'MH-L-0', 'to_stop_id': 'MH-L-4', 'trip_id': 'walking', 'agency_name': 'Unknown'}, {'duration': 930, 'departure_time': 14340, 'arrival_time': 15270, 'day': 'current_day', 'from_stop_id': 'MH-L-4', 'to_stop_id': '103-4', 'trip_id': '7-0-18', 'agency_name': 'Unknown'}]}"
190,58,8820,inter,right,531,[180; 189; 201],[58],500,375,0,0,9195,9255.0,12750.0,12810.0,3495.0,4.0,180,58,,,pt,3990.0,12810.0,3990.0,"{'duration': 3495, 'source_transfer_time': 0, 'waiting_time': 375, 'trip_time': 3120, 'num_transfers': 4, 'departure_time': 9255, 'departure_day': 'current_day', 'arrival_time': 12750, 'arrival_day': 'current_day', 'steps': [{'duration': 330, 'departure_time': 9630, 'arrival_time': 9960, 'day': 'current_day', 'from_stop_id': '180-1', 'to_stop_id': 'MH-R-1', 'trip_id': '3-1-11', 'agency_name': 'Unknown'}, {'duration': 30, 'departure_time': 9960, 'arrival_time': 9990, 'day': 'current_day', 'from_stop_id': 'MH-R-1', 'to_stop_id': 'MH-R-0', 'trip_id': 'walking', 'agency_name': 'Unknown'}, {'duration': 1500, 'departure_time': 10800, 'arrival_time': 12300, 'day': 'current_day', 'from_stop_id': 'MH-R-0', 'to_stop_id': 'MH-L-0', 'trip_id': '0-1-4', 'agency_name': 'Unknown'}, {'duration': 30, 'departure_time': 12300, 'arrival_time': 12330, 'day': 'current_day', 'from_stop_id': 'MH-L-0', 'to_stop_id': 'MH-L-1', 'trip_id': 'walking', 'agency_name': 'Unknown'}, {'duration': 210, 'departure_time': 12540, 'arrival_time': 12750, 'day': 'current_day', 'from_stop_id': 'MH-L-1', 'to_stop_id': '58-1', 'trip_id': '1-0-15', 'agency_name': 'Unknown'}]}"
159,2,12090,inter,right,532,[159],[0; 12; 24],0,0,1000,751,12090,12150.0,15030.0,15090.0,2880.0,4.0,159,24,,,pt,3751.0,15841.0,3751.0,"{'duration': 2880, 'source_transfer_time': 0, 'waiting_time': 0, 'trip_time': 2880, 'num_transfers': 4, 'departure_time': 12150, 'departure_day': 'current_day', 'arrival_time': 15030, 'arrival_day': 'current_day', 'steps': [{'duration': 210, 'departure_time': 12150, 'arrival_time': 12360, 'day': 'current_day', 'from_stop_id': '159-2', 'to_stop_id': 'MH-R-2', 'trip_id': '4-1-15', 'agency_name': 'Unknown'}, {'duration': 30, 'departure_time': 12360, 'arrival_time': 12390, 'day': 'current_day', 'from_stop_id': 'MH-R-2', 'to_stop_id': 'MH-R-0', 'trip_id': 'walking', 'agency_name': 'Unknown'}, {'duration': 1500, 'departure_time': 12600, 'arrival_time': 14100, 'day': 'current_day', 'from_stop_id': 'MH-R-0', 'to_stop_id': 'MH-L-0', 'trip_id': '0-1-5', 'agency_name': 'Unknown'}, {'duration': 30, 'departure_time': 14100, 'arrival_time': 14130, 'day': 'current_day', 'from_stop_id': 'MH-L-0', 'to_stop_id': 'MH-L-4', 'trip_id': 'walking', 'agency_name': 'Unknown'}, {'duration': 690, 'departure_time': 14340, 'arrival_time': 15030, 'day': 'current_day', 'from_stop_id': 'MH-L-4', 'to_stop_id': '24-4', 'trip_id': '7-1-18', 'agency_name': 'Unknown'}]}"
180,76,12600,inter,right,533,[180],[76],0,0,0,0,12600,12660.0,16470.0,16530.0,3810.0,4.0,180,76,,,pt,3930.0,16530.0,3930.0,"{'duration': 3810, 'source_transfer_time': 0, 'waiting_time': 570, 'trip_time': 3240, 'num_transfers': 4, 'departure_time': 12660, 'departure_day': 'current_day', 'arrival_time': 16470, 'arrival_day': 'current_day', 'steps': [{'duration': 330, 'departure_time': 13230, 'arrival_time': 13560, 'day': 'current_day', 'from_stop_id': '180-1', 'to_stop_id': 'MH-R-1', 'trip_id': '3-1-17', 'agency_name': 'Unknown'}, {'duration': 30, 'departure_time': 13560, 'arrival_time': 13590, 'day': 'current_day', 'from_stop_id': 'MH-R-1', 'to_stop_id': 'MH-R-0', 'trip_id': 'walking', 'agency_name': 'Unknown'}, {'duration': 1500, 'departure_time': 14400, 'arrival_time': 15900, 'day': 'current_day', 'from_stop_id': 'MH-R-0', 'to_stop_id': 'MH-L-0', 'trip_id': '0-1-6', 'agency_name': 'Unknown'}, {'duration': 30, 'departure_time': 15900, 'arrival_time': 15930, 'day': 'current_day', 'from_stop_id': 'MH-L-0', 'to_stop_id': 'MH-L-5', 'trip_id': 'walking', 'agency_name': 'Unknown'}, {'duration': 330, 'departure_time': 16140, 'arrival_time': 16470, 'day': 'current_day', 'from_stop_id': 'MH-L-5', 'to_stop_id': '76-5', 'trip_id': '8-0-21', 'agency_name': 'Unknown'}]}"
151,54,9060,inter,right,534,[151],[54],0,0,0,0,9060,9120.0,13110.0,13170.0,3990.0,4.0,151,54,,,pt,4110.0,13170.0,4110.0,"{'duration': 3990, 'source_transfer_time': 0, 'waiting_time': 150, 'trip_time': 3840, 'num_transfers': 4, 'departure_time': 9120, 'departure_day': 'current_day', 'arrival_time': 13110, 'arrival_day': 'current_day', 'steps': [{'duration': 690, 'departure_time': 9270, 'arrival_time': 9960, 'day': 'current_day', 'from_stop_id': '151-5', 'to_stop_id': 'MH-R-5', 'trip_id': '10-0-11', 'agency_name': 'Unknown'}, {'duration': 30, 'departure_time': 9960, 'arrival_time': 9990, 'day': 'current_day', 'from_stop_id': 'MH-R-5', 'to_stop_id': 'MH-R-0', 'trip_id': 'walking', 'agency_name': 'Unknown'}, {'duration': 1500, 'departure_time': 10800, 'arrival_time': 12300, 'day': 'current_day', 'from_stop_id': 'MH-R-0', 'to_stop_id': 'MH-L-0', 'trip_id': '0-1-4', 'agency_name': 'Unknown'}, {'duration': 30, 'departure_time': 12300, 'arrival_time': 12330, 'day': 'current_day', 'from_stop_id': 'MH-L-0', 'to_stop_id': 'MH-L-1', 'trip_id': 'walking', 'agency_name': 'Unknown'}, {'duration': 570, 'departure_time': 12540, 'arrival_time': 13110, 'day': 'current_day', 'from_stop_id': 'MH-L-1', 'to_stop_id': '54-1', 'trip_id': '1-1-15', 'agency_name': 'Unknown'}]}"
129,29,4170,inter,right,535,[130; 140],[29],500,375,0,0,4545,4605.0,9510.0,9570.0,4905.0,4.0,130,29,,,pt,5400.0,9570.0,5400.0,"{'duration': 4905, 'source_transfer_time': 0, 'waiting_time': 105, 'trip_time': 4800, 'num_transfers': 4, 'departure_time': 4605, 'departure_day': 'current_day', 'arrival_time': 9510, 'arrival_day': 'current_day', 'steps': [{'duration': 1050, 'departure_time': 4710, 'arrival_time': 5760, 'day': 'current_day', 'from_stop_id': '130-5', 'to_stop_id': 'MH-R-5', 'trip_id': '10-0-4', 'agency_name': 'Unknown'}, {'duration': 30, 'departure_time': 5760, 'arrival_time': 5790, 'day': 'current_day', 'from_stop_id': 'MH-R-5', 'to_stop_id': 'MH-R-0', 'trip_id': 'walking', 'agency_name': 'Unknown'}, {'duration': 1500, 'departure_time': 7200, 'arrival_time': 8700, 'day': 'current_day', 'from_stop_id': 'MH-R-0', 'to_stop_id': 'MH-L-0', 'trip_id': '0-1-2', 'agency_name': 'Unknown'}, {'duration': 30, 'departure_time': 8700, 'arrival_time': 8730, 'day': 'current_day', 'from_stop_id': 'MH-L-0', 'to_stop_id': 'MH-L-5', 'trip_id': 'walking', 'agency_name': 'Unknown'}, {'duration': 570, 'departure_time': 8940, 'arrival_time': 9510, 'day': 'current_day', 'from_stop_id': 'MH-L-5', 'to_stop_id': '29-5', 'trip_id': '8-1-9', 'agency_name': 'Unknown'}]}"
138,69,7320,inter,right,536,[137],[59; 68; 80],500,375,500,375,7695,7755.0,11070.0,11130.0,3315.0,4.0,137,59,,,pt,4185.0,11505.0,4185.0,"{'duration': 3315, 'source_transfer_time': 0, 'waiting_time': 555, 'trip_time': 2760, 'num_transfers': 4, 'departure_time': 7755, 'departure_day': 'current_day', 'arrival_time': 11070, 'arrival_day': 'current_day', 'steps': [{'duration': 450, 'departure_time': 8310, 'arrival_time': 8760, 'day': 'current_day', 'from_stop_id': '137-2', 'to_stop_id': 'MH-R-2', 'trip_id': '4-1-9', 'agency_name': 'Unknown'}, {'duration': 30, 'departure_time': 8760, 'arrival_time': 8790, 'day': 'current_day', 'from_stop_id': 'MH-R-2', 'to_stop_id': 'MH-R-0', 'trip_id': 'walking', 'agency_name': 'Unknown'}, {'duration': 1500, 'departure_time': 9000, 'arrival_time': 10500, 'day': 'current_day', 'from_stop_id': 'MH-R-0', 'to_stop_id': 'MH-L-0', 'trip_id': '0-1-3', 'agency_name': 'Unknown'}, {'duration': 30, 'departure_time': 10500, 'arrival_time': 10530, 'day': 'current_day', 'from_stop_id': 'MH-L-0', 'to_stop_id': 'MH-L-1', 'trip_id': 'walking', 'agency_name': 'Unknown'}, {'duration': 330, 'departure_time': 10740, 'arrival_time': 11070, 'day': 'current_day', 'from_stop_id': 'MH-L-1', 'to_stop_id': '59-1', 'trip_id': '1-0-12', 'agency_name': 'Unknown'}]}"
225,108,10770,inter,right,537,[225],[86; 96; 106; 110],0,0,1000,751,10770,10830.0,14910.0,14970.0,4080.0,4.0,225,86,,,pt,4951.0,15721.0,4951.0,"{'duration': 4080, 'source_transfer_time': 0, 'waiting_time': 480, 'trip_time': 3600, 'num_transfers': 4, 'departure_time': 10830, 'departure_day': 'current_day', 'arrival_time': 14910, 'arrival_day': 'current_day', 'steps': [{'duration': 1050, 'departure_time': 11310, 'arrival_time': 12360, 'day': 'current_day', 'from_stop_id': '225-4', 'to_stop_id': 'MH-R-4', 'trip_id': '9-1-15', 'agency_name': 'Unknown'}, {'duration': 30, 'departure_time': 12360, 'arrival_time': 12390, 'day': 'current_day', 'from_stop_id': 'MH-R-4', 'to_stop_id': 'MH-R-0', 'trip_id': 'walking', 'agency_name': 'Unknown'}, {'duration': 1500, 'departure_time': 12600, 'arrival_time': 14100, 'day': 'current_day', 'from_stop_id': 'MH-R-0', 'to_stop_id': 'MH-L-0', 'trip_id': '0-1-5', 'agency_name': 'Unknown'}, {'duration': 30, 'departure_time': 14100, 'arrival_time': 14130, 'day': 'current_day', 'from_stop_id': 'MH-L-0', 'to_stop_id': 'MH-L-5', 'trip_id': 'walking', 'agency_name': 'Unknown'}, {'duration': 570, 'departure_time': 14340, 'arrival_time': 14910, 'day': 'current_day', 'from_stop_id': 'MH-L-5', 'to_stop_id': '86-5', 'trip_id': '8-0-18', 'agency_name': 'Unknown'}]}"
141,8,6600,inter,right,538,[141],[9; 19],0,0,500,375,6600,6660.0,11550.0,11610.0,4890.0,4.0,141,19,,,pt,5385.0,11985.0,5385.0,"{'duration': 4890, 'source_transfer_time': 0, 'waiting_time': 570, 'trip_time': 4320, 'num_transfers': 4, 'departure_time': 6660, 'departure_day': 'current_day', 'arrival_time': 11550, 'arrival_day': 'current_day', 'steps': [{'duration': 930, 'departure_time': 7230, 'arrival_time': 8160, 'day': 'current_day', 'from_stop_id': '141-5', 'to_stop_id': 'MH-R-5', 'trip_id': '10-0-8', 'agency_name': 'Unknown'}, {'duration': 30, 'departure_time': 8160, 'arrival_time': 8190, 'day': 'current_day', 'from_stop_id': 'MH-R-5', 'to_stop_id': 'MH-R-0', 'trip_id': 'walking', 'agency_name': 'Unknown'}, {'duration': 1500, 'departure_time': 9000, 'arrival_time': 10500, 'day': 'current_day', 'from_stop_id': 'MH-R-0', 'to_stop_id': 'MH-L-0', 'trip_id': '0-1-3', 'agency_name': 'Unknown'}, {'duration': 30, 'departure_time': 10500, 'arrival_time': 10530, 'day': 'current_day', 'from_stop_id': 'MH-L-0', 'to_stop_id': 'MH-L-5', 'trip_id': 'walking', 'agency_name': 'Unknown'}, {'duration': 810, 'departure_time': 10740, 'arrival_time': 11550, 'day': 'current_day', 'from_stop_id': 'MH-L-5', 'to_stop_id': '19-5', 'trip_id': '8-1-12', 'agency_name': 'Unknown'}]}"
174,83,12600,inter,right,539,[182],[85; 95; 105],500,375,1000,751,12975,13035.0,16830.0,16890.0,3795.0,4.0,182,85,,,pt,5041.0,17641.0,5041.0,"{'duration': 3795, 'source_transfer_time': 0, 'waiting_time': 555, 'trip_time': 3240, 'num_transfers': 4, 'departure_time': 13035, 'departure_day': 'current_day', 'arrival_time': 16830, 'arrival_day': 'current_day', 'steps': [{'duration': 570, 'departure_time': 13590, 'arrival_time': 14160, 'day': 'current_day', 'from_stop_id': '182-1', 'to_stop_id': 'MH-R-1', 'trip_id': '3-1-18', 'agency_name': 'Unknown'}, {'duration': 30, 'departure_time': 14160, 'arrival_time': 14190, 'day': 'current_day', 'from_stop_id': 'MH-R-1', 'to_stop_id': 'MH-R-0', 'trip_id': 'walking', 'agency_name': 'Unknown'}, {'duration': 1500, 'departure_time': 14400, 'arrival_time': 15900, 'day': 'current_day', 'from_stop_id': 'MH-R-0', 'to_stop_id': 'MH-L-0', 'trip_id': '0-1-6', 'agency_name': 'Unknown'}, {'duration': 30, 'departure_time': 15900, 'arrival_time': 15930, 'day': 'current_day', 'from_stop_id': 'MH-L-0', 'to_stop_id': 'MH-L-5', 'trip_id': 'walking', 'agency_name': 'Unknown'}, {'duration': 690, 'departure_time': 16140, 'arrival_time': 16830, 'day': 'current_day', 'from_stop_id': 'MH-L-5', 'to_stop_id': '85-5', 'trip_id': '8-0-21', 'agency_name': 'Unknown'}]}"
150,72,6420,inter,right,540,[150],[54],0,0,1000,751,6420,6480.0,11310.0,11370.0,4830.0,4.0,150,54,,,pt,5701.0,12121.0,5701.0,"{'duration': 4830, 'source_transfer_time': 0, 'waiting_time': 510, 'trip_time': 4320, 'num_transfers': 4, 'departure_time': 6480, 'departure_day': 'current_day', 'arrival_time': 11310, 'arrival_day': 'current_day', 'steps': [{'duration': 570, 'departure_time': 6990, 'arrival_time': 7560, 'day': 'current_day', 'from_stop_id': '150-5', 'to_stop_id': 'MH-R-5', 'trip_id': '10-0-7', 'agency_name': 'Unknown'}, {'duration': 30, 'departure_time': 7560, 'arrival_time': 7590, 'day': 'current_day', 'from_stop_id': 'MH-R-5', 'to_stop_id': 'MH-R-0', 'trip_id': 'walking', 'agency_name': 'Unknown'}, {'duration': 1500, 'departure_time': 9000, 'arrival_time': 10500, 'day': 'current_day', 'from_stop_id': 'MH-R-0', 'to_stop_id': 'MH-L-0', 'trip_id': '0-1-3', 'agency_name': 'Unknown'}, {'duration': 30, 'departure_time': 10500, 'arrival_time': 10530, 'day': 'current_day', 'from_stop_id': 'MH-L-0', 'to_stop_id': 'MH-L-1', 'trip_id': 'walking', 'agency_name': 'Unknown'}, {'duration': 570, 'departure_time': 10740, 'arrival_time': 11310, 'day': 'current_day', 'from_stop_id': 'MH-L-1', 'to_stop_id': '54-1', 'trip_id': '1-1-12', 'agency_name': 'Unknown'}]}"
191,31,7530,inter,right,541,[181],[20; 30],500,375,500,375,7905,7965.0,11430.0,11490.0,3465.0,4.0,181,30,,,pt,4335.0,11865.0,4335.0,"{'duration': 3465, 'source_transfer_time': 0, 'waiting_time': 345, 'trip_time': 3120, 'num_transfers': 4, 'departure_time': 7965, 'departure_day': 'current_day', 'arrival_time': 11430, 'arrival_day': 'current_day', 'steps': [{'duration': 450, 'departure_time': 8310, 'arrival_time': 8760, 'day': 'current_day', 'from_stop_id': '181-1', 'to_stop_id': 'MH-R-1', 'trip_id': '3-1-9', 'agency_name': 'Unknown'}, {'duration': 30, 'departure_time': 8760, 'arrival_time': 8790, 'day': 'current_day', 'from_stop_id': 'MH-R-1', 'to_stop_id': 'MH-R-0', 'trip_id': 'walking', 'agency_name': 'Unknown'}, {'duration': 1500, 'departure_time': 9000, 'arrival_time': 10500, 'day': 'current_day', 'from_stop_id': 'MH-R-0', 'to_stop_id': 'MH-L-0', 'trip_id': '0-1-3', 'agency_name': 'Unknown'}, {'duration': 30, 'departure_time': 10500, 'arrival_time': 10530, 'day': 'current_day', 'from_stop_id': 'MH-L-0', 'to_stop_id': 'MH-L-5', 'trip_id': 'walking', 'agency_name': 'Unknown'}, {'duration': 690, 'departure_time': 10740, 'arrival_time': 11430, 'day': 'current_day', 'from_stop_id': 'MH-L-5', 'to_stop_id': '30-5', 'trip_id': '8-1-12', 'agency_name': 'Unknown'}]}"
205,87,4380,inter,right,542,[206; 216],[76; 86; 88],500,375,500,375,4755,4815.0,9270.0,9330.0,4455.0,4.0,206,76,,,pt,5325.0,9705.0,5325.0,"{'duration': 4455, 'source_transfer_time': 0, 'waiting_time': 255, 'trip_time': 4200, 'num_transfers': 4, 'departure_time': 4815, 'departure_day': 'current_day', 'arrival_time': 9270, 'arrival_day': 'current_day', 'steps': [{'duration': 690, 'departure_time': 5070, 'arrival_time': 5760, 'day': 'current_day', 'from_stop_id': '206-5', 'to_stop_id': 'MH-R-5', 'trip_id': '10-1-4', 'agency_name': 'Unknown'}, {'duration': 30, 'departure_time': 5760, 'arrival_time': 5790, 'day': 'current_day', 'from_stop_id': 'MH-R-5', 'to_stop_id': 'MH-R-0', 'trip_id': 'walking', 'agency_name': 'Unknown'}, {'duration': 1500, 'departure_time': 7200, 'arrival_time': 8700, 'day': 'current_day', 'from_stop_id': 'MH-R-0', 'to_stop_id': 'MH-L-0', 'trip_id': '0-1-2', 'agency_name': 'Unknown'}, {'duration': 30, 'departure_time': 8700, 'arrival_time': 8730, 'day': 'current_day', 'from_stop_id': 'MH-L-0', 'to_stop_id': 'MH-L-5', 'trip_id': 'walking', 'agency_name': 'Unknown'}, {'duration': 330, 'departure_time': 8940, 'arrival_time': 9270, 'day': 'current_day', 'from_stop_id': 'MH-L-5', 'to_stop_id': '76-5', 'trip_id': '8-0-9', 'agency_name': 'Unknown'}]}"
200,98,11790,inter,right,543,[200],[99],0,0,500,375,11790,11850.0,14790.0,14850.0,2940.0,4.0,200,99,,,pt,3435.0,15225.0,3435.0,"{'duration': 2940, 'source_transfer_time': 0, 'waiting_time': 60, 'trip_time': 2880, 'num_transfers': 4, 'departure_time': 11850, 'departure_day': 'current_day', 'arrival_time': 14790, 'arrival_day': 'current_day', 'steps': [{'duration': 450, 'departure_time': 11910, 'arrival_time': 12360, 'day': 'current_day', 'from_stop_id': '200-4', 'to_stop_id': 'MH-R-4', 'trip_id': '9-1-15', 'agency_name': 'Unknown'}, {'duration': 30, 'departure_time': 12360, 'arrival_time': 12390, 'day': 'current_day', 'from_stop_id': 'MH-R-4', 'to_stop_id': 'MH-R-0', 'trip_id': 'walking', 'agency_name': 'Unknown'}, {'duration': 1500, 'departure_time': 12600, 'arrival_time': 14100, 'day': 'current_day', 'from_stop_id': 'MH-R-0', 'to_stop_id': 'MH-L-0', 'trip_id': '0-1-5', 'agency_name': 'Unknown'}, {'duration': 30, 'departure_time': 14100, 'arrival_time': 14130, 'day': 'current_day', 'from_stop_id': 'MH-L-0', 'to_stop_id': 'MH-L-2', 'trip_id': 'walking', 'agency_name': 'Unknown'}, {'duration': 450, 'departure_time': 14340, 'arrival_time': 14790, 'day': 'current_day', 'from_stop_id': 'MH-L-2', 'to_stop_id': '99-2', 'trip_id': '2-1-18', 'agency_name': 'Unknown'}]}"
127,58,11970,inter,right,544,[126],[58],500,375,0,0,12345,12405.0,16350.0,16410.0,3945.0,4.0,126,58,,,pt,4440.0,16410.0,4440.0,"{'duration': 3945, 'source_transfer_time': 0, 'waiting_time': 585, 'trip_time': 3360, 'num_transfers': 4, 'departure_time': 12405, 'departure_day': 'current_day', 'arrival_time': 16350, 'arrival_day': 'current_day', 'steps': [{'duration': 570, 'departure_time': 12990, 'arrival_time': 13560, 'day': 'current_day', 'from_stop_id': '126-2', 'to_stop_id': 'MH-R-2', 'trip_id': '4-1-17', 'agency_name': 'Unknown'}, {'duration': 30, 'departure_time': 13560, 'arrival_time': 13590, 'day': 'current_day', 'from_stop_id': 'MH-R-2', 'to_stop_id': 'MH-R-0', 'trip_id': 'walking', 'agency_name': 'Unknown'}, {'duration': 1500, 'departure_time': 14400, 'arrival_time': 15900, 'day': 'current_day', 'from_stop_id': 'MH-R-0', 'to_stop_id': 'MH-L-0', 'trip_id': '0-1-6', 'agency_name': 'Unknown'}, {'duration': 30, 'departure_time': 15900, 'arrival_time': 15930, 'day': 'current_day', 'from_stop_id': 'MH-L-0', 'to_stop_id': 'MH-L-1', 'trip_id': 'walking', 'agency_name': 'Unknown'}, {'duration': 210, 'departure_time': 16140, 'arrival_time': 16350, 'day': 'current_day', 'from_stop_id': 'MH-L-1', 'to_stop_id': '58-1', 'trip_id': '1-0-21', 'agency_name': 'Unknown'}]}"
140,71,3750,inter,right,545,[140],[61],0,0,500,375,3750,3810.0,7710.0,7770.0,3900.0,4.0,140,61,,,pt,4395.0,8145.0,4395.0,"{'duration': 3900, 'source_transfer_time': 0, 'waiting_time': 540, 'trip_time': 3360, 'num_transfers': 4, 'departure_time': 3810, 'departure_day': 'current_day', 'arrival_time': 7710, 'arrival_day': 'current_day', 'steps': [{'duration': 810, 'departure_time': 4350, 'arrival_time': 5160, 'day': 'current_day', 'from_stop_id': '140-5', 'to_stop_id': 'MH-R-5', 'trip_id': '10-0-3', 'agency_name': 'Unknown'}, {'duration': 30, 'departure_time': 5160, 'arrival_time': 5190, 'day': 'current_day', 'from_stop_id': 'MH-R-5', 'to_stop_id': 'MH-R-0', 'trip_id': 'walking', 'agency_name': 'Unknown'}, {'duration': 1500, 'departure_time': 5400, 'arrival_time': 6900, 'day': 'current_day', 'from_stop_id': 'MH-R-0', 'to_stop_id': 'MH-L-0', 'trip_id': '0-1-1', 'agency_name': 'Unknown'}, {'duration': 30, 'departure_time': 6900, 'arrival_time': 6930, 'day': 'current_day', 'from_stop_id': 'MH-L-0', 'to_stop_id': 'MH-L-1', 'trip_id': 'walking', 'agency_name': 'Unknown'}, {'duration': 570, 'departure_time': 7140, 'arrival_time': 7710, 'day': 'current_day', 'from_stop_id': 'MH-L-1', 'to_stop_id': '61-1', 'trip_id': '1-0-6', 'agency_name': 'Unknown'}]}"
127,105,5640,inter,right,546,[126],[105],500,375,0,0,6015,6075.0,10110.0,10170.0,4035.0,4.0,126,105,,,pt,4530.0,10170.0,4530.0,"{'duration': 4035, 'source_transfer_time': 0, 'waiting_time': 315, 'trip_time': 3720, 'num_transfers': 4, 'departure_time': 6075, 'departure_day': 'current_day', 'arrival_time': 10110, 'arrival_day': 'current_day', 'steps': [{'duration': 570, 'departure_time': 6390, 'arrival_time': 6960, 'day': 'current_day', 'from_stop_id': '126-2', 'to_stop_id': 'MH-R-2', 'trip_id': '4-1-6', 'agency_name': 'Unknown'}, {'duration': 30, 'departure_time': 6960, 'arrival_time': 6990, 'day': 'current_day', 'from_stop_id': 'MH-R-2', 'to_stop_id': 'MH-R-0', 'trip_id': 'walking', 'agency_name': 'Unknown'}, {'duration': 1500, 'departure_time': 7200, 'arrival_time': 8700, 'day': 'current_day', 'from_stop_id': 'MH-R-0', 'to_stop_id': 'MH-L-0', 'trip_id': '0-1-2', 'agency_name': 'Unknown'}, {'duration': 30, 'departure_time': 8700, 'arrival_time': 8730, 'day': 'current_day', 'from_stop_id': 'MH-L-0', 'to_stop_id': 'MH-L-5', 'trip_id': 'walking', 'agency_name': 'Unknown'}, {'duration': 1170, 'departure_time': 8940, 'arrival_time': 10110, 'day': 'current_day', 'from_stop_id': 'MH-L-5', 'to_stop_id': '105-5', 'trip_id': '8-0-9', 'agency_name': 'Unknown'}]}"
144,22,4410,inter,right,547,[144],[11; 23],0,0,500,375,4410,4470.0,9750.0,9810.0,5280.0,4.0,144,23,,,pt,5775.0,10185.0,5775.0,"{'duration': 5280, 'source_transfer_time': 0, 'waiting_time': 480, 'trip_time': 4800, 'num_transfers': 4, 'departure_time': 4470, 'departure_day': 'current_day', 'arrival_time': 9750, 'arrival_day': 'current_day', 'steps': [{'duration': 810, 'departure_time': 4950, 'arrival_time': 5760, 'day': 'current_day', 'from_stop_id': '144-4', 'to_stop_id': 'MH-R-4', 'trip_id': '9-0-4', 'agency_name': 'Unknown'}, {'duration': 30, 'departure_time': 5760, 'arrival_time': 5790, 'day': 'current_day', 'from_stop_id': 'MH-R-4', 'to_stop_id': 'MH-R-0', 'trip_id': 'walking', 'agency_name': 'Unknown'}, {'duration': 1500, 'departure_time': 7200, 'arrival_time': 8700, 'day': 'current_day', 'from_stop_id': 'MH-R-0', 'to_stop_id': 'MH-L-0', 'trip_id': '0-1-2', 'agency_name': 'Unknown'}, {'duration': 30, 'departure_time': 8700, 'arrival_time': 8730, 'day': 'current_day', 'from_stop_id': 'MH-L-0', 'to_stop_id': 'MH-L-4', 'trip_id': 'walking', 'agency_name': 'Unknown'}, {'duration': 810, 'departure_time': 8940, 'arrival_time': 9750, 'day': 'current_day', 'from_stop_id': 'MH-L-4', 'to_stop_id': '23-4', 'trip_id': '7-1-9', 'agency_name': 'Unknown'}]}"
133,5,5610,inter,right,548,[133],[5],0,0,0,0,5610,5670.0,9510.0,9570.0,3840.0,4.0,133,5,,,pt,3960.0,9570.0,3960.0,"{'duration': 3840, 'source_transfer_time': 0, 'waiting_time': 360, 'trip_time': 3480, 'num_transfers': 4, 'departure_time': 5670, 'departure_day': 'current_day', 'arrival_time': 9510, 'arrival_day': 'current_day', 'steps': [{'duration': 930, 'departure_time': 6030, 'arrival_time': 6960, 'day': 'current_day', 'from_stop_id': '133-4', 'to_stop_id': 'MH-R-4', 'trip_id': '9-0-6', 'agency_name': 'Unknown'}, {'duration': 30, 'departure_time': 6960, 'arrival_time': 6990, 'day': 'current_day', 'from_stop_id': 'MH-R-4', 'to_stop_id': 'MH-R-0', 'trip_id': 'walking', 'agency_name': 'Unknown'}, {'duration': 1500, 'departure_time': 7200, 'arrival_time': 8700, 'day': 'current_day', 'from_stop_id': 'MH-R-0', 'to_stop_id': 'MH-L-0', 'trip_id': '0-1-2', 'agency_name': 'Unknown'}, {'duration': 30, 'departure_time': 8700, 'arrival_time': 8730, 'day': 'current_day', 'from_stop_id': 'MH-L-0', 'to_stop_id': 'MH-L-2', 'trip_id': 'walking', 'agency_name': 'Unknown'}, {'duration': 570, 'departure_time': 8940, 'arrival_time': 9510, 'day': 'current_day', 'from_stop_id': 'MH-L-2', 'to_stop_id': '5-2', 'trip_id': '2-0-9', 'agency_name': 'Unknown'}]}"
190,8,11100,inter,right,549,[180; 189; 201],[9; 19],500,375,500,375,11475,11535.0,15150.0,15210.0,3615.0,4.0,180,19,,,pt,4485.0,15585.0,4485.0,"{'duration': 3615, 'source_transfer_time': 0, 'waiting_time': 495, 'trip_time': 3120, 'num_transfers': 4, 'departure_time': 11535, 'departure_day': 'current_day', 'arrival_time': 15150, 'arrival_day': 'current_day', 'steps': [{'duration': 330, 'departure_time': 12030, 'arrival_time': 12360, 'day': 'current_day', 'from_stop_id': '180-1', 'to_stop_id': 'MH-R-1', 'trip_id': '3-1-15', 'agency_name': 'Unknown'}, {'duration': 30, 'departure_time': 12360, 'arrival_time': 12390, 'day': 'current_day', 'from_stop_id': 'MH-R-1', 'to_stop_id': 'MH-R-0', 'trip_id': 'walking', 'agency_name': 'Unknown'}, {'duration': 1500, 'departure_time': 12600, 'arrival_time': 14100, 'day': 'current_day', 'from_stop_id': 'MH-R-0', 'to_stop_id': 'MH-L-0', 'trip_id': '0-1-5', 'agency_name': 'Unknown'}, {'duration': 30, 'departure_time': 14100, 'arrival_time': 14130, 'day': 'current_day', 'from_stop_id': 'MH-L-0', 'to_stop_id': 'MH-L-5', 'trip_id': 'walking', 'agency_name': 'Unknown'}, {'duration': 810, 'departure_time': 14340, 'arrival_time': 15150, 'day': 'current_day', 'from_stop_id': 'MH-L-5', 'to_stop_id': '19-5', 'trip_id': '8-1-18', 'agency_name': 'Unknown'}]}"
137,71,8640,inter,right,550,[137],[61],0,0,500,375,8640,8700.0,13110.0,13170.0,4410.0,4.0,137,61,,,pt,4905.0,13545.0,4905.0,"{'duration': 4410, 'source_transfer_time': 0, 'waiting_time': 210, 'trip_time': 4200, 'num_transfers': 4, 'departure_time': 8700, 'departure_day': 'current_day', 'arrival_time': 13110, 'arrival_day': 'current_day', 'steps': [{'duration': 450, 'departure_time': 8910, 'arrival_time': 9360, 'day': 'current_day', 'from_stop_id': '137-2', 'to_stop_id': 'MH-R-2', 'trip_id': '4-1-10', 'agency_name': 'Unknown'}, {'duration': 30, 'departure_time': 9360, 'arrival_time': 9390, 'day': 'current_day', 'from_stop_id': 'MH-R-2', 'to_stop_id': 'MH-R-0', 'trip_id': 'walking', 'agency_name': 'Unknown'}, {'duration': 1500, 'departure_time': 10800, 'arrival_time': 12300, 'day': 'current_day', 'from_stop_id': 'MH-R-0', 'to_stop_id': 'MH-L-0', 'trip_id': '0-1-4', 'agency_name': 'Unknown'}, {'duration': 30, 'departure_time': 12300, 'arrival_time': 12330, 'day': 'current_day', 'from_stop_id': 'MH-L-0', 'to_stop_id': 'MH-L-1', 'trip_id': 'walking', 'agency_name': 'Unknown'}, {'duration': 570, 'departure_time': 12540, 'arrival_time': 13110, 'day': 'current_day', 'from_stop_id': 'MH-L-1', 'to_stop_id': '61-1', 'trip_id': '1-0-15', 'agency_name': 'Unknown'}]}"
222,33,13230,inter,right,551,[200; 212; 220; 224],[11; 23; 35; 54],1000,751,1000,751,13981,14041.0,18510.0,18570.0,4469.0,4.0,200,35,,,pt,6091.0,19321.0,6091.0,"{'duration': 4469, 'source_transfer_time': 0, 'waiting_time': 269, 'trip_time': 4200, 'num_transfers': 4, 'departure_time': 14041, 'departure_day': 'current_day', 'arrival_time': 18510, 'arrival_day': 'current_day', 'steps': [{'duration': 450, 'departure_time': 14310, 'arrival_time': 14760, 'day': 'current_day', 'from_stop_id': '200-4', 'to_stop_id': 'MH-R-4', 'trip_id': '9-1-19', 'agency_name': 'Unknown'}, {'duration': 30, 'departure_time': 14760, 'arrival_time': 14790, 'day': 'current_day', 'from_stop_id': 'MH-R-4', 'to_stop_id': 'MH-R-0', 'trip_id': 'walking', 'agency_name': 'Unknown'}, {'duration': 1500, 'departure_time': 16200, 'arrival_time': 17700, 'day': 'current_day', 'from_stop_id': 'MH-R-0', 'to_stop_id': 'MH-L-0', 'trip_id': '0-1-7', 'agency_name': 'Unknown'}, {'duration': 30, 'departure_time': 17700, 'arrival_time': 17730, 'day': 'current_day', 'from_stop_id': 'MH-L-0', 'to_stop_id': 'MH-L-4', 'trip_id': 'walking', 'agency_name': 'Unknown'}, {'duration': 570, 'departure_time': 17940, 'arrival_time': 18510, 'day': 'current_day', 'from_stop_id': 'MH-L-4', 'to_stop_id': '35-4', 'trip_id': '7-1-24', 'agency_name': 'Unknown'}]}"
150,95,13050,inter,right,552,[150],[95],0,0,0,0,13050,13110.0,17070.0,17130.0,3960.0,4.0,150,95,,,pt,4080.0,17130.0,4080.0,"{'duration': 3960, 'source_transfer_time': 0, 'waiting_time': 480, 'trip_time': 3480, 'num_transfers': 4, 'departure_time': 13110, 'departure_day': 'current_day', 'arrival_time': 17070, 'arrival_day': 'current_day', 'steps': [{'duration': 570, 'departure_time': 13590, 'arrival_time': 14160, 'day': 'current_day', 'from_stop_id': '150-5', 'to_stop_id': 'MH-R-5', 'trip_id': '10-0-18', 'agency_name': 'Unknown'}, {'duration': 30, 'departure_time': 14160, 'arrival_time': 14190, 'day': 'current_day', 'from_stop_id': 'MH-R-5', 'to_stop_id': 'MH-R-0', 'trip_id': 'walking', 'agency_name': 'Unknown'}, {'duration': 1500, 'departure_time': 14400, 'arrival_time': 15900, 'day': 'current_day', 'from_stop_id': 'MH-R-0', 'to_stop_id': 'MH-L-0', 'trip_id': '0-1-6', 'agency_name': 'Unknown'}, {'duration': 30, 'departure_time': 15900, 'arrival_time': 15930, 'day': 'current_day', 'from_stop_id': 'MH-L-0', 'to_stop_id': 'MH-L-5', 'trip_id': 'walking', 'agency_name': 'Unknown'}, {'duration': 930, 'departure_time': 16140, 'arrival_time': 17070, 'day': 'current_day', 'from_stop_id': 'MH-L-5', 'to_stop_id': '95-5', 'trip_id': '8-0-21', 'agency_name': 'Unknown'}]}"
223,0,8100,inter,right,553,[212; 224],[0],500,375,0,0,8475,8535.0,13710.0,13770.0,5175.0,4.0,212,0,,,pt,5670.0,13770.0,5670.0,"{'duration': 5175, 'source_transfer_time': 0, 'waiting_time': 135, 'trip_time': 5040, 'num_transfers': 4, 'departure_time': 8535, 'departure_day': 'current_day', 'arrival_time': 13710, 'arrival_day': 'current_day', 'steps': [{'duration': 690, 'departure_time': 8670, 'arrival_time': 9360, 'day': 'current_day', 'from_stop_id': '212-4', 'to_stop_id': 'MH-R-4', 'trip_id': '9-1-10', 'agency_name': 'Unknown'}, {'duration': 30, 'departure_time': 9360, 'arrival_time': 9390, 'day': 'current_day', 'from_stop_id': 'MH-R-4', 'to_stop_id': 'MH-R-0', 'trip_id': 'walking', 'agency_name': 'Unknown'}, {'duration': 1500, 'departure_time': 10800, 'arrival_time': 12300, 'day': 'current_day', 'from_stop_id': 'MH-R-0', 'to_stop_id': 'MH-L-0', 'trip_id': '0-1-4', 'agency_name': 'Unknown'}, {'duration': 30, 'departure_time': 12300, 'arrival_time': 12330, 'day': 'current_day', 'from_stop_id': 'MH-L-0', 'to_stop_id': 'MH-L-4', 'trip_id': 'walking', 'agency_name': 'Unknown'}, {'duration': 1170, 'departure_time': 12540, 'arrival_time': 13710, 'day': 'current_day', 'from_stop_id': 'MH-L-4', 'to_stop_id': '0-4', 'trip_id': '7-1-15', 'agency_name': 'Unknown'}]}"
165,91,4440,inter,right,554,[175],[91],500,375,0,0,4815,4875.0,9630.0,9690.0,4755.0,4.0,175,91,,,pt,5250.0,9690.0,5250.0,"{'duration': 4755, 'source_transfer_time': 0, 'waiting_time': 315, 'trip_time': 4440, 'num_transfers': 4, 'departure_time': 4875, 'departure_day': 'current_day', 'arrival_time': 9630, 'arrival_day': 'current_day', 'steps': [{'duration': 570, 'departure_time': 5190, 'arrival_time': 5760, 'day': 'current_day', 'from_stop_id': '175-1', 'to_stop_id': 'MH-R-1', 'trip_id': '3-0-4', 'agency_name': 'Unknown'}, {'duration': 30, 'departure_time': 5760, 'arrival_time': 5790, 'day': 'current_day', 'from_stop_id': 'MH-R-1', 'to_stop_id': 'MH-R-0', 'trip_id': 'walking', 'agency_name': 'Unknown'}, {'duration': 1500, 'departure_time': 7200, 'arrival_time': 8700, 'day': 'current_day', 'from_stop_id': 'MH-R-0', 'to_stop_id': 'MH-L-0', 'trip_id': '0-1-2', 'agency_name': 'Unknown'}, {'duration': 30, 'departure_time': 8700, 'arrival_time': 8730, 'day': 'current_day', 'from_stop_id': 'MH-L-0', 'to_stop_id': 'MH-L-4', 'trip_id': 'walking', 'agency_name': 'Unknown'}, {'duration': 690, 'departure_time': 8940, 'arrival_time': 9630, 'day': 'current_day', 'from_stop_id': 'MH-L-4', 'to_stop_id': '91-4', 'trip_id': '7-0-9', 'agency_name': 'Unknown'}]}"
194,57,4830,inter,right,555,[176; 196; 206; 216],[57],1000,751,0,0,5581,5641.0,9150.0,9210.0,3509.0,4.0,176,57,,,pt,4380.0,9210.0,4380.0,"{'duration': 3509, 'source_transfer_time': 0, 'waiting_time': 269, 'trip_time': 3240, 'num_transfers': 4, 'departure_time': 5641, 'departure_day': 'current_day', 'arrival_time': 9150, 'arrival_day': 'current_day', 'steps': [{'duration': 450, 'departure_time': 5910, 'arrival_time': 6360, 'day': 'current_day', 'from_stop_id': '176-1', 'to_stop_id': 'MH-R-1', 'trip_id': '3-0-5', 'agency_name': 'Unknown'}, {'duration': 30, 'departure_time': 6360, 'arrival_time': 6390, 'day': 'current_day', 'from_stop_id': 'MH-R-1', 'to_stop_id': 'MH-R-0', 'trip_id': 'walking', 'agency_name': 'Unknown'}, {'duration': 1500, 'departure_time': 7200, 'arrival_time': 8700, 'day': 'current_day', 'from_stop_id': 'MH-R-0', 'to_stop_id': 'MH-L-0', 'trip_id': '0-1-2', 'agency_name': 'Unknown'}, {'duration': 30, 'departure_time': 8700, 'arrival_time': 8730, 'day': 'current_day', 'from_stop_id': 'MH-L-0', 'to_stop_id': 'MH-L-1', 'trip_id': 'walking', 'agency_name': 'Unknown'}, {'duration': 210, 'departure_time': 8940, 'arrival_time': 9150, 'day': 'current_day', 'from_stop_id': 'MH-L-1', 'to_stop_id': '57-1', 'trip_id': '1-1-9', 'agency_name': 'Unknown'}]}"
194,58,3750,inter,right,556,[176; 196; 206; 216],[58],1000,751,0,0,4501,4561.0,7350.0,7410.0,2789.0,4.0,176,58,,,pt,3660.0,7410.0,3660.0,"{'duration': 2789, 'source_transfer_time': 0, 'waiting_time': 149, 'trip_time': 2640, 'num_transfers': 4, 'departure_time': 4561, 'departure_day': 'current_day', 'arrival_time': 7350, 'arrival_day': 'current_day', 'steps': [{'duration': 450, 'departure_time': 4710, 'arrival_time': 5160, 'day': 'current_day', 'from_stop_id': '176-1', 'to_stop_id': 'MH-R-1', 'trip_id': '3-0-3', 'agency_name': 'Unknown'}, {'duration': 30, 'departure_time': 5160, 'arrival_time': 5190, 'day': 'current_day', 'from_stop_id': 'MH-R-1', 'to_stop_id': 'MH-R-0', 'trip_id': 'walking', 'agency_name': 'Unknown'}, {'duration': 1500, 'departure_time': 5400, 'arrival_time': 6900, 'day': 'current_day', 'from_stop_id': 'MH-R-0', 'to_stop_id': 'MH-L-0', 'trip_id': '0-1-1', 'agency_name': 'Unknown'}, {'duration': 30, 'departure_time': 6900, 'arrival_time': 6930, 'day': 'current_day', 'from_stop_id': 'MH-L-0', 'to_stop_id': 'MH-L-1', 'trip_id': 'walking', 'agency_name': 'Unknown'}, {'duration': 210, 'departure_time': 7140, 'arrival_time': 7350, 'day': 'current_day', 'from_stop_id': 'MH-L-1', 'to_stop_id': '58-1', 'trip_id': '1-0-6', 'agency_name': 'Unknown'}]}"
214,65,10560,inter,right,557,[213; 225],[57; 66; 75],500,375,500,375,10935,10995.0,14550.0,14610.0,3555.0,4.0,213,57,,,pt,4425.0,14985.0,4425.0,"{'duration': 3555, 'source_transfer_time': 0, 'waiting_time': 555, 'trip_time': 3000, 'num_transfers': 4, 'departure_time': 10995, 'departure_day': 'current_day', 'arrival_time': 14550, 'arrival_day': 'current_day', 'steps': [{'duration': 810, 'departure_time': 11550, 'arrival_time': 12360, 'day': 'current_day', 'from_stop_id': '213-4', 'to_stop_id': 'MH-R-4', 'trip_id': '9-1-15', 'agency_name': 'Unknown'}, {'duration': 30, 'departure_time': 12360, 'arrival_time': 12390, 'day': 'current_day', 'from_stop_id': 'MH-R-4', 'to_stop_id': 'MH-R-0', 'trip_id': 'walking', 'agency_name': 'Unknown'}, {'duration': 1500, 'departure_time': 12600, 'arrival_time': 14100, 'day': 'current_day', 'from_stop_id': 'MH-R-0', 'to_stop_id': 'MH-L-0', 'trip_id': '0-1-5', 'agency_name': 'Unknown'}, {'duration': 30, 'departure_time': 14100, 'arrival_time': 14130, 'day': 'current_day', 'from_stop_id': 'MH-L-0', 'to_stop_id': 'MH-L-1', 'trip_id': 'walking', 'agency_name': 'Unknown'}, {'duration': 210, 'departure_time': 14340, 'arrival_time': 14550, 'day': 'current_day', 'from_stop_id': 'MH-L-1', 'to_stop_id': '57-1', 'trip_id': '1-1-18', 'agency_name': 'Unknown'}]}"
178,58,13020,inter,right,558,[178],[58],0,0,0,0,13020,13080.0,16350.0,16410.0,3270.0,4.0,178,58,,,pt,3390.0,16410.0,3390.0,"{'duration': 3270, 'source_transfer_time': 0, 'waiting_time': 270, 'trip_time': 3000, 'num_transfers': 4, 'departure_time': 13080, 'departure_day': 'current_day', 'arrival_time': 16350, 'arrival_day': 'current_day', 'steps': [{'duration': 210, 'departure_time': 13350, 'arrival_time': 13560, 'day': 'current_day', 'from_stop_id': '178-1', 'to_stop_id': 'MH-R-1', 'trip_id': '3-0-17', 'agency_name': 'Unknown'}, {'duration': 30, 'departure_time': 13560, 'arrival_time': 13590, 'day': 'current_day', 'from_stop_id': 'MH-R-1', 'to_stop_id': 'MH-R-0', 'trip_id': 'walking', 'agency_name': 'Unknown'}, {'duration': 1500, 'departure_time': 14400, 'arrival_time': 15900, 'day': 'current_day', 'from_stop_id': 'MH-R-0', 'to_stop_id': 'MH-L-0', 'trip_id': '0-1-6', 'agency_name': 'Unknown'}, {'duration': 30, 'departure_time': 15900, 'arrival_time': 15930, 'day': 'current_day', 'from_stop_id': 'MH-L-0', 'to_stop_id': 'MH-L-1', 'trip_id': 'walking', 'agency_name': 'Unknown'}, {'duration': 210, 'departure_time': 16140, 'arrival_time': 16350, 'day': 'current_day', 'from_stop_id': 'MH-L-1', 'to_stop_id': '58-1', 'trip_id': '1-0-21', 'agency_name': 'Unknown'}]}"
125,45,5070,inter,right,559,[126],[55],500,375,500,375,5445,5505.0,9390.0,9450.0,3885.0,4.0,126,55,,,pt,4755.0,9825.0,4755.0,"{'duration': 3885, 'source_transfer_time': 0, 'waiting_time': 285, 'trip_time': 3600, 'num_transfers': 4, 'departure_time': 5505, 'departure_day': 'current_day', 'arrival_time': 9390, 'arrival_day': 'current_day', 'steps': [{'duration': 570, 'departure_time': 5790, 'arrival_time': 6360, 'day': 'current_day', 'from_stop_id': '126-2', 'to_stop_id': 'MH-R-2', 'trip_id': '4-1-5', 'agency_name': 'Unknown'}, {'duration': 30, 'departure_time': 6360, 'arrival_time': 6390, 'day': 'current_day', 'from_stop_id': 'MH-R-2', 'to_stop_id': 'MH-R-0', 'trip_id': 'walking', 'agency_name': 'Unknown'}, {'duration': 1500, 'departure_time': 7200, 'arrival_time': 8700, 'day': 'current_day', 'from_stop_id': 'MH-R-0', 'to_stop_id': 'MH-L-0', 'trip_id': '0-1-2', 'agency_name': 'Unknown'}, {'duration': 30, 'departure_time': 8700, 'arrival_time': 8730, 'day': 'current_day', 'from_stop_id': 'MH-L-0', 'to_stop_id': 'MH-L-1', 'trip_id': 'walking', 'agency_name': 'Unknown'}, {'duration': 450, 'departure_time': 8940, 'arrival_time': 9390, 'day': 'current_day', 'from_stop_id': 'MH-L-1', 'to_stop_id': '55-1', 'trip_id': '1-1-9', 'agency_name': 'Unknown'}]}"
165,33,5310,inter,right,560,[175],[11; 23; 35; 54],500,375,1000,751,5685,5745.0,9510.0,9570.0,3765.0,4.0,175,35,,,pt,5011.0,10321.0,5011.0,"{'duration': 3765, 'source_transfer_time': 0, 'waiting_time': 45, 'trip_time': 3720, 'num_transfers': 4, 'departure_time': 5745, 'departure_day': 'current_day', 'arrival_time': 9510, 'arrival_day': 'current_day', 'steps': [{'duration': 570, 'departure_time': 5790, 'arrival_time': 6360, 'day': 'current_day', 'from_stop_id': '175-1', 'to_stop_id': 'MH-R-1', 'trip_id': '3-0-5', 'agency_name': 'Unknown'}, {'duration': 30, 'departure_time': 6360, 'arrival_time': 6390, 'day': 'current_day', 'from_stop_id': 'MH-R-1', 'to_stop_id': 'MH-R-0', 'trip_id': 'walking', 'agency_name': 'Unknown'}, {'duration': 1500, 'departure_time': 7200, 'arrival_time': 8700, 'day': 'current_day', 'from_stop_id': 'MH-R-0', 'to_stop_id': 'MH-L-0', 'trip_id': '0-1-2', 'agency_name': 'Unknown'}, {'duration': 30, 'departure_time': 8700, 'arrival_time': 8730, 'day': 'current_day', 'from_stop_id': 'MH-L-0', 'to_stop_id': 'MH-L-4', 'trip_id': 'walking', 'agency_name': 'Unknown'}, {'duration': 570, 'departure_time': 8940, 'arrival_time': 9510, 'day': 'current_day', 'from_stop_id': 'MH-L-4', 'to_stop_id': '35-4', 'trip_id': '7-1-9', 'agency_name': 'Unknown'}]}"
204,61,7140,inter,right,561,[206; 216; 226],[61],1000,751,0,0,7891,7951.0,11310.0,11370.0,3359.0,4.0,206,61,,,pt,4230.0,11370.0,4230.0,"{'duration': 3359, 'source_transfer_time': 0, 'waiting_time': 119, 'trip_time': 3240, 'num_transfers': 4, 'departure_time': 7951, 'departure_day': 'current_day', 'arrival_time': 11310, 'arrival_day': 'current_day', 'steps': [{'duration': 690, 'departure_time': 8070, 'arrival_time': 8760, 'day': 'current_day', 'from_stop_id': '206-5', 'to_stop_id': 'MH-R-5', 'trip_id': '10-1-9', 'agency_name': 'Unknown'}, {'duration': 30, 'departure_time': 8760, 'arrival_time': 8790, 'day': 'current_day', 'from_stop_id': 'MH-R-5', 'to_stop_id': 'MH-R-0', 'trip_id': 'walking', 'agency_name': 'Unknown'}, {'duration': 1500, 'departure_time': 9000, 'arrival_time': 10500, 'day': 'current_day', 'from_stop_id': 'MH-R-0', 'to_stop_id': 'MH-L-0', 'trip_id': '0-1-3', 'agency_name': 'Unknown'}, {'duration': 30, 'departure_time': 10500, 'arrival_time': 10530, 'day': 'current_day', 'from_stop_id': 'MH-L-0', 'to_stop_id': 'MH-L-1', 'trip_id': 'walking', 'agency_name': 'Unknown'}, {'duration': 570, 'departure_time': 10740, 'arrival_time': 11310, 'day': 'current_day', 'from_stop_id': 'MH-L-1', 'to_stop_id': '61-1', 'trip_id': '1-0-12', 'agency_name': 'Unknown'}]}"
188,31,9060,inter,right,562,[188],[20; 30],0,0,500,375,9060,9120.0,13230.0,13290.0,4110.0,4.0,188,30,,,pt,4605.0,13665.0,4605.0,"{'duration': 4110, 'source_transfer_time': 0, 'waiting_time': 30, 'trip_time': 4080, 'num_transfers': 4, 'departure_time': 9120, 'departure_day': 'current_day', 'arrival_time': 13230, 'arrival_day': 'current_day', 'steps': [{'duration': 210, 'departure_time': 9150, 'arrival_time': 9360, 'day': 'current_day', 'from_stop_id': '188-4', 'to_stop_id': 'MH-R-4', 'trip_id': '9-1-10', 'agency_name': 'Unknown'}, {'duration': 30, 'departure_time': 9360, 'arrival_time': 9390, 'day': 'current_day', 'from_stop_id': 'MH-R-4', 'to_stop_id': 'MH-R-0', 'trip_id': 'walking', 'agency_name': 'Unknown'}, {'duration': 1500, 'departure_time': 10800, 'arrival_time': 12300, 'day': 'current_day', 'from_stop_id': 'MH-R-0', 'to_stop_id': 'MH-L-0', 'trip_id': '0-1-4', 'agency_name': 'Unknown'}, {'duration': 30, 'departure_time': 12300, 'arrival_time': 12330, 'day': 'current_day', 'from_stop_id': 'MH-L-0', 'to_stop_id': 'MH-L-5', 'trip_id': 'walking', 'agency_name': 'Unknown'}, {'duration': 690, 'departure_time': 12540, 'arrival_time': 13230, 'day': 'current_day', 'from_stop_id': 'MH-L-5', 'to_stop_id': '30-5', 'trip_id': '8-1-15', 'agency_name': 'Unknown'}]}"
183,105,3600,inter,right,563,[175],[105],500,375,0,0,3975,4035.0,8310.0,8370.0,4275.0,4.0,175,105,,,pt,4770.0,8370.0,4770.0,"{'duration': 4275, 'source_transfer_time': 0, 'waiting_time': 555, 'trip_time': 3720, 'num_transfers': 4, 'departure_time': 4035, 'departure_day': 'current_day', 'arrival_time': 8310, 'arrival_day': 'current_day', 'steps': [{'duration': 570, 'departure_time': 4590, 'arrival_time': 5160, 'day': 'current_day', 'from_stop_id': '175-1', 'to_stop_id': 'MH-R-1', 'trip_id': '3-0-3', 'agency_name': 'Unknown'}, {'duration': 30, 'departure_time': 5160, 'arrival_time': 5190, 'day': 'current_day', 'from_stop_id': 'MH-R-1', 'to_stop_id': 'MH-R-0', 'trip_id': 'walking', 'agency_name': 'Unknown'}, {'duration': 1500, 'departure_time': 5400, 'arrival_time': 6900, 'day': 'current_day', 'from_stop_id': 'MH-R-0', 'to_stop_id': 'MH-L-0', 'trip_id': '0-1-1', 'agency_name': 'Unknown'}, {'duration': 30, 'departure_time': 6900, 'arrival_time': 6930, 'day': 'current_day', 'from_stop_id': 'MH-L-0', 'to_stop_id': 'MH-L-5', 'trip_id': 'walking', 'agency_name': 'Unknown'}, {'duration': 1170, 'departure_time': 7140, 'arrival_time': 8310, 'day': 'current_day', 'from_stop_id': 'MH-L-5', 'to_stop_id': '105-5', 'trip_id': '8-0-6', 'agency_name': 'Unknown'}]}"
164,10,13050,inter,right,564,[182],[10],1000,751,0,0,13801,13861.0,19110.0,19170.0,5249.0,4.0,182,10,,,pt,6120.0,19170.0,6120.0,"{'duration': 5249, 'source_transfer_time': 0, 'waiting_time': 329, 'trip_time': 4920, 'num_transfers': 4, 'departure_time': 13861, 'departure_day': 'current_day', 'arrival_time': 19110, 'arrival_day': 'current_day', 'steps': [{'duration': 570, 'departure_time': 14190, 'arrival_time': 14760, 'day': 'current_day', 'from_stop_id': '182-1', 'to_stop_id': 'MH-R-1', 'trip_id': '3-1-19', 'agency_name': 'Unknown'}, {'duration': 30, 'departure_time': 14760, 'arrival_time': 14790, 'day': 'current_day', 'from_stop_id': 'MH-R-1', 'to_stop_id': 'MH-R-0', 'trip_id': 'walking', 'agency_name': 'Unknown'}, {'duration': 1500, 'departure_time': 16200, 'arrival_time': 17700, 'day': 'current_day', 'from_stop_id': 'MH-R-0', 'to_stop_id': 'MH-L-0', 'trip_id': '0-1-7', 'agency_name': 'Unknown'}, {'duration': 30, 'departure_time': 17700, 'arrival_time': 17730, 'day': 'current_day', 'from_stop_id': 'MH-L-0', 'to_stop_id': 'MH-L-5', 'trip_id': 'walking', 'agency_name': 'Unknown'}, {'duration': 1170, 'departure_time': 17940, 'arrival_time': 19110, 'day': 'current_day', 'from_stop_id': 'MH-L-5', 'to_stop_id': '10-5', 'trip_id': '8-1-24', 'agency_name': 'Unknown'}]}"
126,32,12510,inter,right,565,[126],[10; 20; 30],0,0,1000,751,12510,12570.0,16830.0,16890.0,4260.0,4.0,126,30,,,pt,5131.0,17641.0,5131.0,"{'duration': 4260, 'source_transfer_time': 0, 'waiting_time': 420, 'trip_time': 3840, 'num_transfers': 4, 'departure_time': 12570, 'departure_day': 'current_day', 'arrival_time': 16830, 'arrival_day': 'current_day', 'steps': [{'duration': 570, 'departure_time': 12990, 'arrival_time': 13560, 'day': 'current_day', 'from_stop_id': '126-2', 'to_stop_id': 'MH-R-2', 'trip_id': '4-1-17', 'agency_name': 'Unknown'}, {'duration': 30, 'departure_time': 13560, 'arrival_time': 13590, 'day': 'current_day', 'from_stop_id': 'MH-R-2', 'to_stop_id': 'MH-R-0', 'trip_id': 'walking', 'agency_name': 'Unknown'}, {'duration': 1500, 'departure_time': 14400, 'arrival_time': 15900, 'day': 'current_day', 'from_stop_id': 'MH-R-0', 'to_stop_id': 'MH-L-0', 'trip_id': '0-1-6', 'agency_name': 'Unknown'}, {'duration': 30, 'departure_time': 15900, 'arrival_time': 15930, 'day': 'current_day', 'from_stop_id': 'MH-L-0', 'to_stop_id': 'MH-L-5', 'trip_id': 'walking', 'agency_name': 'Unknown'}, {'duration': 690, 'departure_time': 16140, 'arrival_time': 16830, 'day': 'current_day', 'from_stop_id': 'MH-L-5', 'to_stop_id': '30-5', 'trip_id': '8-1-21', 'agency_name': 'Unknown'}]}"
205,35,9000,inter,right,566,[206; 216],[35],500,375,0,0,9375,9435.0,13110.0,13170.0,3675.0,4.0,206,35,,,pt,4170.0,13170.0,4170.0,"{'duration': 3675, 'source_transfer_time': 0, 'waiting_time': 435, 'trip_time': 3240, 'num_transfers': 4, 'departure_time': 9435, 'departure_day': 'current_day', 'arrival_time': 13110, 'arrival_day': 'current_day', 'steps': [{'duration': 690, 'departure_time': 9870, 'arrival_time': 10560, 'day': 'current_day', 'from_stop_id': '206-5', 'to_stop_id': 'MH-R-5', 'trip_id': '10-1-12', 'agency_name': 'Unknown'}, {'duration': 30, 'departure_time': 10560, 'arrival_time': 10590, 'day': 'current_day', 'from_stop_id': 'MH-R-5', 'to_stop_id': 'MH-R-0', 'trip_id': 'walking', 'agency_name': 'Unknown'}, {'duration': 1500, 'departure_time': 10800, 'arrival_time': 12300, 'day': 'current_day', 'from_stop_id': 'MH-R-0', 'to_stop_id': 'MH-L-0', 'trip_id': '0-1-4', 'agency_name': 'Unknown'}, {'duration': 30, 'departure_time': 12300, 'arrival_time': 12330, 'day': 'current_day', 'from_stop_id': 'MH-L-0', 'to_stop_id': 'MH-L-4', 'trip_id': 'walking', 'agency_name': 'Unknown'}, {'duration': 570, 'departure_time': 12540, 'arrival_time': 13110, 'day': 'current_day', 'from_stop_id': 'MH-L-4', 'to_stop_id': '35-4', 'trip_id': '7-1-15', 'agency_name': 'Unknown'}]}"
173,85,4020,inter,right,567,[181],[85],500,375,0,0,4395,4455.0,7830.0,7890.0,3375.0,4.0,181,85,,,pt,3870.0,7890.0,3870.0,"{'duration': 3375, 'source_transfer_time': 0, 'waiting_time': 255, 'trip_time': 3120, 'num_transfers': 4, 'departure_time': 4455, 'departure_day': 'current_day', 'arrival_time': 7830, 'arrival_day': 'current_day', 'steps': [{'duration': 450, 'departure_time': 4710, 'arrival_time': 5160, 'day': 'current_day', 'from_stop_id': '181-1', 'to_stop_id': 'MH-R-1', 'trip_id': '3-1-3', 'agency_name': 'Unknown'}, {'duration': 30, 'departure_time': 5160, 'arrival_time': 5190, 'day': 'current_day', 'from_stop_id': 'MH-R-1', 'to_stop_id': 'MH-R-0', 'trip_id': 'walking', 'agency_name': 'Unknown'}, {'duration': 1500, 'departure_time': 5400, 'arrival_time': 6900, 'day': 'current_day', 'from_stop_id': 'MH-R-0', 'to_stop_id': 'MH-L-0', 'trip_id': '0-1-1', 'agency_name': 'Unknown'}, {'duration': 30, 'departure_time': 6900, 'arrival_time': 6930, 'day': 'current_day', 'from_stop_id': 'MH-L-0', 'to_stop_id': 'MH-L-5', 'trip_id': 'walking', 'agency_name': 'Unknown'}, {'duration': 690, 'departure_time': 7140, 'arrival_time': 7830, 'day': 'current_day', 'from_stop_id': 'MH-L-5', 'to_stop_id': '85-5', 'trip_id': '8-0-6', 'agency_name': 'Unknown'}]}"
170,63,10890,inter,right,568,[170],[55],0,0,500,375,10890,10950.0,14790.0,14850.0,3840.0,4.0,170,55,,,pt,4335.0,15225.0,4335.0,"{'duration': 3840, 'source_transfer_time': 0, 'waiting_time': 0, 'trip_time': 3840, 'num_transfers': 4, 'departure_time': 10950, 'departure_day': 'current_day', 'arrival_time': 14790, 'arrival_day': 'current_day', 'steps': [{'duration': 210, 'departure_time': 10950, 'arrival_time': 11160, 'day': 'current_day', 'from_stop_id': '170-5', 'to_stop_id': 'MH-R-5', 'trip_id': '10-0-13', 'agency_name': 'Unknown'}, {'duration': 30, 'departure_time': 11160, 'arrival_time': 11190, 'day': 'current_day', 'from_stop_id': 'MH-R-5', 'to_stop_id': 'MH-R-0', 'trip_id': 'walking', 'agency_name': 'Unknown'}, {'duration': 1500, 'departure_time': 12600, 'arrival_time': 14100, 'day': 'current_day', 'from_stop_id': 'MH-R-0', 'to_stop_id': 'MH-L-0', 'trip_id': '0-1-5', 'agency_name': 'Unknown'}, {'duration': 30, 'departure_time': 14100, 'arrival_time': 14130, 'day': 'current_day', 'from_stop_id': 'MH-L-0', 'to_stop_id': 'MH-L-1', 'trip_id': 'walking', 'agency_name': 'Unknown'}, {'duration': 450, 'departure_time': 14340, 'arrival_time': 14790, 'day': 'current_day', 'from_stop_id': 'MH-L-1', 'to_stop_id': '55-1', 'trip_id': '1-1-18', 'agency_name': 'Unknown'}]}"
231,108,7860,inter,right,569,[231],[86; 96; 106; 110],0,0,1000,751,7860,7920.0,11310.0,11370.0,3390.0,4.0,231,86,,,pt,4261.0,12121.0,4261.0,"{'duration': 3390, 'source_transfer_time': 0, 'waiting_time': 270, 'trip_time': 3120, 'num_transfers': 4, 'departure_time': 7920, 'departure_day': 'current_day', 'arrival_time': 11310, 'arrival_day': 'current_day', 'steps': [{'duration': 570, 'departure_time': 8190, 'arrival_time': 8760, 'day': 'current_day', 'from_stop_id': '231-2', 'to_stop_id': 'MH-R-2', 'trip_id': '4-0-9', 'agency_name': 'Unknown'}, {'duration': 30, 'departure_time': 8760, 'arrival_time': 8790, 'day': 'current_day', 'from_stop_id': 'MH-R-2', 'to_stop_id': 'MH-R-0', 'trip_id': 'walking', 'agency_name': 'Unknown'}, {'duration': 1500, 'departure_time': 9000, 'arrival_time': 10500, 'day': 'current_day', 'from_stop_id': 'MH-R-0', 'to_stop_id': 'MH-L-0', 'trip_id': '0-1-3', 'agency_name': 'Unknown'}, {'duration': 30, 'departure_time': 10500, 'arrival_time': 10530, 'day': 'current_day', 'from_stop_id': 'MH-L-0', 'to_stop_id': 'MH-L-5', 'trip_id': 'walking', 'agency_name': 'Unknown'}, {'duration': 570, 'departure_time': 10740, 'arrival_time': 11310, 'day': 'current_day', 'from_stop_id': 'MH-L-5', 'to_stop_id': '86-5', 'trip_id': '8-0-12', 'agency_name': 'Unknown'}]}"
229,77,10560,inter,right,570,[207; 217; 227; 231],[77],1000,751,0,0,11311,11371.0,14550.0,14610.0,3179.0,4.0,207,77,,,pt,4050.0,14610.0,4050.0,"{'duration': 3179, 'source_transfer_time': 0, 'waiting_time': 419, 'trip_time': 2760, 'num_transfers': 4, 'departure_time': 11371, 'departure_day': 'current_day', 'arrival_time': 14550, 'arrival_day': 'current_day', 'steps': [{'duration': 570, 'departure_time': 11790, 'arrival_time': 12360, 'day': 'current_day', 'from_stop_id': '207-5', 'to_stop_id': 'MH-R-5', 'trip_id': '10-1-15', 'agency_name': 'Unknown'}, {'duration': 30, 'departure_time': 12360, 'arrival_time': 12390, 'day': 'current_day', 'from_stop_id': 'MH-R-5', 'to_stop_id': 'MH-R-0', 'trip_id': 'walking', 'agency_name': 'Unknown'}, {'duration': 1500, 'departure_time': 12600, 'arrival_time': 14100, 'day': 'current_day', 'from_stop_id': 'MH-R-0', 'to_stop_id': 'MH-L-0', 'trip_id': '0-1-5', 'agency_name': 'Unknown'}, {'duration': 30, 'departure_time': 14100, 'arrival_time': 14130, 'day': 'current_day', 'from_stop_id': 'MH-L-0', 'to_stop_id': 'MH-L-2', 'trip_id': 'walking', 'agency_name': 'Unknown'}, {'duration': 210, 'departure_time': 14340, 'arrival_time': 14550, 'day': 'current_day', 'from_stop_id': 'MH-L-2', 'to_stop_id': '77-2', 'trip_id': '2-1-18', 'agency_name': 'Unknown'}]}"
157,58,9420,inter,right,571,[157],[58],0,0,0,0,9420,9480.0,12750.0,12810.0,3270.0,4.0,157,58,,,pt,3390.0,12810.0,3390.0,"{'duration': 3270, 'source_transfer_time': 0, 'waiting_time': 30, 'trip_time': 3240, 'num_transfers': 4, 'departure_time': 9480, 'departure_day': 'current_day', 'arrival_time': 12750, 'arrival_day': 'current_day', 'steps': [{'duration': 450, 'departure_time': 9510, 'arrival_time': 9960, 'day': 'current_day', 'from_stop_id': '157-4', 'to_stop_id': 'MH-R-4', 'trip_id': '9-0-11', 'agency_name': 'Unknown'}, {'duration': 30, 'departure_time': 9960, 'arrival_time': 9990, 'day': 'current_day', 'from_stop_id': 'MH-R-4', 'to_stop_id': 'MH-R-0', 'trip_id': 'walking', 'agency_name': 'Unknown'}, {'duration': 1500, 'departure_time': 10800, 'arrival_time': 12300, 'day': 'current_day', 'from_stop_id': 'MH-R-0', 'to_stop_id': 'MH-L-0', 'trip_id': '0-1-4', 'agency_name': 'Unknown'}, {'duration': 30, 'departure_time': 12300, 'arrival_time': 12330, 'day': 'current_day', 'from_stop_id': 'MH-L-0', 'to_stop_id': 'MH-L-1', 'trip_id': 'walking', 'agency_name': 'Unknown'}, {'duration': 210, 'departure_time': 12540, 'arrival_time': 12750, 'day': 'current_day', 'from_stop_id': 'MH-L-1', 'to_stop_id': '58-1', 'trip_id': '1-0-15', 'agency_name': 'Unknown'}]}"
231,103,4320,inter,right,572,[231],[103],0,0,0,0,4320,4380.0,8070.0,8130.0,3690.0,4.0,231,103,,,pt,3810.0,8130.0,3810.0,"{'duration': 3690, 'source_transfer_time': 0, 'waiting_time': 210, 'trip_time': 3480, 'num_transfers': 4, 'departure_time': 4380, 'departure_day': 'current_day', 'arrival_time': 8070, 'arrival_day': 'current_day', 'steps': [{'duration': 570, 'departure_time': 4590, 'arrival_time': 5160, 'day': 'current_day', 'from_stop_id': '231-2', 'to_stop_id': 'MH-R-2', 'trip_id': '4-0-3', 'agency_name': 'Unknown'}, {'duration': 30, 'departure_time': 5160, 'arrival_time': 5190, 'day': 'current_day', 'from_stop_id': 'MH-R-2', 'to_stop_id': 'MH-R-0', 'trip_id': 'walking', 'agency_name': 'Unknown'}, {'duration': 1500, 'departure_time': 5400, 'arrival_time': 6900, 'day': 'current_day', 'from_stop_id': 'MH-R-0', 'to_stop_id': 'MH-L-0', 'trip_id': '0-1-1', 'agency_name': 'Unknown'}, {'duration': 30, 'departure_time': 6900, 'arrival_time': 6930, 'day': 'current_day', 'from_stop_id': 'MH-L-0', 'to_stop_id': 'MH-L-4', 'trip_id': 'walking', 'agency_name': 'Unknown'}, {'duration': 930, 'departure_time': 7140, 'arrival_time': 8070, 'day': 'current_day', 'from_stop_id': 'MH-L-4', 'to_stop_id': '103-4', 'trip_id': '7-0-6', 'agency_name': 'Unknown'}]}"
158,25,12930,inter,right,573,[157; 159; 169],[24; 36],500,375,500,375,13305,13365.0,16590.0,16650.0,3225.0,4.0,157,36,,,pt,4095.0,17025.0,4095.0,"{'duration': 3225, 'source_transfer_time': 0, 'waiting_time': 345, 'trip_time': 2880, 'num_transfers': 4, 'departure_time': 13365, 'departure_day': 'current_day', 'arrival_time': 16590, 'arrival_day': 'current_day', 'steps': [{'duration': 450, 'departure_time': 13710, 'arrival_time': 14160, 'day': 'current_day', 'from_stop_id': '157-4', 'to_stop_id': 'MH-R-4', 'trip_id': '9-0-18', 'agency_name': 'Unknown'}, {'duration': 30, 'departure_time': 14160, 'arrival_time': 14190, 'day': 'current_day', 'from_stop_id': 'MH-R-4', 'to_stop_id': 'MH-R-0', 'trip_id': 'walking', 'agency_name': 'Unknown'}, {'duration': 1500, 'departure_time': 14400, 'arrival_time': 15900, 'day': 'current_day', 'from_stop_id': 'MH-R-0', 'to_stop_id': 'MH-L-0', 'trip_id': '0-1-6', 'agency_name': 'Unknown'}, {'duration': 30, 'departure_time': 15900, 'arrival_time': 15930, 'day': 'current_day', 'from_stop_id': 'MH-L-0', 'to_stop_id': 'MH-L-4', 'trip_id': 'walking', 'agency_name': 'Unknown'}, {'duration': 450, 'departure_time': 16140, 'arrival_time': 16590, 'day': 'current_day', 'from_stop_id': 'MH-L-4', 'to_stop_id': '36-4', 'trip_id': '7-1-21', 'agency_name': 'Unknown'}]}"
130,33,12000,inter,right,574,[130],[11; 23; 35; 54],0,0,1000,751,12000,12060.0,16710.0,16770.0,4650.0,4.0,130,35,,,pt,5521.0,17521.0,5521.0,"{'duration': 4650, 'source_transfer_time': 0, 'waiting_time': 450, 'trip_time': 4200, 'num_transfers': 4, 'departure_time': 12060, 'departure_day': 'current_day', 'arrival_time': 16710, 'arrival_day': 'current_day', 'steps': [{'duration': 1050, 'departure_time': 12510, 'arrival_time': 13560, 'day': 'current_day', 'from_stop_id': '130-5', 'to_stop_id': 'MH-R-5', 'trip_id': '10-0-17', 'agency_name': 'Unknown'}, {'duration': 30, 'departure_time': 13560, 'arrival_time': 13590, 'day': 'current_day', 'from_stop_id': 'MH-R-5', 'to_stop_id': 'MH-R-0', 'trip_id': 'walking', 'agency_name': 'Unknown'}, {'duration': 1500, 'departure_time': 14400, 'arrival_time': 15900, 'day': 'current_day', 'from_stop_id': 'MH-R-0', 'to_stop_id': 'MH-L-0', 'trip_id': '0-1-6', 'agency_name': 'Unknown'}, {'duration': 30, 'departure_time': 15900, 'arrival_time': 15930, 'day': 'current_day', 'from_stop_id': 'MH-L-0', 'to_stop_id': 'MH-L-4', 'trip_id': 'walking', 'agency_name': 'Unknown'}, {'duration': 570, 'departure_time': 16140, 'arrival_time': 16710, 'day': 'current_day', 'from_stop_id': 'MH-L-4', 'to_stop_id': '35-4', 'trip_id': '7-1-21', 'agency_name': 'Unknown'}]}"
206,82,5100,inter,right,575,[206],[61; 80; 92; 104],0,0,1000,751,5100,5160.0,9510.0,9570.0,4350.0,4.0,206,61,,,pt,5221.0,10321.0,5221.0,"{'duration': 4350, 'source_transfer_time': 0, 'waiting_time': 510, 'trip_time': 3840, 'num_transfers': 4, 'departure_time': 5160, 'departure_day': 'current_day', 'arrival_time': 9510, 'arrival_day': 'current_day', 'steps': [{'duration': 690, 'departure_time': 5670, 'arrival_time': 6360, 'day': 'current_day', 'from_stop_id': '206-5', 'to_stop_id': 'MH-R-5', 'trip_id': '10-1-5', 'agency_name': 'Unknown'}, {'duration': 30, 'departure_time': 6360, 'arrival_time': 6390, 'day': 'current_day', 'from_stop_id': 'MH-R-5', 'to_stop_id': 'MH-R-0', 'trip_id': 'walking', 'agency_name': 'Unknown'}, {'duration': 1500, 'departure_time': 7200, 'arrival_time': 8700, 'day': 'current_day', 'from_stop_id': 'MH-R-0', 'to_stop_id': 'MH-L-0', 'trip_id': '0-1-2', 'agency_name': 'Unknown'}, {'duration': 30, 'departure_time': 8700, 'arrival_time': 8730, 'day': 'current_day', 'from_stop_id': 'MH-L-0', 'to_stop_id': 'MH-L-1', 'trip_id': 'walking', 'agency_name': 'Unknown'}, {'duration': 570, 'departure_time': 8940, 'arrival_time': 9510, 'day': 'current_day', 'from_stop_id': 'MH-L-1', 'to_stop_id': '61-1', 'trip_id': '1-0-9', 'agency_name': 'Unknown'}]}"
183,100,7110,inter,right,576,[175],[99],500,375,500,375,7485,7545.0,11190.0,11250.0,3645.0,4.0,175,99,,,pt,4515.0,11625.0,4515.0,"{'duration': 3645, 'source_transfer_time': 0, 'waiting_time': 45, 'trip_time': 3600, 'num_transfers': 4, 'departure_time': 7545, 'departure_day': 'current_day', 'arrival_time': 11190, 'arrival_day': 'current_day', 'steps': [{'duration': 570, 'departure_time': 7590, 'arrival_time': 8160, 'day': 'current_day', 'from_stop_id': '175-1', 'to_stop_id': 'MH-R-1', 'trip_id': '3-0-8', 'agency_name': 'Unknown'}, {'duration': 30, 'departure_time': 8160, 'arrival_time': 8190, 'day': 'current_day', 'from_stop_id': 'MH-R-1', 'to_stop_id': 'MH-R-0', 'trip_id': 'walking', 'agency_name': 'Unknown'}, {'duration': 1500, 'departure_time': 9000, 'arrival_time': 10500, 'day': 'current_day', 'from_stop_id': 'MH-R-0', 'to_stop_id': 'MH-L-0', 'trip_id': '0-1-3', 'agency_name': 'Unknown'}, {'duration': 30, 'departure_time': 10500, 'arrival_time': 10530, 'day': 'current_day', 'from_stop_id': 'MH-L-0', 'to_stop_id': 'MH-L-2', 'trip_id': 'walking', 'agency_name': 'Unknown'}, {'duration': 450, 'departure_time': 10740, 'arrival_time': 11190, 'day': 'current_day', 'from_stop_id': 'MH-L-2', 'to_stop_id': '99-2', 'trip_id': '2-1-12', 'agency_name': 'Unknown'}]}"
143,97,13920,inter,right,577,[132; 144],[86; 96],500,375,500,375,14295,14355.0,18510.0,18570.0,4155.0,4.0,132,86,,,pt,5025.0,18945.0,5025.0,"{'duration': 4155, 'source_transfer_time': 0, 'waiting_time': 555, 'trip_time': 3600, 'num_transfers': 4, 'departure_time': 14355, 'departure_day': 'current_day', 'arrival_time': 18510, 'arrival_day': 'current_day', 'steps': [{'duration': 1050, 'departure_time': 14910, 'arrival_time': 15960, 'day': 'current_day', 'from_stop_id': '132-4', 'to_stop_id': 'MH-R-4', 'trip_id': '9-0-21', 'agency_name': 'Unknown'}, {'duration': 30, 'departure_time': 15960, 'arrival_time': 15990, 'day': 'current_day', 'from_stop_id': 'MH-R-4', 'to_stop_id': 'MH-R-0', 'trip_id': 'walking', 'agency_name': 'Unknown'}, {'duration': 1500, 'departure_time': 16200, 'arrival_time': 17700, 'day': 'current_day', 'from_stop_id': 'MH-R-0', 'to_stop_id': 'MH-L-0', 'trip_id': '0-1-7', 'agency_name': 'Unknown'}, {'duration': 30, 'departure_time': 17700, 'arrival_time': 17730, 'day': 'current_day', 'from_stop_id': 'MH-L-0', 'to_stop_id': 'MH-L-5', 'trip_id': 'walking', 'agency_name': 'Unknown'}, {'duration': 570, 'departure_time': 17940, 'arrival_time': 18510, 'day': 'current_day', 'from_stop_id': 'MH-L-5', 'to_stop_id': '86-5', 'trip_id': '8-0-24', 'agency_name': 'Unknown'}]}"
187,93,7440,inter,right,578,[187],[92; 104],0,0,500,375,7440,7500.0,11550.0,11610.0,4050.0,4.0,187,92,,,pt,4545.0,11985.0,4545.0,"{'duration': 4050, 'source_transfer_time': 0, 'waiting_time': 450, 'trip_time': 3600, 'num_transfers': 4, 'departure_time': 7500, 'departure_day': 'current_day', 'arrival_time': 11550, 'arrival_day': 'current_day', 'steps': [{'duration': 210, 'departure_time': 7950, 'arrival_time': 8160, 'day': 'current_day', 'from_stop_id': '187-5', 'to_stop_id': 'MH-R-5', 'trip_id': '10-1-8', 'agency_name': 'Unknown'}, {'duration': 30, 'departure_time': 8160, 'arrival_time': 8190, 'day': 'current_day', 'from_stop_id': 'MH-R-5', 'to_stop_id': 'MH-R-0', 'trip_id': 'walking', 'agency_name': 'Unknown'}, {'duration': 1500, 'departure_time': 9000, 'arrival_time': 10500, 'day': 'current_day', 'from_stop_id': 'MH-R-0', 'to_stop_id': 'MH-L-0', 'trip_id': '0-1-3', 'agency_name': 'Unknown'}, {'duration': 30, 'departure_time': 10500, 'arrival_time': 10530, 'day': 'current_day', 'from_stop_id': 'MH-L-0', 'to_stop_id': 'MH-L-4', 'trip_id': 'walking', 'agency_name': 'Unknown'}, {'duration': 810, 'departure_time': 10740, 'arrival_time': 11550, 'day': 'current_day', 'from_stop_id': 'MH-L-4', 'to_stop_id': '92-4', 'trip_id': '7-0-12', 'agency_name': 'Unknown'}]}"
234,95,5730,inter,right,579,[212; 224; 236],[95],1000,751,0,0,6481,6541.0,11670.0,11730.0,5129.0,4.0,212,95,,,pt,6000.0,11730.0,6000.0,"{'duration': 5129, 'source_transfer_time': 0, 'waiting_time': 329, 'trip_time': 4800, 'num_transfers': 4, 'departure_time': 6541, 'departure_day': 'current_day', 'arrival_time': 11670, 'arrival_day': 'current_day', 'steps': [{'duration': 690, 'departure_time': 6870, 'arrival_time': 7560, 'day': 'current_day', 'from_stop_id': '212-4', 'to_stop_id': 'MH-R-4', 'trip_id': '9-1-7', 'agency_name': 'Unknown'}, {'duration': 30, 'departure_time': 7560, 'arrival_time': 7590, 'day': 'current_day', 'from_stop_id': 'MH-R-4', 'to_stop_id': 'MH-R-0', 'trip_id': 'walking', 'agency_name': 'Unknown'}, {'duration': 1500, 'departure_time': 9000, 'arrival_time': 10500, 'day': 'current_day', 'from_stop_id': 'MH-R-0', 'to_stop_id': 'MH-L-0', 'trip_id': '0-1-3', 'agency_name': 'Unknown'}, {'duration': 30, 'departure_time': 10500, 'arrival_time': 10530, 'day': 'current_day', 'from_stop_id': 'MH-L-0', 'to_stop_id': 'MH-L-5', 'trip_id': 'walking', 'agency_name': 'Unknown'}, {'duration': 930, 'departure_time': 10740, 'arrival_time': 11670, 'day': 'current_day', 'from_stop_id': 'MH-L-5', 'to_stop_id': '95-5', 'trip_id': '8-0-12', 'agency_name': 'Unknown'}]}"
136,40,11580,inter,right,580,[137],[40],500,375,0,0,11955,12015.0,16590.0,16650.0,4575.0,4.0,137,40,,,pt,5070.0,16650.0,5070.0,"{'duration': 4575, 'source_transfer_time': 0, 'waiting_time': 495, 'trip_time': 4080, 'num_transfers': 4, 'departure_time': 12015, 'departure_day': 'current_day', 'arrival_time': 16590, 'arrival_day': 'current_day', 'steps': [{'duration': 450, 'departure_time': 12510, 'arrival_time': 12960, 'day': 'current_day', 'from_stop_id': '137-2', 'to_stop_id': 'MH-R-2', 'trip_id': '4-1-16', 'agency_name': 'Unknown'}, {'duration': 30, 'departure_time': 12960, 'arrival_time': 12990, 'day': 'current_day', 'from_stop_id': 'MH-R-2', 'to_stop_id': 'MH-R-0', 'trip_id': 'walking', 'agency_name': 'Unknown'}, {'duration': 1500, 'departure_time': 14400, 'arrival_time': 15900, 'day': 'current_day', 'from_stop_id': 'MH-R-0', 'to_stop_id': 'MH-L-0', 'trip_id': '0-1-6', 'agency_name': 'Unknown'}, {'duration': 30, 'departure_time': 15900, 'arrival_time': 15930, 'day': 'current_day', 'from_stop_id': 'MH-L-0', 'to_stop_id': 'MH-L-5', 'trip_id': 'walking', 'agency_name': 'Unknown'}, {'duration': 450, 'departure_time': 16140, 'arrival_time': 16590, 'day': 'current_day', 'from_stop_id': 'MH-L-5', 'to_stop_id': '40-5', 'trip_id': '8-1-21', 'agency_name': 'Unknown'}]}"
156,61,13200,inter,right,581,[156],[61],0,0,0,0,13200,13260.0,16710.0,16770.0,3450.0,4.0,156,61,,,pt,3570.0,16770.0,3570.0,"{'duration': 3450, 'source_transfer_time': 0, 'waiting_time': 330, 'trip_time': 3120, 'num_transfers': 4, 'departure_time': 13260, 'departure_day': 'current_day', 'arrival_time': 16710, 'arrival_day': 'current_day', 'steps': [{'duration': 570, 'departure_time': 13590, 'arrival_time': 14160, 'day': 'current_day', 'from_stop_id': '156-4', 'to_stop_id': 'MH-R-4', 'trip_id': '9-0-18', 'agency_name': 'Unknown'}, {'duration': 30, 'departure_time': 14160, 'arrival_time': 14190, 'day': 'current_day', 'from_stop_id': 'MH-R-4', 'to_stop_id': 'MH-R-0', 'trip_id': 'walking', 'agency_name': 'Unknown'}, {'duration': 1500, 'departure_time': 14400, 'arrival_time': 15900, 'day': 'current_day', 'from_stop_id': 'MH-R-0', 'to_stop_id': 'MH-L-0', 'trip_id': '0-1-6', 'agency_name': 'Unknown'}, {'duration': 30, 'departure_time': 15900, 'arrival_time': 15930, 'day': 'current_day', 'from_stop_id': 'MH-L-0', 'to_stop_id': 'MH-L-1', 'trip_id': 'walking', 'agency_name': 'Unknown'}, {'duration': 570, 'departure_time': 16140, 'arrival_time': 16710, 'day': 'current_day', 'from_stop_id': 'MH-L-1', 'to_stop_id': '61-1', 'trip_id': '1-0-21', 'agency_name': 'Unknown'}]}"
214,57,8520,inter,right,582,[213; 225],[57],500,375,0,0,8895,8955.0,12750.0,12810.0,3795.0,4.0,213,57,,,pt,4290.0,12810.0,4290.0,"{'duration': 3795, 'source_transfer_time': 0, 'waiting_time': 195, 'trip_time': 3600, 'num_transfers': 4, 'departure_time': 8955, 'departure_day': 'current_day', 'arrival_time': 12750, 'arrival_day': 'current_day', 'steps': [{'duration': 810, 'departure_time': 9150, 'arrival_time': 9960, 'day': 'current_day', 'from_stop_id': '213-4', 'to_stop_id': 'MH-R-4', 'trip_id': '9-1-11', 'agency_name': 'Unknown'}, {'duration': 30, 'departure_time': 9960, 'arrival_time': 9990, 'day': 'current_day', 'from_stop_id': 'MH-R-4', 'to_stop_id': 'MH-R-0', 'trip_id': 'walking', 'agency_name': 'Unknown'}, {'duration': 1500, 'departure_time': 10800, 'arrival_time': 12300, 'day': 'current_day', 'from_stop_id': 'MH-R-0', 'to_stop_id': 'MH-L-0', 'trip_id': '0-1-4', 'agency_name': 'Unknown'}, {'duration': 30, 'departure_time': 12300, 'arrival_time': 12330, 'day': 'current_day', 'from_stop_id': 'MH-L-0', 'to_stop_id': 'MH-L-1', 'trip_id': 'walking', 'agency_name': 'Unknown'}, {'duration': 210, 'departure_time': 12540, 'arrival_time': 12750, 'day': 'current_day', 'from_stop_id': 'MH-L-1', 'to_stop_id': '57-1', 'trip_id': '1-1-15', 'agency_name': 'Unknown'}]}"
231,100,13140,inter,right,583,[231],[99],0,0,500,375,13140,13200.0,16590.0,16650.0,3390.0,4.0,231,99,,,pt,3885.0,17025.0,3885.0,"{'duration': 3390, 'source_transfer_time': 0, 'waiting_time': 390, 'trip_time': 3000, 'num_transfers': 4, 'departure_time': 13200, 'departure_day': 'current_day', 'arrival_time': 16590, 'arrival_day': 'current_day', 'steps': [{'duration': 570, 'departure_time': 13590, 'arrival_time': 14160, 'day': 'current_day', 'from_stop_id': '231-2', 'to_stop_id': 'MH-R-2', 'trip_id': '4-0-18', 'agency_name': 'Unknown'}, {'duration': 30, 'departure_time': 14160, 'arrival_time': 14190, 'day': 'current_day', 'from_stop_id': 'MH-R-2', 'to_stop_id': 'MH-R-0', 'trip_id': 'walking', 'agency_name': 'Unknown'}, {'duration': 1500, 'departure_time': 14400, 'arrival_time': 15900, 'day': 'current_day', 'from_stop_id': 'MH-R-0', 'to_stop_id': 'MH-L-0', 'trip_id': '0-1-6', 'agency_name': 'Unknown'}, {'duration': 30, 'departure_time': 15900, 'arrival_time': 15930, 'day': 'current_day', 'from_stop_id': 'MH-L-0', 'to_stop_id': 'MH-L-2', 'trip_id': 'walking', 'agency_name': 'Unknown'}, {'duration': 450, 'departure_time': 16140, 'arrival_time': 16590, 'day': 'current_day', 'from_stop_id': 'MH-L-2', 'to_stop_id': '99-2', 'trip_id': '2-1-21', 'agency_name': 'Unknown'}]}"
201,53,12300,inter,right,584,[201],[61],0,0,500,375,12300,12360.0,16710.0,16770.0,4350.0,4.0,201,61,,,pt,4845.0,17145.0,4845.0,"{'duration': 4350, 'source_transfer_time': 0, 'waiting_time': 30, 'trip_time': 4320, 'num_transfers': 4, 'departure_time': 12360, 'departure_day': 'current_day', 'arrival_time': 16710, 'arrival_day': 'current_day', 'steps': [{'duration': 570, 'departure_time': 12390, 'arrival_time': 12960, 'day': 'current_day', 'from_stop_id': '201-4', 'to_stop_id': 'MH-R-4', 'trip_id': '9-1-16', 'agency_name': 'Unknown'}, {'duration': 30, 'departure_time': 12960, 'arrival_time': 12990, 'day': 'current_day', 'from_stop_id': 'MH-R-4', 'to_stop_id': 'MH-R-0', 'trip_id': 'walking', 'agency_name': 'Unknown'}, {'duration': 1500, 'departure_time': 14400, 'arrival_time': 15900, 'day': 'current_day', 'from_stop_id': 'MH-R-0', 'to_stop_id': 'MH-L-0', 'trip_id': '0-1-6', 'agency_name': 'Unknown'}, {'duration': 30, 'departure_time': 15900, 'arrival_time': 15930, 'day': 'current_day', 'from_stop_id': 'MH-L-0', 'to_stop_id': 'MH-L-1', 'trip_id': 'walking', 'agency_name': 'Unknown'}, {'duration': 570, 'departure_time': 16140, 'arrival_time': 16710, 'day': 'current_day', 'from_stop_id': 'MH-L-1', 'to_stop_id': '61-1', 'trip_id': '1-0-21', 'agency_name': 'Unknown'}]}"
208,94,13440,inter,right,585,[197; 207; 209],[95; 105],500,375,500,375,13815,13875.0,18870.0,18930.0,4995.0,4.0,197,95,,,pt,5865.0,19305.0,5865.0,"{'duration': 4995, 'source_transfer_time': 0, 'waiting_time': 555, 'trip_time': 4440, 'num_transfers': 4, 'departure_time': 13875, 'departure_day': 'current_day', 'arrival_time': 18870, 'arrival_day': 'current_day', 'steps': [{'duration': 330, 'departure_time': 14430, 'arrival_time': 14760, 'day': 'current_day', 'from_stop_id': '197-5', 'to_stop_id': 'MH-R-5', 'trip_id': '10-1-19', 'agency_name': 'Unknown'}, {'duration': 30, 'departure_time': 14760, 'arrival_time': 14790, 'day': 'current_day', 'from_stop_id': 'MH-R-5', 'to_stop_id': 'MH-R-0', 'trip_id': 'walking', 'agency_name': 'Unknown'}, {'duration': 1500, 'departure_time': 16200, 'arrival_time': 17700, 'day': 'current_day', 'from_stop_id': 'MH-R-0', 'to_stop_id': 'MH-L-0', 'trip_id': '0-1-7', 'agency_name': 'Unknown'}, {'duration': 30, 'departure_time': 17700, 'arrival_time': 17730, 'day': 'current_day', 'from_stop_id': 'MH-L-0', 'to_stop_id': 'MH-L-5', 'trip_id': 'walking', 'agency_name': 'Unknown'}, {'duration': 930, 'departure_time': 17940, 'arrival_time': 18870, 'day': 'current_day', 'from_stop_id': 'MH-L-5', 'to_stop_id': '95-5', 'trip_id': '8-0-24', 'agency_name': 'Unknown'}]}"
195,62,11100,inter,right,586,[196; 206],[54],500,375,500,375,11475,11535.0,14910.0,14970.0,3375.0,4.0,196,54,,,pt,4245.0,15345.0,4245.0,"{'duration': 3375, 'source_transfer_time': 0, 'waiting_time': 375, 'trip_time': 3000, 'num_transfers': 4, 'departure_time': 11535, 'departure_day': 'current_day', 'arrival_time': 14910, 'arrival_day': 'current_day', 'steps': [{'duration': 450, 'departure_time': 11910, 'arrival_time': 12360, 'day': 'current_day', 'from_stop_id': '196-5', 'to_stop_id': 'MH-R-5', 'trip_id': '10-1-15', 'agency_name': 'Unknown'}, {'duration': 30, 'departure_time': 12360, 'arrival_time': 12390, 'day': 'current_day', 'from_stop_id': 'MH-R-5', 'to_stop_id': 'MH-R-0', 'trip_id': 'walking', 'agency_name': 'Unknown'}, {'duration': 1500, 'departure_time': 12600, 'arrival_time': 14100, 'day': 'current_day', 'from_stop_id': 'MH-R-0', 'to_stop_id': 'MH-L-0', 'trip_id': '0-1-5', 'agency_name': 'Unknown'}, {'duration': 30, 'departure_time': 14100, 'arrival_time': 14130, 'day': 'current_day', 'from_stop_id': 'MH-L-0', 'to_stop_id': 'MH-L-1', 'trip_id': 'walking', 'agency_name': 'Unknown'}, {'duration': 570, 'departure_time': 14340, 'arrival_time': 14910, 'day': 'current_day', 'from_stop_id': 'MH-L-1', 'to_stop_id': '54-1', 'trip_id': '1-1-18', 'agency_name': 'Unknown'}]}"
191,81,9270,inter,right,587,[181],[80; 92],500,375,500,375,9645,9705.0,13110.0,13170.0,3405.0,4.0,181,80,,,pt,4275.0,13545.0,4275.0,"{'duration': 3405, 'source_transfer_time': 0, 'waiting_time': 405, 'trip_time': 3000, 'num_transfers': 4, 'departure_time': 9705, 'departure_day': 'current_day', 'arrival_time': 13110, 'arrival_day': 'current_day', 'steps': [{'duration': 450, 'departure_time': 10110, 'arrival_time': 10560, 'day': 'current_day', 'from_stop_id': '181-1', 'to_stop_id': 'MH-R-1', 'trip_id': '3-1-12', 'agency_name': 'Unknown'}, {'duration': 30, 'departure_time': 10560, 'arrival_time': 10590, 'day': 'current_day', 'from_stop_id': 'MH-R-1', 'to_stop_id': 'MH-R-0', 'trip_id': 'walking', 'agency_name': 'Unknown'}, {'duration': 1500, 'departure_time': 10800, 'arrival_time': 12300, 'day': 'current_day', 'from_stop_id': 'MH-R-0', 'to_stop_id': 'MH-L-0', 'trip_id': '0-1-4', 'agency_name': 'Unknown'}, {'duration': 30, 'departure_time': 12300, 'arrival_time': 12330, 'day': 'current_day', 'from_stop_id': 'MH-L-0', 'to_stop_id': 'MH-L-4', 'trip_id': 'walking', 'agency_name': 'Unknown'}, {'duration': 570, 'departure_time': 12540, 'arrival_time': 13110, 'day': 'current_day', 'from_stop_id': 'MH-L-4', 'to_stop_id': '80-4', 'trip_id': '7-0-15', 'agency_name': 'Unknown'}]}"
232,3,11040,inter,right,588,[231],[5],500,375,1000,751,11415,11475.0,14910.0,14970.0,3435.0,4.0,231,5,,,pt,4681.0,15721.0,4681.0,"{'duration': 3435, 'source_transfer_time': 0, 'waiting_time': 315, 'trip_time': 3120, 'num_transfers': 4, 'departure_time': 11475, 'departure_day': 'current_day', 'arrival_time': 14910, 'arrival_day': 'current_day', 'steps': [{'duration': 570, 'departure_time': 11790, 'arrival_time': 12360, 'day': 'current_day', 'from_stop_id': '231-2', 'to_stop_id': 'MH-R-2', 'trip_id': '4-0-15', 'agency_name': 'Unknown'}, {'duration': 30, 'departure_time': 12360, 'arrival_time': 12390, 'day': 'current_day', 'from_stop_id': 'MH-R-2', 'to_stop_id': 'MH-R-0', 'trip_id': 'walking', 'agency_name': 'Unknown'}, {'duration': 1500, 'departure_time': 12600, 'arrival_time': 14100, 'day': 'current_day', 'from_stop_id': 'MH-R-0', 'to_stop_id': 'MH-L-0', 'trip_id': '0-1-5', 'agency_name': 'Unknown'}, {'duration': 30, 'departure_time': 14100, 'arrival_time': 14130, 'day': 'current_day', 'from_stop_id': 'MH-L-0', 'to_stop_id': 'MH-L-2', 'trip_id': 'walking', 'agency_name': 'Unknown'}, {'duration': 570, 'departure_time': 14340, 'arrival_time': 14910, 'day': 'current_day', 'from_stop_id': 'MH-L-2', 'to_stop_id': '5-2', 'trip_id': '2-0-18', 'agency_name': 'Unknown'}]}"
163,67,7290,inter,right,589,[141; 151; 161; 181],[67],1000,751,0,0,8041,8101.0,10950.0,11010.0,2849.0,4.0,161,67,,,pt,3720.0,11010.0,3720.0,"{'duration': 2849, 'source_transfer_time': 0, 'waiting_time': 209, 'trip_time': 2640, 'num_transfers': 4, 'departure_time': 8101, 'departure_day': 'current_day', 'arrival_time': 10950, 'arrival_day': 'current_day', 'steps': [{'duration': 450, 'departure_time': 8310, 'arrival_time': 8760, 'day': 'current_day', 'from_stop_id': '161-5', 'to_stop_id': 'MH-R-5', 'trip_id': '10-0-9', 'agency_name': 'Unknown'}, {'duration': 30, 'departure_time': 8760, 'arrival_time': 8790, 'day': 'current_day', 'from_stop_id': 'MH-R-5', 'to_stop_id': 'MH-R-0', 'trip_id': 'walking', 'agency_name': 'Unknown'}, {'duration': 1500, 'departure_time': 9000, 'arrival_time': 10500, 'day': 'current_day', 'from_stop_id': 'MH-R-0', 'to_stop_id': 'MH-L-0', 'trip_id': '0-1-3', 'agency_name': 'Unknown'}, {'duration': 30, 'departure_time': 10500, 'arrival_time': 10530, 'day': 'current_day', 'from_stop_id': 'MH-L-0', 'to_stop_id': 'MH-L-4', 'trip_id': 'walking', 'agency_name': 'Unknown'}, {'duration': 210, 'departure_time': 10740, 'arrival_time': 10950, 'day': 'current_day', 'from_stop_id': 'MH-L-4', 'to_stop_id': '67-4', 'trip_id': '7-0-12', 'agency_name': 'Unknown'}]}"
150,29,10020,inter,right,590,[150],[29],0,0,0,0,10020,10080.0,14910.0,14970.0,4830.0,4.0,150,29,,,pt,4950.0,14970.0,4950.0,"{'duration': 4830, 'source_transfer_time': 0, 'waiting_time': 510, 'trip_time': 4320, 'num_transfers': 4, 'departure_time': 10080, 'departure_day': 'current_day', 'arrival_time': 14910, 'arrival_day': 'current_day', 'steps': [{'duration': 570, 'departure_time': 10590, 'arrival_time': 11160, 'day': 'current_day', 'from_stop_id': '150-5', 'to_stop_id': 'MH-R-5', 'trip_id': '10-0-13', 'agency_name': 'Unknown'}, {'duration': 30, 'departure_time': 11160, 'arrival_time': 11190, 'day': 'current_day', 'from_stop_id': 'MH-R-5', 'to_stop_id': 'MH-R-0', 'trip_id': 'walking', 'agency_name': 'Unknown'}, {'duration': 1500, 'departure_time': 12600, 'arrival_time': 14100, 'day': 'current_day', 'from_stop_id': 'MH-R-0', 'to_stop_id': 'MH-L-0', 'trip_id': '0-1-5', 'agency_name': 'Unknown'}, {'duration': 30, 'departure_time': 14100, 'arrival_time': 14130, 'day': 'current_day', 'from_stop_id': 'MH-L-0', 'to_stop_id': 'MH-L-5', 'trip_id': 'walking', 'agency_name': 'Unknown'}, {'duration': 570, 'departure_time': 14340, 'arrival_time': 14910, 'day': 'current_day', 'from_stop_id': 'MH-L-5', 'to_stop_id': '29-5', 'trip_id': '8-1-18', 'agency_name': 'Unknown'}]}"
225,17,5550,inter,right,591,[225],[16],0,0,500,375,5550,5610.0,9390.0,9450.0,3780.0,4.0,225,16,,,pt,4275.0,9825.0,4275.0,"{'duration': 3780, 'source_transfer_time': 0, 'waiting_time': 300, 'trip_time': 3480, 'num_transfers': 4, 'departure_time': 5610, 'departure_day': 'current_day', 'arrival_time': 9390, 'arrival_day': 'current_day', 'steps': [{'duration': 1050, 'departure_time': 5910, 'arrival_time': 6960, 'day': 'current_day', 'from_stop_id': '225-4', 'to_stop_id': 'MH-R-4', 'trip_id': '9-1-6', 'agency_name': 'Unknown'}, {'duration': 30, 'departure_time': 6960, 'arrival_time': 6990, 'day': 'current_day', 'from_stop_id': 'MH-R-4', 'to_stop_id': 'MH-R-0', 'trip_id': 'walking', 'agency_name': 'Unknown'}, {'duration': 1500, 'departure_time': 7200, 'arrival_time': 8700, 'day': 'current_day', 'from_stop_id': 'MH-R-0', 'to_stop_id': 'MH-L-0', 'trip_id': '0-1-2', 'agency_name': 'Unknown'}, {'duration': 30, 'departure_time': 8700, 'arrival_time': 8730, 'day': 'current_day', 'from_stop_id': 'MH-L-0', 'to_stop_id': 'MH-L-2', 'trip_id': 'walking', 'agency_name': 'Unknown'}, {'duration': 450, 'departure_time': 8940, 'arrival_time': 9390, 'day': 'current_day', 'from_stop_id': 'MH-L-2', 'to_stop_id': '16-2', 'trip_id': '2-0-9', 'agency_name': 'Unknown'}]}"
214,54,6690,inter,right,592,[213; 225],[54],500,375,0,0,7065,7125.0,11310.0,11370.0,4185.0,4.0,213,54,,,pt,4680.0,11370.0,4680.0,"{'duration': 4185, 'source_transfer_time': 0, 'waiting_time': 225, 'trip_time': 3960, 'num_transfers': 4, 'departure_time': 7125, 'departure_day': 'current_day', 'arrival_time': 11310, 'arrival_day': 'current_day', 'steps': [{'duration': 810, 'departure_time': 7350, 'arrival_time': 8160, 'day': 'current_day', 'from_stop_id': '213-4', 'to_stop_id': 'MH-R-4', 'trip_id': '9-1-8', 'agency_name': 'Unknown'}, {'duration': 30, 'departure_time': 8160, 'arrival_time': 8190, 'day': 'current_day', 'from_stop_id': 'MH-R-4', 'to_stop_id': 'MH-R-0', 'trip_id': 'walking', 'agency_name': 'Unknown'}, {'duration': 1500, 'departure_time': 9000, 'arrival_time': 10500, 'day': 'current_day', 'from_stop_id': 'MH-R-0', 'to_stop_id': 'MH-L-0', 'trip_id': '0-1-3', 'agency_name': 'Unknown'}, {'duration': 30, 'departure_time': 10500, 'arrival_time': 10530, 'day': 'current_day', 'from_stop_id': 'MH-L-0', 'to_stop_id': 'MH-L-1', 'trip_id': 'walking', 'agency_name': 'Unknown'}, {'duration': 570, 'departure_time': 10740, 'arrival_time': 11310, 'day': 'current_day', 'from_stop_id': 'MH-L-1', 'to_stop_id': '54-1', 'trip_id': '1-1-12', 'agency_name': 'Unknown'}]}"
161,48,10110,inter,right,593,[161],[48],0,0,0,0,10110,10170.0,14550.0,14610.0,4380.0,4.0,161,48,,,pt,4500.0,14610.0,4500.0,"{'duration': 4380, 'source_transfer_time': 0, 'waiting_time': 540, 'trip_time': 3840, 'num_transfers': 4, 'departure_time': 10170, 'departure_day': 'current_day', 'arrival_time': 14550, 'arrival_day': 'current_day', 'steps': [{'duration': 450, 'departure_time': 10710, 'arrival_time': 11160, 'day': 'current_day', 'from_stop_id': '161-5', 'to_stop_id': 'MH-R-5', 'trip_id': '10-0-13', 'agency_name': 'Unknown'}, {'duration': 30, 'departure_time': 11160, 'arrival_time': 11190, 'day': 'current_day', 'from_stop_id': 'MH-R-5', 'to_stop_id': 'MH-R-0', 'trip_id': 'walking', 'agency_name': 'Unknown'}, {'duration': 1500, 'departure_time': 12600, 'arrival_time': 14100, 'day': 'current_day', 'from_stop_id': 'MH-R-0', 'to_stop_id': 'MH-L-0', 'trip_id': '0-1-5', 'agency_name': 'Unknown'}, {'duration': 30, 'departure_time': 14100, 'arrival_time': 14130, 'day': 'current_day', 'from_stop_id': 'MH-L-0', 'to_stop_id': 'MH-L-4', 'trip_id': 'walking', 'agency_name': 'Unknown'}, {'duration': 210, 'departure_time': 14340, 'arrival_time': 14550, 'day': 'current_day', 'from_stop_id': 'MH-L-4', 'to_stop_id': '48-4', 'trip_id': '7-1-18', 'agency_name': 'Unknown'}]}"
230,54,13020,inter,right,594,[231],[54],500,375,0,0,13395,13455.0,16710.0,16770.0,3255.0,4.0,231,54,,,pt,3750.0,16770.0,3750.0,"{'duration': 3255, 'source_transfer_time': 0, 'waiting_time': 135, 'trip_time': 3120, 'num_transfers': 4, 'departure_time': 13455, 'departure_day': 'current_day', 'arrival_time': 16710, 'arrival_day': 'current_day', 'steps': [{'duration': 570, 'departure_time': 13590, 'arrival_time': 14160, 'day': 'current_day', 'from_stop_id': '231-2', 'to_stop_id': 'MH-R-2', 'trip_id': '4-0-18', 'agency_name': 'Unknown'}, {'duration': 30, 'departure_time': 14160, 'arrival_time': 14190, 'day': 'current_day', 'from_stop_id': 'MH-R-2', 'to_stop_id': 'MH-R-0', 'trip_id': 'walking', 'agency_name': 'Unknown'}, {'duration': 1500, 'departure_time': 14400, 'arrival_time': 15900, 'day': 'current_day', 'from_stop_id': 'MH-R-0', 'to_stop_id': 'MH-L-0', 'trip_id': '0-1-6', 'agency_name': 'Unknown'}, {'duration': 30, 'departure_time': 15900, 'arrival_time': 15930, 'day': 'current_day', 'from_stop_id': 'MH-L-0', 'to_stop_id': 'MH-L-1', 'trip_id': 'walking', 'agency_name': 'Unknown'}, {'duration': 570, 'departure_time': 16140, 'arrival_time': 16710, 'day': 'current_day', 'from_stop_id': 'MH-L-1', 'to_stop_id': '54-1', 'trip_id': '1-1-21', 'agency_name': 'Unknown'}]}"
165,41,8100,inter,right,595,[175],[30; 40],500,375,500,375,8475,8535.0,12990.0,13050.0,4455.0,4.0,175,40,,,pt,5325.0,13425.0,5325.0,"{'duration': 4455, 'source_transfer_time': 0, 'waiting_time': 255, 'trip_time': 4200, 'num_transfers': 4, 'departure_time': 8535, 'departure_day': 'current_day', 'arrival_time': 12990, 'arrival_day': 'current_day', 'steps': [{'duration': 570, 'departure_time': 8790, 'arrival_time': 9360, 'day': 'current_day', 'from_stop_id': '175-1', 'to_stop_id': 'MH-R-1', 'trip_id': '3-0-10', 'agency_name': 'Unknown'}, {'duration': 30, 'departure_time': 9360, 'arrival_time': 9390, 'day': 'current_day', 'from_stop_id': 'MH-R-1', 'to_stop_id': 'MH-R-0', 'trip_id': 'walking', 'agency_name': 'Unknown'}, {'duration': 1500, 'departure_time': 10800, 'arrival_time': 12300, 'day': 'current_day', 'from_stop_id': 'MH-R-0', 'to_stop_id': 'MH-L-0', 'trip_id': '0-1-4', 'agency_name': 'Unknown'}, {'duration': 30, 'departure_time': 12300, 'arrival_time': 12330, 'day': 'current_day', 'from_stop_id': 'MH-L-0', 'to_stop_id': 'MH-L-5', 'trip_id': 'walking', 'agency_name': 'Unknown'}, {'duration': 450, 'departure_time': 12540, 'arrival_time': 12990, 'day': 'current_day', 'from_stop_id': 'MH-L-5', 'to_stop_id': '40-5', 'trip_id': '8-1-15', 'agency_name': 'Unknown'}]}"
157,64,14040,inter,right,596,[157],[56],0,0,500,375,14040,14100.0,18270.0,18330.0,4170.0,4.0,157,56,,,pt,4665.0,18705.0,4665.0,"{'duration': 4170, 'source_transfer_time': 0, 'waiting_time': 210, 'trip_time': 3960, 'num_transfers': 4, 'departure_time': 14100, 'departure_day': 'current_day', 'arrival_time': 18270, 'arrival_day': 'current_day', 'steps': [{'duration': 450, 'departure_time': 14310, 'arrival_time': 14760, 'day': 'current_day', 'from_stop_id': '157-4', 'to_stop_id': 'MH-R-4', 'trip_id': '9-0-19', 'agency_name': 'Unknown'}, {'duration': 30, 'departure_time': 14760, 'arrival_time': 14790, 'day': 'current_day', 'from_stop_id': 'MH-R-4', 'to_stop_id': 'MH-R-0', 'trip_id': 'walking', 'agency_name': 'Unknown'}, {'duration': 1500, 'departure_time': 16200, 'arrival_time': 17700, 'day': 'current_day', 'from_stop_id': 'MH-R-0', 'to_stop_id': 'MH-L-0', 'trip_id': '0-1-7', 'agency_name': 'Unknown'}, {'duration': 30, 'departure_time': 17700, 'arrival_time': 17730, 'day': 'current_day', 'from_stop_id': 'MH-L-0', 'to_stop_id': 'MH-L-1', 'trip_id': 'walking', 'agency_name': 'Unknown'}, {'duration': 330, 'departure_time': 17940, 'arrival_time': 18270, 'day': 'current_day', 'from_stop_id': 'MH-L-1', 'to_stop_id': '56-1', 'trip_id': '1-1-24', 'agency_name': 'Unknown'}]}"
205,28,14040,inter,right,597,[206; 216],[27; 29; 39],500,375,500,375,14415,14475.0,18270.0,18330.0,3795.0,4.0,206,27,,,pt,4665.0,18705.0,4665.0,"{'duration': 3795, 'source_transfer_time': 0, 'waiting_time': 195, 'trip_time': 3600, 'num_transfers': 4, 'departure_time': 14475, 'departure_day': 'current_day', 'arrival_time': 18270, 'arrival_day': 'current_day', 'steps': [{'duration': 690, 'departure_time': 14670, 'arrival_time': 15360, 'day': 'current_day', 'from_stop_id': '206-5', 'to_stop_id': 'MH-R-5', 'trip_id': '10-1-20', 'agency_name': 'Unknown'}, {'duration': 30, 'departure_time': 15360, 'arrival_time': 15390, 'day': 'current_day', 'from_stop_id': 'MH-R-5', 'to_stop_id': 'MH-R-0', 'trip_id': 'walking', 'agency_name': 'Unknown'}, {'duration': 1500, 'departure_time': 16200, 'arrival_time': 17700, 'day': 'current_day', 'from_stop_id': 'MH-R-0', 'to_stop_id': 'MH-L-0', 'trip_id': '0-1-7', 'agency_name': 'Unknown'}, {'duration': 30, 'departure_time': 17700, 'arrival_time': 17730, 'day': 'current_day', 'from_stop_id': 'MH-L-0', 'to_stop_id': 'MH-L-2', 'trip_id': 'walking', 'agency_name': 'Unknown'}, {'duration': 330, 'departure_time': 17940, 'arrival_time': 18270, 'day': 'current_day', 'from_stop_id': 'MH-L-2', 'to_stop_id': '27-2', 'trip_id': '2-0-24', 'agency_name': 'Unknown'}]}"
230,107,7710,inter,right,598,[231],[96; 106],500,375,500,375,8085,8145.0,11550.0,11610.0,3405.0,4.0,231,96,,,pt,4275.0,11985.0,4275.0,"{'duration': 3405, 'source_transfer_time': 0, 'waiting_time': 45, 'trip_time': 3360, 'num_transfers': 4, 'departure_time': 8145, 'departure_day': 'current_day', 'arrival_time': 11550, 'arrival_day': 'current_day', 'steps': [{'duration': 570, 'departure_time': 8190, 'arrival_time': 8760, 'day': 'current_day', 'from_stop_id': '231-2', 'to_stop_id': 'MH-R-2', 'trip_id': '4-0-9', 'agency_name': 'Unknown'}, {'duration': 30, 'departure_time': 8760, 'arrival_time': 8790, 'day': 'current_day', 'from_stop_id': 'MH-R-2', 'to_stop_id': 'MH-R-0', 'trip_id': 'walking', 'agency_name': 'Unknown'}, {'duration': 1500, 'departure_time': 9000, 'arrival_time': 10500, 'day': 'current_day', 'from_stop_id': 'MH-R-0', 'to_stop_id': 'MH-L-0', 'trip_id': '0-1-3', 'agency_name': 'Unknown'}, {'duration': 30, 'departure_time': 10500, 'arrival_time': 10530, 'day': 'current_day', 'from_stop_id': 'MH-L-0', 'to_stop_id': 'MH-L-5', 'trip_id': 'walking', 'agency_name': 'Unknown'}, {'duration': 810, 'departure_time': 10740, 'arrival_time': 11550, 'day': 'current_day', 'from_stop_id': 'MH-L-5', 'to_stop_id': '96-5', 'trip_id': '8-0-12', 'agency_name': 'Unknown'}]}"
136,24,13320,inter,right,599,[137],[24],500,375,0,0,13695,13755.0,18630.0,18690.0,4875.0,4.0,137,24,,,pt,5370.0,18690.0,5370.0,"{'duration': 4875, 'source_transfer_time': 0, 'waiting_time': 555, 'trip_time': 4320, 'num_transfers': 4, 'departure_time': 13755, 'departure_day': 'current_day', 'arrival_time': 18630, 'arrival_day': 'current_day', 'steps': [{'duration': 450, 'departure_time': 14310, 'arrival_time': 14760, 'day': 'current_day', 'from_stop_id': '137-2', 'to_stop_id': 'MH-R-2', 'trip_id': '4-1-19', 'agency_name': 'Unknown'}, {'duration': 30, 'departure_time': 14760, 'arrival_time': 14790, 'day': 'current_day', 'from_stop_id': 'MH-R-2', 'to_stop_id': 'MH-R-0', 'trip_id': 'walking', 'agency_name': 'Unknown'}, {'duration': 1500, 'departure_time': 16200, 'arrival_time': 17700, 'day': 'current_day', 'from_stop_id': 'MH-R-0', 'to_stop_id': 'MH-L-0', 'trip_id': '0-1-7', 'agency_name': 'Unknown'}, {'duration': 30, 'departure_time': 17700, 'arrival_time': 17730, 'day': 'current_day', 'from_stop_id': 'MH-L-0', 'to_stop_id': 'MH-L-4', 'trip_id': 'walking', 'agency_name': 'Unknown'}, {'duration': 690, 'departure_time': 17940, 'arrival_time': 18630, 'day': 'current_day', 'from_stop_id': 'MH-L-4', 'to_stop_id': '24-4', 'trip_id': '7-1-24', 'agency_name': 'Unknown'}]}"
151,25,4740,inter,right,600,[151],[24; 36],0,0,500,375,4740,4800.0,9390.0,9450.0,4590.0,4.0,151,36,,,pt,5085.0,9825.0,5085.0,"{'duration': 4590, 'source_transfer_time': 0, 'waiting_time': 270, 'trip_time': 4320, 'num_transfers': 4, 'departure_time': 4800, 'departure_day': 'current_day', 'arrival_time': 9390, 'arrival_day': 'current_day', 'steps': [{'duration': 690, 'departure_time': 5070, 'arrival_time': 5760, 'day': 'current_day', 'from_stop_id': '151-5', 'to_stop_id': 'MH-R-5', 'trip_id': '10-0-4', 'agency_name': 'Unknown'}, {'duration': 30, 'departure_time': 5760, 'arrival_time': 5790, 'day': 'current_day', 'from_stop_id': 'MH-R-5', 'to_stop_id': 'MH-R-0', 'trip_id': 'walking', 'agency_name': 'Unknown'}, {'duration': 1500, 'departure_time': 7200, 'arrival_time': 8700, 'day': 'current_day', 'from_stop_id': 'MH-R-0', 'to_stop_id': 'MH-L-0', 'trip_id': '0-1-2', 'agency_name': 'Unknown'}, {'duration': 30, 'departure_time': 8700, 'arrival_time': 8730, 'day': 'current_day', 'from_stop_id': 'MH-L-0', 'to_stop_id': 'MH-L-4', 'trip_id': 'walking', 'agency_name': 'Unknown'}, {'duration': 450, 'departure_time': 8940, 'arrival_time': 9390, 'day': 'current_day', 'from_stop_id': 'MH-L-4', 'to_stop_id': '36-4', 'trip_id': '7-1-9', 'agency_name': 'Unknown'}]}"
217,50,5280,inter,right,601,[217],[40; 49; 58],0,0,500,375,5280,5340.0,9150.0,9210.0,3810.0,4.0,217,49,,,pt,4305.0,9585.0,4305.0,"{'duration': 3810, 'source_transfer_time': 0, 'waiting_time': 210, 'trip_time': 3600, 'num_transfers': 4, 'departure_time': 5340, 'departure_day': 'current_day', 'arrival_time': 9150, 'arrival_day': 'current_day', 'steps': [{'duration': 810, 'departure_time': 5550, 'arrival_time': 6360, 'day': 'current_day', 'from_stop_id': '217-5', 'to_stop_id': 'MH-R-5', 'trip_id': '10-1-5', 'agency_name': 'Unknown'}, {'duration': 30, 'departure_time': 6360, 'arrival_time': 6390, 'day': 'current_day', 'from_stop_id': 'MH-R-5', 'to_stop_id': 'MH-R-0', 'trip_id': 'walking', 'agency_name': 'Unknown'}, {'duration': 1500, 'departure_time': 7200, 'arrival_time': 8700, 'day': 'current_day', 'from_stop_id': 'MH-R-0', 'to_stop_id': 'MH-L-0', 'trip_id': '0-1-2', 'agency_name': 'Unknown'}, {'duration': 30, 'departure_time': 8700, 'arrival_time': 8730, 'day': 'current_day', 'from_stop_id': 'MH-L-0', 'to_stop_id': 'MH-L-5', 'trip_id': 'walking', 'agency_name': 'Unknown'}, {'duration': 210, 'departure_time': 8940, 'arrival_time': 9150, 'day': 'current_day', 'from_stop_id': 'MH-L-5', 'to_stop_id': '49-5', 'trip_id': '8-1-9', 'agency_name': 'Unknown'}]}"
182,73,5820,inter,right,602,[182],[55; 75; 85; 95],0,0,1000,751,5820,5880.0,9390.0,9450.0,3510.0,4.0,182,55,,,pt,4381.0,10201.0,4381.0,"{'duration': 3510, 'source_transfer_time': 0, 'waiting_time': 510, 'trip_time': 3000, 'num_transfers': 4, 'departure_time': 5880, 'departure_day': 'current_day', 'arrival_time': 9390, 'arrival_day': 'current_day', 'steps': [{'duration': 570, 'departure_time': 6390, 'arrival_time': 6960, 'day': 'current_day', 'from_stop_id': '182-1', 'to_stop_id': 'MH-R-1', 'trip_id': '3-1-6', 'agency_name': 'Unknown'}, {'duration': 30, 'departure_time': 6960, 'arrival_time': 6990, 'day': 'current_day', 'from_stop_id': 'MH-R-1', 'to_stop_id': 'MH-R-0', 'trip_id': 'walking', 'agency_name': 'Unknown'}, {'duration': 1500, 'departure_time': 7200, 'arrival_time': 8700, 'day': 'current_day', 'from_stop_id': 'MH-R-0', 'to_stop_id': 'MH-L-0', 'trip_id': '0-1-2', 'agency_name': 'Unknown'}, {'duration': 30, 'departure_time': 8700, 'arrival_time': 8730, 'day': 'current_day', 'from_stop_id': 'MH-L-0', 'to_stop_id': 'MH-L-1', 'trip_id': 'walking', 'agency_name': 'Unknown'}, {'duration': 450, 'departure_time': 8940, 'arrival_time': 9390, 'day': 'current_day', 'from_stop_id': 'MH-L-1', 'to_stop_id': '55-1', 'trip_id': '1-1-9', 'agency_name': 'Unknown'}]}"
142,106,6690,inter,right,603,[131; 141],[106],500,375,0,0,7065,7125.0,11790.0,11850.0,4665.0,4.0,131,106,,,pt,5160.0,11850.0,5160.0,"{'duration': 4665, 'source_transfer_time': 0, 'waiting_time': 465, 'trip_time': 4200, 'num_transfers': 4, 'departure_time': 7125, 'departure_day': 'current_day', 'arrival_time': 11790, 'arrival_day': 'current_day', 'steps': [{'duration': 1170, 'departure_time': 7590, 'arrival_time': 8760, 'day': 'current_day', 'from_stop_id': '131-5', 'to_stop_id': 'MH-R-5', 'trip_id': '10-0-9', 'agency_name': 'Unknown'}, {'duration': 30, 'departure_time': 8760, 'arrival_time': 8790, 'day': 'current_day', 'from_stop_id': 'MH-R-5', 'to_stop_id': 'MH-R-0', 'trip_id': 'walking', 'agency_name': 'Unknown'}, {'duration': 1500, 'departure_time': 9000, 'arrival_time': 10500, 'day': 'current_day', 'from_stop_id': 'MH-R-0', 'to_stop_id': 'MH-L-0', 'trip_id': '0-1-3', 'agency_name': 'Unknown'}, {'duration': 30, 'departure_time': 10500, 'arrival_time': 10530, 'day': 'current_day', 'from_stop_id': 'MH-L-0', 'to_stop_id': 'MH-L-5', 'trip_id': 'walking', 'agency_name': 'Unknown'}, {'duration': 1050, 'departure_time': 10740, 'arrival_time': 11790, 'day': 'current_day', 'from_stop_id': 'MH-L-5', 'to_stop_id': '106-5', 'trip_id': '8-0-12', 'agency_name': 'Unknown'}]}"
130,25,12330,inter,right,604,[130],[24; 36],0,0,500,375,12330,12390.0,16590.0,16650.0,4200.0,4.0,130,36,,,pt,4695.0,17025.0,4695.0,"{'duration': 4200, 'source_transfer_time': 0, 'waiting_time': 120, 'trip_time': 4080, 'num_transfers': 4, 'departure_time': 12390, 'departure_day': 'current_day', 'arrival_time': 16590, 'arrival_day': 'current_day', 'steps': [{'duration': 1050, 'departure_time': 12510, 'arrival_time': 13560, 'day': 'current_day', 'from_stop_id': '130-5', 'to_stop_id': 'MH-R-5', 'trip_id': '10-0-17', 'agency_name': 'Unknown'}, {'duration': 30, 'departure_time': 13560, 'arrival_time': 13590, 'day': 'current_day', 'from_stop_id': 'MH-R-5', 'to_stop_id': 'MH-R-0', 'trip_id': 'walking', 'agency_name': 'Unknown'}, {'duration': 1500, 'departure_time': 14400, 'arrival_time': 15900, 'day': 'current_day', 'from_stop_id': 'MH-R-0', 'to_stop_id': 'MH-L-0', 'trip_id': '0-1-6', 'agency_name': 'Unknown'}, {'duration': 30, 'departure_time': 15900, 'arrival_time': 15930, 'day': 'current_day', 'from_stop_id': 'MH-L-0', 'to_stop_id': 'MH-L-4', 'trip_id': 'walking', 'agency_name': 'Unknown'}, {'duration': 450, 'departure_time': 16140, 'arrival_time': 16590, 'day': 'current_day', 'from_stop_id': 'MH-L-4', 'to_stop_id': '36-4', 'trip_id': '7-1-21', 'agency_name': 'Unknown'}]}"
178,50,12660,inter,right,605,[178],[40; 49; 58],0,0,500,375,12660,12720.0,16350.0,16410.0,3630.0,4.0,178,49,,,pt,4125.0,16785.0,4125.0,"{'duration': 3630, 'source_transfer_time': 0, 'waiting_time': 30, 'trip_time': 3600, 'num_transfers': 4, 'departure_time': 12720, 'departure_day': 'current_day', 'arrival_time': 16350, 'arrival_day': 'current_day', 'steps': [{'duration': 210, 'departure_time': 12750, 'arrival_time': 12960, 'day': 'current_day', 'from_stop_id': '178-1', 'to_stop_id': 'MH-R-1', 'trip_id': '3-0-16', 'agency_name': 'Unknown'}, {'duration': 30, 'departure_time': 12960, 'arrival_time': 12990, 'day': 'current_day', 'from_stop_id': 'MH-R-1', 'to_stop_id': 'MH-R-0', 'trip_id': 'walking', 'agency_name': 'Unknown'}, {'duration': 1500, 'departure_time': 14400, 'arrival_time': 15900, 'day': 'current_day', 'from_stop_id': 'MH-R-0', 'to_stop_id': 'MH-L-0', 'trip_id': '0-1-6', 'agency_name': 'Unknown'}, {'duration': 30, 'departure_time': 15900, 'arrival_time': 15930, 'day': 'current_day', 'from_stop_id': 'MH-L-0', 'to_stop_id': 'MH-L-5', 'trip_id': 'walking', 'agency_name': 'Unknown'}, {'duration': 210, 'departure_time': 16140, 'arrival_time': 16350, 'day': 'current_day', 'from_stop_id': 'MH-L-5', 'to_stop_id': '49-5', 'trip_id': '8-1-21', 'agency_name': 'Unknown'}]}"
191,43,10320,inter,right,606,[181],[61],500,375,1000,751,10695,10755.0,14910.0,14970.0,4155.0,4.0,181,61,,,pt,5401.0,15721.0,5401.0,"{'duration': 4155, 'source_transfer_time': 0, 'waiting_time': 555, 'trip_time': 3600, 'num_transfers': 4, 'departure_time': 10755, 'departure_day': 'current_day', 'arrival_time': 14910, 'arrival_day': 'current_day', 'steps': [{'duration': 450, 'departure_time': 11310, 'arrival_time': 11760, 'day': 'current_day', 'from_stop_id': '181-1', 'to_stop_id': 'MH-R-1', 'trip_id': '3-1-14', 'agency_name': 'Unknown'}, {'duration': 30, 'departure_time': 11760, 'arrival_time': 11790, 'day': 'current_day', 'from_stop_id': 'MH-R-1', 'to_stop_id': 'MH-R-0', 'trip_id': 'walking', 'agency_name': 'Unknown'}, {'duration': 1500, 'departure_time': 12600, 'arrival_time': 14100, 'day': 'current_day', 'from_stop_id': 'MH-R-0', 'to_stop_id': 'MH-L-0', 'trip_id': '0-1-5', 'agency_name': 'Unknown'}, {'duration': 30, 'departure_time': 14100, 'arrival_time': 14130, 'day': 'current_day', 'from_stop_id': 'MH-L-0', 'to_stop_id': 'MH-L-1', 'trip_id': 'walking', 'agency_name': 'Unknown'}, {'duration': 570, 'departure_time': 14340, 'arrival_time': 14910, 'day': 'current_day', 'from_stop_id': 'MH-L-1', 'to_stop_id': '61-1', 'trip_id': '1-0-18', 'agency_name': 'Unknown'}]}"
169,39,12720,inter,right,607,[169],[39],0,0,0,0,12720,12780.0,16470.0,16530.0,3690.0,4.0,169,39,,,pt,3810.0,16530.0,3810.0,"{'duration': 3690, 'source_transfer_time': 0, 'waiting_time': 570, 'trip_time': 3120, 'num_transfers': 4, 'departure_time': 12780, 'departure_day': 'current_day', 'arrival_time': 16470, 'arrival_day': 'current_day', 'steps': [{'duration': 210, 'departure_time': 13350, 'arrival_time': 13560, 'day': 'current_day', 'from_stop_id': '169-4', 'to_stop_id': 'MH-R-4', 'trip_id': '9-0-17', 'agency_name': 'Unknown'}, {'duration': 30, 'departure_time': 13560, 'arrival_time': 13590, 'day': 'current_day', 'from_stop_id': 'MH-R-4', 'to_stop_id': 'MH-R-0', 'trip_id': 'walking', 'agency_name': 'Unknown'}, {'duration': 1500, 'departure_time': 14400, 'arrival_time': 15900, 'day': 'current_day', 'from_stop_id': 'MH-R-0', 'to_stop_id': 'MH-L-0', 'trip_id': '0-1-6', 'agency_name': 'Unknown'}, {'duration': 30, 'departure_time': 15900, 'arrival_time': 15930, 'day': 'current_day', 'from_stop_id': 'MH-L-0', 'to_stop_id': 'MH-L-5', 'trip_id': 'walking', 'agency_name': 'Unknown'}, {'duration': 330, 'departure_time': 16140, 'arrival_time': 16470, 'day': 'current_day', 'from_stop_id': 'MH-L-5', 'to_stop_id': '39-5', 'trip_id': '8-1-21', 'agency_name': 'Unknown'}]}"
152,30,13380,inter,right,608,[141; 151],[30],500,375,0,0,13755,13815.0,18630.0,18690.0,4815.0,4.0,141,30,,,pt,5310.0,18690.0,5310.0,"{'duration': 4815, 'source_transfer_time': 0, 'waiting_time': 15, 'trip_time': 4800, 'num_transfers': 4, 'departure_time': 13815, 'departure_day': 'current_day', 'arrival_time': 18630, 'arrival_day': 'current_day', 'steps': [{'duration': 930, 'departure_time': 13830, 'arrival_time': 14760, 'day': 'current_day', 'from_stop_id': '141-5', 'to_stop_id': 'MH-R-5', 'trip_id': '10-0-19', 'agency_name': 'Unknown'}, {'duration': 30, 'departure_time': 14760, 'arrival_time': 14790, 'day': 'current_day', 'from_stop_id': 'MH-R-5', 'to_stop_id': 'MH-R-0', 'trip_id': 'walking', 'agency_name': 'Unknown'}, {'duration': 1500, 'departure_time': 16200, 'arrival_time': 17700, 'day': 'current_day', 'from_stop_id': 'MH-R-0', 'to_stop_id': 'MH-L-0', 'trip_id': '0-1-7', 'agency_name': 'Unknown'}, {'duration': 30, 'departure_time': 17700, 'arrival_time': 17730, 'day': 'current_day', 'from_stop_id': 'MH-L-0', 'to_stop_id': 'MH-L-5', 'trip_id': 'walking', 'agency_name': 'Unknown'}, {'duration': 690, 'departure_time': 17940, 'arrival_time': 18630, 'day': 'current_day', 'from_stop_id': 'MH-L-5', 'to_stop_id': '30-5', 'trip_id': '8-1-24', 'agency_name': 'Unknown'}]}"
225,75,12930,inter,right,609,[225],[75],0,0,0,0,12930,12990.0,16590.0,16650.0,3600.0,4.0,225,75,,,pt,3720.0,16650.0,3720.0,"{'duration': 3600, 'source_transfer_time': 0, 'waiting_time': 120, 'trip_time': 3480, 'num_transfers': 4, 'departure_time': 12990, 'departure_day': 'current_day', 'arrival_time': 16590, 'arrival_day': 'current_day', 'steps': [{'duration': 1050, 'departure_time': 13110, 'arrival_time': 14160, 'day': 'current_day', 'from_stop_id': '225-4', 'to_stop_id': 'MH-R-4', 'trip_id': '9-1-18', 'agency_name': 'Unknown'}, {'duration': 30, 'departure_time': 14160, 'arrival_time': 14190, 'day': 'current_day', 'from_stop_id': 'MH-R-4', 'to_stop_id': 'MH-R-0', 'trip_id': 'walking', 'agency_name': 'Unknown'}, {'duration': 1500, 'departure_time': 14400, 'arrival_time': 15900, 'day': 'current_day', 'from_stop_id': 'MH-R-0', 'to_stop_id': 'MH-L-0', 'trip_id': '0-1-6', 'agency_name': 'Unknown'}, {'duration': 30, 'departure_time': 15900, 'arrival_time': 15930, 'day': 'current_day', 'from_stop_id': 'MH-L-0', 'to_stop_id': 'MH-L-5', 'trip_id': 'walking', 'agency_name': 'Unknown'}, {'duration': 450, 'departure_time': 16140, 'arrival_time': 16590, 'day': 'current_day', 'from_stop_id': 'MH-L-5', 'to_stop_id': '75-5', 'trip_id': '8-0-21', 'agency_name': 'Unknown'}]}"
158,115,7380,inter,right,610,[157; 159; 169],[115],500,375,0,0,7755,7815.0,11910.0,11970.0,4095.0,4.0,157,115,,,pt,4590.0,11970.0,4590.0,"{'duration': 4095, 'source_transfer_time': 0, 'waiting_time': 495, 'trip_time': 3600, 'num_transfers': 4, 'departure_time': 7815, 'departure_day': 'current_day', 'arrival_time': 11910, 'arrival_day': 'current_day', 'steps': [{'duration': 450, 'departure_time': 8310, 'arrival_time': 8760, 'day': 'current_day', 'from_stop_id': '157-4', 'to_stop_id': 'MH-R-4', 'trip_id': '9-0-9', 'agency_name': 'Unknown'}, {'duration': 30, 'departure_time': 8760, 'arrival_time': 8790, 'day': 'current_day', 'from_stop_id': 'MH-R-4', 'to_stop_id': 'MH-R-0', 'trip_id': 'walking', 'agency_name': 'Unknown'}, {'duration': 1500, 'departure_time': 9000, 'arrival_time': 10500, 'day': 'current_day', 'from_stop_id': 'MH-R-0', 'to_stop_id': 'MH-L-0', 'trip_id': '0-1-3', 'agency_name': 'Unknown'}, {'duration': 30, 'departure_time': 10500, 'arrival_time': 10530, 'day': 'current_day', 'from_stop_id': 'MH-L-0', 'to_stop_id': 'MH-L-4', 'trip_id': 'walking', 'agency_name': 'Unknown'}, {'duration': 1170, 'departure_time': 10740, 'arrival_time': 11910, 'day': 'current_day', 'from_stop_id': 'MH-L-4', 'to_stop_id': '115-4', 'trip_id': '7-0-12', 'agency_name': 'Unknown'}]}"
214,68,10950,inter,right,611,[213; 225],[68],500,375,0,0,11325,11385.0,14670.0,14730.0,3285.0,4.0,213,68,,,pt,3780.0,14730.0,3780.0,"{'duration': 3285, 'source_transfer_time': 0, 'waiting_time': 165, 'trip_time': 3120, 'num_transfers': 4, 'departure_time': 11385, 'departure_day': 'current_day', 'arrival_time': 14670, 'arrival_day': 'current_day', 'steps': [{'duration': 810, 'departure_time': 11550, 'arrival_time': 12360, 'day': 'current_day', 'from_stop_id': '213-4', 'to_stop_id': 'MH-R-4', 'trip_id': '9-1-15', 'agency_name': 'Unknown'}, {'duration': 30, 'departure_time': 12360, 'arrival_time': 12390, 'day': 'current_day', 'from_stop_id': 'MH-R-4', 'to_stop_id': 'MH-R-0', 'trip_id': 'walking', 'agency_name': 'Unknown'}, {'duration': 1500, 'departure_time': 12600, 'arrival_time': 14100, 'day': 'current_day', 'from_stop_id': 'MH-R-0', 'to_stop_id': 'MH-L-0', 'trip_id': '0-1-5', 'agency_name': 'Unknown'}, {'duration': 30, 'departure_time': 14100, 'arrival_time': 14130, 'day': 'current_day', 'from_stop_id': 'MH-L-0', 'to_stop_id': 'MH-L-4', 'trip_id': 'walking', 'agency_name': 'Unknown'}, {'duration': 330, 'departure_time': 14340, 'arrival_time': 14670, 'day': 'current_day', 'from_stop_id': 'MH-L-4', 'to_stop_id': '68-4', 'trip_id': '7-0-18', 'agency_name': 'Unknown'}]}"
141,21,6090,inter,right,612,[141],[10; 20],0,0,500,375,6090,6150.0,11670.0,11730.0,5520.0,4.0,141,20,,,pt,6015.0,12105.0,6015.0,"{'duration': 5520, 'source_transfer_time': 0, 'waiting_time': 480, 'trip_time': 5040, 'num_transfers': 4, 'departure_time': 6150, 'departure_day': 'current_day', 'arrival_time': 11670, 'arrival_day': 'current_day', 'steps': [{'duration': 930, 'departure_time': 6630, 'arrival_time': 7560, 'day': 'current_day', 'from_stop_id': '141-5', 'to_stop_id': 'MH-R-5', 'trip_id': '10-0-7', 'agency_name': 'Unknown'}, {'duration': 30, 'departure_time': 7560, 'arrival_time': 7590, 'day': 'current_day', 'from_stop_id': 'MH-R-5', 'to_stop_id': 'MH-R-0', 'trip_id': 'walking', 'agency_name': 'Unknown'}, {'duration': 1500, 'departure_time': 9000, 'arrival_time': 10500, 'day': 'current_day', 'from_stop_id': 'MH-R-0', 'to_stop_id': 'MH-L-0', 'trip_id': '0-1-3', 'agency_name': 'Unknown'}, {'duration': 30, 'departure_time': 10500, 'arrival_time': 10530, 'day': 'current_day', 'from_stop_id': 'MH-L-0', 'to_stop_id': 'MH-L-5', 'trip_id': 'walking', 'agency_name': 'Unknown'}, {'duration': 930, 'departure_time': 10740, 'arrival_time': 11670, 'day': 'current_day', 'from_stop_id': 'MH-L-5', 'to_stop_id': '20-5', 'trip_id': '8-1-12', 'agency_name': 'Unknown'}]}"
154,36,7350,inter,right,613,[132; 144; 156; 175],[36],1000,751,0,0,8101,8161.0,11190.0,11250.0,3029.0,4.0,156,36,,,pt,3900.0,11250.0,3900.0,"{'duration': 3029, 'source_transfer_time': 0, 'waiting_time': 29, 'trip_time': 3000, 'num_transfers': 4, 'departure_time': 8161, 'departure_day': 'current_day', 'arrival_time': 11190, 'arrival_day': 'current_day', 'steps': [{'duration': 570, 'departure_time': 8190, 'arrival_time': 8760, 'day': 'current_day', 'from_stop_id': '156-4', 'to_stop_id': 'MH-R-4', 'trip_id': '9-0-9', 'agency_name': 'Unknown'}, {'duration': 30, 'departure_time': 8760, 'arrival_time': 8790, 'day': 'current_day', 'from_stop_id': 'MH-R-4', 'to_stop_id': 'MH-R-0', 'trip_id': 'walking', 'agency_name': 'Unknown'}, {'duration': 1500, 'departure_time': 9000, 'arrival_time': 10500, 'day': 'current_day', 'from_stop_id': 'MH-R-0', 'to_stop_id': 'MH-L-0', 'trip_id': '0-1-3', 'agency_name': 'Unknown'}, {'duration': 30, 'departure_time': 10500, 'arrival_time': 10530, 'day': 'current_day', 'from_stop_id': 'MH-L-0', 'to_stop_id': 'MH-L-4', 'trip_id': 'walking', 'agency_name': 'Unknown'}, {'duration': 450, 'departure_time': 10740, 'arrival_time': 11190, 'day': 'current_day', 'from_stop_id': 'MH-L-4', 'to_stop_id': '36-4', 'trip_id': '7-1-12', 'agency_name': 'Unknown'}]}"
207,99,12450,inter,right,614,[207],[99],0,0,0,0,12450,12510.0,16590.0,16650.0,4080.0,4.0,207,99,,,pt,4200.0,16650.0,4200.0,"{'duration': 4080, 'source_transfer_time': 0, 'waiting_time': 480, 'trip_time': 3600, 'num_transfers': 4, 'departure_time': 12510, 'departure_day': 'current_day', 'arrival_time': 16590, 'arrival_day': 'current_day', 'steps': [{'duration': 570, 'departure_time': 12990, 'arrival_time': 13560, 'day': 'current_day', 'from_stop_id': '207-5', 'to_stop_id': 'MH-R-5', 'trip_id': '10-1-17', 'agency_name': 'Unknown'}, {'duration': 30, 'departure_time': 13560, 'arrival_time': 13590, 'day': 'current_day', 'from_stop_id': 'MH-R-5', 'to_stop_id': 'MH-R-0', 'trip_id': 'walking', 'agency_name': 'Unknown'}, {'duration': 1500, 'departure_time': 14400, 'arrival_time': 15900, 'day': 'current_day', 'from_stop_id': 'MH-R-0', 'to_stop_id': 'MH-L-0', 'trip_id': '0-1-6', 'agency_name': 'Unknown'}, {'duration': 30, 'departure_time': 15900, 'arrival_time': 15930, 'day': 'current_day', 'from_stop_id': 'MH-L-0', 'to_stop_id': 'MH-L-2', 'trip_id': 'walking', 'agency_name': 'Unknown'}, {'duration': 450, 'departure_time': 16140, 'arrival_time': 16590, 'day': 'current_day', 'from_stop_id': 'MH-L-2', 'to_stop_id': '99-2', 'trip_id': '2-1-21', 'agency_name': 'Unknown'}]}"
186,20,12750,inter,right,615,[178; 187; 196],[20],500,375,0,0,13125,13185.0,17070.0,17130.0,3885.0,4.0,178,20,,,pt,4380.0,17130.0,4380.0,"{'duration': 3885, 'source_transfer_time': 0, 'waiting_time': 165, 'trip_time': 3720, 'num_transfers': 4, 'departure_time': 13185, 'departure_day': 'current_day', 'arrival_time': 17070, 'arrival_day': 'current_day', 'steps': [{'duration': 210, 'departure_time': 13350, 'arrival_time': 13560, 'day': 'current_day', 'from_stop_id': '178-1', 'to_stop_id': 'MH-R-1', 'trip_id': '3-0-17', 'agency_name': 'Unknown'}, {'duration': 30, 'departure_time': 13560, 'arrival_time': 13590, 'day': 'current_day', 'from_stop_id': 'MH-R-1', 'to_stop_id': 'MH-R-0', 'trip_id': 'walking', 'agency_name': 'Unknown'}, {'duration': 1500, 'departure_time': 14400, 'arrival_time': 15900, 'day': 'current_day', 'from_stop_id': 'MH-R-0', 'to_stop_id': 'MH-L-0', 'trip_id': '0-1-6', 'agency_name': 'Unknown'}, {'duration': 30, 'departure_time': 15900, 'arrival_time': 15930, 'day': 'current_day', 'from_stop_id': 'MH-L-0', 'to_stop_id': 'MH-L-5', 'trip_id': 'walking', 'agency_name': 'Unknown'}, {'duration': 930, 'departure_time': 16140, 'arrival_time': 17070, 'day': 'current_day', 'from_stop_id': 'MH-L-5', 'to_stop_id': '20-5', 'trip_id': '8-1-21', 'agency_name': 'Unknown'}]}"
228,20,11400,inter,right,616,[217; 227],[20],500,375,0,0,11775,11835.0,17070.0,17130.0,5235.0,4.0,217,20,,,pt,5730.0,17130.0,5730.0,"{'duration': 5235, 'source_transfer_time': 0, 'waiting_time': 315, 'trip_time': 4920, 'num_transfers': 4, 'departure_time': 11835, 'departure_day': 'current_day', 'arrival_time': 17070, 'arrival_day': 'current_day', 'steps': [{'duration': 810, 'departure_time': 12150, 'arrival_time': 12960, 'day': 'current_day', 'from_stop_id': '217-5', 'to_stop_id': 'MH-R-5', 'trip_id': '10-1-16', 'agency_name': 'Unknown'}, {'duration': 30, 'departure_time': 12960, 'arrival_time': 12990, 'day': 'current_day', 'from_stop_id': 'MH-R-5', 'to_stop_id': 'MH-R-0', 'trip_id': 'walking', 'agency_name': 'Unknown'}, {'duration': 1500, 'departure_time': 14400, 'arrival_time': 15900, 'day': 'current_day', 'from_stop_id': 'MH-R-0', 'to_stop_id': 'MH-L-0', 'trip_id': '0-1-6', 'agency_name': 'Unknown'}, {'duration': 30, 'departure_time': 15900, 'arrival_time': 15930, 'day': 'current_day', 'from_stop_id': 'MH-L-0', 'to_stop_id': 'MH-L-5', 'trip_id': 'walking', 'agency_name': 'Unknown'}, {'duration': 930, 'departure_time': 16140, 'arrival_time': 17070, 'day': 'current_day', 'from_stop_id': 'MH-L-5', 'to_stop_id': '20-5', 'trip_id': '8-1-21', 'agency_name': 'Unknown'}]}"
149,64,13320,inter,right,617,[148; 150; 160],[56],500,375,500,375,13695,13755.0,16470.0,16530.0,2715.0,4.0,148,56,,,pt,3585.0,16905.0,3585.0,"{'duration': 2715, 'source_transfer_time': 0, 'waiting_time': 75, 'trip_time': 2640, 'num_transfers': 4, 'departure_time': 13755, 'departure_day': 'current_day', 'arrival_time': 16470, 'arrival_day': 'current_day', 'steps': [{'duration': 330, 'departure_time': 13830, 'arrival_time': 14160, 'day': 'current_day', 'from_stop_id': '148-2', 'to_stop_id': 'MH-R-2', 'trip_id': '4-1-18', 'agency_name': 'Unknown'}, {'duration': 30, 'departure_time': 14160, 'arrival_time': 14190, 'day': 'current_day', 'from_stop_id': 'MH-R-2', 'to_stop_id': 'MH-R-0', 'trip_id': 'walking', 'agency_name': 'Unknown'}, {'duration': 1500, 'departure_time': 14400, 'arrival_time': 15900, 'day': 'current_day', 'from_stop_id': 'MH-R-0', 'to_stop_id': 'MH-L-0', 'trip_id': '0-1-6', 'agency_name': 'Unknown'}, {'duration': 30, 'departure_time': 15900, 'arrival_time': 15930, 'day': 'current_day', 'from_stop_id': 'MH-L-0', 'to_stop_id': 'MH-L-1', 'trip_id': 'walking', 'agency_name': 'Unknown'}, {'duration': 330, 'departure_time': 16140, 'arrival_time': 16470, 'day': 'current_day', 'from_stop_id': 'MH-L-1', 'to_stop_id': '56-1', 'trip_id': '1-1-21', 'agency_name': 'Unknown'}]}"
231,77,10950,inter,right,618,[231],[77],0,0,0,0,10950,11010.0,14550.0,14610.0,3540.0,4.0,231,77,,,pt,3660.0,14610.0,3660.0,"{'duration': 3540, 'source_transfer_time': 0, 'waiting_time': 180, 'trip_time': 3360, 'num_transfers': 4, 'departure_time': 11010, 'departure_day': 'current_day', 'arrival_time': 14550, 'arrival_day': 'current_day', 'steps': [{'duration': 570, 'departure_time': 11190, 'arrival_time': 11760, 'day': 'current_day', 'from_stop_id': '231-2', 'to_stop_id': 'MH-R-2', 'trip_id': '4-0-14', 'agency_name': 'Unknown'}, {'duration': 30, 'departure_time': 11760, 'arrival_time': 11790, 'day': 'current_day', 'from_stop_id': 'MH-R-2', 'to_stop_id': 'MH-R-0', 'trip_id': 'walking', 'agency_name': 'Unknown'}, {'duration': 1500, 'departure_time': 12600, 'arrival_time': 14100, 'day': 'current_day', 'from_stop_id': 'MH-R-0', 'to_stop_id': 'MH-L-0', 'trip_id': '0-1-5', 'agency_name': 'Unknown'}, {'duration': 30, 'departure_time': 14100, 'arrival_time': 14130, 'day': 'current_day', 'from_stop_id': 'MH-L-0', 'to_stop_id': 'MH-L-2', 'trip_id': 'walking', 'agency_name': 'Unknown'}, {'duration': 210, 'departure_time': 14340, 'arrival_time': 14550, 'day': 'current_day', 'from_stop_id': 'MH-L-2', 'to_stop_id': '77-2', 'trip_id': '2-1-18', 'agency_name': 'Unknown'}]}"
235,25,8010,inter,right,619,[224; 236],[24; 36],500,375,500,375,8385,8445.0,12990.0,13050.0,4545.0,4.0,224,36,,,pt,5415.0,13425.0,5415.0,"{'duration': 4545, 'source_transfer_time': 0, 'waiting_time': 585, 'trip_time': 3960, 'num_transfers': 4, 'departure_time': 8445, 'departure_day': 'current_day', 'arrival_time': 12990, 'arrival_day': 'current_day', 'steps': [{'duration': 930, 'departure_time': 9030, 'arrival_time': 9960, 'day': 'current_day', 'from_stop_id': '224-4', 'to_stop_id': 'MH-R-4', 'trip_id': '9-1-11', 'agency_name': 'Unknown'}, {'duration': 30, 'departure_time': 9960, 'arrival_time': 9990, 'day': 'current_day', 'from_stop_id': 'MH-R-4', 'to_stop_id': 'MH-R-0', 'trip_id': 'walking', 'agency_name': 'Unknown'}, {'duration': 1500, 'departure_time': 10800, 'arrival_time': 12300, 'day': 'current_day', 'from_stop_id': 'MH-R-0', 'to_stop_id': 'MH-L-0', 'trip_id': '0-1-4', 'agency_name': 'Unknown'}, {'duration': 30, 'departure_time': 12300, 'arrival_time': 12330, 'day': 'current_day', 'from_stop_id': 'MH-L-0', 'to_stop_id': 'MH-L-4', 'trip_id': 'walking', 'agency_name': 'Unknown'}, {'duration': 450, 'departure_time': 12540, 'arrival_time': 12990, 'day': 'current_day', 'from_stop_id': 'MH-L-4', 'to_stop_id': '36-4', 'trip_id': '7-1-15', 'agency_name': 'Unknown'}]}"
140,12,12810,inter,right,620,[140],[12],0,0,0,0,12810,12870.0,17070.0,17130.0,4200.0,4.0,140,12,,,pt,4320.0,17130.0,4320.0,"{'duration': 4200, 'source_transfer_time': 0, 'waiting_time': 480, 'trip_time': 3720, 'num_transfers': 4, 'departure_time': 12870, 'departure_day': 'current_day', 'arrival_time': 17070, 'arrival_day': 'current_day', 'steps': [{'duration': 810, 'departure_time': 13350, 'arrival_time': 14160, 'day': 'current_day', 'from_stop_id': '140-5', 'to_stop_id': 'MH-R-5', 'trip_id': '10-0-18', 'agency_name': 'Unknown'}, {'duration': 30, 'departure_time': 14160, 'arrival_time': 14190, 'day': 'current_day', 'from_stop_id': 'MH-R-5', 'to_stop_id': 'MH-R-0', 'trip_id': 'walking', 'agency_name': 'Unknown'}, {'duration': 1500, 'departure_time': 14400, 'arrival_time': 15900, 'day': 'current_day', 'from_stop_id': 'MH-R-0', 'to_stop_id': 'MH-L-0', 'trip_id': '0-1-6', 'agency_name': 'Unknown'}, {'duration': 30, 'departure_time': 15900, 'arrival_time': 15930, 'day': 'current_day', 'from_stop_id': 'MH-L-0', 'to_stop_id': 'MH-L-4', 'trip_id': 'walking', 'agency_name': 'Unknown'}, {'duration': 930, 'departure_time': 16140, 'arrival_time': 17070, 'day': 'current_day', 'from_stop_id': 'MH-L-4', 'to_stop_id': '12-4', 'trip_id': '7-1-21', 'agency_name': 'Unknown'}]}"
178,52,8880,inter,right,621,[178],[60],0,0,500,375,8880,8940.0,12990.0,13050.0,4050.0,4.0,178,60,,,pt,4545.0,13425.0,4545.0,"{'duration': 4050, 'source_transfer_time': 0, 'waiting_time': 210, 'trip_time': 3840, 'num_transfers': 4, 'departure_time': 8940, 'departure_day': 'current_day', 'arrival_time': 12990, 'arrival_day': 'current_day', 'steps': [{'duration': 210, 'departure_time': 9150, 'arrival_time': 9360, 'day': 'current_day', 'from_stop_id': '178-1', 'to_stop_id': 'MH-R-1', 'trip_id': '3-0-10', 'agency_name': 'Unknown'}, {'duration': 30, 'departure_time': 9360, 'arrival_time': 9390, 'day': 'current_day', 'from_stop_id': 'MH-R-1', 'to_stop_id': 'MH-R-0', 'trip_id': 'walking', 'agency_name': 'Unknown'}, {'duration': 1500, 'departure_time': 10800, 'arrival_time': 12300, 'day': 'current_day', 'from_stop_id': 'MH-R-0', 'to_stop_id': 'MH-L-0', 'trip_id': '0-1-4', 'agency_name': 'Unknown'}, {'duration': 30, 'departure_time': 12300, 'arrival_time': 12330, 'day': 'current_day', 'from_stop_id': 'MH-L-0', 'to_stop_id': 'MH-L-1', 'trip_id': 'walking', 'agency_name': 'Unknown'}, {'duration': 450, 'departure_time': 12540, 'arrival_time': 12990, 'day': 'current_day', 'from_stop_id': 'MH-L-1', 'to_stop_id': '60-1', 'trip_id': '1-0-15', 'agency_name': 'Unknown'}]}"
130,109,11640,inter,right,622,[130],[110],0,0,500,375,11640,11700.0,16710.0,16770.0,5010.0,4.0,130,110,,,pt,5505.0,17145.0,5505.0,"{'duration': 5010, 'source_transfer_time': 0, 'waiting_time': 210, 'trip_time': 4800, 'num_transfers': 4, 'departure_time': 11700, 'departure_day': 'current_day', 'arrival_time': 16710, 'arrival_day': 'current_day', 'steps': [{'duration': 1050, 'departure_time': 11910, 'arrival_time': 12960, 'day': 'current_day', 'from_stop_id': '130-5', 'to_stop_id': 'MH-R-5', 'trip_id': '10-0-16', 'agency_name': 'Unknown'}, {'duration': 30, 'departure_time': 12960, 'arrival_time': 12990, 'day': 'current_day', 'from_stop_id': 'MH-R-5', 'to_stop_id': 'MH-R-0', 'trip_id': 'walking', 'agency_name': 'Unknown'}, {'duration': 1500, 'departure_time': 14400, 'arrival_time': 15900, 'day': 'current_day', 'from_stop_id': 'MH-R-0', 'to_stop_id': 'MH-L-0', 'trip_id': '0-1-6', 'agency_name': 'Unknown'}, {'duration': 30, 'departure_time': 15900, 'arrival_time': 15930, 'day': 'current_day', 'from_stop_id': 'MH-L-0', 'to_stop_id': 'MH-L-2', 'trip_id': 'walking', 'agency_name': 'Unknown'}, {'duration': 570, 'departure_time': 16140, 'arrival_time': 16710, 'day': 'current_day', 'from_stop_id': 'MH-L-2', 'to_stop_id': '110-2', 'trip_id': '2-1-21', 'agency_name': 'Unknown'}]}"
131,72,4650,inter,right,623,[131],[54],0,0,1000,751,4650,4710.0,9510.0,9570.0,4800.0,4.0,131,54,,,pt,5671.0,10321.0,5671.0,"{'duration': 4800, 'source_transfer_time': 0, 'waiting_time': 480, 'trip_time': 4320, 'num_transfers': 4, 'departure_time': 4710, 'departure_day': 'current_day', 'arrival_time': 9510, 'arrival_day': 'current_day', 'steps': [{'duration': 1170, 'departure_time': 5190, 'arrival_time': 6360, 'day': 'current_day', 'from_stop_id': '131-5', 'to_stop_id': 'MH-R-5', 'trip_id': '10-0-5', 'agency_name': 'Unknown'}, {'duration': 30, 'departure_time': 6360, 'arrival_time': 6390, 'day': 'current_day', 'from_stop_id': 'MH-R-5', 'to_stop_id': 'MH-R-0', 'trip_id': 'walking', 'agency_name': 'Unknown'}, {'duration': 1500, 'departure_time': 7200, 'arrival_time': 8700, 'day': 'current_day', 'from_stop_id': 'MH-R-0', 'to_stop_id': 'MH-L-0', 'trip_id': '0-1-2', 'agency_name': 'Unknown'}, {'duration': 30, 'departure_time': 8700, 'arrival_time': 8730, 'day': 'current_day', 'from_stop_id': 'MH-L-0', 'to_stop_id': 'MH-L-1', 'trip_id': 'walking', 'agency_name': 'Unknown'}, {'duration': 570, 'departure_time': 8940, 'arrival_time': 9510, 'day': 'current_day', 'from_stop_id': 'MH-L-1', 'to_stop_id': '54-1', 'trip_id': '1-1-9', 'agency_name': 'Unknown'}]}"
144,76,13890,inter,right,624,[144],[76],0,0,0,0,13890,13950.0,18270.0,18330.0,4320.0,4.0,144,76,,,pt,4440.0,18330.0,4440.0,"{'duration': 4320, 'source_transfer_time': 0, 'waiting_time': 0, 'trip_time': 4320, 'num_transfers': 4, 'departure_time': 13950, 'departure_day': 'current_day', 'arrival_time': 18270, 'arrival_day': 'current_day', 'steps': [{'duration': 810, 'departure_time': 13950, 'arrival_time': 14760, 'day': 'current_day', 'from_stop_id': '144-4', 'to_stop_id': 'MH-R-4', 'trip_id': '9-0-19', 'agency_name': 'Unknown'}, {'duration': 30, 'departure_time': 14760, 'arrival_time': 14790, 'day': 'current_day', 'from_stop_id': 'MH-R-4', 'to_stop_id': 'MH-R-0', 'trip_id': 'walking', 'agency_name': 'Unknown'}, {'duration': 1500, 'departure_time': 16200, 'arrival_time': 17700, 'day': 'current_day', 'from_stop_id': 'MH-R-0', 'to_stop_id': 'MH-L-0', 'trip_id': '0-1-7', 'agency_name': 'Unknown'}, {'duration': 30, 'departure_time': 17700, 'arrival_time': 17730, 'day': 'current_day', 'from_stop_id': 'MH-L-0', 'to_stop_id': 'MH-L-5', 'trip_id': 'walking', 'agency_name': 'Unknown'}, {'duration': 330, 'departure_time': 17940, 'arrival_time': 18270, 'day': 'current_day', 'from_stop_id': 'MH-L-5', 'to_stop_id': '76-5', 'trip_id': '8-0-24', 'agency_name': 'Unknown'}]}"
226,48,10860,inter,right,625,[226],[48],0,0,0,0,10860,10920.0,14550.0,14610.0,3630.0,4.0,226,48,,,pt,3750.0,14610.0,3750.0,"{'duration': 3630, 'source_transfer_time': 0, 'waiting_time': 270, 'trip_time': 3360, 'num_transfers': 4, 'departure_time': 10920, 'departure_day': 'current_day', 'arrival_time': 14550, 'arrival_day': 'current_day', 'steps': [{'duration': 1170, 'departure_time': 11190, 'arrival_time': 12360, 'day': 'current_day', 'from_stop_id': '226-5', 'to_stop_id': 'MH-R-5', 'trip_id': '10-1-15', 'agency_name': 'Unknown'}, {'duration': 30, 'departure_time': 12360, 'arrival_time': 12390, 'day': 'current_day', 'from_stop_id': 'MH-R-5', 'to_stop_id': 'MH-R-0', 'trip_id': 'walking', 'agency_name': 'Unknown'}, {'duration': 1500, 'departure_time': 12600, 'arrival_time': 14100, 'day': 'current_day', 'from_stop_id': 'MH-R-0', 'to_stop_id': 'MH-L-0', 'trip_id': '0-1-5', 'agency_name': 'Unknown'}, {'duration': 30, 'departure_time': 14100, 'arrival_time': 14130, 'day': 'current_day', 'from_stop_id': 'MH-L-0', 'to_stop_id': 'MH-L-4', 'trip_id': 'walking', 'agency_name': 'Unknown'}, {'duration': 210, 'departure_time': 14340, 'arrival_time': 14550, 'day': 'current_day', 'from_stop_id': 'MH-L-4', 'to_stop_id': '48-4', 'trip_id': '7-1-18', 'agency_name': 'Unknown'}]}"
145,35,5160,inter,right,626,[145],[35],0,0,0,0,5160,5220.0,9510.0,9570.0,4290.0,4.0,145,35,,,pt,4410.0,9570.0,4410.0,"{'duration': 4290, 'source_transfer_time': 0, 'waiting_time': 450, 'trip_time': 3840, 'num_transfers': 4, 'departure_time': 5220, 'departure_day': 'current_day', 'arrival_time': 9510, 'arrival_day': 'current_day', 'steps': [{'duration': 690, 'departure_time': 5670, 'arrival_time': 6360, 'day': 'current_day', 'from_stop_id': '145-4', 'to_stop_id': 'MH-R-4', 'trip_id': '9-0-5', 'agency_name': 'Unknown'}, {'duration': 30, 'departure_time': 6360, 'arrival_time': 6390, 'day': 'current_day', 'from_stop_id': 'MH-R-4', 'to_stop_id': 'MH-R-0', 'trip_id': 'walking', 'agency_name': 'Unknown'}, {'duration': 1500, 'departure_time': 7200, 'arrival_time': 8700, 'day': 'current_day', 'from_stop_id': 'MH-R-0', 'to_stop_id': 'MH-L-0', 'trip_id': '0-1-2', 'agency_name': 'Unknown'}, {'duration': 30, 'departure_time': 8700, 'arrival_time': 8730, 'day': 'current_day', 'from_stop_id': 'MH-L-0', 'to_stop_id': 'MH-L-4', 'trip_id': 'walking', 'agency_name': 'Unknown'}, {'duration': 570, 'departure_time': 8940, 'arrival_time': 9510, 'day': 'current_day', 'from_stop_id': 'MH-L-4', 'to_stop_id': '35-4', 'trip_id': '7-1-9', 'agency_name': 'Unknown'}]}"
178,88,12990,inter,right,627,[178],[88],0,0,0,0,12990,13050.0,16470.0,16530.0,3420.0,4.0,178,88,,,pt,3540.0,16530.0,3540.0,"{'duration': 3420, 'source_transfer_time': 0, 'waiting_time': 300, 'trip_time': 3120, 'num_transfers': 4, 'departure_time': 13050, 'departure_day': 'current_day', 'arrival_time': 16470, 'arrival_day': 'current_day', 'steps': [{'duration': 210, 'departure_time': 13350, 'arrival_time': 13560, 'day': 'current_day', 'from_stop_id': '178-1', 'to_stop_id': 'MH-R-1', 'trip_id': '3-0-17', 'agency_name': 'Unknown'}, {'duration': 30, 'departure_time': 13560, 'arrival_time': 13590, 'day': 'current_day', 'from_stop_id': 'MH-R-1', 'to_stop_id': 'MH-R-0', 'trip_id': 'walking', 'agency_name': 'Unknown'}, {'duration': 1500, 'departure_time': 14400, 'arrival_time': 15900, 'day': 'current_day', 'from_stop_id': 'MH-R-0', 'to_stop_id': 'MH-L-0', 'trip_id': '0-1-6', 'agency_name': 'Unknown'}, {'duration': 30, 'departure_time': 15900, 'arrival_time': 15930, 'day': 'current_day', 'from_stop_id': 'MH-L-0', 'to_stop_id': 'MH-L-2', 'trip_id': 'walking', 'agency_name': 'Unknown'}, {'duration': 330, 'departure_time': 16140, 'arrival_time': 16470, 'day': 'current_day', 'from_stop_id': 'MH-L-2', 'to_stop_id': '88-2', 'trip_id': '2-1-21', 'agency_name': 'Unknown'}]}"
190,87,5400,inter,right,628,[180; 189; 201],[76; 86; 88],500,375,500,375,5775,5835.0,9270.0,9330.0,3435.0,4.0,180,76,,,pt,4305.0,9705.0,4305.0,"{'duration': 3435, 'source_transfer_time': 0, 'waiting_time': 195, 'trip_time': 3240, 'num_transfers': 4, 'departure_time': 5835, 'departure_day': 'current_day', 'arrival_time': 9270, 'arrival_day': 'current_day', 'steps': [{'duration': 330, 'departure_time': 6030, 'arrival_time': 6360, 'day': 'current_day', 'from_stop_id': '180-1', 'to_stop_id': 'MH-R-1', 'trip_id': '3-1-5', 'agency_name': 'Unknown'}, {'duration': 30, 'departure_time': 6360, 'arrival_time': 6390, 'day': 'current_day', 'from_stop_id': 'MH-R-1', 'to_stop_id': 'MH-R-0', 'trip_id': 'walking', 'agency_name': 'Unknown'}, {'duration': 1500, 'departure_time': 7200, 'arrival_time': 8700, 'day': 'current_day', 'from_stop_id': 'MH-R-0', 'to_stop_id': 'MH-L-0', 'trip_id': '0-1-2', 'agency_name': 'Unknown'}, {'duration': 30, 'departure_time': 8700, 'arrival_time': 8730, 'day': 'current_day', 'from_stop_id': 'MH-L-0', 'to_stop_id': 'MH-L-5', 'trip_id': 'walking', 'agency_name': 'Unknown'}, {'duration': 330, 'departure_time': 8940, 'arrival_time': 9270, 'day': 'current_day', 'from_stop_id': 'MH-L-5', 'to_stop_id': '76-5', 'trip_id': '8-0-9', 'agency_name': 'Unknown'}]}"
171,26,9180,inter,right,629,[161; 170; 179],[27],500,375,500,375,9555,9615.0,12870.0,12930.0,3255.0,4.0,161,27,,,pt,4125.0,13305.0,4125.0,"{'duration': 3255, 'source_transfer_time': 0, 'waiting_time': 495, 'trip_time': 2760, 'num_transfers': 4, 'departure_time': 9615, 'departure_day': 'current_day', 'arrival_time': 12870, 'arrival_day': 'current_day', 'steps': [{'duration': 450, 'departure_time': 10110, 'arrival_time': 10560, 'day': 'current_day', 'from_stop_id': '161-5', 'to_stop_id': 'MH-R-5', 'trip_id': '10-0-12', 'agency_name': 'Unknown'}, {'duration': 30, 'departure_time': 10560, 'arrival_time': 10590, 'day': 'current_day', 'from_stop_id': 'MH-R-5', 'to_stop_id': 'MH-R-0', 'trip_id': 'walking', 'agency_name': 'Unknown'}, {'duration': 1500, 'departure_time': 10800, 'arrival_time': 12300, 'day': 'current_day', 'from_stop_id': 'MH-R-0', 'to_stop_id': 'MH-L-0', 'trip_id': '0-1-4', 'agency_name': 'Unknown'}, {'duration': 30, 'departure_time': 12300, 'arrival_time': 12330, 'day': 'current_day', 'from_stop_id': 'MH-L-0', 'to_stop_id': 'MH-L-2', 'trip_id': 'walking', 'agency_name': 'Unknown'}, {'duration': 330, 'departure_time': 12540, 'arrival_time': 12870, 'day': 'current_day', 'from_stop_id': 'MH-L-2', 'to_stop_id': '27-2', 'trip_id': '2-0-15', 'agency_name': 'Unknown'}]}"
230,42,8130,inter,right,630,[231],[20; 30; 40; 60],500,375,1000,751,8505,8565.0,12990.0,13050.0,4425.0,4.0,231,40,,,pt,5671.0,13801.0,5671.0,"{'duration': 4425, 'source_transfer_time': 0, 'waiting_time': 225, 'trip_time': 4200, 'num_transfers': 4, 'departure_time': 8565, 'departure_day': 'current_day', 'arrival_time': 12990, 'arrival_day': 'current_day', 'steps': [{'duration': 570, 'departure_time': 8790, 'arrival_time': 9360, 'day': 'current_day', 'from_stop_id': '231-2', 'to_stop_id': 'MH-R-2', 'trip_id': '4-0-10', 'agency_name': 'Unknown'}, {'duration': 30, 'departure_time': 9360, 'arrival_time': 9390, 'day': 'current_day', 'from_stop_id': 'MH-R-2', 'to_stop_id': 'MH-R-0', 'trip_id': 'walking', 'agency_name': 'Unknown'}, {'duration': 1500, 'departure_time': 10800, 'arrival_time': 12300, 'day': 'current_day', 'from_stop_id': 'MH-R-0', 'to_stop_id': 'MH-L-0', 'trip_id': '0-1-4', 'agency_name': 'Unknown'}, {'duration': 30, 'departure_time': 12300, 'arrival_time': 12330, 'day': 'current_day', 'from_stop_id': 'MH-L-0', 'to_stop_id': 'MH-L-5', 'trip_id': 'walking', 'agency_name': 'Unknown'}, {'duration': 450, 'departure_time': 12540, 'arrival_time': 12990, 'day': 'current_day', 'from_stop_id': 'MH-L-5', 'to_stop_id': '40-5', 'trip_id': '8-1-15', 'agency_name': 'Unknown'}]}"
176,16,13860,inter,right,631,[176],[16],0,0,0,0,13860,13920.0,18390.0,18450.0,4470.0,4.0,176,16,,,pt,4590.0,18450.0,4590.0,"{'duration': 4470, 'source_transfer_time': 0, 'waiting_time': 390, 'trip_time': 4080, 'num_transfers': 4, 'departure_time': 13920, 'departure_day': 'current_day', 'arrival_time': 18390, 'arrival_day': 'current_day', 'steps': [{'duration': 450, 'departure_time': 14310, 'arrival_time': 14760, 'day': 'current_day', 'from_stop_id': '176-1', 'to_stop_id': 'MH-R-1', 'trip_id': '3-0-19', 'agency_name': 'Unknown'}, {'duration': 30, 'departure_time': 14760, 'arrival_time': 14790, 'day': 'current_day', 'from_stop_id': 'MH-R-1', 'to_stop_id': 'MH-R-0', 'trip_id': 'walking', 'agency_name': 'Unknown'}, {'duration': 1500, 'departure_time': 16200, 'arrival_time': 17700, 'day': 'current_day', 'from_stop_id': 'MH-R-0', 'to_stop_id': 'MH-L-0', 'trip_id': '0-1-7', 'agency_name': 'Unknown'}, {'duration': 30, 'departure_time': 17700, 'arrival_time': 17730, 'day': 'current_day', 'from_stop_id': 'MH-L-0', 'to_stop_id': 'MH-L-2', 'trip_id': 'walking', 'agency_name': 'Unknown'}, {'duration': 450, 'departure_time': 17940, 'arrival_time': 18390, 'day': 'current_day', 'from_stop_id': 'MH-L-2', 'to_stop_id': '16-2', 'trip_id': '2-0-24', 'agency_name': 'Unknown'}]}"
179,114,13020,inter,right,632,[179],[103; 115],0,0,500,375,13020,13080.0,17070.0,17130.0,3990.0,4.0,179,103,,,pt,4485.0,17505.0,4485.0,"{'duration': 3990, 'source_transfer_time': 0, 'waiting_time': 270, 'trip_time': 3720, 'num_transfers': 4, 'departure_time': 13080, 'departure_day': 'current_day', 'arrival_time': 17070, 'arrival_day': 'current_day', 'steps': [{'duration': 210, 'departure_time': 13350, 'arrival_time': 13560, 'day': 'current_day', 'from_stop_id': '179-1', 'to_stop_id': 'MH-R-1', 'trip_id': '3-1-17', 'agency_name': 'Unknown'}, {'duration': 30, 'departure_time': 13560, 'arrival_time': 13590, 'day': 'current_day', 'from_stop_id': 'MH-R-1', 'to_stop_id': 'MH-R-0', 'trip_id': 'walking', 'agency_name': 'Unknown'}, {'duration': 1500, 'departure_time': 14400, 'arrival_time': 15900, 'day': 'current_day', 'from_stop_id': 'MH-R-0', 'to_stop_id': 'MH-L-0', 'trip_id': '0-1-6', 'agency_name': 'Unknown'}, {'duration': 30, 'departure_time': 15900, 'arrival_time': 15930, 'day': 'current_day', 'from_stop_id': 'MH-L-0', 'to_stop_id': 'MH-L-4', 'trip_id': 'walking', 'agency_name': 'Unknown'}, {'duration': 930, 'departure_time': 16140, 'arrival_time': 17070, 'day': 'current_day', 'from_stop_id': 'MH-L-4', 'to_stop_id': '103-4', 'trip_id': '7-0-21', 'agency_name': 'Unknown'}]}"
210,57,5550,inter,right,633,[209],[57],500,375,0,0,5925,5985.0,9150.0,9210.0,3165.0,4.0,209,57,,,pt,3660.0,9210.0,3660.0,"{'duration': 3165, 'source_transfer_time': 0, 'waiting_time': 45, 'trip_time': 3120, 'num_transfers': 4, 'departure_time': 5985, 'departure_day': 'current_day', 'arrival_time': 9150, 'arrival_day': 'current_day', 'steps': [{'duration': 330, 'departure_time': 6030, 'arrival_time': 6360, 'day': 'current_day', 'from_stop_id': '209-2', 'to_stop_id': 'MH-R-2', 'trip_id': '4-0-5', 'agency_name': 'Unknown'}, {'duration': 30, 'departure_time': 6360, 'arrival_time': 6390, 'day': 'current_day', 'from_stop_id': 'MH-R-2', 'to_stop_id': 'MH-R-0', 'trip_id': 'walking', 'agency_name': 'Unknown'}, {'duration': 1500, 'departure_time': 7200, 'arrival_time': 8700, 'day': 'current_day', 'from_stop_id': 'MH-R-0', 'to_stop_id': 'MH-L-0', 'trip_id': '0-1-2', 'agency_name': 'Unknown'}, {'duration': 30, 'departure_time': 8700, 'arrival_time': 8730, 'day': 'current_day', 'from_stop_id': 'MH-L-0', 'to_stop_id': 'MH-L-1', 'trip_id': 'walking', 'agency_name': 'Unknown'}, {'duration': 210, 'departure_time': 8940, 'arrival_time': 9150, 'day': 'current_day', 'from_stop_id': 'MH-L-1', 'to_stop_id': '57-1', 'trip_id': '1-1-9', 'agency_name': 'Unknown'}]}"
215,109,13080,inter,right,634,[216; 226],[110],500,375,500,375,13455,13515.0,18510.0,18570.0,4995.0,4.0,216,110,,,pt,5865.0,18945.0,5865.0,"{'duration': 4995, 'source_transfer_time': 0, 'waiting_time': 315, 'trip_time': 4680, 'num_transfers': 4, 'departure_time': 13515, 'departure_day': 'current_day', 'arrival_time': 18510, 'arrival_day': 'current_day', 'steps': [{'duration': 930, 'departure_time': 13830, 'arrival_time': 14760, 'day': 'current_day', 'from_stop_id': '216-5', 'to_stop_id': 'MH-R-5', 'trip_id': '10-1-19', 'agency_name': 'Unknown'}, {'duration': 30, 'departure_time': 14760, 'arrival_time': 14790, 'day': 'current_day', 'from_stop_id': 'MH-R-5', 'to_stop_id': 'MH-R-0', 'trip_id': 'walking', 'agency_name': 'Unknown'}, {'duration': 1500, 'departure_time': 16200, 'arrival_time': 17700, 'day': 'current_day', 'from_stop_id': 'MH-R-0', 'to_stop_id': 'MH-L-0', 'trip_id': '0-1-7', 'agency_name': 'Unknown'}, {'duration': 30, 'departure_time': 17700, 'arrival_time': 17730, 'day': 'current_day', 'from_stop_id': 'MH-L-0', 'to_stop_id': 'MH-L-2', 'trip_id': 'walking', 'agency_name': 'Unknown'}, {'duration': 570, 'departure_time': 17940, 'arrival_time': 18510, 'day': 'current_day', 'from_stop_id': 'MH-L-2', 'to_stop_id': '110-2', 'trip_id': '2-1-24', 'agency_name': 'Unknown'}]}"
166,6,6750,inter,right,635,[176],[5],500,375,500,375,7125,7185.0,11310.0,11370.0,4125.0,4.0,176,5,,,pt,4995.0,11745.0,4995.0,"{'duration': 4125, 'source_transfer_time': 0, 'waiting_time': 525, 'trip_time': 3600, 'num_transfers': 4, 'departure_time': 7185, 'departure_day': 'current_day', 'arrival_time': 11310, 'arrival_day': 'current_day', 'steps': [{'duration': 450, 'departure_time': 7710, 'arrival_time': 8160, 'day': 'current_day', 'from_stop_id': '176-1', 'to_stop_id': 'MH-R-1', 'trip_id': '3-0-8', 'agency_name': 'Unknown'}, {'duration': 30, 'departure_time': 8160, 'arrival_time': 8190, 'day': 'current_day', 'from_stop_id': 'MH-R-1', 'to_stop_id': 'MH-R-0', 'trip_id': 'walking', 'agency_name': 'Unknown'}, {'duration': 1500, 'departure_time': 9000, 'arrival_time': 10500, 'day': 'current_day', 'from_stop_id': 'MH-R-0', 'to_stop_id': 'MH-L-0', 'trip_id': '0-1-3', 'agency_name': 'Unknown'}, {'duration': 30, 'departure_time': 10500, 'arrival_time': 10530, 'day': 'current_day', 'from_stop_id': 'MH-L-0', 'to_stop_id': 'MH-L-2', 'trip_id': 'walking', 'agency_name': 'Unknown'}, {'duration': 570, 'departure_time': 10740, 'arrival_time': 11310, 'day': 'current_day', 'from_stop_id': 'MH-L-2', 'to_stop_id': '5-2', 'trip_id': '2-0-12', 'agency_name': 'Unknown'}]}"
230,112,9270,inter,right,636,[231],[110],500,375,1000,751,9645,9705.0,13110.0,13170.0,3405.0,4.0,231,110,,,pt,4651.0,13921.0,4651.0,"{'duration': 3405, 'source_transfer_time': 0, 'waiting_time': 285, 'trip_time': 3120, 'num_transfers': 4, 'departure_time': 9705, 'departure_day': 'current_day', 'arrival_time': 13110, 'arrival_day': 'current_day', 'steps': [{'duration': 570, 'departure_time': 9990, 'arrival_time': 10560, 'day': 'current_day', 'from_stop_id': '231-2', 'to_stop_id': 'MH-R-2', 'trip_id': '4-0-12', 'agency_name': 'Unknown'}, {'duration': 30, 'departure_time': 10560, 'arrival_time': 10590, 'day': 'current_day', 'from_stop_id': 'MH-R-2', 'to_stop_id': 'MH-R-0', 'trip_id': 'walking', 'agency_name': 'Unknown'}, {'duration': 1500, 'departure_time': 10800, 'arrival_time': 12300, 'day': 'current_day', 'from_stop_id': 'MH-R-0', 'to_stop_id': 'MH-L-0', 'trip_id': '0-1-4', 'agency_name': 'Unknown'}, {'duration': 30, 'departure_time': 12300, 'arrival_time': 12330, 'day': 'current_day', 'from_stop_id': 'MH-L-0', 'to_stop_id': 'MH-L-2', 'trip_id': 'walking', 'agency_name': 'Unknown'}, {'duration': 570, 'departure_time': 12540, 'arrival_time': 13110, 'day': 'current_day', 'from_stop_id': 'MH-L-2', 'to_stop_id': '110-2', 'trip_id': '2-1-15', 'agency_name': 'Unknown'}]}"
225,45,11670,inter,right,637,[225],[55],0,0,500,375,11670,11730.0,16590.0,16650.0,4860.0,4.0,225,55,,,pt,5355.0,17025.0,5355.0,"{'duration': 4860, 'source_transfer_time': 0, 'waiting_time': 180, 'trip_time': 4680, 'num_transfers': 4, 'departure_time': 11730, 'departure_day': 'current_day', 'arrival_time': 16590, 'arrival_day': 'current_day', 'steps': [{'duration': 1050, 'departure_time': 11910, 'arrival_time': 12960, 'day': 'current_day', 'from_stop_id': '225-4', 'to_stop_id': 'MH-R-4', 'trip_id': '9-1-16', 'agency_name': 'Unknown'}, {'duration': 30, 'departure_time': 12960, 'arrival_time': 12990, 'day': 'current_day', 'from_stop_id': 'MH-R-4', 'to_stop_id': 'MH-R-0', 'trip_id': 'walking', 'agency_name': 'Unknown'}, {'duration': 1500, 'departure_time': 14400, 'arrival_time': 15900, 'day': 'current_day', 'from_stop_id': 'MH-R-0', 'to_stop_id': 'MH-L-0', 'trip_id': '0-1-6', 'agency_name': 'Unknown'}, {'duration': 30, 'departure_time': 15900, 'arrival_time': 15930, 'day': 'current_day', 'from_stop_id': 'MH-L-0', 'to_stop_id': 'MH-L-1', 'trip_id': 'walking', 'agency_name': 'Unknown'}, {'duration': 450, 'departure_time': 16140, 'arrival_time': 16590, 'day': 'current_day', 'from_stop_id': 'MH-L-1', 'to_stop_id': '55-1', 'trip_id': '1-1-21', 'agency_name': 'Unknown'}]}"
216,30,8970,inter,right,638,[216],[30],0,0,0,0,8970,9030.0,13230.0,13290.0,4200.0,4.0,216,30,,,pt,4320.0,13290.0,4320.0,"{'duration': 4200, 'source_transfer_time': 0, 'waiting_time': 0, 'trip_time': 4200, 'num_transfers': 4, 'departure_time': 9030, 'departure_day': 'current_day', 'arrival_time': 13230, 'arrival_day': 'current_day', 'steps': [{'duration': 930, 'departure_time': 9030, 'arrival_time': 9960, 'day': 'current_day', 'from_stop_id': '216-5', 'to_stop_id': 'MH-R-5', 'trip_id': '10-1-11', 'agency_name': 'Unknown'}, {'duration': 30, 'departure_time': 9960, 'arrival_time': 9990, 'day': 'current_day', 'from_stop_id': 'MH-R-5', 'to_stop_id': 'MH-R-0', 'trip_id': 'walking', 'agency_name': 'Unknown'}, {'duration': 1500, 'departure_time': 10800, 'arrival_time': 12300, 'day': 'current_day', 'from_stop_id': 'MH-R-0', 'to_stop_id': 'MH-L-0', 'trip_id': '0-1-4', 'agency_name': 'Unknown'}, {'duration': 30, 'departure_time': 12300, 'arrival_time': 12330, 'day': 'current_day', 'from_stop_id': 'MH-L-0', 'to_stop_id': 'MH-L-5', 'trip_id': 'walking', 'agency_name': 'Unknown'}, {'duration': 690, 'departure_time': 12540, 'arrival_time': 13230, 'day': 'current_day', 'from_stop_id': 'MH-L-5', 'to_stop_id': '30-5', 'trip_id': '8-1-15', 'agency_name': 'Unknown'}]}"
128,27,3960,inter,right,639,[126; 130; 140; 150],[27],1000,751,0,0,4711,4771.0,9270.0,9330.0,4499.0,4.0,126,27,,,pt,5370.0,9330.0,5370.0,"{'duration': 4499, 'source_transfer_time': 0, 'waiting_time': 419, 'trip_time': 4080, 'num_transfers': 4, 'departure_time': 4771, 'departure_day': 'current_day', 'arrival_time': 9270, 'arrival_day': 'current_day', 'steps': [{'duration': 570, 'departure_time': 5190, 'arrival_time': 5760, 'day': 'current_day', 'from_stop_id': '126-2', 'to_stop_id': 'MH-R-2', 'trip_id': '4-1-4', 'agency_name': 'Unknown'}, {'duration': 30, 'departure_time': 5760, 'arrival_time': 5790, 'day': 'current_day', 'from_stop_id': 'MH-R-2', 'to_stop_id': 'MH-R-0', 'trip_id': 'walking', 'agency_name': 'Unknown'}, {'duration': 1500, 'departure_time': 7200, 'arrival_time': 8700, 'day': 'current_day', 'from_stop_id': 'MH-R-0', 'to_stop_id': 'MH-L-0', 'trip_id': '0-1-2', 'agency_name': 'Unknown'}, {'duration': 30, 'departure_time': 8700, 'arrival_time': 8730, 'day': 'current_day', 'from_stop_id': 'MH-L-0', 'to_stop_id': 'MH-L-2', 'trip_id': 'walking', 'agency_name': 'Unknown'}, {'duration': 330, 'departure_time': 8940, 'arrival_time': 9270, 'day': 'current_day', 'from_stop_id': 'MH-L-2', 'to_stop_id': '27-2', 'trip_id': '2-0-9', 'agency_name': 'Unknown'}]}"
219,103,11250,inter,right,640,[220],[103],500,375,0,0,11625,11685.0,15270.0,15330.0,3585.0,4.0,220,103,,,pt,4080.0,15330.0,4080.0,"{'duration': 3585, 'source_transfer_time': 0, 'waiting_time': 225, 'trip_time': 3360, 'num_transfers': 4, 'departure_time': 11685, 'departure_day': 'current_day', 'arrival_time': 15270, 'arrival_day': 'current_day', 'steps': [{'duration': 450, 'departure_time': 11910, 'arrival_time': 12360, 'day': 'current_day', 'from_stop_id': '220-2', 'to_stop_id': 'MH-R-2', 'trip_id': '4-0-15', 'agency_name': 'Unknown'}, {'duration': 30, 'departure_time': 12360, 'arrival_time': 12390, 'day': 'current_day', 'from_stop_id': 'MH-R-2', 'to_stop_id': 'MH-R-0', 'trip_id': 'walking', 'agency_name': 'Unknown'}, {'duration': 1500, 'departure_time': 12600, 'arrival_time': 14100, 'day': 'current_day', 'from_stop_id': 'MH-R-0', 'to_stop_id': 'MH-L-0', 'trip_id': '0-1-5', 'agency_name': 'Unknown'}, {'duration': 30, 'departure_time': 14100, 'arrival_time': 14130, 'day': 'current_day', 'from_stop_id': 'MH-L-0', 'to_stop_id': 'MH-L-4', 'trip_id': 'walking', 'agency_name': 'Unknown'}, {'duration': 930, 'departure_time': 14340, 'arrival_time': 15270, 'day': 'current_day', 'from_stop_id': 'MH-L-4', 'to_stop_id': '103-4', 'trip_id': '7-0-18', 'agency_name': 'Unknown'}]}"
235,69,7200,inter,right,641,[224; 236],[59; 68; 80],500,375,500,375,7575,7635.0,11070.0,11130.0,3435.0,4.0,224,59,,,pt,4305.0,11505.0,4305.0,"{'duration': 3435, 'source_transfer_time': 0, 'waiting_time': 195, 'trip_time': 3240, 'num_transfers': 4, 'departure_time': 7635, 'departure_day': 'current_day', 'arrival_time': 11070, 'arrival_day': 'current_day', 'steps': [{'duration': 930, 'departure_time': 7830, 'arrival_time': 8760, 'day': 'current_day', 'from_stop_id': '224-4', 'to_stop_id': 'MH-R-4', 'trip_id': '9-1-9', 'agency_name': 'Unknown'}, {'duration': 30, 'departure_time': 8760, 'arrival_time': 8790, 'day': 'current_day', 'from_stop_id': 'MH-R-4', 'to_stop_id': 'MH-R-0', 'trip_id': 'walking', 'agency_name': 'Unknown'}, {'duration': 1500, 'departure_time': 9000, 'arrival_time': 10500, 'day': 'current_day', 'from_stop_id': 'MH-R-0', 'to_stop_id': 'MH-L-0', 'trip_id': '0-1-3', 'agency_name': 'Unknown'}, {'duration': 30, 'departure_time': 10500, 'arrival_time': 10530, 'day': 'current_day', 'from_stop_id': 'MH-L-0', 'to_stop_id': 'MH-L-1', 'trip_id': 'walking', 'agency_name': 'Unknown'}, {'duration': 330, 'departure_time': 10740, 'arrival_time': 11070, 'day': 'current_day', 'from_stop_id': 'MH-L-1', 'to_stop_id': '59-1', 'trip_id': '1-0-12', 'agency_name': 'Unknown'}]}"
201,59,12630,inter,right,642,[201],[59],0,0,0,0,12630,12690.0,16470.0,16530.0,3780.0,4.0,201,59,,,pt,3900.0,16530.0,3900.0,"{'duration': 3780, 'source_transfer_time': 0, 'waiting_time': 300, 'trip_time': 3480, 'num_transfers': 4, 'departure_time': 12690, 'departure_day': 'current_day', 'arrival_time': 16470, 'arrival_day': 'current_day', 'steps': [{'duration': 570, 'departure_time': 12990, 'arrival_time': 13560, 'day': 'current_day', 'from_stop_id': '201-4', 'to_stop_id': 'MH-R-4', 'trip_id': '9-1-17', 'agency_name': 'Unknown'}, {'duration': 30, 'departure_time': 13560, 'arrival_time': 13590, 'day': 'current_day', 'from_stop_id': 'MH-R-4', 'to_stop_id': 'MH-R-0', 'trip_id': 'walking', 'agency_name': 'Unknown'}, {'duration': 1500, 'departure_time': 14400, 'arrival_time': 15900, 'day': 'current_day', 'from_stop_id': 'MH-R-0', 'to_stop_id': 'MH-L-0', 'trip_id': '0-1-6', 'agency_name': 'Unknown'}, {'duration': 30, 'departure_time': 15900, 'arrival_time': 15930, 'day': 'current_day', 'from_stop_id': 'MH-L-0', 'to_stop_id': 'MH-L-1', 'trip_id': 'walking', 'agency_name': 'Unknown'}, {'duration': 330, 'departure_time': 16140, 'arrival_time': 16470, 'day': 'current_day', 'from_stop_id': 'MH-L-1', 'to_stop_id': '59-1', 'trip_id': '1-0-21', 'agency_name': 'Unknown'}]}"
162,111,6360,inter,right,643,[151; 161],[110],500,375,500,375,6735,6795.0,11310.0,11370.0,4515.0,4.0,151,110,,,pt,5385.0,11745.0,5385.0,"{'duration': 4515, 'source_transfer_time': 0, 'waiting_time': 75, 'trip_time': 4440, 'num_transfers': 4, 'departure_time': 6795, 'departure_day': 'current_day', 'arrival_time': 11310, 'arrival_day': 'current_day', 'steps': [{'duration': 690, 'departure_time': 6870, 'arrival_time': 7560, 'day': 'current_day', 'from_stop_id': '151-5', 'to_stop_id': 'MH-R-5', 'trip_id': '10-0-7', 'agency_name': 'Unknown'}, {'duration': 30, 'departure_time': 7560, 'arrival_time': 7590, 'day': 'current_day', 'from_stop_id': 'MH-R-5', 'to_stop_id': 'MH-R-0', 'trip_id': 'walking', 'agency_name': 'Unknown'}, {'duration': 1500, 'departure_time': 9000, 'arrival_time': 10500, 'day': 'current_day', 'from_stop_id': 'MH-R-0', 'to_stop_id': 'MH-L-0', 'trip_id': '0-1-3', 'agency_name': 'Unknown'}, {'duration': 30, 'departure_time': 10500, 'arrival_time': 10530, 'day': 'current_day', 'from_stop_id': 'MH-L-0', 'to_stop_id': 'MH-L-2', 'trip_id': 'walking', 'agency_name': 'Unknown'}, {'duration': 570, 'departure_time': 10740, 'arrival_time': 11310, 'day': 'current_day', 'from_stop_id': 'MH-L-2', 'to_stop_id': '110-2', 'trip_id': '2-1-12', 'agency_name': 'Unknown'}]}"
142,101,8550,inter,right,644,[131; 141],[79; 91; 99; 103],500,375,1000,751,8925,8985.0,12990.0,13050.0,4005.0,4.0,131,79,,,pt,5251.0,13801.0,5251.0,"{'duration': 4005, 'source_transfer_time': 0, 'waiting_time': 405, 'trip_time': 3600, 'num_transfers': 4, 'departure_time': 8985, 'departure_day': 'current_day', 'arrival_time': 12990, 'arrival_day': 'current_day', 'steps': [{'duration': 1170, 'departure_time': 9390, 'arrival_time': 10560, 'day': 'current_day', 'from_stop_id': '131-5', 'to_stop_id': 'MH-R-5', 'trip_id': '10-0-12', 'agency_name': 'Unknown'}, {'duration': 30, 'departure_time': 10560, 'arrival_time': 10590, 'day': 'current_day', 'from_stop_id': 'MH-R-5', 'to_stop_id': 'MH-R-0', 'trip_id': 'walking', 'agency_name': 'Unknown'}, {'duration': 1500, 'departure_time': 10800, 'arrival_time': 12300, 'day': 'current_day', 'from_stop_id': 'MH-R-0', 'to_stop_id': 'MH-L-0', 'trip_id': '0-1-4', 'agency_name': 'Unknown'}, {'duration': 30, 'departure_time': 12300, 'arrival_time': 12330, 'day': 'current_day', 'from_stop_id': 'MH-L-0', 'to_stop_id': 'MH-L-4', 'trip_id': 'walking', 'agency_name': 'Unknown'}, {'duration': 450, 'departure_time': 12540, 'arrival_time': 12990, 'day': 'current_day', 'from_stop_id': 'MH-L-4', 'to_stop_id': '79-4', 'trip_id': '7-0-15', 'agency_name': 'Unknown'}]}"
196,31,9090,inter,right,645,[196],[20; 30],0,0,500,375,9090,9150.0,13230.0,13290.0,4080.0,4.0,196,30,,,pt,4575.0,13665.0,4575.0,"{'duration': 4080, 'source_transfer_time': 0, 'waiting_time': 360, 'trip_time': 3720, 'num_transfers': 4, 'departure_time': 9150, 'departure_day': 'current_day', 'arrival_time': 13230, 'arrival_day': 'current_day', 'steps': [{'duration': 450, 'departure_time': 9510, 'arrival_time': 9960, 'day': 'current_day', 'from_stop_id': '196-5', 'to_stop_id': 'MH-R-5', 'trip_id': '10-1-11', 'agency_name': 'Unknown'}, {'duration': 30, 'departure_time': 9960, 'arrival_time': 9990, 'day': 'current_day', 'from_stop_id': 'MH-R-5', 'to_stop_id': 'MH-R-0', 'trip_id': 'walking', 'agency_name': 'Unknown'}, {'duration': 1500, 'departure_time': 10800, 'arrival_time': 12300, 'day': 'current_day', 'from_stop_id': 'MH-R-0', 'to_stop_id': 'MH-L-0', 'trip_id': '0-1-4', 'agency_name': 'Unknown'}, {'duration': 30, 'departure_time': 12300, 'arrival_time': 12330, 'day': 'current_day', 'from_stop_id': 'MH-L-0', 'to_stop_id': 'MH-L-5', 'trip_id': 'walking', 'agency_name': 'Unknown'}, {'duration': 690, 'departure_time': 12540, 'arrival_time': 13230, 'day': 'current_day', 'from_stop_id': 'MH-L-5', 'to_stop_id': '30-5', 'trip_id': '8-1-15', 'agency_name': 'Unknown'}]}"
204,63,6240,inter,right,646,[206; 216; 226],[55],1000,751,500,375,6991,7051.0,11190.0,11250.0,4139.0,4.0,206,55,,,pt,5385.0,11625.0,5385.0,"{'duration': 4139, 'source_transfer_time': 0, 'waiting_time': 419, 'trip_time': 3720, 'num_transfers': 4, 'departure_time': 7051, 'departure_day': 'current_day', 'arrival_time': 11190, 'arrival_day': 'current_day', 'steps': [{'duration': 690, 'departure_time': 7470, 'arrival_time': 8160, 'day': 'current_day', 'from_stop_id': '206-5', 'to_stop_id': 'MH-R-5', 'trip_id': '10-1-8', 'agency_name': 'Unknown'}, {'duration': 30, 'departure_time': 8160, 'arrival_time': 8190, 'day': 'current_day', 'from_stop_id': 'MH-R-5', 'to_stop_id': 'MH-R-0', 'trip_id': 'walking', 'agency_name': 'Unknown'}, {'duration': 1500, 'departure_time': 9000, 'arrival_time': 10500, 'day': 'current_day', 'from_stop_id': 'MH-R-0', 'to_stop_id': 'MH-L-0', 'trip_id': '0-1-3', 'agency_name': 'Unknown'}, {'duration': 30, 'departure_time': 10500, 'arrival_time': 10530, 'day': 'current_day', 'from_stop_id': 'MH-L-0', 'to_stop_id': 'MH-L-1', 'trip_id': 'walking', 'agency_name': 'Unknown'}, {'duration': 450, 'departure_time': 10740, 'arrival_time': 11190, 'day': 'current_day', 'from_stop_id': 'MH-L-1', 'to_stop_id': '55-1', 'trip_id': '1-1-12', 'agency_name': 'Unknown'}]}"
192,75,4770,inter,right,647,[182],[75],500,375,0,0,5145,5205.0,9390.0,9450.0,4185.0,4.0,182,75,,,pt,4680.0,9450.0,4680.0,"{'duration': 4185, 'source_transfer_time': 0, 'waiting_time': 585, 'trip_time': 3600, 'num_transfers': 4, 'departure_time': 5205, 'departure_day': 'current_day', 'arrival_time': 9390, 'arrival_day': 'current_day', 'steps': [{'duration': 570, 'departure_time': 5790, 'arrival_time': 6360, 'day': 'current_day', 'from_stop_id': '182-1', 'to_stop_id': 'MH-R-1', 'trip_id': '3-1-5', 'agency_name': 'Unknown'}, {'duration': 30, 'departure_time': 6360, 'arrival_time': 6390, 'day': 'current_day', 'from_stop_id': 'MH-R-1', 'to_stop_id': 'MH-R-0', 'trip_id': 'walking', 'agency_name': 'Unknown'}, {'duration': 1500, 'departure_time': 7200, 'arrival_time': 8700, 'day': 'current_day', 'from_stop_id': 'MH-R-0', 'to_stop_id': 'MH-L-0', 'trip_id': '0-1-2', 'agency_name': 'Unknown'}, {'duration': 30, 'departure_time': 8700, 'arrival_time': 8730, 'day': 'current_day', 'from_stop_id': 'MH-L-0', 'to_stop_id': 'MH-L-5', 'trip_id': 'walking', 'agency_name': 'Unknown'}, {'duration': 450, 'departure_time': 8940, 'arrival_time': 9390, 'day': 'current_day', 'from_stop_id': 'MH-L-5', 'to_stop_id': '75-5', 'trip_id': '8-0-9', 'agency_name': 'Unknown'}]}"
208,6,9300,inter,right,648,[197; 207; 209],[5],500,375,500,375,9675,9735.0,13110.0,13170.0,3375.0,4.0,197,5,,,pt,4245.0,13545.0,4245.0,"{'duration': 3375, 'source_transfer_time': 0, 'waiting_time': 495, 'trip_time': 2880, 'num_transfers': 4, 'departure_time': 9735, 'departure_day': 'current_day', 'arrival_time': 13110, 'arrival_day': 'current_day', 'steps': [{'duration': 330, 'departure_time': 10230, 'arrival_time': 10560, 'day': 'current_day', 'from_stop_id': '197-5', 'to_stop_id': 'MH-R-5', 'trip_id': '10-1-12', 'agency_name': 'Unknown'}, {'duration': 30, 'departure_time': 10560, 'arrival_time': 10590, 'day': 'current_day', 'from_stop_id': 'MH-R-5', 'to_stop_id': 'MH-R-0', 'trip_id': 'walking', 'agency_name': 'Unknown'}, {'duration': 1500, 'departure_time': 10800, 'arrival_time': 12300, 'day': 'current_day', 'from_stop_id': 'MH-R-0', 'to_stop_id': 'MH-L-0', 'trip_id': '0-1-4', 'agency_name': 'Unknown'}, {'duration': 30, 'departure_time': 12300, 'arrival_time': 12330, 'day': 'current_day', 'from_stop_id': 'MH-L-0', 'to_stop_id': 'MH-L-2', 'trip_id': 'walking', 'agency_name': 'Unknown'}, {'duration': 570, 'departure_time': 12540, 'arrival_time': 13110, 'day': 'current_day', 'from_stop_id': 'MH-L-2', 'to_stop_id': '5-2', 'trip_id': '2-0-15', 'agency_name': 'Unknown'}]}"
209,68,13770,inter,right,649,[209],[68],0,0,0,0,13770,13830.0,16470.0,16530.0,2640.0,4.0,209,68,,,pt,2760.0,16530.0,2760.0,"{'duration': 2640, 'source_transfer_time': 0, 'waiting_time': 0, 'trip_time': 2640, 'num_transfers': 4, 'departure_time': 13830, 'departure_day': 'current_day', 'arrival_time': 16470, 'arrival_day': 'current_day', 'steps': [{'duration': 330, 'departure_time': 13830, 'arrival_time': 14160, 'day': 'current_day', 'from_stop_id': '209-2', 'to_stop_id': 'MH-R-2', 'trip_id': '4-0-18', 'agency_name': 'Unknown'}, {'duration': 30, 'departure_time': 14160, 'arrival_time': 14190, 'day': 'current_day', 'from_stop_id': 'MH-R-2', 'to_stop_id': 'MH-R-0', 'trip_id': 'walking', 'agency_name': 'Unknown'}, {'duration': 1500, 'departure_time': 14400, 'arrival_time': 15900, 'day': 'current_day', 'from_stop_id': 'MH-R-0', 'to_stop_id': 'MH-L-0', 'trip_id': '0-1-6', 'agency_name': 'Unknown'}, {'duration': 30, 'departure_time': 15900, 'arrival_time': 15930, 'day': 'current_day', 'from_stop_id': 'MH-L-0', 'to_stop_id': 'MH-L-4', 'trip_id': 'walking', 'agency_name': 'Unknown'}, {'duration': 330, 'departure_time': 16140, 'arrival_time': 16470, 'day': 'current_day', 'from_stop_id': 'MH-L-4', 'to_stop_id': '68-4', 'trip_id': '7-0-21', 'agency_name': 'Unknown'}]}"
188,29,13680,inter,right,650,[188],[29],0,0,0,0,13680,13740.0,16710.0,16770.0,2970.0,4.0,188,29,,,pt,3090.0,16770.0,3090.0,"{'duration': 2970, 'source_transfer_time': 0, 'waiting_time': 210, 'trip_time': 2760, 'num_transfers': 4, 'departure_time': 13740, 'departure_day': 'current_day', 'arrival_time': 16710, 'arrival_day': 'current_day', 'steps': [{'duration': 210, 'departure_time': 13950, 'arrival_time': 14160, 'day': 'current_day', 'from_stop_id': '188-4', 'to_stop_id': 'MH-R-4', 'trip_id': '9-1-18', 'agency_name': 'Unknown'}, {'duration': 30, 'departure_time': 14160, 'arrival_time': 14190, 'day': 'current_day', 'from_stop_id': 'MH-R-4', 'to_stop_id': 'MH-R-0', 'trip_id': 'walking', 'agency_name': 'Unknown'}, {'duration': 1500, 'departure_time': 14400, 'arrival_time': 15900, 'day': 'current_day', 'from_stop_id': 'MH-R-0', 'to_stop_id': 'MH-L-0', 'trip_id': '0-1-6', 'agency_name': 'Unknown'}, {'duration': 30, 'departure_time': 15900, 'arrival_time': 15930, 'day': 'current_day', 'from_stop_id': 'MH-L-0', 'to_stop_id': 'MH-L-5', 'trip_id': 'walking', 'agency_name': 'Unknown'}, {'duration': 570, 'departure_time': 16140, 'arrival_time': 16710, 'day': 'current_day', 'from_stop_id': 'MH-L-5', 'to_stop_id': '29-5', 'trip_id': '8-1-21', 'agency_name': 'Unknown'}]}"
184,61,3930,inter,right,651,[176],[61],500,375,0,0,4305,4365.0,7710.0,7770.0,3345.0,4.0,176,61,,,pt,3840.0,7770.0,3840.0,"{'duration': 3345, 'source_transfer_time': 0, 'waiting_time': 345, 'trip_time': 3000, 'num_transfers': 4, 'departure_time': 4365, 'departure_day': 'current_day', 'arrival_time': 7710, 'arrival_day': 'current_day', 'steps': [{'duration': 450, 'departure_time': 4710, 'arrival_time': 5160, 'day': 'current_day', 'from_stop_id': '176-1', 'to_stop_id': 'MH-R-1', 'trip_id': '3-0-3', 'agency_name': 'Unknown'}, {'duration': 30, 'departure_time': 5160, 'arrival_time': 5190, 'day': 'current_day', 'from_stop_id': 'MH-R-1', 'to_stop_id': 'MH-R-0', 'trip_id': 'walking', 'agency_name': 'Unknown'}, {'duration': 1500, 'departure_time': 5400, 'arrival_time': 6900, 'day': 'current_day', 'from_stop_id': 'MH-R-0', 'to_stop_id': 'MH-L-0', 'trip_id': '0-1-1', 'agency_name': 'Unknown'}, {'duration': 30, 'departure_time': 6900, 'arrival_time': 6930, 'day': 'current_day', 'from_stop_id': 'MH-L-0', 'to_stop_id': 'MH-L-1', 'trip_id': 'walking', 'agency_name': 'Unknown'}, {'duration': 570, 'departure_time': 7140, 'arrival_time': 7710, 'day': 'current_day', 'from_stop_id': 'MH-L-1', 'to_stop_id': '61-1', 'trip_id': '1-0-6', 'agency_name': 'Unknown'}]}"
206,48,10950,inter,right,652,[206],[48],0,0,0,0,10950,11010.0,14550.0,14610.0,3540.0,4.0,206,48,,,pt,3660.0,14610.0,3660.0,"{'duration': 3540, 'source_transfer_time': 0, 'waiting_time': 60, 'trip_time': 3480, 'num_transfers': 4, 'departure_time': 11010, 'departure_day': 'current_day', 'arrival_time': 14550, 'arrival_day': 'current_day', 'steps': [{'duration': 690, 'departure_time': 11070, 'arrival_time': 11760, 'day': 'current_day', 'from_stop_id': '206-5', 'to_stop_id': 'MH-R-5', 'trip_id': '10-1-14', 'agency_name': 'Unknown'}, {'duration': 30, 'departure_time': 11760, 'arrival_time': 11790, 'day': 'current_day', 'from_stop_id': 'MH-R-5', 'to_stop_id': 'MH-R-0', 'trip_id': 'walking', 'agency_name': 'Unknown'}, {'duration': 1500, 'departure_time': 12600, 'arrival_time': 14100, 'day': 'current_day', 'from_stop_id': 'MH-R-0', 'to_stop_id': 'MH-L-0', 'trip_id': '0-1-5', 'agency_name': 'Unknown'}, {'duration': 30, 'departure_time': 14100, 'arrival_time': 14130, 'day': 'current_day', 'from_stop_id': 'MH-L-0', 'to_stop_id': 'MH-L-4', 'trip_id': 'walking', 'agency_name': 'Unknown'}, {'duration': 210, 'departure_time': 14340, 'arrival_time': 14550, 'day': 'current_day', 'from_stop_id': 'MH-L-4', 'to_stop_id': '48-4', 'trip_id': '7-1-18', 'agency_name': 'Unknown'}]}"
217,9,6000,inter,right,653,[217],[9],0,0,0,0,6000,6060.0,9990.0,10050.0,3930.0,4.0,217,9,,,pt,4050.0,10050.0,4050.0,"{'duration': 3930, 'source_transfer_time': 0, 'waiting_time': 90, 'trip_time': 3840, 'num_transfers': 4, 'departure_time': 6060, 'departure_day': 'current_day', 'arrival_time': 9990, 'arrival_day': 'current_day', 'steps': [{'duration': 810, 'departure_time': 6150, 'arrival_time': 6960, 'day': 'current_day', 'from_stop_id': '217-5', 'to_stop_id': 'MH-R-5', 'trip_id': '10-1-6', 'agency_name': 'Unknown'}, {'duration': 30, 'departure_time': 6960, 'arrival_time': 6990, 'day': 'current_day', 'from_stop_id': 'MH-R-5', 'to_stop_id': 'MH-R-0', 'trip_id': 'walking', 'agency_name': 'Unknown'}, {'duration': 1500, 'departure_time': 7200, 'arrival_time': 8700, 'day': 'current_day', 'from_stop_id': 'MH-R-0', 'to_stop_id': 'MH-L-0', 'trip_id': '0-1-2', 'agency_name': 'Unknown'}, {'duration': 30, 'departure_time': 8700, 'arrival_time': 8730, 'day': 'current_day', 'from_stop_id': 'MH-L-0', 'to_stop_id': 'MH-L-5', 'trip_id': 'walking', 'agency_name': 'Unknown'}, {'duration': 1050, 'departure_time': 8940, 'arrival_time': 9990, 'day': 'current_day', 'from_stop_id': 'MH-L-5', 'to_stop_id': '9-5', 'trip_id': '8-1-9', 'agency_name': 'Unknown'}]}"
214,80,13080,inter,right,654,[213; 225],[80],500,375,0,0,13455,13515.0,18510.0,18570.0,4995.0,4.0,213,80,,,pt,5490.0,18570.0,5490.0,"{'duration': 4995, 'source_transfer_time': 0, 'waiting_time': 435, 'trip_time': 4560, 'num_transfers': 4, 'departure_time': 13515, 'departure_day': 'current_day', 'arrival_time': 18510, 'arrival_day': 'current_day', 'steps': [{'duration': 810, 'departure_time': 13950, 'arrival_time': 14760, 'day': 'current_day', 'from_stop_id': '213-4', 'to_stop_id': 'MH-R-4', 'trip_id': '9-1-19', 'agency_name': 'Unknown'}, {'duration': 30, 'departure_time': 14760, 'arrival_time': 14790, 'day': 'current_day', 'from_stop_id': 'MH-R-4', 'to_stop_id': 'MH-R-0', 'trip_id': 'walking', 'agency_name': 'Unknown'}, {'duration': 1500, 'departure_time': 16200, 'arrival_time': 17700, 'day': 'current_day', 'from_stop_id': 'MH-R-0', 'to_stop_id': 'MH-L-0', 'trip_id': '0-1-7', 'agency_name': 'Unknown'}, {'duration': 30, 'departure_time': 17700, 'arrival_time': 17730, 'day': 'current_day', 'from_stop_id': 'MH-L-0', 'to_stop_id': 'MH-L-4', 'trip_id': 'walking', 'agency_name': 'Unknown'}, {'duration': 570, 'departure_time': 17940, 'arrival_time': 18510, 'day': 'current_day', 'from_stop_id': 'MH-L-4', 'to_stop_id': '80-4', 'trip_id': '7-0-24', 'agency_name': 'Unknown'}]}"
159,93,10770,inter,right,655,[159],[92; 104],0,0,500,375,10770,10830.0,15150.0,15210.0,4320.0,4.0,159,92,,,pt,4815.0,15585.0,4815.0,"{'duration': 4320, 'source_transfer_time': 0, 'waiting_time': 120, 'trip_time': 4200, 'num_transfers': 4, 'departure_time': 10830, 'departure_day': 'current_day', 'arrival_time': 15150, 'arrival_day': 'current_day', 'steps': [{'duration': 210, 'departure_time': 10950, 'arrival_time': 11160, 'day': 'current_day', 'from_stop_id': '159-2', 'to_stop_id': 'MH-R-2', 'trip_id': '4-1-13', 'agency_name': 'Unknown'}, {'duration': 30, 'departure_time': 11160, 'arrival_time': 11190, 'day': 'current_day', 'from_stop_id': 'MH-R-2', 'to_stop_id': 'MH-R-0', 'trip_id': 'walking', 'agency_name': 'Unknown'}, {'duration': 1500, 'departure_time': 12600, 'arrival_time': 14100, 'day': 'current_day', 'from_stop_id': 'MH-R-0', 'to_stop_id': 'MH-L-0', 'trip_id': '0-1-5', 'agency_name': 'Unknown'}, {'duration': 30, 'departure_time': 14100, 'arrival_time': 14130, 'day': 'current_day', 'from_stop_id': 'MH-L-0', 'to_stop_id': 'MH-L-4', 'trip_id': 'walking', 'agency_name': 'Unknown'}, {'duration': 810, 'departure_time': 14340, 'arrival_time': 15150, 'day': 'current_day', 'from_stop_id': 'MH-L-4', 'to_stop_id': '92-4', 'trip_id': '7-0-18', 'agency_name': 'Unknown'}]}"
165,32,14400,inter,right,656,[175],[10; 20; 30],500,375,1000,751,14775,14835.0,18630.0,18690.0,3795.0,4.0,175,30,,,pt,5041.0,19441.0,5041.0,"{'duration': 3795, 'source_transfer_time': 0, 'waiting_time': 555, 'trip_time': 3240, 'num_transfers': 4, 'departure_time': 14835, 'departure_day': 'current_day', 'arrival_time': 18630, 'arrival_day': 'current_day', 'steps': [{'duration': 570, 'departure_time': 15390, 'arrival_time': 15960, 'day': 'current_day', 'from_stop_id': '175-1', 'to_stop_id': 'MH-R-1', 'trip_id': '3-0-21', 'agency_name': 'Unknown'}, {'duration': 30, 'departure_time': 15960, 'arrival_time': 15990, 'day': 'current_day', 'from_stop_id': 'MH-R-1', 'to_stop_id': 'MH-R-0', 'trip_id': 'walking', 'agency_name': 'Unknown'}, {'duration': 1500, 'departure_time': 16200, 'arrival_time': 17700, 'day': 'current_day', 'from_stop_id': 'MH-R-0', 'to_stop_id': 'MH-L-0', 'trip_id': '0-1-7', 'agency_name': 'Unknown'}, {'duration': 30, 'departure_time': 17700, 'arrival_time': 17730, 'day': 'current_day', 'from_stop_id': 'MH-L-0', 'to_stop_id': 'MH-L-5', 'trip_id': 'walking', 'agency_name': 'Unknown'}, {'duration': 690, 'departure_time': 17940, 'arrival_time': 18630, 'day': 'current_day', 'from_stop_id': 'MH-L-5', 'to_stop_id': '30-5', 'trip_id': '8-1-24', 'agency_name': 'Unknown'}]}"
193,83,13890,inter,right,657,[175],[85; 95; 105],1000,751,1000,751,14641,14701.0,18630.0,18690.0,3929.0,4.0,175,85,,,pt,5551.0,19441.0,5551.0,"{'duration': 3929, 'source_transfer_time': 0, 'waiting_time': 89, 'trip_time': 3840, 'num_transfers': 4, 'departure_time': 14701, 'departure_day': 'current_day', 'arrival_time': 18630, 'arrival_day': 'current_day', 'steps': [{'duration': 570, 'departure_time': 14790, 'arrival_time': 15360, 'day': 'current_day', 'from_stop_id': '175-1', 'to_stop_id': 'MH-R-1', 'trip_id': '3-0-20', 'agency_name': 'Unknown'}, {'duration': 30, 'departure_time': 15360, 'arrival_time': 15390, 'day': 'current_day', 'from_stop_id': 'MH-R-1', 'to_stop_id': 'MH-R-0', 'trip_id': 'walking', 'agency_name': 'Unknown'}, {'duration': 1500, 'departure_time': 16200, 'arrival_time': 17700, 'day': 'current_day', 'from_stop_id': 'MH-R-0', 'to_stop_id': 'MH-L-0', 'trip_id': '0-1-7', 'agency_name': 'Unknown'}, {'duration': 30, 'departure_time': 17700, 'arrival_time': 17730, 'day': 'current_day', 'from_stop_id': 'MH-L-0', 'to_stop_id': 'MH-L-5', 'trip_id': 'walking', 'agency_name': 'Unknown'}, {'duration': 690, 'departure_time': 17940, 'arrival_time': 18630, 'day': 'current_day', 'from_stop_id': 'MH-L-5', 'to_stop_id': '85-5', 'trip_id': '8-0-24', 'agency_name': 'Unknown'}]}"
236,58,7680,inter,right,658,[236],[58],0,0,0,0,7680,7740.0,12750.0,12810.0,5010.0,4.0,236,58,,,pt,5130.0,12810.0,5130.0,"{'duration': 5010, 'source_transfer_time': 0, 'waiting_time': 450, 'trip_time': 4560, 'num_transfers': 4, 'departure_time': 7740, 'departure_day': 'current_day', 'arrival_time': 12750, 'arrival_day': 'current_day', 'steps': [{'duration': 1170, 'departure_time': 8190, 'arrival_time': 9360, 'day': 'current_day', 'from_stop_id': '236-4', 'to_stop_id': 'MH-R-4', 'trip_id': '9-1-10', 'agency_name': 'Unknown'}, {'duration': 30, 'departure_time': 9360, 'arrival_time': 9390, 'day': 'current_day', 'from_stop_id': 'MH-R-4', 'to_stop_id': 'MH-R-0', 'trip_id': 'walking', 'agency_name': 'Unknown'}, {'duration': 1500, 'departure_time': 10800, 'arrival_time': 12300, 'day': 'current_day', 'from_stop_id': 'MH-R-0', 'to_stop_id': 'MH-L-0', 'trip_id': '0-1-4', 'agency_name': 'Unknown'}, {'duration': 30, 'departure_time': 12300, 'arrival_time': 12330, 'day': 'current_day', 'from_stop_id': 'MH-L-0', 'to_stop_id': 'MH-L-1', 'trip_id': 'walking', 'agency_name': 'Unknown'}, {'duration': 210, 'departure_time': 12540, 'arrival_time': 12750, 'day': 'current_day', 'from_stop_id': 'MH-L-1', 'to_stop_id': '58-1', 'trip_id': '1-0-15', 'agency_name': 'Unknown'}]}"
132,82,4290,inter,right,659,[132],[61; 80; 92; 104],0,0,1000,751,4290,4350.0,9510.0,9570.0,5160.0,4.0,132,61,,,pt,6031.0,10321.0,6031.0,"{'duration': 5160, 'source_transfer_time': 0, 'waiting_time': 360, 'trip_time': 4800, 'num_transfers': 4, 'departure_time': 4350, 'departure_day': 'current_day', 'arrival_time': 9510, 'arrival_day': 'current_day', 'steps': [{'duration': 1050, 'departure_time': 4710, 'arrival_time': 5760, 'day': 'current_day', 'from_stop_id': '132-4', 'to_stop_id': 'MH-R-4', 'trip_id': '9-0-4', 'agency_name': 'Unknown'}, {'duration': 30, 'departure_time': 5760, 'arrival_time': 5790, 'day': 'current_day', 'from_stop_id': 'MH-R-4', 'to_stop_id': 'MH-R-0', 'trip_id': 'walking', 'agency_name': 'Unknown'}, {'duration': 1500, 'departure_time': 7200, 'arrival_time': 8700, 'day': 'current_day', 'from_stop_id': 'MH-R-0', 'to_stop_id': 'MH-L-0', 'trip_id': '0-1-2', 'agency_name': 'Unknown'}, {'duration': 30, 'departure_time': 8700, 'arrival_time': 8730, 'day': 'current_day', 'from_stop_id': 'MH-L-0', 'to_stop_id': 'MH-L-1', 'trip_id': 'walking', 'agency_name': 'Unknown'}, {'duration': 570, 'departure_time': 8940, 'arrival_time': 9510, 'day': 'current_day', 'from_stop_id': 'MH-L-1', 'to_stop_id': '61-1', 'trip_id': '1-0-9', 'agency_name': 'Unknown'}]}"
226,69,12810,inter,right,660,[226],[59; 68; 80],0,0,500,375,12810,12870.0,16470.0,16530.0,3600.0,4.0,226,59,,,pt,4095.0,16905.0,4095.0,"{'duration': 3600, 'source_transfer_time': 0, 'waiting_time': 120, 'trip_time': 3480, 'num_transfers': 4, 'departure_time': 12870, 'departure_day': 'current_day', 'arrival_time': 16470, 'arrival_day': 'current_day', 'steps': [{'duration': 1170, 'departure_time': 12990, 'arrival_time': 14160, 'day': 'current_day', 'from_stop_id': '226-5', 'to_stop_id': 'MH-R-5', 'trip_id': '10-1-18', 'agency_name': 'Unknown'}, {'duration': 30, 'departure_time': 14160, 'arrival_time': 14190, 'day': 'current_day', 'from_stop_id': 'MH-R-5', 'to_stop_id': 'MH-R-0', 'trip_id': 'walking', 'agency_name': 'Unknown'}, {'duration': 1500, 'departure_time': 14400, 'arrival_time': 15900, 'day': 'current_day', 'from_stop_id': 'MH-R-0', 'to_stop_id': 'MH-L-0', 'trip_id': '0-1-6', 'agency_name': 'Unknown'}, {'duration': 30, 'departure_time': 15900, 'arrival_time': 15930, 'day': 'current_day', 'from_stop_id': 'MH-L-0', 'to_stop_id': 'MH-L-1', 'trip_id': 'walking', 'agency_name': 'Unknown'}, {'duration': 330, 'departure_time': 16140, 'arrival_time': 16470, 'day': 'current_day', 'from_stop_id': 'MH-L-1', 'to_stop_id': '59-1', 'trip_id': '1-0-21', 'agency_name': 'Unknown'}]}"
166,44,8850,inter,right,661,[176],[54],500,375,500,375,9225,9285.0,13110.0,13170.0,3825.0,4.0,176,54,,,pt,4695.0,13545.0,4695.0,"{'duration': 3825, 'source_transfer_time': 0, 'waiting_time': 225, 'trip_time': 3600, 'num_transfers': 4, 'departure_time': 9285, 'departure_day': 'current_day', 'arrival_time': 13110, 'arrival_day': 'current_day', 'steps': [{'duration': 450, 'departure_time': 9510, 'arrival_time': 9960, 'day': 'current_day', 'from_stop_id': '176-1', 'to_stop_id': 'MH-R-1', 'trip_id': '3-0-11', 'agency_name': 'Unknown'}, {'duration': 30, 'departure_time': 9960, 'arrival_time': 9990, 'day': 'current_day', 'from_stop_id': 'MH-R-1', 'to_stop_id': 'MH-R-0', 'trip_id': 'walking', 'agency_name': 'Unknown'}, {'duration': 1500, 'departure_time': 10800, 'arrival_time': 12300, 'day': 'current_day', 'from_stop_id': 'MH-R-0', 'to_stop_id': 'MH-L-0', 'trip_id': '0-1-4', 'agency_name': 'Unknown'}, {'duration': 30, 'departure_time': 12300, 'arrival_time': 12330, 'day': 'current_day', 'from_stop_id': 'MH-L-0', 'to_stop_id': 'MH-L-1', 'trip_id': 'walking', 'agency_name': 'Unknown'}, {'duration': 570, 'departure_time': 12540, 'arrival_time': 13110, 'day': 'current_day', 'from_stop_id': 'MH-L-1', 'to_stop_id': '54-1', 'trip_id': '1-1-15', 'agency_name': 'Unknown'}]}"
184,78,7350,inter,right,662,[176],[67; 77; 79],500,375,500,375,7725,7785.0,10950.0,11010.0,3165.0,4.0,176,67,,,pt,4035.0,11385.0,4035.0,"{'duration': 3165, 'source_transfer_time': 0, 'waiting_time': 525, 'trip_time': 2640, 'num_transfers': 4, 'departure_time': 7785, 'departure_day': 'current_day', 'arrival_time': 10950, 'arrival_day': 'current_day', 'steps': [{'duration': 450, 'departure_time': 8310, 'arrival_time': 8760, 'day': 'current_day', 'from_stop_id': '176-1', 'to_stop_id': 'MH-R-1', 'trip_id': '3-0-9', 'agency_name': 'Unknown'}, {'duration': 30, 'departure_time': 8760, 'arrival_time': 8790, 'day': 'current_day', 'from_stop_id': 'MH-R-1', 'to_stop_id': 'MH-R-0', 'trip_id': 'walking', 'agency_name': 'Unknown'}, {'duration': 1500, 'departure_time': 9000, 'arrival_time': 10500, 'day': 'current_day', 'from_stop_id': 'MH-R-0', 'to_stop_id': 'MH-L-0', 'trip_id': '0-1-3', 'agency_name': 'Unknown'}, {'duration': 30, 'departure_time': 10500, 'arrival_time': 10530, 'day': 'current_day', 'from_stop_id': 'MH-L-0', 'to_stop_id': 'MH-L-4', 'trip_id': 'walking', 'agency_name': 'Unknown'}, {'duration': 210, 'departure_time': 10740, 'arrival_time': 10950, 'day': 'current_day', 'from_stop_id': 'MH-L-4', 'to_stop_id': '67-4', 'trip_id': '7-0-12', 'agency_name': 'Unknown'}]}"
147,84,6900,inter,right,663,[148],[85; 95],500,375,500,375,7275,7335.0,11430.0,11490.0,4095.0,4.0,148,85,,,pt,4965.0,11865.0,4965.0,"{'duration': 4095, 'source_transfer_time': 0, 'waiting_time': 495, 'trip_time': 3600, 'num_transfers': 4, 'departure_time': 7335, 'departure_day': 'current_day', 'arrival_time': 11430, 'arrival_day': 'current_day', 'steps': [{'duration': 330, 'departure_time': 7830, 'arrival_time': 8160, 'day': 'current_day', 'from_stop_id': '148-2', 'to_stop_id': 'MH-R-2', 'trip_id': '4-1-8', 'agency_name': 'Unknown'}, {'duration': 30, 'departure_time': 8160, 'arrival_time': 8190, 'day': 'current_day', 'from_stop_id': 'MH-R-2', 'to_stop_id': 'MH-R-0', 'trip_id': 'walking', 'agency_name': 'Unknown'}, {'duration': 1500, 'departure_time': 9000, 'arrival_time': 10500, 'day': 'current_day', 'from_stop_id': 'MH-R-0', 'to_stop_id': 'MH-L-0', 'trip_id': '0-1-3', 'agency_name': 'Unknown'}, {'duration': 30, 'departure_time': 10500, 'arrival_time': 10530, 'day': 'current_day', 'from_stop_id': 'MH-L-0', 'to_stop_id': 'MH-L-5', 'trip_id': 'walking', 'agency_name': 'Unknown'}, {'duration': 690, 'departure_time': 10740, 'arrival_time': 11430, 'day': 'current_day', 'from_stop_id': 'MH-L-5', 'to_stop_id': '85-5', 'trip_id': '8-0-12', 'agency_name': 'Unknown'}]}"
140,73,10320,inter,right,664,[140],[55; 75; 85; 95],0,0,1000,751,10320,10380.0,14790.0,14850.0,4410.0,4.0,140,55,,,pt,5281.0,15601.0,5281.0,"{'duration': 4410, 'source_transfer_time': 0, 'waiting_time': 570, 'trip_time': 3840, 'num_transfers': 4, 'departure_time': 10380, 'departure_day': 'current_day', 'arrival_time': 14790, 'arrival_day': 'current_day', 'steps': [{'duration': 810, 'departure_time': 10950, 'arrival_time': 11760, 'day': 'current_day', 'from_stop_id': '140-5', 'to_stop_id': 'MH-R-5', 'trip_id': '10-0-14', 'agency_name': 'Unknown'}, {'duration': 30, 'departure_time': 11760, 'arrival_time': 11790, 'day': 'current_day', 'from_stop_id': 'MH-R-5', 'to_stop_id': 'MH-R-0', 'trip_id': 'walking', 'agency_name': 'Unknown'}, {'duration': 1500, 'departure_time': 12600, 'arrival_time': 14100, 'day': 'current_day', 'from_stop_id': 'MH-R-0', 'to_stop_id': 'MH-L-0', 'trip_id': '0-1-5', 'agency_name': 'Unknown'}, {'duration': 30, 'departure_time': 14100, 'arrival_time': 14130, 'day': 'current_day', 'from_stop_id': 'MH-L-0', 'to_stop_id': 'MH-L-1', 'trip_id': 'walking', 'agency_name': 'Unknown'}, {'duration': 450, 'departure_time': 14340, 'arrival_time': 14790, 'day': 'current_day', 'from_stop_id': 'MH-L-1', 'to_stop_id': '55-1', 'trip_id': '1-1-18', 'agency_name': 'Unknown'}]}"
159,42,3750,inter,right,665,[159],[20; 30; 40; 60],0,0,1000,751,3750,3810.0,7590.0,7650.0,3780.0,4.0,159,40,,,pt,4651.0,8401.0,4651.0,"{'duration': 3780, 'source_transfer_time': 0, 'waiting_time': 540, 'trip_time': 3240, 'num_transfers': 4, 'departure_time': 3810, 'departure_day': 'current_day', 'arrival_time': 7590, 'arrival_day': 'current_day', 'steps': [{'duration': 210, 'departure_time': 4350, 'arrival_time': 4560, 'day': 'current_day', 'from_stop_id': '159-2', 'to_stop_id': 'MH-R-2', 'trip_id': '4-1-2', 'agency_name': 'Unknown'}, {'duration': 30, 'departure_time': 4560, 'arrival_time': 4590, 'day': 'current_day', 'from_stop_id': 'MH-R-2', 'to_stop_id': 'MH-R-0', 'trip_id': 'walking', 'agency_name': 'Unknown'}, {'duration': 1500, 'departure_time': 5400, 'arrival_time': 6900, 'day': 'current_day', 'from_stop_id': 'MH-R-0', 'to_stop_id': 'MH-L-0', 'trip_id': '0-1-1', 'agency_name': 'Unknown'}, {'duration': 30, 'departure_time': 6900, 'arrival_time': 6930, 'day': 'current_day', 'from_stop_id': 'MH-L-0', 'to_stop_id': 'MH-L-5', 'trip_id': 'walking', 'agency_name': 'Unknown'}, {'duration': 450, 'departure_time': 7140, 'arrival_time': 7590, 'day': 'current_day', 'from_stop_id': 'MH-L-5', 'to_stop_id': '40-5', 'trip_id': '8-1-6', 'agency_name': 'Unknown'}]}"
140,74,9030,inter,right,666,[140],[75; 85],0,0,500,375,9030,9090.0,12990.0,13050.0,3900.0,4.0,140,75,,,pt,4395.0,13425.0,4395.0,"{'duration': 3900, 'source_transfer_time': 0, 'waiting_time': 60, 'trip_time': 3840, 'num_transfers': 4, 'departure_time': 9090, 'departure_day': 'current_day', 'arrival_time': 12990, 'arrival_day': 'current_day', 'steps': [{'duration': 810, 'departure_time': 9150, 'arrival_time': 9960, 'day': 'current_day', 'from_stop_id': '140-5', 'to_stop_id': 'MH-R-5', 'trip_id': '10-0-11', 'agency_name': 'Unknown'}, {'duration': 30, 'departure_time': 9960, 'arrival_time': 9990, 'day': 'current_day', 'from_stop_id': 'MH-R-5', 'to_stop_id': 'MH-R-0', 'trip_id': 'walking', 'agency_name': 'Unknown'}, {'duration': 1500, 'departure_time': 10800, 'arrival_time': 12300, 'day': 'current_day', 'from_stop_id': 'MH-R-0', 'to_stop_id': 'MH-L-0', 'trip_id': '0-1-4', 'agency_name': 'Unknown'}, {'duration': 30, 'departure_time': 12300, 'arrival_time': 12330, 'day': 'current_day', 'from_stop_id': 'MH-L-0', 'to_stop_id': 'MH-L-5', 'trip_id': 'walking', 'agency_name': 'Unknown'}, {'duration': 450, 'departure_time': 12540, 'arrival_time': 12990, 'day': 'current_day', 'from_stop_id': 'MH-L-5', 'to_stop_id': '75-5', 'trip_id': '8-0-15', 'agency_name': 'Unknown'}]}"
189,44,6510,inter,right,667,[189],[54],0,0,500,375,6510,6570.0,9510.0,9570.0,2940.0,4.0,189,54,,,pt,3435.0,9945.0,3435.0,"{'duration': 2940, 'source_transfer_time': 0, 'waiting_time': 60, 'trip_time': 2880, 'num_transfers': 4, 'departure_time': 6570, 'departure_day': 'current_day', 'arrival_time': 9510, 'arrival_day': 'current_day', 'steps': [{'duration': 330, 'departure_time': 6630, 'arrival_time': 6960, 'day': 'current_day', 'from_stop_id': '189-4', 'to_stop_id': 'MH-R-4', 'trip_id': '9-1-6', 'agency_name': 'Unknown'}, {'duration': 30, 'departure_time': 6960, 'arrival_time': 6990, 'day': 'current_day', 'from_stop_id': 'MH-R-4', 'to_stop_id': 'MH-R-0', 'trip_id': 'walking', 'agency_name': 'Unknown'}, {'duration': 1500, 'departure_time': 7200, 'arrival_time': 8700, 'day': 'current_day', 'from_stop_id': 'MH-R-0', 'to_stop_id': 'MH-L-0', 'trip_id': '0-1-2', 'agency_name': 'Unknown'}, {'duration': 30, 'departure_time': 8700, 'arrival_time': 8730, 'day': 'current_day', 'from_stop_id': 'MH-L-0', 'to_stop_id': 'MH-L-1', 'trip_id': 'walking', 'agency_name': 'Unknown'}, {'duration': 570, 'departure_time': 8940, 'arrival_time': 9510, 'day': 'current_day', 'from_stop_id': 'MH-L-1', 'to_stop_id': '54-1', 'trip_id': '1-1-9', 'agency_name': 'Unknown'}]}"
226,75,6600,inter,right,668,[226],[75],0,0,0,0,6600,6660.0,11190.0,11250.0,4530.0,4.0,226,75,,,pt,4650.0,11250.0,4650.0,"{'duration': 4530, 'source_transfer_time': 0, 'waiting_time': 330, 'trip_time': 4200, 'num_transfers': 4, 'departure_time': 6660, 'departure_day': 'current_day', 'arrival_time': 11190, 'arrival_day': 'current_day', 'steps': [{'duration': 1170, 'departure_time': 6990, 'arrival_time': 8160, 'day': 'current_day', 'from_stop_id': '226-5', 'to_stop_id': 'MH-R-5', 'trip_id': '10-1-8', 'agency_name': 'Unknown'}, {'duration': 30, 'departure_time': 8160, 'arrival_time': 8190, 'day': 'current_day', 'from_stop_id': 'MH-R-5', 'to_stop_id': 'MH-R-0', 'trip_id': 'walking', 'agency_name': 'Unknown'}, {'duration': 1500, 'departure_time': 9000, 'arrival_time': 10500, 'day': 'current_day', 'from_stop_id': 'MH-R-0', 'to_stop_id': 'MH-L-0', 'trip_id': '0-1-3', 'agency_name': 'Unknown'}, {'duration': 30, 'departure_time': 10500, 'arrival_time': 10530, 'day': 'current_day', 'from_stop_id': 'MH-L-0', 'to_stop_id': 'MH-L-5', 'trip_id': 'walking', 'agency_name': 'Unknown'}, {'duration': 450, 'departure_time': 10740, 'arrival_time': 11190, 'day': 'current_day', 'from_stop_id': 'MH-L-5', 'to_stop_id': '75-5', 'trip_id': '8-0-12', 'agency_name': 'Unknown'}]}"
142,67,5340,inter,right,669,[131; 141],[67],500,375,0,0,5715,5775.0,9150.0,9210.0,3375.0,4.0,131,67,,,pt,3870.0,9210.0,3870.0,"{'duration': 3375, 'source_transfer_time': 0, 'waiting_time': 15, 'trip_time': 3360, 'num_transfers': 4, 'departure_time': 5775, 'departure_day': 'current_day', 'arrival_time': 9150, 'arrival_day': 'current_day', 'steps': [{'duration': 1170, 'departure_time': 5790, 'arrival_time': 6960, 'day': 'current_day', 'from_stop_id': '131-5', 'to_stop_id': 'MH-R-5', 'trip_id': '10-0-6', 'agency_name': 'Unknown'}, {'duration': 30, 'departure_time': 6960, 'arrival_time': 6990, 'day': 'current_day', 'from_stop_id': 'MH-R-5', 'to_stop_id': 'MH-R-0', 'trip_id': 'walking', 'agency_name': 'Unknown'}, {'duration': 1500, 'departure_time': 7200, 'arrival_time': 8700, 'day': 'current_day', 'from_stop_id': 'MH-R-0', 'to_stop_id': 'MH-L-0', 'trip_id': '0-1-2', 'agency_name': 'Unknown'}, {'duration': 30, 'departure_time': 8700, 'arrival_time': 8730, 'day': 'current_day', 'from_stop_id': 'MH-L-0', 'to_stop_id': 'MH-L-4', 'trip_id': 'walking', 'agency_name': 'Unknown'}, {'duration': 210, 'departure_time': 8940, 'arrival_time': 9150, 'day': 'current_day', 'from_stop_id': 'MH-L-4', 'to_stop_id': '67-4', 'trip_id': '7-0-9', 'agency_name': 'Unknown'}]}"
201,100,13140,inter,right,670,[201],[99],0,0,500,375,13140,13200.0,16590.0,16650.0,3390.0,4.0,201,99,,,pt,3885.0,17025.0,3885.0,"{'duration': 3390, 'source_transfer_time': 0, 'waiting_time': 390, 'trip_time': 3000, 'num_transfers': 4, 'departure_time': 13200, 'departure_day': 'current_day', 'arrival_time': 16590, 'arrival_day': 'current_day', 'steps': [{'duration': 570, 'departure_time': 13590, 'arrival_time': 14160, 'day': 'current_day', 'from_stop_id': '201-4', 'to_stop_id': 'MH-R-4', 'trip_id': '9-1-18', 'agency_name': 'Unknown'}, {'duration': 30, 'departure_time': 14160, 'arrival_time': 14190, 'day': 'current_day', 'from_stop_id': 'MH-R-4', 'to_stop_id': 'MH-R-0', 'trip_id': 'walking', 'agency_name': 'Unknown'}, {'duration': 1500, 'departure_time': 14400, 'arrival_time': 15900, 'day': 'current_day', 'from_stop_id': 'MH-R-0', 'to_stop_id': 'MH-L-0', 'trip_id': '0-1-6', 'agency_name': 'Unknown'}, {'duration': 30, 'departure_time': 15900, 'arrival_time': 15930, 'day': 'current_day', 'from_stop_id': 'MH-L-0', 'to_stop_id': 'MH-L-2', 'trip_id': 'walking', 'agency_name': 'Unknown'}, {'duration': 450, 'departure_time': 16140, 'arrival_time': 16590, 'day': 'current_day', 'from_stop_id': 'MH-L-2', 'to_stop_id': '99-2', 'trip_id': '2-1-21', 'agency_name': 'Unknown'}]}"
156,39,11910,inter,right,671,[156],[39],0,0,0,0,11910,11970.0,16470.0,16530.0,4500.0,4.0,156,39,,,pt,4620.0,16530.0,4620.0,"{'duration': 4500, 'source_transfer_time': 0, 'waiting_time': 420, 'trip_time': 4080, 'num_transfers': 4, 'departure_time': 11970, 'departure_day': 'current_day', 'arrival_time': 16470, 'arrival_day': 'current_day', 'steps': [{'duration': 570, 'departure_time': 12390, 'arrival_time': 12960, 'day': 'current_day', 'from_stop_id': '156-4', 'to_stop_id': 'MH-R-4', 'trip_id': '9-0-16', 'agency_name': 'Unknown'}, {'duration': 30, 'departure_time': 12960, 'arrival_time': 12990, 'day': 'current_day', 'from_stop_id': 'MH-R-4', 'to_stop_id': 'MH-R-0', 'trip_id': 'walking', 'agency_name': 'Unknown'}, {'duration': 1500, 'departure_time': 14400, 'arrival_time': 15900, 'day': 'current_day', 'from_stop_id': 'MH-R-0', 'to_stop_id': 'MH-L-0', 'trip_id': '0-1-6', 'agency_name': 'Unknown'}, {'duration': 30, 'departure_time': 15900, 'arrival_time': 15930, 'day': 'current_day', 'from_stop_id': 'MH-L-0', 'to_stop_id': 'MH-L-5', 'trip_id': 'walking', 'agency_name': 'Unknown'}, {'duration': 330, 'departure_time': 16140, 'arrival_time': 16470, 'day': 'current_day', 'from_stop_id': 'MH-L-5', 'to_stop_id': '39-5', 'trip_id': '8-1-21', 'agency_name': 'Unknown'}]}"
190,88,5070,inter,right,672,[180; 189; 201],[88],500,375,0,0,5445,5505.0,9270.0,9330.0,3765.0,4.0,180,88,,,pt,4260.0,9330.0,4260.0,"{'duration': 3765, 'source_transfer_time': 0, 'waiting_time': 525, 'trip_time': 3240, 'num_transfers': 4, 'departure_time': 5505, 'departure_day': 'current_day', 'arrival_time': 9270, 'arrival_day': 'current_day', 'steps': [{'duration': 330, 'departure_time': 6030, 'arrival_time': 6360, 'day': 'current_day', 'from_stop_id': '180-1', 'to_stop_id': 'MH-R-1', 'trip_id': '3-1-5', 'agency_name': 'Unknown'}, {'duration': 30, 'departure_time': 6360, 'arrival_time': 6390, 'day': 'current_day', 'from_stop_id': 'MH-R-1', 'to_stop_id': 'MH-R-0', 'trip_id': 'walking', 'agency_name': 'Unknown'}, {'duration': 1500, 'departure_time': 7200, 'arrival_time': 8700, 'day': 'current_day', 'from_stop_id': 'MH-R-0', 'to_stop_id': 'MH-L-0', 'trip_id': '0-1-2', 'agency_name': 'Unknown'}, {'duration': 30, 'departure_time': 8700, 'arrival_time': 8730, 'day': 'current_day', 'from_stop_id': 'MH-L-0', 'to_stop_id': 'MH-L-2', 'trip_id': 'walking', 'agency_name': 'Unknown'}, {'duration': 330, 'departure_time': 8940, 'arrival_time': 9270, 'day': 'current_day', 'from_stop_id': 'MH-L-2', 'to_stop_id': '88-2', 'trip_id': '2-1-9', 'agency_name': 'Unknown'}]}"
226,51,8190,inter,right,673,[226],[59],0,0,500,375,8190,8250.0,12870.0,12930.0,4620.0,4.0,226,59,,,pt,5115.0,13305.0,5115.0,"{'duration': 4620, 'source_transfer_time': 0, 'waiting_time': 540, 'trip_time': 4080, 'num_transfers': 4, 'departure_time': 8250, 'departure_day': 'current_day', 'arrival_time': 12870, 'arrival_day': 'current_day', 'steps': [{'duration': 1170, 'departure_time': 8790, 'arrival_time': 9960, 'day': 'current_day', 'from_stop_id': '226-5', 'to_stop_id': 'MH-R-5', 'trip_id': '10-1-11', 'agency_name': 'Unknown'}, {'duration': 30, 'departure_time': 9960, 'arrival_time': 9990, 'day': 'current_day', 'from_stop_id': 'MH-R-5', 'to_stop_id': 'MH-R-0', 'trip_id': 'walking', 'agency_name': 'Unknown'}, {'duration': 1500, 'departure_time': 10800, 'arrival_time': 12300, 'day': 'current_day', 'from_stop_id': 'MH-R-0', 'to_stop_id': 'MH-L-0', 'trip_id': '0-1-4', 'agency_name': 'Unknown'}, {'duration': 30, 'departure_time': 12300, 'arrival_time': 12330, 'day': 'current_day', 'from_stop_id': 'MH-L-0', 'to_stop_id': 'MH-L-1', 'trip_id': 'walking', 'agency_name': 'Unknown'}, {'duration': 330, 'departure_time': 12540, 'arrival_time': 12870, 'day': 'current_day', 'from_stop_id': 'MH-L-1', 'to_stop_id': '59-1', 'trip_id': '1-0-15', 'agency_name': 'Unknown'}]}"
167,84,9000,inter,right,674,[156; 168; 177],[85; 95],500,375,500,375,9375,9435.0,13230.0,13290.0,3795.0,4.0,156,85,,,pt,4665.0,13665.0,4665.0,"{'duration': 3795, 'source_transfer_time': 0, 'waiting_time': 555, 'trip_time': 3240, 'num_transfers': 4, 'departure_time': 9435, 'departure_day': 'current_day', 'arrival_time': 13230, 'arrival_day': 'current_day', 'steps': [{'duration': 570, 'departure_time': 9990, 'arrival_time': 10560, 'day': 'current_day', 'from_stop_id': '156-4', 'to_stop_id': 'MH-R-4', 'trip_id': '9-0-12', 'agency_name': 'Unknown'}, {'duration': 30, 'departure_time': 10560, 'arrival_time': 10590, 'day': 'current_day', 'from_stop_id': 'MH-R-4', 'to_stop_id': 'MH-R-0', 'trip_id': 'walking', 'agency_name': 'Unknown'}, {'duration': 1500, 'departure_time': 10800, 'arrival_time': 12300, 'day': 'current_day', 'from_stop_id': 'MH-R-0', 'to_stop_id': 'MH-L-0', 'trip_id': '0-1-4', 'agency_name': 'Unknown'}, {'duration': 30, 'departure_time': 12300, 'arrival_time': 12330, 'day': 'current_day', 'from_stop_id': 'MH-L-0', 'to_stop_id': 'MH-L-5', 'trip_id': 'walking', 'agency_name': 'Unknown'}, {'duration': 690, 'departure_time': 12540, 'arrival_time': 13230, 'day': 'current_day', 'from_stop_id': 'MH-L-5', 'to_stop_id': '85-5', 'trip_id': '8-0-15', 'agency_name': 'Unknown'}]}"
173,17,12720,inter,right,675,[181],[16],500,375,500,375,13095,13155.0,16590.0,16650.0,3435.0,4.0,181,16,,,pt,4305.0,17025.0,4305.0,"{'duration': 3435, 'source_transfer_time': 0, 'waiting_time': 555, 'trip_time': 2880, 'num_transfers': 4, 'departure_time': 13155, 'departure_day': 'current_day', 'arrival_time': 16590, 'arrival_day': 'current_day', 'steps': [{'duration': 450, 'departure_time': 13710, 'arrival_time': 14160, 'day': 'current_day', 'from_stop_id': '181-1', 'to_stop_id': 'MH-R-1', 'trip_id': '3-1-18', 'agency_name': 'Unknown'}, {'duration': 30, 'departure_time': 14160, 'arrival_time': 14190, 'day': 'current_day', 'from_stop_id': 'MH-R-1', 'to_stop_id': 'MH-R-0', 'trip_id': 'walking', 'agency_name': 'Unknown'}, {'duration': 1500, 'departure_time': 14400, 'arrival_time': 15900, 'day': 'current_day', 'from_stop_id': 'MH-R-0', 'to_stop_id': 'MH-L-0', 'trip_id': '0-1-6', 'agency_name': 'Unknown'}, {'duration': 30, 'departure_time': 15900, 'arrival_time': 15930, 'day': 'current_day', 'from_stop_id': 'MH-L-0', 'to_stop_id': 'MH-L-2', 'trip_id': 'walking', 'agency_name': 'Unknown'}, {'duration': 450, 'departure_time': 16140, 'arrival_time': 16590, 'day': 'current_day', 'from_stop_id': 'MH-L-2', 'to_stop_id': '16-2', 'trip_id': '2-0-21', 'agency_name': 'Unknown'}]}"
124,54,7890,inter,right,676,[126],[54],1000,751,0,0,8641,8701.0,13110.0,13170.0,4409.0,4.0,126,54,,,pt,5280.0,13170.0,5280.0,"{'duration': 4409, 'source_transfer_time': 0, 'waiting_time': 89, 'trip_time': 4320, 'num_transfers': 4, 'departure_time': 8701, 'departure_day': 'current_day', 'arrival_time': 13110, 'arrival_day': 'current_day', 'steps': [{'duration': 570, 'departure_time': 8790, 'arrival_time': 9360, 'day': 'current_day', 'from_stop_id': '126-2', 'to_stop_id': 'MH-R-2', 'trip_id': '4-1-10', 'agency_name': 'Unknown'}, {'duration': 30, 'departure_time': 9360, 'arrival_time': 9390, 'day': 'current_day', 'from_stop_id': 'MH-R-2', 'to_stop_id': 'MH-R-0', 'trip_id': 'walking', 'agency_name': 'Unknown'}, {'duration': 1500, 'departure_time': 10800, 'arrival_time': 12300, 'day': 'current_day', 'from_stop_id': 'MH-R-0', 'to_stop_id': 'MH-L-0', 'trip_id': '0-1-4', 'agency_name': 'Unknown'}, {'duration': 30, 'departure_time': 12300, 'arrival_time': 12330, 'day': 'current_day', 'from_stop_id': 'MH-L-0', 'to_stop_id': 'MH-L-1', 'trip_id': 'walking', 'agency_name': 'Unknown'}, {'duration': 570, 'departure_time': 12540, 'arrival_time': 13110, 'day': 'current_day', 'from_stop_id': 'MH-L-1', 'to_stop_id': '54-1', 'trip_id': '1-1-15', 'agency_name': 'Unknown'}]}"
144,85,12630,inter,right,677,[144],[85],0,0,0,0,12630,12690.0,16830.0,16890.0,4140.0,4.0,144,85,,,pt,4260.0,16890.0,4260.0,"{'duration': 4140, 'source_transfer_time': 0, 'waiting_time': 60, 'trip_time': 4080, 'num_transfers': 4, 'departure_time': 12690, 'departure_day': 'current_day', 'arrival_time': 16830, 'arrival_day': 'current_day', 'steps': [{'duration': 810, 'departure_time': 12750, 'arrival_time': 13560, 'day': 'current_day', 'from_stop_id': '144-4', 'to_stop_id': 'MH-R-4', 'trip_id': '9-0-17', 'agency_name': 'Unknown'}, {'duration': 30, 'departure_time': 13560, 'arrival_time': 13590, 'day': 'current_day', 'from_stop_id': 'MH-R-4', 'to_stop_id': 'MH-R-0', 'trip_id': 'walking', 'agency_name': 'Unknown'}, {'duration': 1500, 'departure_time': 14400, 'arrival_time': 15900, 'day': 'current_day', 'from_stop_id': 'MH-R-0', 'to_stop_id': 'MH-L-0', 'trip_id': '0-1-6', 'agency_name': 'Unknown'}, {'duration': 30, 'departure_time': 15900, 'arrival_time': 15930, 'day': 'current_day', 'from_stop_id': 'MH-L-0', 'to_stop_id': 'MH-L-5', 'trip_id': 'walking', 'agency_name': 'Unknown'}, {'duration': 690, 'departure_time': 16140, 'arrival_time': 16830, 'day': 'current_day', 'from_stop_id': 'MH-L-5', 'to_stop_id': '85-5', 'trip_id': '8-0-21', 'agency_name': 'Unknown'}]}"
163,86,11610,inter,right,678,[141; 151; 161; 181],[86],1000,751,0,0,12361,12421.0,16710.0,16770.0,4289.0,4.0,141,86,,,pt,5160.0,16770.0,5160.0,"{'duration': 4289, 'source_transfer_time': 0, 'waiting_time': 209, 'trip_time': 4080, 'num_transfers': 4, 'departure_time': 12421, 'departure_day': 'current_day', 'arrival_time': 16710, 'arrival_day': 'current_day', 'steps': [{'duration': 930, 'departure_time': 12630, 'arrival_time': 13560, 'day': 'current_day', 'from_stop_id': '141-5', 'to_stop_id': 'MH-R-5', 'trip_id': '10-0-17', 'agency_name': 'Unknown'}, {'duration': 30, 'departure_time': 13560, 'arrival_time': 13590, 'day': 'current_day', 'from_stop_id': 'MH-R-5', 'to_stop_id': 'MH-R-0', 'trip_id': 'walking', 'agency_name': 'Unknown'}, {'duration': 1500, 'departure_time': 14400, 'arrival_time': 15900, 'day': 'current_day', 'from_stop_id': 'MH-R-0', 'to_stop_id': 'MH-L-0', 'trip_id': '0-1-6', 'agency_name': 'Unknown'}, {'duration': 30, 'departure_time': 15900, 'arrival_time': 15930, 'day': 'current_day', 'from_stop_id': 'MH-L-0', 'to_stop_id': 'MH-L-5', 'trip_id': 'walking', 'agency_name': 'Unknown'}, {'duration': 570, 'departure_time': 16140, 'arrival_time': 16710, 'day': 'current_day', 'from_stop_id': 'MH-L-5', 'to_stop_id': '86-5', 'trip_id': '8-0-21', 'agency_name': 'Unknown'}]}"
212,1,11040,inter,right,679,[212],[0; 12],0,0,500,375,11040,11100.0,15270.0,15330.0,4170.0,4.0,212,12,,,pt,4665.0,15705.0,4665.0,"{'duration': 4170, 'source_transfer_time': 0, 'waiting_time': 570, 'trip_time': 3600, 'num_transfers': 4, 'departure_time': 11100, 'departure_day': 'current_day', 'arrival_time': 15270, 'arrival_day': 'current_day', 'steps': [{'duration': 690, 'departure_time': 11670, 'arrival_time': 12360, 'day': 'current_day', 'from_stop_id': '212-4', 'to_stop_id': 'MH-R-4', 'trip_id': '9-1-15', 'agency_name': 'Unknown'}, {'duration': 30, 'departure_time': 12360, 'arrival_time': 12390, 'day': 'current_day', 'from_stop_id': 'MH-R-4', 'to_stop_id': 'MH-R-0', 'trip_id': 'walking', 'agency_name': 'Unknown'}, {'duration': 1500, 'departure_time': 12600, 'arrival_time': 14100, 'day': 'current_day', 'from_stop_id': 'MH-R-0', 'to_stop_id': 'MH-L-0', 'trip_id': '0-1-5', 'agency_name': 'Unknown'}, {'duration': 30, 'departure_time': 14100, 'arrival_time': 14130, 'day': 'current_day', 'from_stop_id': 'MH-L-0', 'to_stop_id': 'MH-L-4', 'trip_id': 'walking', 'agency_name': 'Unknown'}, {'duration': 930, 'departure_time': 14340, 'arrival_time': 15270, 'day': 'current_day', 'from_stop_id': 'MH-L-4', 'to_stop_id': '12-4', 'trip_id': '7-1-18', 'agency_name': 'Unknown'}]}"
138,90,12780,inter,right,680,[137],[79; 91],500,375,500,375,13155,13215.0,16590.0,16650.0,3375.0,4.0,137,79,,,pt,4245.0,17025.0,4245.0,"{'duration': 3375, 'source_transfer_time': 0, 'waiting_time': 495, 'trip_time': 2880, 'num_transfers': 4, 'departure_time': 13215, 'departure_day': 'current_day', 'arrival_time': 16590, 'arrival_day': 'current_day', 'steps': [{'duration': 450, 'departure_time': 13710, 'arrival_time': 14160, 'day': 'current_day', 'from_stop_id': '137-2', 'to_stop_id': 'MH-R-2', 'trip_id': '4-1-18', 'agency_name': 'Unknown'}, {'duration': 30, 'departure_time': 14160, 'arrival_time': 14190, 'day': 'current_day', 'from_stop_id': 'MH-R-2', 'to_stop_id': 'MH-R-0', 'trip_id': 'walking', 'agency_name': 'Unknown'}, {'duration': 1500, 'departure_time': 14400, 'arrival_time': 15900, 'day': 'current_day', 'from_stop_id': 'MH-R-0', 'to_stop_id': 'MH-L-0', 'trip_id': '0-1-6', 'agency_name': 'Unknown'}, {'duration': 30, 'departure_time': 15900, 'arrival_time': 15930, 'day': 'current_day', 'from_stop_id': 'MH-L-0', 'to_stop_id': 'MH-L-4', 'trip_id': 'walking', 'agency_name': 'Unknown'}, {'duration': 450, 'departure_time': 16140, 'arrival_time': 16590, 'day': 'current_day', 'from_stop_id': 'MH-L-4', 'to_stop_id': '79-4', 'trip_id': '7-0-21', 'agency_name': 'Unknown'}]}"
142,24,4470,inter,right,681,[131; 141],[24],500,375,0,0,4845,4905.0,9630.0,9690.0,4725.0,4.0,131,24,,,pt,5220.0,9690.0,5220.0,"{'duration': 4725, 'source_transfer_time': 0, 'waiting_time': 285, 'trip_time': 4440, 'num_transfers': 4, 'departure_time': 4905, 'departure_day': 'current_day', 'arrival_time': 9630, 'arrival_day': 'current_day', 'steps': [{'duration': 1170, 'departure_time': 5190, 'arrival_time': 6360, 'day': 'current_day', 'from_stop_id': '131-5', 'to_stop_id': 'MH-R-5', 'trip_id': '10-0-5', 'agency_name': 'Unknown'}, {'duration': 30, 'departure_time': 6360, 'arrival_time': 6390, 'day': 'current_day', 'from_stop_id': 'MH-R-5', 'to_stop_id': 'MH-R-0', 'trip_id': 'walking', 'agency_name': 'Unknown'}, {'duration': 1500, 'departure_time': 7200, 'arrival_time': 8700, 'day': 'current_day', 'from_stop_id': 'MH-R-0', 'to_stop_id': 'MH-L-0', 'trip_id': '0-1-2', 'agency_name': 'Unknown'}, {'duration': 30, 'departure_time': 8700, 'arrival_time': 8730, 'day': 'current_day', 'from_stop_id': 'MH-L-0', 'to_stop_id': 'MH-L-4', 'trip_id': 'walking', 'agency_name': 'Unknown'}, {'duration': 690, 'departure_time': 8940, 'arrival_time': 9630, 'day': 'current_day', 'from_stop_id': 'MH-L-4', 'to_stop_id': '24-4', 'trip_id': '7-1-9', 'agency_name': 'Unknown'}]}"
160,74,13440,inter,right,682,[160],[75; 85],0,0,500,375,13440,13500.0,16590.0,16650.0,3090.0,4.0,160,75,,,pt,3585.0,17025.0,3585.0,"{'duration': 3090, 'source_transfer_time': 0, 'waiting_time': 330, 'trip_time': 2760, 'num_transfers': 4, 'departure_time': 13500, 'departure_day': 'current_day', 'arrival_time': 16590, 'arrival_day': 'current_day', 'steps': [{'duration': 330, 'departure_time': 13830, 'arrival_time': 14160, 'day': 'current_day', 'from_stop_id': '160-5', 'to_stop_id': 'MH-R-5', 'trip_id': '10-0-18', 'agency_name': 'Unknown'}, {'duration': 30, 'departure_time': 14160, 'arrival_time': 14190, 'day': 'current_day', 'from_stop_id': 'MH-R-5', 'to_stop_id': 'MH-R-0', 'trip_id': 'walking', 'agency_name': 'Unknown'}, {'duration': 1500, 'departure_time': 14400, 'arrival_time': 15900, 'day': 'current_day', 'from_stop_id': 'MH-R-0', 'to_stop_id': 'MH-L-0', 'trip_id': '0-1-6', 'agency_name': 'Unknown'}, {'duration': 30, 'departure_time': 15900, 'arrival_time': 15930, 'day': 'current_day', 'from_stop_id': 'MH-L-0', 'to_stop_id': 'MH-L-5', 'trip_id': 'walking', 'agency_name': 'Unknown'}, {'duration': 450, 'departure_time': 16140, 'arrival_time': 16590, 'day': 'current_day', 'from_stop_id': 'MH-L-5', 'to_stop_id': '75-5', 'trip_id': '8-0-21', 'agency_name': 'Unknown'}]}"
179,26,5280,inter,right,683,[179],[27],0,0,500,375,5280,5340.0,9270.0,9330.0,3930.0,4.0,179,27,,,pt,4425.0,9705.0,4425.0,"{'duration': 3930, 'source_transfer_time': 0, 'waiting_time': 210, 'trip_time': 3720, 'num_transfers': 4, 'departure_time': 5340, 'departure_day': 'current_day', 'arrival_time': 9270, 'arrival_day': 'current_day', 'steps': [{'duration': 210, 'departure_time': 5550, 'arrival_time': 5760, 'day': 'current_day', 'from_stop_id': '179-1', 'to_stop_id': 'MH-R-1', 'trip_id': '3-1-4', 'agency_name': 'Unknown'}, {'duration': 30, 'departure_time': 5760, 'arrival_time': 5790, 'day': 'current_day', 'from_stop_id': 'MH-R-1', 'to_stop_id': 'MH-R-0', 'trip_id': 'walking', 'agency_name': 'Unknown'}, {'duration': 1500, 'departure_time': 7200, 'arrival_time': 8700, 'day': 'current_day', 'from_stop_id': 'MH-R-0', 'to_stop_id': 'MH-L-0', 'trip_id': '0-1-2', 'agency_name': 'Unknown'}, {'duration': 30, 'departure_time': 8700, 'arrival_time': 8730, 'day': 'current_day', 'from_stop_id': 'MH-L-0', 'to_stop_id': 'MH-L-2', 'trip_id': 'walking', 'agency_name': 'Unknown'}, {'duration': 330, 'departure_time': 8940, 'arrival_time': 9270, 'day': 'current_day', 'from_stop_id': 'MH-L-2', 'to_stop_id': '27-2', 'trip_id': '2-0-9', 'agency_name': 'Unknown'}]}"
222,103,8940,inter,right,684,[200; 212; 220; 224],[103],1000,751,0,0,9691,9751.0,13470.0,13530.0,3719.0,4.0,200,103,,,pt,4590.0,13530.0,4590.0,"{'duration': 3719, 'source_transfer_time': 0, 'waiting_time': 359, 'trip_time': 3360, 'num_transfers': 4, 'departure_time': 9751, 'departure_day': 'current_day', 'arrival_time': 13470, 'arrival_day': 'current_day', 'steps': [{'duration': 450, 'departure_time': 10110, 'arrival_time': 10560, 'day': 'current_day', 'from_stop_id': '200-4', 'to_stop_id': 'MH-R-4', 'trip_id': '9-1-12', 'agency_name': 'Unknown'}, {'duration': 30, 'departure_time': 10560, 'arrival_time': 10590, 'day': 'current_day', 'from_stop_id': 'MH-R-4', 'to_stop_id': 'MH-R-0', 'trip_id': 'walking', 'agency_name': 'Unknown'}, {'duration': 1500, 'departure_time': 10800, 'arrival_time': 12300, 'day': 'current_day', 'from_stop_id': 'MH-R-0', 'to_stop_id': 'MH-L-0', 'trip_id': '0-1-4', 'agency_name': 'Unknown'}, {'duration': 30, 'departure_time': 12300, 'arrival_time': 12330, 'day': 'current_day', 'from_stop_id': 'MH-L-0', 'to_stop_id': 'MH-L-4', 'trip_id': 'walking', 'agency_name': 'Unknown'}, {'duration': 930, 'departure_time': 12540, 'arrival_time': 13470, 'day': 'current_day', 'from_stop_id': 'MH-L-4', 'to_stop_id': '103-4', 'trip_id': '7-0-15', 'agency_name': 'Unknown'}]}"
135,4,14040,inter,right,685,[133; 137; 145; 157],[5],1000,751,500,375,14791,14851.0,18510.0,18570.0,3659.0,4.0,133,5,,,pt,4905.0,18945.0,4905.0,"{'duration': 3659, 'source_transfer_time': 0, 'waiting_time': 179, 'trip_time': 3480, 'num_transfers': 4, 'departure_time': 14851, 'departure_day': 'current_day', 'arrival_time': 18510, 'arrival_day': 'current_day', 'steps': [{'duration': 930, 'departure_time': 15030, 'arrival_time': 15960, 'day': 'current_day', 'from_stop_id': '133-4', 'to_stop_id': 'MH-R-4', 'trip_id': '9-0-21', 'agency_name': 'Unknown'}, {'duration': 30, 'departure_time': 15960, 'arrival_time': 15990, 'day': 'current_day', 'from_stop_id': 'MH-R-4', 'to_stop_id': 'MH-R-0', 'trip_id': 'walking', 'agency_name': 'Unknown'}, {'duration': 1500, 'departure_time': 16200, 'arrival_time': 17700, 'day': 'current_day', 'from_stop_id': 'MH-R-0', 'to_stop_id': 'MH-L-0', 'trip_id': '0-1-7', 'agency_name': 'Unknown'}, {'duration': 30, 'departure_time': 17700, 'arrival_time': 17730, 'day': 'current_day', 'from_stop_id': 'MH-L-0', 'to_stop_id': 'MH-L-2', 'trip_id': 'walking', 'agency_name': 'Unknown'}, {'duration': 570, 'departure_time': 17940, 'arrival_time': 18510, 'day': 'current_day', 'from_stop_id': 'MH-L-2', 'to_stop_id': '5-2', 'trip_id': '2-0-24', 'agency_name': 'Unknown'}]}"
210,5,6390,inter,right,686,[209],[5],500,375,0,0,6765,6825.0,11310.0,11370.0,4485.0,4.0,209,5,,,pt,4980.0,11370.0,4980.0,"{'duration': 4485, 'source_transfer_time': 0, 'waiting_time': 405, 'trip_time': 4080, 'num_transfers': 4, 'departure_time': 6825, 'departure_day': 'current_day', 'arrival_time': 11310, 'arrival_day': 'current_day', 'steps': [{'duration': 330, 'departure_time': 7230, 'arrival_time': 7560, 'day': 'current_day', 'from_stop_id': '209-2', 'to_stop_id': 'MH-R-2', 'trip_id': '4-0-7', 'agency_name': 'Unknown'}, {'duration': 30, 'departure_time': 7560, 'arrival_time': 7590, 'day': 'current_day', 'from_stop_id': 'MH-R-2', 'to_stop_id': 'MH-R-0', 'trip_id': 'walking', 'agency_name': 'Unknown'}, {'duration': 1500, 'departure_time': 9000, 'arrival_time': 10500, 'day': 'current_day', 'from_stop_id': 'MH-R-0', 'to_stop_id': 'MH-L-0', 'trip_id': '0-1-3', 'agency_name': 'Unknown'}, {'duration': 30, 'departure_time': 10500, 'arrival_time': 10530, 'day': 'current_day', 'from_stop_id': 'MH-L-0', 'to_stop_id': 'MH-L-2', 'trip_id': 'walking', 'agency_name': 'Unknown'}, {'duration': 570, 'departure_time': 10740, 'arrival_time': 11310, 'day': 'current_day', 'from_stop_id': 'MH-L-2', 'to_stop_id': '5-2', 'trip_id': '2-0-12', 'agency_name': 'Unknown'}]}"
157,84,10260,inter,right,687,[157],[85; 95],0,0,500,375,10260,10320.0,15030.0,15090.0,4710.0,4.0,157,85,,,pt,5205.0,15465.0,5205.0,"{'duration': 4710, 'source_transfer_time': 0, 'waiting_time': 390, 'trip_time': 4320, 'num_transfers': 4, 'departure_time': 10320, 'departure_day': 'current_day', 'arrival_time': 15030, 'arrival_day': 'current_day', 'steps': [{'duration': 450, 'departure_time': 10710, 'arrival_time': 11160, 'day': 'current_day', 'from_stop_id': '157-4', 'to_stop_id': 'MH-R-4', 'trip_id': '9-0-13', 'agency_name': 'Unknown'}, {'duration': 30, 'departure_time': 11160, 'arrival_time': 11190, 'day': 'current_day', 'from_stop_id': 'MH-R-4', 'to_stop_id': 'MH-R-0', 'trip_id': 'walking', 'agency_name': 'Unknown'}, {'duration': 1500, 'departure_time': 12600, 'arrival_time': 14100, 'day': 'current_day', 'from_stop_id': 'MH-R-0', 'to_stop_id': 'MH-L-0', 'trip_id': '0-1-5', 'agency_name': 'Unknown'}, {'duration': 30, 'departure_time': 14100, 'arrival_time': 14130, 'day': 'current_day', 'from_stop_id': 'MH-L-0', 'to_stop_id': 'MH-L-5', 'trip_id': 'walking', 'agency_name': 'Unknown'}, {'duration': 690, 'departure_time': 14340, 'arrival_time': 15030, 'day': 'current_day', 'from_stop_id': 'MH-L-5', 'to_stop_id': '85-5', 'trip_id': '8-0-18', 'agency_name': 'Unknown'}]}"
153,84,3750,inter,right,688,[131; 141; 151],[85; 95],1000,751,500,375,4501,4561.0,9630.0,9690.0,5069.0,4.0,131,85,,,pt,6315.0,10065.0,6315.0,"{'duration': 5069, 'source_transfer_time': 0, 'waiting_time': 29, 'trip_time': 5040, 'num_transfers': 4, 'departure_time': 4561, 'departure_day': 'current_day', 'arrival_time': 9630, 'arrival_day': 'current_day', 'steps': [{'duration': 1170, 'departure_time': 4590, 'arrival_time': 5760, 'day': 'current_day', 'from_stop_id': '131-5', 'to_stop_id': 'MH-R-5', 'trip_id': '10-0-4', 'agency_name': 'Unknown'}, {'duration': 30, 'departure_time': 5760, 'arrival_time': 5790, 'day': 'current_day', 'from_stop_id': 'MH-R-5', 'to_stop_id': 'MH-R-0', 'trip_id': 'walking', 'agency_name': 'Unknown'}, {'duration': 1500, 'departure_time': 7200, 'arrival_time': 8700, 'day': 'current_day', 'from_stop_id': 'MH-R-0', 'to_stop_id': 'MH-L-0', 'trip_id': '0-1-2', 'agency_name': 'Unknown'}, {'duration': 30, 'departure_time': 8700, 'arrival_time': 8730, 'day': 'current_day', 'from_stop_id': 'MH-L-0', 'to_stop_id': 'MH-L-5', 'trip_id': 'walking', 'agency_name': 'Unknown'}, {'duration': 690, 'departure_time': 8940, 'arrival_time': 9630, 'day': 'current_day', 'from_stop_id': 'MH-L-5', 'to_stop_id': '85-5', 'trip_id': '8-0-9', 'agency_name': 'Unknown'}]}"
179,100,10020,inter,right,689,[179],[99],0,0,500,375,10020,10080.0,12990.0,13050.0,2910.0,4.0,179,99,,,pt,3405.0,13425.0,3405.0,"{'duration': 2910, 'source_transfer_time': 0, 'waiting_time': 270, 'trip_time': 2640, 'num_transfers': 4, 'departure_time': 10080, 'departure_day': 'current_day', 'arrival_time': 12990, 'arrival_day': 'current_day', 'steps': [{'duration': 210, 'departure_time': 10350, 'arrival_time': 10560, 'day': 'current_day', 'from_stop_id': '179-1', 'to_stop_id': 'MH-R-1', 'trip_id': '3-1-12', 'agency_name': 'Unknown'}, {'duration': 30, 'departure_time': 10560, 'arrival_time': 10590, 'day': 'current_day', 'from_stop_id': 'MH-R-1', 'to_stop_id': 'MH-R-0', 'trip_id': 'walking', 'agency_name': 'Unknown'}, {'duration': 1500, 'departure_time': 10800, 'arrival_time': 12300, 'day': 'current_day', 'from_stop_id': 'MH-R-0', 'to_stop_id': 'MH-L-0', 'trip_id': '0-1-4', 'agency_name': 'Unknown'}, {'duration': 30, 'departure_time': 12300, 'arrival_time': 12330, 'day': 'current_day', 'from_stop_id': 'MH-L-0', 'to_stop_id': 'MH-L-2', 'trip_id': 'walking', 'agency_name': 'Unknown'}, {'duration': 450, 'departure_time': 12540, 'arrival_time': 12990, 'day': 'current_day', 'from_stop_id': 'MH-L-2', 'to_stop_id': '99-2', 'trip_id': '2-1-15', 'agency_name': 'Unknown'}]}"
236,3,9630,inter,right,690,[236],[5],0,0,1000,751,9630,9690.0,14910.0,14970.0,5220.0,4.0,236,5,,,pt,6091.0,15721.0,6091.0,"{'duration': 5220, 'source_transfer_time': 0, 'waiting_time': 300, 'trip_time': 4920, 'num_transfers': 4, 'departure_time': 9690, 'departure_day': 'current_day', 'arrival_time': 14910, 'arrival_day': 'current_day', 'steps': [{'duration': 1170, 'departure_time': 9990, 'arrival_time': 11160, 'day': 'current_day', 'from_stop_id': '236-4', 'to_stop_id': 'MH-R-4', 'trip_id': '9-1-13', 'agency_name': 'Unknown'}, {'duration': 30, 'departure_time': 11160, 'arrival_time': 11190, 'day': 'current_day', 'from_stop_id': 'MH-R-4', 'to_stop_id': 'MH-R-0', 'trip_id': 'walking', 'agency_name': 'Unknown'}, {'duration': 1500, 'departure_time': 12600, 'arrival_time': 14100, 'day': 'current_day', 'from_stop_id': 'MH-R-0', 'to_stop_id': 'MH-L-0', 'trip_id': '0-1-5', 'agency_name': 'Unknown'}, {'duration': 30, 'departure_time': 14100, 'arrival_time': 14130, 'day': 'current_day', 'from_stop_id': 'MH-L-0', 'to_stop_id': 'MH-L-2', 'trip_id': 'walking', 'agency_name': 'Unknown'}, {'duration': 570, 'departure_time': 14340, 'arrival_time': 14910, 'day': 'current_day', 'from_stop_id': 'MH-L-2', 'to_stop_id': '5-2', 'trip_id': '2-0-18', 'agency_name': 'Unknown'}]}"
167,18,4560,inter,right,691,[156; 168; 177],[19; 29],500,375,500,375,4935,4995.0,9510.0,9570.0,4515.0,4.0,156,29,,,pt,5385.0,9945.0,5385.0,"{'duration': 4515, 'source_transfer_time': 0, 'waiting_time': 195, 'trip_time': 4320, 'num_transfers': 4, 'departure_time': 4995, 'departure_day': 'current_day', 'arrival_time': 9510, 'arrival_day': 'current_day', 'steps': [{'duration': 570, 'departure_time': 5190, 'arrival_time': 5760, 'day': 'current_day', 'from_stop_id': '156-4', 'to_stop_id': 'MH-R-4', 'trip_id': '9-0-4', 'agency_name': 'Unknown'}, {'duration': 30, 'departure_time': 5760, 'arrival_time': 5790, 'day': 'current_day', 'from_stop_id': 'MH-R-4', 'to_stop_id': 'MH-R-0', 'trip_id': 'walking', 'agency_name': 'Unknown'}, {'duration': 1500, 'departure_time': 7200, 'arrival_time': 8700, 'day': 'current_day', 'from_stop_id': 'MH-R-0', 'to_stop_id': 'MH-L-0', 'trip_id': '0-1-2', 'agency_name': 'Unknown'}, {'duration': 30, 'departure_time': 8700, 'arrival_time': 8730, 'day': 'current_day', 'from_stop_id': 'MH-L-0', 'to_stop_id': 'MH-L-5', 'trip_id': 'walking', 'agency_name': 'Unknown'}, {'duration': 570, 'departure_time': 8940, 'arrival_time': 9510, 'day': 'current_day', 'from_stop_id': 'MH-L-5', 'to_stop_id': '29-5', 'trip_id': '8-1-9', 'agency_name': 'Unknown'}]}"
147,115,6720,inter,right,692,[148],[115],500,375,0,0,7095,7155.0,11910.0,11970.0,4755.0,4.0,148,115,,,pt,5250.0,11970.0,5250.0,"{'duration': 4755, 'source_transfer_time': 0, 'waiting_time': 75, 'trip_time': 4680, 'num_transfers': 4, 'departure_time': 7155, 'departure_day': 'current_day', 'arrival_time': 11910, 'arrival_day': 'current_day', 'steps': [{'duration': 330, 'departure_time': 7230, 'arrival_time': 7560, 'day': 'current_day', 'from_stop_id': '148-2', 'to_stop_id': 'MH-R-2', 'trip_id': '4-1-7', 'agency_name': 'Unknown'}, {'duration': 30, 'departure_time': 7560, 'arrival_time': 7590, 'day': 'current_day', 'from_stop_id': 'MH-R-2', 'to_stop_id': 'MH-R-0', 'trip_id': 'walking', 'agency_name': 'Unknown'}, {'duration': 1500, 'departure_time': 9000, 'arrival_time': 10500, 'day': 'current_day', 'from_stop_id': 'MH-R-0', 'to_stop_id': 'MH-L-0', 'trip_id': '0-1-3', 'agency_name': 'Unknown'}, {'duration': 30, 'departure_time': 10500, 'arrival_time': 10530, 'day': 'current_day', 'from_stop_id': 'MH-L-0', 'to_stop_id': 'MH-L-4', 'trip_id': 'walking', 'agency_name': 'Unknown'}, {'duration': 1170, 'departure_time': 10740, 'arrival_time': 11910, 'day': 'current_day', 'from_stop_id': 'MH-L-4', 'to_stop_id': '115-4', 'trip_id': '7-0-12', 'agency_name': 'Unknown'}]}"
191,59,9480,inter,right,693,[181],[59],500,375,0,0,9855,9915.0,12870.0,12930.0,2955.0,4.0,181,59,,,pt,3450.0,12930.0,3450.0,"{'duration': 2955, 'source_transfer_time': 0, 'waiting_time': 195, 'trip_time': 2760, 'num_transfers': 4, 'departure_time': 9915, 'departure_day': 'current_day', 'arrival_time': 12870, 'arrival_day': 'current_day', 'steps': [{'duration': 450, 'departure_time': 10110, 'arrival_time': 10560, 'day': 'current_day', 'from_stop_id': '181-1', 'to_stop_id': 'MH-R-1', 'trip_id': '3-1-12', 'agency_name': 'Unknown'}, {'duration': 30, 'departure_time': 10560, 'arrival_time': 10590, 'day': 'current_day', 'from_stop_id': 'MH-R-1', 'to_stop_id': 'MH-R-0', 'trip_id': 'walking', 'agency_name': 'Unknown'}, {'duration': 1500, 'departure_time': 10800, 'arrival_time': 12300, 'day': 'current_day', 'from_stop_id': 'MH-R-0', 'to_stop_id': 'MH-L-0', 'trip_id': '0-1-4', 'agency_name': 'Unknown'}, {'duration': 30, 'departure_time': 12300, 'arrival_time': 12330, 'day': 'current_day', 'from_stop_id': 'MH-L-0', 'to_stop_id': 'MH-L-1', 'trip_id': 'walking', 'agency_name': 'Unknown'}, {'duration': 330, 'departure_time': 12540, 'arrival_time': 12870, 'day': 'current_day', 'from_stop_id': 'MH-L-1', 'to_stop_id': '59-1', 'trip_id': '1-0-15', 'agency_name': 'Unknown'}]}"
135,59,12600,inter,right,694,[133; 137; 145; 157],[59],1000,751,0,0,13351,13411.0,16470.0,16530.0,3059.0,4.0,137,59,,,pt,3930.0,16530.0,3930.0,"{'duration': 3059, 'source_transfer_time': 0, 'waiting_time': 299, 'trip_time': 2760, 'num_transfers': 4, 'departure_time': 13411, 'departure_day': 'current_day', 'arrival_time': 16470, 'arrival_day': 'current_day', 'steps': [{'duration': 450, 'departure_time': 13710, 'arrival_time': 14160, 'day': 'current_day', 'from_stop_id': '137-2', 'to_stop_id': 'MH-R-2', 'trip_id': '4-1-18', 'agency_name': 'Unknown'}, {'duration': 30, 'departure_time': 14160, 'arrival_time': 14190, 'day': 'current_day', 'from_stop_id': 'MH-R-2', 'to_stop_id': 'MH-R-0', 'trip_id': 'walking', 'agency_name': 'Unknown'}, {'duration': 1500, 'departure_time': 14400, 'arrival_time': 15900, 'day': 'current_day', 'from_stop_id': 'MH-R-0', 'to_stop_id': 'MH-L-0', 'trip_id': '0-1-6', 'agency_name': 'Unknown'}, {'duration': 30, 'departure_time': 15900, 'arrival_time': 15930, 'day': 'current_day', 'from_stop_id': 'MH-L-0', 'to_stop_id': 'MH-L-1', 'trip_id': 'walking', 'agency_name': 'Unknown'}, {'duration': 330, 'departure_time': 16140, 'arrival_time': 16470, 'day': 'current_day', 'from_stop_id': 'MH-L-1', 'to_stop_id': '59-1', 'trip_id': '1-0-21', 'agency_name': 'Unknown'}]}"
196,90,12450,inter,right,695,[196],[79; 91],0,0,500,375,12450,12510.0,16590.0,16650.0,4080.0,4.0,196,79,,,pt,4575.0,17025.0,4575.0,"{'duration': 4080, 'source_transfer_time': 0, 'waiting_time': 0, 'trip_time': 4080, 'num_transfers': 4, 'departure_time': 12510, 'departure_day': 'current_day', 'arrival_time': 16590, 'arrival_day': 'current_day', 'steps': [{'duration': 450, 'departure_time': 12510, 'arrival_time': 12960, 'day': 'current_day', 'from_stop_id': '196-5', 'to_stop_id': 'MH-R-5', 'trip_id': '10-1-16', 'agency_name': 'Unknown'}, {'duration': 30, 'departure_time': 12960, 'arrival_time': 12990, 'day': 'current_day', 'from_stop_id': 'MH-R-5', 'to_stop_id': 'MH-R-0', 'trip_id': 'walking', 'agency_name': 'Unknown'}, {'duration': 1500, 'departure_time': 14400, 'arrival_time': 15900, 'day': 'current_day', 'from_stop_id': 'MH-R-0', 'to_stop_id': 'MH-L-0', 'trip_id': '0-1-6', 'agency_name': 'Unknown'}, {'duration': 30, 'departure_time': 15900, 'arrival_time': 15930, 'day': 'current_day', 'from_stop_id': 'MH-L-0', 'to_stop_id': 'MH-L-4', 'trip_id': 'walking', 'agency_name': 'Unknown'}, {'duration': 450, 'departure_time': 16140, 'arrival_time': 16590, 'day': 'current_day', 'from_stop_id': 'MH-L-4', 'to_stop_id': '79-4', 'trip_id': '7-0-21', 'agency_name': 'Unknown'}]}"
154,22,5220,inter,right,696,[132; 144; 156; 175],[11; 23],1000,751,500,375,5971,6031.0,9750.0,9810.0,3719.0,4.0,144,23,,,pt,4965.0,10185.0,4965.0,"{'duration': 3719, 'source_transfer_time': 0, 'waiting_time': 119, 'trip_time': 3600, 'num_transfers': 4, 'departure_time': 6031, 'departure_day': 'current_day', 'arrival_time': 9750, 'arrival_day': 'current_day', 'steps': [{'duration': 810, 'departure_time': 6150, 'arrival_time': 6960, 'day': 'current_day', 'from_stop_id': '144-4', 'to_stop_id': 'MH-R-4', 'trip_id': '9-0-6', 'agency_name': 'Unknown'}, {'duration': 30, 'departure_time': 6960, 'arrival_time': 6990, 'day': 'current_day', 'from_stop_id': 'MH-R-4', 'to_stop_id': 'MH-R-0', 'trip_id': 'walking', 'agency_name': 'Unknown'}, {'duration': 1500, 'departure_time': 7200, 'arrival_time': 8700, 'day': 'current_day', 'from_stop_id': 'MH-R-0', 'to_stop_id': 'MH-L-0', 'trip_id': '0-1-2', 'agency_name': 'Unknown'}, {'duration': 30, 'departure_time': 8700, 'arrival_time': 8730, 'day': 'current_day', 'from_stop_id': 'MH-L-0', 'to_stop_id': 'MH-L-4', 'trip_id': 'walking', 'agency_name': 'Unknown'}, {'duration': 810, 'departure_time': 8940, 'arrival_time': 9750, 'day': 'current_day', 'from_stop_id': 'MH-L-4', 'to_stop_id': '23-4', 'trip_id': '7-1-9', 'agency_name': 'Unknown'}]}"
157,17,4920,inter,right,697,[157],[16],0,0,500,375,4920,4980.0,9390.0,9450.0,4410.0,4.0,157,16,,,pt,4905.0,9825.0,4905.0,"{'duration': 4410, 'source_transfer_time': 0, 'waiting_time': 330, 'trip_time': 4080, 'num_transfers': 4, 'departure_time': 4980, 'departure_day': 'current_day', 'arrival_time': 9390, 'arrival_day': 'current_day', 'steps': [{'duration': 450, 'departure_time': 5310, 'arrival_time': 5760, 'day': 'current_day', 'from_stop_id': '157-4', 'to_stop_id': 'MH-R-4', 'trip_id': '9-0-4', 'agency_name': 'Unknown'}, {'duration': 30, 'departure_time': 5760, 'arrival_time': 5790, 'day': 'current_day', 'from_stop_id': 'MH-R-4', 'to_stop_id': 'MH-R-0', 'trip_id': 'walking', 'agency_name': 'Unknown'}, {'duration': 1500, 'departure_time': 7200, 'arrival_time': 8700, 'day': 'current_day', 'from_stop_id': 'MH-R-0', 'to_stop_id': 'MH-L-0', 'trip_id': '0-1-2', 'agency_name': 'Unknown'}, {'duration': 30, 'departure_time': 8700, 'arrival_time': 8730, 'day': 'current_day', 'from_stop_id': 'MH-L-0', 'to_stop_id': 'MH-L-2', 'trip_id': 'walking', 'agency_name': 'Unknown'}, {'duration': 450, 'departure_time': 8940, 'arrival_time': 9390, 'day': 'current_day', 'from_stop_id': 'MH-L-2', 'to_stop_id': '16-2', 'trip_id': '2-0-9', 'agency_name': 'Unknown'}]}"
171,7,9690,inter,right,698,[161; 170; 179],[5; 9; 19; 29],500,375,1000,751,10065,10125.0,13110.0,13170.0,2985.0,4.0,170,5,,,pt,4231.0,13921.0,4231.0,"{'duration': 2985, 'source_transfer_time': 0, 'waiting_time': 225, 'trip_time': 2760, 'num_transfers': 4, 'departure_time': 10125, 'departure_day': 'current_day', 'arrival_time': 13110, 'arrival_day': 'current_day', 'steps': [{'duration': 210, 'departure_time': 10350, 'arrival_time': 10560, 'day': 'current_day', 'from_stop_id': '170-5', 'to_stop_id': 'MH-R-5', 'trip_id': '10-0-12', 'agency_name': 'Unknown'}, {'duration': 30, 'departure_time': 10560, 'arrival_time': 10590, 'day': 'current_day', 'from_stop_id': 'MH-R-5', 'to_stop_id': 'MH-R-0', 'trip_id': 'walking', 'agency_name': 'Unknown'}, {'duration': 1500, 'departure_time': 10800, 'arrival_time': 12300, 'day': 'current_day', 'from_stop_id': 'MH-R-0', 'to_stop_id': 'MH-L-0', 'trip_id': '0-1-4', 'agency_name': 'Unknown'}, {'duration': 30, 'departure_time': 12300, 'arrival_time': 12330, 'day': 'current_day', 'from_stop_id': 'MH-L-0', 'to_stop_id': 'MH-L-2', 'trip_id': 'walking', 'agency_name': 'Unknown'}, {'duration': 570, 'departure_time': 12540, 'arrival_time': 13110, 'day': 'current_day', 'from_stop_id': 'MH-L-2', 'to_stop_id': '5-2', 'trip_id': '2-0-15', 'agency_name': 'Unknown'}]}"
180,53,4710,inter,right,699,[180],[61],0,0,500,375,4710,4770.0,7710.0,7770.0,2940.0,4.0,180,61,,,pt,3435.0,8145.0,3435.0,"{'duration': 2940, 'source_transfer_time': 0, 'waiting_time': 60, 'trip_time': 2880, 'num_transfers': 4, 'departure_time': 4770, 'departure_day': 'current_day', 'arrival_time': 7710, 'arrival_day': 'current_day', 'steps': [{'duration': 330, 'departure_time': 4830, 'arrival_time': 5160, 'day': 'current_day', 'from_stop_id': '180-1', 'to_stop_id': 'MH-R-1', 'trip_id': '3-1-3', 'agency_name': 'Unknown'}, {'duration': 30, 'departure_time': 5160, 'arrival_time': 5190, 'day': 'current_day', 'from_stop_id': 'MH-R-1', 'to_stop_id': 'MH-R-0', 'trip_id': 'walking', 'agency_name': 'Unknown'}, {'duration': 1500, 'departure_time': 5400, 'arrival_time': 6900, 'day': 'current_day', 'from_stop_id': 'MH-R-0', 'to_stop_id': 'MH-L-0', 'trip_id': '0-1-1', 'agency_name': 'Unknown'}, {'duration': 30, 'departure_time': 6900, 'arrival_time': 6930, 'day': 'current_day', 'from_stop_id': 'MH-L-0', 'to_stop_id': 'MH-L-1', 'trip_id': 'walking', 'agency_name': 'Unknown'}, {'duration': 570, 'departure_time': 7140, 'arrival_time': 7710, 'day': 'current_day', 'from_stop_id': 'MH-L-1', 'to_stop_id': '61-1', 'trip_id': '1-0-6', 'agency_name': 'Unknown'}]}"
