start,end,rq_time,rq_type,subnetwork,request_id,start_station_street_ids,end_station_street_ids,walk_start_to_station_street_distance,walk_start_to_station_street_tt,walk_station_to_end_street_distance,walk_station_to_end_street_tt,start_station_street_arrival_time,start_station_departure_time,end_station_arrival_time,end_station_street_arrival_time,pt_journey_duration,num_transfers,selected_start_station_id,selected_end_station_id,walking_time,walking_arrival_time,best_option,best_journey_duration,end_arrival_time,pt_total_journey_duration,pt_journey_plan
92,117,5280,intra,left,0,[92],[117],0,0,0,0,5280,5340.0,6630.0,6690.0,1290.0,0.0,92,117,3007.0,8287.0,pt,1410.0,6690.0,1410.0,"{'duration': 1290, 'source_transfer_time': 0, 'waiting_time': 210, 'trip_time': 1080, 'num_transfers': 0, 'departure_time': 5340, 'departure_day': 'current_day', 'arrival_time': 6630, 'arrival_day': 'current_day', 'steps': [{'duration': 1080, 'departure_time': 5550, 'arrival_time': 6630, 'day': 'current_day', 'from_stop_id': '92-4', 'to_stop_id': '117-4', 'trip_id': '7-1-5', 'agency_name': 'Unknown'}]}"
22,65,4260,intra,left,1,[11; 23],[57; 66; 75],500,375,500,375,4635,4695.0,6150.0,6210.0,1455.0,3.0,11,57,2631.0,6891.0,pt,2325.0,6585.0,2325.0,"{'duration': 1455, 'source_transfer_time': 0, 'waiting_time': 15, 'trip_time': 1440, 'num_transfers': 3, 'departure_time': 4695, 'departure_day': 'current_day', 'arrival_time': 6150, 'arrival_day': 'current_day', 'steps': [{'duration': 930, 'departure_time': 4710, 'arrival_time': 5640, 'day': 'current_day', 'from_stop_id': '11-4', 'to_stop_id': '117-4', 'trip_id': '7-0-4', 'agency_name': 'Unknown'}, {'duration': 30, 'departure_time': 5640, 'arrival_time': 5670, 'day': 'current_day', 'from_stop_id': '117-4', 'to_stop_id': '117-1', 'trip_id': 'walking', 'agency_name': 'Unknown'}, {'duration': 90, 'departure_time': 5670, 'arrival_time': 5760, 'day': 'current_day', 'from_stop_id': '117-1', 'to_stop_id': 'MH-L-1', 'trip_id': '1-0-4', 'agency_name': 'Unknown'}, {'duration': 210, 'departure_time': 5940, 'arrival_time': 6150, 'day': 'current_day', 'from_stop_id': 'MH-L-1', 'to_stop_id': '57-1', 'trip_id': '1-1-4', 'agency_name': 'Unknown'}]}"
40,113,11040,intra,left,2,[40],[91; 103; 115],0,0,1000,751,11040,11100.0,12630.0,12690.0,1530.0,2.0,40,91,3007.0,14047.0,pt,2401.0,13441.0,2401.0,"{'duration': 1530, 'source_transfer_time': 0, 'waiting_time': 210, 'trip_time': 1320, 'num_transfers': 2, 'departure_time': 11100, 'departure_day': 'current_day', 'arrival_time': 12630, 'arrival_day': 'current_day', 'steps': [{'duration': 450, 'departure_time': 11310, 'arrival_time': 11760, 'day': 'current_day', 'from_stop_id': '40-5', 'to_stop_id': 'MH-L-5', 'trip_id': '8-0-14', 'agency_name': 'Unknown'}, {'duration': 30, 'departure_time': 11760, 'arrival_time': 11790, 'day': 'current_day', 'from_stop_id': 'MH-L-5', 'to_stop_id': 'MH-L-4', 'trip_id': 'walking', 'agency_name': 'Unknown'}, {'duration': 690, 'departure_time': 11940, 'arrival_time': 12630, 'day': 'current_day', 'from_stop_id': 'MH-L-4', 'to_stop_id': '91-4', 'trip_id': '7-0-14', 'agency_name': 'Unknown'}]}"
117,91,10230,intra,left,3,[117],[91],0,0,0,0,10230,10290.0,11430.0,11490.0,1140.0,0.0,117,91,2631.0,12861.0,pt,1260.0,11490.0,1260.0,"{'duration': 1140, 'source_transfer_time': 0, 'waiting_time': 180, 'trip_time': 960, 'num_transfers': 0, 'departure_time': 10290, 'departure_day': 'current_day', 'arrival_time': 11430, 'arrival_day': 'current_day', 'steps': [{'duration': 960, 'departure_time': 10470, 'arrival_time': 11430, 'day': 'current_day', 'from_stop_id': '117-4', 'to_stop_id': '91-4', 'trip_id': '7-0-12', 'agency_name': 'Unknown'}]}"
92,0,10740,intra,left,4,[92],[0],0,0,0,0,10740,10800.0,13110.0,13170.0,2310.0,0.0,92,0,6390.0,17130.0,pt,2430.0,13170.0,2430.0,"{'duration': 2310, 'source_transfer_time': 0, 'waiting_time': 150, 'trip_time': 2160, 'num_transfers': 0, 'departure_time': 10800, 'departure_day': 'current_day', 'arrival_time': 13110, 'arrival_day': 'current_day', 'steps': [{'duration': 2160, 'departure_time': 10950, 'arrival_time': 13110, 'day': 'current_day', 'from_stop_id': '92-4', 'to_stop_id': '0-4', 'trip_id': '7-1-14', 'agency_name': 'Unknown'}]}"
59,88,13140,intra,left,5,[59],[88],0,0,0,0,13140,13200.0,14070.0,14130.0,870.0,2.0,59,88,2255.0,15395.0,pt,990.0,14130.0,990.0,"{'duration': 870, 'source_transfer_time': 0, 'waiting_time': 30, 'trip_time': 840, 'num_transfers': 2, 'departure_time': 13200, 'departure_day': 'current_day', 'arrival_time': 14070, 'arrival_day': 'current_day', 'steps': [{'duration': 330, 'departure_time': 13230, 'arrival_time': 13560, 'day': 'current_day', 'from_stop_id': '59-1', 'to_stop_id': 'MH-L-1', 'trip_id': '1-1-17', 'agency_name': 'Unknown'}, {'duration': 30, 'departure_time': 13560, 'arrival_time': 13590, 'day': 'current_day', 'from_stop_id': 'MH-L-1', 'to_stop_id': 'MH-L-2', 'trip_id': 'walking', 'agency_name': 'Unknown'}, {'duration': 330, 'departure_time': 13740, 'arrival_time': 14070, 'day': 'current_day', 'from_stop_id': 'MH-L-2', 'to_stop_id': '88-2', 'trip_id': '2-1-17', 'agency_name': 'Unknown'}]}"
106,120,3960,intra,left,6,[106],[120],0,0,0,0,3960,4020.0,5160.0,5220.0,1140.0,0.0,106,MH-L,3383.0,7343.0,pt,1260.0,5220.0,1260.0,"{'duration': 1140, 'source_transfer_time': 0, 'waiting_time': 90, 'trip_time': 1050, 'num_transfers': 0, 'departure_time': 4020, 'departure_day': 'current_day', 'arrival_time': 5160, 'arrival_day': 'current_day', 'steps': [{'duration': 1050, 'departure_time': 4110, 'arrival_time': 5160, 'day': 'current_day', 'from_stop_id': '106-5', 'to_stop_id': 'MH-L-5', 'trip_id': '8-1-3', 'agency_name': 'Unknown'}]}"
18,86,9120,intra,left,7,[19; 29],[86],500,375,0,0,9495,9555.0,11310.0,11370.0,1755.0,0.0,19,86,4135.0,13255.0,pt,2250.0,11370.0,2250.0,"{'duration': 1755, 'source_transfer_time': 0, 'waiting_time': 195, 'trip_time': 1560, 'num_transfers': 0, 'departure_time': 9555, 'departure_day': 'current_day', 'arrival_time': 11310, 'arrival_day': 'current_day', 'steps': [{'duration': 1560, 'departure_time': 9750, 'arrival_time': 11310, 'day': 'current_day', 'from_stop_id': '19-5', 'to_stop_id': '86-5', 'trip_id': '8-0-12', 'agency_name': 'Unknown'}]}"
1,56,10410,intra,left,8,[0; 12],[56],500,375,0,0,10785,10845.0,12870.0,12930.0,2025.0,3.0,0,56,2255.0,12665.0,walking,2255.0,12930.0,2520.0,"{'duration': 2025, 'source_transfer_time': 0, 'waiting_time': 345, 'trip_time': 1680, 'num_transfers': 3, 'departure_time': 10845, 'departure_day': 'current_day', 'arrival_time': 12870, 'arrival_day': 'current_day', 'steps': [{'duration': 1050, 'departure_time': 11190, 'arrival_time': 12240, 'day': 'current_day', 'from_stop_id': '0-4', 'to_stop_id': '117-4', 'trip_id': '7-0-15', 'agency_name': 'Unknown'}, {'duration': 30, 'departure_time': 12240, 'arrival_time': 12270, 'day': 'current_day', 'from_stop_id': '117-4', 'to_stop_id': '117-1', 'trip_id': 'walking', 'agency_name': 'Unknown'}, {'duration': 90, 'departure_time': 12270, 'arrival_time': 12360, 'day': 'current_day', 'from_stop_id': '117-1', 'to_stop_id': 'MH-L-1', 'trip_id': '1-0-15', 'agency_name': 'Unknown'}, {'duration': 330, 'departure_time': 12540, 'arrival_time': 12870, 'day': 'current_day', 'from_stop_id': 'MH-L-1', 'to_stop_id': '56-1', 'trip_id': '1-1-15', 'agency_name': 'Unknown'}]}"
11,37,11850,intra,left,9,[11],[36; 38; 48],0,0,500,375,11850,11910.0,12480.0,12540.0,570.0,0.0,11,36,2255.0,14105.0,pt,1065.0,12915.0,1065.0,"{'duration': 570, 'source_transfer_time': 0, 'waiting_time': 0, 'trip_time': 570, 'num_transfers': 0, 'departure_time': 11910, 'departure_day': 'current_day', 'arrival_time': 12480, 'arrival_day': 'current_day', 'steps': [{'duration': 570, 'departure_time': 11910, 'arrival_time': 12480, 'day': 'current_day', 'from_stop_id': '11-4', 'to_stop_id': '36-4', 'trip_id': '7-0-16', 'agency_name': 'Unknown'}]}"
102,119,7710,intra,left,10,[91; 103],[119],500,375,0,0,8085,8145.0,9630.0,9690.0,1485.0,2.0,91,119,2255.0,9965.0,pt,1980.0,9690.0,1980.0,"{'duration': 1485, 'source_transfer_time': 0, 'waiting_time': 525, 'trip_time': 960, 'num_transfers': 2, 'departure_time': 8145, 'departure_day': 'current_day', 'arrival_time': 9630, 'arrival_day': 'current_day', 'steps': [{'duration': 690, 'departure_time': 8670, 'arrival_time': 9360, 'day': 'current_day', 'from_stop_id': '91-4', 'to_stop_id': 'MH-L-4', 'trip_id': '7-1-10', 'agency_name': 'Unknown'}, {'duration': 30, 'departure_time': 9360, 'arrival_time': 9390, 'day': 'current_day', 'from_stop_id': 'MH-L-4', 'to_stop_id': 'MH-L-2', 'trip_id': 'walking', 'agency_name': 'Unknown'}, {'duration': 90, 'departure_time': 9540, 'arrival_time': 9630, 'day': 'current_day', 'from_stop_id': 'MH-L-2', 'to_stop_id': '119-2', 'trip_id': '2-1-10', 'agency_name': 'Unknown'}]}"
80,56,5070,intra,left,11,[80],[56],0,0,0,0,5070,5130.0,6270.0,6330.0,1140.0,2.0,80,56,3007.0,8077.0,pt,1260.0,6330.0,1260.0,"{'duration': 1140, 'source_transfer_time': 0, 'waiting_time': 60, 'trip_time': 1080, 'num_transfers': 2, 'departure_time': 5130, 'departure_day': 'current_day', 'arrival_time': 6270, 'arrival_day': 'current_day', 'steps': [{'duration': 450, 'departure_time': 5190, 'arrival_time': 5640, 'day': 'current_day', 'from_stop_id': '80-4', 'to_stop_id': '118-4', 'trip_id': '7-1-4', 'agency_name': 'Unknown'}, {'duration': 30, 'departure_time': 5640, 'arrival_time': 5670, 'day': 'current_day', 'from_stop_id': '118-4', 'to_stop_id': '118-1', 'trip_id': 'walking', 'agency_name': 'Unknown'}, {'duration': 600, 'departure_time': 5670, 'arrival_time': 6270, 'day': 'current_day', 'from_stop_id': '118-1', 'to_stop_id': '56-1', 'trip_id': '1-1-4', 'agency_name': 'Unknown'}]}"
63,104,7830,intra,left,12,[55],[104],500,375,0,0,8205,8265.0,9990.0,10050.0,1725.0,3.0,55,104,4511.0,12341.0,pt,2220.0,10050.0,2220.0,"{'duration': 1725, 'source_transfer_time': 0, 'waiting_time': 45, 'trip_time': 1680, 'num_transfers': 3, 'departure_time': 8265, 'departure_day': 'current_day', 'arrival_time': 9990, 'arrival_day': 'current_day', 'steps': [{'duration': 330, 'departure_time': 8310, 'arrival_time': 8640, 'day': 'current_day', 'from_stop_id': '55-1', 'to_stop_id': '117-1', 'trip_id': '1-0-9', 'agency_name': 'Unknown'}, {'duration': 30, 'departure_time': 8640, 'arrival_time': 8670, 'day': 'current_day', 'from_stop_id': '117-1', 'to_stop_id': '117-4', 'trip_id': 'walking', 'agency_name': 'Unknown'}, {'duration': 360, 'departure_time': 8670, 'arrival_time': 9030, 'day': 'current_day', 'from_stop_id': '117-4', 'to_stop_id': '118-4', 'trip_id': '7-0-9', 'agency_name': 'Unknown'}, {'duration': 930, 'departure_time': 9060, 'arrival_time': 9990, 'day': 'current_day', 'from_stop_id': '118-4', 'to_stop_id': '104-4', 'trip_id': '7-0-9', 'agency_name': 'Unknown'}]}"
33,77,10230,intra,left,13,[11; 23; 35; 54],[77],1000,751,0,0,10981,11041.0,12150.0,12210.0,1109.0,2.0,35,77,3383.0,13613.0,pt,1980.0,12210.0,1980.0,"{'duration': 1109, 'source_transfer_time': 0, 'waiting_time': 149, 'trip_time': 960, 'num_transfers': 2, 'departure_time': 11041, 'departure_day': 'current_day', 'arrival_time': 12150, 'arrival_day': 'current_day', 'steps': [{'duration': 570, 'departure_time': 11190, 'arrival_time': 11760, 'day': 'current_day', 'from_stop_id': '35-4', 'to_stop_id': 'MH-L-4', 'trip_id': '7-0-14', 'agency_name': 'Unknown'}, {'duration': 30, 'departure_time': 11760, 'arrival_time': 11790, 'day': 'current_day', 'from_stop_id': 'MH-L-4', 'to_stop_id': 'MH-L-2', 'trip_id': 'walking', 'agency_name': 'Unknown'}, {'duration': 210, 'departure_time': 11940, 'arrival_time': 12150, 'day': 'current_day', 'from_stop_id': 'MH-L-2', 'to_stop_id': '77-2', 'trip_id': '2-1-14', 'agency_name': 'Unknown'}]}"
108,54,5490,intra,left,14,[86; 96; 106; 110],[54],1000,751,0,0,6241,6301.0,7710.0,7770.0,1409.0,2.0,86,54,3007.0,8497.0,pt,2280.0,7770.0,2280.0,"{'duration': 1409, 'source_transfer_time': 0, 'waiting_time': 89, 'trip_time': 1320, 'num_transfers': 2, 'departure_time': 6301, 'departure_day': 'current_day', 'arrival_time': 7710, 'arrival_day': 'current_day', 'steps': [{'duration': 570, 'departure_time': 6390, 'arrival_time': 6960, 'day': 'current_day', 'from_stop_id': '86-5', 'to_stop_id': 'MH-L-5', 'trip_id': '8-1-6', 'agency_name': 'Unknown'}, {'duration': 30, 'departure_time': 6960, 'arrival_time': 6990, 'day': 'current_day', 'from_stop_id': 'MH-L-5', 'to_stop_id': 'MH-L-1', 'trip_id': 'walking', 'agency_name': 'Unknown'}, {'duration': 570, 'departure_time': 7140, 'arrival_time': 7710, 'day': 'current_day', 'from_stop_id': 'MH-L-1', 'to_stop_id': '54-1', 'trip_id': '1-1-6', 'agency_name': 'Unknown'}]}"
22,50,12480,intra,left,15,[11; 23],[40; 49; 58],500,375,500,375,12855,12915.0,14550.0,14610.0,1635.0,2.0,11,49,3383.0,15863.0,pt,2505.0,14985.0,2505.0,"{'duration': 1635, 'source_transfer_time': 0, 'waiting_time': 195, 'trip_time': 1440, 'num_transfers': 2, 'departure_time': 12915, 'departure_day': 'current_day', 'arrival_time': 14550, 'arrival_day': 'current_day', 'steps': [{'duration': 1050, 'departure_time': 13110, 'arrival_time': 14160, 'day': 'current_day', 'from_stop_id': '11-4', 'to_stop_id': 'MH-L-4', 'trip_id': '7-0-18', 'agency_name': 'Unknown'}, {'duration': 30, 'departure_time': 14160, 'arrival_time': 14190, 'day': 'current_day', 'from_stop_id': 'MH-L-4', 'to_stop_id': 'MH-L-5', 'trip_id': 'walking', 'agency_name': 'Unknown'}, {'duration': 210, 'departure_time': 14340, 'arrival_time': 14550, 'day': 'current_day', 'from_stop_id': 'MH-L-5', 'to_stop_id': '49-5', 'trip_id': '8-1-18', 'agency_name': 'Unknown'}]}"
99,52,9180,intra,left,16,[99],[60],0,0,500,375,9180,9240.0,10590.0,10650.0,1350.0,2.0,99,60,3383.0,12563.0,pt,1845.0,11025.0,1845.0,"{'duration': 1350, 'source_transfer_time': 0, 'waiting_time': 270, 'trip_time': 1080, 'num_transfers': 2, 'departure_time': 9240, 'departure_day': 'current_day', 'arrival_time': 10590, 'arrival_day': 'current_day', 'steps': [{'duration': 450, 'departure_time': 9510, 'arrival_time': 9960, 'day': 'current_day', 'from_stop_id': '99-2', 'to_stop_id': 'MH-L-2', 'trip_id': '2-0-11', 'agency_name': 'Unknown'}, {'duration': 30, 'departure_time': 9960, 'arrival_time': 9990, 'day': 'current_day', 'from_stop_id': 'MH-L-2', 'to_stop_id': 'MH-L-1', 'trip_id': 'walking', 'agency_name': 'Unknown'}, {'duration': 450, 'departure_time': 10140, 'arrival_time': 10590, 'day': 'current_day', 'from_stop_id': 'MH-L-1', 'to_stop_id': '60-1', 'trip_id': '1-0-11', 'agency_name': 'Unknown'}]}"
0,74,7920,intra,left,17,[0],[75; 85],0,0,500,375,7920,7980.0,9990.0,10050.0,2010.0,2.0,0,75,3383.0,11303.0,pt,2505.0,10425.0,2505.0,"{'duration': 2010, 'source_transfer_time': 0, 'waiting_time': 210, 'trip_time': 1800, 'num_transfers': 2, 'departure_time': 7980, 'departure_day': 'current_day', 'arrival_time': 9990, 'arrival_day': 'current_day', 'steps': [{'duration': 1170, 'departure_time': 8190, 'arrival_time': 9360, 'day': 'current_day', 'from_stop_id': '0-4', 'to_stop_id': 'MH-L-4', 'trip_id': '7-0-10', 'agency_name': 'Unknown'}, {'duration': 30, 'departure_time': 9360, 'arrival_time': 9390, 'day': 'current_day', 'from_stop_id': 'MH-L-4', 'to_stop_id': 'MH-L-5', 'trip_id': 'walking', 'agency_name': 'Unknown'}, {'duration': 450, 'departure_time': 9540, 'arrival_time': 9990, 'day': 'current_day', 'from_stop_id': 'MH-L-5', 'to_stop_id': '75-5', 'trip_id': '8-0-10', 'agency_name': 'Unknown'}]}"
4,111,11430,intra,left,18,[5],[110],500,375,500,375,11805,11865.0,13710.0,13770.0,1845.0,0.0,5,110,4511.0,15941.0,pt,2715.0,14145.0,2715.0,"{'duration': 1845, 'source_transfer_time': 0, 'waiting_time': 525, 'trip_time': 1320, 'num_transfers': 0, 'departure_time': 11865, 'departure_day': 'current_day', 'arrival_time': 13710, 'arrival_day': 'current_day', 'steps': [{'duration': 1320, 'departure_time': 12390, 'arrival_time': 13710, 'day': 'current_day', 'from_stop_id': '5-2', 'to_stop_id': '110-2', 'trip_id': '2-1-16', 'agency_name': 'Unknown'}]}"
40,4,13440,intra,left,19,[40],[5],0,0,500,375,13440,13500.0,14910.0,14970.0,1410.0,2.0,40,5,2255.0,15695.0,pt,1905.0,15345.0,1905.0,"{'duration': 1410, 'source_transfer_time': 0, 'waiting_time': 210, 'trip_time': 1200, 'num_transfers': 2, 'departure_time': 13500, 'departure_day': 'current_day', 'arrival_time': 14910, 'arrival_day': 'current_day', 'steps': [{'duration': 330, 'departure_time': 13710, 'arrival_time': 14040, 'day': 'current_day', 'from_stop_id': '40-5', 'to_stop_id': '116-5', 'trip_id': '8-0-18', 'agency_name': 'Unknown'}, {'duration': 30, 'departure_time': 14040, 'arrival_time': 14070, 'day': 'current_day', 'from_stop_id': '116-5', 'to_stop_id': '116-2', 'trip_id': 'walking', 'agency_name': 'Unknown'}, {'duration': 450, 'departure_time': 14460, 'arrival_time': 14910, 'day': 'current_day', 'from_stop_id': '116-2', 'to_stop_id': '5-2', 'trip_id': '2-0-18', 'agency_name': 'Unknown'}]}"
64,1,12300,intra,left,20,[56],[0; 12],500,375,500,375,12675,12735.0,14670.0,14730.0,1935.0,2.0,56,12,2631.0,14931.0,walking,2631.0,15105.0,2805.0,"{'duration': 1935, 'source_transfer_time': 0, 'waiting_time': 495, 'trip_time': 1440, 'num_transfers': 2, 'departure_time': 12735, 'departure_day': 'current_day', 'arrival_time': 14670, 'arrival_day': 'current_day', 'steps': [{'duration': 210, 'departure_time': 13230, 'arrival_time': 13440, 'day': 'current_day', 'from_stop_id': '56-1', 'to_stop_id': '117-1', 'trip_id': '1-0-17', 'agency_name': 'Unknown'}, {'duration': 30, 'departure_time': 13440, 'arrival_time': 13470, 'day': 'current_day', 'from_stop_id': '117-1', 'to_stop_id': '117-4', 'trip_id': 'walking', 'agency_name': 'Unknown'}, {'duration': 810, 'departure_time': 13860, 'arrival_time': 14670, 'day': 'current_day', 'from_stop_id': '117-4', 'to_stop_id': '12-4', 'trip_id': '7-1-17', 'agency_name': 'Unknown'}]}"
109,91,6840,intra,left,21,[110],[91],500,375,0,0,7215,7275.0,9030.0,9090.0,1755.0,2.0,110,91,2255.0,9095.0,pt,2250.0,9090.0,2250.0,"{'duration': 1755, 'source_transfer_time': 0, 'waiting_time': 315, 'trip_time': 1440, 'num_transfers': 2, 'departure_time': 7275, 'departure_day': 'current_day', 'arrival_time': 9030, 'arrival_day': 'current_day', 'steps': [{'duration': 570, 'departure_time': 7590, 'arrival_time': 8160, 'day': 'current_day', 'from_stop_id': '110-2', 'to_stop_id': 'MH-L-2', 'trip_id': '2-0-8', 'agency_name': 'Unknown'}, {'duration': 30, 'departure_time': 8160, 'arrival_time': 8190, 'day': 'current_day', 'from_stop_id': 'MH-L-2', 'to_stop_id': 'MH-L-4', 'trip_id': 'walking', 'agency_name': 'Unknown'}, {'duration': 690, 'departure_time': 8340, 'arrival_time': 9030, 'day': 'current_day', 'from_stop_id': 'MH-L-4', 'to_stop_id': '91-4', 'trip_id': '7-0-8', 'agency_name': 'Unknown'}]}"
115,77,11010,intra,left,22,[115],[77],0,0,0,0,11010,11070.0,12750.0,12810.0,1680.0,2.0,115,77,3007.0,14017.0,pt,1800.0,12810.0,1800.0,"{'duration': 1680, 'source_transfer_time': 0, 'waiting_time': 120, 'trip_time': 1560, 'num_transfers': 2, 'departure_time': 11070, 'departure_day': 'current_day', 'arrival_time': 12750, 'arrival_day': 'current_day', 'steps': [{'duration': 1170, 'departure_time': 11190, 'arrival_time': 12360, 'day': 'current_day', 'from_stop_id': '115-4', 'to_stop_id': 'MH-L-4', 'trip_id': '7-1-15', 'agency_name': 'Unknown'}, {'duration': 30, 'departure_time': 12360, 'arrival_time': 12390, 'day': 'current_day', 'from_stop_id': 'MH-L-4', 'to_stop_id': 'MH-L-2', 'trip_id': 'walking', 'agency_name': 'Unknown'}, {'duration': 210, 'departure_time': 12540, 'arrival_time': 12750, 'day': 'current_day', 'from_stop_id': 'MH-L-2', 'to_stop_id': '77-2', 'trip_id': '2-1-15', 'agency_name': 'Unknown'}]}"
114,15,10800,intra,left,23,[103; 115],[16],500,375,500,375,11175,11235.0,12990.0,13050.0,1755.0,2.0,103,16,5263.0,16063.0,pt,2625.0,13425.0,2625.0,"{'duration': 1755, 'source_transfer_time': 0, 'waiting_time': 195, 'trip_time': 1560, 'num_transfers': 2, 'departure_time': 11235, 'departure_day': 'current_day', 'arrival_time': 12990, 'arrival_day': 'current_day', 'steps': [{'duration': 930, 'departure_time': 11430, 'arrival_time': 12360, 'day': 'current_day', 'from_stop_id': '103-4', 'to_stop_id': 'MH-L-4', 'trip_id': '7-1-15', 'agency_name': 'Unknown'}, {'duration': 30, 'departure_time': 12360, 'arrival_time': 12390, 'day': 'current_day', 'from_stop_id': 'MH-L-4', 'to_stop_id': 'MH-L-2', 'trip_id': 'walking', 'agency_name': 'Unknown'}, {'duration': 450, 'departure_time': 12540, 'arrival_time': 12990, 'day': 'current_day', 'from_stop_id': 'MH-L-2', 'to_stop_id': '16-2', 'trip_id': '2-0-15', 'agency_name': 'Unknown'}]}"
102,66,14220,intra,left,24,[91; 103],[66],500,375,0,0,14595,14655.0,15750.0,15810.0,1095.0,2.0,91,66,2631.0,16851.0,pt,1590.0,15810.0,1590.0,"{'duration': 1095, 'source_transfer_time': 0, 'waiting_time': 15, 'trip_time': 1080, 'num_transfers': 2, 'departure_time': 14655, 'departure_day': 'current_day', 'arrival_time': 15750, 'arrival_day': 'current_day', 'steps': [{'duration': 690, 'departure_time': 14670, 'arrival_time': 15360, 'day': 'current_day', 'from_stop_id': '91-4', 'to_stop_id': 'MH-L-4', 'trip_id': '7-1-20', 'agency_name': 'Unknown'}, {'duration': 30, 'departure_time': 15360, 'arrival_time': 15390, 'day': 'current_day', 'from_stop_id': 'MH-L-4', 'to_stop_id': 'MH-L-5', 'trip_id': 'walking', 'agency_name': 'Unknown'}, {'duration': 210, 'departure_time': 15540, 'arrival_time': 15750, 'day': 'current_day', 'from_stop_id': 'MH-L-5', 'to_stop_id': '66-5', 'trip_id': '8-0-20', 'agency_name': 'Unknown'}]}"
61,110,8010,intra,left,25,[61],[110],0,0,0,0,8010,8070.0,9510.0,9570.0,1440.0,2.0,61,110,3759.0,11769.0,pt,1560.0,9570.0,1560.0,"{'duration': 1440, 'source_transfer_time': 0, 'waiting_time': 120, 'trip_time': 1320, 'num_transfers': 2, 'departure_time': 8070, 'departure_day': 'current_day', 'arrival_time': 9510, 'arrival_day': 'current_day', 'steps': [{'duration': 570, 'departure_time': 8190, 'arrival_time': 8760, 'day': 'current_day', 'from_stop_id': '61-1', 'to_stop_id': 'MH-L-1', 'trip_id': '1-1-9', 'agency_name': 'Unknown'}, {'duration': 30, 'departure_time': 8760, 'arrival_time': 8790, 'day': 'current_day', 'from_stop_id': 'MH-L-1', 'to_stop_id': 'MH-L-2', 'trip_id': 'walking', 'agency_name': 'Unknown'}, {'duration': 570, 'departure_time': 8940, 'arrival_time': 9510, 'day': 'current_day', 'from_stop_id': 'MH-L-2', 'to_stop_id': '110-2', 'trip_id': '2-1-9', 'agency_name': 'Unknown'}]}"
50,113,8880,intra,left,26,[40; 49; 58],[91; 103; 115],500,375,1000,751,9255,9315.0,10830.0,10890.0,1515.0,2.0,40,91,2631.0,11511.0,walking,2631.0,11641.0,2761.0,"{'duration': 1515, 'source_transfer_time': 0, 'waiting_time': 195, 'trip_time': 1320, 'num_transfers': 2, 'departure_time': 9315, 'departure_day': 'current_day', 'arrival_time': 10830, 'arrival_day': 'current_day', 'steps': [{'duration': 450, 'departure_time': 9510, 'arrival_time': 9960, 'day': 'current_day', 'from_stop_id': '40-5', 'to_stop_id': 'MH-L-5', 'trip_id': '8-0-11', 'agency_name': 'Unknown'}, {'duration': 30, 'departure_time': 9960, 'arrival_time': 9990, 'day': 'current_day', 'from_stop_id': 'MH-L-5', 'to_stop_id': 'MH-L-4', 'trip_id': 'walking', 'agency_name': 'Unknown'}, {'duration': 690, 'departure_time': 10140, 'arrival_time': 10830, 'day': 'current_day', 'from_stop_id': 'MH-L-4', 'to_stop_id': '91-4', 'trip_id': '7-0-11', 'agency_name': 'Unknown'}]}"
81,96,12300,intra,left,27,[80; 92],[96],500,375,0,0,12675,12735.0,14550.0,14610.0,1815.0,2.0,80,96,3383.0,15683.0,pt,2310.0,14610.0,2310.0,"{'duration': 1815, 'source_transfer_time': 0, 'waiting_time': 255, 'trip_time': 1560, 'num_transfers': 2, 'departure_time': 12735, 'departure_day': 'current_day', 'arrival_time': 14550, 'arrival_day': 'current_day', 'steps': [{'duration': 570, 'departure_time': 12990, 'arrival_time': 13560, 'day': 'current_day', 'from_stop_id': '80-4', 'to_stop_id': 'MH-L-4', 'trip_id': '7-1-17', 'agency_name': 'Unknown'}, {'duration': 30, 'departure_time': 13560, 'arrival_time': 13590, 'day': 'current_day', 'from_stop_id': 'MH-L-4', 'to_stop_id': 'MH-L-5', 'trip_id': 'walking', 'agency_name': 'Unknown'}, {'duration': 810, 'departure_time': 13740, 'arrival_time': 14550, 'day': 'current_day', 'from_stop_id': 'MH-L-5', 'to_stop_id': '96-5', 'trip_id': '8-0-17', 'agency_name': 'Unknown'}]}"
16,100,8700,intra,left,28,[16],[99],0,0,500,375,8700,8760.0,9990.0,10050.0,1230.0,0.0,16,99,3383.0,12083.0,pt,1725.0,10425.0,1725.0,"{'duration': 1230, 'source_transfer_time': 0, 'waiting_time': 150, 'trip_time': 1080, 'num_transfers': 0, 'departure_time': 8760, 'departure_day': 'current_day', 'arrival_time': 9990, 'arrival_day': 'current_day', 'steps': [{'duration': 1080, 'departure_time': 8910, 'arrival_time': 9990, 'day': 'current_day', 'from_stop_id': '16-2', 'to_stop_id': '99-2', 'trip_id': '2-1-10', 'agency_name': 'Unknown'}]}"
56,112,4020,intra,left,29,[56],[110],0,0,1000,751,4020,4080.0,5310.0,5370.0,1230.0,2.0,56,110,3759.0,7779.0,pt,2101.0,6121.0,2101.0,"{'duration': 1230, 'source_transfer_time': 0, 'waiting_time': 150, 'trip_time': 1080, 'num_transfers': 2, 'departure_time': 4080, 'departure_day': 'current_day', 'arrival_time': 5310, 'arrival_day': 'current_day', 'steps': [{'duration': 330, 'departure_time': 4230, 'arrival_time': 4560, 'day': 'current_day', 'from_stop_id': '56-1', 'to_stop_id': 'MH-L-1', 'trip_id': '1-0-2', 'agency_name': 'Unknown'}, {'duration': 30, 'departure_time': 4560, 'arrival_time': 4590, 'day': 'current_day', 'from_stop_id': 'MH-L-1', 'to_stop_id': 'MH-L-2', 'trip_id': 'walking', 'agency_name': 'Unknown'}, {'duration': 570, 'departure_time': 4740, 'arrival_time': 5310, 'day': 'current_day', 'from_stop_id': 'MH-L-2', 'to_stop_id': '110-2', 'trip_id': '2-1-2', 'agency_name': 'Unknown'}]}"
75,29,14010,intra,left,30,[75],[29],0,0,0,0,14010,14070.0,15510.0,15570.0,1440.0,0.0,75,29,3383.0,17393.0,pt,1560.0,15570.0,1560.0,"{'duration': 1440, 'source_transfer_time': 0, 'waiting_time': 240, 'trip_time': 1200, 'num_transfers': 0, 'departure_time': 14070, 'departure_day': 'current_day', 'arrival_time': 15510, 'arrival_day': 'current_day', 'steps': [{'duration': 1200, 'departure_time': 14310, 'arrival_time': 15510, 'day': 'current_day', 'from_stop_id': '75-5', 'to_stop_id': '29-5', 'trip_id': '8-1-19', 'agency_name': 'Unknown'}]}"
36,91,5520,intra,left,31,[36],[91],0,0,0,0,5520,5580.0,7230.0,7290.0,1650.0,0.0,36,91,3759.0,9279.0,pt,1770.0,7290.0,1770.0,"{'duration': 1650, 'source_transfer_time': 0, 'waiting_time': 330, 'trip_time': 1320, 'num_transfers': 0, 'departure_time': 5580, 'departure_day': 'current_day', 'arrival_time': 7230, 'arrival_day': 'current_day', 'steps': [{'duration': 1320, 'departure_time': 5910, 'arrival_time': 7230, 'day': 'current_day', 'from_stop_id': '36-4', 'to_stop_id': '91-4', 'trip_id': '7-0-5', 'agency_name': 'Unknown'}]}"
1,102,6210,intra,left,32,[0; 12],[91; 103],500,375,500,375,6585,6645.0,9030.0,9090.0,2385.0,0.0,0,91,6015.0,12225.0,pt,3255.0,9465.0,3255.0,"{'duration': 2385, 'source_transfer_time': 0, 'waiting_time': 345, 'trip_time': 2040, 'num_transfers': 0, 'departure_time': 6645, 'departure_day': 'current_day', 'arrival_time': 9030, 'arrival_day': 'current_day', 'steps': [{'duration': 2040, 'departure_time': 6990, 'arrival_time': 9030, 'day': 'current_day', 'from_stop_id': '0-4', 'to_stop_id': '91-4', 'trip_id': '7-0-8', 'agency_name': 'Unknown'}]}"
118,33,9900,intra,left,33,[118],[11; 23; 35; 54],0,0,1000,751,9900,9960.0,11310.0,11370.0,1350.0,0.0,118,35,3007.0,12907.0,pt,2221.0,12121.0,2221.0,"{'duration': 1350, 'source_transfer_time': 0, 'waiting_time': 510, 'trip_time': 840, 'num_transfers': 0, 'departure_time': 9960, 'departure_day': 'current_day', 'arrival_time': 11310, 'arrival_day': 'current_day', 'steps': [{'duration': 840, 'departure_time': 10470, 'arrival_time': 11310, 'day': 'current_day', 'from_stop_id': '118-4', 'to_stop_id': '35-4', 'trip_id': '7-1-12', 'agency_name': 'Unknown'}]}"
16,57,13830,intra,left,34,[16],[57],0,0,0,0,13830,13890.0,15150.0,15210.0,1260.0,2.0,16,57,2255.0,16085.0,pt,1380.0,15210.0,1380.0,"{'duration': 1260, 'source_transfer_time': 0, 'waiting_time': 420, 'trip_time': 840, 'num_transfers': 2, 'departure_time': 13890, 'departure_day': 'current_day', 'arrival_time': 15150, 'arrival_day': 'current_day', 'steps': [{'duration': 450, 'departure_time': 14310, 'arrival_time': 14760, 'day': 'current_day', 'from_stop_id': '16-2', 'to_stop_id': 'MH-L-2', 'trip_id': '2-1-19', 'agency_name': 'Unknown'}, {'duration': 30, 'departure_time': 14760, 'arrival_time': 14790, 'day': 'current_day', 'from_stop_id': 'MH-L-2', 'to_stop_id': 'MH-L-1', 'trip_id': 'walking', 'agency_name': 'Unknown'}, {'duration': 210, 'departure_time': 14940, 'arrival_time': 15150, 'day': 'current_day', 'from_stop_id': 'MH-L-1', 'to_stop_id': '57-1', 'trip_id': '1-1-19', 'agency_name': 'Unknown'}]}"
112,94,13560,intra,left,35,[110],[95; 105],1000,751,500,375,14311,14371.0,16470.0,16530.0,2099.0,2.0,110,95,3007.0,16567.0,walking,3007.0,16905.0,3345.0,"{'duration': 2099, 'source_transfer_time': 0, 'waiting_time': 419, 'trip_time': 1680, 'num_transfers': 2, 'departure_time': 14371, 'departure_day': 'current_day', 'arrival_time': 16470, 'arrival_day': 'current_day', 'steps': [{'duration': 450, 'departure_time': 14790, 'arrival_time': 15240, 'day': 'current_day', 'from_stop_id': '110-2', 'to_stop_id': '119-2', 'trip_id': '2-0-20', 'agency_name': 'Unknown'}, {'duration': 30, 'departure_time': 15240, 'arrival_time': 15270, 'day': 'current_day', 'from_stop_id': '119-2', 'to_stop_id': '119-5', 'trip_id': 'walking', 'agency_name': 'Unknown'}, {'duration': 810, 'departure_time': 15660, 'arrival_time': 16470, 'day': 'current_day', 'from_stop_id': '119-5', 'to_stop_id': '95-5', 'trip_id': '8-0-20', 'agency_name': 'Unknown'}]}"
79,11,4260,intra,left,36,[79],[11],0,0,0,0,4260,4320.0,6390.0,6450.0,2070.0,0.0,79,11,4887.0,9147.0,pt,2190.0,6450.0,2190.0,"{'duration': 2070, 'source_transfer_time': 0, 'waiting_time': 390, 'trip_time': 1680, 'num_transfers': 0, 'departure_time': 4320, 'departure_day': 'current_day', 'arrival_time': 6390, 'arrival_day': 'current_day', 'steps': [{'duration': 1680, 'departure_time': 4710, 'arrival_time': 6390, 'day': 'current_day', 'from_stop_id': '79-4', 'to_stop_id': '11-4', 'trip_id': '7-1-3', 'agency_name': 'Unknown'}]}"
41,66,6660,intra,left,37,[30; 40],[66],500,375,0,0,7035,7095.0,7950.0,8010.0,855.0,0.0,40,66,2631.0,9291.0,pt,1350.0,8010.0,1350.0,"{'duration': 855, 'source_transfer_time': 0, 'waiting_time': 15, 'trip_time': 840, 'num_transfers': 0, 'departure_time': 7095, 'departure_day': 'current_day', 'arrival_time': 7950, 'arrival_day': 'current_day', 'steps': [{'duration': 840, 'departure_time': 7110, 'arrival_time': 7950, 'day': 'current_day', 'from_stop_id': '40-5', 'to_stop_id': '66-5', 'trip_id': '8-0-7', 'agency_name': 'Unknown'}]}"
48,105,11820,intra,left,38,[48],[105],0,0,0,0,11820,11880.0,13710.0,13770.0,1830.0,2.0,48,105,3759.0,15579.0,pt,1950.0,13770.0,1950.0,"{'duration': 1830, 'source_transfer_time': 0, 'waiting_time': 270, 'trip_time': 1560, 'num_transfers': 2, 'departure_time': 11880, 'departure_day': 'current_day', 'arrival_time': 13710, 'arrival_day': 'current_day', 'steps': [{'duration': 210, 'departure_time': 12150, 'arrival_time': 12360, 'day': 'current_day', 'from_stop_id': '48-4', 'to_stop_id': 'MH-L-4', 'trip_id': '7-0-15', 'agency_name': 'Unknown'}, {'duration': 30, 'departure_time': 12360, 'arrival_time': 12390, 'day': 'current_day', 'from_stop_id': 'MH-L-4', 'to_stop_id': 'MH-L-5', 'trip_id': 'walking', 'agency_name': 'Unknown'}, {'duration': 1170, 'departure_time': 12540, 'arrival_time': 13710, 'day': 'current_day', 'from_stop_id': 'MH-L-5', 'to_stop_id': '105-5', 'trip_id': '8-0-15', 'agency_name': 'Unknown'}]}"
117,10,10890,intra,left,39,[117],[10],0,0,0,0,10890,10950.0,12510.0,12570.0,1560.0,2.0,117,10,4135.0,15025.0,pt,1680.0,12570.0,1680.0,"{'duration': 1560, 'source_transfer_time': 0, 'waiting_time': 120, 'trip_time': 1440, 'num_transfers': 2, 'departure_time': 10950, 'departure_day': 'current_day', 'arrival_time': 12510, 'arrival_day': 'current_day', 'steps': [{'duration': 90, 'departure_time': 11070, 'arrival_time': 11160, 'day': 'current_day', 'from_stop_id': '117-1', 'to_stop_id': 'MH-L-1', 'trip_id': '1-0-13', 'agency_name': 'Unknown'}, {'duration': 30, 'departure_time': 11160, 'arrival_time': 11190, 'day': 'current_day', 'from_stop_id': 'MH-L-1', 'to_stop_id': 'MH-L-5', 'trip_id': 'walking', 'agency_name': 'Unknown'}, {'duration': 1170, 'departure_time': 11340, 'arrival_time': 12510, 'day': 'current_day', 'from_stop_id': 'MH-L-5', 'to_stop_id': '10-5', 'trip_id': '8-1-13', 'agency_name': 'Unknown'}]}"
22,29,10410,intra,left,40,[11; 23],[29],500,375,0,0,10785,10845.0,12510.0,12570.0,1665.0,2.0,23,29,2631.0,13041.0,pt,2160.0,12570.0,2160.0,"{'duration': 1665, 'source_transfer_time': 0, 'waiting_time': 105, 'trip_time': 1560, 'num_transfers': 2, 'departure_time': 10845, 'departure_day': 'current_day', 'arrival_time': 12510, 'arrival_day': 'current_day', 'steps': [{'duration': 810, 'departure_time': 10950, 'arrival_time': 11760, 'day': 'current_day', 'from_stop_id': '23-4', 'to_stop_id': 'MH-L-4', 'trip_id': '7-0-14', 'agency_name': 'Unknown'}, {'duration': 30, 'departure_time': 11760, 'arrival_time': 11790, 'day': 'current_day', 'from_stop_id': 'MH-L-4', 'to_stop_id': 'MH-L-5', 'trip_id': 'walking', 'agency_name': 'Unknown'}, {'duration': 570, 'departure_time': 11940, 'arrival_time': 12510, 'day': 'current_day', 'from_stop_id': 'MH-L-5', 'to_stop_id': '29-5', 'trip_id': '8-1-14', 'agency_name': 'Unknown'}]}"
62,1,13380,intra,left,41,[54],[0; 12],500,375,500,375,13755,13815.0,15870.0,15930.0,2055.0,2.0,54,12,2631.0,16011.0,walking,2631.0,16305.0,2925.0,"{'duration': 2055, 'source_transfer_time': 0, 'waiting_time': 375, 'trip_time': 1680, 'num_transfers': 2, 'departure_time': 13815, 'departure_day': 'current_day', 'arrival_time': 15870, 'arrival_day': 'current_day', 'steps': [{'duration': 450, 'departure_time': 14190, 'arrival_time': 14640, 'day': 'current_day', 'from_stop_id': '54-1', 'to_stop_id': '117-1', 'trip_id': '1-0-19', 'agency_name': 'Unknown'}, {'duration': 30, 'departure_time': 14640, 'arrival_time': 14670, 'day': 'current_day', 'from_stop_id': '117-1', 'to_stop_id': '117-4', 'trip_id': 'walking', 'agency_name': 'Unknown'}, {'duration': 810, 'departure_time': 15060, 'arrival_time': 15870, 'day': 'current_day', 'from_stop_id': '117-4', 'to_stop_id': '12-4', 'trip_id': '7-1-19', 'agency_name': 'Unknown'}]}"
24,102,12480,intra,left,42,[24],[91; 103],0,0,500,375,12480,12540.0,14430.0,14490.0,1890.0,0.0,24,91,4887.0,17367.0,pt,2385.0,14865.0,2385.0,"{'duration': 1890, 'source_transfer_time': 0, 'waiting_time': 330, 'trip_time': 1560, 'num_transfers': 0, 'departure_time': 12540, 'departure_day': 'current_day', 'arrival_time': 14430, 'arrival_day': 'current_day', 'steps': [{'duration': 1560, 'departure_time': 12870, 'arrival_time': 14430, 'day': 'current_day', 'from_stop_id': '24-4', 'to_stop_id': '91-4', 'trip_id': '7-0-17', 'agency_name': 'Unknown'}]}"
81,7,3600,intra,left,43,[80; 92],[5; 9; 19; 29],500,375,1000,751,3975,4035.0,5910.0,5970.0,1875.0,2.0,80,5,3383.0,6983.0,pt,3121.0,6721.0,3121.0,"{'duration': 1875, 'source_transfer_time': 0, 'waiting_time': 555, 'trip_time': 1320, 'num_transfers': 2, 'departure_time': 4035, 'departure_day': 'current_day', 'arrival_time': 5910, 'arrival_day': 'current_day', 'steps': [{'duration': 570, 'departure_time': 4590, 'arrival_time': 5160, 'day': 'current_day', 'from_stop_id': '80-4', 'to_stop_id': 'MH-L-4', 'trip_id': '7-1-3', 'agency_name': 'Unknown'}, {'duration': 30, 'departure_time': 5160, 'arrival_time': 5190, 'day': 'current_day', 'from_stop_id': 'MH-L-4', 'to_stop_id': 'MH-L-2', 'trip_id': 'walking', 'agency_name': 'Unknown'}, {'duration': 570, 'departure_time': 5340, 'arrival_time': 5910, 'day': 'current_day', 'from_stop_id': 'MH-L-2', 'to_stop_id': '5-2', 'trip_id': '2-0-3', 'agency_name': 'Unknown'}]}"
111,58,12330,intra,left,44,[110],[58],500,375,0,0,12705,12765.0,13950.0,14010.0,1185.0,2.0,110,58,2255.0,14585.0,pt,1680.0,14010.0,1680.0,"{'duration': 1185, 'source_transfer_time': 0, 'waiting_time': 225, 'trip_time': 960, 'num_transfers': 2, 'departure_time': 12765, 'departure_day': 'current_day', 'arrival_time': 13950, 'arrival_day': 'current_day', 'steps': [{'duration': 570, 'departure_time': 12990, 'arrival_time': 13560, 'day': 'current_day', 'from_stop_id': '110-2', 'to_stop_id': 'MH-L-2', 'trip_id': '2-0-17', 'agency_name': 'Unknown'}, {'duration': 30, 'departure_time': 13560, 'arrival_time': 13590, 'day': 'current_day', 'from_stop_id': 'MH-L-2', 'to_stop_id': 'MH-L-1', 'trip_id': 'walking', 'agency_name': 'Unknown'}, {'duration': 210, 'departure_time': 13740, 'arrival_time': 13950, 'day': 'current_day', 'from_stop_id': 'MH-L-1', 'to_stop_id': '58-1', 'trip_id': '1-0-17', 'agency_name': 'Unknown'}]}"
16,87,5430,intra,left,45,[16],[76; 86; 88],0,0,500,375,5430,5490.0,6870.0,6930.0,1380.0,3.0,16,76,3007.0,8437.0,pt,1875.0,7305.0,1875.0,"{'duration': 1380, 'source_transfer_time': 0, 'waiting_time': 420, 'trip_time': 960, 'num_transfers': 3, 'departure_time': 5490, 'departure_day': 'current_day', 'arrival_time': 6870, 'arrival_day': 'current_day', 'steps': [{'duration': 330, 'departure_time': 5910, 'arrival_time': 6240, 'day': 'current_day', 'from_stop_id': '16-2', 'to_stop_id': '116-2', 'trip_id': '2-1-5', 'agency_name': 'Unknown'}, {'duration': 30, 'departure_time': 6240, 'arrival_time': 6270, 'day': 'current_day', 'from_stop_id': '116-2', 'to_stop_id': '116-5', 'trip_id': 'walking', 'agency_name': 'Unknown'}, {'duration': 360, 'departure_time': 6270, 'arrival_time': 6630, 'day': 'current_day', 'from_stop_id': '116-5', 'to_stop_id': '119-5', 'trip_id': '8-0-5', 'agency_name': 'Unknown'}, {'duration': 210, 'departure_time': 6660, 'arrival_time': 6870, 'day': 'current_day', 'from_stop_id': '119-5', 'to_stop_id': '76-5', 'trip_id': '8-0-5', 'agency_name': 'Unknown'}]}"
36,98,12480,intra,left,46,[36],[99],0,0,500,375,12480,12540.0,14190.0,14250.0,1650.0,2.0,36,99,2631.0,15111.0,pt,2145.0,14625.0,2145.0,"{'duration': 1650, 'source_transfer_time': 0, 'waiting_time': 570, 'trip_time': 1080, 'num_transfers': 2, 'departure_time': 12540, 'departure_day': 'current_day', 'arrival_time': 14190, 'arrival_day': 'current_day', 'steps': [{'duration': 450, 'departure_time': 13110, 'arrival_time': 13560, 'day': 'current_day', 'from_stop_id': '36-4', 'to_stop_id': 'MH-L-4', 'trip_id': '7-0-17', 'agency_name': 'Unknown'}, {'duration': 30, 'departure_time': 13560, 'arrival_time': 13590, 'day': 'current_day', 'from_stop_id': 'MH-L-4', 'to_stop_id': 'MH-L-2', 'trip_id': 'walking', 'agency_name': 'Unknown'}, {'duration': 450, 'departure_time': 13740, 'arrival_time': 14190, 'day': 'current_day', 'from_stop_id': 'MH-L-2', 'to_stop_id': '99-2', 'trip_id': '2-1-17', 'agency_name': 'Unknown'}]}"
43,56,6990,intra,left,47,[61],[56],1000,751,0,0,7741,7801.0,9270.0,9330.0,1469.0,0.0,61,56,3759.0,10749.0,pt,2340.0,9330.0,2340.0,"{'duration': 1469, 'source_transfer_time': 0, 'waiting_time': 389, 'trip_time': 1080, 'num_transfers': 0, 'departure_time': 7801, 'departure_day': 'current_day', 'arrival_time': 9270, 'arrival_day': 'current_day', 'steps': [{'duration': 1080, 'departure_time': 8190, 'arrival_time': 9270, 'day': 'current_day', 'from_stop_id': '61-1', 'to_stop_id': '56-1', 'trip_id': '1-1-9', 'agency_name': 'Unknown'}]}"
18,84,9660,intra,left,48,[19; 29],[85; 95],500,375,500,375,10035,10095.0,12030.0,12090.0,1935.0,0.0,19,85,4887.0,14547.0,pt,2805.0,12465.0,2805.0,"{'duration': 1935, 'source_transfer_time': 0, 'waiting_time': 255, 'trip_time': 1680, 'num_transfers': 0, 'departure_time': 10095, 'departure_day': 'current_day', 'arrival_time': 12030, 'arrival_day': 'current_day', 'steps': [{'duration': 1680, 'departure_time': 10350, 'arrival_time': 12030, 'day': 'current_day', 'from_stop_id': '19-5', 'to_stop_id': '85-5', 'trip_id': '8-0-13', 'agency_name': 'Unknown'}]}"
33,86,7230,intra,left,49,[11; 23; 35; 54],[86],1000,751,0,0,7981,8041.0,9510.0,9570.0,1469.0,2.0,35,86,3007.0,10237.0,pt,2340.0,9570.0,2340.0,"{'duration': 1469, 'source_transfer_time': 0, 'waiting_time': 149, 'trip_time': 1320, 'num_transfers': 2, 'departure_time': 8041, 'departure_day': 'current_day', 'arrival_time': 9510, 'arrival_day': 'current_day', 'steps': [{'duration': 570, 'departure_time': 8190, 'arrival_time': 8760, 'day': 'current_day', 'from_stop_id': '35-4', 'to_stop_id': 'MH-L-4', 'trip_id': '7-0-9', 'agency_name': 'Unknown'}, {'duration': 30, 'departure_time': 8760, 'arrival_time': 8790, 'day': 'current_day', 'from_stop_id': 'MH-L-4', 'to_stop_id': 'MH-L-5', 'trip_id': 'walking', 'agency_name': 'Unknown'}, {'duration': 570, 'departure_time': 8940, 'arrival_time': 9510, 'day': 'current_day', 'from_stop_id': 'MH-L-5', 'to_stop_id': '86-5', 'trip_id': '8-0-9', 'agency_name': 'Unknown'}]}"
85,49,11490,intra,left,50,[85],[49],0,0,0,0,11490,11550.0,12750.0,12810.0,1200.0,0.0,85,49,3007.0,14497.0,pt,1320.0,12810.0,1320.0,"{'duration': 1200, 'source_transfer_time': 0, 'waiting_time': 120, 'trip_time': 1080, 'num_transfers': 0, 'departure_time': 11550, 'departure_day': 'current_day', 'arrival_time': 12750, 'arrival_day': 'current_day', 'steps': [{'duration': 1080, 'departure_time': 11670, 'arrival_time': 12750, 'day': 'current_day', 'from_stop_id': '85-5', 'to_stop_id': '49-5', 'trip_id': '8-1-15', 'agency_name': 'Unknown'}]}"
82,99,11580,intra,left,51,[61; 80; 92; 104],[99],1000,751,0,0,12331,12391.0,14190.0,14250.0,1799.0,2.0,61,99,2631.0,14211.0,walking,2631.0,14250.0,2670.0,"{'duration': 1799, 'source_transfer_time': 0, 'waiting_time': 599, 'trip_time': 1200, 'num_transfers': 2, 'departure_time': 12391, 'departure_day': 'current_day', 'arrival_time': 14190, 'arrival_day': 'current_day', 'steps': [{'duration': 570, 'departure_time': 12990, 'arrival_time': 13560, 'day': 'current_day', 'from_stop_id': '61-1', 'to_stop_id': 'MH-L-1', 'trip_id': '1-1-17', 'agency_name': 'Unknown'}, {'duration': 30, 'departure_time': 13560, 'arrival_time': 13590, 'day': 'current_day', 'from_stop_id': 'MH-L-1', 'to_stop_id': 'MH-L-2', 'trip_id': 'walking', 'agency_name': 'Unknown'}, {'duration': 450, 'departure_time': 13740, 'arrival_time': 14190, 'day': 'current_day', 'from_stop_id': 'MH-L-2', 'to_stop_id': '99-2', 'trip_id': '2-1-17', 'agency_name': 'Unknown'}]}"
67,97,12150,intra,left,52,[67],[86; 96],0,0,500,375,12150,12210.0,13710.0,13770.0,1500.0,2.0,67,86,2255.0,14405.0,pt,1995.0,14145.0,1995.0,"{'duration': 1500, 'source_transfer_time': 0, 'waiting_time': 540, 'trip_time': 960, 'num_transfers': 2, 'departure_time': 12210, 'departure_day': 'current_day', 'arrival_time': 13710, 'arrival_day': 'current_day', 'steps': [{'duration': 210, 'departure_time': 12750, 'arrival_time': 12960, 'day': 'current_day', 'from_stop_id': '67-4', 'to_stop_id': 'MH-L-4', 'trip_id': '7-1-16', 'agency_name': 'Unknown'}, {'duration': 30, 'departure_time': 12960, 'arrival_time': 12990, 'day': 'current_day', 'from_stop_id': 'MH-L-4', 'to_stop_id': 'MH-L-5', 'trip_id': 'walking', 'agency_name': 'Unknown'}, {'duration': 570, 'departure_time': 13140, 'arrival_time': 13710, 'day': 'current_day', 'from_stop_id': 'MH-L-5', 'to_stop_id': '86-5', 'trip_id': '8-0-16', 'agency_name': 'Unknown'}]}"
58,34,7860,intra,left,53,[58],[23; 35],0,0,500,375,7860,7920.0,8910.0,8970.0,990.0,2.0,58,35,3007.0,10867.0,pt,1485.0,9345.0,1485.0,"{'duration': 990, 'source_transfer_time': 0, 'waiting_time': 30, 'trip_time': 960, 'num_transfers': 2, 'departure_time': 7920, 'departure_day': 'current_day', 'arrival_time': 8910, 'arrival_day': 'current_day', 'steps': [{'duration': 90, 'departure_time': 7950, 'arrival_time': 8040, 'day': 'current_day', 'from_stop_id': '58-1', 'to_stop_id': '118-1', 'trip_id': '1-1-8', 'agency_name': 'Unknown'}, {'duration': 30, 'departure_time': 8040, 'arrival_time': 8070, 'day': 'current_day', 'from_stop_id': '118-1', 'to_stop_id': '118-4', 'trip_id': 'walking', 'agency_name': 'Unknown'}, {'duration': 840, 'departure_time': 8070, 'arrival_time': 8910, 'day': 'current_day', 'from_stop_id': '118-4', 'to_stop_id': '35-4', 'trip_id': '7-1-8', 'agency_name': 'Unknown'}]}"
11,70,13650,intra,left,54,[11],[60],0,0,500,375,13650,13710.0,15390.0,15450.0,1680.0,3.0,11,60,5263.0,18913.0,pt,2175.0,15825.0,2175.0,"{'duration': 1680, 'source_transfer_time': 0, 'waiting_time': 0, 'trip_time': 1680, 'num_transfers': 3, 'departure_time': 13710, 'departure_day': 'current_day', 'arrival_time': 15390, 'arrival_day': 'current_day', 'steps': [{'duration': 930, 'departure_time': 13710, 'arrival_time': 14640, 'day': 'current_day', 'from_stop_id': '11-4', 'to_stop_id': '117-4', 'trip_id': '7-0-19', 'agency_name': 'Unknown'}, {'duration': 30, 'departure_time': 14640, 'arrival_time': 14670, 'day': 'current_day', 'from_stop_id': '117-4', 'to_stop_id': '117-1', 'trip_id': 'walking', 'agency_name': 'Unknown'}, {'duration': 90, 'departure_time': 14670, 'arrival_time': 14760, 'day': 'current_day', 'from_stop_id': '117-1', 'to_stop_id': 'MH-L-1', 'trip_id': '1-0-19', 'agency_name': 'Unknown'}, {'duration': 450, 'departure_time': 14940, 'arrival_time': 15390, 'day': 'current_day', 'from_stop_id': 'MH-L-1', 'to_stop_id': '60-1', 'trip_id': '1-0-19', 'agency_name': 'Unknown'}]}"
29,97,10380,intra,left,55,[29],[86; 96],0,0,500,375,10380,10440.0,11910.0,11970.0,1470.0,0.0,29,86,4135.0,14515.0,pt,1965.0,12345.0,1965.0,"{'duration': 1470, 'source_transfer_time': 0, 'waiting_time': 150, 'trip_time': 1320, 'num_transfers': 0, 'departure_time': 10440, 'departure_day': 'current_day', 'arrival_time': 11910, 'arrival_day': 'current_day', 'steps': [{'duration': 1320, 'departure_time': 10590, 'arrival_time': 11910, 'day': 'current_day', 'from_stop_id': '29-5', 'to_stop_id': '86-5', 'trip_id': '8-0-13', 'agency_name': 'Unknown'}]}"
52,25,7350,intra,left,56,[60],[24; 36],500,375,500,375,7725,7785.0,9390.0,9450.0,1605.0,2.0,60,36,3007.0,10357.0,pt,2475.0,9825.0,2475.0,"{'duration': 1605, 'source_transfer_time': 0, 'waiting_time': 525, 'trip_time': 1080, 'num_transfers': 2, 'departure_time': 7785, 'departure_day': 'current_day', 'arrival_time': 9390, 'arrival_day': 'current_day', 'steps': [{'duration': 330, 'departure_time': 8310, 'arrival_time': 8640, 'day': 'current_day', 'from_stop_id': '60-1', 'to_stop_id': '118-1', 'trip_id': '1-1-9', 'agency_name': 'Unknown'}, {'duration': 30, 'departure_time': 8640, 'arrival_time': 8670, 'day': 'current_day', 'from_stop_id': '118-1', 'to_stop_id': '118-4', 'trip_id': 'walking', 'agency_name': 'Unknown'}, {'duration': 720, 'departure_time': 8670, 'arrival_time': 9390, 'day': 'current_day', 'from_stop_id': '118-4', 'to_stop_id': '36-4', 'trip_id': '7-1-9', 'agency_name': 'Unknown'}]}"
70,111,6810,intra,left,57,[60],[110],500,375,500,375,7185,7245.0,8910.0,8970.0,1665.0,2.0,60,110,2631.0,9441.0,pt,2535.0,9345.0,2535.0,"{'duration': 1665, 'source_transfer_time': 0, 'waiting_time': 465, 'trip_time': 1200, 'num_transfers': 2, 'departure_time': 7245, 'departure_day': 'current_day', 'arrival_time': 8910, 'arrival_day': 'current_day', 'steps': [{'duration': 450, 'departure_time': 7710, 'arrival_time': 8160, 'day': 'current_day', 'from_stop_id': '60-1', 'to_stop_id': 'MH-L-1', 'trip_id': '1-1-8', 'agency_name': 'Unknown'}, {'duration': 30, 'departure_time': 8160, 'arrival_time': 8190, 'day': 'current_day', 'from_stop_id': 'MH-L-1', 'to_stop_id': 'MH-L-2', 'trip_id': 'walking', 'agency_name': 'Unknown'}, {'duration': 570, 'departure_time': 8340, 'arrival_time': 8910, 'day': 'current_day', 'from_stop_id': 'MH-L-2', 'to_stop_id': '110-2', 'trip_id': '2-1-8', 'agency_name': 'Unknown'}]}"
28,85,4650,intra,left,58,[27; 29; 39],[85],500,375,0,0,5025,5085.0,6630.0,6690.0,1545.0,2.0,27,85,3759.0,8409.0,pt,2040.0,6690.0,2040.0,"{'duration': 1545, 'source_transfer_time': 0, 'waiting_time': 345, 'trip_time': 1200, 'num_transfers': 2, 'departure_time': 5085, 'departure_day': 'current_day', 'arrival_time': 6630, 'arrival_day': 'current_day', 'steps': [{'duration': 210, 'departure_time': 5430, 'arrival_time': 5640, 'day': 'current_day', 'from_stop_id': '27-2', 'to_stop_id': '116-2', 'trip_id': '2-1-4', 'agency_name': 'Unknown'}, {'duration': 30, 'departure_time': 5640, 'arrival_time': 5670, 'day': 'current_day', 'from_stop_id': '116-2', 'to_stop_id': '116-5', 'trip_id': 'walking', 'agency_name': 'Unknown'}, {'duration': 960, 'departure_time': 5670, 'arrival_time': 6630, 'day': 'current_day', 'from_stop_id': '116-5', 'to_stop_id': '85-5', 'trip_id': '8-0-4', 'agency_name': 'Unknown'}]}"
86,10,7350,intra,left,59,[86],[10],0,0,0,0,7350,7410.0,9510.0,9570.0,2100.0,0.0,86,10,5639.0,12989.0,pt,2220.0,9570.0,2220.0,"{'duration': 2100, 'source_transfer_time': 0, 'waiting_time': 180, 'trip_time': 1920, 'num_transfers': 0, 'departure_time': 7410, 'departure_day': 'current_day', 'arrival_time': 9510, 'arrival_day': 'current_day', 'steps': [{'duration': 1920, 'departure_time': 7590, 'arrival_time': 9510, 'day': 'current_day', 'from_stop_id': '86-5', 'to_stop_id': '10-5', 'trip_id': '8-1-8', 'agency_name': 'Unknown'}]}"
116,13,7500,intra,left,60,[116],[12; 24],0,0,500,375,7500,7560.0,9030.0,9090.0,1470.0,2.0,116,24,2255.0,9755.0,pt,1965.0,9465.0,1965.0,"{'duration': 1470, 'source_transfer_time': 0, 'waiting_time': 510, 'trip_time': 960, 'num_transfers': 2, 'departure_time': 7560, 'departure_day': 'current_day', 'arrival_time': 9030, 'arrival_day': 'current_day', 'steps': [{'duration': 90, 'departure_time': 8070, 'arrival_time': 8160, 'day': 'current_day', 'from_stop_id': '116-5', 'to_stop_id': 'MH-L-5', 'trip_id': '8-0-8', 'agency_name': 'Unknown'}, {'duration': 30, 'departure_time': 8160, 'arrival_time': 8190, 'day': 'current_day', 'from_stop_id': 'MH-L-5', 'to_stop_id': 'MH-L-4', 'trip_id': 'walking', 'agency_name': 'Unknown'}, {'duration': 690, 'departure_time': 8340, 'arrival_time': 9030, 'day': 'current_day', 'from_stop_id': 'MH-L-4', 'to_stop_id': '24-4', 'trip_id': '7-1-8', 'agency_name': 'Unknown'}]}"
30,92,6060,intra,left,61,[30],[92],0,0,0,0,6060,6120.0,7950.0,8010.0,1830.0,2.0,30,92,2631.0,8691.0,pt,1950.0,8010.0,1950.0,"{'duration': 1830, 'source_transfer_time': 0, 'waiting_time': 150, 'trip_time': 1680, 'num_transfers': 2, 'departure_time': 6120, 'departure_day': 'current_day', 'arrival_time': 7950, 'arrival_day': 'current_day', 'steps': [{'duration': 690, 'departure_time': 6270, 'arrival_time': 6960, 'day': 'current_day', 'from_stop_id': '30-5', 'to_stop_id': 'MH-L-5', 'trip_id': '8-0-6', 'agency_name': 'Unknown'}, {'duration': 30, 'departure_time': 6960, 'arrival_time': 6990, 'day': 'current_day', 'from_stop_id': 'MH-L-5', 'to_stop_id': 'MH-L-4', 'trip_id': 'walking', 'agency_name': 'Unknown'}, {'duration': 810, 'departure_time': 7140, 'arrival_time': 7950, 'day': 'current_day', 'from_stop_id': 'MH-L-4', 'to_stop_id': '92-4', 'trip_id': '7-0-6', 'agency_name': 'Unknown'}]}"
73,116,8640,intra,left,62,[55; 75; 85; 95],[116],1000,751,0,0,9391,9451.0,10230.0,10290.0,779.0,2.0,55,116,2631.0,11271.0,pt,1650.0,10290.0,1650.0,"{'duration': 779, 'source_transfer_time': 0, 'waiting_time': 59, 'trip_time': 720, 'num_transfers': 2, 'departure_time': 9451, 'departure_day': 'current_day', 'arrival_time': 10230, 'arrival_day': 'current_day', 'steps': [{'duration': 450, 'departure_time': 9510, 'arrival_time': 9960, 'day': 'current_day', 'from_stop_id': '55-1', 'to_stop_id': 'MH-L-1', 'trip_id': '1-0-11', 'agency_name': 'Unknown'}, {'duration': 30, 'departure_time': 9960, 'arrival_time': 9990, 'day': 'current_day', 'from_stop_id': 'MH-L-1', 'to_stop_id': 'MH-L-2', 'trip_id': 'walking', 'agency_name': 'Unknown'}, {'duration': 90, 'departure_time': 10140, 'arrival_time': 10230, 'day': 'current_day', 'from_stop_id': 'MH-L-2', 'to_stop_id': '116-2', 'trip_id': '2-0-11', 'agency_name': 'Unknown'}]}"
93,50,8910,intra,left,63,[92; 104],[40; 49; 58],500,375,500,375,9285,9345.0,10950.0,11010.0,1605.0,2.0,92,49,2631.0,11541.0,pt,2475.0,11385.0,2475.0,"{'duration': 1605, 'source_transfer_time': 0, 'waiting_time': 405, 'trip_time': 1200, 'num_transfers': 2, 'departure_time': 9345, 'departure_day': 'current_day', 'arrival_time': 10950, 'arrival_day': 'current_day', 'steps': [{'duration': 810, 'departure_time': 9750, 'arrival_time': 10560, 'day': 'current_day', 'from_stop_id': '92-4', 'to_stop_id': 'MH-L-4', 'trip_id': '7-1-12', 'agency_name': 'Unknown'}, {'duration': 30, 'departure_time': 10560, 'arrival_time': 10590, 'day': 'current_day', 'from_stop_id': 'MH-L-4', 'to_stop_id': 'MH-L-5', 'trip_id': 'walking', 'agency_name': 'Unknown'}, {'duration': 210, 'departure_time': 10740, 'arrival_time': 10950, 'day': 'current_day', 'from_stop_id': 'MH-L-5', 'to_stop_id': '49-5', 'trip_id': '8-1-12', 'agency_name': 'Unknown'}]}"
46,9,7500,intra,left,64,[35; 47; 56],[9],500,375,0,0,7875,7935.0,9990.0,10050.0,2055.0,2.0,35,9,4135.0,11635.0,pt,2550.0,10050.0,2550.0,"{'duration': 2055, 'source_transfer_time': 0, 'waiting_time': 255, 'trip_time': 1800, 'num_transfers': 2, 'departure_time': 7935, 'departure_day': 'current_day', 'arrival_time': 9990, 'arrival_day': 'current_day', 'steps': [{'duration': 570, 'departure_time': 8190, 'arrival_time': 8760, 'day': 'current_day', 'from_stop_id': '35-4', 'to_stop_id': 'MH-L-4', 'trip_id': '7-0-9', 'agency_name': 'Unknown'}, {'duration': 30, 'departure_time': 8760, 'arrival_time': 8790, 'day': 'current_day', 'from_stop_id': 'MH-L-4', 'to_stop_id': 'MH-L-5', 'trip_id': 'walking', 'agency_name': 'Unknown'}, {'duration': 1050, 'departure_time': 8940, 'arrival_time': 9990, 'day': 'current_day', 'from_stop_id': 'MH-L-5', 'to_stop_id': '9-5', 'trip_id': '8-1-9', 'agency_name': 'Unknown'}]}"
59,23,8520,intra,left,65,[59],[23],0,0,0,0,8520,8580.0,10350.0,10410.0,1770.0,2.0,59,23,3759.0,12279.0,pt,1890.0,10410.0,1890.0,"{'duration': 1770, 'source_transfer_time': 0, 'waiting_time': 450, 'trip_time': 1320, 'num_transfers': 2, 'departure_time': 8580, 'departure_day': 'current_day', 'arrival_time': 10350, 'arrival_day': 'current_day', 'steps': [{'duration': 210, 'departure_time': 9030, 'arrival_time': 9240, 'day': 'current_day', 'from_stop_id': '59-1', 'to_stop_id': '118-1', 'trip_id': '1-1-10', 'agency_name': 'Unknown'}, {'duration': 30, 'departure_time': 9240, 'arrival_time': 9270, 'day': 'current_day', 'from_stop_id': '118-1', 'to_stop_id': '118-4', 'trip_id': 'walking', 'agency_name': 'Unknown'}, {'duration': 1080, 'departure_time': 9270, 'arrival_time': 10350, 'day': 'current_day', 'from_stop_id': '118-4', 'to_stop_id': '23-4', 'trip_id': '7-1-10', 'agency_name': 'Unknown'}]}"
18,79,11490,intra,left,66,[19; 29],[79],500,375,0,0,11865,11925.0,13590.0,13650.0,1665.0,2.0,19,79,2255.0,13745.0,pt,2160.0,13650.0,2160.0,"{'duration': 1665, 'source_transfer_time': 0, 'waiting_time': 225, 'trip_time': 1440, 'num_transfers': 2, 'departure_time': 11925, 'departure_day': 'current_day', 'arrival_time': 13590, 'arrival_day': 'current_day', 'steps': [{'duration': 810, 'departure_time': 12150, 'arrival_time': 12960, 'day': 'current_day', 'from_stop_id': '19-5', 'to_stop_id': 'MH-L-5', 'trip_id': '8-0-16', 'agency_name': 'Unknown'}, {'duration': 30, 'departure_time': 12960, 'arrival_time': 12990, 'day': 'current_day', 'from_stop_id': 'MH-L-5', 'to_stop_id': 'MH-L-4', 'trip_id': 'walking', 'agency_name': 'Unknown'}, {'duration': 450, 'departure_time': 13140, 'arrival_time': 13590, 'day': 'current_day', 'from_stop_id': 'MH-L-4', 'to_stop_id': '79-4', 'trip_id': '7-0-16', 'agency_name': 'Unknown'}]}"
113,16,8880,intra,left,67,[91; 103; 115],[16],1000,751,0,0,9631,9691.0,11190.0,11250.0,1499.0,2.0,91,16,4511.0,13391.0,pt,2370.0,11250.0,2370.0,"{'duration': 1499, 'source_transfer_time': 0, 'waiting_time': 179, 'trip_time': 1320, 'num_transfers': 2, 'departure_time': 9691, 'departure_day': 'current_day', 'arrival_time': 11190, 'arrival_day': 'current_day', 'steps': [{'duration': 690, 'departure_time': 9870, 'arrival_time': 10560, 'day': 'current_day', 'from_stop_id': '91-4', 'to_stop_id': 'MH-L-4', 'trip_id': '7-1-12', 'agency_name': 'Unknown'}, {'duration': 30, 'departure_time': 10560, 'arrival_time': 10590, 'day': 'current_day', 'from_stop_id': 'MH-L-4', 'to_stop_id': 'MH-L-2', 'trip_id': 'walking', 'agency_name': 'Unknown'}, {'duration': 450, 'departure_time': 10740, 'arrival_time': 11190, 'day': 'current_day', 'from_stop_id': 'MH-L-2', 'to_stop_id': '16-2', 'trip_id': '2-0-12', 'agency_name': 'Unknown'}]}"
41,111,4080,intra,left,68,[30; 40],[110],500,375,500,375,4455,4515.0,5910.0,5970.0,1395.0,3.0,40,110,3383.0,7463.0,pt,2265.0,6345.0,2265.0,"{'duration': 1395, 'source_transfer_time': 0, 'waiting_time': 195, 'trip_time': 1200, 'num_transfers': 3, 'departure_time': 4515, 'departure_day': 'current_day', 'arrival_time': 5910, 'arrival_day': 'current_day', 'steps': [{'duration': 330, 'departure_time': 4710, 'arrival_time': 5040, 'day': 'current_day', 'from_stop_id': '40-5', 'to_stop_id': '116-5', 'trip_id': '8-0-3', 'agency_name': 'Unknown'}, {'duration': 30, 'departure_time': 5040, 'arrival_time': 5070, 'day': 'current_day', 'from_stop_id': '116-5', 'to_stop_id': '116-2', 'trip_id': 'walking', 'agency_name': 'Unknown'}, {'duration': 360, 'departure_time': 5070, 'arrival_time': 5430, 'day': 'current_day', 'from_stop_id': '116-2', 'to_stop_id': '119-2', 'trip_id': '2-1-3', 'agency_name': 'Unknown'}, {'duration': 450, 'departure_time': 5460, 'arrival_time': 5910, 'day': 'current_day', 'from_stop_id': '119-2', 'to_stop_id': '110-2', 'trip_id': '2-1-3', 'agency_name': 'Unknown'}]}"
67,3,4410,intra,left,69,[67],[5],0,0,1000,751,4410,4470.0,5910.0,5970.0,1440.0,2.0,67,5,3383.0,7793.0,pt,2311.0,6721.0,2311.0,"{'duration': 1440, 'source_transfer_time': 0, 'waiting_time': 480, 'trip_time': 960, 'num_transfers': 2, 'departure_time': 4470, 'departure_day': 'current_day', 'arrival_time': 5910, 'arrival_day': 'current_day', 'steps': [{'duration': 210, 'departure_time': 4950, 'arrival_time': 5160, 'day': 'current_day', 'from_stop_id': '67-4', 'to_stop_id': 'MH-L-4', 'trip_id': '7-1-3', 'agency_name': 'Unknown'}, {'duration': 30, 'departure_time': 5160, 'arrival_time': 5190, 'day': 'current_day', 'from_stop_id': 'MH-L-4', 'to_stop_id': 'MH-L-2', 'trip_id': 'walking', 'agency_name': 'Unknown'}, {'duration': 570, 'departure_time': 5340, 'arrival_time': 5910, 'day': 'current_day', 'from_stop_id': 'MH-L-2', 'to_stop_id': '5-2', 'trip_id': '2-0-3', 'agency_name': 'Unknown'}]}"
6,84,4950,intra,left,70,[5],[85; 95],500,375,500,375,5325,5385.0,7230.0,7290.0,1845.0,3.0,5,85,4887.0,9837.0,pt,2715.0,7665.0,2715.0,"{'duration': 1845, 'source_transfer_time': 0, 'waiting_time': 405, 'trip_time': 1440, 'num_transfers': 3, 'departure_time': 5385, 'departure_day': 'current_day', 'arrival_time': 7230, 'arrival_day': 'current_day', 'steps': [{'duration': 450, 'departure_time': 5790, 'arrival_time': 6240, 'day': 'current_day', 'from_stop_id': '5-2', 'to_stop_id': '116-2', 'trip_id': '2-1-5', 'agency_name': 'Unknown'}, {'duration': 30, 'departure_time': 6240, 'arrival_time': 6270, 'day': 'current_day', 'from_stop_id': '116-2', 'to_stop_id': '116-5', 'trip_id': 'walking', 'agency_name': 'Unknown'}, {'duration': 360, 'departure_time': 6270, 'arrival_time': 6630, 'day': 'current_day', 'from_stop_id': '116-5', 'to_stop_id': '119-5', 'trip_id': '8-0-5', 'agency_name': 'Unknown'}, {'duration': 570, 'departure_time': 6660, 'arrival_time': 7230, 'day': 'current_day', 'from_stop_id': '119-5', 'to_stop_id': '85-5', 'trip_id': '8-0-5', 'agency_name': 'Unknown'}]}"
94,8,5790,intra,left,71,[95; 105],[9; 19],500,375,500,375,6165,6225.0,8550.0,8610.0,2325.0,0.0,95,19,6390.0,12180.0,pt,3195.0,8985.0,3195.0,"{'duration': 2325, 'source_transfer_time': 0, 'waiting_time': 405, 'trip_time': 1920, 'num_transfers': 0, 'departure_time': 6225, 'departure_day': 'current_day', 'arrival_time': 8550, 'arrival_day': 'current_day', 'steps': [{'duration': 1920, 'departure_time': 6630, 'arrival_time': 8550, 'day': 'current_day', 'from_stop_id': '95-5', 'to_stop_id': '19-5', 'trip_id': '8-1-7', 'agency_name': 'Unknown'}]}"
9,14,6120,intra,left,72,[9],[12; 16; 24; 36],0,0,1000,751,6120,6180.0,8190.0,8250.0,2010.0,3.0,9,16,2631.0,8751.0,walking,2631.0,9001.0,2881.0,"{'duration': 2010, 'source_transfer_time': 0, 'waiting_time': 330, 'trip_time': 1680, 'num_transfers': 3, 'departure_time': 6180, 'departure_day': 'current_day', 'arrival_time': 8190, 'arrival_day': 'current_day', 'steps': [{'duration': 930, 'departure_time': 6510, 'arrival_time': 7440, 'day': 'current_day', 'from_stop_id': '9-5', 'to_stop_id': '116-5', 'trip_id': '8-0-7', 'agency_name': 'Unknown'}, {'duration': 30, 'departure_time': 7440, 'arrival_time': 7470, 'day': 'current_day', 'from_stop_id': '116-5', 'to_stop_id': '116-2', 'trip_id': 'walking', 'agency_name': 'Unknown'}, {'duration': 90, 'departure_time': 7470, 'arrival_time': 7560, 'day': 'current_day', 'from_stop_id': '116-2', 'to_stop_id': 'MH-L-2', 'trip_id': '2-1-7', 'agency_name': 'Unknown'}, {'duration': 450, 'departure_time': 7740, 'arrival_time': 8190, 'day': 'current_day', 'from_stop_id': 'MH-L-2', 'to_stop_id': '16-2', 'trip_id': '2-0-7', 'agency_name': 'Unknown'}]}"
59,26,8640,intra,left,73,[59],[27],0,0,500,375,8640,8700.0,9870.0,9930.0,1170.0,2.0,59,27,2631.0,11271.0,pt,1665.0,10305.0,1665.0,"{'duration': 1170, 'source_transfer_time': 0, 'waiting_time': 330, 'trip_time': 840, 'num_transfers': 2, 'departure_time': 8700, 'departure_day': 'current_day', 'arrival_time': 9870, 'arrival_day': 'current_day', 'steps': [{'duration': 330, 'departure_time': 9030, 'arrival_time': 9360, 'day': 'current_day', 'from_stop_id': '59-1', 'to_stop_id': 'MH-L-1', 'trip_id': '1-1-10', 'agency_name': 'Unknown'}, {'duration': 30, 'departure_time': 9360, 'arrival_time': 9390, 'day': 'current_day', 'from_stop_id': 'MH-L-1', 'to_stop_id': 'MH-L-2', 'trip_id': 'walking', 'agency_name': 'Unknown'}, {'duration': 330, 'departure_time': 9540, 'arrival_time': 9870, 'day': 'current_day', 'from_stop_id': 'MH-L-2', 'to_stop_id': '27-2', 'trip_id': '2-0-10', 'agency_name': 'Unknown'}]}"
22,5,8220,intra,left,74,[11; 23],[5],500,375,0,0,8595,8655.0,10710.0,10770.0,2055.0,2.0,11,5,2631.0,10851.0,pt,2550.0,10770.0,2550.0,"{'duration': 2055, 'source_transfer_time': 0, 'waiting_time': 255, 'trip_time': 1800, 'num_transfers': 2, 'departure_time': 8655, 'departure_day': 'current_day', 'arrival_time': 10710, 'arrival_day': 'current_day', 'steps': [{'duration': 1050, 'departure_time': 8910, 'arrival_time': 9960, 'day': 'current_day', 'from_stop_id': '11-4', 'to_stop_id': 'MH-L-4', 'trip_id': '7-0-11', 'agency_name': 'Unknown'}, {'duration': 30, 'departure_time': 9960, 'arrival_time': 9990, 'day': 'current_day', 'from_stop_id': 'MH-L-4', 'to_stop_id': 'MH-L-2', 'trip_id': 'walking', 'agency_name': 'Unknown'}, {'duration': 570, 'departure_time': 10140, 'arrival_time': 10710, 'day': 'current_day', 'from_stop_id': 'MH-L-2', 'to_stop_id': '5-2', 'trip_id': '2-0-11', 'agency_name': 'Unknown'}]}"
94,29,10620,intra,left,75,[95; 105],[29],500,375,0,0,10995,11055.0,13110.0,13170.0,2055.0,0.0,95,29,5263.0,15883.0,pt,2550.0,13170.0,2550.0,"{'duration': 2055, 'source_transfer_time': 0, 'waiting_time': 375, 'trip_time': 1680, 'num_transfers': 0, 'departure_time': 11055, 'departure_day': 'current_day', 'arrival_time': 13110, 'arrival_day': 'current_day', 'steps': [{'duration': 1680, 'departure_time': 11430, 'arrival_time': 13110, 'day': 'current_day', 'from_stop_id': '95-5', 'to_stop_id': '29-5', 'trip_id': '8-1-15', 'agency_name': 'Unknown'}]}"
6,46,7140,intra,left,76,[5],[35; 47; 56],500,375,500,375,7515,7575.0,8670.0,8730.0,1095.0,2.0,5,47,3007.0,10147.0,pt,1965.0,9105.0,1965.0,"{'duration': 1095, 'source_transfer_time': 0, 'waiting_time': 15, 'trip_time': 1080, 'num_transfers': 2, 'departure_time': 7575, 'departure_day': 'current_day', 'arrival_time': 8670, 'arrival_day': 'current_day', 'steps': [{'duration': 570, 'departure_time': 7590, 'arrival_time': 8160, 'day': 'current_day', 'from_stop_id': '5-2', 'to_stop_id': 'MH-L-2', 'trip_id': '2-1-8', 'agency_name': 'Unknown'}, {'duration': 30, 'departure_time': 8160, 'arrival_time': 8190, 'day': 'current_day', 'from_stop_id': 'MH-L-2', 'to_stop_id': 'MH-L-4', 'trip_id': 'walking', 'agency_name': 'Unknown'}, {'duration': 330, 'departure_time': 8340, 'arrival_time': 8670, 'day': 'current_day', 'from_stop_id': 'MH-L-4', 'to_stop_id': '47-4', 'trip_id': '7-1-8', 'agency_name': 'Unknown'}]}"
5,117,4260,intra,left,77,[5],[117],0,0,0,0,4260,4320.0,5430.0,5490.0,1110.0,2.0,5,117,2255.0,6515.0,pt,1230.0,5490.0,1230.0,"{'duration': 1110, 'source_transfer_time': 0, 'waiting_time': 270, 'trip_time': 840, 'num_transfers': 2, 'departure_time': 4320, 'departure_day': 'current_day', 'arrival_time': 5430, 'arrival_day': 'current_day', 'steps': [{'duration': 570, 'departure_time': 4590, 'arrival_time': 5160, 'day': 'current_day', 'from_stop_id': '5-2', 'to_stop_id': 'MH-L-2', 'trip_id': '2-1-3', 'agency_name': 'Unknown'}, {'duration': 30, 'departure_time': 5160, 'arrival_time': 5190, 'day': 'current_day', 'from_stop_id': 'MH-L-2', 'to_stop_id': 'MH-L-1', 'trip_id': 'walking', 'agency_name': 'Unknown'}, {'duration': 90, 'departure_time': 5340, 'arrival_time': 5430, 'day': 'current_day', 'from_stop_id': 'MH-L-1', 'to_stop_id': '117-1', 'trip_id': '1-1-3', 'agency_name': 'Unknown'}]}"
117,108,14280,intra,left,78,[117],[86; 96; 106; 110],0,0,1000,751,14280,14340.0,15510.0,15570.0,1170.0,2.0,117,86,2255.0,16535.0,pt,2041.0,16321.0,2041.0,"{'duration': 1170, 'source_transfer_time': 0, 'waiting_time': 330, 'trip_time': 840, 'num_transfers': 2, 'departure_time': 14340, 'departure_day': 'current_day', 'arrival_time': 15510, 'arrival_day': 'current_day', 'steps': [{'duration': 90, 'departure_time': 14670, 'arrival_time': 14760, 'day': 'current_day', 'from_stop_id': '117-1', 'to_stop_id': 'MH-L-1', 'trip_id': '1-0-19', 'agency_name': 'Unknown'}, {'duration': 30, 'departure_time': 14760, 'arrival_time': 14790, 'day': 'current_day', 'from_stop_id': 'MH-L-1', 'to_stop_id': 'MH-L-5', 'trip_id': 'walking', 'agency_name': 'Unknown'}, {'duration': 570, 'departure_time': 14940, 'arrival_time': 15510, 'day': 'current_day', 'from_stop_id': 'MH-L-5', 'to_stop_id': '86-5', 'trip_id': '8-0-19', 'agency_name': 'Unknown'}]}"
71,12,12750,intra,left,79,[61],[12],500,375,0,0,13125,13185.0,15270.0,15330.0,2085.0,2.0,61,12,5263.0,18013.0,pt,2580.0,15330.0,2580.0,"{'duration': 2085, 'source_transfer_time': 0, 'waiting_time': 405, 'trip_time': 1680, 'num_transfers': 2, 'departure_time': 13185, 'departure_day': 'current_day', 'arrival_time': 15270, 'arrival_day': 'current_day', 'steps': [{'duration': 450, 'departure_time': 13590, 'arrival_time': 14040, 'day': 'current_day', 'from_stop_id': '61-1', 'to_stop_id': '118-1', 'trip_id': '1-1-18', 'agency_name': 'Unknown'}, {'duration': 30, 'departure_time': 14040, 'arrival_time': 14070, 'day': 'current_day', 'from_stop_id': '118-1', 'to_stop_id': '118-4', 'trip_id': 'walking', 'agency_name': 'Unknown'}, {'duration': 1200, 'departure_time': 14070, 'arrival_time': 15270, 'day': 'current_day', 'from_stop_id': '118-4', 'to_stop_id': '12-4', 'trip_id': '7-1-18', 'agency_name': 'Unknown'}]}"
56,104,9540,intra,left,80,[56],[104],0,0,0,0,9540,9600.0,11190.0,11250.0,1590.0,3.0,56,104,4511.0,14051.0,pt,1710.0,11250.0,1710.0,"{'duration': 1590, 'source_transfer_time': 0, 'waiting_time': 30, 'trip_time': 1560, 'num_transfers': 3, 'departure_time': 9600, 'departure_day': 'current_day', 'arrival_time': 11190, 'arrival_day': 'current_day', 'steps': [{'duration': 210, 'departure_time': 9630, 'arrival_time': 9840, 'day': 'current_day', 'from_stop_id': '56-1', 'to_stop_id': '117-1', 'trip_id': '1-0-11', 'agency_name': 'Unknown'}, {'duration': 30, 'departure_time': 9840, 'arrival_time': 9870, 'day': 'current_day', 'from_stop_id': '117-1', 'to_stop_id': '117-4', 'trip_id': 'walking', 'agency_name': 'Unknown'}, {'duration': 360, 'departure_time': 9870, 'arrival_time': 10230, 'day': 'current_day', 'from_stop_id': '117-4', 'to_stop_id': '118-4', 'trip_id': '7-0-11', 'agency_name': 'Unknown'}, {'duration': 930, 'departure_time': 10260, 'arrival_time': 11190, 'day': 'current_day', 'from_stop_id': '118-4', 'to_stop_id': '104-4', 'trip_id': '7-0-11', 'agency_name': 'Unknown'}]}"
55,100,9510,intra,left,81,[55],[99],0,0,500,375,9510,9570.0,11190.0,11250.0,1620.0,2.0,55,99,3383.0,12893.0,pt,2115.0,11625.0,2115.0,"{'duration': 1620, 'source_transfer_time': 0, 'waiting_time': 540, 'trip_time': 1080, 'num_transfers': 2, 'departure_time': 9570, 'departure_day': 'current_day', 'arrival_time': 11190, 'arrival_day': 'current_day', 'steps': [{'duration': 450, 'departure_time': 10110, 'arrival_time': 10560, 'day': 'current_day', 'from_stop_id': '55-1', 'to_stop_id': 'MH-L-1', 'trip_id': '1-0-12', 'agency_name': 'Unknown'}, {'duration': 30, 'departure_time': 10560, 'arrival_time': 10590, 'day': 'current_day', 'from_stop_id': 'MH-L-1', 'to_stop_id': 'MH-L-2', 'trip_id': 'walking', 'agency_name': 'Unknown'}, {'duration': 450, 'departure_time': 10740, 'arrival_time': 11190, 'day': 'current_day', 'from_stop_id': 'MH-L-2', 'to_stop_id': '99-2', 'trip_id': '2-1-12', 'agency_name': 'Unknown'}]}"
3,63,9060,intra,left,82,[5],[55],1000,751,500,375,9811,9871.0,11190.0,11250.0,1319.0,2.0,5,55,3007.0,12067.0,pt,2565.0,11625.0,2565.0,"{'duration': 1319, 'source_transfer_time': 0, 'waiting_time': 119, 'trip_time': 1200, 'num_transfers': 2, 'departure_time': 9871, 'departure_day': 'current_day', 'arrival_time': 11190, 'arrival_day': 'current_day', 'steps': [{'duration': 570, 'departure_time': 9990, 'arrival_time': 10560, 'day': 'current_day', 'from_stop_id': '5-2', 'to_stop_id': 'MH-L-2', 'trip_id': '2-1-12', 'agency_name': 'Unknown'}, {'duration': 30, 'departure_time': 10560, 'arrival_time': 10590, 'day': 'current_day', 'from_stop_id': 'MH-L-2', 'to_stop_id': 'MH-L-1', 'trip_id': 'walking', 'agency_name': 'Unknown'}, {'duration': 450, 'departure_time': 10740, 'arrival_time': 11190, 'day': 'current_day', 'from_stop_id': 'MH-L-1', 'to_stop_id': '55-1', 'trip_id': '1-1-12', 'agency_name': 'Unknown'}]}"
96,92,4650,intra,left,83,[96],[92],0,0,0,0,4650,4710.0,6750.0,6810.0,2040.0,2.0,96,92,3007.0,7657.0,pt,2160.0,6810.0,2160.0,"{'duration': 2040, 'source_transfer_time': 0, 'waiting_time': 240, 'trip_time': 1800, 'num_transfers': 2, 'departure_time': 4710, 'departure_day': 'current_day', 'arrival_time': 6750, 'arrival_day': 'current_day', 'steps': [{'duration': 810, 'departure_time': 4950, 'arrival_time': 5760, 'day': 'current_day', 'from_stop_id': '96-5', 'to_stop_id': 'MH-L-5', 'trip_id': '8-1-4', 'agency_name': 'Unknown'}, {'duration': 30, 'departure_time': 5760, 'arrival_time': 5790, 'day': 'current_day', 'from_stop_id': 'MH-L-5', 'to_stop_id': 'MH-L-4', 'trip_id': 'walking', 'agency_name': 'Unknown'}, {'duration': 810, 'departure_time': 5940, 'arrival_time': 6750, 'day': 'current_day', 'from_stop_id': 'MH-L-4', 'to_stop_id': '92-4', 'trip_id': '7-0-4', 'agency_name': 'Unknown'}]}"
12,90,9540,intra,left,84,[12],[79; 91],0,0,500,375,9540,9600.0,11190.0,11250.0,1590.0,0.0,12,79,4887.0,14427.0,pt,2085.0,11625.0,2085.0,"{'duration': 1590, 'source_transfer_time': 0, 'waiting_time': 30, 'trip_time': 1560, 'num_transfers': 0, 'departure_time': 9600, 'departure_day': 'current_day', 'arrival_time': 11190, 'arrival_day': 'current_day', 'steps': [{'duration': 1560, 'departure_time': 9630, 'arrival_time': 11190, 'day': 'current_day', 'from_stop_id': '12-4', 'to_stop_id': '79-4', 'trip_id': '7-0-12', 'agency_name': 'Unknown'}]}"
78,23,8160,intra,left,85,[67; 77; 79],[23],500,375,0,0,8535,8595.0,10350.0,10410.0,1755.0,0.0,67,23,3759.0,11919.0,pt,2250.0,10410.0,2250.0,"{'duration': 1755, 'source_transfer_time': 0, 'waiting_time': 555, 'trip_time': 1200, 'num_transfers': 0, 'departure_time': 8595, 'departure_day': 'current_day', 'arrival_time': 10350, 'arrival_day': 'current_day', 'steps': [{'duration': 1200, 'departure_time': 9150, 'arrival_time': 10350, 'day': 'current_day', 'from_stop_id': '67-4', 'to_stop_id': '23-4', 'trip_id': '7-1-10', 'agency_name': 'Unknown'}]}"
25,51,8280,intra,left,86,[24; 36],[59],500,375,500,375,8655,8715.0,9870.0,9930.0,1155.0,4.0,36,59,2631.0,10911.0,pt,2025.0,10305.0,2025.0,"{'duration': 1155, 'source_transfer_time': 0, 'waiting_time': 195, 'trip_time': 960, 'num_transfers': 4, 'departure_time': 8715, 'departure_day': 'current_day', 'arrival_time': 9870, 'arrival_day': 'current_day', 'steps': [{'duration': 330, 'departure_time': 8910, 'arrival_time': 9240, 'day': 'current_day', 'from_stop_id': '36-4', 'to_stop_id': '117-4', 'trip_id': '7-0-10', 'agency_name': 'Unknown'}, {'duration': 30, 'departure_time': 9240, 'arrival_time': 9270, 'day': 'current_day', 'from_stop_id': '117-4', 'to_stop_id': '117-1', 'trip_id': 'walking', 'agency_name': 'Unknown'}, {'duration': 90, 'departure_time': 9270, 'arrival_time': 9360, 'day': 'current_day', 'from_stop_id': '117-1', 'to_stop_id': 'MH-L-1', 'trip_id': '1-0-10', 'agency_name': 'Unknown'}, {'duration': 90, 'departure_time': 9540, 'arrival_time': 9630, 'day': 'current_day', 'from_stop_id': 'MH-L-1', 'to_stop_id': '118-1', 'trip_id': '1-0-10', 'agency_name': 'Unknown'}, {'duration': 210, 'departure_time': 9660, 'arrival_time': 9870, 'day': 'current_day', 'from_stop_id': '118-1', 'to_stop_id': '59-1', 'trip_id': '1-0-10', 'agency_name': 'Unknown'}]}"
49,63,9540,intra,left,87,[49],[55],0,0,500,375,9540,9600.0,10590.0,10650.0,990.0,2.0,49,55,2631.0,12171.0,pt,1485.0,11025.0,1485.0,"{'duration': 990, 'source_transfer_time': 0, 'waiting_time': 150, 'trip_time': 840, 'num_transfers': 2, 'departure_time': 9600, 'departure_day': 'current_day', 'arrival_time': 10590, 'arrival_day': 'current_day', 'steps': [{'duration': 210, 'departure_time': 9750, 'arrival_time': 9960, 'day': 'current_day', 'from_stop_id': '49-5', 'to_stop_id': 'MH-L-5', 'trip_id': '8-0-11', 'agency_name': 'Unknown'}, {'duration': 30, 'departure_time': 9960, 'arrival_time': 9990, 'day': 'current_day', 'from_stop_id': 'MH-L-5', 'to_stop_id': 'MH-L-1', 'trip_id': 'walking', 'agency_name': 'Unknown'}, {'duration': 450, 'departure_time': 10140, 'arrival_time': 10590, 'day': 'current_day', 'from_stop_id': 'MH-L-1', 'to_stop_id': '55-1', 'trip_id': '1-1-11', 'agency_name': 'Unknown'}]}"
100,40,9990,intra,left,88,[99],[40],500,375,0,0,10365,10425.0,11790.0,11850.0,1365.0,2.0,99,40,2631.0,12621.0,pt,1860.0,11850.0,1860.0,"{'duration': 1365, 'source_transfer_time': 0, 'waiting_time': 285, 'trip_time': 1080, 'num_transfers': 2, 'departure_time': 10425, 'departure_day': 'current_day', 'arrival_time': 11790, 'arrival_day': 'current_day', 'steps': [{'duration': 330, 'departure_time': 10710, 'arrival_time': 11040, 'day': 'current_day', 'from_stop_id': '99-2', 'to_stop_id': '119-2', 'trip_id': '2-0-13', 'agency_name': 'Unknown'}, {'duration': 30, 'departure_time': 11040, 'arrival_time': 11070, 'day': 'current_day', 'from_stop_id': '119-2', 'to_stop_id': '119-5', 'trip_id': 'walking', 'agency_name': 'Unknown'}, {'duration': 720, 'departure_time': 11070, 'arrival_time': 11790, 'day': 'current_day', 'from_stop_id': '119-5', 'to_stop_id': '40-5', 'trip_id': '8-1-13', 'agency_name': 'Unknown'}]}"
83,91,12330,intra,left,89,[85; 95; 105],[91],1000,751,0,0,13081,13141.0,15030.0,15090.0,1889.0,2.0,85,91,3007.0,15337.0,pt,2760.0,15090.0,2760.0,"{'duration': 1889, 'source_transfer_time': 0, 'waiting_time': 329, 'trip_time': 1560, 'num_transfers': 2, 'departure_time': 13141, 'departure_day': 'current_day', 'arrival_time': 15030, 'arrival_day': 'current_day', 'steps': [{'duration': 690, 'departure_time': 13470, 'arrival_time': 14160, 'day': 'current_day', 'from_stop_id': '85-5', 'to_stop_id': 'MH-L-5', 'trip_id': '8-1-18', 'agency_name': 'Unknown'}, {'duration': 30, 'departure_time': 14160, 'arrival_time': 14190, 'day': 'current_day', 'from_stop_id': 'MH-L-5', 'to_stop_id': 'MH-L-4', 'trip_id': 'walking', 'agency_name': 'Unknown'}, {'duration': 690, 'departure_time': 14340, 'arrival_time': 15030, 'day': 'current_day', 'from_stop_id': 'MH-L-4', 'to_stop_id': '91-4', 'trip_id': '7-0-18', 'agency_name': 'Unknown'}]}"
107,14,8310,intra,left,90,[96; 106],[12; 16; 24; 36],500,375,1000,751,8685,8745.0,10590.0,10650.0,1845.0,2.0,96,16,3759.0,12069.0,pt,3091.0,11401.0,3091.0,"{'duration': 1845, 'source_transfer_time': 0, 'waiting_time': 405, 'trip_time': 1440, 'num_transfers': 2, 'departure_time': 8745, 'departure_day': 'current_day', 'arrival_time': 10590, 'arrival_day': 'current_day', 'steps': [{'duration': 690, 'departure_time': 9150, 'arrival_time': 9840, 'day': 'current_day', 'from_stop_id': '96-5', 'to_stop_id': '119-5', 'trip_id': '8-1-11', 'agency_name': 'Unknown'}, {'duration': 30, 'departure_time': 9840, 'arrival_time': 9870, 'day': 'current_day', 'from_stop_id': '119-5', 'to_stop_id': '119-2', 'trip_id': 'walking', 'agency_name': 'Unknown'}, {'duration': 720, 'departure_time': 9870, 'arrival_time': 10590, 'day': 'current_day', 'from_stop_id': '119-2', 'to_stop_id': '16-2', 'trip_id': '2-0-11', 'agency_name': 'Unknown'}]}"
113,16,3630,intra,left,91,[91; 103; 115],[16],1000,751,0,0,4381,4441.0,5790.0,5850.0,1349.0,2.0,91,16,4511.0,8141.0,pt,2220.0,5850.0,2220.0,"{'duration': 1349, 'source_transfer_time': 0, 'waiting_time': 29, 'trip_time': 1320, 'num_transfers': 2, 'departure_time': 4441, 'departure_day': 'current_day', 'arrival_time': 5790, 'arrival_day': 'current_day', 'steps': [{'duration': 690, 'departure_time': 4470, 'arrival_time': 5160, 'day': 'current_day', 'from_stop_id': '91-4', 'to_stop_id': 'MH-L-4', 'trip_id': '7-1-3', 'agency_name': 'Unknown'}, {'duration': 30, 'departure_time': 5160, 'arrival_time': 5190, 'day': 'current_day', 'from_stop_id': 'MH-L-4', 'to_stop_id': 'MH-L-2', 'trip_id': 'walking', 'agency_name': 'Unknown'}, {'duration': 450, 'departure_time': 5340, 'arrival_time': 5790, 'day': 'current_day', 'from_stop_id': 'MH-L-2', 'to_stop_id': '16-2', 'trip_id': '2-0-3', 'agency_name': 'Unknown'}]}"
15,114,5970,intra,left,92,[16],[103; 115],500,375,500,375,6345,6405.0,8070.0,8130.0,1665.0,2.0,16,103,5263.0,11233.0,pt,2535.0,8505.0,2535.0,"{'duration': 1665, 'source_transfer_time': 0, 'waiting_time': 105, 'trip_time': 1560, 'num_transfers': 2, 'departure_time': 6405, 'departure_day': 'current_day', 'arrival_time': 8070, 'arrival_day': 'current_day', 'steps': [{'duration': 450, 'departure_time': 6510, 'arrival_time': 6960, 'day': 'current_day', 'from_stop_id': '16-2', 'to_stop_id': 'MH-L-2', 'trip_id': '2-1-6', 'agency_name': 'Unknown'}, {'duration': 30, 'departure_time': 6960, 'arrival_time': 6990, 'day': 'current_day', 'from_stop_id': 'MH-L-2', 'to_stop_id': 'MH-L-4', 'trip_id': 'walking', 'agency_name': 'Unknown'}, {'duration': 930, 'departure_time': 7140, 'arrival_time': 8070, 'day': 'current_day', 'from_stop_id': 'MH-L-4', 'to_stop_id': '103-4', 'trip_id': '7-0-6', 'agency_name': 'Unknown'}]}"
48,73,10800,intra,left,93,[48],[55; 75; 85; 95],0,0,1000,751,10800,10860.0,11790.0,11850.0,930.0,3.0,48,55,2255.0,13055.0,pt,1801.0,12601.0,1801.0,"{'duration': 930, 'source_transfer_time': 0, 'waiting_time': 90, 'trip_time': 840, 'num_transfers': 3, 'departure_time': 10860, 'departure_day': 'current_day', 'arrival_time': 11790, 'arrival_day': 'current_day', 'steps': [{'duration': 90, 'departure_time': 10950, 'arrival_time': 11040, 'day': 'current_day', 'from_stop_id': '48-4', 'to_stop_id': '117-4', 'trip_id': '7-0-13', 'agency_name': 'Unknown'}, {'duration': 30, 'departure_time': 11040, 'arrival_time': 11070, 'day': 'current_day', 'from_stop_id': '117-4', 'to_stop_id': '117-1', 'trip_id': 'walking', 'agency_name': 'Unknown'}, {'duration': 90, 'departure_time': 11070, 'arrival_time': 11160, 'day': 'current_day', 'from_stop_id': '117-1', 'to_stop_id': 'MH-L-1', 'trip_id': '1-0-13', 'agency_name': 'Unknown'}, {'duration': 450, 'departure_time': 11340, 'arrival_time': 11790, 'day': 'current_day', 'from_stop_id': 'MH-L-1', 'to_stop_id': '55-1', 'trip_id': '1-1-13', 'agency_name': 'Unknown'}]}"
104,38,9780,intra,left,94,[104],[38],0,0,0,0,9780,9840.0,11550.0,11610.0,1710.0,2.0,104,38,4135.0,13915.0,pt,1830.0,11610.0,1830.0,"{'duration': 1710, 'source_transfer_time': 0, 'waiting_time': 270, 'trip_time': 1440, 'num_transfers': 2, 'departure_time': 9840, 'departure_day': 'current_day', 'arrival_time': 11550, 'arrival_day': 'current_day', 'steps': [{'duration': 1050, 'departure_time': 10110, 'arrival_time': 11160, 'day': 'current_day', 'from_stop_id': '104-4', 'to_stop_id': 'MH-L-4', 'trip_id': '7-1-13', 'agency_name': 'Unknown'}, {'duration': 30, 'departure_time': 11160, 'arrival_time': 11190, 'day': 'current_day', 'from_stop_id': 'MH-L-4', 'to_stop_id': 'MH-L-2', 'trip_id': 'walking', 'agency_name': 'Unknown'}, {'duration': 210, 'departure_time': 11340, 'arrival_time': 11550, 'day': 'current_day', 'from_stop_id': 'MH-L-2', 'to_stop_id': '38-2', 'trip_id': '2-0-13', 'agency_name': 'Unknown'}]}"
70,37,12060,intra,left,95,[60],[36; 38; 48],500,375,500,375,12435,12495.0,13350.0,13410.0,855.0,2.0,60,38,3007.0,15067.0,pt,1725.0,13785.0,1725.0,"{'duration': 855, 'source_transfer_time': 0, 'waiting_time': 15, 'trip_time': 840, 'num_transfers': 2, 'departure_time': 12495, 'departure_day': 'current_day', 'arrival_time': 13350, 'arrival_day': 'current_day', 'steps': [{'duration': 450, 'departure_time': 12510, 'arrival_time': 12960, 'day': 'current_day', 'from_stop_id': '60-1', 'to_stop_id': 'MH-L-1', 'trip_id': '1-1-16', 'agency_name': 'Unknown'}, {'duration': 30, 'departure_time': 12960, 'arrival_time': 12990, 'day': 'current_day', 'from_stop_id': 'MH-L-1', 'to_stop_id': 'MH-L-2', 'trip_id': 'walking', 'agency_name': 'Unknown'}, {'duration': 210, 'departure_time': 13140, 'arrival_time': 13350, 'day': 'current_day', 'from_stop_id': 'MH-L-2', 'to_stop_id': '38-2', 'trip_id': '2-0-16', 'agency_name': 'Unknown'}]}"
118,8,11070,intra,left,96,[118],[9; 19],0,0,500,375,11070,11130.0,12750.0,12810.0,1620.0,2.0,118,19,2631.0,13701.0,pt,2115.0,13185.0,2115.0,"{'duration': 1620, 'source_transfer_time': 0, 'waiting_time': 540, 'trip_time': 1080, 'num_transfers': 2, 'departure_time': 11130, 'departure_day': 'current_day', 'arrival_time': 12750, 'arrival_day': 'current_day', 'steps': [{'duration': 90, 'departure_time': 11670, 'arrival_time': 11760, 'day': 'current_day', 'from_stop_id': '118-1', 'to_stop_id': 'MH-L-1', 'trip_id': '1-1-14', 'agency_name': 'Unknown'}, {'duration': 30, 'departure_time': 11760, 'arrival_time': 11790, 'day': 'current_day', 'from_stop_id': 'MH-L-1', 'to_stop_id': 'MH-L-5', 'trip_id': 'walking', 'agency_name': 'Unknown'}, {'duration': 810, 'departure_time': 11940, 'arrival_time': 12750, 'day': 'current_day', 'from_stop_id': 'MH-L-5', 'to_stop_id': '19-5', 'trip_id': '8-1-14', 'agency_name': 'Unknown'}]}"
30,94,3930,intra,left,97,[30],[95; 105],0,0,500,375,3930,3990.0,6270.0,6330.0,2280.0,0.0,30,95,5639.0,9569.0,pt,2775.0,6705.0,2775.0,"{'duration': 2280, 'source_transfer_time': 0, 'waiting_time': 480, 'trip_time': 1800, 'num_transfers': 0, 'departure_time': 3990, 'departure_day': 'current_day', 'arrival_time': 6270, 'arrival_day': 'current_day', 'steps': [{'duration': 1800, 'departure_time': 4470, 'arrival_time': 6270, 'day': 'current_day', 'from_stop_id': '30-5', 'to_stop_id': '95-5', 'trip_id': '8-0-3', 'agency_name': 'Unknown'}]}"
7,35,13800,intra,left,98,[5; 9; 19; 29],[35],1000,751,0,0,14551,14611.0,16110.0,16170.0,1499.0,2.0,5,35,3007.0,16807.0,pt,2370.0,16170.0,2370.0,"{'duration': 1499, 'source_transfer_time': 0, 'waiting_time': 179, 'trip_time': 1320, 'num_transfers': 2, 'departure_time': 14611, 'departure_day': 'current_day', 'arrival_time': 16110, 'arrival_day': 'current_day', 'steps': [{'duration': 570, 'departure_time': 14790, 'arrival_time': 15360, 'day': 'current_day', 'from_stop_id': '5-2', 'to_stop_id': 'MH-L-2', 'trip_id': '2-1-20', 'agency_name': 'Unknown'}, {'duration': 30, 'departure_time': 15360, 'arrival_time': 15390, 'day': 'current_day', 'from_stop_id': 'MH-L-2', 'to_stop_id': 'MH-L-4', 'trip_id': 'walking', 'agency_name': 'Unknown'}, {'duration': 570, 'departure_time': 15540, 'arrival_time': 16110, 'day': 'current_day', 'from_stop_id': 'MH-L-4', 'to_stop_id': '35-4', 'trip_id': '7-1-20', 'agency_name': 'Unknown'}]}"
7,12,7680,intra,left,99,[5; 9; 19; 29],[12],1000,751,0,0,8431,8491.0,10470.0,10530.0,1979.0,2.0,5,12,2631.0,10311.0,walking,2631.0,10530.0,2850.0,"{'duration': 1979, 'source_transfer_time': 0, 'waiting_time': 299, 'trip_time': 1680, 'num_transfers': 2, 'departure_time': 8491, 'departure_day': 'current_day', 'arrival_time': 10470, 'arrival_day': 'current_day', 'steps': [{'duration': 570, 'departure_time': 8790, 'arrival_time': 9360, 'day': 'current_day', 'from_stop_id': '5-2', 'to_stop_id': 'MH-L-2', 'trip_id': '2-1-10', 'agency_name': 'Unknown'}, {'duration': 30, 'departure_time': 9360, 'arrival_time': 9390, 'day': 'current_day', 'from_stop_id': 'MH-L-2', 'to_stop_id': 'MH-L-4', 'trip_id': 'walking', 'agency_name': 'Unknown'}, {'duration': 930, 'departure_time': 9540, 'arrival_time': 10470, 'day': 'current_day', 'from_stop_id': 'MH-L-4', 'to_stop_id': '12-4', 'trip_id': '7-1-10', 'agency_name': 'Unknown'}]}"
85,104,9780,intra,left,100,[85],[104],0,0,0,0,9780,9840.0,11790.0,11850.0,1950.0,2.0,85,104,3383.0,13163.0,pt,2070.0,11850.0,2070.0,"{'duration': 1950, 'source_transfer_time': 0, 'waiting_time': 30, 'trip_time': 1920, 'num_transfers': 2, 'departure_time': 9840, 'departure_day': 'current_day', 'arrival_time': 11790, 'arrival_day': 'current_day', 'steps': [{'duration': 690, 'departure_time': 9870, 'arrival_time': 10560, 'day': 'current_day', 'from_stop_id': '85-5', 'to_stop_id': 'MH-L-5', 'trip_id': '8-1-12', 'agency_name': 'Unknown'}, {'duration': 30, 'departure_time': 10560, 'arrival_time': 10590, 'day': 'current_day', 'from_stop_id': 'MH-L-5', 'to_stop_id': 'MH-L-4', 'trip_id': 'walking', 'agency_name': 'Unknown'}, {'duration': 1050, 'departure_time': 10740, 'arrival_time': 11790, 'day': 'current_day', 'from_stop_id': 'MH-L-4', 'to_stop_id': '104-4', 'trip_id': '7-0-12', 'agency_name': 'Unknown'}]}"
114,14,6990,intra,left,101,[103; 115],[12; 16; 24; 36],500,375,1000,751,7365,7425.0,9390.0,9450.0,1965.0,2.0,103,16,5639.0,12629.0,pt,3211.0,10201.0,3211.0,"{'duration': 1965, 'source_transfer_time': 0, 'waiting_time': 405, 'trip_time': 1560, 'num_transfers': 2, 'departure_time': 7425, 'departure_day': 'current_day', 'arrival_time': 9390, 'arrival_day': 'current_day', 'steps': [{'duration': 930, 'departure_time': 7830, 'arrival_time': 8760, 'day': 'current_day', 'from_stop_id': '103-4', 'to_stop_id': 'MH-L-4', 'trip_id': '7-1-9', 'agency_name': 'Unknown'}, {'duration': 30, 'departure_time': 8760, 'arrival_time': 8790, 'day': 'current_day', 'from_stop_id': 'MH-L-4', 'to_stop_id': 'MH-L-2', 'trip_id': 'walking', 'agency_name': 'Unknown'}, {'duration': 450, 'departure_time': 8940, 'arrival_time': 9390, 'day': 'current_day', 'from_stop_id': 'MH-L-2', 'to_stop_id': '16-2', 'trip_id': '2-0-9', 'agency_name': 'Unknown'}]}"
103,116,6480,intra,left,102,[103],[116],0,0,0,0,6480,6540.0,7830.0,7890.0,1290.0,2.0,103,116,3383.0,9863.0,pt,1410.0,7890.0,1410.0,"{'duration': 1290, 'source_transfer_time': 0, 'waiting_time': 90, 'trip_time': 1200, 'num_transfers': 2, 'departure_time': 6540, 'departure_day': 'current_day', 'arrival_time': 7830, 'arrival_day': 'current_day', 'steps': [{'duration': 930, 'departure_time': 6630, 'arrival_time': 7560, 'day': 'current_day', 'from_stop_id': '103-4', 'to_stop_id': 'MH-L-4', 'trip_id': '7-1-7', 'agency_name': 'Unknown'}, {'duration': 30, 'departure_time': 7560, 'arrival_time': 7590, 'day': 'current_day', 'from_stop_id': 'MH-L-4', 'to_stop_id': 'MH-L-2', 'trip_id': 'walking', 'agency_name': 'Unknown'}, {'duration': 90, 'departure_time': 7740, 'arrival_time': 7830, 'day': 'current_day', 'from_stop_id': 'MH-L-2', 'to_stop_id': '116-2', 'trip_id': '2-0-7', 'agency_name': 'Unknown'}]}"
58,107,4170,intra,left,103,[58],[96; 106],0,0,500,375,4170,4230.0,5550.0,5610.0,1320.0,2.0,58,96,3759.0,7929.0,pt,1815.0,5985.0,1815.0,"{'duration': 1320, 'source_transfer_time': 0, 'waiting_time': 120, 'trip_time': 1200, 'num_transfers': 2, 'departure_time': 4230, 'departure_day': 'current_day', 'arrival_time': 5550, 'arrival_day': 'current_day', 'steps': [{'duration': 210, 'departure_time': 4350, 'arrival_time': 4560, 'day': 'current_day', 'from_stop_id': '58-1', 'to_stop_id': 'MH-L-1', 'trip_id': '1-1-2', 'agency_name': 'Unknown'}, {'duration': 30, 'departure_time': 4560, 'arrival_time': 4590, 'day': 'current_day', 'from_stop_id': 'MH-L-1', 'to_stop_id': 'MH-L-5', 'trip_id': 'walking', 'agency_name': 'Unknown'}, {'duration': 810, 'departure_time': 4740, 'arrival_time': 5550, 'day': 'current_day', 'from_stop_id': 'MH-L-5', 'to_stop_id': '96-5', 'trip_id': '8-0-2', 'agency_name': 'Unknown'}]}"
88,16,10860,intra,left,104,[88],[16],0,0,0,0,10860,10920.0,12390.0,12450.0,1470.0,0.0,88,16,2631.0,13491.0,pt,1590.0,12450.0,1590.0,"{'duration': 1470, 'source_transfer_time': 0, 'waiting_time': 510, 'trip_time': 960, 'num_transfers': 0, 'departure_time': 10920, 'departure_day': 'current_day', 'arrival_time': 12390, 'arrival_day': 'current_day', 'steps': [{'duration': 960, 'departure_time': 11430, 'arrival_time': 12390, 'day': 'current_day', 'from_stop_id': '88-2', 'to_stop_id': '16-2', 'trip_id': '2-0-14', 'agency_name': 'Unknown'}]}"
34,60,7140,intra,left,105,[23; 35],[60],500,375,0,0,7515,7575.0,8790.0,8850.0,1215.0,4.0,35,60,3759.0,10899.0,pt,1710.0,8850.0,1710.0,"{'duration': 1215, 'source_transfer_time': 0, 'waiting_time': 15, 'trip_time': 1200, 'num_transfers': 4, 'departure_time': 7575, 'departure_day': 'current_day', 'arrival_time': 8790, 'arrival_day': 'current_day', 'steps': [{'duration': 450, 'departure_time': 7590, 'arrival_time': 8040, 'day': 'current_day', 'from_stop_id': '35-4', 'to_stop_id': '117-4', 'trip_id': '7-0-8', 'agency_name': 'Unknown'}, {'duration': 30, 'departure_time': 8040, 'arrival_time': 8070, 'day': 'current_day', 'from_stop_id': '117-4', 'to_stop_id': '117-1', 'trip_id': 'walking', 'agency_name': 'Unknown'}, {'duration': 90, 'departure_time': 8070, 'arrival_time': 8160, 'day': 'current_day', 'from_stop_id': '117-1', 'to_stop_id': 'MH-L-1', 'trip_id': '1-0-8', 'agency_name': 'Unknown'}, {'duration': 90, 'departure_time': 8340, 'arrival_time': 8430, 'day': 'current_day', 'from_stop_id': 'MH-L-1', 'to_stop_id': '118-1', 'trip_id': '1-0-8', 'agency_name': 'Unknown'}, {'duration': 330, 'departure_time': 8460, 'arrival_time': 8790, 'day': 'current_day', 'from_stop_id': '118-1', 'to_stop_id': '60-1', 'trip_id': '1-0-8', 'agency_name': 'Unknown'}]}"
12,68,5430,intra,left,106,[12],[68],0,0,0,0,5430,5490.0,7470.0,7530.0,1980.0,0.0,12,68,4135.0,9565.0,pt,2100.0,7530.0,2100.0,"{'duration': 1980, 'source_transfer_time': 0, 'waiting_time': 540, 'trip_time': 1440, 'num_transfers': 0, 'departure_time': 5490, 'departure_day': 'current_day', 'arrival_time': 7470, 'arrival_day': 'current_day', 'steps': [{'duration': 1440, 'departure_time': 6030, 'arrival_time': 7470, 'day': 'current_day', 'from_stop_id': '12-4', 'to_stop_id': '68-4', 'trip_id': '7-0-6', 'agency_name': 'Unknown'}]}"
86,9,14400,intra,left,107,[86],[9],0,0,0,0,14400,14460.0,16590.0,16650.0,2130.0,0.0,86,9,5263.0,19663.0,pt,2250.0,16650.0,2250.0,"{'duration': 2130, 'source_transfer_time': 0, 'waiting_time': 330, 'trip_time': 1800, 'num_transfers': 0, 'departure_time': 14460, 'departure_day': 'current_day', 'arrival_time': 16590, 'arrival_day': 'current_day', 'steps': [{'duration': 1800, 'departure_time': 14790, 'arrival_time': 16590, 'day': 'current_day', 'from_stop_id': '86-5', 'to_stop_id': '9-5', 'trip_id': '8-1-20', 'agency_name': 'Unknown'}]}"
75,20,11580,intra,left,108,[75],[20],0,0,0,0,11580,11640.0,13470.0,13530.0,1830.0,0.0,75,20,4511.0,16091.0,pt,1950.0,13530.0,1950.0,"{'duration': 1830, 'source_transfer_time': 0, 'waiting_time': 270, 'trip_time': 1560, 'num_transfers': 0, 'departure_time': 11640, 'departure_day': 'current_day', 'arrival_time': 13470, 'arrival_day': 'current_day', 'steps': [{'duration': 1560, 'departure_time': 11910, 'arrival_time': 13470, 'day': 'current_day', 'from_stop_id': '75-5', 'to_stop_id': '20-5', 'trip_id': '8-1-15', 'agency_name': 'Unknown'}]}"
20,45,12330,intra,left,109,[20],[55],0,0,500,375,12330,12390.0,14190.0,14250.0,1800.0,2.0,20,55,4135.0,16465.0,pt,2295.0,14625.0,2295.0,"{'duration': 1800, 'source_transfer_time': 0, 'waiting_time': 240, 'trip_time': 1560, 'num_transfers': 2, 'departure_time': 12390, 'departure_day': 'current_day', 'arrival_time': 14190, 'arrival_day': 'current_day', 'steps': [{'duration': 930, 'departure_time': 12630, 'arrival_time': 13560, 'day': 'current_day', 'from_stop_id': '20-5', 'to_stop_id': 'MH-L-5', 'trip_id': '8-0-17', 'agency_name': 'Unknown'}, {'duration': 30, 'departure_time': 13560, 'arrival_time': 13590, 'day': 'current_day', 'from_stop_id': 'MH-L-5', 'to_stop_id': 'MH-L-1', 'trip_id': 'walking', 'agency_name': 'Unknown'}, {'duration': 450, 'departure_time': 13740, 'arrival_time': 14190, 'day': 'current_day', 'from_stop_id': 'MH-L-1', 'to_stop_id': '55-1', 'trip_id': '1-1-17', 'agency_name': 'Unknown'}]}"
54,6,13140,intra,left,110,[54],[5],0,0,500,375,13140,13200.0,14910.0,14970.0,1710.0,2.0,54,5,4135.0,17275.0,pt,2205.0,15345.0,2205.0,"{'duration': 1710, 'source_transfer_time': 0, 'waiting_time': 390, 'trip_time': 1320, 'num_transfers': 2, 'departure_time': 13200, 'departure_day': 'current_day', 'arrival_time': 14910, 'arrival_day': 'current_day', 'steps': [{'duration': 570, 'departure_time': 13590, 'arrival_time': 14160, 'day': 'current_day', 'from_stop_id': '54-1', 'to_stop_id': 'MH-L-1', 'trip_id': '1-0-18', 'agency_name': 'Unknown'}, {'duration': 30, 'departure_time': 14160, 'arrival_time': 14190, 'day': 'current_day', 'from_stop_id': 'MH-L-1', 'to_stop_id': 'MH-L-2', 'trip_id': 'walking', 'agency_name': 'Unknown'}, {'duration': 570, 'departure_time': 14340, 'arrival_time': 14910, 'day': 'current_day', 'from_stop_id': 'MH-L-2', 'to_stop_id': '5-2', 'trip_id': '2-0-18', 'agency_name': 'Unknown'}]}"
113,75,4350,intra,left,111,[91; 103; 115],[75],1000,751,0,0,5101,5161.0,6990.0,7050.0,1829.0,2.0,91,75,3007.0,7357.0,pt,2700.0,7050.0,2700.0,"{'duration': 1829, 'source_transfer_time': 0, 'waiting_time': 509, 'trip_time': 1320, 'num_transfers': 2, 'departure_time': 5161, 'departure_day': 'current_day', 'arrival_time': 6990, 'arrival_day': 'current_day', 'steps': [{'duration': 690, 'departure_time': 5670, 'arrival_time': 6360, 'day': 'current_day', 'from_stop_id': '91-4', 'to_stop_id': 'MH-L-4', 'trip_id': '7-1-5', 'agency_name': 'Unknown'}, {'duration': 30, 'departure_time': 6360, 'arrival_time': 6390, 'day': 'current_day', 'from_stop_id': 'MH-L-4', 'to_stop_id': 'MH-L-5', 'trip_id': 'walking', 'agency_name': 'Unknown'}, {'duration': 450, 'departure_time': 6540, 'arrival_time': 6990, 'day': 'current_day', 'from_stop_id': 'MH-L-5', 'to_stop_id': '75-5', 'trip_id': '8-0-5', 'agency_name': 'Unknown'}]}"
110,30,4650,intra,left,112,[110],[30],0,0,0,0,4650,4710.0,6630.0,6690.0,1920.0,3.0,110,30,4135.0,8785.0,pt,2040.0,6690.0,2040.0,"{'duration': 1920, 'source_transfer_time': 0, 'waiting_time': 480, 'trip_time': 1440, 'num_transfers': 3, 'departure_time': 4710, 'departure_day': 'current_day', 'arrival_time': 6630, 'arrival_day': 'current_day', 'steps': [{'duration': 450, 'departure_time': 5190, 'arrival_time': 5640, 'day': 'current_day', 'from_stop_id': '110-2', 'to_stop_id': '119-2', 'trip_id': '2-0-4', 'agency_name': 'Unknown'}, {'duration': 30, 'departure_time': 5640, 'arrival_time': 5670, 'day': 'current_day', 'from_stop_id': '119-2', 'to_stop_id': '119-5', 'trip_id': 'walking', 'agency_name': 'Unknown'}, {'duration': 360, 'departure_time': 5670, 'arrival_time': 6030, 'day': 'current_day', 'from_stop_id': '119-5', 'to_stop_id': '116-5', 'trip_id': '8-1-4', 'agency_name': 'Unknown'}, {'duration': 570, 'departure_time': 6060, 'arrival_time': 6630, 'day': 'current_day', 'from_stop_id': '116-5', 'to_stop_id': '30-5', 'trip_id': '8-1-4', 'agency_name': 'Unknown'}]}"
101,53,5880,intra,left,113,[79; 91; 99; 103],[61],1000,751,500,375,6631,6691.0,8310.0,8370.0,1619.0,2.0,79,61,3007.0,8887.0,pt,2865.0,8745.0,2865.0,"{'duration': 1619, 'source_transfer_time': 0, 'waiting_time': 419, 'trip_time': 1200, 'num_transfers': 2, 'departure_time': 6691, 'departure_day': 'current_day', 'arrival_time': 8310, 'arrival_day': 'current_day', 'steps': [{'duration': 330, 'departure_time': 7110, 'arrival_time': 7440, 'day': 'current_day', 'from_stop_id': '79-4', 'to_stop_id': '118-4', 'trip_id': '7-1-7', 'agency_name': 'Unknown'}, {'duration': 30, 'departure_time': 7440, 'arrival_time': 7470, 'day': 'current_day', 'from_stop_id': '118-4', 'to_stop_id': '118-1', 'trip_id': 'walking', 'agency_name': 'Unknown'}, {'duration': 450, 'departure_time': 7860, 'arrival_time': 8310, 'day': 'current_day', 'from_stop_id': '118-1', 'to_stop_id': '61-1', 'trip_id': '1-0-7', 'agency_name': 'Unknown'}]}"
118,43,13320,intra,left,114,[118],[61],0,0,1000,751,13320,13380.0,14310.0,14370.0,930.0,0.0,118,61,2255.0,15575.0,pt,1801.0,15121.0,1801.0,"{'duration': 930, 'source_transfer_time': 0, 'waiting_time': 480, 'trip_time': 450, 'num_transfers': 0, 'departure_time': 13380, 'departure_day': 'current_day', 'arrival_time': 14310, 'arrival_day': 'current_day', 'steps': [{'duration': 450, 'departure_time': 13860, 'arrival_time': 14310, 'day': 'current_day', 'from_stop_id': '118-1', 'to_stop_id': '61-1', 'trip_id': '1-0-17', 'agency_name': 'Unknown'}]}"
9,44,6690,intra,left,115,[9],[54],0,0,500,375,6690,6750.0,8910.0,8970.0,2160.0,2.0,9,54,4887.0,11577.0,pt,2655.0,9345.0,2655.0,"{'duration': 2160, 'source_transfer_time': 0, 'waiting_time': 360, 'trip_time': 1800, 'num_transfers': 2, 'departure_time': 6750, 'departure_day': 'current_day', 'arrival_time': 8910, 'arrival_day': 'current_day', 'steps': [{'duration': 1050, 'departure_time': 7110, 'arrival_time': 8160, 'day': 'current_day', 'from_stop_id': '9-5', 'to_stop_id': 'MH-L-5', 'trip_id': '8-0-8', 'agency_name': 'Unknown'}, {'duration': 30, 'departure_time': 8160, 'arrival_time': 8190, 'day': 'current_day', 'from_stop_id': 'MH-L-5', 'to_stop_id': 'MH-L-1', 'trip_id': 'walking', 'agency_name': 'Unknown'}, {'duration': 570, 'departure_time': 8340, 'arrival_time': 8910, 'day': 'current_day', 'from_stop_id': 'MH-L-1', 'to_stop_id': '54-1', 'trip_id': '1-1-8', 'agency_name': 'Unknown'}]}"
66,82,7350,intra,left,116,[66],[61; 80; 92; 104],0,0,1000,751,7350,7410.0,8910.0,8970.0,1500.0,2.0,66,61,2631.0,9981.0,pt,2371.0,9721.0,2371.0,"{'duration': 1500, 'source_transfer_time': 0, 'waiting_time': 540, 'trip_time': 960, 'num_transfers': 2, 'departure_time': 7410, 'departure_day': 'current_day', 'arrival_time': 8910, 'arrival_day': 'current_day', 'steps': [{'duration': 210, 'departure_time': 7950, 'arrival_time': 8160, 'day': 'current_day', 'from_stop_id': '66-5', 'to_stop_id': 'MH-L-5', 'trip_id': '8-1-8', 'agency_name': 'Unknown'}, {'duration': 30, 'departure_time': 8160, 'arrival_time': 8190, 'day': 'current_day', 'from_stop_id': 'MH-L-5', 'to_stop_id': 'MH-L-1', 'trip_id': 'walking', 'agency_name': 'Unknown'}, {'duration': 570, 'departure_time': 8340, 'arrival_time': 8910, 'day': 'current_day', 'from_stop_id': 'MH-L-1', 'to_stop_id': '61-1', 'trip_id': '1-0-8', 'agency_name': 'Unknown'}]}"
52,84,9870,intra,left,117,[60],[85; 95],500,375,500,375,10245,10305.0,12030.0,12090.0,1725.0,2.0,60,85,4511.0,14381.0,pt,2595.0,12465.0,2595.0,"{'duration': 1725, 'source_transfer_time': 0, 'waiting_time': 405, 'trip_time': 1320, 'num_transfers': 2, 'departure_time': 10305, 'departure_day': 'current_day', 'arrival_time': 12030, 'arrival_day': 'current_day', 'steps': [{'duration': 450, 'departure_time': 10710, 'arrival_time': 11160, 'day': 'current_day', 'from_stop_id': '60-1', 'to_stop_id': 'MH-L-1', 'trip_id': '1-1-13', 'agency_name': 'Unknown'}, {'duration': 30, 'departure_time': 11160, 'arrival_time': 11190, 'day': 'current_day', 'from_stop_id': 'MH-L-1', 'to_stop_id': 'MH-L-5', 'trip_id': 'walking', 'agency_name': 'Unknown'}, {'duration': 690, 'departure_time': 11340, 'arrival_time': 12030, 'day': 'current_day', 'from_stop_id': 'MH-L-5', 'to_stop_id': '85-5', 'trip_id': '8-0-13', 'agency_name': 'Unknown'}]}"
49,1,13500,intra,left,118,[49],[0; 12],0,0,500,375,13500,13560.0,15270.0,15330.0,1710.0,2.0,49,12,3383.0,16883.0,pt,2205.0,15705.0,2205.0,"{'duration': 1710, 'source_transfer_time': 0, 'waiting_time': 390, 'trip_time': 1320, 'num_transfers': 2, 'departure_time': 13560, 'departure_day': 'current_day', 'arrival_time': 15270, 'arrival_day': 'current_day', 'steps': [{'duration': 210, 'departure_time': 13950, 'arrival_time': 14160, 'day': 'current_day', 'from_stop_id': '49-5', 'to_stop_id': 'MH-L-5', 'trip_id': '8-0-18', 'agency_name': 'Unknown'}, {'duration': 30, 'departure_time': 14160, 'arrival_time': 14190, 'day': 'current_day', 'from_stop_id': 'MH-L-5', 'to_stop_id': 'MH-L-4', 'trip_id': 'walking', 'agency_name': 'Unknown'}, {'duration': 930, 'departure_time': 14340, 'arrival_time': 15270, 'day': 'current_day', 'from_stop_id': 'MH-L-4', 'to_stop_id': '12-4', 'trip_id': '7-1-18', 'agency_name': 'Unknown'}]}"
26,97,10680,intra,left,119,[27],[86; 96],500,375,500,375,11055,11115.0,12510.0,12570.0,1395.0,2.0,27,86,3007.0,13687.0,pt,2265.0,12945.0,2265.0,"{'duration': 1395, 'source_transfer_time': 0, 'waiting_time': 315, 'trip_time': 1080, 'num_transfers': 2, 'departure_time': 11115, 'departure_day': 'current_day', 'arrival_time': 12510, 'arrival_day': 'current_day', 'steps': [{'duration': 210, 'departure_time': 11430, 'arrival_time': 11640, 'day': 'current_day', 'from_stop_id': '27-2', 'to_stop_id': '116-2', 'trip_id': '2-1-14', 'agency_name': 'Unknown'}, {'duration': 30, 'departure_time': 11640, 'arrival_time': 11670, 'day': 'current_day', 'from_stop_id': '116-2', 'to_stop_id': '116-5', 'trip_id': 'walking', 'agency_name': 'Unknown'}, {'duration': 840, 'departure_time': 11670, 'arrival_time': 12510, 'day': 'current_day', 'from_stop_id': '116-5', 'to_stop_id': '86-5', 'trip_id': '8-0-14', 'agency_name': 'Unknown'}]}"
21,103,8760,intra,left,120,[10; 20],[103],500,375,0,0,9135,9195.0,11670.0,11730.0,2475.0,2.0,10,103,3383.0,12143.0,pt,2970.0,11730.0,2970.0,"{'duration': 2475, 'source_transfer_time': 0, 'waiting_time': 195, 'trip_time': 2280, 'num_transfers': 2, 'departure_time': 9195, 'departure_day': 'current_day', 'arrival_time': 11670, 'arrival_day': 'current_day', 'steps': [{'duration': 1170, 'departure_time': 9390, 'arrival_time': 10560, 'day': 'current_day', 'from_stop_id': '10-5', 'to_stop_id': 'MH-L-5', 'trip_id': '8-0-12', 'agency_name': 'Unknown'}, {'duration': 30, 'departure_time': 10560, 'arrival_time': 10590, 'day': 'current_day', 'from_stop_id': 'MH-L-5', 'to_stop_id': 'MH-L-4', 'trip_id': 'walking', 'agency_name': 'Unknown'}, {'duration': 930, 'departure_time': 10740, 'arrival_time': 11670, 'day': 'current_day', 'from_stop_id': 'MH-L-4', 'to_stop_id': '103-4', 'trip_id': '7-0-12', 'agency_name': 'Unknown'}]}"
12,68,5670,intra,left,121,[12],[68],0,0,0,0,5670,5730.0,7470.0,7530.0,1740.0,0.0,12,68,4135.0,9805.0,pt,1860.0,7530.0,1860.0,"{'duration': 1740, 'source_transfer_time': 0, 'waiting_time': 300, 'trip_time': 1440, 'num_transfers': 0, 'departure_time': 5730, 'departure_day': 'current_day', 'arrival_time': 7470, 'arrival_day': 'current_day', 'steps': [{'duration': 1440, 'departure_time': 6030, 'arrival_time': 7470, 'day': 'current_day', 'from_stop_id': '12-4', 'to_stop_id': '68-4', 'trip_id': '7-0-6', 'agency_name': 'Unknown'}]}"
84,71,7170,intra,left,122,[85; 95],[61],500,375,500,375,7545,7605.0,9510.0,9570.0,1905.0,2.0,85,61,4135.0,11305.0,pt,2775.0,9945.0,2775.0,"{'duration': 1905, 'source_transfer_time': 0, 'waiting_time': 465, 'trip_time': 1440, 'num_transfers': 2, 'departure_time': 7605, 'departure_day': 'current_day', 'arrival_time': 9510, 'arrival_day': 'current_day', 'steps': [{'duration': 690, 'departure_time': 8070, 'arrival_time': 8760, 'day': 'current_day', 'from_stop_id': '85-5', 'to_stop_id': 'MH-L-5', 'trip_id': '8-1-9', 'agency_name': 'Unknown'}, {'duration': 30, 'departure_time': 8760, 'arrival_time': 8790, 'day': 'current_day', 'from_stop_id': 'MH-L-5', 'to_stop_id': 'MH-L-1', 'trip_id': 'walking', 'agency_name': 'Unknown'}, {'duration': 570, 'departure_time': 8940, 'arrival_time': 9510, 'day': 'current_day', 'from_stop_id': 'MH-L-1', 'to_stop_id': '61-1', 'trip_id': '1-0-9', 'agency_name': 'Unknown'}]}"
113,28,10200,intra,left,123,[91; 103; 115],[27; 29; 39],1000,751,500,375,10951,11011.0,12270.0,12330.0,1259.0,2.0,91,27,3759.0,13959.0,pt,2505.0,12705.0,2505.0,"{'duration': 1259, 'source_transfer_time': 0, 'waiting_time': 59, 'trip_time': 1200, 'num_transfers': 2, 'departure_time': 11011, 'departure_day': 'current_day', 'arrival_time': 12270, 'arrival_day': 'current_day', 'steps': [{'duration': 690, 'departure_time': 11070, 'arrival_time': 11760, 'day': 'current_day', 'from_stop_id': '91-4', 'to_stop_id': 'MH-L-4', 'trip_id': '7-1-14', 'agency_name': 'Unknown'}, {'duration': 30, 'departure_time': 11760, 'arrival_time': 11790, 'day': 'current_day', 'from_stop_id': 'MH-L-4', 'to_stop_id': 'MH-L-2', 'trip_id': 'walking', 'agency_name': 'Unknown'}, {'duration': 330, 'departure_time': 11940, 'arrival_time': 12270, 'day': 'current_day', 'from_stop_id': 'MH-L-2', 'to_stop_id': '27-2', 'trip_id': '2-0-14', 'agency_name': 'Unknown'}]}"
13,9,9480,intra,left,124,[12; 24],[9],500,375,0,0,9855,9915.0,12390.0,12450.0,2475.0,2.0,12,9,3007.0,12487.0,pt,2970.0,12450.0,2970.0,"{'duration': 2475, 'source_transfer_time': 0, 'waiting_time': 315, 'trip_time': 2160, 'num_transfers': 2, 'departure_time': 9915, 'departure_day': 'current_day', 'arrival_time': 12390, 'arrival_day': 'current_day', 'steps': [{'duration': 930, 'departure_time': 10230, 'arrival_time': 11160, 'day': 'current_day', 'from_stop_id': '12-4', 'to_stop_id': 'MH-L-4', 'trip_id': '7-0-13', 'agency_name': 'Unknown'}, {'duration': 30, 'departure_time': 11160, 'arrival_time': 11190, 'day': 'current_day', 'from_stop_id': 'MH-L-4', 'to_stop_id': 'MH-L-5', 'trip_id': 'walking', 'agency_name': 'Unknown'}, {'duration': 1050, 'departure_time': 11340, 'arrival_time': 12390, 'day': 'current_day', 'from_stop_id': 'MH-L-5', 'to_stop_id': '9-5', 'trip_id': '8-1-13', 'agency_name': 'Unknown'}]}"
101,63,7800,intra,left,125,[79; 91; 99; 103],[55],1000,751,500,375,8551,8611.0,9990.0,10050.0,1379.0,2.0,79,55,3383.0,11183.0,pt,2625.0,10425.0,2625.0,"{'duration': 1379, 'source_transfer_time': 0, 'waiting_time': 299, 'trip_time': 1080, 'num_transfers': 2, 'departure_time': 8611, 'departure_day': 'current_day', 'arrival_time': 9990, 'arrival_day': 'current_day', 'steps': [{'duration': 330, 'departure_time': 8910, 'arrival_time': 9240, 'day': 'current_day', 'from_stop_id': '79-4', 'to_stop_id': '118-4', 'trip_id': '7-1-10', 'agency_name': 'Unknown'}, {'duration': 30, 'departure_time': 9240, 'arrival_time': 9270, 'day': 'current_day', 'from_stop_id': '118-4', 'to_stop_id': '118-1', 'trip_id': 'walking', 'agency_name': 'Unknown'}, {'duration': 720, 'departure_time': 9270, 'arrival_time': 9990, 'day': 'current_day', 'from_stop_id': '118-1', 'to_stop_id': '55-1', 'trip_id': '1-1-10', 'agency_name': 'Unknown'}]}"
44,92,13770,intra,left,126,[54],[92],500,375,0,0,14145,14205.0,16350.0,16410.0,2145.0,3.0,54,92,4887.0,18657.0,pt,2640.0,16410.0,2640.0,"{'duration': 2145, 'source_transfer_time': 0, 'waiting_time': 585, 'trip_time': 1560, 'num_transfers': 3, 'departure_time': 14205, 'departure_day': 'current_day', 'arrival_time': 16350, 'arrival_day': 'current_day', 'steps': [{'duration': 450, 'departure_time': 14790, 'arrival_time': 15240, 'day': 'current_day', 'from_stop_id': '54-1', 'to_stop_id': '117-1', 'trip_id': '1-0-20', 'agency_name': 'Unknown'}, {'duration': 30, 'departure_time': 15240, 'arrival_time': 15270, 'day': 'current_day', 'from_stop_id': '117-1', 'to_stop_id': '117-4', 'trip_id': 'walking', 'agency_name': 'Unknown'}, {'duration': 360, 'departure_time': 15270, 'arrival_time': 15630, 'day': 'current_day', 'from_stop_id': '117-4', 'to_stop_id': '118-4', 'trip_id': '7-0-20', 'agency_name': 'Unknown'}, {'duration': 690, 'departure_time': 15660, 'arrival_time': 16350, 'day': 'current_day', 'from_stop_id': '118-4', 'to_stop_id': '92-4', 'trip_id': '7-0-20', 'agency_name': 'Unknown'}]}"
89,45,14280,intra,left,127,[88],[55],500,375,500,375,14655,14715.0,15990.0,16050.0,1275.0,2.0,88,55,3383.0,17663.0,pt,2145.0,16425.0,2145.0,"{'duration': 1275, 'source_transfer_time': 0, 'waiting_time': 315, 'trip_time': 960, 'num_transfers': 2, 'departure_time': 14715, 'departure_day': 'current_day', 'arrival_time': 15990, 'arrival_day': 'current_day', 'steps': [{'duration': 330, 'departure_time': 15030, 'arrival_time': 15360, 'day': 'current_day', 'from_stop_id': '88-2', 'to_stop_id': 'MH-L-2', 'trip_id': '2-0-20', 'agency_name': 'Unknown'}, {'duration': 30, 'departure_time': 15360, 'arrival_time': 15390, 'day': 'current_day', 'from_stop_id': 'MH-L-2', 'to_stop_id': 'MH-L-1', 'trip_id': 'walking', 'agency_name': 'Unknown'}, {'duration': 450, 'departure_time': 15540, 'arrival_time': 15990, 'day': 'current_day', 'from_stop_id': 'MH-L-1', 'to_stop_id': '55-1', 'trip_id': '1-1-20', 'agency_name': 'Unknown'}]}"
115,31,10830,intra,left,128,[115],[20; 30],0,0,500,375,10830,10890.0,13230.0,13290.0,2340.0,2.0,115,30,3383.0,14213.0,pt,2835.0,13665.0,2835.0,"{'duration': 2340, 'source_transfer_time': 0, 'waiting_time': 300, 'trip_time': 2040, 'num_transfers': 2, 'departure_time': 10890, 'departure_day': 'current_day', 'arrival_time': 13230, 'arrival_day': 'current_day', 'steps': [{'duration': 1170, 'departure_time': 11190, 'arrival_time': 12360, 'day': 'current_day', 'from_stop_id': '115-4', 'to_stop_id': 'MH-L-4', 'trip_id': '7-1-15', 'agency_name': 'Unknown'}, {'duration': 30, 'departure_time': 12360, 'arrival_time': 12390, 'day': 'current_day', 'from_stop_id': 'MH-L-4', 'to_stop_id': 'MH-L-5', 'trip_id': 'walking', 'agency_name': 'Unknown'}, {'duration': 690, 'departure_time': 12540, 'arrival_time': 13230, 'day': 'current_day', 'from_stop_id': 'MH-L-5', 'to_stop_id': '30-5', 'trip_id': '8-1-15', 'agency_name': 'Unknown'}]}"
35,29,9750,intra,left,129,[35],[29],0,0,0,0,9750,9810.0,11310.0,11370.0,1500.0,2.0,35,29,2255.0,12005.0,pt,1620.0,11370.0,1620.0,"{'duration': 1500, 'source_transfer_time': 0, 'waiting_time': 180, 'trip_time': 1320, 'num_transfers': 2, 'departure_time': 9810, 'departure_day': 'current_day', 'arrival_time': 11310, 'arrival_day': 'current_day', 'steps': [{'duration': 570, 'departure_time': 9990, 'arrival_time': 10560, 'day': 'current_day', 'from_stop_id': '35-4', 'to_stop_id': 'MH-L-4', 'trip_id': '7-0-12', 'agency_name': 'Unknown'}, {'duration': 30, 'departure_time': 10560, 'arrival_time': 10590, 'day': 'current_day', 'from_stop_id': 'MH-L-4', 'to_stop_id': 'MH-L-5', 'trip_id': 'walking', 'agency_name': 'Unknown'}, {'duration': 570, 'departure_time': 10740, 'arrival_time': 11310, 'day': 'current_day', 'from_stop_id': 'MH-L-5', 'to_stop_id': '29-5', 'trip_id': '8-1-12', 'agency_name': 'Unknown'}]}"
79,23,3870,intra,left,130,[79],[23],0,0,0,0,3870,3930.0,5550.0,5610.0,1620.0,0.0,79,23,4135.0,8005.0,pt,1740.0,5610.0,1740.0,"{'duration': 1620, 'source_transfer_time': 0, 'waiting_time': 180, 'trip_time': 1440, 'num_transfers': 0, 'departure_time': 3930, 'departure_day': 'current_day', 'arrival_time': 5550, 'arrival_day': 'current_day', 'steps': [{'duration': 1440, 'departure_time': 4110, 'arrival_time': 5550, 'day': 'current_day', 'from_stop_id': '79-4', 'to_stop_id': '23-4', 'trip_id': '7-1-2', 'agency_name': 'Unknown'}]}"
77,83,14310,intra,left,131,[77],[85; 95; 105],0,0,1000,751,14310,14370.0,15630.0,15690.0,1260.0,2.0,77,85,2255.0,16565.0,pt,2131.0,16441.0,2131.0,"{'duration': 1260, 'source_transfer_time': 0, 'waiting_time': 180, 'trip_time': 1080, 'num_transfers': 2, 'departure_time': 14370, 'departure_day': 'current_day', 'arrival_time': 15630, 'arrival_day': 'current_day', 'steps': [{'duration': 90, 'departure_time': 14550, 'arrival_time': 14640, 'day': 'current_day', 'from_stop_id': '77-2', 'to_stop_id': '119-2', 'trip_id': '2-0-19', 'agency_name': 'Unknown'}, {'duration': 30, 'departure_time': 14640, 'arrival_time': 14670, 'day': 'current_day', 'from_stop_id': '119-2', 'to_stop_id': '119-5', 'trip_id': 'walking', 'agency_name': 'Unknown'}, {'duration': 570, 'departure_time': 15060, 'arrival_time': 15630, 'day': 'current_day', 'from_stop_id': '119-5', 'to_stop_id': '85-5', 'trip_id': '8-0-19', 'agency_name': 'Unknown'}]}"
86,23,13200,intra,left,132,[86],[23],0,0,0,0,13200,13260.0,15150.0,15210.0,1890.0,2.0,86,23,3007.0,16207.0,pt,2010.0,15210.0,2010.0,"{'duration': 1890, 'source_transfer_time': 0, 'waiting_time': 330, 'trip_time': 1560, 'num_transfers': 2, 'departure_time': 13260, 'departure_day': 'current_day', 'arrival_time': 15150, 'arrival_day': 'current_day', 'steps': [{'duration': 570, 'departure_time': 13590, 'arrival_time': 14160, 'day': 'current_day', 'from_stop_id': '86-5', 'to_stop_id': 'MH-L-5', 'trip_id': '8-1-18', 'agency_name': 'Unknown'}, {'duration': 30, 'departure_time': 14160, 'arrival_time': 14190, 'day': 'current_day', 'from_stop_id': 'MH-L-5', 'to_stop_id': 'MH-L-4', 'trip_id': 'walking', 'agency_name': 'Unknown'}, {'duration': 810, 'departure_time': 14340, 'arrival_time': 15150, 'day': 'current_day', 'from_stop_id': 'MH-L-4', 'to_stop_id': '23-4', 'trip_id': '7-1-18', 'agency_name': 'Unknown'}]}"
24,107,6900,intra,left,133,[24],[96; 106],0,0,500,375,6900,6960.0,9150.0,9210.0,2190.0,2.0,24,96,3007.0,9907.0,pt,2685.0,9585.0,2685.0,"{'duration': 2190, 'source_transfer_time': 0, 'waiting_time': 510, 'trip_time': 1680, 'num_transfers': 2, 'departure_time': 6960, 'departure_day': 'current_day', 'arrival_time': 9150, 'arrival_day': 'current_day', 'steps': [{'duration': 690, 'departure_time': 7470, 'arrival_time': 8160, 'day': 'current_day', 'from_stop_id': '24-4', 'to_stop_id': 'MH-L-4', 'trip_id': '7-0-8', 'agency_name': 'Unknown'}, {'duration': 30, 'departure_time': 8160, 'arrival_time': 8190, 'day': 'current_day', 'from_stop_id': 'MH-L-4', 'to_stop_id': 'MH-L-5', 'trip_id': 'walking', 'agency_name': 'Unknown'}, {'duration': 810, 'departure_time': 8340, 'arrival_time': 9150, 'day': 'current_day', 'from_stop_id': 'MH-L-5', 'to_stop_id': '96-5', 'trip_id': '8-0-8', 'agency_name': 'Unknown'}]}"
12,69,6360,intra,left,134,[12],[59; 68; 80],0,0,500,375,6360,6420.0,8070.0,8130.0,1650.0,3.0,12,59,4511.0,10871.0,pt,2145.0,8505.0,2145.0,"{'duration': 1650, 'source_transfer_time': 0, 'waiting_time': 210, 'trip_time': 1440, 'num_transfers': 3, 'departure_time': 6420, 'departure_day': 'current_day', 'arrival_time': 8070, 'arrival_day': 'current_day', 'steps': [{'duration': 810, 'departure_time': 6630, 'arrival_time': 7440, 'day': 'current_day', 'from_stop_id': '12-4', 'to_stop_id': '117-4', 'trip_id': '7-0-7', 'agency_name': 'Unknown'}, {'duration': 30, 'departure_time': 7440, 'arrival_time': 7470, 'day': 'current_day', 'from_stop_id': '117-4', 'to_stop_id': '117-1', 'trip_id': 'walking', 'agency_name': 'Unknown'}, {'duration': 90, 'departure_time': 7470, 'arrival_time': 7560, 'day': 'current_day', 'from_stop_id': '117-1', 'to_stop_id': 'MH-L-1', 'trip_id': '1-0-7', 'agency_name': 'Unknown'}, {'duration': 330, 'departure_time': 7740, 'arrival_time': 8070, 'day': 'current_day', 'from_stop_id': 'MH-L-1', 'to_stop_id': '59-1', 'trip_id': '1-0-7', 'agency_name': 'Unknown'}]}"
117,29,9570,intra,left,135,[117],[29],0,0,0,0,9570,9630.0,10710.0,10770.0,1080.0,2.0,117,29,2255.0,11825.0,pt,1200.0,10770.0,1200.0,"{'duration': 1080, 'source_transfer_time': 0, 'waiting_time': 240, 'trip_time': 840, 'num_transfers': 2, 'departure_time': 9630, 'departure_day': 'current_day', 'arrival_time': 10710, 'arrival_day': 'current_day', 'steps': [{'duration': 90, 'departure_time': 9870, 'arrival_time': 9960, 'day': 'current_day', 'from_stop_id': '117-1', 'to_stop_id': 'MH-L-1', 'trip_id': '1-0-11', 'agency_name': 'Unknown'}, {'duration': 30, 'departure_time': 9960, 'arrival_time': 9990, 'day': 'current_day', 'from_stop_id': 'MH-L-1', 'to_stop_id': 'MH-L-5', 'trip_id': 'walking', 'agency_name': 'Unknown'}, {'duration': 570, 'departure_time': 10140, 'arrival_time': 10710, 'day': 'current_day', 'from_stop_id': 'MH-L-5', 'to_stop_id': '29-5', 'trip_id': '8-1-11', 'agency_name': 'Unknown'}]}"
80,9,7380,intra,left,136,[80],[9],0,0,0,0,7380,7440.0,9390.0,9450.0,1950.0,2.0,80,9,3007.0,10387.0,pt,2070.0,9450.0,2070.0,"{'duration': 1950, 'source_transfer_time': 0, 'waiting_time': 150, 'trip_time': 1800, 'num_transfers': 2, 'departure_time': 7440, 'departure_day': 'current_day', 'arrival_time': 9390, 'arrival_day': 'current_day', 'steps': [{'duration': 570, 'departure_time': 7590, 'arrival_time': 8160, 'day': 'current_day', 'from_stop_id': '80-4', 'to_stop_id': 'MH-L-4', 'trip_id': '7-1-8', 'agency_name': 'Unknown'}, {'duration': 30, 'departure_time': 8160, 'arrival_time': 8190, 'day': 'current_day', 'from_stop_id': 'MH-L-4', 'to_stop_id': 'MH-L-5', 'trip_id': 'walking', 'agency_name': 'Unknown'}, {'duration': 1050, 'departure_time': 8340, 'arrival_time': 9390, 'day': 'current_day', 'from_stop_id': 'MH-L-5', 'to_stop_id': '9-5', 'trip_id': '8-1-8', 'agency_name': 'Unknown'}]}"
81,28,5880,intra,left,137,[80; 92],[27; 29; 39],500,375,500,375,6255,6315.0,7470.0,7530.0,1155.0,2.0,80,27,3007.0,8887.0,pt,2025.0,7905.0,2025.0,"{'duration': 1155, 'source_transfer_time': 0, 'waiting_time': 75, 'trip_time': 1080, 'num_transfers': 2, 'departure_time': 6315, 'departure_day': 'current_day', 'arrival_time': 7470, 'arrival_day': 'current_day', 'steps': [{'duration': 570, 'departure_time': 6390, 'arrival_time': 6960, 'day': 'current_day', 'from_stop_id': '80-4', 'to_stop_id': 'MH-L-4', 'trip_id': '7-1-6', 'agency_name': 'Unknown'}, {'duration': 30, 'departure_time': 6960, 'arrival_time': 6990, 'day': 'current_day', 'from_stop_id': 'MH-L-4', 'to_stop_id': 'MH-L-2', 'trip_id': 'walking', 'agency_name': 'Unknown'}, {'duration': 330, 'departure_time': 7140, 'arrival_time': 7470, 'day': 'current_day', 'from_stop_id': 'MH-L-2', 'to_stop_id': '27-2', 'trip_id': '2-0-6', 'agency_name': 'Unknown'}]}"
80,19,12870,intra,left,138,[80],[19],0,0,0,0,12870,12930.0,14550.0,14610.0,1620.0,2.0,80,19,2255.0,15125.0,pt,1740.0,14610.0,1740.0,"{'duration': 1620, 'source_transfer_time': 0, 'waiting_time': 60, 'trip_time': 1560, 'num_transfers': 2, 'departure_time': 12930, 'departure_day': 'current_day', 'arrival_time': 14550, 'arrival_day': 'current_day', 'steps': [{'duration': 570, 'departure_time': 12990, 'arrival_time': 13560, 'day': 'current_day', 'from_stop_id': '80-4', 'to_stop_id': 'MH-L-4', 'trip_id': '7-1-17', 'agency_name': 'Unknown'}, {'duration': 30, 'departure_time': 13560, 'arrival_time': 13590, 'day': 'current_day', 'from_stop_id': 'MH-L-4', 'to_stop_id': 'MH-L-5', 'trip_id': 'walking', 'agency_name': 'Unknown'}, {'duration': 810, 'departure_time': 13740, 'arrival_time': 14550, 'day': 'current_day', 'from_stop_id': 'MH-L-5', 'to_stop_id': '19-5', 'trip_id': '8-1-17', 'agency_name': 'Unknown'}]}"
15,70,13410,intra,left,139,[16],[60],500,375,500,375,13785,13845.0,15390.0,15450.0,1545.0,2.0,16,60,3759.0,17169.0,pt,2415.0,15825.0,2415.0,"{'duration': 1545, 'source_transfer_time': 0, 'waiting_time': 465, 'trip_time': 1080, 'num_transfers': 2, 'departure_time': 13845, 'departure_day': 'current_day', 'arrival_time': 15390, 'arrival_day': 'current_day', 'steps': [{'duration': 450, 'departure_time': 14310, 'arrival_time': 14760, 'day': 'current_day', 'from_stop_id': '16-2', 'to_stop_id': 'MH-L-2', 'trip_id': '2-1-19', 'agency_name': 'Unknown'}, {'duration': 30, 'departure_time': 14760, 'arrival_time': 14790, 'day': 'current_day', 'from_stop_id': 'MH-L-2', 'to_stop_id': 'MH-L-1', 'trip_id': 'walking', 'agency_name': 'Unknown'}, {'duration': 450, 'departure_time': 14940, 'arrival_time': 15390, 'day': 'current_day', 'from_stop_id': 'MH-L-1', 'to_stop_id': '60-1', 'trip_id': '1-0-19', 'agency_name': 'Unknown'}]}"
83,41,9660,intra,left,140,[85; 95; 105],[30; 40],1000,751,500,375,10411,10471.0,12390.0,12450.0,1919.0,0.0,85,40,4887.0,14547.0,pt,3165.0,12825.0,3165.0,"{'duration': 1919, 'source_transfer_time': 0, 'waiting_time': 599, 'trip_time': 1320, 'num_transfers': 0, 'departure_time': 10471, 'departure_day': 'current_day', 'arrival_time': 12390, 'arrival_day': 'current_day', 'steps': [{'duration': 1320, 'departure_time': 11070, 'arrival_time': 12390, 'day': 'current_day', 'from_stop_id': '85-5', 'to_stop_id': '40-5', 'trip_id': '8-1-14', 'agency_name': 'Unknown'}]}"
14,105,12990,intra,left,141,[12; 16; 24; 36],[105],1000,751,0,0,13741,13801.0,16110.0,16170.0,2309.0,2.0,12,105,4511.0,17501.0,pt,3180.0,16170.0,3180.0,"{'duration': 2309, 'source_transfer_time': 0, 'waiting_time': 29, 'trip_time': 2280, 'num_transfers': 2, 'departure_time': 13801, 'departure_day': 'current_day', 'arrival_time': 16110, 'arrival_day': 'current_day', 'steps': [{'duration': 930, 'departure_time': 13830, 'arrival_time': 14760, 'day': 'current_day', 'from_stop_id': '12-4', 'to_stop_id': 'MH-L-4', 'trip_id': '7-0-19', 'agency_name': 'Unknown'}, {'duration': 30, 'departure_time': 14760, 'arrival_time': 14790, 'day': 'current_day', 'from_stop_id': 'MH-L-4', 'to_stop_id': 'MH-L-5', 'trip_id': 'walking', 'agency_name': 'Unknown'}, {'duration': 1170, 'departure_time': 14940, 'arrival_time': 16110, 'day': 'current_day', 'from_stop_id': 'MH-L-5', 'to_stop_id': '105-5', 'trip_id': '8-0-19', 'agency_name': 'Unknown'}]}"
89,36,8610,intra,left,142,[88],[36],500,375,0,0,8985,9045.0,10590.0,10650.0,1545.0,2.0,88,36,3007.0,11617.0,pt,2040.0,10650.0,2040.0,"{'duration': 1545, 'source_transfer_time': 0, 'waiting_time': 585, 'trip_time': 960, 'num_transfers': 2, 'departure_time': 9045, 'departure_day': 'current_day', 'arrival_time': 10590, 'arrival_day': 'current_day', 'steps': [{'duration': 330, 'departure_time': 9630, 'arrival_time': 9960, 'day': 'current_day', 'from_stop_id': '88-2', 'to_stop_id': 'MH-L-2', 'trip_id': '2-0-11', 'agency_name': 'Unknown'}, {'duration': 30, 'departure_time': 9960, 'arrival_time': 9990, 'day': 'current_day', 'from_stop_id': 'MH-L-2', 'to_stop_id': 'MH-L-4', 'trip_id': 'walking', 'agency_name': 'Unknown'}, {'duration': 450, 'departure_time': 10140, 'arrival_time': 10590, 'day': 'current_day', 'from_stop_id': 'MH-L-4', 'to_stop_id': '36-4', 'trip_id': '7-1-11', 'agency_name': 'Unknown'}]}"
28,81,12150,intra,left,143,[27; 29; 39],[80; 92],500,375,500,375,12525,12585.0,13710.0,13770.0,1125.0,2.0,27,80,3007.0,15157.0,pt,1995.0,14145.0,1995.0,"{'duration': 1125, 'source_transfer_time': 0, 'waiting_time': 45, 'trip_time': 1080, 'num_transfers': 2, 'departure_time': 12585, 'departure_day': 'current_day', 'arrival_time': 13710, 'arrival_day': 'current_day', 'steps': [{'duration': 330, 'departure_time': 12630, 'arrival_time': 12960, 'day': 'current_day', 'from_stop_id': '27-2', 'to_stop_id': 'MH-L-2', 'trip_id': '2-1-16', 'agency_name': 'Unknown'}, {'duration': 30, 'departure_time': 12960, 'arrival_time': 12990, 'day': 'current_day', 'from_stop_id': 'MH-L-2', 'to_stop_id': 'MH-L-4', 'trip_id': 'walking', 'agency_name': 'Unknown'}, {'duration': 570, 'departure_time': 13140, 'arrival_time': 13710, 'day': 'current_day', 'from_stop_id': 'MH-L-4', 'to_stop_id': '80-4', 'trip_id': '7-0-16', 'agency_name': 'Unknown'}]}"
96,23,12630,intra,left,144,[96],[23],0,0,0,0,12630,12690.0,14550.0,14610.0,1860.0,2.0,96,23,3007.0,15637.0,pt,1980.0,14610.0,1980.0,"{'duration': 1860, 'source_transfer_time': 0, 'waiting_time': 60, 'trip_time': 1800, 'num_transfers': 2, 'departure_time': 12690, 'departure_day': 'current_day', 'arrival_time': 14550, 'arrival_day': 'current_day', 'steps': [{'duration': 810, 'departure_time': 12750, 'arrival_time': 13560, 'day': 'current_day', 'from_stop_id': '96-5', 'to_stop_id': 'MH-L-5', 'trip_id': '8-1-17', 'agency_name': 'Unknown'}, {'duration': 30, 'departure_time': 13560, 'arrival_time': 13590, 'day': 'current_day', 'from_stop_id': 'MH-L-5', 'to_stop_id': 'MH-L-4', 'trip_id': 'walking', 'agency_name': 'Unknown'}, {'duration': 810, 'departure_time': 13740, 'arrival_time': 14550, 'day': 'current_day', 'from_stop_id': 'MH-L-4', 'to_stop_id': '23-4', 'trip_id': '7-1-17', 'agency_name': 'Unknown'}]}"
120,43,5850,intra,left,145,[120],[61],0,0,1000,751,5850,5910.0,6510.0,6570.0,600.0,0.0,MH-L,61,2631.0,8481.0,pt,1471.0,7321.0,1471.0,"{'duration': 600, 'source_transfer_time': 0, 'waiting_time': 30, 'trip_time': 570, 'num_transfers': 0, 'departure_time': 5910, 'departure_day': 'current_day', 'arrival_time': 6510, 'arrival_day': 'current_day', 'steps': [{'duration': 570, 'departure_time': 5940, 'arrival_time': 6510, 'day': 'current_day', 'from_stop_id': 'MH-L-1', 'to_stop_id': '61-1', 'trip_id': '1-0-4', 'agency_name': 'Unknown'}]}"
1,96,4050,intra,left,146,[0; 12],[96],500,375,0,0,4425,4485.0,6750.0,6810.0,2265.0,2.0,0,96,3759.0,7809.0,pt,2760.0,6810.0,2760.0,"{'duration': 2265, 'source_transfer_time': 0, 'waiting_time': 105, 'trip_time': 2160, 'num_transfers': 2, 'departure_time': 4485, 'departure_day': 'current_day', 'arrival_time': 6750, 'arrival_day': 'current_day', 'steps': [{'duration': 1170, 'departure_time': 4590, 'arrival_time': 5760, 'day': 'current_day', 'from_stop_id': '0-4', 'to_stop_id': 'MH-L-4', 'trip_id': '7-0-4', 'agency_name': 'Unknown'}, {'duration': 30, 'departure_time': 5760, 'arrival_time': 5790, 'day': 'current_day', 'from_stop_id': 'MH-L-4', 'to_stop_id': 'MH-L-5', 'trip_id': 'walking', 'agency_name': 'Unknown'}, {'duration': 810, 'departure_time': 5940, 'arrival_time': 6750, 'day': 'current_day', 'from_stop_id': 'MH-L-5', 'to_stop_id': '96-5', 'trip_id': '8-0-4', 'agency_name': 'Unknown'}]}"
29,44,6930,intra,left,147,[29],[54],0,0,500,375,6930,6990.0,8310.0,8370.0,1320.0,2.0,29,54,3383.0,10313.0,pt,1815.0,8745.0,1815.0,"{'duration': 1320, 'source_transfer_time': 0, 'waiting_time': 0, 'trip_time': 1320, 'num_transfers': 2, 'departure_time': 6990, 'departure_day': 'current_day', 'arrival_time': 8310, 'arrival_day': 'current_day', 'steps': [{'duration': 570, 'departure_time': 6990, 'arrival_time': 7560, 'day': 'current_day', 'from_stop_id': '29-5', 'to_stop_id': 'MH-L-5', 'trip_id': '8-0-7', 'agency_name': 'Unknown'}, {'duration': 30, 'departure_time': 7560, 'arrival_time': 7590, 'day': 'current_day', 'from_stop_id': 'MH-L-5', 'to_stop_id': 'MH-L-1', 'trip_id': 'walking', 'agency_name': 'Unknown'}, {'duration': 570, 'departure_time': 7740, 'arrival_time': 8310, 'day': 'current_day', 'from_stop_id': 'MH-L-1', 'to_stop_id': '54-1', 'trip_id': '1-1-7', 'agency_name': 'Unknown'}]}"
34,89,6360,intra,left,148,[23; 35],[88],500,375,500,375,6735,6795.0,8070.0,8130.0,1275.0,2.0,35,88,3759.0,10119.0,pt,2145.0,8505.0,2145.0,"{'duration': 1275, 'source_transfer_time': 0, 'waiting_time': 195, 'trip_time': 1080, 'num_transfers': 2, 'departure_time': 6795, 'departure_day': 'current_day', 'arrival_time': 8070, 'arrival_day': 'current_day', 'steps': [{'duration': 570, 'departure_time': 6990, 'arrival_time': 7560, 'day': 'current_day', 'from_stop_id': '35-4', 'to_stop_id': 'MH-L-4', 'trip_id': '7-0-7', 'agency_name': 'Unknown'}, {'duration': 30, 'departure_time': 7560, 'arrival_time': 7590, 'day': 'current_day', 'from_stop_id': 'MH-L-4', 'to_stop_id': 'MH-L-2', 'trip_id': 'walking', 'agency_name': 'Unknown'}, {'duration': 330, 'departure_time': 7740, 'arrival_time': 8070, 'day': 'current_day', 'from_stop_id': 'MH-L-2', 'to_stop_id': '88-2', 'trip_id': '2-1-7', 'agency_name': 'Unknown'}]}"
23,18,10860,intra,left,149,[23],[19; 29],0,0,500,375,10860,10920.0,12510.0,12570.0,1590.0,2.0,23,29,2631.0,13491.0,pt,2085.0,12945.0,2085.0,"{'duration': 1590, 'source_transfer_time': 0, 'waiting_time': 30, 'trip_time': 1560, 'num_transfers': 2, 'departure_time': 10920, 'departure_day': 'current_day', 'arrival_time': 12510, 'arrival_day': 'current_day', 'steps': [{'duration': 810, 'departure_time': 10950, 'arrival_time': 11760, 'day': 'current_day', 'from_stop_id': '23-4', 'to_stop_id': 'MH-L-4', 'trip_id': '7-0-14', 'agency_name': 'Unknown'}, {'duration': 30, 'departure_time': 11760, 'arrival_time': 11790, 'day': 'current_day', 'from_stop_id': 'MH-L-4', 'to_stop_id': 'MH-L-5', 'trip_id': 'walking', 'agency_name': 'Unknown'}, {'duration': 570, 'departure_time': 11940, 'arrival_time': 12510, 'day': 'current_day', 'from_stop_id': 'MH-L-5', 'to_stop_id': '29-5', 'trip_id': '8-1-14', 'agency_name': 'Unknown'}]}"
3,62,4440,intra,left,150,[5],[54],1000,751,500,375,5191,5251.0,7110.0,7170.0,1859.0,2.0,5,54,3383.0,7823.0,pt,3105.0,7545.0,3105.0,"{'duration': 1859, 'source_transfer_time': 0, 'waiting_time': 539, 'trip_time': 1320, 'num_transfers': 2, 'departure_time': 5251, 'departure_day': 'current_day', 'arrival_time': 7110, 'arrival_day': 'current_day', 'steps': [{'duration': 570, 'departure_time': 5790, 'arrival_time': 6360, 'day': 'current_day', 'from_stop_id': '5-2', 'to_stop_id': 'MH-L-2', 'trip_id': '2-1-5', 'agency_name': 'Unknown'}, {'duration': 30, 'departure_time': 6360, 'arrival_time': 6390, 'day': 'current_day', 'from_stop_id': 'MH-L-2', 'to_stop_id': 'MH-L-1', 'trip_id': 'walking', 'agency_name': 'Unknown'}, {'duration': 570, 'departure_time': 6540, 'arrival_time': 7110, 'day': 'current_day', 'from_stop_id': 'MH-L-1', 'to_stop_id': '54-1', 'trip_id': '1-1-5', 'agency_name': 'Unknown'}]}"
73,12,8970,intra,left,151,[55; 75; 85; 95],[12],1000,751,0,0,9721,9781.0,11670.0,11730.0,1889.0,2.0,55,12,2255.0,11225.0,walking,2255.0,11730.0,2760.0,"{'duration': 1889, 'source_transfer_time': 0, 'waiting_time': 329, 'trip_time': 1560, 'num_transfers': 2, 'departure_time': 9781, 'departure_day': 'current_day', 'arrival_time': 11670, 'arrival_day': 'current_day', 'steps': [{'duration': 330, 'departure_time': 10110, 'arrival_time': 10440, 'day': 'current_day', 'from_stop_id': '55-1', 'to_stop_id': '117-1', 'trip_id': '1-0-12', 'agency_name': 'Unknown'}, {'duration': 30, 'departure_time': 10440, 'arrival_time': 10470, 'day': 'current_day', 'from_stop_id': '117-1', 'to_stop_id': '117-4', 'trip_id': 'walking', 'agency_name': 'Unknown'}, {'duration': 810, 'departure_time': 10860, 'arrival_time': 11670, 'day': 'current_day', 'from_stop_id': '117-4', 'to_stop_id': '12-4', 'trip_id': '7-1-12', 'agency_name': 'Unknown'}]}"
118,74,13530,intra,left,152,[118],[75; 85],0,0,500,375,13530,13590.0,14790.0,14850.0,1200.0,2.0,118,75,2255.0,15785.0,pt,1695.0,15225.0,1695.0,"{'duration': 1200, 'source_transfer_time': 0, 'waiting_time': 480, 'trip_time': 720, 'num_transfers': 2, 'departure_time': 13590, 'departure_day': 'current_day', 'arrival_time': 14790, 'arrival_day': 'current_day', 'steps': [{'duration': 90, 'departure_time': 14070, 'arrival_time': 14160, 'day': 'current_day', 'from_stop_id': '118-1', 'to_stop_id': 'MH-L-1', 'trip_id': '1-1-18', 'agency_name': 'Unknown'}, {'duration': 30, 'departure_time': 14160, 'arrival_time': 14190, 'day': 'current_day', 'from_stop_id': 'MH-L-1', 'to_stop_id': 'MH-L-5', 'trip_id': 'walking', 'agency_name': 'Unknown'}, {'duration': 450, 'departure_time': 14340, 'arrival_time': 14790, 'day': 'current_day', 'from_stop_id': 'MH-L-5', 'to_stop_id': '75-5', 'trip_id': '8-0-18', 'agency_name': 'Unknown'}]}"
75,29,8280,intra,left,153,[75],[29],0,0,0,0,8280,8340.0,10110.0,10170.0,1770.0,0.0,75,29,3383.0,11663.0,pt,1890.0,10170.0,1890.0,"{'duration': 1770, 'source_transfer_time': 0, 'waiting_time': 570, 'trip_time': 1200, 'num_transfers': 0, 'departure_time': 8340, 'departure_day': 'current_day', 'arrival_time': 10110, 'arrival_day': 'current_day', 'steps': [{'duration': 1200, 'departure_time': 8910, 'arrival_time': 10110, 'day': 'current_day', 'from_stop_id': '75-5', 'to_stop_id': '29-5', 'trip_id': '8-1-10', 'agency_name': 'Unknown'}]}"
105,20,10050,intra,left,154,[105],[20],0,0,0,0,10050,10110.0,12870.0,12930.0,2760.0,0.0,105,20,6766.0,16816.0,pt,2880.0,12930.0,2880.0,"{'duration': 2760, 'source_transfer_time': 0, 'waiting_time': 480, 'trip_time': 2280, 'num_transfers': 0, 'departure_time': 10110, 'departure_day': 'current_day', 'arrival_time': 12870, 'arrival_day': 'current_day', 'steps': [{'duration': 2280, 'departure_time': 10590, 'arrival_time': 12870, 'day': 'current_day', 'from_stop_id': '105-5', 'to_stop_id': '20-5', 'trip_id': '8-1-14', 'agency_name': 'Unknown'}]}"
93,32,4590,intra,left,155,[92; 104],[10; 20; 30],500,375,1000,751,4965,5025.0,7230.0,7290.0,2205.0,2.0,92,30,2255.0,6845.0,walking,2255.0,8041.0,3451.0,"{'duration': 2205, 'source_transfer_time': 0, 'waiting_time': 525, 'trip_time': 1680, 'num_transfers': 2, 'departure_time': 5025, 'departure_day': 'current_day', 'arrival_time': 7230, 'arrival_day': 'current_day', 'steps': [{'duration': 810, 'departure_time': 5550, 'arrival_time': 6360, 'day': 'current_day', 'from_stop_id': '92-4', 'to_stop_id': 'MH-L-4', 'trip_id': '7-1-5', 'agency_name': 'Unknown'}, {'duration': 30, 'departure_time': 6360, 'arrival_time': 6390, 'day': 'current_day', 'from_stop_id': 'MH-L-4', 'to_stop_id': 'MH-L-5', 'trip_id': 'walking', 'agency_name': 'Unknown'}, {'duration': 690, 'departure_time': 6540, 'arrival_time': 7230, 'day': 'current_day', 'from_stop_id': 'MH-L-5', 'to_stop_id': '30-5', 'trip_id': '8-1-5', 'agency_name': 'Unknown'}]}"
82,75,12540,intra,left,156,[61; 80; 92; 104],[75],1000,751,0,0,13291,13351.0,14790.0,14850.0,1439.0,2.0,61,75,2631.0,15171.0,pt,2310.0,14850.0,2310.0,"{'duration': 1439, 'source_transfer_time': 0, 'waiting_time': 239, 'trip_time': 1200, 'num_transfers': 2, 'departure_time': 13351, 'departure_day': 'current_day', 'arrival_time': 14790, 'arrival_day': 'current_day', 'steps': [{'duration': 570, 'departure_time': 13590, 'arrival_time': 14160, 'day': 'current_day', 'from_stop_id': '61-1', 'to_stop_id': 'MH-L-1', 'trip_id': '1-1-18', 'agency_name': 'Unknown'}, {'duration': 30, 'departure_time': 14160, 'arrival_time': 14190, 'day': 'current_day', 'from_stop_id': 'MH-L-1', 'to_stop_id': 'MH-L-5', 'trip_id': 'walking', 'agency_name': 'Unknown'}, {'duration': 450, 'departure_time': 14340, 'arrival_time': 14790, 'day': 'current_day', 'from_stop_id': 'MH-L-5', 'to_stop_id': '75-5', 'trip_id': '8-0-18', 'agency_name': 'Unknown'}]}"
22,114,4380,intra,left,157,[11; 23],[103; 115],500,375,500,375,4755,4815.0,6870.0,6930.0,2055.0,0.0,23,103,6390.0,10770.0,pt,2925.0,7305.0,2925.0,"{'duration': 2055, 'source_transfer_time': 0, 'waiting_time': 135, 'trip_time': 1920, 'num_transfers': 0, 'departure_time': 4815, 'departure_day': 'current_day', 'arrival_time': 6870, 'arrival_day': 'current_day', 'steps': [{'duration': 1920, 'departure_time': 4950, 'arrival_time': 6870, 'day': 'current_day', 'from_stop_id': '23-4', 'to_stop_id': '103-4', 'trip_id': '7-0-4', 'agency_name': 'Unknown'}]}"
95,67,11880,intra,left,158,[95],[67],0,0,0,0,11880,11940.0,13350.0,13410.0,1410.0,2.0,95,67,3007.0,14887.0,pt,1530.0,13410.0,1530.0,"{'duration': 1410, 'source_transfer_time': 0, 'waiting_time': 90, 'trip_time': 1320, 'num_transfers': 2, 'departure_time': 11940, 'departure_day': 'current_day', 'arrival_time': 13350, 'arrival_day': 'current_day', 'steps': [{'duration': 930, 'departure_time': 12030, 'arrival_time': 12960, 'day': 'current_day', 'from_stop_id': '95-5', 'to_stop_id': 'MH-L-5', 'trip_id': '8-1-16', 'agency_name': 'Unknown'}, {'duration': 30, 'departure_time': 12960, 'arrival_time': 12990, 'day': 'current_day', 'from_stop_id': 'MH-L-5', 'to_stop_id': 'MH-L-4', 'trip_id': 'walking', 'agency_name': 'Unknown'}, {'duration': 210, 'departure_time': 13140, 'arrival_time': 13350, 'day': 'current_day', 'from_stop_id': 'MH-L-4', 'to_stop_id': '67-4', 'trip_id': '7-0-16', 'agency_name': 'Unknown'}]}"
57,43,13110,intra,left,159,[57],[61],0,0,1000,751,13110,13170.0,14310.0,14370.0,1140.0,0.0,57,61,3383.0,16493.0,pt,2011.0,15121.0,2011.0,"{'duration': 1140, 'source_transfer_time': 0, 'waiting_time': 180, 'trip_time': 960, 'num_transfers': 0, 'departure_time': 13170, 'departure_day': 'current_day', 'arrival_time': 14310, 'arrival_day': 'current_day', 'steps': [{'duration': 960, 'departure_time': 13350, 'arrival_time': 14310, 'day': 'current_day', 'from_stop_id': '57-1', 'to_stop_id': '61-1', 'trip_id': '1-0-17', 'agency_name': 'Unknown'}]}"
104,15,5430,intra,left,160,[104],[16],0,0,500,375,5430,5490.0,7590.0,7650.0,2100.0,2.0,104,16,5263.0,10693.0,pt,2595.0,8025.0,2595.0,"{'duration': 2100, 'source_transfer_time': 0, 'waiting_time': 420, 'trip_time': 1680, 'num_transfers': 2, 'departure_time': 5490, 'departure_day': 'current_day', 'arrival_time': 7590, 'arrival_day': 'current_day', 'steps': [{'duration': 1050, 'departure_time': 5910, 'arrival_time': 6960, 'day': 'current_day', 'from_stop_id': '104-4', 'to_stop_id': 'MH-L-4', 'trip_id': '7-1-6', 'agency_name': 'Unknown'}, {'duration': 30, 'departure_time': 6960, 'arrival_time': 6990, 'day': 'current_day', 'from_stop_id': 'MH-L-4', 'to_stop_id': 'MH-L-2', 'trip_id': 'walking', 'agency_name': 'Unknown'}, {'duration': 450, 'departure_time': 7140, 'arrival_time': 7590, 'day': 'current_day', 'from_stop_id': 'MH-L-2', 'to_stop_id': '16-2', 'trip_id': '2-0-6', 'agency_name': 'Unknown'}]}"
41,92,6630,intra,left,161,[30; 40],[92],500,375,0,0,7005,7065.0,8550.0,8610.0,1485.0,2.0,40,92,2255.0,8885.0,pt,1980.0,8610.0,1980.0,"{'duration': 1485, 'source_transfer_time': 0, 'waiting_time': 45, 'trip_time': 1440, 'num_transfers': 2, 'departure_time': 7065, 'departure_day': 'current_day', 'arrival_time': 8550, 'arrival_day': 'current_day', 'steps': [{'duration': 450, 'departure_time': 7110, 'arrival_time': 7560, 'day': 'current_day', 'from_stop_id': '40-5', 'to_stop_id': 'MH-L-5', 'trip_id': '8-0-7', 'agency_name': 'Unknown'}, {'duration': 30, 'departure_time': 7560, 'arrival_time': 7590, 'day': 'current_day', 'from_stop_id': 'MH-L-5', 'to_stop_id': 'MH-L-4', 'trip_id': 'walking', 'agency_name': 'Unknown'}, {'duration': 810, 'departure_time': 7740, 'arrival_time': 8550, 'day': 'current_day', 'from_stop_id': 'MH-L-4', 'to_stop_id': '92-4', 'trip_id': '7-0-7', 'agency_name': 'Unknown'}]}"
27,99,7170,intra,left,162,[27],[99],0,0,0,0,7170,7230.0,8190.0,8250.0,960.0,0.0,27,99,2631.0,9801.0,pt,1080.0,8250.0,1080.0,"{'duration': 960, 'source_transfer_time': 0, 'waiting_time': 0, 'trip_time': 960, 'num_transfers': 0, 'departure_time': 7230, 'departure_day': 'current_day', 'arrival_time': 8190, 'arrival_day': 'current_day', 'steps': [{'duration': 960, 'departure_time': 7230, 'arrival_time': 8190, 'day': 'current_day', 'from_stop_id': '27-2', 'to_stop_id': '99-2', 'trip_id': '2-1-7', 'agency_name': 'Unknown'}]}"
103,38,5820,intra,left,163,[103],[38],0,0,0,0,5820,5880.0,7350.0,7410.0,1470.0,2.0,103,38,3759.0,9579.0,pt,1590.0,7410.0,1590.0,"{'duration': 1470, 'source_transfer_time': 0, 'waiting_time': 150, 'trip_time': 1320, 'num_transfers': 2, 'departure_time': 5880, 'departure_day': 'current_day', 'arrival_time': 7350, 'arrival_day': 'current_day', 'steps': [{'duration': 930, 'departure_time': 6030, 'arrival_time': 6960, 'day': 'current_day', 'from_stop_id': '103-4', 'to_stop_id': 'MH-L-4', 'trip_id': '7-1-6', 'agency_name': 'Unknown'}, {'duration': 30, 'departure_time': 6960, 'arrival_time': 6990, 'day': 'current_day', 'from_stop_id': 'MH-L-4', 'to_stop_id': 'MH-L-2', 'trip_id': 'walking', 'agency_name': 'Unknown'}, {'duration': 210, 'departure_time': 7140, 'arrival_time': 7350, 'day': 'current_day', 'from_stop_id': 'MH-L-2', 'to_stop_id': '38-2', 'trip_id': '2-0-6', 'agency_name': 'Unknown'}]}"
28,105,10530,intra,left,164,[27; 29; 39],[105],500,375,0,0,10905,10965.0,13110.0,13170.0,2145.0,2.0,27,105,5263.0,15793.0,pt,2640.0,13170.0,2640.0,"{'duration': 2145, 'source_transfer_time': 0, 'waiting_time': 465, 'trip_time': 1680, 'num_transfers': 2, 'departure_time': 10965, 'departure_day': 'current_day', 'arrival_time': 13110, 'arrival_day': 'current_day', 'steps': [{'duration': 210, 'departure_time': 11430, 'arrival_time': 11640, 'day': 'current_day', 'from_stop_id': '27-2', 'to_stop_id': '116-2', 'trip_id': '2-1-14', 'agency_name': 'Unknown'}, {'duration': 30, 'departure_time': 11640, 'arrival_time': 11670, 'day': 'current_day', 'from_stop_id': '116-2', 'to_stop_id': '116-5', 'trip_id': 'walking', 'agency_name': 'Unknown'}, {'duration': 1440, 'departure_time': 11670, 'arrival_time': 13110, 'day': 'current_day', 'from_stop_id': '116-5', 'to_stop_id': '105-5', 'trip_id': '8-0-14', 'agency_name': 'Unknown'}]}"
63,114,8010,intra,left,165,[55],[103; 115],500,375,500,375,8385,8445.0,10470.0,10530.0,2025.0,3.0,55,103,4511.0,12521.0,pt,2895.0,10905.0,2895.0,"{'duration': 2025, 'source_transfer_time': 0, 'waiting_time': 465, 'trip_time': 1560, 'num_transfers': 3, 'departure_time': 8445, 'departure_day': 'current_day', 'arrival_time': 10470, 'arrival_day': 'current_day', 'steps': [{'duration': 330, 'departure_time': 8910, 'arrival_time': 9240, 'day': 'current_day', 'from_stop_id': '55-1', 'to_stop_id': '117-1', 'trip_id': '1-0-10', 'agency_name': 'Unknown'}, {'duration': 30, 'departure_time': 9240, 'arrival_time': 9270, 'day': 'current_day', 'from_stop_id': '117-1', 'to_stop_id': '117-4', 'trip_id': 'walking', 'agency_name': 'Unknown'}, {'duration': 360, 'departure_time': 9270, 'arrival_time': 9630, 'day': 'current_day', 'from_stop_id': '117-4', 'to_stop_id': '118-4', 'trip_id': '7-0-10', 'agency_name': 'Unknown'}, {'duration': 810, 'departure_time': 9660, 'arrival_time': 10470, 'day': 'current_day', 'from_stop_id': '118-4', 'to_stop_id': '103-4', 'trip_id': '7-0-10', 'agency_name': 'Unknown'}]}"
38,84,9150,intra,left,166,[38],[85; 95],0,0,500,375,9150,9210.0,10830.0,10890.0,1620.0,3.0,38,85,3383.0,12533.0,pt,2115.0,11265.0,2115.0,"{'duration': 1620, 'source_transfer_time': 0, 'waiting_time': 540, 'trip_time': 1080, 'num_transfers': 3, 'departure_time': 9210, 'departure_day': 'current_day', 'arrival_time': 10830, 'arrival_day': 'current_day', 'steps': [{'duration': 90, 'departure_time': 9750, 'arrival_time': 9840, 'day': 'current_day', 'from_stop_id': '38-2', 'to_stop_id': '116-2', 'trip_id': '2-1-11', 'agency_name': 'Unknown'}, {'duration': 30, 'departure_time': 9840, 'arrival_time': 9870, 'day': 'current_day', 'from_stop_id': '116-2', 'to_stop_id': '116-5', 'trip_id': 'walking', 'agency_name': 'Unknown'}, {'duration': 360, 'departure_time': 9870, 'arrival_time': 10230, 'day': 'current_day', 'from_stop_id': '116-5', 'to_stop_id': '119-5', 'trip_id': '8-0-11', 'agency_name': 'Unknown'}, {'duration': 570, 'departure_time': 10260, 'arrival_time': 10830, 'day': 'current_day', 'from_stop_id': '119-5', 'to_stop_id': '85-5', 'trip_id': '8-0-11', 'agency_name': 'Unknown'}]}"
21,70,5490,intra,left,167,[10; 20],[60],500,375,500,375,5865,5925.0,7590.0,7650.0,1665.0,2.0,20,60,2255.0,7745.0,walking,2255.0,8025.0,2535.0,"{'duration': 1665, 'source_transfer_time': 0, 'waiting_time': 105, 'trip_time': 1560, 'num_transfers': 2, 'departure_time': 5925, 'departure_day': 'current_day', 'arrival_time': 7590, 'arrival_day': 'current_day', 'steps': [{'duration': 930, 'departure_time': 6030, 'arrival_time': 6960, 'day': 'current_day', 'from_stop_id': '20-5', 'to_stop_id': 'MH-L-5', 'trip_id': '8-0-6', 'agency_name': 'Unknown'}, {'duration': 30, 'departure_time': 6960, 'arrival_time': 6990, 'day': 'current_day', 'from_stop_id': 'MH-L-5', 'to_stop_id': 'MH-L-1', 'trip_id': 'walking', 'agency_name': 'Unknown'}, {'duration': 450, 'departure_time': 7140, 'arrival_time': 7590, 'day': 'current_day', 'from_stop_id': 'MH-L-1', 'to_stop_id': '60-1', 'trip_id': '1-0-6', 'agency_name': 'Unknown'}]}"
67,10,12840,intra,left,168,[67],[10],0,0,0,0,12840,12900.0,14910.0,14970.0,2010.0,2.0,67,10,3759.0,16599.0,pt,2130.0,14970.0,2130.0,"{'duration': 2010, 'source_transfer_time': 0, 'waiting_time': 450, 'trip_time': 1560, 'num_transfers': 2, 'departure_time': 12900, 'departure_day': 'current_day', 'arrival_time': 14910, 'arrival_day': 'current_day', 'steps': [{'duration': 210, 'departure_time': 13350, 'arrival_time': 13560, 'day': 'current_day', 'from_stop_id': '67-4', 'to_stop_id': 'MH-L-4', 'trip_id': '7-1-17', 'agency_name': 'Unknown'}, {'duration': 30, 'departure_time': 13560, 'arrival_time': 13590, 'day': 'current_day', 'from_stop_id': 'MH-L-4', 'to_stop_id': 'MH-L-5', 'trip_id': 'walking', 'agency_name': 'Unknown'}, {'duration': 1170, 'departure_time': 13740, 'arrival_time': 14910, 'day': 'current_day', 'from_stop_id': 'MH-L-5', 'to_stop_id': '10-5', 'trip_id': '8-1-17', 'agency_name': 'Unknown'}]}"
70,3,7170,intra,left,169,[60],[5],500,375,1000,751,7545,7605.0,8910.0,8970.0,1305.0,2.0,60,5,4511.0,11681.0,pt,2551.0,9721.0,2551.0,"{'duration': 1305, 'source_transfer_time': 0, 'waiting_time': 105, 'trip_time': 1200, 'num_transfers': 2, 'departure_time': 7605, 'departure_day': 'current_day', 'arrival_time': 8910, 'arrival_day': 'current_day', 'steps': [{'duration': 450, 'departure_time': 7710, 'arrival_time': 8160, 'day': 'current_day', 'from_stop_id': '60-1', 'to_stop_id': 'MH-L-1', 'trip_id': '1-1-8', 'agency_name': 'Unknown'}, {'duration': 30, 'departure_time': 8160, 'arrival_time': 8190, 'day': 'current_day', 'from_stop_id': 'MH-L-1', 'to_stop_id': 'MH-L-2', 'trip_id': 'walking', 'agency_name': 'Unknown'}, {'duration': 570, 'departure_time': 8340, 'arrival_time': 8910, 'day': 'current_day', 'from_stop_id': 'MH-L-2', 'to_stop_id': '5-2', 'trip_id': '2-0-8', 'agency_name': 'Unknown'}]}"
47,95,13680,intra,left,170,[47],[95],0,0,0,0,13680,13740.0,15270.0,15330.0,1530.0,2.0,47,95,2631.0,16311.0,pt,1650.0,15330.0,1650.0,"{'duration': 1530, 'source_transfer_time': 0, 'waiting_time': 90, 'trip_time': 1440, 'num_transfers': 2, 'departure_time': 13740, 'departure_day': 'current_day', 'arrival_time': 15270, 'arrival_day': 'current_day', 'steps': [{'duration': 330, 'departure_time': 13830, 'arrival_time': 14160, 'day': 'current_day', 'from_stop_id': '47-4', 'to_stop_id': 'MH-L-4', 'trip_id': '7-0-18', 'agency_name': 'Unknown'}, {'duration': 30, 'departure_time': 14160, 'arrival_time': 14190, 'day': 'current_day', 'from_stop_id': 'MH-L-4', 'to_stop_id': 'MH-L-5', 'trip_id': 'walking', 'agency_name': 'Unknown'}, {'duration': 930, 'departure_time': 14340, 'arrival_time': 15270, 'day': 'current_day', 'from_stop_id': 'MH-L-5', 'to_stop_id': '95-5', 'trip_id': '8-0-18', 'agency_name': 'Unknown'}]}"
56,92,12300,intra,left,171,[56],[92],0,0,0,0,12300,12360.0,13950.0,14010.0,1590.0,3.0,56,92,3759.0,16059.0,pt,1710.0,14010.0,1710.0,"{'duration': 1590, 'source_transfer_time': 0, 'waiting_time': 270, 'trip_time': 1320, 'num_transfers': 3, 'departure_time': 12360, 'departure_day': 'current_day', 'arrival_time': 13950, 'arrival_day': 'current_day', 'steps': [{'duration': 210, 'departure_time': 12630, 'arrival_time': 12840, 'day': 'current_day', 'from_stop_id': '56-1', 'to_stop_id': '117-1', 'trip_id': '1-0-16', 'agency_name': 'Unknown'}, {'duration': 30, 'departure_time': 12840, 'arrival_time': 12870, 'day': 'current_day', 'from_stop_id': '117-1', 'to_stop_id': '117-4', 'trip_id': 'walking', 'agency_name': 'Unknown'}, {'duration': 360, 'departure_time': 12870, 'arrival_time': 13230, 'day': 'current_day', 'from_stop_id': '117-4', 'to_stop_id': '118-4', 'trip_id': '7-0-16', 'agency_name': 'Unknown'}, {'duration': 690, 'departure_time': 13260, 'arrival_time': 13950, 'day': 'current_day', 'from_stop_id': '118-4', 'to_stop_id': '92-4', 'trip_id': '7-0-16', 'agency_name': 'Unknown'}]}"
76,27,6900,intra,left,172,[76],[27],0,0,0,0,6900,6960.0,8070.0,8130.0,1110.0,3.0,76,27,2255.0,9155.0,pt,1230.0,8130.0,1230.0,"{'duration': 1110, 'source_transfer_time': 0, 'waiting_time': 270, 'trip_time': 840, 'num_transfers': 3, 'departure_time': 6960, 'departure_day': 'current_day', 'arrival_time': 8070, 'arrival_day': 'current_day', 'steps': [{'duration': 210, 'departure_time': 7230, 'arrival_time': 7440, 'day': 'current_day', 'from_stop_id': '76-5', 'to_stop_id': '119-5', 'trip_id': '8-1-7', 'agency_name': 'Unknown'}, {'duration': 30, 'departure_time': 7440, 'arrival_time': 7470, 'day': 'current_day', 'from_stop_id': '119-5', 'to_stop_id': '119-2', 'trip_id': 'walking', 'agency_name': 'Unknown'}, {'duration': 90, 'departure_time': 7470, 'arrival_time': 7560, 'day': 'current_day', 'from_stop_id': '119-2', 'to_stop_id': 'MH-L-2', 'trip_id': '2-0-7', 'agency_name': 'Unknown'}, {'duration': 330, 'departure_time': 7740, 'arrival_time': 8070, 'day': 'current_day', 'from_stop_id': 'MH-L-2', 'to_stop_id': '27-2', 'trip_id': '2-0-7', 'agency_name': 'Unknown'}]}"
6,59,7050,intra,left,173,[5],[59],500,375,0,0,7425,7485.0,8670.0,8730.0,1185.0,2.0,5,59,2631.0,9681.0,pt,1680.0,8730.0,1680.0,"{'duration': 1185, 'source_transfer_time': 0, 'waiting_time': 105, 'trip_time': 1080, 'num_transfers': 2, 'departure_time': 7485, 'departure_day': 'current_day', 'arrival_time': 8670, 'arrival_day': 'current_day', 'steps': [{'duration': 570, 'departure_time': 7590, 'arrival_time': 8160, 'day': 'current_day', 'from_stop_id': '5-2', 'to_stop_id': 'MH-L-2', 'trip_id': '2-1-8', 'agency_name': 'Unknown'}, {'duration': 30, 'departure_time': 8160, 'arrival_time': 8190, 'day': 'current_day', 'from_stop_id': 'MH-L-2', 'to_stop_id': 'MH-L-1', 'trip_id': 'walking', 'agency_name': 'Unknown'}, {'duration': 330, 'departure_time': 8340, 'arrival_time': 8670, 'day': 'current_day', 'from_stop_id': 'MH-L-1', 'to_stop_id': '59-1', 'trip_id': '1-0-8', 'agency_name': 'Unknown'}]}"
73,12,7650,intra,left,174,[55; 75; 85; 95],[12],1000,751,0,0,8401,8461.0,10470.0,10530.0,2009.0,2.0,55,12,2255.0,9905.0,walking,2255.0,10530.0,2880.0,"{'duration': 2009, 'source_transfer_time': 0, 'waiting_time': 449, 'trip_time': 1560, 'num_transfers': 2, 'departure_time': 8461, 'departure_day': 'current_day', 'arrival_time': 10470, 'arrival_day': 'current_day', 'steps': [{'duration': 330, 'departure_time': 8910, 'arrival_time': 9240, 'day': 'current_day', 'from_stop_id': '55-1', 'to_stop_id': '117-1', 'trip_id': '1-0-10', 'agency_name': 'Unknown'}, {'duration': 30, 'departure_time': 9240, 'arrival_time': 9270, 'day': 'current_day', 'from_stop_id': '117-1', 'to_stop_id': '117-4', 'trip_id': 'walking', 'agency_name': 'Unknown'}, {'duration': 810, 'departure_time': 9660, 'arrival_time': 10470, 'day': 'current_day', 'from_stop_id': '117-4', 'to_stop_id': '12-4', 'trip_id': '7-1-10', 'agency_name': 'Unknown'}]}"
15,41,5610,intra,left,175,[16],[30; 40],500,375,500,375,5985,6045.0,7590.0,7650.0,1545.0,2.0,16,40,2255.0,7865.0,walking,2255.0,8025.0,2415.0,"{'duration': 1545, 'source_transfer_time': 0, 'waiting_time': 465, 'trip_time': 1080, 'num_transfers': 2, 'departure_time': 6045, 'departure_day': 'current_day', 'arrival_time': 7590, 'arrival_day': 'current_day', 'steps': [{'duration': 330, 'departure_time': 6510, 'arrival_time': 6840, 'day': 'current_day', 'from_stop_id': '16-2', 'to_stop_id': '116-2', 'trip_id': '2-1-6', 'agency_name': 'Unknown'}, {'duration': 30, 'departure_time': 6840, 'arrival_time': 6870, 'day': 'current_day', 'from_stop_id': '116-2', 'to_stop_id': '116-5', 'trip_id': 'walking', 'agency_name': 'Unknown'}, {'duration': 330, 'departure_time': 7260, 'arrival_time': 7590, 'day': 'current_day', 'from_stop_id': '116-5', 'to_stop_id': '40-5', 'trip_id': '8-1-6', 'agency_name': 'Unknown'}]}"
105,79,5040,intra,left,176,[105],[79],0,0,0,0,5040,5100.0,6990.0,7050.0,1890.0,2.0,105,79,3759.0,8799.0,pt,2010.0,7050.0,2010.0,"{'duration': 1890, 'source_transfer_time': 0, 'waiting_time': 90, 'trip_time': 1800, 'num_transfers': 2, 'departure_time': 5100, 'departure_day': 'current_day', 'arrival_time': 6990, 'arrival_day': 'current_day', 'steps': [{'duration': 1170, 'departure_time': 5190, 'arrival_time': 6360, 'day': 'current_day', 'from_stop_id': '105-5', 'to_stop_id': 'MH-L-5', 'trip_id': '8-1-5', 'agency_name': 'Unknown'}, {'duration': 30, 'departure_time': 6360, 'arrival_time': 6390, 'day': 'current_day', 'from_stop_id': 'MH-L-5', 'to_stop_id': 'MH-L-4', 'trip_id': 'walking', 'agency_name': 'Unknown'}, {'duration': 450, 'departure_time': 6540, 'arrival_time': 6990, 'day': 'current_day', 'from_stop_id': 'MH-L-4', 'to_stop_id': '79-4', 'trip_id': '7-0-5', 'agency_name': 'Unknown'}]}"
101,38,5580,intra,left,177,[79; 91; 99; 103],[38],1000,751,0,0,6331,6391.0,7350.0,7410.0,959.0,2.0,79,38,3007.0,8587.0,pt,1830.0,7410.0,1830.0,"{'duration': 959, 'source_transfer_time': 0, 'waiting_time': 119, 'trip_time': 840, 'num_transfers': 2, 'departure_time': 6391, 'departure_day': 'current_day', 'arrival_time': 7350, 'arrival_day': 'current_day', 'steps': [{'duration': 450, 'departure_time': 6510, 'arrival_time': 6960, 'day': 'current_day', 'from_stop_id': '79-4', 'to_stop_id': 'MH-L-4', 'trip_id': '7-1-6', 'agency_name': 'Unknown'}, {'duration': 30, 'departure_time': 6960, 'arrival_time': 6990, 'day': 'current_day', 'from_stop_id': 'MH-L-4', 'to_stop_id': 'MH-L-2', 'trip_id': 'walking', 'agency_name': 'Unknown'}, {'duration': 210, 'departure_time': 7140, 'arrival_time': 7350, 'day': 'current_day', 'from_stop_id': 'MH-L-2', 'to_stop_id': '38-2', 'trip_id': '2-0-6', 'agency_name': 'Unknown'}]}"
58,46,3960,intra,left,178,[58],[35; 47; 56],0,0,500,375,3960,4020.0,5070.0,5130.0,1050.0,2.0,58,47,2255.0,6215.0,pt,1545.0,5505.0,1545.0,"{'duration': 1050, 'source_transfer_time': 0, 'waiting_time': 330, 'trip_time': 720, 'num_transfers': 2, 'departure_time': 4020, 'departure_day': 'current_day', 'arrival_time': 5070, 'arrival_day': 'current_day', 'steps': [{'duration': 90, 'departure_time': 4350, 'arrival_time': 4440, 'day': 'current_day', 'from_stop_id': '58-1', 'to_stop_id': '118-1', 'trip_id': '1-1-2', 'agency_name': 'Unknown'}, {'duration': 30, 'departure_time': 4440, 'arrival_time': 4470, 'day': 'current_day', 'from_stop_id': '118-1', 'to_stop_id': '118-4', 'trip_id': 'walking', 'agency_name': 'Unknown'}, {'duration': 600, 'departure_time': 4470, 'arrival_time': 5070, 'day': 'current_day', 'from_stop_id': '118-4', 'to_stop_id': '47-4', 'trip_id': '7-1-2', 'agency_name': 'Unknown'}]}"
109,52,14220,intra,left,179,[110],[60],500,375,500,375,14595,14655.0,15990.0,16050.0,1335.0,2.0,110,60,4135.0,18355.0,pt,2205.0,16425.0,2205.0,"{'duration': 1335, 'source_transfer_time': 0, 'waiting_time': 135, 'trip_time': 1200, 'num_transfers': 2, 'departure_time': 14655, 'departure_day': 'current_day', 'arrival_time': 15990, 'arrival_day': 'current_day', 'steps': [{'duration': 570, 'departure_time': 14790, 'arrival_time': 15360, 'day': 'current_day', 'from_stop_id': '110-2', 'to_stop_id': 'MH-L-2', 'trip_id': '2-0-20', 'agency_name': 'Unknown'}, {'duration': 30, 'departure_time': 15360, 'arrival_time': 15390, 'day': 'current_day', 'from_stop_id': 'MH-L-2', 'to_stop_id': 'MH-L-1', 'trip_id': 'walking', 'agency_name': 'Unknown'}, {'duration': 450, 'departure_time': 15540, 'arrival_time': 15990, 'day': 'current_day', 'from_stop_id': 'MH-L-1', 'to_stop_id': '60-1', 'trip_id': '1-0-20', 'agency_name': 'Unknown'}]}"
51,45,12990,intra,left,180,[59],[55],500,375,500,375,13365,13425.0,14790.0,14850.0,1365.0,0.0,59,55,2631.0,15621.0,pt,2235.0,15225.0,2235.0,"{'duration': 1365, 'source_transfer_time': 0, 'waiting_time': 405, 'trip_time': 960, 'num_transfers': 0, 'departure_time': 13425, 'departure_day': 'current_day', 'arrival_time': 14790, 'arrival_day': 'current_day', 'steps': [{'duration': 960, 'departure_time': 13830, 'arrival_time': 14790, 'day': 'current_day', 'from_stop_id': '59-1', 'to_stop_id': '55-1', 'trip_id': '1-1-18', 'agency_name': 'Unknown'}]}"
58,106,8430,intra,left,181,[58],[106],0,0,0,0,8430,8490.0,9990.0,10050.0,1500.0,2.0,58,106,4135.0,12565.0,pt,1620.0,10050.0,1620.0,"{'duration': 1500, 'source_transfer_time': 0, 'waiting_time': 60, 'trip_time': 1440, 'num_transfers': 2, 'departure_time': 8490, 'departure_day': 'current_day', 'arrival_time': 9990, 'arrival_day': 'current_day', 'steps': [{'duration': 210, 'departure_time': 8550, 'arrival_time': 8760, 'day': 'current_day', 'from_stop_id': '58-1', 'to_stop_id': 'MH-L-1', 'trip_id': '1-1-9', 'agency_name': 'Unknown'}, {'duration': 30, 'departure_time': 8760, 'arrival_time': 8790, 'day': 'current_day', 'from_stop_id': 'MH-L-1', 'to_stop_id': 'MH-L-5', 'trip_id': 'walking', 'agency_name': 'Unknown'}, {'duration': 1050, 'departure_time': 8940, 'arrival_time': 9990, 'day': 'current_day', 'from_stop_id': 'MH-L-5', 'to_stop_id': '106-5', 'trip_id': '8-0-9', 'agency_name': 'Unknown'}]}"
86,113,8310,intra,left,182,[86],[91; 103; 115],0,0,1000,751,8310,8370.0,10230.0,10290.0,1860.0,2.0,86,91,2631.0,10941.0,walking,2631.0,11041.0,2731.0,"{'duration': 1860, 'source_transfer_time': 0, 'waiting_time': 420, 'trip_time': 1440, 'num_transfers': 2, 'departure_time': 8370, 'departure_day': 'current_day', 'arrival_time': 10230, 'arrival_day': 'current_day', 'steps': [{'duration': 570, 'departure_time': 8790, 'arrival_time': 9360, 'day': 'current_day', 'from_stop_id': '86-5', 'to_stop_id': 'MH-L-5', 'trip_id': '8-1-10', 'agency_name': 'Unknown'}, {'duration': 30, 'departure_time': 9360, 'arrival_time': 9390, 'day': 'current_day', 'from_stop_id': 'MH-L-5', 'to_stop_id': 'MH-L-4', 'trip_id': 'walking', 'agency_name': 'Unknown'}, {'duration': 690, 'departure_time': 9540, 'arrival_time': 10230, 'day': 'current_day', 'from_stop_id': 'MH-L-4', 'to_stop_id': '91-4', 'trip_id': '7-0-10', 'agency_name': 'Unknown'}]}"
70,17,4680,intra,left,183,[60],[16],500,375,500,375,5055,5115.0,6390.0,6450.0,1275.0,2.0,60,16,3007.0,7687.0,pt,2145.0,6825.0,2145.0,"{'duration': 1275, 'source_transfer_time': 0, 'waiting_time': 195, 'trip_time': 1080, 'num_transfers': 2, 'departure_time': 5115, 'departure_day': 'current_day', 'arrival_time': 6390, 'arrival_day': 'current_day', 'steps': [{'duration': 450, 'departure_time': 5310, 'arrival_time': 5760, 'day': 'current_day', 'from_stop_id': '60-1', 'to_stop_id': 'MH-L-1', 'trip_id': '1-1-4', 'agency_name': 'Unknown'}, {'duration': 30, 'departure_time': 5760, 'arrival_time': 5790, 'day': 'current_day', 'from_stop_id': 'MH-L-1', 'to_stop_id': 'MH-L-2', 'trip_id': 'walking', 'agency_name': 'Unknown'}, {'duration': 450, 'departure_time': 5940, 'arrival_time': 6390, 'day': 'current_day', 'from_stop_id': 'MH-L-2', 'to_stop_id': '16-2', 'trip_id': '2-0-4', 'agency_name': 'Unknown'}]}"
1,18,11640,intra,left,184,[0; 12],[19; 29],500,375,500,375,12015,12075.0,14310.0,14370.0,2235.0,2.0,0,29,2631.0,14271.0,walking,2631.0,14745.0,3105.0,"{'duration': 2235, 'source_transfer_time': 0, 'waiting_time': 315, 'trip_time': 1920, 'num_transfers': 2, 'departure_time': 12075, 'departure_day': 'current_day', 'arrival_time': 14310, 'arrival_day': 'current_day', 'steps': [{'duration': 1170, 'departure_time': 12390, 'arrival_time': 13560, 'day': 'current_day', 'from_stop_id': '0-4', 'to_stop_id': 'MH-L-4', 'trip_id': '7-0-17', 'agency_name': 'Unknown'}, {'duration': 30, 'departure_time': 13560, 'arrival_time': 13590, 'day': 'current_day', 'from_stop_id': 'MH-L-4', 'to_stop_id': 'MH-L-5', 'trip_id': 'walking', 'agency_name': 'Unknown'}, {'duration': 570, 'departure_time': 13740, 'arrival_time': 14310, 'day': 'current_day', 'from_stop_id': 'MH-L-5', 'to_stop_id': '29-5', 'trip_id': '8-1-17', 'agency_name': 'Unknown'}]}"
105,50,14370,intra,left,185,[105],[40; 49; 58],0,0,500,375,14370,14430.0,16350.0,16410.0,1920.0,0.0,105,49,4887.0,19257.0,pt,2415.0,16785.0,2415.0,"{'duration': 1920, 'source_transfer_time': 0, 'waiting_time': 360, 'trip_time': 1560, 'num_transfers': 0, 'departure_time': 14430, 'departure_day': 'current_day', 'arrival_time': 16350, 'arrival_day': 'current_day', 'steps': [{'duration': 1560, 'departure_time': 14790, 'arrival_time': 16350, 'day': 'current_day', 'from_stop_id': '105-5', 'to_stop_id': '49-5', 'trip_id': '8-1-21', 'agency_name': 'Unknown'}]}"
6,107,8790,intra,left,186,[5],[96; 106],500,375,500,375,9165,9225.0,10950.0,11010.0,1725.0,3.0,5,96,5263.0,14053.0,pt,2595.0,11385.0,2595.0,"{'duration': 1725, 'source_transfer_time': 0, 'waiting_time': 165, 'trip_time': 1560, 'num_transfers': 3, 'departure_time': 9225, 'departure_day': 'current_day', 'arrival_time': 10950, 'arrival_day': 'current_day', 'steps': [{'duration': 450, 'departure_time': 9390, 'arrival_time': 9840, 'day': 'current_day', 'from_stop_id': '5-2', 'to_stop_id': '116-2', 'trip_id': '2-1-11', 'agency_name': 'Unknown'}, {'duration': 30, 'departure_time': 9840, 'arrival_time': 9870, 'day': 'current_day', 'from_stop_id': '116-2', 'to_stop_id': '116-5', 'trip_id': 'walking', 'agency_name': 'Unknown'}, {'duration': 360, 'departure_time': 9870, 'arrival_time': 10230, 'day': 'current_day', 'from_stop_id': '116-5', 'to_stop_id': '119-5', 'trip_id': '8-0-11', 'agency_name': 'Unknown'}, {'duration': 690, 'departure_time': 10260, 'arrival_time': 10950, 'day': 'current_day', 'from_stop_id': '119-5', 'to_stop_id': '96-5', 'trip_id': '8-0-11', 'agency_name': 'Unknown'}]}"
42,48,7740,intra,left,187,[20; 30; 40; 60],[48],1000,751,0,0,8491,8551.0,9750.0,9810.0,1199.0,2.0,30,48,2255.0,9995.0,pt,2070.0,9810.0,2070.0,"{'duration': 1199, 'source_transfer_time': 0, 'waiting_time': 119, 'trip_time': 1080, 'num_transfers': 2, 'departure_time': 8551, 'departure_day': 'current_day', 'arrival_time': 9750, 'arrival_day': 'current_day', 'steps': [{'duration': 690, 'departure_time': 8670, 'arrival_time': 9360, 'day': 'current_day', 'from_stop_id': '30-5', 'to_stop_id': 'MH-L-5', 'trip_id': '8-0-10', 'agency_name': 'Unknown'}, {'duration': 30, 'departure_time': 9360, 'arrival_time': 9390, 'day': 'current_day', 'from_stop_id': 'MH-L-5', 'to_stop_id': 'MH-L-4', 'trip_id': 'walking', 'agency_name': 'Unknown'}, {'duration': 210, 'departure_time': 9540, 'arrival_time': 9750, 'day': 'current_day', 'from_stop_id': 'MH-L-4', 'to_stop_id': '48-4', 'trip_id': '7-1-10', 'agency_name': 'Unknown'}]}"
74,12,5520,intra,left,188,[75; 85],[12],500,375,0,0,5895,5955.0,8070.0,8130.0,2115.0,2.0,75,12,2631.0,8151.0,pt,2610.0,8130.0,2610.0,"{'duration': 2115, 'source_transfer_time': 0, 'waiting_time': 555, 'trip_time': 1560, 'num_transfers': 2, 'departure_time': 5955, 'departure_day': 'current_day', 'arrival_time': 8070, 'arrival_day': 'current_day', 'steps': [{'duration': 450, 'departure_time': 6510, 'arrival_time': 6960, 'day': 'current_day', 'from_stop_id': '75-5', 'to_stop_id': 'MH-L-5', 'trip_id': '8-1-6', 'agency_name': 'Unknown'}, {'duration': 30, 'departure_time': 6960, 'arrival_time': 6990, 'day': 'current_day', 'from_stop_id': 'MH-L-5', 'to_stop_id': 'MH-L-4', 'trip_id': 'walking', 'agency_name': 'Unknown'}, {'duration': 930, 'departure_time': 7140, 'arrival_time': 8070, 'day': 'current_day', 'from_stop_id': 'MH-L-4', 'to_stop_id': '12-4', 'trip_id': '7-1-6', 'agency_name': 'Unknown'}]}"
21,88,13050,intra,left,189,[10; 20],[88],500,375,0,0,13425,13485.0,15270.0,15330.0,1785.0,4.0,10,88,4511.0,17561.0,pt,2280.0,15330.0,2280.0,"{'duration': 1785, 'source_transfer_time': 0, 'waiting_time': 105, 'trip_time': 1680, 'num_transfers': 4, 'departure_time': 13485, 'departure_day': 'current_day', 'arrival_time': 15270, 'arrival_day': 'current_day', 'steps': [{'duration': 1050, 'departure_time': 13590, 'arrival_time': 14640, 'day': 'current_day', 'from_stop_id': '10-5', 'to_stop_id': '116-5', 'trip_id': '8-0-19', 'agency_name': 'Unknown'}, {'duration': 30, 'departure_time': 14640, 'arrival_time': 14670, 'day': 'current_day', 'from_stop_id': '116-5', 'to_stop_id': '116-2', 'trip_id': 'walking', 'agency_name': 'Unknown'}, {'duration': 90, 'departure_time': 14670, 'arrival_time': 14760, 'day': 'current_day', 'from_stop_id': '116-2', 'to_stop_id': 'MH-L-2', 'trip_id': '2-1-19', 'agency_name': 'Unknown'}, {'duration': 90, 'departure_time': 14940, 'arrival_time': 15030, 'day': 'current_day', 'from_stop_id': 'MH-L-2', 'to_stop_id': '119-2', 'trip_id': '2-1-19', 'agency_name': 'Unknown'}, {'duration': 210, 'departure_time': 15060, 'arrival_time': 15270, 'day': 'current_day', 'from_stop_id': '119-2', 'to_stop_id': '88-2', 'trip_id': '2-1-19', 'agency_name': 'Unknown'}]}"
48,70,10050,intra,left,190,[48],[60],0,0,500,375,10050,10110.0,11190.0,11250.0,1080.0,4.0,48,60,2631.0,12681.0,pt,1575.0,11625.0,1575.0,"{'duration': 1080, 'source_transfer_time': 0, 'waiting_time': 240, 'trip_time': 840, 'num_transfers': 4, 'departure_time': 10110, 'departure_day': 'current_day', 'arrival_time': 11190, 'arrival_day': 'current_day', 'steps': [{'duration': 90, 'departure_time': 10350, 'arrival_time': 10440, 'day': 'current_day', 'from_stop_id': '48-4', 'to_stop_id': '117-4', 'trip_id': '7-0-12', 'agency_name': 'Unknown'}, {'duration': 30, 'departure_time': 10440, 'arrival_time': 10470, 'day': 'current_day', 'from_stop_id': '117-4', 'to_stop_id': '117-1', 'trip_id': 'walking', 'agency_name': 'Unknown'}, {'duration': 90, 'departure_time': 10470, 'arrival_time': 10560, 'day': 'current_day', 'from_stop_id': '117-1', 'to_stop_id': 'MH-L-1', 'trip_id': '1-0-12', 'agency_name': 'Unknown'}, {'duration': 90, 'departure_time': 10740, 'arrival_time': 10830, 'day': 'current_day', 'from_stop_id': 'MH-L-1', 'to_stop_id': '118-1', 'trip_id': '1-0-12', 'agency_name': 'Unknown'}, {'duration': 330, 'departure_time': 10860, 'arrival_time': 11190, 'day': 'current_day', 'from_stop_id': '118-1', 'to_stop_id': '60-1', 'trip_id': '1-0-12', 'agency_name': 'Unknown'}]}"
33,17,4860,intra,left,191,[11; 23; 35; 54],[16],1000,751,500,375,5611,5671.0,6990.0,7050.0,1319.0,2.0,35,16,3007.0,7867.0,pt,2565.0,7425.0,2565.0,"{'duration': 1319, 'source_transfer_time': 0, 'waiting_time': 119, 'trip_time': 1200, 'num_transfers': 2, 'departure_time': 5671, 'departure_day': 'current_day', 'arrival_time': 6990, 'arrival_day': 'current_day', 'steps': [{'duration': 570, 'departure_time': 5790, 'arrival_time': 6360, 'day': 'current_day', 'from_stop_id': '35-4', 'to_stop_id': 'MH-L-4', 'trip_id': '7-0-5', 'agency_name': 'Unknown'}, {'duration': 30, 'departure_time': 6360, 'arrival_time': 6390, 'day': 'current_day', 'from_stop_id': 'MH-L-4', 'to_stop_id': 'MH-L-2', 'trip_id': 'walking', 'agency_name': 'Unknown'}, {'duration': 450, 'departure_time': 6540, 'arrival_time': 6990, 'day': 'current_day', 'from_stop_id': 'MH-L-2', 'to_stop_id': '16-2', 'trip_id': '2-0-5', 'agency_name': 'Unknown'}]}"
117,12,10140,intra,left,192,[117],[12],0,0,0,0,10140,10200.0,11070.0,11130.0,870.0,0.0,117,12,2631.0,12771.0,pt,990.0,11130.0,990.0,"{'duration': 870, 'source_transfer_time': 0, 'waiting_time': 60, 'trip_time': 810, 'num_transfers': 0, 'departure_time': 10200, 'departure_day': 'current_day', 'arrival_time': 11070, 'arrival_day': 'current_day', 'steps': [{'duration': 810, 'departure_time': 10260, 'arrival_time': 11070, 'day': 'current_day', 'from_stop_id': '117-4', 'to_stop_id': '12-4', 'trip_id': '7-1-11', 'agency_name': 'Unknown'}]}"
9,116,7740,intra,left,193,[9],[116],0,0,0,0,7740,7800.0,9240.0,9300.0,1440.0,0.0,9,116,3007.0,10747.0,pt,1560.0,9300.0,1560.0,"{'duration': 1440, 'source_transfer_time': 0, 'waiting_time': 510, 'trip_time': 930, 'num_transfers': 0, 'departure_time': 7800, 'departure_day': 'current_day', 'arrival_time': 9240, 'arrival_day': 'current_day', 'steps': [{'duration': 930, 'departure_time': 8310, 'arrival_time': 9240, 'day': 'current_day', 'from_stop_id': '9-5', 'to_stop_id': '116-5', 'trip_id': '8-0-10', 'agency_name': 'Unknown'}]}"
69,33,7050,intra,left,194,[59; 68; 80],[11; 23; 35; 54],500,375,1000,751,7425,7485.0,8910.0,8970.0,1425.0,2.0,59,35,4135.0,11185.0,pt,2671.0,9721.0,2671.0,"{'duration': 1425, 'source_transfer_time': 0, 'waiting_time': 345, 'trip_time': 1080, 'num_transfers': 2, 'departure_time': 7485, 'departure_day': 'current_day', 'arrival_time': 8910, 'arrival_day': 'current_day', 'steps': [{'duration': 210, 'departure_time': 7830, 'arrival_time': 8040, 'day': 'current_day', 'from_stop_id': '59-1', 'to_stop_id': '118-1', 'trip_id': '1-1-8', 'agency_name': 'Unknown'}, {'duration': 30, 'departure_time': 8040, 'arrival_time': 8070, 'day': 'current_day', 'from_stop_id': '118-1', 'to_stop_id': '118-4', 'trip_id': 'walking', 'agency_name': 'Unknown'}, {'duration': 840, 'departure_time': 8070, 'arrival_time': 8910, 'day': 'current_day', 'from_stop_id': '118-4', 'to_stop_id': '35-4', 'trip_id': '7-1-8', 'agency_name': 'Unknown'}]}"
114,67,13050,intra,left,195,[103; 115],[67],500,375,0,0,13425,13485.0,14520.0,14580.0,1035.0,0.0,103,67,2631.0,15681.0,pt,1530.0,14580.0,1530.0,"{'duration': 1035, 'source_transfer_time': 0, 'waiting_time': 345, 'trip_time': 690, 'num_transfers': 0, 'departure_time': 13485, 'departure_day': 'current_day', 'arrival_time': 14520, 'arrival_day': 'current_day', 'steps': [{'duration': 690, 'departure_time': 13830, 'arrival_time': 14520, 'day': 'current_day', 'from_stop_id': '103-4', 'to_stop_id': '67-4', 'trip_id': '7-1-19', 'agency_name': 'Unknown'}]}"
112,72,12810,intra,left,196,[110],[54],1000,751,1000,751,13561,13621.0,15510.0,15570.0,1889.0,2.0,110,54,3759.0,16569.0,pt,3511.0,16321.0,3511.0,"{'duration': 1889, 'source_transfer_time': 0, 'waiting_time': 569, 'trip_time': 1320, 'num_transfers': 2, 'departure_time': 13621, 'departure_day': 'current_day', 'arrival_time': 15510, 'arrival_day': 'current_day', 'steps': [{'duration': 570, 'departure_time': 14190, 'arrival_time': 14760, 'day': 'current_day', 'from_stop_id': '110-2', 'to_stop_id': 'MH-L-2', 'trip_id': '2-0-19', 'agency_name': 'Unknown'}, {'duration': 30, 'departure_time': 14760, 'arrival_time': 14790, 'day': 'current_day', 'from_stop_id': 'MH-L-2', 'to_stop_id': 'MH-L-1', 'trip_id': 'walking', 'agency_name': 'Unknown'}, {'duration': 570, 'departure_time': 14940, 'arrival_time': 15510, 'day': 'current_day', 'from_stop_id': 'MH-L-1', 'to_stop_id': '54-1', 'trip_id': '1-1-19', 'agency_name': 'Unknown'}]}"
14,110,5580,intra,left,197,[12; 16; 24; 36],[110],1000,751,0,0,6331,6391.0,7710.0,7770.0,1319.0,0.0,16,110,4135.0,9715.0,pt,2190.0,7770.0,2190.0,"{'duration': 1319, 'source_transfer_time': 0, 'waiting_time': 119, 'trip_time': 1200, 'num_transfers': 0, 'departure_time': 6391, 'departure_day': 'current_day', 'arrival_time': 7710, 'arrival_day': 'current_day', 'steps': [{'duration': 1200, 'departure_time': 6510, 'arrival_time': 7710, 'day': 'current_day', 'from_stop_id': '16-2', 'to_stop_id': '110-2', 'trip_id': '2-1-6', 'agency_name': 'Unknown'}]}"
48,105,10560,intra,left,198,[48],[105],0,0,0,0,10560,10620.0,12510.0,12570.0,1890.0,2.0,48,105,3759.0,14319.0,pt,2010.0,12570.0,2010.0,"{'duration': 1890, 'source_transfer_time': 0, 'waiting_time': 330, 'trip_time': 1560, 'num_transfers': 2, 'departure_time': 10620, 'departure_day': 'current_day', 'arrival_time': 12510, 'arrival_day': 'current_day', 'steps': [{'duration': 210, 'departure_time': 10950, 'arrival_time': 11160, 'day': 'current_day', 'from_stop_id': '48-4', 'to_stop_id': 'MH-L-4', 'trip_id': '7-0-13', 'agency_name': 'Unknown'}, {'duration': 30, 'departure_time': 11160, 'arrival_time': 11190, 'day': 'current_day', 'from_stop_id': 'MH-L-4', 'to_stop_id': 'MH-L-5', 'trip_id': 'walking', 'agency_name': 'Unknown'}, {'duration': 1170, 'departure_time': 11340, 'arrival_time': 12510, 'day': 'current_day', 'from_stop_id': 'MH-L-5', 'to_stop_id': '105-5', 'trip_id': '8-0-13', 'agency_name': 'Unknown'}]}"
50,2,11400,intra,left,199,[40; 49; 58],[0; 12; 24],500,375,1000,751,11775,11835.0,13230.0,13290.0,1395.0,2.0,40,24,3383.0,14783.0,pt,2641.0,14041.0,2641.0,"{'duration': 1395, 'source_transfer_time': 0, 'waiting_time': 75, 'trip_time': 1320, 'num_transfers': 2, 'departure_time': 11835, 'departure_day': 'current_day', 'arrival_time': 13230, 'arrival_day': 'current_day', 'steps': [{'duration': 450, 'departure_time': 11910, 'arrival_time': 12360, 'day': 'current_day', 'from_stop_id': '40-5', 'to_stop_id': 'MH-L-5', 'trip_id': '8-0-15', 'agency_name': 'Unknown'}, {'duration': 30, 'departure_time': 12360, 'arrival_time': 12390, 'day': 'current_day', 'from_stop_id': 'MH-L-5', 'to_stop_id': 'MH-L-4', 'trip_id': 'walking', 'agency_name': 'Unknown'}, {'duration': 690, 'departure_time': 12540, 'arrival_time': 13230, 'day': 'current_day', 'from_stop_id': 'MH-L-4', 'to_stop_id': '24-4', 'trip_id': '7-1-15', 'agency_name': 'Unknown'}]}"
5,71,6420,intra,left,200,[5],[61],0,0,500,375,6420,6480.0,8310.0,8370.0,1830.0,2.0,5,61,4135.0,10555.0,pt,2325.0,8745.0,2325.0,"{'duration': 1830, 'source_transfer_time': 0, 'waiting_time': 510, 'trip_time': 1320, 'num_transfers': 2, 'departure_time': 6480, 'departure_day': 'current_day', 'arrival_time': 8310, 'arrival_day': 'current_day', 'steps': [{'duration': 570, 'departure_time': 6990, 'arrival_time': 7560, 'day': 'current_day', 'from_stop_id': '5-2', 'to_stop_id': 'MH-L-2', 'trip_id': '2-1-7', 'agency_name': 'Unknown'}, {'duration': 30, 'departure_time': 7560, 'arrival_time': 7590, 'day': 'current_day', 'from_stop_id': 'MH-L-2', 'to_stop_id': 'MH-L-1', 'trip_id': 'walking', 'agency_name': 'Unknown'}, {'duration': 570, 'departure_time': 7740, 'arrival_time': 8310, 'day': 'current_day', 'from_stop_id': 'MH-L-1', 'to_stop_id': '61-1', 'trip_id': '1-0-7', 'agency_name': 'Unknown'}]}"
110,118,4680,intra,left,201,[110],[118],0,0,0,0,4680,4740.0,6030.0,6090.0,1290.0,2.0,110,118,2255.0,6935.0,pt,1410.0,6090.0,1410.0,"{'duration': 1290, 'source_transfer_time': 0, 'waiting_time': 450, 'trip_time': 840, 'num_transfers': 2, 'departure_time': 4740, 'departure_day': 'current_day', 'arrival_time': 6030, 'arrival_day': 'current_day', 'steps': [{'duration': 570, 'departure_time': 5190, 'arrival_time': 5760, 'day': 'current_day', 'from_stop_id': '110-2', 'to_stop_id': 'MH-L-2', 'trip_id': '2-0-4', 'agency_name': 'Unknown'}, {'duration': 30, 'departure_time': 5760, 'arrival_time': 5790, 'day': 'current_day', 'from_stop_id': 'MH-L-2', 'to_stop_id': 'MH-L-1', 'trip_id': 'walking', 'agency_name': 'Unknown'}, {'duration': 90, 'departure_time': 5940, 'arrival_time': 6030, 'day': 'current_day', 'from_stop_id': 'MH-L-1', 'to_stop_id': '118-1', 'trip_id': '1-0-4', 'agency_name': 'Unknown'}]}"
32,46,13410,intra,left,202,[10; 20; 30],[35; 47; 56],1000,751,500,375,14161,14221.0,15870.0,15930.0,1649.0,2.0,20,47,3759.0,17169.0,pt,2895.0,16305.0,2895.0,"{'duration': 1649, 'source_transfer_time': 0, 'waiting_time': 209, 'trip_time': 1440, 'num_transfers': 2, 'departure_time': 14221, 'departure_day': 'current_day', 'arrival_time': 15870, 'arrival_day': 'current_day', 'steps': [{'duration': 930, 'departure_time': 14430, 'arrival_time': 15360, 'day': 'current_day', 'from_stop_id': '20-5', 'to_stop_id': 'MH-L-5', 'trip_id': '8-0-20', 'agency_name': 'Unknown'}, {'duration': 30, 'departure_time': 15360, 'arrival_time': 15390, 'day': 'current_day', 'from_stop_id': 'MH-L-5', 'to_stop_id': 'MH-L-4', 'trip_id': 'walking', 'agency_name': 'Unknown'}, {'duration': 330, 'departure_time': 15540, 'arrival_time': 15870, 'day': 'current_day', 'from_stop_id': 'MH-L-4', 'to_stop_id': '47-4', 'trip_id': '7-1-20', 'agency_name': 'Unknown'}]}"
82,16,12240,intra,left,203,[61; 80; 92; 104],[16],1000,751,0,0,12991,13051.0,14790.0,14850.0,1739.0,2.0,61,16,4135.0,16375.0,pt,2610.0,14850.0,2610.0,"{'duration': 1739, 'source_transfer_time': 0, 'waiting_time': 539, 'trip_time': 1200, 'num_transfers': 2, 'departure_time': 13051, 'departure_day': 'current_day', 'arrival_time': 14790, 'arrival_day': 'current_day', 'steps': [{'duration': 570, 'departure_time': 13590, 'arrival_time': 14160, 'day': 'current_day', 'from_stop_id': '61-1', 'to_stop_id': 'MH-L-1', 'trip_id': '1-1-18', 'agency_name': 'Unknown'}, {'duration': 30, 'departure_time': 14160, 'arrival_time': 14190, 'day': 'current_day', 'from_stop_id': 'MH-L-1', 'to_stop_id': 'MH-L-2', 'trip_id': 'walking', 'agency_name': 'Unknown'}, {'duration': 450, 'departure_time': 14340, 'arrival_time': 14790, 'day': 'current_day', 'from_stop_id': 'MH-L-2', 'to_stop_id': '16-2', 'trip_id': '2-0-18', 'agency_name': 'Unknown'}]}"
71,63,10230,intra,left,204,[61],[55],500,375,500,375,10605,10665.0,12390.0,12450.0,1725.0,0.0,61,55,3383.0,13613.0,pt,2595.0,12825.0,2595.0,"{'duration': 1725, 'source_transfer_time': 0, 'waiting_time': 525, 'trip_time': 1200, 'num_transfers': 0, 'departure_time': 10665, 'departure_day': 'current_day', 'arrival_time': 12390, 'arrival_day': 'current_day', 'steps': [{'duration': 1200, 'departure_time': 11190, 'arrival_time': 12390, 'day': 'current_day', 'from_stop_id': '61-1', 'to_stop_id': '55-1', 'trip_id': '1-1-14', 'agency_name': 'Unknown'}]}"
9,112,4290,intra,left,205,[9],[110],0,0,1000,751,4290,4350.0,6510.0,6570.0,2160.0,4.0,9,110,4511.0,8801.0,pt,3031.0,7321.0,3031.0,"{'duration': 2160, 'source_transfer_time': 0, 'waiting_time': 360, 'trip_time': 1800, 'num_transfers': 4, 'departure_time': 4350, 'departure_day': 'current_day', 'arrival_time': 6510, 'arrival_day': 'current_day', 'steps': [{'duration': 930, 'departure_time': 4710, 'arrival_time': 5640, 'day': 'current_day', 'from_stop_id': '9-5', 'to_stop_id': '116-5', 'trip_id': '8-0-4', 'agency_name': 'Unknown'}, {'duration': 30, 'departure_time': 5640, 'arrival_time': 5670, 'day': 'current_day', 'from_stop_id': '116-5', 'to_stop_id': '116-2', 'trip_id': 'walking', 'agency_name': 'Unknown'}, {'duration': 90, 'departure_time': 5670, 'arrival_time': 5760, 'day': 'current_day', 'from_stop_id': '116-2', 'to_stop_id': 'MH-L-2', 'trip_id': '2-1-4', 'agency_name': 'Unknown'}, {'duration': 90, 'departure_time': 5940, 'arrival_time': 6030, 'day': 'current_day', 'from_stop_id': 'MH-L-2', 'to_stop_id': '119-2', 'trip_id': '2-1-4', 'agency_name': 'Unknown'}, {'duration': 450, 'departure_time': 6060, 'arrival_time': 6510, 'day': 'current_day', 'from_stop_id': '119-2', 'to_stop_id': '110-2', 'trip_id': '2-1-4', 'agency_name': 'Unknown'}]}"
84,13,8130,intra,left,206,[85; 95],[12; 24],500,375,500,375,8505,8565.0,10230.0,10290.0,1665.0,2.0,85,24,3007.0,11137.0,pt,2535.0,10665.0,2535.0,"{'duration': 1665, 'source_transfer_time': 0, 'waiting_time': 105, 'trip_time': 1560, 'num_transfers': 2, 'departure_time': 8565, 'departure_day': 'current_day', 'arrival_time': 10230, 'arrival_day': 'current_day', 'steps': [{'duration': 690, 'departure_time': 8670, 'arrival_time': 9360, 'day': 'current_day', 'from_stop_id': '85-5', 'to_stop_id': 'MH-L-5', 'trip_id': '8-1-10', 'agency_name': 'Unknown'}, {'duration': 30, 'departure_time': 9360, 'arrival_time': 9390, 'day': 'current_day', 'from_stop_id': 'MH-L-5', 'to_stop_id': 'MH-L-4', 'trip_id': 'walking', 'agency_name': 'Unknown'}, {'duration': 690, 'departure_time': 9540, 'arrival_time': 10230, 'day': 'current_day', 'from_stop_id': 'MH-L-4', 'to_stop_id': '24-4', 'trip_id': '7-1-10', 'agency_name': 'Unknown'}]}"
43,33,10830,intra,left,207,[61],[11; 23; 35; 54],1000,751,1000,751,11581,11641.0,13110.0,13170.0,1469.0,2.0,61,35,3759.0,14589.0,pt,3091.0,13921.0,3091.0,"{'duration': 1469, 'source_transfer_time': 0, 'waiting_time': 149, 'trip_time': 1320, 'num_transfers': 2, 'departure_time': 11641, 'departure_day': 'current_day', 'arrival_time': 13110, 'arrival_day': 'current_day', 'steps': [{'duration': 450, 'departure_time': 11790, 'arrival_time': 12240, 'day': 'current_day', 'from_stop_id': '61-1', 'to_stop_id': '118-1', 'trip_id': '1-1-15', 'agency_name': 'Unknown'}, {'duration': 30, 'departure_time': 12240, 'arrival_time': 12270, 'day': 'current_day', 'from_stop_id': '118-1', 'to_stop_id': '118-4', 'trip_id': 'walking', 'agency_name': 'Unknown'}, {'duration': 840, 'departure_time': 12270, 'arrival_time': 13110, 'day': 'current_day', 'from_stop_id': '118-4', 'to_stop_id': '35-4', 'trip_id': '7-1-15', 'agency_name': 'Unknown'}]}"
58,20,6180,intra,left,208,[58],[20],0,0,0,0,6180,6240.0,8070.0,8130.0,1830.0,2.0,58,20,2255.0,8435.0,pt,1950.0,8130.0,1950.0,"{'duration': 1830, 'source_transfer_time': 0, 'waiting_time': 510, 'trip_time': 1320, 'num_transfers': 2, 'departure_time': 6240, 'departure_day': 'current_day', 'arrival_time': 8070, 'arrival_day': 'current_day', 'steps': [{'duration': 210, 'departure_time': 6750, 'arrival_time': 6960, 'day': 'current_day', 'from_stop_id': '58-1', 'to_stop_id': 'MH-L-1', 'trip_id': '1-1-6', 'agency_name': 'Unknown'}, {'duration': 30, 'departure_time': 6960, 'arrival_time': 6990, 'day': 'current_day', 'from_stop_id': 'MH-L-1', 'to_stop_id': 'MH-L-5', 'trip_id': 'walking', 'agency_name': 'Unknown'}, {'duration': 930, 'departure_time': 7140, 'arrival_time': 8070, 'day': 'current_day', 'from_stop_id': 'MH-L-5', 'to_stop_id': '20-5', 'trip_id': '8-1-6', 'agency_name': 'Unknown'}]}"
56,7,11790,intra,left,209,[56],[5; 9; 19; 29],0,0,1000,751,11790,11850.0,13110.0,13170.0,1260.0,2.0,56,5,3759.0,15549.0,pt,2131.0,13921.0,2131.0,"{'duration': 1260, 'source_transfer_time': 0, 'waiting_time': 180, 'trip_time': 1080, 'num_transfers': 2, 'departure_time': 11850, 'departure_day': 'current_day', 'arrival_time': 13110, 'arrival_day': 'current_day', 'steps': [{'duration': 330, 'departure_time': 12030, 'arrival_time': 12360, 'day': 'current_day', 'from_stop_id': '56-1', 'to_stop_id': 'MH-L-1', 'trip_id': '1-0-15', 'agency_name': 'Unknown'}, {'duration': 30, 'departure_time': 12360, 'arrival_time': 12390, 'day': 'current_day', 'from_stop_id': 'MH-L-1', 'to_stop_id': 'MH-L-2', 'trip_id': 'walking', 'agency_name': 'Unknown'}, {'duration': 570, 'departure_time': 12540, 'arrival_time': 13110, 'day': 'current_day', 'from_stop_id': 'MH-L-2', 'to_stop_id': '5-2', 'trip_id': '2-0-15', 'agency_name': 'Unknown'}]}"
99,55,8670,intra,left,210,[99],[55],0,0,0,0,8670,8730.0,9990.0,10050.0,1260.0,2.0,99,55,3007.0,11677.0,pt,1380.0,10050.0,1380.0,"{'duration': 1260, 'source_transfer_time': 0, 'waiting_time': 180, 'trip_time': 1080, 'num_transfers': 2, 'departure_time': 8730, 'departure_day': 'current_day', 'arrival_time': 9990, 'arrival_day': 'current_day', 'steps': [{'duration': 450, 'departure_time': 8910, 'arrival_time': 9360, 'day': 'current_day', 'from_stop_id': '99-2', 'to_stop_id': 'MH-L-2', 'trip_id': '2-0-10', 'agency_name': 'Unknown'}, {'duration': 30, 'departure_time': 9360, 'arrival_time': 9390, 'day': 'current_day', 'from_stop_id': 'MH-L-2', 'to_stop_id': 'MH-L-1', 'trip_id': 'walking', 'agency_name': 'Unknown'}, {'duration': 450, 'departure_time': 9540, 'arrival_time': 9990, 'day': 'current_day', 'from_stop_id': 'MH-L-1', 'to_stop_id': '55-1', 'trip_id': '1-1-10', 'agency_name': 'Unknown'}]}"
46,82,5700,intra,left,211,[35; 47; 56],[61; 80; 92; 104],500,375,1000,751,6075,6135.0,7710.0,7770.0,1575.0,4.0,35,61,4135.0,9835.0,pt,2821.0,8521.0,2821.0,"{'duration': 1575, 'source_transfer_time': 0, 'waiting_time': 255, 'trip_time': 1320, 'num_transfers': 4, 'departure_time': 6135, 'departure_day': 'current_day', 'arrival_time': 7710, 'arrival_day': 'current_day', 'steps': [{'duration': 450, 'departure_time': 6390, 'arrival_time': 6840, 'day': 'current_day', 'from_stop_id': '35-4', 'to_stop_id': '117-4', 'trip_id': '7-0-6', 'agency_name': 'Unknown'}, {'duration': 30, 'departure_time': 6840, 'arrival_time': 6870, 'day': 'current_day', 'from_stop_id': '117-4', 'to_stop_id': '117-1', 'trip_id': 'walking', 'agency_name': 'Unknown'}, {'duration': 90, 'departure_time': 6870, 'arrival_time': 6960, 'day': 'current_day', 'from_stop_id': '117-1', 'to_stop_id': 'MH-L-1', 'trip_id': '1-0-6', 'agency_name': 'Unknown'}, {'duration': 90, 'departure_time': 7140, 'arrival_time': 7230, 'day': 'current_day', 'from_stop_id': 'MH-L-1', 'to_stop_id': '118-1', 'trip_id': '1-0-6', 'agency_name': 'Unknown'}, {'duration': 450, 'departure_time': 7260, 'arrival_time': 7710, 'day': 'current_day', 'from_stop_id': '118-1', 'to_stop_id': '61-1', 'trip_id': '1-0-6', 'agency_name': 'Unknown'}]}"
44,20,12330,intra,left,212,[54],[20],500,375,0,0,12705,12765.0,14670.0,14730.0,1905.0,2.0,54,20,4511.0,16841.0,pt,2400.0,14730.0,2400.0,"{'duration': 1905, 'source_transfer_time': 0, 'waiting_time': 225, 'trip_time': 1680, 'num_transfers': 2, 'departure_time': 12765, 'departure_day': 'current_day', 'arrival_time': 14670, 'arrival_day': 'current_day', 'steps': [{'duration': 570, 'departure_time': 12990, 'arrival_time': 13560, 'day': 'current_day', 'from_stop_id': '54-1', 'to_stop_id': 'MH-L-1', 'trip_id': '1-0-17', 'agency_name': 'Unknown'}, {'duration': 30, 'departure_time': 13560, 'arrival_time': 13590, 'day': 'current_day', 'from_stop_id': 'MH-L-1', 'to_stop_id': 'MH-L-5', 'trip_id': 'walking', 'agency_name': 'Unknown'}, {'duration': 930, 'departure_time': 13740, 'arrival_time': 14670, 'day': 'current_day', 'from_stop_id': 'MH-L-5', 'to_stop_id': '20-5', 'trip_id': '8-1-17', 'agency_name': 'Unknown'}]}"
74,11,4290,intra,left,213,[75; 85],[11],500,375,0,0,4665,4725.0,6990.0,7050.0,2265.0,2.0,75,11,3007.0,7297.0,pt,2760.0,7050.0,2760.0,"{'duration': 2265, 'source_transfer_time': 0, 'waiting_time': 585, 'trip_time': 1680, 'num_transfers': 2, 'departure_time': 4725, 'departure_day': 'current_day', 'arrival_time': 6990, 'arrival_day': 'current_day', 'steps': [{'duration': 450, 'departure_time': 5310, 'arrival_time': 5760, 'day': 'current_day', 'from_stop_id': '75-5', 'to_stop_id': 'MH-L-5', 'trip_id': '8-1-4', 'agency_name': 'Unknown'}, {'duration': 30, 'departure_time': 5760, 'arrival_time': 5790, 'day': 'current_day', 'from_stop_id': 'MH-L-5', 'to_stop_id': 'MH-L-4', 'trip_id': 'walking', 'agency_name': 'Unknown'}, {'duration': 1050, 'departure_time': 5940, 'arrival_time': 6990, 'day': 'current_day', 'from_stop_id': 'MH-L-4', 'to_stop_id': '11-4', 'trip_id': '7-1-4', 'agency_name': 'Unknown'}]}"
45,59,11580,intra,left,214,[55],[59],500,375,0,0,11955,12015.0,13470.0,13530.0,1455.0,0.0,55,59,3007.0,14587.0,pt,1950.0,13530.0,1950.0,"{'duration': 1455, 'source_transfer_time': 0, 'waiting_time': 495, 'trip_time': 960, 'num_transfers': 0, 'departure_time': 12015, 'departure_day': 'current_day', 'arrival_time': 13470, 'arrival_day': 'current_day', 'steps': [{'duration': 960, 'departure_time': 12510, 'arrival_time': 13470, 'day': 'current_day', 'from_stop_id': '55-1', 'to_stop_id': '59-1', 'trip_id': '1-0-16', 'agency_name': 'Unknown'}]}"
21,59,12090,intra,left,215,[10; 20],[59],500,375,0,0,12465,12525.0,14070.0,14130.0,1545.0,2.0,20,59,2255.0,14345.0,pt,2040.0,14130.0,2040.0,"{'duration': 1545, 'source_transfer_time': 0, 'waiting_time': 105, 'trip_time': 1440, 'num_transfers': 2, 'departure_time': 12525, 'departure_day': 'current_day', 'arrival_time': 14070, 'arrival_day': 'current_day', 'steps': [{'duration': 930, 'departure_time': 12630, 'arrival_time': 13560, 'day': 'current_day', 'from_stop_id': '20-5', 'to_stop_id': 'MH-L-5', 'trip_id': '8-0-17', 'agency_name': 'Unknown'}, {'duration': 30, 'departure_time': 13560, 'arrival_time': 13590, 'day': 'current_day', 'from_stop_id': 'MH-L-5', 'to_stop_id': 'MH-L-1', 'trip_id': 'walking', 'agency_name': 'Unknown'}, {'duration': 330, 'departure_time': 13740, 'arrival_time': 14070, 'day': 'current_day', 'from_stop_id': 'MH-L-1', 'to_stop_id': '59-1', 'trip_id': '1-0-17', 'agency_name': 'Unknown'}]}"
116,100,3780,intra,left,216,[116],[99],0,0,500,375,3780,3840.0,4590.0,4650.0,750.0,0.0,116,99,2255.0,6035.0,pt,1245.0,5025.0,1245.0,"{'duration': 750, 'source_transfer_time': 0, 'waiting_time': 30, 'trip_time': 720, 'num_transfers': 0, 'departure_time': 3840, 'departure_day': 'current_day', 'arrival_time': 4590, 'arrival_day': 'current_day', 'steps': [{'duration': 720, 'departure_time': 3870, 'arrival_time': 4590, 'day': 'current_day', 'from_stop_id': '116-2', 'to_stop_id': '99-2', 'trip_id': '2-1-1', 'agency_name': 'Unknown'}]}"
31,92,11850,intra,left,217,[20; 30],[92],500,375,0,0,12225,12285.0,14550.0,14610.0,2265.0,2.0,20,92,2255.0,14105.0,walking,2255.0,14610.0,2760.0,"{'duration': 2265, 'source_transfer_time': 0, 'waiting_time': 345, 'trip_time': 1920, 'num_transfers': 2, 'departure_time': 12285, 'departure_day': 'current_day', 'arrival_time': 14550, 'arrival_day': 'current_day', 'steps': [{'duration': 930, 'departure_time': 12630, 'arrival_time': 13560, 'day': 'current_day', 'from_stop_id': '20-5', 'to_stop_id': 'MH-L-5', 'trip_id': '8-0-17', 'agency_name': 'Unknown'}, {'duration': 30, 'departure_time': 13560, 'arrival_time': 13590, 'day': 'current_day', 'from_stop_id': 'MH-L-5', 'to_stop_id': 'MH-L-4', 'trip_id': 'walking', 'agency_name': 'Unknown'}, {'duration': 810, 'departure_time': 13740, 'arrival_time': 14550, 'day': 'current_day', 'from_stop_id': 'MH-L-4', 'to_stop_id': '92-4', 'trip_id': '7-0-17', 'agency_name': 'Unknown'}]}"
35,89,13410,intra,left,218,[35],[88],0,0,500,375,13410,13470.0,14670.0,14730.0,1200.0,2.0,35,88,3383.0,16793.0,pt,1695.0,15105.0,1695.0,"{'duration': 1200, 'source_transfer_time': 0, 'waiting_time': 120, 'trip_time': 1080, 'num_transfers': 2, 'departure_time': 13470, 'departure_day': 'current_day', 'arrival_time': 14670, 'arrival_day': 'current_day', 'steps': [{'duration': 570, 'departure_time': 13590, 'arrival_time': 14160, 'day': 'current_day', 'from_stop_id': '35-4', 'to_stop_id': 'MH-L-4', 'trip_id': '7-0-18', 'agency_name': 'Unknown'}, {'duration': 30, 'departure_time': 14160, 'arrival_time': 14190, 'day': 'current_day', 'from_stop_id': 'MH-L-4', 'to_stop_id': 'MH-L-2', 'trip_id': 'walking', 'agency_name': 'Unknown'}, {'duration': 330, 'departure_time': 14340, 'arrival_time': 14670, 'day': 'current_day', 'from_stop_id': 'MH-L-2', 'to_stop_id': '88-2', 'trip_id': '2-1-18', 'agency_name': 'Unknown'}]}"
18,48,13140,intra,left,219,[19; 29],[48],500,375,0,0,13515,13575.0,14550.0,14610.0,975.0,2.0,29,48,2255.0,15395.0,pt,1470.0,14610.0,1470.0,"{'duration': 975, 'source_transfer_time': 0, 'waiting_time': 15, 'trip_time': 960, 'num_transfers': 2, 'departure_time': 13575, 'departure_day': 'current_day', 'arrival_time': 14550, 'arrival_day': 'current_day', 'steps': [{'duration': 570, 'departure_time': 13590, 'arrival_time': 14160, 'day': 'current_day', 'from_stop_id': '29-5', 'to_stop_id': 'MH-L-5', 'trip_id': '8-0-18', 'agency_name': 'Unknown'}, {'duration': 30, 'departure_time': 14160, 'arrival_time': 14190, 'day': 'current_day', 'from_stop_id': 'MH-L-5', 'to_stop_id': 'MH-L-4', 'trip_id': 'walking', 'agency_name': 'Unknown'}, {'duration': 210, 'departure_time': 14340, 'arrival_time': 14550, 'day': 'current_day', 'from_stop_id': 'MH-L-4', 'to_stop_id': '48-4', 'trip_id': '7-1-18', 'agency_name': 'Unknown'}]}"
8,93,8310,intra,left,220,[9; 19],[92; 104],500,375,500,375,8685,8745.0,10950.0,11010.0,2205.0,2.0,9,92,3759.0,12069.0,pt,3075.0,11385.0,3075.0,"{'duration': 2205, 'source_transfer_time': 0, 'waiting_time': 165, 'trip_time': 2040, 'num_transfers': 2, 'departure_time': 8745, 'departure_day': 'current_day', 'arrival_time': 10950, 'arrival_day': 'current_day', 'steps': [{'duration': 1050, 'departure_time': 8910, 'arrival_time': 9960, 'day': 'current_day', 'from_stop_id': '9-5', 'to_stop_id': 'MH-L-5', 'trip_id': '8-0-11', 'agency_name': 'Unknown'}, {'duration': 30, 'departure_time': 9960, 'arrival_time': 9990, 'day': 'current_day', 'from_stop_id': 'MH-L-5', 'to_stop_id': 'MH-L-4', 'trip_id': 'walking', 'agency_name': 'Unknown'}, {'duration': 810, 'departure_time': 10140, 'arrival_time': 10950, 'day': 'current_day', 'from_stop_id': 'MH-L-4', 'to_stop_id': '92-4', 'trip_id': '7-0-11', 'agency_name': 'Unknown'}]}"
80,56,4230,intra,left,221,[80],[56],0,0,0,0,4230,4290.0,5670.0,5730.0,1380.0,2.0,80,56,3007.0,7237.0,pt,1500.0,5730.0,1500.0,"{'duration': 1380, 'source_transfer_time': 0, 'waiting_time': 300, 'trip_time': 1080, 'num_transfers': 2, 'departure_time': 4290, 'departure_day': 'current_day', 'arrival_time': 5670, 'arrival_day': 'current_day', 'steps': [{'duration': 450, 'departure_time': 4590, 'arrival_time': 5040, 'day': 'current_day', 'from_stop_id': '80-4', 'to_stop_id': '118-4', 'trip_id': '7-1-3', 'agency_name': 'Unknown'}, {'duration': 30, 'departure_time': 5040, 'arrival_time': 5070, 'day': 'current_day', 'from_stop_id': '118-4', 'to_stop_id': '118-1', 'trip_id': 'walking', 'agency_name': 'Unknown'}, {'duration': 600, 'departure_time': 5070, 'arrival_time': 5670, 'day': 'current_day', 'from_stop_id': '118-1', 'to_stop_id': '56-1', 'trip_id': '1-1-3', 'agency_name': 'Unknown'}]}"
114,63,4620,intra,left,222,[103; 115],[55],500,375,500,375,4995,5055.0,6990.0,7050.0,1935.0,2.0,103,55,4511.0,9131.0,pt,2805.0,7425.0,2805.0,"{'duration': 1935, 'source_transfer_time': 0, 'waiting_time': 375, 'trip_time': 1560, 'num_transfers': 2, 'departure_time': 5055, 'departure_day': 'current_day', 'arrival_time': 6990, 'arrival_day': 'current_day', 'steps': [{'duration': 810, 'departure_time': 5430, 'arrival_time': 6240, 'day': 'current_day', 'from_stop_id': '103-4', 'to_stop_id': '118-4', 'trip_id': '7-1-5', 'agency_name': 'Unknown'}, {'duration': 30, 'departure_time': 6240, 'arrival_time': 6270, 'day': 'current_day', 'from_stop_id': '118-4', 'to_stop_id': '118-1', 'trip_id': 'walking', 'agency_name': 'Unknown'}, {'duration': 720, 'departure_time': 6270, 'arrival_time': 6990, 'day': 'current_day', 'from_stop_id': '118-1', 'to_stop_id': '55-1', 'trip_id': '1-1-5', 'agency_name': 'Unknown'}]}"
60,86,4200,intra,left,223,[60],[86],0,0,0,0,4200,4260.0,5910.0,5970.0,1650.0,2.0,60,86,3383.0,7583.0,pt,1770.0,5970.0,1770.0,"{'duration': 1650, 'source_transfer_time': 0, 'waiting_time': 450, 'trip_time': 1200, 'num_transfers': 2, 'departure_time': 4260, 'departure_day': 'current_day', 'arrival_time': 5910, 'arrival_day': 'current_day', 'steps': [{'duration': 450, 'departure_time': 4710, 'arrival_time': 5160, 'day': 'current_day', 'from_stop_id': '60-1', 'to_stop_id': 'MH-L-1', 'trip_id': '1-1-3', 'agency_name': 'Unknown'}, {'duration': 30, 'departure_time': 5160, 'arrival_time': 5190, 'day': 'current_day', 'from_stop_id': 'MH-L-1', 'to_stop_id': 'MH-L-5', 'trip_id': 'walking', 'agency_name': 'Unknown'}, {'duration': 570, 'departure_time': 5340, 'arrival_time': 5910, 'day': 'current_day', 'from_stop_id': 'MH-L-5', 'to_stop_id': '86-5', 'trip_id': '8-0-3', 'agency_name': 'Unknown'}]}"
54,99,9120,intra,left,224,[54],[99],0,0,0,0,9120,9180.0,10590.0,10650.0,1410.0,2.0,54,99,3383.0,12503.0,pt,1530.0,10650.0,1530.0,"{'duration': 1410, 'source_transfer_time': 0, 'waiting_time': 210, 'trip_time': 1200, 'num_transfers': 2, 'departure_time': 9180, 'departure_day': 'current_day', 'arrival_time': 10590, 'arrival_day': 'current_day', 'steps': [{'duration': 570, 'departure_time': 9390, 'arrival_time': 9960, 'day': 'current_day', 'from_stop_id': '54-1', 'to_stop_id': 'MH-L-1', 'trip_id': '1-0-11', 'agency_name': 'Unknown'}, {'duration': 30, 'departure_time': 9960, 'arrival_time': 9990, 'day': 'current_day', 'from_stop_id': 'MH-L-1', 'to_stop_id': 'MH-L-2', 'trip_id': 'walking', 'agency_name': 'Unknown'}, {'duration': 450, 'departure_time': 10140, 'arrival_time': 10590, 'day': 'current_day', 'from_stop_id': 'MH-L-2', 'to_stop_id': '99-2', 'trip_id': '2-1-11', 'agency_name': 'Unknown'}]}"
60,64,11220,intra,left,225,[60],[56],0,0,500,375,11220,11280.0,12270.0,12330.0,990.0,0.0,60,56,3007.0,14227.0,pt,1485.0,12705.0,1485.0,"{'duration': 990, 'source_transfer_time': 0, 'waiting_time': 30, 'trip_time': 960, 'num_transfers': 0, 'departure_time': 11280, 'departure_day': 'current_day', 'arrival_time': 12270, 'arrival_day': 'current_day', 'steps': [{'duration': 960, 'departure_time': 11310, 'arrival_time': 12270, 'day': 'current_day', 'from_stop_id': '60-1', 'to_stop_id': '56-1', 'trip_id': '1-1-14', 'agency_name': 'Unknown'}]}"
89,53,6210,intra,left,226,[88],[61],500,375,500,375,6585,6645.0,8310.0,8370.0,1665.0,2.0,88,61,3007.0,9217.0,pt,2535.0,8745.0,2535.0,"{'duration': 1665, 'source_transfer_time': 0, 'waiting_time': 585, 'trip_time': 1080, 'num_transfers': 2, 'departure_time': 6645, 'departure_day': 'current_day', 'arrival_time': 8310, 'arrival_day': 'current_day', 'steps': [{'duration': 330, 'departure_time': 7230, 'arrival_time': 7560, 'day': 'current_day', 'from_stop_id': '88-2', 'to_stop_id': 'MH-L-2', 'trip_id': '2-0-7', 'agency_name': 'Unknown'}, {'duration': 30, 'departure_time': 7560, 'arrival_time': 7590, 'day': 'current_day', 'from_stop_id': 'MH-L-2', 'to_stop_id': 'MH-L-1', 'trip_id': 'walking', 'agency_name': 'Unknown'}, {'duration': 570, 'departure_time': 7740, 'arrival_time': 8310, 'day': 'current_day', 'from_stop_id': 'MH-L-1', 'to_stop_id': '61-1', 'trip_id': '1-0-7', 'agency_name': 'Unknown'}]}"
37,89,6720,intra,left,227,[36; 38; 48],[88],500,375,500,375,7095,7155.0,8070.0,8130.0,915.0,0.0,38,88,2631.0,9351.0,pt,1785.0,8505.0,1785.0,"{'duration': 915, 'source_transfer_time': 0, 'waiting_time': 195, 'trip_time': 720, 'num_transfers': 0, 'departure_time': 7155, 'departure_day': 'current_day', 'arrival_time': 8070, 'arrival_day': 'current_day', 'steps': [{'duration': 720, 'departure_time': 7350, 'arrival_time': 8070, 'day': 'current_day', 'from_stop_id': '38-2', 'to_stop_id': '88-2', 'trip_id': '2-1-7', 'agency_name': 'Unknown'}]}"
65,23,13770,intra,left,228,[57; 66; 75],[23],500,375,0,0,14145,14205.0,15750.0,15810.0,1545.0,2.0,57,23,2255.0,16025.0,pt,2040.0,15810.0,2040.0,"{'duration': 1545, 'source_transfer_time': 0, 'waiting_time': 345, 'trip_time': 1200, 'num_transfers': 2, 'departure_time': 14205, 'departure_day': 'current_day', 'arrival_time': 15750, 'arrival_day': 'current_day', 'steps': [{'duration': 90, 'departure_time': 14550, 'arrival_time': 14640, 'day': 'current_day', 'from_stop_id': '57-1', 'to_stop_id': '117-1', 'trip_id': '1-0-19', 'agency_name': 'Unknown'}, {'duration': 30, 'departure_time': 14640, 'arrival_time': 14670, 'day': 'current_day', 'from_stop_id': '117-1', 'to_stop_id': '117-4', 'trip_id': 'walking', 'agency_name': 'Unknown'}, {'duration': 690, 'departure_time': 15060, 'arrival_time': 15750, 'day': 'current_day', 'from_stop_id': '117-4', 'to_stop_id': '23-4', 'trip_id': '7-1-19', 'agency_name': 'Unknown'}]}"
73,115,9420,intra,left,229,[55; 75; 85; 95],[115],1000,751,0,0,10171,10231.0,12510.0,12570.0,2279.0,3.0,55,115,4511.0,13931.0,pt,3150.0,12570.0,3150.0,"{'duration': 2279, 'source_transfer_time': 0, 'waiting_time': 479, 'trip_time': 1800, 'num_transfers': 3, 'departure_time': 10231, 'departure_day': 'current_day', 'arrival_time': 12510, 'arrival_day': 'current_day', 'steps': [{'duration': 330, 'departure_time': 10710, 'arrival_time': 11040, 'day': 'current_day', 'from_stop_id': '55-1', 'to_stop_id': '117-1', 'trip_id': '1-0-13', 'agency_name': 'Unknown'}, {'duration': 30, 'departure_time': 11040, 'arrival_time': 11070, 'day': 'current_day', 'from_stop_id': '117-1', 'to_stop_id': '117-4', 'trip_id': 'walking', 'agency_name': 'Unknown'}, {'duration': 360, 'departure_time': 11070, 'arrival_time': 11430, 'day': 'current_day', 'from_stop_id': '117-4', 'to_stop_id': '118-4', 'trip_id': '7-0-13', 'agency_name': 'Unknown'}, {'duration': 1050, 'departure_time': 11460, 'arrival_time': 12510, 'day': 'current_day', 'from_stop_id': '118-4', 'to_stop_id': '115-4', 'trip_id': '7-0-13', 'agency_name': 'Unknown'}]}"
56,90,10770,intra,left,230,[56],[79; 91],0,0,500,375,10770,10830.0,11790.0,11850.0,960.0,3.0,56,79,3007.0,13777.0,pt,1455.0,12225.0,1455.0,"{'duration': 960, 'source_transfer_time': 0, 'waiting_time': 0, 'trip_time': 960, 'num_transfers': 3, 'departure_time': 10830, 'departure_day': 'current_day', 'arrival_time': 11790, 'arrival_day': 'current_day', 'steps': [{'duration': 210, 'departure_time': 10830, 'arrival_time': 11040, 'day': 'current_day', 'from_stop_id': '56-1', 'to_stop_id': '117-1', 'trip_id': '1-0-13', 'agency_name': 'Unknown'}, {'duration': 30, 'departure_time': 11040, 'arrival_time': 11070, 'day': 'current_day', 'from_stop_id': '117-1', 'to_stop_id': '117-4', 'trip_id': 'walking', 'agency_name': 'Unknown'}, {'duration': 360, 'departure_time': 11070, 'arrival_time': 11430, 'day': 'current_day', 'from_stop_id': '117-4', 'to_stop_id': '118-4', 'trip_id': '7-0-13', 'agency_name': 'Unknown'}, {'duration': 330, 'departure_time': 11460, 'arrival_time': 11790, 'day': 'current_day', 'from_stop_id': '118-4', 'to_stop_id': '79-4', 'trip_id': '7-0-13', 'agency_name': 'Unknown'}]}"
67,24,8940,intra,left,231,[67],[24],0,0,0,0,8940,9000.0,10230.0,10290.0,1230.0,0.0,67,24,3007.0,11947.0,pt,1350.0,10290.0,1350.0,"{'duration': 1230, 'source_transfer_time': 0, 'waiting_time': 150, 'trip_time': 1080, 'num_transfers': 0, 'departure_time': 9000, 'departure_day': 'current_day', 'arrival_time': 10230, 'arrival_day': 'current_day', 'steps': [{'duration': 1080, 'departure_time': 9150, 'arrival_time': 10230, 'day': 'current_day', 'from_stop_id': '67-4', 'to_stop_id': '24-4', 'trip_id': '7-1-10', 'agency_name': 'Unknown'}]}"
3,79,13680,intra,left,232,[5],[79],1000,751,0,0,14431,14491.0,15990.0,16050.0,1499.0,2.0,5,79,4135.0,17815.0,pt,2370.0,16050.0,2370.0,"{'duration': 1499, 'source_transfer_time': 0, 'waiting_time': 299, 'trip_time': 1200, 'num_transfers': 2, 'departure_time': 14491, 'departure_day': 'current_day', 'arrival_time': 15990, 'arrival_day': 'current_day', 'steps': [{'duration': 570, 'departure_time': 14790, 'arrival_time': 15360, 'day': 'current_day', 'from_stop_id': '5-2', 'to_stop_id': 'MH-L-2', 'trip_id': '2-1-20', 'agency_name': 'Unknown'}, {'duration': 30, 'departure_time': 15360, 'arrival_time': 15390, 'day': 'current_day', 'from_stop_id': 'MH-L-2', 'to_stop_id': 'MH-L-4', 'trip_id': 'walking', 'agency_name': 'Unknown'}, {'duration': 450, 'departure_time': 15540, 'arrival_time': 15990, 'day': 'current_day', 'from_stop_id': 'MH-L-4', 'to_stop_id': '79-4', 'trip_id': '7-0-20', 'agency_name': 'Unknown'}]}"
106,51,4830,intra,left,233,[106],[59],0,0,500,375,4830,4890.0,6870.0,6930.0,1980.0,2.0,106,59,4887.0,9717.0,pt,2475.0,7305.0,2475.0,"{'duration': 1980, 'source_transfer_time': 0, 'waiting_time': 420, 'trip_time': 1560, 'num_transfers': 2, 'departure_time': 4890, 'departure_day': 'current_day', 'arrival_time': 6870, 'arrival_day': 'current_day', 'steps': [{'duration': 1050, 'departure_time': 5310, 'arrival_time': 6360, 'day': 'current_day', 'from_stop_id': '106-5', 'to_stop_id': 'MH-L-5', 'trip_id': '8-1-5', 'agency_name': 'Unknown'}, {'duration': 30, 'departure_time': 6360, 'arrival_time': 6390, 'day': 'current_day', 'from_stop_id': 'MH-L-5', 'to_stop_id': 'MH-L-1', 'trip_id': 'walking', 'agency_name': 'Unknown'}, {'duration': 330, 'departure_time': 6540, 'arrival_time': 6870, 'day': 'current_day', 'from_stop_id': 'MH-L-1', 'to_stop_id': '59-1', 'trip_id': '1-0-5', 'agency_name': 'Unknown'}]}"
84,4,6960,intra,left,234,[85; 95],[5],500,375,500,375,7335,7395.0,8910.0,8970.0,1515.0,3.0,85,5,4135.0,11095.0,pt,2385.0,9345.0,2385.0,"{'duration': 1515, 'source_transfer_time': 0, 'waiting_time': 75, 'trip_time': 1440, 'num_transfers': 3, 'departure_time': 7395, 'departure_day': 'current_day', 'arrival_time': 8910, 'arrival_day': 'current_day', 'steps': [{'duration': 570, 'departure_time': 7470, 'arrival_time': 8040, 'day': 'current_day', 'from_stop_id': '85-5', 'to_stop_id': '119-5', 'trip_id': '8-1-8', 'agency_name': 'Unknown'}, {'duration': 30, 'departure_time': 8040, 'arrival_time': 8070, 'day': 'current_day', 'from_stop_id': '119-5', 'to_stop_id': '119-2', 'trip_id': 'walking', 'agency_name': 'Unknown'}, {'duration': 90, 'departure_time': 8070, 'arrival_time': 8160, 'day': 'current_day', 'from_stop_id': '119-2', 'to_stop_id': 'MH-L-2', 'trip_id': '2-0-8', 'agency_name': 'Unknown'}, {'duration': 570, 'departure_time': 8340, 'arrival_time': 8910, 'day': 'current_day', 'from_stop_id': 'MH-L-2', 'to_stop_id': '5-2', 'trip_id': '2-0-8', 'agency_name': 'Unknown'}]}"
99,25,14310,intra,left,235,[99],[24; 36],0,0,500,375,14310,14370.0,15990.0,16050.0,1620.0,2.0,99,36,3383.0,17693.0,pt,2115.0,16425.0,2115.0,"{'duration': 1620, 'source_transfer_time': 0, 'waiting_time': 540, 'trip_time': 1080, 'num_transfers': 2, 'departure_time': 14370, 'departure_day': 'current_day', 'arrival_time': 15990, 'arrival_day': 'current_day', 'steps': [{'duration': 450, 'departure_time': 14910, 'arrival_time': 15360, 'day': 'current_day', 'from_stop_id': '99-2', 'to_stop_id': 'MH-L-2', 'trip_id': '2-0-20', 'agency_name': 'Unknown'}, {'duration': 30, 'departure_time': 15360, 'arrival_time': 15390, 'day': 'current_day', 'from_stop_id': 'MH-L-2', 'to_stop_id': 'MH-L-4', 'trip_id': 'walking', 'agency_name': 'Unknown'}, {'duration': 450, 'departure_time': 15540, 'arrival_time': 15990, 'day': 'current_day', 'from_stop_id': 'MH-L-4', 'to_stop_id': '36-4', 'trip_id': '7-1-20', 'agency_name': 'Unknown'}]}"
33,85,9570,intra,left,236,[11; 23; 35; 54],[85],1000,751,0,0,10321,10381.0,12030.0,12090.0,1649.0,2.0,35,85,2631.0,12201.0,pt,2520.0,12090.0,2520.0,"{'duration': 1649, 'source_transfer_time': 0, 'waiting_time': 209, 'trip_time': 1440, 'num_transfers': 2, 'departure_time': 10381, 'departure_day': 'current_day', 'arrival_time': 12030, 'arrival_day': 'current_day', 'steps': [{'duration': 570, 'departure_time': 10590, 'arrival_time': 11160, 'day': 'current_day', 'from_stop_id': '35-4', 'to_stop_id': 'MH-L-4', 'trip_id': '7-0-13', 'agency_name': 'Unknown'}, {'duration': 30, 'departure_time': 11160, 'arrival_time': 11190, 'day': 'current_day', 'from_stop_id': 'MH-L-4', 'to_stop_id': 'MH-L-5', 'trip_id': 'walking', 'agency_name': 'Unknown'}, {'duration': 690, 'departure_time': 11340, 'arrival_time': 12030, 'day': 'current_day', 'from_stop_id': 'MH-L-5', 'to_stop_id': '85-5', 'trip_id': '8-0-13', 'agency_name': 'Unknown'}]}"
115,7,7500,intra,left,237,[115],[5; 9; 19; 29],0,0,1000,751,7500,7560.0,9510.0,9570.0,1950.0,2.0,115,5,4887.0,12387.0,pt,2821.0,10321.0,2821.0,"{'duration': 1950, 'source_transfer_time': 0, 'waiting_time': 30, 'trip_time': 1920, 'num_transfers': 2, 'departure_time': 7560, 'departure_day': 'current_day', 'arrival_time': 9510, 'arrival_day': 'current_day', 'steps': [{'duration': 1170, 'departure_time': 7590, 'arrival_time': 8760, 'day': 'current_day', 'from_stop_id': '115-4', 'to_stop_id': 'MH-L-4', 'trip_id': '7-1-9', 'agency_name': 'Unknown'}, {'duration': 30, 'departure_time': 8760, 'arrival_time': 8790, 'day': 'current_day', 'from_stop_id': 'MH-L-4', 'to_stop_id': 'MH-L-2', 'trip_id': 'walking', 'agency_name': 'Unknown'}, {'duration': 570, 'departure_time': 8940, 'arrival_time': 9510, 'day': 'current_day', 'from_stop_id': 'MH-L-2', 'to_stop_id': '5-2', 'trip_id': '2-0-9', 'agency_name': 'Unknown'}]}"
67,19,7680,intra,left,238,[67],[19],0,0,0,0,7680,7740.0,9150.0,9210.0,1410.0,2.0,67,19,2631.0,10311.0,pt,1530.0,9210.0,1530.0,"{'duration': 1410, 'source_transfer_time': 0, 'waiting_time': 210, 'trip_time': 1200, 'num_transfers': 2, 'departure_time': 7740, 'departure_day': 'current_day', 'arrival_time': 9150, 'arrival_day': 'current_day', 'steps': [{'duration': 210, 'departure_time': 7950, 'arrival_time': 8160, 'day': 'current_day', 'from_stop_id': '67-4', 'to_stop_id': 'MH-L-4', 'trip_id': '7-1-8', 'agency_name': 'Unknown'}, {'duration': 30, 'departure_time': 8160, 'arrival_time': 8190, 'day': 'current_day', 'from_stop_id': 'MH-L-4', 'to_stop_id': 'MH-L-5', 'trip_id': 'walking', 'agency_name': 'Unknown'}, {'duration': 810, 'departure_time': 8340, 'arrival_time': 9150, 'day': 'current_day', 'from_stop_id': 'MH-L-5', 'to_stop_id': '19-5', 'trip_id': '8-1-8', 'agency_name': 'Unknown'}]}"
82,8,5370,intra,left,239,[61; 80; 92; 104],[9; 19],1000,751,500,375,6121,6181.0,7950.0,8010.0,1769.0,2.0,61,19,3383.0,8753.0,pt,3015.0,8385.0,3015.0,"{'duration': 1769, 'source_transfer_time': 0, 'waiting_time': 209, 'trip_time': 1560, 'num_transfers': 2, 'departure_time': 6181, 'departure_day': 'current_day', 'arrival_time': 7950, 'arrival_day': 'current_day', 'steps': [{'duration': 570, 'departure_time': 6390, 'arrival_time': 6960, 'day': 'current_day', 'from_stop_id': '61-1', 'to_stop_id': 'MH-L-1', 'trip_id': '1-1-6', 'agency_name': 'Unknown'}, {'duration': 30, 'departure_time': 6960, 'arrival_time': 6990, 'day': 'current_day', 'from_stop_id': 'MH-L-1', 'to_stop_id': 'MH-L-5', 'trip_id': 'walking', 'agency_name': 'Unknown'}, {'duration': 810, 'departure_time': 7140, 'arrival_time': 7950, 'day': 'current_day', 'from_stop_id': 'MH-L-5', 'to_stop_id': '19-5', 'trip_id': '8-1-6', 'agency_name': 'Unknown'}]}"
4,103,9870,intra,left,240,[5],[103],500,375,0,0,10245,10305.0,12270.0,12330.0,1965.0,2.0,5,103,5263.0,15133.0,pt,2460.0,12330.0,2460.0,"{'duration': 1965, 'source_transfer_time': 0, 'waiting_time': 285, 'trip_time': 1680, 'num_transfers': 2, 'departure_time': 10305, 'departure_day': 'current_day', 'arrival_time': 12270, 'arrival_day': 'current_day', 'steps': [{'duration': 570, 'departure_time': 10590, 'arrival_time': 11160, 'day': 'current_day', 'from_stop_id': '5-2', 'to_stop_id': 'MH-L-2', 'trip_id': '2-1-13', 'agency_name': 'Unknown'}, {'duration': 30, 'departure_time': 11160, 'arrival_time': 11190, 'day': 'current_day', 'from_stop_id': 'MH-L-2', 'to_stop_id': 'MH-L-4', 'trip_id': 'walking', 'agency_name': 'Unknown'}, {'duration': 930, 'departure_time': 11340, 'arrival_time': 12270, 'day': 'current_day', 'from_stop_id': 'MH-L-4', 'to_stop_id': '103-4', 'trip_id': '7-0-13', 'agency_name': 'Unknown'}]}"
110,74,4710,intra,left,241,[110],[75; 85],0,0,500,375,4710,4770.0,6390.0,6450.0,1620.0,2.0,110,75,2255.0,6965.0,pt,2115.0,6825.0,2115.0,"{'duration': 1620, 'source_transfer_time': 0, 'waiting_time': 420, 'trip_time': 1200, 'num_transfers': 2, 'departure_time': 4770, 'departure_day': 'current_day', 'arrival_time': 6390, 'arrival_day': 'current_day', 'steps': [{'duration': 450, 'departure_time': 5190, 'arrival_time': 5640, 'day': 'current_day', 'from_stop_id': '110-2', 'to_stop_id': '119-2', 'trip_id': '2-0-4', 'agency_name': 'Unknown'}, {'duration': 30, 'departure_time': 5640, 'arrival_time': 5670, 'day': 'current_day', 'from_stop_id': '119-2', 'to_stop_id': '119-5', 'trip_id': 'walking', 'agency_name': 'Unknown'}, {'duration': 330, 'departure_time': 6060, 'arrival_time': 6390, 'day': 'current_day', 'from_stop_id': '119-5', 'to_stop_id': '75-5', 'trip_id': '8-0-4', 'agency_name': 'Unknown'}]}"
13,8,13860,intra,left,242,[12; 24],[9; 19],500,375,500,375,14235,14295.0,16350.0,16410.0,2055.0,2.0,12,19,2631.0,16491.0,walking,2631.0,16785.0,2925.0,"{'duration': 2055, 'source_transfer_time': 0, 'waiting_time': 135, 'trip_time': 1920, 'num_transfers': 2, 'departure_time': 14295, 'departure_day': 'current_day', 'arrival_time': 16350, 'arrival_day': 'current_day', 'steps': [{'duration': 930, 'departure_time': 14430, 'arrival_time': 15360, 'day': 'current_day', 'from_stop_id': '12-4', 'to_stop_id': 'MH-L-4', 'trip_id': '7-0-20', 'agency_name': 'Unknown'}, {'duration': 30, 'departure_time': 15360, 'arrival_time': 15390, 'day': 'current_day', 'from_stop_id': 'MH-L-4', 'to_stop_id': 'MH-L-5', 'trip_id': 'walking', 'agency_name': 'Unknown'}, {'duration': 810, 'departure_time': 15540, 'arrival_time': 16350, 'day': 'current_day', 'from_stop_id': 'MH-L-5', 'to_stop_id': '19-5', 'trip_id': '8-1-20', 'agency_name': 'Unknown'}]}"
29,23,10050,intra,left,243,[29],[23],0,0,0,0,10050,10110.0,12150.0,12210.0,2040.0,2.0,29,23,2255.0,12305.0,pt,2160.0,12210.0,2160.0,"{'duration': 2040, 'source_transfer_time': 0, 'waiting_time': 480, 'trip_time': 1560, 'num_transfers': 2, 'departure_time': 10110, 'departure_day': 'current_day', 'arrival_time': 12150, 'arrival_day': 'current_day', 'steps': [{'duration': 570, 'departure_time': 10590, 'arrival_time': 11160, 'day': 'current_day', 'from_stop_id': '29-5', 'to_stop_id': 'MH-L-5', 'trip_id': '8-0-13', 'agency_name': 'Unknown'}, {'duration': 30, 'departure_time': 11160, 'arrival_time': 11190, 'day': 'current_day', 'from_stop_id': 'MH-L-5', 'to_stop_id': 'MH-L-4', 'trip_id': 'walking', 'agency_name': 'Unknown'}, {'duration': 810, 'departure_time': 11340, 'arrival_time': 12150, 'day': 'current_day', 'from_stop_id': 'MH-L-4', 'to_stop_id': '23-4', 'trip_id': '7-1-13', 'agency_name': 'Unknown'}]}"
82,109,14190,intra,left,244,[61; 80; 92; 104],[110],1000,751,500,375,14941,15001.0,16710.0,16770.0,1709.0,2.0,61,110,3383.0,17573.0,pt,2955.0,17145.0,2955.0,"{'duration': 1709, 'source_transfer_time': 0, 'waiting_time': 389, 'trip_time': 1320, 'num_transfers': 2, 'departure_time': 15001, 'departure_day': 'current_day', 'arrival_time': 16710, 'arrival_day': 'current_day', 'steps': [{'duration': 570, 'departure_time': 15390, 'arrival_time': 15960, 'day': 'current_day', 'from_stop_id': '61-1', 'to_stop_id': 'MH-L-1', 'trip_id': '1-1-21', 'agency_name': 'Unknown'}, {'duration': 30, 'departure_time': 15960, 'arrival_time': 15990, 'day': 'current_day', 'from_stop_id': 'MH-L-1', 'to_stop_id': 'MH-L-2', 'trip_id': 'walking', 'agency_name': 'Unknown'}, {'duration': 570, 'departure_time': 16140, 'arrival_time': 16710, 'day': 'current_day', 'from_stop_id': 'MH-L-2', 'to_stop_id': '110-2', 'trip_id': '2-1-21', 'agency_name': 'Unknown'}]}"
45,42,10020,intra,left,245,[55],[20; 30; 40; 60],500,375,1000,751,10395,10455.0,11790.0,11850.0,1335.0,2.0,55,40,3383.0,13403.0,pt,2581.0,12601.0,2581.0,"{'duration': 1335, 'source_transfer_time': 0, 'waiting_time': 255, 'trip_time': 1080, 'num_transfers': 2, 'departure_time': 10455, 'departure_day': 'current_day', 'arrival_time': 11790, 'arrival_day': 'current_day', 'steps': [{'duration': 450, 'departure_time': 10710, 'arrival_time': 11160, 'day': 'current_day', 'from_stop_id': '55-1', 'to_stop_id': 'MH-L-1', 'trip_id': '1-0-13', 'agency_name': 'Unknown'}, {'duration': 30, 'departure_time': 11160, 'arrival_time': 11190, 'day': 'current_day', 'from_stop_id': 'MH-L-1', 'to_stop_id': 'MH-L-5', 'trip_id': 'walking', 'agency_name': 'Unknown'}, {'duration': 450, 'departure_time': 11340, 'arrival_time': 11790, 'day': 'current_day', 'from_stop_id': 'MH-L-5', 'to_stop_id': '40-5', 'trip_id': '8-1-13', 'agency_name': 'Unknown'}]}"
18,97,6600,intra,left,246,[19; 29],[86; 96],500,375,500,375,6975,7035.0,8910.0,8970.0,1875.0,0.0,19,86,4511.0,11111.0,pt,2745.0,9345.0,2745.0,"{'duration': 1875, 'source_transfer_time': 0, 'waiting_time': 315, 'trip_time': 1560, 'num_transfers': 0, 'departure_time': 7035, 'departure_day': 'current_day', 'arrival_time': 8910, 'arrival_day': 'current_day', 'steps': [{'duration': 1560, 'departure_time': 7350, 'arrival_time': 8910, 'day': 'current_day', 'from_stop_id': '19-5', 'to_stop_id': '86-5', 'trip_id': '8-0-8', 'agency_name': 'Unknown'}]}"
5,81,12090,intra,left,247,[5],[80; 92],0,0,500,375,12090,12150.0,13710.0,13770.0,1560.0,2.0,5,80,4135.0,16225.0,pt,2055.0,14145.0,2055.0,"{'duration': 1560, 'source_transfer_time': 0, 'waiting_time': 240, 'trip_time': 1320, 'num_transfers': 2, 'departure_time': 12150, 'departure_day': 'current_day', 'arrival_time': 13710, 'arrival_day': 'current_day', 'steps': [{'duration': 570, 'departure_time': 12390, 'arrival_time': 12960, 'day': 'current_day', 'from_stop_id': '5-2', 'to_stop_id': 'MH-L-2', 'trip_id': '2-1-16', 'agency_name': 'Unknown'}, {'duration': 30, 'departure_time': 12960, 'arrival_time': 12990, 'day': 'current_day', 'from_stop_id': 'MH-L-2', 'to_stop_id': 'MH-L-4', 'trip_id': 'walking', 'agency_name': 'Unknown'}, {'duration': 570, 'departure_time': 13140, 'arrival_time': 13710, 'day': 'current_day', 'from_stop_id': 'MH-L-4', 'to_stop_id': '80-4', 'trip_id': '7-0-16', 'agency_name': 'Unknown'}]}"
113,63,9540,intra,left,248,[91; 103; 115],[55],1000,751,500,375,10291,10351.0,11790.0,11850.0,1439.0,3.0,91,55,4135.0,13675.0,pt,2685.0,12225.0,2685.0,"{'duration': 1439, 'source_transfer_time': 0, 'waiting_time': 119, 'trip_time': 1320, 'num_transfers': 3, 'departure_time': 10351, 'departure_day': 'current_day', 'arrival_time': 11790, 'arrival_day': 'current_day', 'steps': [{'duration': 570, 'departure_time': 10470, 'arrival_time': 11040, 'day': 'current_day', 'from_stop_id': '91-4', 'to_stop_id': '118-4', 'trip_id': '7-1-13', 'agency_name': 'Unknown'}, {'duration': 30, 'departure_time': 11040, 'arrival_time': 11070, 'day': 'current_day', 'from_stop_id': '118-4', 'to_stop_id': '118-1', 'trip_id': 'walking', 'agency_name': 'Unknown'}, {'duration': 90, 'departure_time': 11070, 'arrival_time': 11160, 'day': 'current_day', 'from_stop_id': '118-1', 'to_stop_id': 'MH-L-1', 'trip_id': '1-1-13', 'agency_name': 'Unknown'}, {'duration': 450, 'departure_time': 11340, 'arrival_time': 11790, 'day': 'current_day', 'from_stop_id': 'MH-L-1', 'to_stop_id': '55-1', 'trip_id': '1-1-13', 'agency_name': 'Unknown'}]}"
8,86,5430,intra,left,249,[9; 19],[86],500,375,0,0,5805,5865.0,7710.0,7770.0,1845.0,0.0,9,86,4887.0,10317.0,pt,2340.0,7770.0,2340.0,"{'duration': 1845, 'source_transfer_time': 0, 'waiting_time': 45, 'trip_time': 1800, 'num_transfers': 0, 'departure_time': 5865, 'departure_day': 'current_day', 'arrival_time': 7710, 'arrival_day': 'current_day', 'steps': [{'duration': 1800, 'departure_time': 5910, 'arrival_time': 7710, 'day': 'current_day', 'from_stop_id': '9-5', 'to_stop_id': '86-5', 'trip_id': '8-0-6', 'agency_name': 'Unknown'}]}"
41,14,5820,intra,left,250,[30; 40],[12; 16; 24; 36],500,375,1000,751,6195,6255.0,7590.0,7650.0,1335.0,3.0,30,16,2631.0,8451.0,pt,2581.0,8401.0,2581.0,"{'duration': 1335, 'source_transfer_time': 0, 'waiting_time': 15, 'trip_time': 1320, 'num_transfers': 3, 'departure_time': 6255, 'departure_day': 'current_day', 'arrival_time': 7590, 'arrival_day': 'current_day', 'steps': [{'duration': 570, 'departure_time': 6270, 'arrival_time': 6840, 'day': 'current_day', 'from_stop_id': '30-5', 'to_stop_id': '116-5', 'trip_id': '8-0-6', 'agency_name': 'Unknown'}, {'duration': 30, 'departure_time': 6840, 'arrival_time': 6870, 'day': 'current_day', 'from_stop_id': '116-5', 'to_stop_id': '116-2', 'trip_id': 'walking', 'agency_name': 'Unknown'}, {'duration': 90, 'departure_time': 6870, 'arrival_time': 6960, 'day': 'current_day', 'from_stop_id': '116-2', 'to_stop_id': 'MH-L-2', 'trip_id': '2-1-6', 'agency_name': 'Unknown'}, {'duration': 450, 'departure_time': 7140, 'arrival_time': 7590, 'day': 'current_day', 'from_stop_id': 'MH-L-2', 'to_stop_id': '16-2', 'trip_id': '2-0-6', 'agency_name': 'Unknown'}]}"
66,9,4740,intra,left,251,[66],[9],0,0,0,0,4740,4800.0,6390.0,6450.0,1590.0,0.0,66,9,4135.0,8875.0,pt,1710.0,6450.0,1710.0,"{'duration': 1590, 'source_transfer_time': 0, 'waiting_time': 150, 'trip_time': 1440, 'num_transfers': 0, 'departure_time': 4800, 'departure_day': 'current_day', 'arrival_time': 6390, 'arrival_day': 'current_day', 'steps': [{'duration': 1440, 'departure_time': 4950, 'arrival_time': 6390, 'day': 'current_day', 'from_stop_id': '66-5', 'to_stop_id': '9-5', 'trip_id': '8-1-3', 'agency_name': 'Unknown'}]}"
25,97,6480,intra,left,252,[24; 36],[86; 96],500,375,500,375,6855,6915.0,8310.0,8370.0,1395.0,2.0,36,86,2631.0,9111.0,pt,2265.0,8745.0,2265.0,"{'duration': 1395, 'source_transfer_time': 0, 'waiting_time': 195, 'trip_time': 1200, 'num_transfers': 2, 'departure_time': 6915, 'departure_day': 'current_day', 'arrival_time': 8310, 'arrival_day': 'current_day', 'steps': [{'duration': 450, 'departure_time': 7110, 'arrival_time': 7560, 'day': 'current_day', 'from_stop_id': '36-4', 'to_stop_id': 'MH-L-4', 'trip_id': '7-0-7', 'agency_name': 'Unknown'}, {'duration': 30, 'departure_time': 7560, 'arrival_time': 7590, 'day': 'current_day', 'from_stop_id': 'MH-L-4', 'to_stop_id': 'MH-L-5', 'trip_id': 'walking', 'agency_name': 'Unknown'}, {'duration': 570, 'departure_time': 7740, 'arrival_time': 8310, 'day': 'current_day', 'from_stop_id': 'MH-L-5', 'to_stop_id': '86-5', 'trip_id': '8-0-7', 'agency_name': 'Unknown'}]}"
95,22,13980,intra,left,253,[95],[11; 23],0,0,500,375,13980,14040.0,16350.0,16410.0,2310.0,2.0,95,23,3007.0,16987.0,pt,2805.0,16785.0,2805.0,"{'duration': 2310, 'source_transfer_time': 0, 'waiting_time': 390, 'trip_time': 1920, 'num_transfers': 2, 'departure_time': 14040, 'departure_day': 'current_day', 'arrival_time': 16350, 'arrival_day': 'current_day', 'steps': [{'duration': 930, 'departure_time': 14430, 'arrival_time': 15360, 'day': 'current_day', 'from_stop_id': '95-5', 'to_stop_id': 'MH-L-5', 'trip_id': '8-1-20', 'agency_name': 'Unknown'}, {'duration': 30, 'departure_time': 15360, 'arrival_time': 15390, 'day': 'current_day', 'from_stop_id': 'MH-L-5', 'to_stop_id': 'MH-L-4', 'trip_id': 'walking', 'agency_name': 'Unknown'}, {'duration': 810, 'departure_time': 15540, 'arrival_time': 16350, 'day': 'current_day', 'from_stop_id': 'MH-L-4', 'to_stop_id': '23-4', 'trip_id': '7-1-20', 'agency_name': 'Unknown'}]}"
63,79,4350,intra,left,254,[55],[79],500,375,0,0,4725,4785.0,6390.0,6450.0,1605.0,3.0,55,79,2631.0,6981.0,pt,2100.0,6450.0,2100.0,"{'duration': 1605, 'source_transfer_time': 0, 'waiting_time': 525, 'trip_time': 1080, 'num_transfers': 3, 'departure_time': 4785, 'departure_day': 'current_day', 'arrival_time': 6390, 'arrival_day': 'current_day', 'steps': [{'duration': 330, 'departure_time': 5310, 'arrival_time': 5640, 'day': 'current_day', 'from_stop_id': '55-1', 'to_stop_id': '117-1', 'trip_id': '1-0-4', 'agency_name': 'Unknown'}, {'duration': 30, 'departure_time': 5640, 'arrival_time': 5670, 'day': 'current_day', 'from_stop_id': '117-1', 'to_stop_id': '117-4', 'trip_id': 'walking', 'agency_name': 'Unknown'}, {'duration': 360, 'departure_time': 5670, 'arrival_time': 6030, 'day': 'current_day', 'from_stop_id': '117-4', 'to_stop_id': '118-4', 'trip_id': '7-0-4', 'agency_name': 'Unknown'}, {'duration': 330, 'departure_time': 6060, 'arrival_time': 6390, 'day': 'current_day', 'from_stop_id': '118-4', 'to_stop_id': '79-4', 'trip_id': '7-0-4', 'agency_name': 'Unknown'}]}"
56,8,11190,intra,left,255,[56],[9; 19],0,0,500,375,11190,11250.0,12750.0,12810.0,1500.0,2.0,56,19,4135.0,15325.0,pt,1995.0,13185.0,1995.0,"{'duration': 1500, 'source_transfer_time': 0, 'waiting_time': 180, 'trip_time': 1320, 'num_transfers': 2, 'departure_time': 11250, 'departure_day': 'current_day', 'arrival_time': 12750, 'arrival_day': 'current_day', 'steps': [{'duration': 330, 'departure_time': 11430, 'arrival_time': 11760, 'day': 'current_day', 'from_stop_id': '56-1', 'to_stop_id': 'MH-L-1', 'trip_id': '1-0-14', 'agency_name': 'Unknown'}, {'duration': 30, 'departure_time': 11760, 'arrival_time': 11790, 'day': 'current_day', 'from_stop_id': 'MH-L-1', 'to_stop_id': 'MH-L-5', 'trip_id': 'walking', 'agency_name': 'Unknown'}, {'duration': 810, 'departure_time': 11940, 'arrival_time': 12750, 'day': 'current_day', 'from_stop_id': 'MH-L-5', 'to_stop_id': '19-5', 'trip_id': '8-1-14', 'agency_name': 'Unknown'}]}"
33,115,13020,intra,left,256,[11; 23; 35; 54],[115],1000,751,0,0,13771,13831.0,16110.0,16170.0,2279.0,0.0,23,115,6390.0,19410.0,pt,3150.0,16170.0,3150.0,"{'duration': 2279, 'source_transfer_time': 0, 'waiting_time': 119, 'trip_time': 2160, 'num_transfers': 0, 'departure_time': 13831, 'departure_day': 'current_day', 'arrival_time': 16110, 'arrival_day': 'current_day', 'steps': [{'duration': 2160, 'departure_time': 13950, 'arrival_time': 16110, 'day': 'current_day', 'from_stop_id': '23-4', 'to_stop_id': '115-4', 'trip_id': '7-0-19', 'agency_name': 'Unknown'}]}"
92,31,7920,intra,left,257,[92],[20; 30],0,0,500,375,7920,7980.0,10230.0,10290.0,2250.0,2.0,92,30,2255.0,10175.0,walking,2255.0,10665.0,2745.0,"{'duration': 2250, 'source_transfer_time': 0, 'waiting_time': 570, 'trip_time': 1680, 'num_transfers': 2, 'departure_time': 7980, 'departure_day': 'current_day', 'arrival_time': 10230, 'arrival_day': 'current_day', 'steps': [{'duration': 810, 'departure_time': 8550, 'arrival_time': 9360, 'day': 'current_day', 'from_stop_id': '92-4', 'to_stop_id': 'MH-L-4', 'trip_id': '7-1-10', 'agency_name': 'Unknown'}, {'duration': 30, 'departure_time': 9360, 'arrival_time': 9390, 'day': 'current_day', 'from_stop_id': 'MH-L-4', 'to_stop_id': 'MH-L-5', 'trip_id': 'walking', 'agency_name': 'Unknown'}, {'duration': 690, 'departure_time': 9540, 'arrival_time': 10230, 'day': 'current_day', 'from_stop_id': 'MH-L-5', 'to_stop_id': '30-5', 'trip_id': '8-1-10', 'agency_name': 'Unknown'}]}"
119,115,5010,intra,left,258,[119],[115],0,0,0,0,5010,5070.0,6510.0,6570.0,1440.0,2.0,119,115,3383.0,8393.0,pt,1560.0,6570.0,1560.0,"{'duration': 1440, 'source_transfer_time': 0, 'waiting_time': 0, 'trip_time': 1440, 'num_transfers': 2, 'departure_time': 5070, 'departure_day': 'current_day', 'arrival_time': 6510, 'arrival_day': 'current_day', 'steps': [{'duration': 90, 'departure_time': 5070, 'arrival_time': 5160, 'day': 'current_day', 'from_stop_id': '119-2', 'to_stop_id': 'MH-L-2', 'trip_id': '2-0-3', 'agency_name': 'Unknown'}, {'duration': 30, 'departure_time': 5160, 'arrival_time': 5190, 'day': 'current_day', 'from_stop_id': 'MH-L-2', 'to_stop_id': 'MH-L-4', 'trip_id': 'walking', 'agency_name': 'Unknown'}, {'duration': 1170, 'departure_time': 5340, 'arrival_time': 6510, 'day': 'current_day', 'from_stop_id': 'MH-L-4', 'to_stop_id': '115-4', 'trip_id': '7-0-3', 'agency_name': 'Unknown'}]}"
34,69,9990,intra,left,259,[23; 35],[59; 68; 80],500,375,500,375,10365,10425.0,11670.0,11730.0,1245.0,4.0,35,59,3759.0,13749.0,pt,2115.0,12105.0,2115.0,"{'duration': 1245, 'source_transfer_time': 0, 'waiting_time': 165, 'trip_time': 1080, 'num_transfers': 4, 'departure_time': 10425, 'departure_day': 'current_day', 'arrival_time': 11670, 'arrival_day': 'current_day', 'steps': [{'duration': 450, 'departure_time': 10590, 'arrival_time': 11040, 'day': 'current_day', 'from_stop_id': '35-4', 'to_stop_id': '117-4', 'trip_id': '7-0-13', 'agency_name': 'Unknown'}, {'duration': 30, 'departure_time': 11040, 'arrival_time': 11070, 'day': 'current_day', 'from_stop_id': '117-4', 'to_stop_id': '117-1', 'trip_id': 'walking', 'agency_name': 'Unknown'}, {'duration': 90, 'departure_time': 11070, 'arrival_time': 11160, 'day': 'current_day', 'from_stop_id': '117-1', 'to_stop_id': 'MH-L-1', 'trip_id': '1-0-13', 'agency_name': 'Unknown'}, {'duration': 90, 'departure_time': 11340, 'arrival_time': 11430, 'day': 'current_day', 'from_stop_id': 'MH-L-1', 'to_stop_id': '118-1', 'trip_id': '1-0-13', 'agency_name': 'Unknown'}, {'duration': 210, 'departure_time': 11460, 'arrival_time': 11670, 'day': 'current_day', 'from_stop_id': '118-1', 'to_stop_id': '59-1', 'trip_id': '1-0-13', 'agency_name': 'Unknown'}]}"
32,101,4260,intra,left,260,[10; 20; 30],[79; 91; 99; 103],1000,751,1000,751,5011,5071.0,6990.0,7050.0,1919.0,2.0,10,79,3759.0,8019.0,pt,3541.0,7801.0,3541.0,"{'duration': 1919, 'source_transfer_time': 0, 'waiting_time': 119, 'trip_time': 1800, 'num_transfers': 2, 'departure_time': 5071, 'departure_day': 'current_day', 'arrival_time': 6990, 'arrival_day': 'current_day', 'steps': [{'duration': 1170, 'departure_time': 5190, 'arrival_time': 6360, 'day': 'current_day', 'from_stop_id': '10-5', 'to_stop_id': 'MH-L-5', 'trip_id': '8-0-5', 'agency_name': 'Unknown'}, {'duration': 30, 'departure_time': 6360, 'arrival_time': 6390, 'day': 'current_day', 'from_stop_id': 'MH-L-5', 'to_stop_id': 'MH-L-4', 'trip_id': 'walking', 'agency_name': 'Unknown'}, {'duration': 450, 'departure_time': 6540, 'arrival_time': 6990, 'day': 'current_day', 'from_stop_id': 'MH-L-4', 'to_stop_id': '79-4', 'trip_id': '7-0-5', 'agency_name': 'Unknown'}]}"
77,25,8910,intra,left,261,[77],[24; 36],0,0,500,375,8910,8970.0,9990.0,10050.0,1020.0,2.0,77,36,2631.0,11541.0,pt,1515.0,10425.0,1515.0,"{'duration': 1020, 'source_transfer_time': 0, 'waiting_time': 180, 'trip_time': 840, 'num_transfers': 2, 'departure_time': 8970, 'departure_day': 'current_day', 'arrival_time': 9990, 'arrival_day': 'current_day', 'steps': [{'duration': 210, 'departure_time': 9150, 'arrival_time': 9360, 'day': 'current_day', 'from_stop_id': '77-2', 'to_stop_id': 'MH-L-2', 'trip_id': '2-0-10', 'agency_name': 'Unknown'}, {'duration': 30, 'departure_time': 9360, 'arrival_time': 9390, 'day': 'current_day', 'from_stop_id': 'MH-L-2', 'to_stop_id': 'MH-L-4', 'trip_id': 'walking', 'agency_name': 'Unknown'}, {'duration': 450, 'departure_time': 9540, 'arrival_time': 9990, 'day': 'current_day', 'from_stop_id': 'MH-L-4', 'to_stop_id': '36-4', 'trip_id': '7-1-10', 'agency_name': 'Unknown'}]}"
6,66,14250,intra,left,262,[5],[66],500,375,0,0,14625,14685.0,15750.0,15810.0,1065.0,3.0,5,66,3007.0,17257.0,pt,1560.0,15810.0,1560.0,"{'duration': 1065, 'source_transfer_time': 0, 'waiting_time': 105, 'trip_time': 960, 'num_transfers': 3, 'departure_time': 14685, 'departure_day': 'current_day', 'arrival_time': 15750, 'arrival_day': 'current_day', 'steps': [{'duration': 450, 'departure_time': 14790, 'arrival_time': 15240, 'day': 'current_day', 'from_stop_id': '5-2', 'to_stop_id': '116-2', 'trip_id': '2-1-20', 'agency_name': 'Unknown'}, {'duration': 30, 'departure_time': 15240, 'arrival_time': 15270, 'day': 'current_day', 'from_stop_id': '116-2', 'to_stop_id': '116-5', 'trip_id': 'walking', 'agency_name': 'Unknown'}, {'duration': 360, 'departure_time': 15270, 'arrival_time': 15630, 'day': 'current_day', 'from_stop_id': '116-5', 'to_stop_id': '119-5', 'trip_id': '8-0-20', 'agency_name': 'Unknown'}, {'duration': 90, 'departure_time': 15660, 'arrival_time': 15750, 'day': 'current_day', 'from_stop_id': '119-5', 'to_stop_id': '66-5', 'trip_id': '8-0-20', 'agency_name': 'Unknown'}]}"
12,69,9660,intra,left,263,[12],[59; 68; 80],0,0,500,375,9660,9720.0,11670.0,11730.0,1950.0,3.0,12,59,4511.0,14171.0,pt,2445.0,12105.0,2445.0,"{'duration': 1950, 'source_transfer_time': 0, 'waiting_time': 510, 'trip_time': 1440, 'num_transfers': 3, 'departure_time': 9720, 'departure_day': 'current_day', 'arrival_time': 11670, 'arrival_day': 'current_day', 'steps': [{'duration': 810, 'departure_time': 10230, 'arrival_time': 11040, 'day': 'current_day', 'from_stop_id': '12-4', 'to_stop_id': '117-4', 'trip_id': '7-0-13', 'agency_name': 'Unknown'}, {'duration': 30, 'departure_time': 11040, 'arrival_time': 11070, 'day': 'current_day', 'from_stop_id': '117-4', 'to_stop_id': '117-1', 'trip_id': 'walking', 'agency_name': 'Unknown'}, {'duration': 90, 'departure_time': 11070, 'arrival_time': 11160, 'day': 'current_day', 'from_stop_id': '117-1', 'to_stop_id': 'MH-L-1', 'trip_id': '1-0-13', 'agency_name': 'Unknown'}, {'duration': 330, 'departure_time': 11340, 'arrival_time': 11670, 'day': 'current_day', 'from_stop_id': 'MH-L-1', 'to_stop_id': '59-1', 'trip_id': '1-0-13', 'agency_name': 'Unknown'}]}"
39,99,5220,intra,left,264,[39],[99],0,0,0,0,5220,5280.0,6390.0,6450.0,1110.0,3.0,39,99,2631.0,7851.0,pt,1230.0,6450.0,1230.0,"{'duration': 1110, 'source_transfer_time': 0, 'waiting_time': 150, 'trip_time': 960, 'num_transfers': 3, 'departure_time': 5280, 'departure_day': 'current_day', 'arrival_time': 6390, 'arrival_day': 'current_day', 'steps': [{'duration': 210, 'departure_time': 5430, 'arrival_time': 5640, 'day': 'current_day', 'from_stop_id': '39-5', 'to_stop_id': '116-5', 'trip_id': '8-0-4', 'agency_name': 'Unknown'}, {'duration': 30, 'departure_time': 5640, 'arrival_time': 5670, 'day': 'current_day', 'from_stop_id': '116-5', 'to_stop_id': '116-2', 'trip_id': 'walking', 'agency_name': 'Unknown'}, {'duration': 90, 'departure_time': 5670, 'arrival_time': 5760, 'day': 'current_day', 'from_stop_id': '116-2', 'to_stop_id': 'MH-L-2', 'trip_id': '2-1-4', 'agency_name': 'Unknown'}, {'duration': 450, 'departure_time': 5940, 'arrival_time': 6390, 'day': 'current_day', 'from_stop_id': 'MH-L-2', 'to_stop_id': '99-2', 'trip_id': '2-1-4', 'agency_name': 'Unknown'}]}"
17,77,6210,intra,left,265,[16],[77],500,375,0,0,6585,6645.0,7950.0,8010.0,1305.0,0.0,16,77,2631.0,8841.0,pt,1800.0,8010.0,1800.0,"{'duration': 1305, 'source_transfer_time': 0, 'waiting_time': 465, 'trip_time': 840, 'num_transfers': 0, 'departure_time': 6645, 'departure_day': 'current_day', 'arrival_time': 7950, 'arrival_day': 'current_day', 'steps': [{'duration': 840, 'departure_time': 7110, 'arrival_time': 7950, 'day': 'current_day', 'from_stop_id': '16-2', 'to_stop_id': '77-2', 'trip_id': '2-1-7', 'agency_name': 'Unknown'}]}"
50,13,12030,intra,left,266,[40; 49; 58],[12; 24],500,375,500,375,12405,12465.0,13830.0,13890.0,1365.0,2.0,40,24,3007.0,15037.0,pt,2235.0,14265.0,2235.0,"{'duration': 1365, 'source_transfer_time': 0, 'waiting_time': 45, 'trip_time': 1320, 'num_transfers': 2, 'departure_time': 12465, 'departure_day': 'current_day', 'arrival_time': 13830, 'arrival_day': 'current_day', 'steps': [{'duration': 450, 'departure_time': 12510, 'arrival_time': 12960, 'day': 'current_day', 'from_stop_id': '40-5', 'to_stop_id': 'MH-L-5', 'trip_id': '8-0-16', 'agency_name': 'Unknown'}, {'duration': 30, 'departure_time': 12960, 'arrival_time': 12990, 'day': 'current_day', 'from_stop_id': 'MH-L-5', 'to_stop_id': 'MH-L-4', 'trip_id': 'walking', 'agency_name': 'Unknown'}, {'duration': 690, 'departure_time': 13140, 'arrival_time': 13830, 'day': 'current_day', 'from_stop_id': 'MH-L-4', 'to_stop_id': '24-4', 'trip_id': '7-1-16', 'agency_name': 'Unknown'}]}"
27,110,8580,intra,left,267,[27],[110],0,0,0,0,8580,8640.0,10110.0,10170.0,1470.0,0.0,27,110,3007.0,11587.0,pt,1590.0,10170.0,1590.0,"{'duration': 1470, 'source_transfer_time': 0, 'waiting_time': 390, 'trip_time': 1080, 'num_transfers': 0, 'departure_time': 8640, 'departure_day': 'current_day', 'arrival_time': 10110, 'arrival_day': 'current_day', 'steps': [{'duration': 1080, 'departure_time': 9030, 'arrival_time': 10110, 'day': 'current_day', 'from_stop_id': '27-2', 'to_stop_id': '110-2', 'trip_id': '2-1-10', 'agency_name': 'Unknown'}]}"
60,95,12540,intra,left,268,[60],[95],0,0,0,0,12540,12600.0,14670.0,14730.0,2070.0,2.0,60,95,4511.0,17051.0,pt,2190.0,14730.0,2190.0,"{'duration': 2070, 'source_transfer_time': 0, 'waiting_time': 510, 'trip_time': 1560, 'num_transfers': 2, 'departure_time': 12600, 'departure_day': 'current_day', 'arrival_time': 14670, 'arrival_day': 'current_day', 'steps': [{'duration': 450, 'departure_time': 13110, 'arrival_time': 13560, 'day': 'current_day', 'from_stop_id': '60-1', 'to_stop_id': 'MH-L-1', 'trip_id': '1-1-17', 'agency_name': 'Unknown'}, {'duration': 30, 'departure_time': 13560, 'arrival_time': 13590, 'day': 'current_day', 'from_stop_id': 'MH-L-1', 'to_stop_id': 'MH-L-5', 'trip_id': 'walking', 'agency_name': 'Unknown'}, {'duration': 930, 'departure_time': 13740, 'arrival_time': 14670, 'day': 'current_day', 'from_stop_id': 'MH-L-5', 'to_stop_id': '95-5', 'trip_id': '8-0-17', 'agency_name': 'Unknown'}]}"
30,44,7950,intra,left,269,[30],[54],0,0,500,375,7950,8010.0,9510.0,9570.0,1500.0,2.0,30,54,3759.0,11709.0,pt,1995.0,9945.0,1995.0,"{'duration': 1500, 'source_transfer_time': 0, 'waiting_time': 60, 'trip_time': 1440, 'num_transfers': 2, 'departure_time': 8010, 'departure_day': 'current_day', 'arrival_time': 9510, 'arrival_day': 'current_day', 'steps': [{'duration': 690, 'departure_time': 8070, 'arrival_time': 8760, 'day': 'current_day', 'from_stop_id': '30-5', 'to_stop_id': 'MH-L-5', 'trip_id': '8-0-9', 'agency_name': 'Unknown'}, {'duration': 30, 'departure_time': 8760, 'arrival_time': 8790, 'day': 'current_day', 'from_stop_id': 'MH-L-5', 'to_stop_id': 'MH-L-1', 'trip_id': 'walking', 'agency_name': 'Unknown'}, {'duration': 570, 'departure_time': 8940, 'arrival_time': 9510, 'day': 'current_day', 'from_stop_id': 'MH-L-1', 'to_stop_id': '54-1', 'trip_id': '1-1-9', 'agency_name': 'Unknown'}]}"
93,24,4650,intra,left,270,[92; 104],[24],500,375,0,0,5025,5085.0,7230.0,7290.0,2145.0,0.0,92,24,5263.0,9913.0,pt,2640.0,7290.0,2640.0,"{'duration': 2145, 'source_transfer_time': 0, 'waiting_time': 465, 'trip_time': 1680, 'num_transfers': 0, 'departure_time': 5085, 'departure_day': 'current_day', 'arrival_time': 7230, 'arrival_day': 'current_day', 'steps': [{'duration': 1680, 'departure_time': 5550, 'arrival_time': 7230, 'day': 'current_day', 'from_stop_id': '92-4', 'to_stop_id': '24-4', 'trip_id': '7-1-5', 'agency_name': 'Unknown'}]}"
85,50,10230,intra,left,271,[85],[40; 49; 58],0,0,500,375,10230,10290.0,11550.0,11610.0,1260.0,0.0,85,49,3383.0,13613.0,pt,1755.0,11985.0,1755.0,"{'duration': 1260, 'source_transfer_time': 0, 'waiting_time': 180, 'trip_time': 1080, 'num_transfers': 0, 'departure_time': 10290, 'departure_day': 'current_day', 'arrival_time': 11550, 'arrival_day': 'current_day', 'steps': [{'duration': 1080, 'departure_time': 10470, 'arrival_time': 11550, 'day': 'current_day', 'from_stop_id': '85-5', 'to_stop_id': '49-5', 'trip_id': '8-1-13', 'agency_name': 'Unknown'}]}"
81,18,6690,intra,left,272,[80; 92],[19; 29],500,375,500,375,7065,7125.0,8910.0,8970.0,1785.0,2.0,80,29,3007.0,9697.0,pt,2655.0,9345.0,2655.0,"{'duration': 1785, 'source_transfer_time': 0, 'waiting_time': 465, 'trip_time': 1320, 'num_transfers': 2, 'departure_time': 7125, 'departure_day': 'current_day', 'arrival_time': 8910, 'arrival_day': 'current_day', 'steps': [{'duration': 570, 'departure_time': 7590, 'arrival_time': 8160, 'day': 'current_day', 'from_stop_id': '80-4', 'to_stop_id': 'MH-L-4', 'trip_id': '7-1-8', 'agency_name': 'Unknown'}, {'duration': 30, 'departure_time': 8160, 'arrival_time': 8190, 'day': 'current_day', 'from_stop_id': 'MH-L-4', 'to_stop_id': 'MH-L-5', 'trip_id': 'walking', 'agency_name': 'Unknown'}, {'duration': 570, 'departure_time': 8340, 'arrival_time': 8910, 'day': 'current_day', 'from_stop_id': 'MH-L-5', 'to_stop_id': '29-5', 'trip_id': '8-1-8', 'agency_name': 'Unknown'}]}"
112,39,5580,intra,left,273,[110],[39],1000,751,0,0,6331,6391.0,8070.0,8130.0,1679.0,3.0,110,39,3007.0,8587.0,pt,2550.0,8130.0,2550.0,"{'duration': 1679, 'source_transfer_time': 0, 'waiting_time': 599, 'trip_time': 1080, 'num_transfers': 3, 'departure_time': 6391, 'departure_day': 'current_day', 'arrival_time': 8070, 'arrival_day': 'current_day', 'steps': [{'duration': 450, 'departure_time': 6990, 'arrival_time': 7440, 'day': 'current_day', 'from_stop_id': '110-2', 'to_stop_id': '119-2', 'trip_id': '2-0-7', 'agency_name': 'Unknown'}, {'duration': 30, 'departure_time': 7440, 'arrival_time': 7470, 'day': 'current_day', 'from_stop_id': '119-2', 'to_stop_id': '119-5', 'trip_id': 'walking', 'agency_name': 'Unknown'}, {'duration': 360, 'departure_time': 7470, 'arrival_time': 7830, 'day': 'current_day', 'from_stop_id': '119-5', 'to_stop_id': '116-5', 'trip_id': '8-1-7', 'agency_name': 'Unknown'}, {'duration': 210, 'departure_time': 7860, 'arrival_time': 8070, 'day': 'current_day', 'from_stop_id': '116-5', 'to_stop_id': '39-5', 'trip_id': '8-1-7', 'agency_name': 'Unknown'}]}"
41,103,4050,intra,left,274,[30; 40],[103],500,375,0,0,4425,4485.0,6270.0,6330.0,1785.0,2.0,40,103,2631.0,6681.0,pt,2280.0,6330.0,2280.0,"{'duration': 1785, 'source_transfer_time': 0, 'waiting_time': 225, 'trip_time': 1560, 'num_transfers': 2, 'departure_time': 4485, 'departure_day': 'current_day', 'arrival_time': 6270, 'arrival_day': 'current_day', 'steps': [{'duration': 450, 'departure_time': 4710, 'arrival_time': 5160, 'day': 'current_day', 'from_stop_id': '40-5', 'to_stop_id': 'MH-L-5', 'trip_id': '8-0-3', 'agency_name': 'Unknown'}, {'duration': 30, 'departure_time': 5160, 'arrival_time': 5190, 'day': 'current_day', 'from_stop_id': 'MH-L-5', 'to_stop_id': 'MH-L-4', 'trip_id': 'walking', 'agency_name': 'Unknown'}, {'duration': 930, 'departure_time': 5340, 'arrival_time': 6270, 'day': 'current_day', 'from_stop_id': 'MH-L-4', 'to_stop_id': '103-4', 'trip_id': '7-0-3', 'agency_name': 'Unknown'}]}"
5,35,13410,intra,left,275,[5],[35],0,0,0,0,13410,13470.0,14910.0,14970.0,1440.0,2.0,5,35,2255.0,15665.0,pt,1560.0,14970.0,1560.0,"{'duration': 1440, 'source_transfer_time': 0, 'waiting_time': 120, 'trip_time': 1320, 'num_transfers': 2, 'departure_time': 13470, 'departure_day': 'current_day', 'arrival_time': 14910, 'arrival_day': 'current_day', 'steps': [{'duration': 570, 'departure_time': 13590, 'arrival_time': 14160, 'day': 'current_day', 'from_stop_id': '5-2', 'to_stop_id': 'MH-L-2', 'trip_id': '2-1-18', 'agency_name': 'Unknown'}, {'duration': 30, 'departure_time': 14160, 'arrival_time': 14190, 'day': 'current_day', 'from_stop_id': 'MH-L-2', 'to_stop_id': 'MH-L-4', 'trip_id': 'walking', 'agency_name': 'Unknown'}, {'duration': 570, 'departure_time': 14340, 'arrival_time': 14910, 'day': 'current_day', 'from_stop_id': 'MH-L-4', 'to_stop_id': '35-4', 'trip_id': '7-1-18', 'agency_name': 'Unknown'}]}"
91,47,11760,intra,left,276,[91],[47],0,0,0,0,11760,11820.0,13470.0,13530.0,1650.0,0.0,91,47,3383.0,15143.0,pt,1770.0,13530.0,1770.0,"{'duration': 1650, 'source_transfer_time': 0, 'waiting_time': 450, 'trip_time': 1200, 'num_transfers': 0, 'departure_time': 11820, 'departure_day': 'current_day', 'arrival_time': 13470, 'arrival_day': 'current_day', 'steps': [{'duration': 1200, 'departure_time': 12270, 'arrival_time': 13470, 'day': 'current_day', 'from_stop_id': '91-4', 'to_stop_id': '47-4', 'trip_id': '7-1-16', 'agency_name': 'Unknown'}]}"
104,15,12930,intra,left,277,[104],[16],0,0,500,375,12930,12990.0,14790.0,14850.0,1800.0,2.0,104,16,5263.0,18193.0,pt,2295.0,15225.0,2295.0,"{'duration': 1800, 'source_transfer_time': 0, 'waiting_time': 120, 'trip_time': 1680, 'num_transfers': 2, 'departure_time': 12990, 'departure_day': 'current_day', 'arrival_time': 14790, 'arrival_day': 'current_day', 'steps': [{'duration': 1050, 'departure_time': 13110, 'arrival_time': 14160, 'day': 'current_day', 'from_stop_id': '104-4', 'to_stop_id': 'MH-L-4', 'trip_id': '7-1-18', 'agency_name': 'Unknown'}, {'duration': 30, 'departure_time': 14160, 'arrival_time': 14190, 'day': 'current_day', 'from_stop_id': 'MH-L-4', 'to_stop_id': 'MH-L-2', 'trip_id': 'walking', 'agency_name': 'Unknown'}, {'duration': 450, 'departure_time': 14340, 'arrival_time': 14790, 'day': 'current_day', 'from_stop_id': 'MH-L-2', 'to_stop_id': '16-2', 'trip_id': '2-0-18', 'agency_name': 'Unknown'}]}"
64,60,12480,intra,left,278,[56],[60],500,375,0,0,12855,12915.0,14190.0,14250.0,1275.0,0.0,56,60,3007.0,15487.0,pt,1770.0,14250.0,1770.0,"{'duration': 1275, 'source_transfer_time': 0, 'waiting_time': 315, 'trip_time': 960, 'num_transfers': 0, 'departure_time': 12915, 'departure_day': 'current_day', 'arrival_time': 14190, 'arrival_day': 'current_day', 'steps': [{'duration': 960, 'departure_time': 13230, 'arrival_time': 14190, 'day': 'current_day', 'from_stop_id': '56-1', 'to_stop_id': '60-1', 'trip_id': '1-0-17', 'agency_name': 'Unknown'}]}"
8,62,12810,intra,left,279,[9; 19],[54],500,375,500,375,13185,13245.0,14910.0,14970.0,1665.0,2.0,19,54,5263.0,18073.0,pt,2535.0,15345.0,2535.0,"{'duration': 1665, 'source_transfer_time': 0, 'waiting_time': 105, 'trip_time': 1560, 'num_transfers': 2, 'departure_time': 13245, 'departure_day': 'current_day', 'arrival_time': 14910, 'arrival_day': 'current_day', 'steps': [{'duration': 810, 'departure_time': 13350, 'arrival_time': 14160, 'day': 'current_day', 'from_stop_id': '19-5', 'to_stop_id': 'MH-L-5', 'trip_id': '8-0-18', 'agency_name': 'Unknown'}, {'duration': 30, 'departure_time': 14160, 'arrival_time': 14190, 'day': 'current_day', 'from_stop_id': 'MH-L-5', 'to_stop_id': 'MH-L-1', 'trip_id': 'walking', 'agency_name': 'Unknown'}, {'duration': 570, 'departure_time': 14340, 'arrival_time': 14910, 'day': 'current_day', 'from_stop_id': 'MH-L-1', 'to_stop_id': '54-1', 'trip_id': '1-1-18', 'agency_name': 'Unknown'}]}"
73,191,9360,inter,left,280,[55; 75; 85; 95],[181],1000,751,500,375,10111,10171.0,14790.0,14850.0,4619.0,4.0,55,181,,,pt,5865.0,15225.0,5865.0,"{'duration': 4619, 'source_transfer_time': 0, 'waiting_time': 539, 'trip_time': 4080, 'num_transfers': 4, 'departure_time': 10171, 'departure_day': 'current_day', 'arrival_time': 14790, 'arrival_day': 'current_day', 'steps': [{'duration': 450, 'departure_time': 10710, 'arrival_time': 11160, 'day': 'current_day', 'from_stop_id': '55-1', 'to_stop_id': 'MH-L-1', 'trip_id': '1-0-13', 'agency_name': 'Unknown'}, {'duration': 30, 'departure_time': 11160, 'arrival_time': 11190, 'day': 'current_day', 'from_stop_id': 'MH-L-1', 'to_stop_id': 'MH-L-0', 'trip_id': 'walking', 'agency_name': 'Unknown'}, {'duration': 1500, 'departure_time': 12600, 'arrival_time': 14100, 'day': 'current_day', 'from_stop_id': 'MH-L-0', 'to_stop_id': 'MH-R-0', 'trip_id': '0-0-5', 'agency_name': 'Unknown'}, {'duration': 30, 'departure_time': 14100, 'arrival_time': 14130, 'day': 'current_day', 'from_stop_id': 'MH-R-0', 'to_stop_id': 'MH-R-1', 'trip_id': 'walking', 'agency_name': 'Unknown'}, {'duration': 450, 'departure_time': 14340, 'arrival_time': 14790, 'day': 'current_day', 'from_stop_id': 'MH-R-1', 'to_stop_id': '181-1', 'trip_id': '3-0-18', 'agency_name': 'Unknown'}]}"
103,224,13260,inter,left,281,[103],[224],0,0,0,0,13260,13320.0,18870.0,18930.0,5550.0,4.0,103,224,,,pt,5670.0,18930.0,5670.0,"{'duration': 5550, 'source_transfer_time': 0, 'waiting_time': 510, 'trip_time': 5040, 'num_transfers': 4, 'departure_time': 13320, 'departure_day': 'current_day', 'arrival_time': 18870, 'arrival_day': 'current_day', 'steps': [{'duration': 930, 'departure_time': 13830, 'arrival_time': 14760, 'day': 'current_day', 'from_stop_id': '103-4', 'to_stop_id': 'MH-L-4', 'trip_id': '7-1-19', 'agency_name': 'Unknown'}, {'duration': 30, 'departure_time': 14760, 'arrival_time': 14790, 'day': 'current_day', 'from_stop_id': 'MH-L-4', 'to_stop_id': 'MH-L-0', 'trip_id': 'walking', 'agency_name': 'Unknown'}, {'duration': 1500, 'departure_time': 16200, 'arrival_time': 17700, 'day': 'current_day', 'from_stop_id': 'MH-L-0', 'to_stop_id': 'MH-R-0', 'trip_id': '0-0-7', 'agency_name': 'Unknown'}, {'duration': 30, 'departure_time': 17700, 'arrival_time': 17730, 'day': 'current_day', 'from_stop_id': 'MH-R-0', 'to_stop_id': 'MH-R-4', 'trip_id': 'walking', 'agency_name': 'Unknown'}, {'duration': 930, 'departure_time': 17940, 'arrival_time': 18870, 'day': 'current_day', 'from_stop_id': 'MH-R-4', 'to_stop_id': '224-4', 'trip_id': '9-0-24', 'agency_name': 'Unknown'}]}"
34,176,6990,inter,left,282,[23; 35],[176],500,375,0,0,7365,7425.0,11190.0,11250.0,3765.0,4.0,23,176,,,pt,4260.0,11250.0,4260.0,"{'duration': 3765, 'source_transfer_time': 0, 'waiting_time': 525, 'trip_time': 3240, 'num_transfers': 4, 'departure_time': 7425, 'departure_day': 'current_day', 'arrival_time': 11190, 'arrival_day': 'current_day', 'steps': [{'duration': 810, 'departure_time': 7950, 'arrival_time': 8760, 'day': 'current_day', 'from_stop_id': '23-4', 'to_stop_id': 'MH-L-4', 'trip_id': '7-0-9', 'agency_name': 'Unknown'}, {'duration': 30, 'departure_time': 8760, 'arrival_time': 8790, 'day': 'current_day', 'from_stop_id': 'MH-L-4', 'to_stop_id': 'MH-L-0', 'trip_id': 'walking', 'agency_name': 'Unknown'}, {'duration': 1500, 'departure_time': 9000, 'arrival_time': 10500, 'day': 'current_day', 'from_stop_id': 'MH-L-0', 'to_stop_id': 'MH-R-0', 'trip_id': '0-0-3', 'agency_name': 'Unknown'}, {'duration': 30, 'departure_time': 10500, 'arrival_time': 10530, 'day': 'current_day', 'from_stop_id': 'MH-R-0', 'to_stop_id': 'MH-R-1', 'trip_id': 'walking', 'agency_name': 'Unknown'}, {'duration': 450, 'departure_time': 10740, 'arrival_time': 11190, 'day': 'current_day', 'from_stop_id': 'MH-R-1', 'to_stop_id': '176-1', 'trip_id': '3-1-12', 'agency_name': 'Unknown'}]}"
93,152,9540,inter,left,283,[92; 104],[141; 151],500,375,500,375,9915,9975.0,15030.0,15090.0,5055.0,4.0,92,151,,,pt,5925.0,15465.0,5925.0,"{'duration': 5055, 'source_transfer_time': 0, 'waiting_time': 375, 'trip_time': 4680, 'num_transfers': 4, 'departure_time': 9975, 'departure_day': 'current_day', 'arrival_time': 15030, 'arrival_day': 'current_day', 'steps': [{'duration': 810, 'departure_time': 10350, 'arrival_time': 11160, 'day': 'current_day', 'from_stop_id': '92-4', 'to_stop_id': 'MH-L-4', 'trip_id': '7-1-13', 'agency_name': 'Unknown'}, {'duration': 30, 'departure_time': 11160, 'arrival_time': 11190, 'day': 'current_day', 'from_stop_id': 'MH-L-4', 'to_stop_id': 'MH-L-0', 'trip_id': 'walking', 'agency_name': 'Unknown'}, {'duration': 1500, 'departure_time': 12600, 'arrival_time': 14100, 'day': 'current_day', 'from_stop_id': 'MH-L-0', 'to_stop_id': 'MH-R-0', 'trip_id': '0-0-5', 'agency_name': 'Unknown'}, {'duration': 30, 'departure_time': 14100, 'arrival_time': 14130, 'day': 'current_day', 'from_stop_id': 'MH-R-0', 'to_stop_id': 'MH-R-5', 'trip_id': 'walking', 'agency_name': 'Unknown'}, {'duration': 690, 'departure_time': 14340, 'arrival_time': 15030, 'day': 'current_day', 'from_stop_id': 'MH-R-5', 'to_stop_id': '151-5', 'trip_id': '10-1-18', 'agency_name': 'Unknown'}]}"
47,163,9450,inter,left,284,[47],[141; 151; 161; 181],0,0,1000,751,9450,9510.0,12990.0,13050.0,3480.0,4.0,47,161,,,pt,4351.0,13801.0,4351.0,"{'duration': 3480, 'source_transfer_time': 0, 'waiting_time': 120, 'trip_time': 3360, 'num_transfers': 4, 'departure_time': 9510, 'departure_day': 'current_day', 'arrival_time': 12990, 'arrival_day': 'current_day', 'steps': [{'duration': 330, 'departure_time': 9630, 'arrival_time': 9960, 'day': 'current_day', 'from_stop_id': '47-4', 'to_stop_id': 'MH-L-4', 'trip_id': '7-0-11', 'agency_name': 'Unknown'}, {'duration': 30, 'departure_time': 9960, 'arrival_time': 9990, 'day': 'current_day', 'from_stop_id': 'MH-L-4', 'to_stop_id': 'MH-L-0', 'trip_id': 'walking', 'agency_name': 'Unknown'}, {'duration': 1500, 'departure_time': 10800, 'arrival_time': 12300, 'day': 'current_day', 'from_stop_id': 'MH-L-0', 'to_stop_id': 'MH-R-0', 'trip_id': '0-0-4', 'agency_name': 'Unknown'}, {'duration': 30, 'departure_time': 12300, 'arrival_time': 12330, 'day': 'current_day', 'from_stop_id': 'MH-R-0', 'to_stop_id': 'MH-R-5', 'trip_id': 'walking', 'agency_name': 'Unknown'}, {'duration': 450, 'departure_time': 12540, 'arrival_time': 12990, 'day': 'current_day', 'from_stop_id': 'MH-R-5', 'to_stop_id': '161-5', 'trip_id': '10-1-15', 'agency_name': 'Unknown'}]}"
44,174,4830,inter,left,285,[54],[182],500,375,500,375,5205,5265.0,9510.0,9570.0,4245.0,4.0,54,182,,,pt,5115.0,9945.0,5115.0,"{'duration': 4245, 'source_transfer_time': 0, 'waiting_time': 525, 'trip_time': 3720, 'num_transfers': 4, 'departure_time': 5265, 'departure_day': 'current_day', 'arrival_time': 9510, 'arrival_day': 'current_day', 'steps': [{'duration': 570, 'departure_time': 5790, 'arrival_time': 6360, 'day': 'current_day', 'from_stop_id': '54-1', 'to_stop_id': 'MH-L-1', 'trip_id': '1-0-5', 'agency_name': 'Unknown'}, {'duration': 30, 'departure_time': 6360, 'arrival_time': 6390, 'day': 'current_day', 'from_stop_id': 'MH-L-1', 'to_stop_id': 'MH-L-0', 'trip_id': 'walking', 'agency_name': 'Unknown'}, {'duration': 1500, 'departure_time': 7200, 'arrival_time': 8700, 'day': 'current_day', 'from_stop_id': 'MH-L-0', 'to_stop_id': 'MH-R-0', 'trip_id': '0-0-2', 'agency_name': 'Unknown'}, {'duration': 30, 'departure_time': 8700, 'arrival_time': 8730, 'day': 'current_day', 'from_stop_id': 'MH-R-0', 'to_stop_id': 'MH-R-1', 'trip_id': 'walking', 'agency_name': 'Unknown'}, {'duration': 570, 'departure_time': 8940, 'arrival_time': 9510, 'day': 'current_day', 'from_stop_id': 'MH-R-1', 'to_stop_id': '182-1', 'trip_id': '3-0-9', 'agency_name': 'Unknown'}]}"
107,135,4920,inter,left,286,[96; 106],[133; 137; 145; 157],500,375,1000,751,5295,5355.0,9390.0,9450.0,4035.0,4.0,96,137,,,pt,5281.0,10201.0,5281.0,"{'duration': 4035, 'source_transfer_time': 0, 'waiting_time': 195, 'trip_time': 3840, 'num_transfers': 4, 'departure_time': 5355, 'departure_day': 'current_day', 'arrival_time': 9390, 'arrival_day': 'current_day', 'steps': [{'duration': 810, 'departure_time': 5550, 'arrival_time': 6360, 'day': 'current_day', 'from_stop_id': '96-5', 'to_stop_id': 'MH-L-5', 'trip_id': '8-1-5', 'agency_name': 'Unknown'}, {'duration': 30, 'departure_time': 6360, 'arrival_time': 6390, 'day': 'current_day', 'from_stop_id': 'MH-L-5', 'to_stop_id': 'MH-L-0', 'trip_id': 'walking', 'agency_name': 'Unknown'}, {'duration': 1500, 'departure_time': 7200, 'arrival_time': 8700, 'day': 'current_day', 'from_stop_id': 'MH-L-0', 'to_stop_id': 'MH-R-0', 'trip_id': '0-0-2', 'agency_name': 'Unknown'}, {'duration': 30, 'departure_time': 8700, 'arrival_time': 8730, 'day': 'current_day', 'from_stop_id': 'MH-R-0', 'to_stop_id': 'MH-R-2', 'trip_id': 'walking', 'agency_name': 'Unknown'}, {'duration': 450, 'departure_time': 8940, 'arrival_time': 9390, 'day': 'current_day', 'from_stop_id': 'MH-R-2', 'to_stop_id': '137-2', 'trip_id': '4-0-9', 'agency_name': 'Unknown'}]}"
14,121,10050,inter,left,287,[12; 16; 24; 36],[121],1000,751,0,0,10801,10861.0,15510.0,15570.0,4649.0,4.0,12,121,,,pt,5520.0,15570.0,5520.0,"{'duration': 4649, 'source_transfer_time': 0, 'waiting_time': 569, 'trip_time': 4080, 'num_transfers': 4, 'departure_time': 10861, 'departure_day': 'current_day', 'arrival_time': 15510, 'arrival_day': 'current_day', 'steps': [{'duration': 930, 'departure_time': 11430, 'arrival_time': 12360, 'day': 'current_day', 'from_stop_id': '12-4', 'to_stop_id': 'MH-L-4', 'trip_id': '7-0-15', 'agency_name': 'Unknown'}, {'duration': 30, 'departure_time': 12360, 'arrival_time': 12390, 'day': 'current_day', 'from_stop_id': 'MH-L-4', 'to_stop_id': 'MH-L-0', 'trip_id': 'walking', 'agency_name': 'Unknown'}, {'duration': 1500, 'departure_time': 12600, 'arrival_time': 14100, 'day': 'current_day', 'from_stop_id': 'MH-L-0', 'to_stop_id': 'MH-R-0', 'trip_id': '0-0-5', 'agency_name': 'Unknown'}, {'duration': 30, 'departure_time': 14100, 'arrival_time': 14130, 'day': 'current_day', 'from_stop_id': 'MH-R-0', 'to_stop_id': 'MH-R-4', 'trip_id': 'walking', 'agency_name': 'Unknown'}, {'duration': 1170, 'departure_time': 14340, 'arrival_time': 15510, 'day': 'current_day', 'from_stop_id': 'MH-R-4', 'to_stop_id': '121-4', 'trip_id': '9-1-18', 'agency_name': 'Unknown'}]}"
49,197,5730,inter,left,288,[49],[197],0,0,0,0,5730,5790.0,9270.0,9330.0,3480.0,4.0,49,197,,,pt,3600.0,9330.0,3600.0,"{'duration': 3480, 'source_transfer_time': 0, 'waiting_time': 360, 'trip_time': 3120, 'num_transfers': 4, 'departure_time': 5790, 'departure_day': 'current_day', 'arrival_time': 9270, 'arrival_day': 'current_day', 'steps': [{'duration': 210, 'departure_time': 6150, 'arrival_time': 6360, 'day': 'current_day', 'from_stop_id': '49-5', 'to_stop_id': 'MH-L-5', 'trip_id': '8-0-5', 'agency_name': 'Unknown'}, {'duration': 30, 'departure_time': 6360, 'arrival_time': 6390, 'day': 'current_day', 'from_stop_id': 'MH-L-5', 'to_stop_id': 'MH-L-0', 'trip_id': 'walking', 'agency_name': 'Unknown'}, {'duration': 1500, 'departure_time': 7200, 'arrival_time': 8700, 'day': 'current_day', 'from_stop_id': 'MH-L-0', 'to_stop_id': 'MH-R-0', 'trip_id': '0-0-2', 'agency_name': 'Unknown'}, {'duration': 30, 'departure_time': 8700, 'arrival_time': 8730, 'day': 'current_day', 'from_stop_id': 'MH-R-0', 'to_stop_id': 'MH-R-5', 'trip_id': 'walking', 'agency_name': 'Unknown'}, {'duration': 330, 'departure_time': 8940, 'arrival_time': 9270, 'day': 'current_day', 'from_stop_id': 'MH-R-5', 'to_stop_id': '197-5', 'trip_id': '10-0-9', 'agency_name': 'Unknown'}]}"
30,122,12600,inter,left,289,[30],[121; 133],0,0,500,375,12600,12660.0,17070.0,17130.0,4410.0,4.0,30,133,,,pt,4905.0,17505.0,4905.0,"{'duration': 4410, 'source_transfer_time': 0, 'waiting_time': 210, 'trip_time': 4200, 'num_transfers': 4, 'departure_time': 12660, 'departure_day': 'current_day', 'arrival_time': 17070, 'arrival_day': 'current_day', 'steps': [{'duration': 690, 'departure_time': 12870, 'arrival_time': 13560, 'day': 'current_day', 'from_stop_id': '30-5', 'to_stop_id': 'MH-L-5', 'trip_id': '8-0-17', 'agency_name': 'Unknown'}, {'duration': 30, 'departure_time': 13560, 'arrival_time': 13590, 'day': 'current_day', 'from_stop_id': 'MH-L-5', 'to_stop_id': 'MH-L-0', 'trip_id': 'walking', 'agency_name': 'Unknown'}, {'duration': 1500, 'departure_time': 14400, 'arrival_time': 15900, 'day': 'current_day', 'from_stop_id': 'MH-L-0', 'to_stop_id': 'MH-R-0', 'trip_id': '0-0-6', 'agency_name': 'Unknown'}, {'duration': 30, 'departure_time': 15900, 'arrival_time': 15930, 'day': 'current_day', 'from_stop_id': 'MH-R-0', 'to_stop_id': 'MH-R-4', 'trip_id': 'walking', 'agency_name': 'Unknown'}, {'duration': 930, 'departure_time': 16140, 'arrival_time': 17070, 'day': 'current_day', 'from_stop_id': 'MH-R-4', 'to_stop_id': '133-4', 'trip_id': '9-1-21', 'agency_name': 'Unknown'}]}"
94,150,5160,inter,left,290,[95; 105],[150],500,375,0,0,5535,5595.0,9510.0,9570.0,3915.0,4.0,95,150,,,pt,4410.0,9570.0,4410.0,"{'duration': 3915, 'source_transfer_time': 0, 'waiting_time': 435, 'trip_time': 3480, 'num_transfers': 4, 'departure_time': 5595, 'departure_day': 'current_day', 'arrival_time': 9510, 'arrival_day': 'current_day', 'steps': [{'duration': 930, 'departure_time': 6030, 'arrival_time': 6960, 'day': 'current_day', 'from_stop_id': '95-5', 'to_stop_id': 'MH-L-5', 'trip_id': '8-1-6', 'agency_name': 'Unknown'}, {'duration': 30, 'departure_time': 6960, 'arrival_time': 6990, 'day': 'current_day', 'from_stop_id': 'MH-L-5', 'to_stop_id': 'MH-L-0', 'trip_id': 'walking', 'agency_name': 'Unknown'}, {'duration': 1500, 'departure_time': 7200, 'arrival_time': 8700, 'day': 'current_day', 'from_stop_id': 'MH-L-0', 'to_stop_id': 'MH-R-0', 'trip_id': '0-0-2', 'agency_name': 'Unknown'}, {'duration': 30, 'departure_time': 8700, 'arrival_time': 8730, 'day': 'current_day', 'from_stop_id': 'MH-R-0', 'to_stop_id': 'MH-R-5', 'trip_id': 'walking', 'agency_name': 'Unknown'}, {'duration': 570, 'departure_time': 8940, 'arrival_time': 9510, 'day': 'current_day', 'from_stop_id': 'MH-R-5', 'to_stop_id': '150-5', 'trip_id': '10-1-9', 'agency_name': 'Unknown'}]}"
34,196,5070,inter,left,291,[23; 35],[196],500,375,0,0,5445,5505.0,9390.0,9450.0,3885.0,4.0,23,196,,,pt,4380.0,9450.0,4380.0,"{'duration': 3885, 'source_transfer_time': 0, 'waiting_time': 45, 'trip_time': 3840, 'num_transfers': 4, 'departure_time': 5505, 'departure_day': 'current_day', 'arrival_time': 9390, 'arrival_day': 'current_day', 'steps': [{'duration': 810, 'departure_time': 5550, 'arrival_time': 6360, 'day': 'current_day', 'from_stop_id': '23-4', 'to_stop_id': 'MH-L-4', 'trip_id': '7-0-5', 'agency_name': 'Unknown'}, {'duration': 30, 'departure_time': 6360, 'arrival_time': 6390, 'day': 'current_day', 'from_stop_id': 'MH-L-4', 'to_stop_id': 'MH-L-0', 'trip_id': 'walking', 'agency_name': 'Unknown'}, {'duration': 1500, 'departure_time': 7200, 'arrival_time': 8700, 'day': 'current_day', 'from_stop_id': 'MH-L-0', 'to_stop_id': 'MH-R-0', 'trip_id': '0-0-2', 'agency_name': 'Unknown'}, {'duration': 30, 'departure_time': 8700, 'arrival_time': 8730, 'day': 'current_day', 'from_stop_id': 'MH-R-0', 'to_stop_id': 'MH-R-5', 'trip_id': 'walking', 'agency_name': 'Unknown'}, {'duration': 450, 'departure_time': 8940, 'arrival_time': 9390, 'day': 'current_day', 'from_stop_id': 'MH-R-5', 'to_stop_id': '196-5', 'trip_id': '10-0-9', 'agency_name': 'Unknown'}]}"
11,233,4590,inter,left,292,[11],[231],0,0,1000,751,4590,4650.0,9510.0,9570.0,4860.0,4.0,11,231,,,pt,5731.0,10321.0,5731.0,"{'duration': 4860, 'source_transfer_time': 0, 'waiting_time': 60, 'trip_time': 4800, 'num_transfers': 4, 'departure_time': 4650, 'departure_day': 'current_day', 'arrival_time': 9510, 'arrival_day': 'current_day', 'steps': [{'duration': 1050, 'departure_time': 4710, 'arrival_time': 5760, 'day': 'current_day', 'from_stop_id': '11-4', 'to_stop_id': 'MH-L-4', 'trip_id': '7-0-4', 'agency_name': 'Unknown'}, {'duration': 30, 'departure_time': 5760, 'arrival_time': 5790, 'day': 'current_day', 'from_stop_id': 'MH-L-4', 'to_stop_id': 'MH-L-0', 'trip_id': 'walking', 'agency_name': 'Unknown'}, {'duration': 1500, 'departure_time': 7200, 'arrival_time': 8700, 'day': 'current_day', 'from_stop_id': 'MH-L-0', 'to_stop_id': 'MH-R-0', 'trip_id': '0-0-2', 'agency_name': 'Unknown'}, {'duration': 30, 'departure_time': 8700, 'arrival_time': 8730, 'day': 'current_day', 'from_stop_id': 'MH-R-0', 'to_stop_id': 'MH-R-2', 'trip_id': 'walking', 'agency_name': 'Unknown'}, {'duration': 570, 'departure_time': 8940, 'arrival_time': 9510, 'day': 'current_day', 'from_stop_id': 'MH-R-2', 'to_stop_id': '231-2', 'trip_id': '4-1-9', 'agency_name': 'Unknown'}]}"
101,126,4320,inter,left,293,[79; 91; 99; 103],[126],1000,751,0,0,5071,5131.0,9510.0,9570.0,4379.0,4.0,79,126,,,pt,5250.0,9570.0,5250.0,"{'duration': 4379, 'source_transfer_time': 0, 'waiting_time': 179, 'trip_time': 4200, 'num_transfers': 4, 'departure_time': 5131, 'departure_day': 'current_day', 'arrival_time': 9510, 'arrival_day': 'current_day', 'steps': [{'duration': 450, 'departure_time': 5310, 'arrival_time': 5760, 'day': 'current_day', 'from_stop_id': '79-4', 'to_stop_id': 'MH-L-4', 'trip_id': '7-1-4', 'agency_name': 'Unknown'}, {'duration': 30, 'departure_time': 5760, 'arrival_time': 5790, 'day': 'current_day', 'from_stop_id': 'MH-L-4', 'to_stop_id': 'MH-L-0', 'trip_id': 'walking', 'agency_name': 'Unknown'}, {'duration': 1500, 'departure_time': 7200, 'arrival_time': 8700, 'day': 'current_day', 'from_stop_id': 'MH-L-0', 'to_stop_id': 'MH-R-0', 'trip_id': '0-0-2', 'agency_name': 'Unknown'}, {'duration': 30, 'departure_time': 8700, 'arrival_time': 8730, 'day': 'current_day', 'from_stop_id': 'MH-R-0', 'to_stop_id': 'MH-R-2', 'trip_id': 'walking', 'agency_name': 'Unknown'}, {'duration': 570, 'departure_time': 8940, 'arrival_time': 9510, 'day': 'current_day', 'from_stop_id': 'MH-R-2', 'to_stop_id': '126-2', 'trip_id': '4-0-9', 'agency_name': 'Unknown'}]}"
43,178,9450,inter,left,294,[61],[178],1000,751,0,0,10201,10261.0,14550.0,14610.0,4289.0,4.0,61,178,,,pt,5160.0,14610.0,5160.0,"{'duration': 4289, 'source_transfer_time': 0, 'waiting_time': 329, 'trip_time': 3960, 'num_transfers': 4, 'departure_time': 10261, 'departure_day': 'current_day', 'arrival_time': 14550, 'arrival_day': 'current_day', 'steps': [{'duration': 570, 'departure_time': 10590, 'arrival_time': 11160, 'day': 'current_day', 'from_stop_id': '61-1', 'to_stop_id': 'MH-L-1', 'trip_id': '1-1-13', 'agency_name': 'Unknown'}, {'duration': 30, 'departure_time': 11160, 'arrival_time': 11190, 'day': 'current_day', 'from_stop_id': 'MH-L-1', 'to_stop_id': 'MH-L-0', 'trip_id': 'walking', 'agency_name': 'Unknown'}, {'duration': 1500, 'departure_time': 12600, 'arrival_time': 14100, 'day': 'current_day', 'from_stop_id': 'MH-L-0', 'to_stop_id': 'MH-R-0', 'trip_id': '0-0-5', 'agency_name': 'Unknown'}, {'duration': 30, 'departure_time': 14100, 'arrival_time': 14130, 'day': 'current_day', 'from_stop_id': 'MH-R-0', 'to_stop_id': 'MH-R-1', 'trip_id': 'walking', 'agency_name': 'Unknown'}, {'duration': 210, 'departure_time': 14340, 'arrival_time': 14550, 'day': 'current_day', 'from_stop_id': 'MH-R-1', 'to_stop_id': '178-1', 'trip_id': '3-1-18', 'agency_name': 'Unknown'}]}"
43,216,11850,inter,left,295,[61],[216],1000,751,0,0,12601,12661.0,17070.0,17130.0,4409.0,4.0,61,216,,,pt,5280.0,17130.0,5280.0,"{'duration': 4409, 'source_transfer_time': 0, 'waiting_time': 329, 'trip_time': 4080, 'num_transfers': 4, 'departure_time': 12661, 'departure_day': 'current_day', 'arrival_time': 17070, 'arrival_day': 'current_day', 'steps': [{'duration': 570, 'departure_time': 12990, 'arrival_time': 13560, 'day': 'current_day', 'from_stop_id': '61-1', 'to_stop_id': 'MH-L-1', 'trip_id': '1-1-17', 'agency_name': 'Unknown'}, {'duration': 30, 'departure_time': 13560, 'arrival_time': 13590, 'day': 'current_day', 'from_stop_id': 'MH-L-1', 'to_stop_id': 'MH-L-0', 'trip_id': 'walking', 'agency_name': 'Unknown'}, {'duration': 1500, 'departure_time': 14400, 'arrival_time': 15900, 'day': 'current_day', 'from_stop_id': 'MH-L-0', 'to_stop_id': 'MH-R-0', 'trip_id': '0-0-6', 'agency_name': 'Unknown'}, {'duration': 30, 'departure_time': 15900, 'arrival_time': 15930, 'day': 'current_day', 'from_stop_id': 'MH-R-0', 'to_stop_id': 'MH-R-5', 'trip_id': 'walking', 'agency_name': 'Unknown'}, {'duration': 930, 'departure_time': 16140, 'arrival_time': 17070, 'day': 'current_day', 'from_stop_id': 'MH-R-5', 'to_stop_id': '216-5', 'trip_id': '10-0-21', 'agency_name': 'Unknown'}]}"
13,128,5160,inter,left,296,[12; 24],[126; 130; 140; 150],500,375,1000,751,5535,5595.0,9510.0,9570.0,3915.0,4.0,12,126,,,pt,5161.0,10321.0,5161.0,"{'duration': 3915, 'source_transfer_time': 0, 'waiting_time': 435, 'trip_time': 3480, 'num_transfers': 4, 'departure_time': 5595, 'departure_day': 'current_day', 'arrival_time': 9510, 'arrival_day': 'current_day', 'steps': [{'duration': 930, 'departure_time': 6030, 'arrival_time': 6960, 'day': 'current_day', 'from_stop_id': '12-4', 'to_stop_id': 'MH-L-4', 'trip_id': '7-0-6', 'agency_name': 'Unknown'}, {'duration': 30, 'departure_time': 6960, 'arrival_time': 6990, 'day': 'current_day', 'from_stop_id': 'MH-L-4', 'to_stop_id': 'MH-L-0', 'trip_id': 'walking', 'agency_name': 'Unknown'}, {'duration': 1500, 'departure_time': 7200, 'arrival_time': 8700, 'day': 'current_day', 'from_stop_id': 'MH-L-0', 'to_stop_id': 'MH-R-0', 'trip_id': '0-0-2', 'agency_name': 'Unknown'}, {'duration': 30, 'departure_time': 8700, 'arrival_time': 8730, 'day': 'current_day', 'from_stop_id': 'MH-R-0', 'to_stop_id': 'MH-R-2', 'trip_id': 'walking', 'agency_name': 'Unknown'}, {'duration': 570, 'departure_time': 8940, 'arrival_time': 9510, 'day': 'current_day', 'from_stop_id': 'MH-R-2', 'to_stop_id': '126-2', 'trip_id': '4-0-9', 'agency_name': 'Unknown'}]}"
77,206,5880,inter,left,297,[77],[206],0,0,0,0,5880,5940.0,9630.0,9690.0,3690.0,4.0,77,206,,,pt,3810.0,9690.0,3810.0,"{'duration': 3690, 'source_transfer_time': 0, 'waiting_time': 210, 'trip_time': 3480, 'num_transfers': 4, 'departure_time': 5940, 'departure_day': 'current_day', 'arrival_time': 9630, 'arrival_day': 'current_day', 'steps': [{'duration': 210, 'departure_time': 6150, 'arrival_time': 6360, 'day': 'current_day', 'from_stop_id': '77-2', 'to_stop_id': 'MH-L-2', 'trip_id': '2-0-5', 'agency_name': 'Unknown'}, {'duration': 30, 'departure_time': 6360, 'arrival_time': 6390, 'day': 'current_day', 'from_stop_id': 'MH-L-2', 'to_stop_id': 'MH-L-0', 'trip_id': 'walking', 'agency_name': 'Unknown'}, {'duration': 1500, 'departure_time': 7200, 'arrival_time': 8700, 'day': 'current_day', 'from_stop_id': 'MH-L-0', 'to_stop_id': 'MH-R-0', 'trip_id': '0-0-2', 'agency_name': 'Unknown'}, {'duration': 30, 'departure_time': 8700, 'arrival_time': 8730, 'day': 'current_day', 'from_stop_id': 'MH-R-0', 'to_stop_id': 'MH-R-5', 'trip_id': 'walking', 'agency_name': 'Unknown'}, {'duration': 690, 'departure_time': 8940, 'arrival_time': 9630, 'day': 'current_day', 'from_stop_id': 'MH-R-5', 'to_stop_id': '206-5', 'trip_id': '10-0-9', 'agency_name': 'Unknown'}]}"
97,227,14190,inter,left,298,[86; 96],[227],500,375,0,0,14565,14625.0,18990.0,19050.0,4365.0,4.0,86,227,,,pt,4860.0,19050.0,4860.0,"{'duration': 4365, 'source_transfer_time': 0, 'waiting_time': 165, 'trip_time': 4200, 'num_transfers': 4, 'departure_time': 14625, 'departure_day': 'current_day', 'arrival_time': 18990, 'arrival_day': 'current_day', 'steps': [{'duration': 570, 'departure_time': 14790, 'arrival_time': 15360, 'day': 'current_day', 'from_stop_id': '86-5', 'to_stop_id': 'MH-L-5', 'trip_id': '8-1-20', 'agency_name': 'Unknown'}, {'duration': 30, 'departure_time': 15360, 'arrival_time': 15390, 'day': 'current_day', 'from_stop_id': 'MH-L-5', 'to_stop_id': 'MH-L-0', 'trip_id': 'walking', 'agency_name': 'Unknown'}, {'duration': 1500, 'departure_time': 16200, 'arrival_time': 17700, 'day': 'current_day', 'from_stop_id': 'MH-L-0', 'to_stop_id': 'MH-R-0', 'trip_id': '0-0-7', 'agency_name': 'Unknown'}, {'duration': 30, 'departure_time': 17700, 'arrival_time': 17730, 'day': 'current_day', 'from_stop_id': 'MH-R-0', 'to_stop_id': 'MH-R-5', 'trip_id': 'walking', 'agency_name': 'Unknown'}, {'duration': 1050, 'departure_time': 17940, 'arrival_time': 18990, 'day': 'current_day', 'from_stop_id': 'MH-R-5', 'to_stop_id': '227-5', 'trip_id': '10-0-24', 'agency_name': 'Unknown'}]}"
91,203,7080,inter,left,299,[91],[182; 201; 213; 225],0,0,1000,751,7080,7140.0,11310.0,11370.0,4170.0,4.0,91,182,,,pt,5041.0,12121.0,5041.0,"{'duration': 4170, 'source_transfer_time': 0, 'waiting_time': 330, 'trip_time': 3840, 'num_transfers': 4, 'departure_time': 7140, 'departure_day': 'current_day', 'arrival_time': 11310, 'arrival_day': 'current_day', 'steps': [{'duration': 690, 'departure_time': 7470, 'arrival_time': 8160, 'day': 'current_day', 'from_stop_id': '91-4', 'to_stop_id': 'MH-L-4', 'trip_id': '7-1-8', 'agency_name': 'Unknown'}, {'duration': 30, 'departure_time': 8160, 'arrival_time': 8190, 'day': 'current_day', 'from_stop_id': 'MH-L-4', 'to_stop_id': 'MH-L-0', 'trip_id': 'walking', 'agency_name': 'Unknown'}, {'duration': 1500, 'departure_time': 9000, 'arrival_time': 10500, 'day': 'current_day', 'from_stop_id': 'MH-L-0', 'to_stop_id': 'MH-R-0', 'trip_id': '0-0-3', 'agency_name': 'Unknown'}, {'duration': 30, 'departure_time': 10500, 'arrival_time': 10530, 'day': 'current_day', 'from_stop_id': 'MH-R-0', 'to_stop_id': 'MH-R-1', 'trip_id': 'walking', 'agency_name': 'Unknown'}, {'duration': 570, 'departure_time': 10740, 'arrival_time': 11310, 'day': 'current_day', 'from_stop_id': 'MH-R-1', 'to_stop_id': '182-1', 'trip_id': '3-0-12', 'agency_name': 'Unknown'}]}"
0,217,7080,inter,left,300,[0],[217],0,0,0,0,7080,7140.0,11550.0,11610.0,4410.0,4.0,0,217,,,pt,4530.0,11610.0,4530.0,"{'duration': 4410, 'source_transfer_time': 0, 'waiting_time': 450, 'trip_time': 3960, 'num_transfers': 4, 'departure_time': 7140, 'departure_day': 'current_day', 'arrival_time': 11550, 'arrival_day': 'current_day', 'steps': [{'duration': 1170, 'departure_time': 7590, 'arrival_time': 8760, 'day': 'current_day', 'from_stop_id': '0-4', 'to_stop_id': 'MH-L-4', 'trip_id': '7-0-9', 'agency_name': 'Unknown'}, {'duration': 30, 'departure_time': 8760, 'arrival_time': 8790, 'day': 'current_day', 'from_stop_id': 'MH-L-4', 'to_stop_id': 'MH-L-0', 'trip_id': 'walking', 'agency_name': 'Unknown'}, {'duration': 1500, 'departure_time': 9000, 'arrival_time': 10500, 'day': 'current_day', 'from_stop_id': 'MH-L-0', 'to_stop_id': 'MH-R-0', 'trip_id': '0-0-3', 'agency_name': 'Unknown'}, {'duration': 30, 'departure_time': 10500, 'arrival_time': 10530, 'day': 'current_day', 'from_stop_id': 'MH-R-0', 'to_stop_id': 'MH-R-5', 'trip_id': 'walking', 'agency_name': 'Unknown'}, {'duration': 810, 'departure_time': 10740, 'arrival_time': 11550, 'day': 'current_day', 'from_stop_id': 'MH-R-5', 'to_stop_id': '217-5', 'trip_id': '10-0-12', 'agency_name': 'Unknown'}]}"
71,194,9150,inter,left,301,[61],[176; 196; 206; 216],500,375,1000,751,9525,9585.0,12990.0,13050.0,3405.0,4.0,61,176,,,pt,4651.0,13801.0,4651.0,"{'duration': 3405, 'source_transfer_time': 0, 'waiting_time': 405, 'trip_time': 3000, 'num_transfers': 4, 'departure_time': 9585, 'departure_day': 'current_day', 'arrival_time': 12990, 'arrival_day': 'current_day', 'steps': [{'duration': 570, 'departure_time': 9990, 'arrival_time': 10560, 'day': 'current_day', 'from_stop_id': '61-1', 'to_stop_id': 'MH-L-1', 'trip_id': '1-1-12', 'agency_name': 'Unknown'}, {'duration': 30, 'departure_time': 10560, 'arrival_time': 10590, 'day': 'current_day', 'from_stop_id': 'MH-L-1', 'to_stop_id': 'MH-L-0', 'trip_id': 'walking', 'agency_name': 'Unknown'}, {'duration': 1500, 'departure_time': 10800, 'arrival_time': 12300, 'day': 'current_day', 'from_stop_id': 'MH-L-0', 'to_stop_id': 'MH-R-0', 'trip_id': '0-0-4', 'agency_name': 'Unknown'}, {'duration': 30, 'departure_time': 12300, 'arrival_time': 12330, 'day': 'current_day', 'from_stop_id': 'MH-R-0', 'to_stop_id': 'MH-R-1', 'trip_id': 'walking', 'agency_name': 'Unknown'}, {'duration': 450, 'departure_time': 12540, 'arrival_time': 12990, 'day': 'current_day', 'from_stop_id': 'MH-R-1', 'to_stop_id': '176-1', 'trip_id': '3-1-15', 'agency_name': 'Unknown'}]}"
91,152,5220,inter,left,302,[91],[141; 151],0,0,500,375,5220,5280.0,9630.0,9690.0,4350.0,4.0,91,151,,,pt,4845.0,10065.0,4845.0,"{'duration': 4350, 'source_transfer_time': 0, 'waiting_time': 390, 'trip_time': 3960, 'num_transfers': 4, 'departure_time': 5280, 'departure_day': 'current_day', 'arrival_time': 9630, 'arrival_day': 'current_day', 'steps': [{'duration': 690, 'departure_time': 5670, 'arrival_time': 6360, 'day': 'current_day', 'from_stop_id': '91-4', 'to_stop_id': 'MH-L-4', 'trip_id': '7-1-5', 'agency_name': 'Unknown'}, {'duration': 30, 'departure_time': 6360, 'arrival_time': 6390, 'day': 'current_day', 'from_stop_id': 'MH-L-4', 'to_stop_id': 'MH-L-0', 'trip_id': 'walking', 'agency_name': 'Unknown'}, {'duration': 1500, 'departure_time': 7200, 'arrival_time': 8700, 'day': 'current_day', 'from_stop_id': 'MH-L-0', 'to_stop_id': 'MH-R-0', 'trip_id': '0-0-2', 'agency_name': 'Unknown'}, {'duration': 30, 'departure_time': 8700, 'arrival_time': 8730, 'day': 'current_day', 'from_stop_id': 'MH-R-0', 'to_stop_id': 'MH-R-5', 'trip_id': 'walking', 'agency_name': 'Unknown'}, {'duration': 690, 'departure_time': 8940, 'arrival_time': 9630, 'day': 'current_day', 'from_stop_id': 'MH-R-5', 'to_stop_id': '151-5', 'trip_id': '10-1-9', 'agency_name': 'Unknown'}]}"
50,196,7740,inter,left,303,[40; 49; 58],[196],500,375,0,0,8115,8175.0,11190.0,11250.0,3015.0,4.0,40,196,,,pt,3510.0,11250.0,3510.0,"{'duration': 3015, 'source_transfer_time': 0, 'waiting_time': 135, 'trip_time': 2880, 'num_transfers': 4, 'departure_time': 8175, 'departure_day': 'current_day', 'arrival_time': 11190, 'arrival_day': 'current_day', 'steps': [{'duration': 450, 'departure_time': 8310, 'arrival_time': 8760, 'day': 'current_day', 'from_stop_id': '40-5', 'to_stop_id': 'MH-L-5', 'trip_id': '8-0-9', 'agency_name': 'Unknown'}, {'duration': 30, 'departure_time': 8760, 'arrival_time': 8790, 'day': 'current_day', 'from_stop_id': 'MH-L-5', 'to_stop_id': 'MH-L-0', 'trip_id': 'walking', 'agency_name': 'Unknown'}, {'duration': 1500, 'departure_time': 9000, 'arrival_time': 10500, 'day': 'current_day', 'from_stop_id': 'MH-L-0', 'to_stop_id': 'MH-R-0', 'trip_id': '0-0-3', 'agency_name': 'Unknown'}, {'duration': 30, 'departure_time': 10500, 'arrival_time': 10530, 'day': 'current_day', 'from_stop_id': 'MH-R-0', 'to_stop_id': 'MH-R-5', 'trip_id': 'walking', 'agency_name': 'Unknown'}, {'duration': 450, 'departure_time': 10740, 'arrival_time': 11190, 'day': 'current_day', 'from_stop_id': 'MH-R-5', 'to_stop_id': '196-5', 'trip_id': '10-0-12', 'agency_name': 'Unknown'}]}"
64,204,14010,inter,left,304,[56],[206; 216; 226],500,375,1000,751,14385,14445.0,18630.0,18690.0,4185.0,4.0,56,206,,,pt,5431.0,19441.0,5431.0,"{'duration': 4185, 'source_transfer_time': 0, 'waiting_time': 585, 'trip_time': 3600, 'num_transfers': 4, 'departure_time': 14445, 'departure_day': 'current_day', 'arrival_time': 18630, 'arrival_day': 'current_day', 'steps': [{'duration': 330, 'departure_time': 15030, 'arrival_time': 15360, 'day': 'current_day', 'from_stop_id': '56-1', 'to_stop_id': 'MH-L-1', 'trip_id': '1-0-20', 'agency_name': 'Unknown'}, {'duration': 30, 'departure_time': 15360, 'arrival_time': 15390, 'day': 'current_day', 'from_stop_id': 'MH-L-1', 'to_stop_id': 'MH-L-0', 'trip_id': 'walking', 'agency_name': 'Unknown'}, {'duration': 1500, 'departure_time': 16200, 'arrival_time': 17700, 'day': 'current_day', 'from_stop_id': 'MH-L-0', 'to_stop_id': 'MH-R-0', 'trip_id': '0-0-7', 'agency_name': 'Unknown'}, {'duration': 30, 'departure_time': 17700, 'arrival_time': 17730, 'day': 'current_day', 'from_stop_id': 'MH-R-0', 'to_stop_id': 'MH-R-5', 'trip_id': 'walking', 'agency_name': 'Unknown'}, {'duration': 690, 'departure_time': 17940, 'arrival_time': 18630, 'day': 'current_day', 'from_stop_id': 'MH-R-5', 'to_stop_id': '206-5', 'trip_id': '10-0-24', 'agency_name': 'Unknown'}]}"
61,152,9780,inter,left,305,[61],[141; 151],0,0,500,375,9780,9840.0,13230.0,13290.0,3390.0,4.0,61,151,,,pt,3885.0,13665.0,3885.0,"{'duration': 3390, 'source_transfer_time': 0, 'waiting_time': 150, 'trip_time': 3240, 'num_transfers': 4, 'departure_time': 9840, 'departure_day': 'current_day', 'arrival_time': 13230, 'arrival_day': 'current_day', 'steps': [{'duration': 570, 'departure_time': 9990, 'arrival_time': 10560, 'day': 'current_day', 'from_stop_id': '61-1', 'to_stop_id': 'MH-L-1', 'trip_id': '1-1-12', 'agency_name': 'Unknown'}, {'duration': 30, 'departure_time': 10560, 'arrival_time': 10590, 'day': 'current_day', 'from_stop_id': 'MH-L-1', 'to_stop_id': 'MH-L-0', 'trip_id': 'walking', 'agency_name': 'Unknown'}, {'duration': 1500, 'departure_time': 10800, 'arrival_time': 12300, 'day': 'current_day', 'from_stop_id': 'MH-L-0', 'to_stop_id': 'MH-R-0', 'trip_id': '0-0-4', 'agency_name': 'Unknown'}, {'duration': 30, 'departure_time': 12300, 'arrival_time': 12330, 'day': 'current_day', 'from_stop_id': 'MH-R-0', 'to_stop_id': 'MH-R-5', 'trip_id': 'walking', 'agency_name': 'Unknown'}, {'duration': 690, 'departure_time': 12540, 'arrival_time': 13230, 'day': 'current_day', 'from_stop_id': 'MH-R-5', 'to_stop_id': '151-5', 'trip_id': '10-1-15', 'agency_name': 'Unknown'}]}"
90,211,11790,inter,left,306,[79; 91],[200; 212],500,375,500,375,12165,12225.0,16590.0,16650.0,4365.0,4.0,79,200,,,pt,5235.0,17025.0,5235.0,"{'duration': 4365, 'source_transfer_time': 0, 'waiting_time': 285, 'trip_time': 4080, 'num_transfers': 4, 'departure_time': 12225, 'departure_day': 'current_day', 'arrival_time': 16590, 'arrival_day': 'current_day', 'steps': [{'duration': 450, 'departure_time': 12510, 'arrival_time': 12960, 'day': 'current_day', 'from_stop_id': '79-4', 'to_stop_id': 'MH-L-4', 'trip_id': '7-1-16', 'agency_name': 'Unknown'}, {'duration': 30, 'departure_time': 12960, 'arrival_time': 12990, 'day': 'current_day', 'from_stop_id': 'MH-L-4', 'to_stop_id': 'MH-L-0', 'trip_id': 'walking', 'agency_name': 'Unknown'}, {'duration': 1500, 'departure_time': 14400, 'arrival_time': 15900, 'day': 'current_day', 'from_stop_id': 'MH-L-0', 'to_stop_id': 'MH-R-0', 'trip_id': '0-0-6', 'agency_name': 'Unknown'}, {'duration': 30, 'departure_time': 15900, 'arrival_time': 15930, 'day': 'current_day', 'from_stop_id': 'MH-R-0', 'to_stop_id': 'MH-R-4', 'trip_id': 'walking', 'agency_name': 'Unknown'}, {'duration': 450, 'departure_time': 16140, 'arrival_time': 16590, 'day': 'current_day', 'from_stop_id': 'MH-R-4', 'to_stop_id': '200-4', 'trip_id': '9-0-21', 'agency_name': 'Unknown'}]}"
94,229,13170,inter,left,307,[95; 105],[207; 217; 227; 231],500,375,1000,751,13545,13605.0,18510.0,18570.0,4905.0,4.0,95,207,,,pt,6151.0,19321.0,6151.0,"{'duration': 4905, 'source_transfer_time': 0, 'waiting_time': 225, 'trip_time': 4680, 'num_transfers': 4, 'departure_time': 13605, 'departure_day': 'current_day', 'arrival_time': 18510, 'arrival_day': 'current_day', 'steps': [{'duration': 930, 'departure_time': 13830, 'arrival_time': 14760, 'day': 'current_day', 'from_stop_id': '95-5', 'to_stop_id': 'MH-L-5', 'trip_id': '8-1-19', 'agency_name': 'Unknown'}, {'duration': 30, 'departure_time': 14760, 'arrival_time': 14790, 'day': 'current_day', 'from_stop_id': 'MH-L-5', 'to_stop_id': 'MH-L-0', 'trip_id': 'walking', 'agency_name': 'Unknown'}, {'duration': 1500, 'departure_time': 16200, 'arrival_time': 17700, 'day': 'current_day', 'from_stop_id': 'MH-L-0', 'to_stop_id': 'MH-R-0', 'trip_id': '0-0-7', 'agency_name': 'Unknown'}, {'duration': 30, 'departure_time': 17700, 'arrival_time': 17730, 'day': 'current_day', 'from_stop_id': 'MH-R-0', 'to_stop_id': 'MH-R-5', 'trip_id': 'walking', 'agency_name': 'Unknown'}, {'duration': 570, 'departure_time': 17940, 'arrival_time': 18510, 'day': 'current_day', 'from_stop_id': 'MH-R-5', 'to_stop_id': '207-5', 'trip_id': '10-0-24', 'agency_name': 'Unknown'}]}"
76,196,10920,inter,left,308,[76],[196],0,0,0,0,10920,10980.0,14790.0,14850.0,3810.0,4.0,76,196,,,pt,3930.0,14850.0,3930.0,"{'duration': 3810, 'source_transfer_time': 0, 'waiting_time': 450, 'trip_time': 3360, 'num_transfers': 4, 'departure_time': 10980, 'departure_day': 'current_day', 'arrival_time': 14790, 'arrival_day': 'current_day', 'steps': [{'duration': 330, 'departure_time': 11430, 'arrival_time': 11760, 'day': 'current_day', 'from_stop_id': '76-5', 'to_stop_id': 'MH-L-5', 'trip_id': '8-1-14', 'agency_name': 'Unknown'}, {'duration': 30, 'departure_time': 11760, 'arrival_time': 11790, 'day': 'current_day', 'from_stop_id': 'MH-L-5', 'to_stop_id': 'MH-L-0', 'trip_id': 'walking', 'agency_name': 'Unknown'}, {'duration': 1500, 'departure_time': 12600, 'arrival_time': 14100, 'day': 'current_day', 'from_stop_id': 'MH-L-0', 'to_stop_id': 'MH-R-0', 'trip_id': '0-0-5', 'agency_name': 'Unknown'}, {'duration': 30, 'departure_time': 14100, 'arrival_time': 14130, 'day': 'current_day', 'from_stop_id': 'MH-R-0', 'to_stop_id': 'MH-R-5', 'trip_id': 'walking', 'agency_name': 'Unknown'}, {'duration': 450, 'departure_time': 14340, 'arrival_time': 14790, 'day': 'current_day', 'from_stop_id': 'MH-R-5', 'to_stop_id': '196-5', 'trip_id': '10-0-18', 'agency_name': 'Unknown'}]}"
44,173,6960,inter,left,309,[54],[181],500,375,500,375,7335,7395.0,11190.0,11250.0,3795.0,4.0,54,181,,,pt,4665.0,11625.0,4665.0,"{'duration': 3795, 'source_transfer_time': 0, 'waiting_time': 195, 'trip_time': 3600, 'num_transfers': 4, 'departure_time': 7395, 'departure_day': 'current_day', 'arrival_time': 11190, 'arrival_day': 'current_day', 'steps': [{'duration': 570, 'departure_time': 7590, 'arrival_time': 8160, 'day': 'current_day', 'from_stop_id': '54-1', 'to_stop_id': 'MH-L-1', 'trip_id': '1-0-8', 'agency_name': 'Unknown'}, {'duration': 30, 'departure_time': 8160, 'arrival_time': 8190, 'day': 'current_day', 'from_stop_id': 'MH-L-1', 'to_stop_id': 'MH-L-0', 'trip_id': 'walking', 'agency_name': 'Unknown'}, {'duration': 1500, 'departure_time': 9000, 'arrival_time': 10500, 'day': 'current_day', 'from_stop_id': 'MH-L-0', 'to_stop_id': 'MH-R-0', 'trip_id': '0-0-3', 'agency_name': 'Unknown'}, {'duration': 30, 'departure_time': 10500, 'arrival_time': 10530, 'day': 'current_day', 'from_stop_id': 'MH-R-0', 'to_stop_id': 'MH-R-1', 'trip_id': 'walking', 'agency_name': 'Unknown'}, {'duration': 450, 'departure_time': 10740, 'arrival_time': 11190, 'day': 'current_day', 'from_stop_id': 'MH-R-1', 'to_stop_id': '181-1', 'trip_id': '3-0-12', 'agency_name': 'Unknown'}]}"
61,145,11160,inter,left,310,[61],[145],0,0,0,0,11160,11220.0,15030.0,15090.0,3810.0,4.0,61,145,,,pt,3930.0,15090.0,3930.0,"{'duration': 3810, 'source_transfer_time': 0, 'waiting_time': 570, 'trip_time': 3240, 'num_transfers': 4, 'departure_time': 11220, 'departure_day': 'current_day', 'arrival_time': 15030, 'arrival_day': 'current_day', 'steps': [{'duration': 570, 'departure_time': 11790, 'arrival_time': 12360, 'day': 'current_day', 'from_stop_id': '61-1', 'to_stop_id': 'MH-L-1', 'trip_id': '1-1-15', 'agency_name': 'Unknown'}, {'duration': 30, 'departure_time': 12360, 'arrival_time': 12390, 'day': 'current_day', 'from_stop_id': 'MH-L-1', 'to_stop_id': 'MH-L-0', 'trip_id': 'walking', 'agency_name': 'Unknown'}, {'duration': 1500, 'departure_time': 12600, 'arrival_time': 14100, 'day': 'current_day', 'from_stop_id': 'MH-L-0', 'to_stop_id': 'MH-R-0', 'trip_id': '0-0-5', 'agency_name': 'Unknown'}, {'duration': 30, 'departure_time': 14100, 'arrival_time': 14130, 'day': 'current_day', 'from_stop_id': 'MH-R-0', 'to_stop_id': 'MH-R-4', 'trip_id': 'walking', 'agency_name': 'Unknown'}, {'duration': 690, 'departure_time': 14340, 'arrival_time': 15030, 'day': 'current_day', 'from_stop_id': 'MH-R-4', 'to_stop_id': '145-4', 'trip_id': '9-1-18', 'agency_name': 'Unknown'}]}"
75,157,8490,inter,left,311,[75],[157],0,0,0,0,8490,8550.0,12990.0,13050.0,4440.0,4.0,75,157,,,pt,4560.0,13050.0,4560.0,"{'duration': 4440, 'source_transfer_time': 0, 'waiting_time': 360, 'trip_time': 4080, 'num_transfers': 4, 'departure_time': 8550, 'departure_day': 'current_day', 'arrival_time': 12990, 'arrival_day': 'current_day', 'steps': [{'duration': 450, 'departure_time': 8910, 'arrival_time': 9360, 'day': 'current_day', 'from_stop_id': '75-5', 'to_stop_id': 'MH-L-5', 'trip_id': '8-1-10', 'agency_name': 'Unknown'}, {'duration': 30, 'departure_time': 9360, 'arrival_time': 9390, 'day': 'current_day', 'from_stop_id': 'MH-L-5', 'to_stop_id': 'MH-L-0', 'trip_id': 'walking', 'agency_name': 'Unknown'}, {'duration': 1500, 'departure_time': 10800, 'arrival_time': 12300, 'day': 'current_day', 'from_stop_id': 'MH-L-0', 'to_stop_id': 'MH-R-0', 'trip_id': '0-0-4', 'agency_name': 'Unknown'}, {'duration': 30, 'departure_time': 12300, 'arrival_time': 12330, 'day': 'current_day', 'from_stop_id': 'MH-R-0', 'to_stop_id': 'MH-R-4', 'trip_id': 'walking', 'agency_name': 'Unknown'}, {'duration': 450, 'departure_time': 12540, 'arrival_time': 12990, 'day': 'current_day', 'from_stop_id': 'MH-R-4', 'to_stop_id': '157-4', 'trip_id': '9-1-15', 'agency_name': 'Unknown'}]}"
36,186,5610,inter,left,312,[36],[178; 187; 196],0,0,500,375,5610,5670.0,9150.0,9210.0,3480.0,4.0,36,178,,,pt,3975.0,9585.0,3975.0,"{'duration': 3480, 'source_transfer_time': 0, 'waiting_time': 240, 'trip_time': 3240, 'num_transfers': 4, 'departure_time': 5670, 'departure_day': 'current_day', 'arrival_time': 9150, 'arrival_day': 'current_day', 'steps': [{'duration': 450, 'departure_time': 5910, 'arrival_time': 6360, 'day': 'current_day', 'from_stop_id': '36-4', 'to_stop_id': 'MH-L-4', 'trip_id': '7-0-5', 'agency_name': 'Unknown'}, {'duration': 30, 'departure_time': 6360, 'arrival_time': 6390, 'day': 'current_day', 'from_stop_id': 'MH-L-4', 'to_stop_id': 'MH-L-0', 'trip_id': 'walking', 'agency_name': 'Unknown'}, {'duration': 1500, 'departure_time': 7200, 'arrival_time': 8700, 'day': 'current_day', 'from_stop_id': 'MH-L-0', 'to_stop_id': 'MH-R-0', 'trip_id': '0-0-2', 'agency_name': 'Unknown'}, {'duration': 30, 'departure_time': 8700, 'arrival_time': 8730, 'day': 'current_day', 'from_stop_id': 'MH-R-0', 'to_stop_id': 'MH-R-1', 'trip_id': 'walking', 'agency_name': 'Unknown'}, {'duration': 210, 'departure_time': 8940, 'arrival_time': 9150, 'day': 'current_day', 'from_stop_id': 'MH-R-1', 'to_stop_id': '178-1', 'trip_id': '3-1-9', 'agency_name': 'Unknown'}]}"
1,180,5010,inter,left,313,[0; 12],[180],500,375,0,0,5385,5445.0,9270.0,9330.0,3825.0,4.0,0,180,,,pt,4320.0,9330.0,4320.0,"{'duration': 3825, 'source_transfer_time': 0, 'waiting_time': 345, 'trip_time': 3480, 'num_transfers': 4, 'departure_time': 5445, 'departure_day': 'current_day', 'arrival_time': 9270, 'arrival_day': 'current_day', 'steps': [{'duration': 1170, 'departure_time': 5790, 'arrival_time': 6960, 'day': 'current_day', 'from_stop_id': '0-4', 'to_stop_id': 'MH-L-4', 'trip_id': '7-0-6', 'agency_name': 'Unknown'}, {'duration': 30, 'departure_time': 6960, 'arrival_time': 6990, 'day': 'current_day', 'from_stop_id': 'MH-L-4', 'to_stop_id': 'MH-L-0', 'trip_id': 'walking', 'agency_name': 'Unknown'}, {'duration': 1500, 'departure_time': 7200, 'arrival_time': 8700, 'day': 'current_day', 'from_stop_id': 'MH-L-0', 'to_stop_id': 'MH-R-0', 'trip_id': '0-0-2', 'agency_name': 'Unknown'}, {'duration': 30, 'departure_time': 8700, 'arrival_time': 8730, 'day': 'current_day', 'from_stop_id': 'MH-R-0', 'to_stop_id': 'MH-R-1', 'trip_id': 'walking', 'agency_name': 'Unknown'}, {'duration': 330, 'departure_time': 8940, 'arrival_time': 9270, 'day': 'current_day', 'from_stop_id': 'MH-R-1', 'to_stop_id': '180-1', 'trip_id': '3-0-9', 'agency_name': 'Unknown'}]}"
88,230,7920,inter,left,314,[88],[231],0,0,500,375,7920,7980.0,11310.0,11370.0,3330.0,4.0,88,231,,,pt,3825.0,11745.0,3825.0,"{'duration': 3330, 'source_transfer_time': 0, 'waiting_time': 450, 'trip_time': 2880, 'num_transfers': 4, 'departure_time': 7980, 'departure_day': 'current_day', 'arrival_time': 11310, 'arrival_day': 'current_day', 'steps': [{'duration': 330, 'departure_time': 8430, 'arrival_time': 8760, 'day': 'current_day', 'from_stop_id': '88-2', 'to_stop_id': 'MH-L-2', 'trip_id': '2-0-9', 'agency_name': 'Unknown'}, {'duration': 30, 'departure_time': 8760, 'arrival_time': 8790, 'day': 'current_day', 'from_stop_id': 'MH-L-2', 'to_stop_id': 'MH-L-0', 'trip_id': 'walking', 'agency_name': 'Unknown'}, {'duration': 1500, 'departure_time': 9000, 'arrival_time': 10500, 'day': 'current_day', 'from_stop_id': 'MH-L-0', 'to_stop_id': 'MH-R-0', 'trip_id': '0-0-3', 'agency_name': 'Unknown'}, {'duration': 30, 'departure_time': 10500, 'arrival_time': 10530, 'day': 'current_day', 'from_stop_id': 'MH-R-0', 'to_stop_id': 'MH-R-2', 'trip_id': 'walking', 'agency_name': 'Unknown'}, {'duration': 570, 'departure_time': 10740, 'arrival_time': 11310, 'day': 'current_day', 'from_stop_id': 'MH-R-2', 'to_stop_id': '231-2', 'trip_id': '4-1-12', 'agency_name': 'Unknown'}]}"
72,131,7080,inter,left,315,[54],[131],1000,751,0,0,7831,7891.0,11910.0,11970.0,4019.0,4.0,54,131,,,pt,4890.0,11970.0,4890.0,"{'duration': 4019, 'source_transfer_time': 0, 'waiting_time': 299, 'trip_time': 3720, 'num_transfers': 4, 'departure_time': 7891, 'departure_day': 'current_day', 'arrival_time': 11910, 'arrival_day': 'current_day', 'steps': [{'duration': 570, 'departure_time': 8190, 'arrival_time': 8760, 'day': 'current_day', 'from_stop_id': '54-1', 'to_stop_id': 'MH-L-1', 'trip_id': '1-0-9', 'agency_name': 'Unknown'}, {'duration': 30, 'departure_time': 8760, 'arrival_time': 8790, 'day': 'current_day', 'from_stop_id': 'MH-L-1', 'to_stop_id': 'MH-L-0', 'trip_id': 'walking', 'agency_name': 'Unknown'}, {'duration': 1500, 'departure_time': 9000, 'arrival_time': 10500, 'day': 'current_day', 'from_stop_id': 'MH-L-0', 'to_stop_id': 'MH-R-0', 'trip_id': '0-0-3', 'agency_name': 'Unknown'}, {'duration': 30, 'departure_time': 10500, 'arrival_time': 10530, 'day': 'current_day', 'from_stop_id': 'MH-R-0', 'to_stop_id': 'MH-R-5', 'trip_id': 'walking', 'agency_name': 'Unknown'}, {'duration': 1170, 'departure_time': 10740, 'arrival_time': 11910, 'day': 'current_day', 'from_stop_id': 'MH-R-5', 'to_stop_id': '131-5', 'trip_id': '10-1-12', 'agency_name': 'Unknown'}]}"
18,164,10350,inter,left,316,[19; 29],[182],500,375,1000,751,10725,10785.0,14910.0,14970.0,4125.0,4.0,19,182,,,pt,5371.0,15721.0,5371.0,"{'duration': 4125, 'source_transfer_time': 0, 'waiting_time': 165, 'trip_time': 3960, 'num_transfers': 4, 'departure_time': 10785, 'departure_day': 'current_day', 'arrival_time': 14910, 'arrival_day': 'current_day', 'steps': [{'duration': 810, 'departure_time': 10950, 'arrival_time': 11760, 'day': 'current_day', 'from_stop_id': '19-5', 'to_stop_id': 'MH-L-5', 'trip_id': '8-0-14', 'agency_name': 'Unknown'}, {'duration': 30, 'departure_time': 11760, 'arrival_time': 11790, 'day': 'current_day', 'from_stop_id': 'MH-L-5', 'to_stop_id': 'MH-L-0', 'trip_id': 'walking', 'agency_name': 'Unknown'}, {'duration': 1500, 'departure_time': 12600, 'arrival_time': 14100, 'day': 'current_day', 'from_stop_id': 'MH-L-0', 'to_stop_id': 'MH-R-0', 'trip_id': '0-0-5', 'agency_name': 'Unknown'}, {'duration': 30, 'departure_time': 14100, 'arrival_time': 14130, 'day': 'current_day', 'from_stop_id': 'MH-R-0', 'to_stop_id': 'MH-R-1', 'trip_id': 'walking', 'agency_name': 'Unknown'}, {'duration': 570, 'departure_time': 14340, 'arrival_time': 14910, 'day': 'current_day', 'from_stop_id': 'MH-R-1', 'to_stop_id': '182-1', 'trip_id': '3-0-18', 'agency_name': 'Unknown'}]}"
59,168,8070,inter,left,317,[59],[168],0,0,0,0,8070,8130.0,11070.0,11130.0,2940.0,4.0,59,168,,,pt,3060.0,11130.0,3060.0,"{'duration': 2940, 'source_transfer_time': 0, 'waiting_time': 300, 'trip_time': 2640, 'num_transfers': 4, 'departure_time': 8130, 'departure_day': 'current_day', 'arrival_time': 11070, 'arrival_day': 'current_day', 'steps': [{'duration': 330, 'departure_time': 8430, 'arrival_time': 8760, 'day': 'current_day', 'from_stop_id': '59-1', 'to_stop_id': 'MH-L-1', 'trip_id': '1-1-9', 'agency_name': 'Unknown'}, {'duration': 30, 'departure_time': 8760, 'arrival_time': 8790, 'day': 'current_day', 'from_stop_id': 'MH-L-1', 'to_stop_id': 'MH-L-0', 'trip_id': 'walking', 'agency_name': 'Unknown'}, {'duration': 1500, 'departure_time': 9000, 'arrival_time': 10500, 'day': 'current_day', 'from_stop_id': 'MH-L-0', 'to_stop_id': 'MH-R-0', 'trip_id': '0-0-3', 'agency_name': 'Unknown'}, {'duration': 30, 'departure_time': 10500, 'arrival_time': 10530, 'day': 'current_day', 'from_stop_id': 'MH-R-0', 'to_stop_id': 'MH-R-4', 'trip_id': 'walking', 'agency_name': 'Unknown'}, {'duration': 330, 'departure_time': 10740, 'arrival_time': 11070, 'day': 'current_day', 'from_stop_id': 'MH-R-4', 'to_stop_id': '168-4', 'trip_id': '9-1-12', 'agency_name': 'Unknown'}]}"
105,173,8550,inter,left,318,[105],[181],0,0,500,375,8550,8610.0,12990.0,13050.0,4380.0,4.0,105,181,,,pt,4875.0,13425.0,4875.0,"{'duration': 4380, 'source_transfer_time': 0, 'waiting_time': 180, 'trip_time': 4200, 'num_transfers': 4, 'departure_time': 8610, 'departure_day': 'current_day', 'arrival_time': 12990, 'arrival_day': 'current_day', 'steps': [{'duration': 1170, 'departure_time': 8790, 'arrival_time': 9960, 'day': 'current_day', 'from_stop_id': '105-5', 'to_stop_id': 'MH-L-5', 'trip_id': '8-1-11', 'agency_name': 'Unknown'}, {'duration': 30, 'departure_time': 9960, 'arrival_time': 9990, 'day': 'current_day', 'from_stop_id': 'MH-L-5', 'to_stop_id': 'MH-L-0', 'trip_id': 'walking', 'agency_name': 'Unknown'}, {'duration': 1500, 'departure_time': 10800, 'arrival_time': 12300, 'day': 'current_day', 'from_stop_id': 'MH-L-0', 'to_stop_id': 'MH-R-0', 'trip_id': '0-0-4', 'agency_name': 'Unknown'}, {'duration': 30, 'departure_time': 12300, 'arrival_time': 12330, 'day': 'current_day', 'from_stop_id': 'MH-R-0', 'to_stop_id': 'MH-R-1', 'trip_id': 'walking', 'agency_name': 'Unknown'}, {'duration': 450, 'departure_time': 12540, 'arrival_time': 12990, 'day': 'current_day', 'from_stop_id': 'MH-R-1', 'to_stop_id': '181-1', 'trip_id': '3-0-15', 'agency_name': 'Unknown'}]}"
64,231,12570,inter,left,319,[56],[231],500,375,0,0,12945,13005.0,16710.0,16770.0,3705.0,4.0,56,231,,,pt,4200.0,16770.0,4200.0,"{'duration': 3705, 'source_transfer_time': 0, 'waiting_time': 225, 'trip_time': 3480, 'num_transfers': 4, 'departure_time': 13005, 'departure_day': 'current_day', 'arrival_time': 16710, 'arrival_day': 'current_day', 'steps': [{'duration': 330, 'departure_time': 13230, 'arrival_time': 13560, 'day': 'current_day', 'from_stop_id': '56-1', 'to_stop_id': 'MH-L-1', 'trip_id': '1-0-17', 'agency_name': 'Unknown'}, {'duration': 30, 'departure_time': 13560, 'arrival_time': 13590, 'day': 'current_day', 'from_stop_id': 'MH-L-1', 'to_stop_id': 'MH-L-0', 'trip_id': 'walking', 'agency_name': 'Unknown'}, {'duration': 1500, 'departure_time': 14400, 'arrival_time': 15900, 'day': 'current_day', 'from_stop_id': 'MH-L-0', 'to_stop_id': 'MH-R-0', 'trip_id': '0-0-6', 'agency_name': 'Unknown'}, {'duration': 30, 'departure_time': 15900, 'arrival_time': 15930, 'day': 'current_day', 'from_stop_id': 'MH-R-0', 'to_stop_id': 'MH-R-2', 'trip_id': 'walking', 'agency_name': 'Unknown'}, {'duration': 570, 'departure_time': 16140, 'arrival_time': 16710, 'day': 'current_day', 'from_stop_id': 'MH-R-2', 'to_stop_id': '231-2', 'trip_id': '4-1-21', 'agency_name': 'Unknown'}]}"
34,133,14400,inter,left,320,[23; 35],[133],500,375,0,0,14775,14835.0,18870.0,18930.0,4035.0,4.0,23,133,,,pt,4530.0,18930.0,4530.0,"{'duration': 4035, 'source_transfer_time': 0, 'waiting_time': 315, 'trip_time': 3720, 'num_transfers': 4, 'departure_time': 14835, 'departure_day': 'current_day', 'arrival_time': 18870, 'arrival_day': 'current_day', 'steps': [{'duration': 810, 'departure_time': 15150, 'arrival_time': 15960, 'day': 'current_day', 'from_stop_id': '23-4', 'to_stop_id': 'MH-L-4', 'trip_id': '7-0-21', 'agency_name': 'Unknown'}, {'duration': 30, 'departure_time': 15960, 'arrival_time': 15990, 'day': 'current_day', 'from_stop_id': 'MH-L-4', 'to_stop_id': 'MH-L-0', 'trip_id': 'walking', 'agency_name': 'Unknown'}, {'duration': 1500, 'departure_time': 16200, 'arrival_time': 17700, 'day': 'current_day', 'from_stop_id': 'MH-L-0', 'to_stop_id': 'MH-R-0', 'trip_id': '0-0-7', 'agency_name': 'Unknown'}, {'duration': 30, 'departure_time': 17700, 'arrival_time': 17730, 'day': 'current_day', 'from_stop_id': 'MH-R-0', 'to_stop_id': 'MH-R-4', 'trip_id': 'walking', 'agency_name': 'Unknown'}, {'duration': 930, 'departure_time': 17940, 'arrival_time': 18870, 'day': 'current_day', 'from_stop_id': 'MH-R-4', 'to_stop_id': '133-4', 'trip_id': '9-1-24', 'agency_name': 'Unknown'}]}"
31,231,11040,inter,left,321,[20; 30],[231],500,375,0,0,11415,11475.0,14910.0,14970.0,3435.0,4.0,30,231,,,pt,3930.0,14970.0,3930.0,"{'duration': 3435, 'source_transfer_time': 0, 'waiting_time': 195, 'trip_time': 3240, 'num_transfers': 4, 'departure_time': 11475, 'departure_day': 'current_day', 'arrival_time': 14910, 'arrival_day': 'current_day', 'steps': [{'duration': 690, 'departure_time': 11670, 'arrival_time': 12360, 'day': 'current_day', 'from_stop_id': '30-5', 'to_stop_id': 'MH-L-5', 'trip_id': '8-0-15', 'agency_name': 'Unknown'}, {'duration': 30, 'departure_time': 12360, 'arrival_time': 12390, 'day': 'current_day', 'from_stop_id': 'MH-L-5', 'to_stop_id': 'MH-L-0', 'trip_id': 'walking', 'agency_name': 'Unknown'}, {'duration': 1500, 'departure_time': 12600, 'arrival_time': 14100, 'day': 'current_day', 'from_stop_id': 'MH-L-0', 'to_stop_id': 'MH-R-0', 'trip_id': '0-0-5', 'agency_name': 'Unknown'}, {'duration': 30, 'departure_time': 14100, 'arrival_time': 14130, 'day': 'current_day', 'from_stop_id': 'MH-R-0', 'to_stop_id': 'MH-R-2', 'trip_id': 'walking', 'agency_name': 'Unknown'}, {'duration': 570, 'departure_time': 14340, 'arrival_time': 14910, 'day': 'current_day', 'from_stop_id': 'MH-R-2', 'to_stop_id': '231-2', 'trip_id': '4-1-18', 'agency_name': 'Unknown'}]}"
14,151,6900,inter,left,322,[12; 16; 24; 36],[151],1000,751,0,0,7651,7711.0,11430.0,11490.0,3719.0,4.0,12,151,,,pt,4590.0,11490.0,4590.0,"{'duration': 3719, 'source_transfer_time': 0, 'waiting_time': 119, 'trip_time': 3600, 'num_transfers': 4, 'departure_time': 7711, 'departure_day': 'current_day', 'arrival_time': 11430, 'arrival_day': 'current_day', 'steps': [{'duration': 930, 'departure_time': 7830, 'arrival_time': 8760, 'day': 'current_day', 'from_stop_id': '12-4', 'to_stop_id': 'MH-L-4', 'trip_id': '7-0-9', 'agency_name': 'Unknown'}, {'duration': 30, 'departure_time': 8760, 'arrival_time': 8790, 'day': 'current_day', 'from_stop_id': 'MH-L-4', 'to_stop_id': 'MH-L-0', 'trip_id': 'walking', 'agency_name': 'Unknown'}, {'duration': 1500, 'departure_time': 9000, 'arrival_time': 10500, 'day': 'current_day', 'from_stop_id': 'MH-L-0', 'to_stop_id': 'MH-R-0', 'trip_id': '0-0-3', 'agency_name': 'Unknown'}, {'duration': 30, 'departure_time': 10500, 'arrival_time': 10530, 'day': 'current_day', 'from_stop_id': 'MH-R-0', 'to_stop_id': 'MH-R-5', 'trip_id': 'walking', 'agency_name': 'Unknown'}, {'duration': 690, 'departure_time': 10740, 'arrival_time': 11430, 'day': 'current_day', 'from_stop_id': 'MH-R-5', 'to_stop_id': '151-5', 'trip_id': '10-1-12', 'agency_name': 'Unknown'}]}"
55,197,7830,inter,left,323,[55],[197],0,0,0,0,7830,7890.0,11070.0,11130.0,3180.0,4.0,55,197,,,pt,3300.0,11130.0,3300.0,"{'duration': 3180, 'source_transfer_time': 0, 'waiting_time': 420, 'trip_time': 2760, 'num_transfers': 4, 'departure_time': 7890, 'departure_day': 'current_day', 'arrival_time': 11070, 'arrival_day': 'current_day', 'steps': [{'duration': 450, 'departure_time': 8310, 'arrival_time': 8760, 'day': 'current_day', 'from_stop_id': '55-1', 'to_stop_id': 'MH-L-1', 'trip_id': '1-0-9', 'agency_name': 'Unknown'}, {'duration': 30, 'departure_time': 8760, 'arrival_time': 8790, 'day': 'current_day', 'from_stop_id': 'MH-L-1', 'to_stop_id': 'MH-L-0', 'trip_id': 'walking', 'agency_name': 'Unknown'}, {'duration': 1500, 'departure_time': 9000, 'arrival_time': 10500, 'day': 'current_day', 'from_stop_id': 'MH-L-0', 'to_stop_id': 'MH-R-0', 'trip_id': '0-0-3', 'agency_name': 'Unknown'}, {'duration': 30, 'departure_time': 10500, 'arrival_time': 10530, 'day': 'current_day', 'from_stop_id': 'MH-R-0', 'to_stop_id': 'MH-R-5', 'trip_id': 'walking', 'agency_name': 'Unknown'}, {'duration': 330, 'departure_time': 10740, 'arrival_time': 11070, 'day': 'current_day', 'from_stop_id': 'MH-R-5', 'to_stop_id': '197-5', 'trip_id': '10-0-12', 'agency_name': 'Unknown'}]}"
75,155,12540,inter,left,324,[75],[144; 156],0,0,500,375,12540,12600.0,16710.0,16770.0,4110.0,4.0,75,156,,,pt,4605.0,17145.0,4605.0,"{'duration': 4110, 'source_transfer_time': 0, 'waiting_time': 510, 'trip_time': 3600, 'num_transfers': 4, 'departure_time': 12600, 'departure_day': 'current_day', 'arrival_time': 16710, 'arrival_day': 'current_day', 'steps': [{'duration': 450, 'departure_time': 13110, 'arrival_time': 13560, 'day': 'current_day', 'from_stop_id': '75-5', 'to_stop_id': 'MH-L-5', 'trip_id': '8-1-17', 'agency_name': 'Unknown'}, {'duration': 30, 'departure_time': 13560, 'arrival_time': 13590, 'day': 'current_day', 'from_stop_id': 'MH-L-5', 'to_stop_id': 'MH-L-0', 'trip_id': 'walking', 'agency_name': 'Unknown'}, {'duration': 1500, 'departure_time': 14400, 'arrival_time': 15900, 'day': 'current_day', 'from_stop_id': 'MH-L-0', 'to_stop_id': 'MH-R-0', 'trip_id': '0-0-6', 'agency_name': 'Unknown'}, {'duration': 30, 'departure_time': 15900, 'arrival_time': 15930, 'day': 'current_day', 'from_stop_id': 'MH-R-0', 'to_stop_id': 'MH-R-4', 'trip_id': 'walking', 'agency_name': 'Unknown'}, {'duration': 570, 'departure_time': 16140, 'arrival_time': 16710, 'day': 'current_day', 'from_stop_id': 'MH-R-4', 'to_stop_id': '156-4', 'trip_id': '9-1-21', 'agency_name': 'Unknown'}]}"
24,136,7890,inter,left,325,[24],[137],0,0,500,375,7890,7950.0,11190.0,11250.0,3240.0,4.0,24,137,,,pt,3735.0,11625.0,3735.0,"{'duration': 3240, 'source_transfer_time': 0, 'waiting_time': 120, 'trip_time': 3120, 'num_transfers': 4, 'departure_time': 7950, 'departure_day': 'current_day', 'arrival_time': 11190, 'arrival_day': 'current_day', 'steps': [{'duration': 690, 'departure_time': 8070, 'arrival_time': 8760, 'day': 'current_day', 'from_stop_id': '24-4', 'to_stop_id': 'MH-L-4', 'trip_id': '7-0-9', 'agency_name': 'Unknown'}, {'duration': 30, 'departure_time': 8760, 'arrival_time': 8790, 'day': 'current_day', 'from_stop_id': 'MH-L-4', 'to_stop_id': 'MH-L-0', 'trip_id': 'walking', 'agency_name': 'Unknown'}, {'duration': 1500, 'departure_time': 9000, 'arrival_time': 10500, 'day': 'current_day', 'from_stop_id': 'MH-L-0', 'to_stop_id': 'MH-R-0', 'trip_id': '0-0-3', 'agency_name': 'Unknown'}, {'duration': 30, 'departure_time': 10500, 'arrival_time': 10530, 'day': 'current_day', 'from_stop_id': 'MH-R-0', 'to_stop_id': 'MH-R-2', 'trip_id': 'walking', 'agency_name': 'Unknown'}, {'duration': 450, 'departure_time': 10740, 'arrival_time': 11190, 'day': 'current_day', 'from_stop_id': 'MH-R-2', 'to_stop_id': '137-2', 'trip_id': '4-0-12', 'agency_name': 'Unknown'}]}"
26,232,8430,inter,left,326,[27],[231],500,375,500,375,8805,8865.0,13110.0,13170.0,4245.0,4.0,27,231,,,pt,5115.0,13545.0,5115.0,"{'duration': 4245, 'source_transfer_time': 0, 'waiting_time': 165, 'trip_time': 4080, 'num_transfers': 4, 'departure_time': 8865, 'departure_day': 'current_day', 'arrival_time': 13110, 'arrival_day': 'current_day', 'steps': [{'duration': 330, 'departure_time': 9030, 'arrival_time': 9360, 'day': 'current_day', 'from_stop_id': '27-2', 'to_stop_id': 'MH-L-2', 'trip_id': '2-1-10', 'agency_name': 'Unknown'}, {'duration': 30, 'departure_time': 9360, 'arrival_time': 9390, 'day': 'current_day', 'from_stop_id': 'MH-L-2', 'to_stop_id': 'MH-L-0', 'trip_id': 'walking', 'agency_name': 'Unknown'}, {'duration': 1500, 'departure_time': 10800, 'arrival_time': 12300, 'day': 'current_day', 'from_stop_id': 'MH-L-0', 'to_stop_id': 'MH-R-0', 'trip_id': '0-0-4', 'agency_name': 'Unknown'}, {'duration': 30, 'departure_time': 12300, 'arrival_time': 12330, 'day': 'current_day', 'from_stop_id': 'MH-R-0', 'to_stop_id': 'MH-R-2', 'trip_id': 'walking', 'agency_name': 'Unknown'}, {'duration': 570, 'departure_time': 12540, 'arrival_time': 13110, 'day': 'current_day', 'from_stop_id': 'MH-R-2', 'to_stop_id': '231-2', 'trip_id': '4-1-15', 'agency_name': 'Unknown'}]}"
23,133,14070,inter,left,327,[23],[133],0,0,0,0,14070,14130.0,18870.0,18930.0,4740.0,4.0,23,133,,,pt,4860.0,18930.0,4860.0,"{'duration': 4740, 'source_transfer_time': 0, 'waiting_time': 420, 'trip_time': 4320, 'num_transfers': 4, 'departure_time': 14130, 'departure_day': 'current_day', 'arrival_time': 18870, 'arrival_day': 'current_day', 'steps': [{'duration': 810, 'departure_time': 14550, 'arrival_time': 15360, 'day': 'current_day', 'from_stop_id': '23-4', 'to_stop_id': 'MH-L-4', 'trip_id': '7-0-20', 'agency_name': 'Unknown'}, {'duration': 30, 'departure_time': 15360, 'arrival_time': 15390, 'day': 'current_day', 'from_stop_id': 'MH-L-4', 'to_stop_id': 'MH-L-0', 'trip_id': 'walking', 'agency_name': 'Unknown'}, {'duration': 1500, 'departure_time': 16200, 'arrival_time': 17700, 'day': 'current_day', 'from_stop_id': 'MH-L-0', 'to_stop_id': 'MH-R-0', 'trip_id': '0-0-7', 'agency_name': 'Unknown'}, {'duration': 30, 'departure_time': 17700, 'arrival_time': 17730, 'day': 'current_day', 'from_stop_id': 'MH-R-0', 'to_stop_id': 'MH-R-4', 'trip_id': 'walking', 'agency_name': 'Unknown'}, {'duration': 930, 'departure_time': 17940, 'arrival_time': 18870, 'day': 'current_day', 'from_stop_id': 'MH-R-4', 'to_stop_id': '133-4', 'trip_id': '9-1-24', 'agency_name': 'Unknown'}]}"
7,139,5130,inter,left,328,[5; 9; 19; 29],[140; 150],1000,751,500,375,5881,5941.0,9510.0,9570.0,3569.0,4.0,5,150,,,pt,4815.0,9945.0,4815.0,"{'duration': 3569, 'source_transfer_time': 0, 'waiting_time': 449, 'trip_time': 3120, 'num_transfers': 4, 'departure_time': 5941, 'departure_day': 'current_day', 'arrival_time': 9510, 'arrival_day': 'current_day', 'steps': [{'duration': 570, 'departure_time': 6390, 'arrival_time': 6960, 'day': 'current_day', 'from_stop_id': '5-2', 'to_stop_id': 'MH-L-2', 'trip_id': '2-1-6', 'agency_name': 'Unknown'}, {'duration': 30, 'departure_time': 6960, 'arrival_time': 6990, 'day': 'current_day', 'from_stop_id': 'MH-L-2', 'to_stop_id': 'MH-L-0', 'trip_id': 'walking', 'agency_name': 'Unknown'}, {'duration': 1500, 'departure_time': 7200, 'arrival_time': 8700, 'day': 'current_day', 'from_stop_id': 'MH-L-0', 'to_stop_id': 'MH-R-0', 'trip_id': '0-0-2', 'agency_name': 'Unknown'}, {'duration': 30, 'departure_time': 8700, 'arrival_time': 8730, 'day': 'current_day', 'from_stop_id': 'MH-R-0', 'to_stop_id': 'MH-R-5', 'trip_id': 'walking', 'agency_name': 'Unknown'}, {'duration': 570, 'departure_time': 8940, 'arrival_time': 9510, 'day': 'current_day', 'from_stop_id': 'MH-R-5', 'to_stop_id': '150-5', 'trip_id': '10-1-9', 'agency_name': 'Unknown'}]}"
39,164,4320,inter,left,329,[39],[182],0,0,1000,751,4320,4380.0,7710.0,7770.0,3330.0,4.0,39,182,,,pt,4201.0,8521.0,4201.0,"{'duration': 3330, 'source_transfer_time': 0, 'waiting_time': 450, 'trip_time': 2880, 'num_transfers': 4, 'departure_time': 4380, 'departure_day': 'current_day', 'arrival_time': 7710, 'arrival_day': 'current_day', 'steps': [{'duration': 330, 'departure_time': 4830, 'arrival_time': 5160, 'day': 'current_day', 'from_stop_id': '39-5', 'to_stop_id': 'MH-L-5', 'trip_id': '8-0-3', 'agency_name': 'Unknown'}, {'duration': 30, 'departure_time': 5160, 'arrival_time': 5190, 'day': 'current_day', 'from_stop_id': 'MH-L-5', 'to_stop_id': 'MH-L-0', 'trip_id': 'walking', 'agency_name': 'Unknown'}, {'duration': 1500, 'departure_time': 5400, 'arrival_time': 6900, 'day': 'current_day', 'from_stop_id': 'MH-L-0', 'to_stop_id': 'MH-R-0', 'trip_id': '0-0-1', 'agency_name': 'Unknown'}, {'duration': 30, 'departure_time': 6900, 'arrival_time': 6930, 'day': 'current_day', 'from_stop_id': 'MH-R-0', 'to_stop_id': 'MH-R-1', 'trip_id': 'walking', 'agency_name': 'Unknown'}, {'duration': 570, 'departure_time': 7140, 'arrival_time': 7710, 'day': 'current_day', 'from_stop_id': 'MH-R-1', 'to_stop_id': '182-1', 'trip_id': '3-0-6', 'agency_name': 'Unknown'}]}"
41,236,9390,inter,left,330,[30; 40],[236],500,375,0,0,9765,9825.0,13710.0,13770.0,3885.0,4.0,30,236,,,pt,4380.0,13770.0,4380.0,"{'duration': 3885, 'source_transfer_time': 0, 'waiting_time': 45, 'trip_time': 3840, 'num_transfers': 4, 'departure_time': 9825, 'departure_day': 'current_day', 'arrival_time': 13710, 'arrival_day': 'current_day', 'steps': [{'duration': 690, 'departure_time': 9870, 'arrival_time': 10560, 'day': 'current_day', 'from_stop_id': '30-5', 'to_stop_id': 'MH-L-5', 'trip_id': '8-0-12', 'agency_name': 'Unknown'}, {'duration': 30, 'departure_time': 10560, 'arrival_time': 10590, 'day': 'current_day', 'from_stop_id': 'MH-L-5', 'to_stop_id': 'MH-L-0', 'trip_id': 'walking', 'agency_name': 'Unknown'}, {'duration': 1500, 'departure_time': 10800, 'arrival_time': 12300, 'day': 'current_day', 'from_stop_id': 'MH-L-0', 'to_stop_id': 'MH-R-0', 'trip_id': '0-0-4', 'agency_name': 'Unknown'}, {'duration': 30, 'departure_time': 12300, 'arrival_time': 12330, 'day': 'current_day', 'from_stop_id': 'MH-R-0', 'to_stop_id': 'MH-R-4', 'trip_id': 'walking', 'agency_name': 'Unknown'}, {'duration': 1170, 'departure_time': 12540, 'arrival_time': 13710, 'day': 'current_day', 'from_stop_id': 'MH-R-4', 'to_stop_id': '236-4', 'trip_id': '9-0-15', 'agency_name': 'Unknown'}]}"
108,233,10380,inter,left,331,[86; 96; 106; 110],[231],1000,751,1000,751,11131,11191.0,14910.0,14970.0,3719.0,4.0,86,231,,,pt,5341.0,15721.0,5341.0,"{'duration': 3719, 'source_transfer_time': 0, 'waiting_time': 599, 'trip_time': 3120, 'num_transfers': 4, 'departure_time': 11191, 'departure_day': 'current_day', 'arrival_time': 14910, 'arrival_day': 'current_day', 'steps': [{'duration': 570, 'departure_time': 11790, 'arrival_time': 12360, 'day': 'current_day', 'from_stop_id': '86-5', 'to_stop_id': 'MH-L-5', 'trip_id': '8-1-15', 'agency_name': 'Unknown'}, {'duration': 30, 'departure_time': 12360, 'arrival_time': 12390, 'day': 'current_day', 'from_stop_id': 'MH-L-5', 'to_stop_id': 'MH-L-0', 'trip_id': 'walking', 'agency_name': 'Unknown'}, {'duration': 1500, 'departure_time': 12600, 'arrival_time': 14100, 'day': 'current_day', 'from_stop_id': 'MH-L-0', 'to_stop_id': 'MH-R-0', 'trip_id': '0-0-5', 'agency_name': 'Unknown'}, {'duration': 30, 'departure_time': 14100, 'arrival_time': 14130, 'day': 'current_day', 'from_stop_id': 'MH-R-0', 'to_stop_id': 'MH-R-2', 'trip_id': 'walking', 'agency_name': 'Unknown'}, {'duration': 570, 'departure_time': 14340, 'arrival_time': 14910, 'day': 'current_day', 'from_stop_id': 'MH-R-2', 'to_stop_id': '231-2', 'trip_id': '4-1-18', 'agency_name': 'Unknown'}]}"
40,224,9300,inter,left,332,[40],[224],0,0,0,0,9300,9360.0,13470.0,13530.0,4110.0,4.0,40,224,,,pt,4230.0,13530.0,4230.0,"{'duration': 4110, 'source_transfer_time': 0, 'waiting_time': 150, 'trip_time': 3960, 'num_transfers': 4, 'departure_time': 9360, 'departure_day': 'current_day', 'arrival_time': 13470, 'arrival_day': 'current_day', 'steps': [{'duration': 450, 'departure_time': 9510, 'arrival_time': 9960, 'day': 'current_day', 'from_stop_id': '40-5', 'to_stop_id': 'MH-L-5', 'trip_id': '8-0-11', 'agency_name': 'Unknown'}, {'duration': 30, 'departure_time': 9960, 'arrival_time': 9990, 'day': 'current_day', 'from_stop_id': 'MH-L-5', 'to_stop_id': 'MH-L-0', 'trip_id': 'walking', 'agency_name': 'Unknown'}, {'duration': 1500, 'departure_time': 10800, 'arrival_time': 12300, 'day': 'current_day', 'from_stop_id': 'MH-L-0', 'to_stop_id': 'MH-R-0', 'trip_id': '0-0-4', 'agency_name': 'Unknown'}, {'duration': 30, 'departure_time': 12300, 'arrival_time': 12330, 'day': 'current_day', 'from_stop_id': 'MH-R-0', 'to_stop_id': 'MH-R-4', 'trip_id': 'walking', 'agency_name': 'Unknown'}, {'duration': 930, 'departure_time': 12540, 'arrival_time': 13470, 'day': 'current_day', 'from_stop_id': 'MH-R-4', 'to_stop_id': '224-4', 'trip_id': '9-0-15', 'agency_name': 'Unknown'}]}"
71,133,5940,inter,left,333,[61],[133],500,375,0,0,6315,6375.0,9870.0,9930.0,3495.0,4.0,61,133,,,pt,3990.0,9930.0,3990.0,"{'duration': 3495, 'source_transfer_time': 0, 'waiting_time': 15, 'trip_time': 3480, 'num_transfers': 4, 'departure_time': 6375, 'departure_day': 'current_day', 'arrival_time': 9870, 'arrival_day': 'current_day', 'steps': [{'duration': 570, 'departure_time': 6390, 'arrival_time': 6960, 'day': 'current_day', 'from_stop_id': '61-1', 'to_stop_id': 'MH-L-1', 'trip_id': '1-1-6', 'agency_name': 'Unknown'}, {'duration': 30, 'departure_time': 6960, 'arrival_time': 6990, 'day': 'current_day', 'from_stop_id': 'MH-L-1', 'to_stop_id': 'MH-L-0', 'trip_id': 'walking', 'agency_name': 'Unknown'}, {'duration': 1500, 'departure_time': 7200, 'arrival_time': 8700, 'day': 'current_day', 'from_stop_id': 'MH-L-0', 'to_stop_id': 'MH-R-0', 'trip_id': '0-0-2', 'agency_name': 'Unknown'}, {'duration': 30, 'departure_time': 8700, 'arrival_time': 8730, 'day': 'current_day', 'from_stop_id': 'MH-R-0', 'to_stop_id': 'MH-R-4', 'trip_id': 'walking', 'agency_name': 'Unknown'}, {'duration': 930, 'departure_time': 8940, 'arrival_time': 9870, 'day': 'current_day', 'from_stop_id': 'MH-R-4', 'to_stop_id': '133-4', 'trip_id': '9-1-9', 'agency_name': 'Unknown'}]}"
90,160,5550,inter,left,334,[79; 91],[160],500,375,0,0,5925,5985.0,9270.0,9330.0,3285.0,4.0,79,160,,,pt,3780.0,9330.0,3780.0,"{'duration': 3285, 'source_transfer_time': 0, 'waiting_time': 525, 'trip_time': 2760, 'num_transfers': 4, 'departure_time': 5985, 'departure_day': 'current_day', 'arrival_time': 9270, 'arrival_day': 'current_day', 'steps': [{'duration': 450, 'departure_time': 6510, 'arrival_time': 6960, 'day': 'current_day', 'from_stop_id': '79-4', 'to_stop_id': 'MH-L-4', 'trip_id': '7-1-6', 'agency_name': 'Unknown'}, {'duration': 30, 'departure_time': 6960, 'arrival_time': 6990, 'day': 'current_day', 'from_stop_id': 'MH-L-4', 'to_stop_id': 'MH-L-0', 'trip_id': 'walking', 'agency_name': 'Unknown'}, {'duration': 1500, 'departure_time': 7200, 'arrival_time': 8700, 'day': 'current_day', 'from_stop_id': 'MH-L-0', 'to_stop_id': 'MH-R-0', 'trip_id': '0-0-2', 'agency_name': 'Unknown'}, {'duration': 30, 'departure_time': 8700, 'arrival_time': 8730, 'day': 'current_day', 'from_stop_id': 'MH-R-0', 'to_stop_id': 'MH-R-5', 'trip_id': 'walking', 'agency_name': 'Unknown'}, {'duration': 330, 'departure_time': 8940, 'arrival_time': 9270, 'day': 'current_day', 'from_stop_id': 'MH-R-5', 'to_stop_id': '160-5', 'trip_id': '10-1-9', 'agency_name': 'Unknown'}]}"
26,227,11460,inter,left,335,[27],[227],500,375,0,0,11835,11895.0,15390.0,15450.0,3495.0,4.0,27,227,,,pt,3990.0,15450.0,3990.0,"{'duration': 3495, 'source_transfer_time': 0, 'waiting_time': 135, 'trip_time': 3360, 'num_transfers': 4, 'departure_time': 11895, 'departure_day': 'current_day', 'arrival_time': 15390, 'arrival_day': 'current_day', 'steps': [{'duration': 330, 'departure_time': 12030, 'arrival_time': 12360, 'day': 'current_day', 'from_stop_id': '27-2', 'to_stop_id': 'MH-L-2', 'trip_id': '2-1-15', 'agency_name': 'Unknown'}, {'duration': 30, 'departure_time': 12360, 'arrival_time': 12390, 'day': 'current_day', 'from_stop_id': 'MH-L-2', 'to_stop_id': 'MH-L-0', 'trip_id': 'walking', 'agency_name': 'Unknown'}, {'duration': 1500, 'departure_time': 12600, 'arrival_time': 14100, 'day': 'current_day', 'from_stop_id': 'MH-L-0', 'to_stop_id': 'MH-R-0', 'trip_id': '0-0-5', 'agency_name': 'Unknown'}, {'duration': 30, 'departure_time': 14100, 'arrival_time': 14130, 'day': 'current_day', 'from_stop_id': 'MH-R-0', 'to_stop_id': 'MH-R-5', 'trip_id': 'walking', 'agency_name': 'Unknown'}, {'duration': 1050, 'departure_time': 14340, 'arrival_time': 15390, 'day': 'current_day', 'from_stop_id': 'MH-R-5', 'to_stop_id': '227-5', 'trip_id': '10-0-18', 'agency_name': 'Unknown'}]}"
10,197,9090,inter,left,336,[10],[197],0,0,0,0,9090,9150.0,12870.0,12930.0,3720.0,4.0,10,197,,,pt,3840.0,12930.0,3840.0,"{'duration': 3720, 'source_transfer_time': 0, 'waiting_time': 240, 'trip_time': 3480, 'num_transfers': 4, 'departure_time': 9150, 'departure_day': 'current_day', 'arrival_time': 12870, 'arrival_day': 'current_day', 'steps': [{'duration': 1170, 'departure_time': 9390, 'arrival_time': 10560, 'day': 'current_day', 'from_stop_id': '10-5', 'to_stop_id': 'MH-L-5', 'trip_id': '8-0-12', 'agency_name': 'Unknown'}, {'duration': 30, 'departure_time': 10560, 'arrival_time': 10590, 'day': 'current_day', 'from_stop_id': 'MH-L-5', 'to_stop_id': 'MH-L-0', 'trip_id': 'walking', 'agency_name': 'Unknown'}, {'duration': 1500, 'departure_time': 10800, 'arrival_time': 12300, 'day': 'current_day', 'from_stop_id': 'MH-L-0', 'to_stop_id': 'MH-R-0', 'trip_id': '0-0-4', 'agency_name': 'Unknown'}, {'duration': 30, 'departure_time': 12300, 'arrival_time': 12330, 'day': 'current_day', 'from_stop_id': 'MH-R-0', 'to_stop_id': 'MH-R-5', 'trip_id': 'walking', 'agency_name': 'Unknown'}, {'duration': 330, 'departure_time': 12540, 'arrival_time': 12870, 'day': 'current_day', 'from_stop_id': 'MH-R-5', 'to_stop_id': '197-5', 'trip_id': '10-0-15', 'agency_name': 'Unknown'}]}"
105,184,4290,inter,left,337,[105],[176],0,0,500,375,4290,4350.0,9390.0,9450.0,5040.0,4.0,105,176,,,pt,5535.0,9825.0,5535.0,"{'duration': 5040, 'source_transfer_time': 0, 'waiting_time': 240, 'trip_time': 4800, 'num_transfers': 4, 'departure_time': 4350, 'departure_day': 'current_day', 'arrival_time': 9390, 'arrival_day': 'current_day', 'steps': [{'duration': 1170, 'departure_time': 4590, 'arrival_time': 5760, 'day': 'current_day', 'from_stop_id': '105-5', 'to_stop_id': 'MH-L-5', 'trip_id': '8-1-4', 'agency_name': 'Unknown'}, {'duration': 30, 'departure_time': 5760, 'arrival_time': 5790, 'day': 'current_day', 'from_stop_id': 'MH-L-5', 'to_stop_id': 'MH-L-0', 'trip_id': 'walking', 'agency_name': 'Unknown'}, {'duration': 1500, 'departure_time': 7200, 'arrival_time': 8700, 'day': 'current_day', 'from_stop_id': 'MH-L-0', 'to_stop_id': 'MH-R-0', 'trip_id': '0-0-2', 'agency_name': 'Unknown'}, {'duration': 30, 'departure_time': 8700, 'arrival_time': 8730, 'day': 'current_day', 'from_stop_id': 'MH-R-0', 'to_stop_id': 'MH-R-1', 'trip_id': 'walking', 'agency_name': 'Unknown'}, {'duration': 450, 'departure_time': 8940, 'arrival_time': 9390, 'day': 'current_day', 'from_stop_id': 'MH-R-1', 'to_stop_id': '176-1', 'trip_id': '3-1-9', 'agency_name': 'Unknown'}]}"
26,181,9360,inter,left,338,[27],[181],500,375,0,0,9735,9795.0,12990.0,13050.0,3195.0,4.0,27,181,,,pt,3690.0,13050.0,3690.0,"{'duration': 3195, 'source_transfer_time': 0, 'waiting_time': 435, 'trip_time': 2760, 'num_transfers': 4, 'departure_time': 9795, 'departure_day': 'current_day', 'arrival_time': 12990, 'arrival_day': 'current_day', 'steps': [{'duration': 330, 'departure_time': 10230, 'arrival_time': 10560, 'day': 'current_day', 'from_stop_id': '27-2', 'to_stop_id': 'MH-L-2', 'trip_id': '2-1-12', 'agency_name': 'Unknown'}, {'duration': 30, 'departure_time': 10560, 'arrival_time': 10590, 'day': 'current_day', 'from_stop_id': 'MH-L-2', 'to_stop_id': 'MH-L-0', 'trip_id': 'walking', 'agency_name': 'Unknown'}, {'duration': 1500, 'departure_time': 10800, 'arrival_time': 12300, 'day': 'current_day', 'from_stop_id': 'MH-L-0', 'to_stop_id': 'MH-R-0', 'trip_id': '0-0-4', 'agency_name': 'Unknown'}, {'duration': 30, 'departure_time': 12300, 'arrival_time': 12330, 'day': 'current_day', 'from_stop_id': 'MH-R-0', 'to_stop_id': 'MH-R-1', 'trip_id': 'walking', 'agency_name': 'Unknown'}, {'duration': 450, 'departure_time': 12540, 'arrival_time': 12990, 'day': 'current_day', 'from_stop_id': 'MH-R-1', 'to_stop_id': '181-1', 'trip_id': '3-0-15', 'agency_name': 'Unknown'}]}"
51,164,5970,inter,left,339,[59],[182],500,375,1000,751,6345,6405.0,9510.0,9570.0,3105.0,4.0,59,182,,,pt,4351.0,10321.0,4351.0,"{'duration': 3105, 'source_transfer_time': 0, 'waiting_time': 225, 'trip_time': 2880, 'num_transfers': 4, 'departure_time': 6405, 'departure_day': 'current_day', 'arrival_time': 9510, 'arrival_day': 'current_day', 'steps': [{'duration': 330, 'departure_time': 6630, 'arrival_time': 6960, 'day': 'current_day', 'from_stop_id': '59-1', 'to_stop_id': 'MH-L-1', 'trip_id': '1-1-6', 'agency_name': 'Unknown'}, {'duration': 30, 'departure_time': 6960, 'arrival_time': 6990, 'day': 'current_day', 'from_stop_id': 'MH-L-1', 'to_stop_id': 'MH-L-0', 'trip_id': 'walking', 'agency_name': 'Unknown'}, {'duration': 1500, 'departure_time': 7200, 'arrival_time': 8700, 'day': 'current_day', 'from_stop_id': 'MH-L-0', 'to_stop_id': 'MH-R-0', 'trip_id': '0-0-2', 'agency_name': 'Unknown'}, {'duration': 30, 'departure_time': 8700, 'arrival_time': 8730, 'day': 'current_day', 'from_stop_id': 'MH-R-0', 'to_stop_id': 'MH-R-1', 'trip_id': 'walking', 'agency_name': 'Unknown'}, {'duration': 570, 'departure_time': 8940, 'arrival_time': 9510, 'day': 'current_day', 'from_stop_id': 'MH-R-1', 'to_stop_id': '182-1', 'trip_id': '3-0-9', 'agency_name': 'Unknown'}]}"
52,233,8970,inter,left,340,[60],[231],500,375,1000,751,9345,9405.0,13110.0,13170.0,3705.0,4.0,60,231,,,pt,4951.0,13921.0,4951.0,"{'duration': 3705, 'source_transfer_time': 0, 'waiting_time': 105, 'trip_time': 3600, 'num_transfers': 4, 'departure_time': 9405, 'departure_day': 'current_day', 'arrival_time': 13110, 'arrival_day': 'current_day', 'steps': [{'duration': 450, 'departure_time': 9510, 'arrival_time': 9960, 'day': 'current_day', 'from_stop_id': '60-1', 'to_stop_id': 'MH-L-1', 'trip_id': '1-1-11', 'agency_name': 'Unknown'}, {'duration': 30, 'departure_time': 9960, 'arrival_time': 9990, 'day': 'current_day', 'from_stop_id': 'MH-L-1', 'to_stop_id': 'MH-L-0', 'trip_id': 'walking', 'agency_name': 'Unknown'}, {'duration': 1500, 'departure_time': 10800, 'arrival_time': 12300, 'day': 'current_day', 'from_stop_id': 'MH-L-0', 'to_stop_id': 'MH-R-0', 'trip_id': '0-0-4', 'agency_name': 'Unknown'}, {'duration': 30, 'departure_time': 12300, 'arrival_time': 12330, 'day': 'current_day', 'from_stop_id': 'MH-R-0', 'to_stop_id': 'MH-R-2', 'trip_id': 'walking', 'agency_name': 'Unknown'}, {'duration': 570, 'departure_time': 12540, 'arrival_time': 13110, 'day': 'current_day', 'from_stop_id': 'MH-R-2', 'to_stop_id': '231-2', 'trip_id': '4-1-15', 'agency_name': 'Unknown'}]}"
43,134,4080,inter,left,341,[61],[133; 145],1000,751,500,375,4831,4891.0,9630.0,9690.0,4739.0,4.0,61,145,,,pt,5985.0,10065.0,5985.0,"{'duration': 4739, 'source_transfer_time': 0, 'waiting_time': 299, 'trip_time': 4440, 'num_transfers': 4, 'departure_time': 4891, 'departure_day': 'current_day', 'arrival_time': 9630, 'arrival_day': 'current_day', 'steps': [{'duration': 570, 'departure_time': 5190, 'arrival_time': 5760, 'day': 'current_day', 'from_stop_id': '61-1', 'to_stop_id': 'MH-L-1', 'trip_id': '1-1-4', 'agency_name': 'Unknown'}, {'duration': 30, 'departure_time': 5760, 'arrival_time': 5790, 'day': 'current_day', 'from_stop_id': 'MH-L-1', 'to_stop_id': 'MH-L-0', 'trip_id': 'walking', 'agency_name': 'Unknown'}, {'duration': 1500, 'departure_time': 7200, 'arrival_time': 8700, 'day': 'current_day', 'from_stop_id': 'MH-L-0', 'to_stop_id': 'MH-R-0', 'trip_id': '0-0-2', 'agency_name': 'Unknown'}, {'duration': 30, 'departure_time': 8700, 'arrival_time': 8730, 'day': 'current_day', 'from_stop_id': 'MH-R-0', 'to_stop_id': 'MH-R-4', 'trip_id': 'walking', 'agency_name': 'Unknown'}, {'duration': 690, 'departure_time': 8940, 'arrival_time': 9630, 'day': 'current_day', 'from_stop_id': 'MH-R-4', 'to_stop_id': '145-4', 'trip_id': '9-1-9', 'agency_name': 'Unknown'}]}"
115,214,13740,inter,left,342,[115],[213; 225],0,0,500,375,13740,13800.0,18750.0,18810.0,4950.0,4.0,115,213,,,pt,5445.0,19185.0,5445.0,"{'duration': 4950, 'source_transfer_time': 0, 'waiting_time': 390, 'trip_time': 4560, 'num_transfers': 4, 'departure_time': 13800, 'departure_day': 'current_day', 'arrival_time': 18750, 'arrival_day': 'current_day', 'steps': [{'duration': 1170, 'departure_time': 14190, 'arrival_time': 15360, 'day': 'current_day', 'from_stop_id': '115-4', 'to_stop_id': 'MH-L-4', 'trip_id': '7-1-20', 'agency_name': 'Unknown'}, {'duration': 30, 'departure_time': 15360, 'arrival_time': 15390, 'day': 'current_day', 'from_stop_id': 'MH-L-4', 'to_stop_id': 'MH-L-0', 'trip_id': 'walking', 'agency_name': 'Unknown'}, {'duration': 1500, 'departure_time': 16200, 'arrival_time': 17700, 'day': 'current_day', 'from_stop_id': 'MH-L-0', 'to_stop_id': 'MH-R-0', 'trip_id': '0-0-7', 'agency_name': 'Unknown'}, {'duration': 30, 'departure_time': 17700, 'arrival_time': 17730, 'day': 'current_day', 'from_stop_id': 'MH-R-0', 'to_stop_id': 'MH-R-4', 'trip_id': 'walking', 'agency_name': 'Unknown'}, {'duration': 810, 'departure_time': 17940, 'arrival_time': 18750, 'day': 'current_day', 'from_stop_id': 'MH-R-4', 'to_stop_id': '213-4', 'trip_id': '9-0-24', 'agency_name': 'Unknown'}]}"
31,235,5220,inter,left,343,[20; 30],[224; 236],500,375,500,375,5595,5655.0,9870.0,9930.0,4215.0,4.0,20,224,,,pt,5085.0,10305.0,5085.0,"{'duration': 4215, 'source_transfer_time': 0, 'waiting_time': 375, 'trip_time': 3840, 'num_transfers': 4, 'departure_time': 5655, 'departure_day': 'current_day', 'arrival_time': 9870, 'arrival_day': 'current_day', 'steps': [{'duration': 930, 'departure_time': 6030, 'arrival_time': 6960, 'day': 'current_day', 'from_stop_id': '20-5', 'to_stop_id': 'MH-L-5', 'trip_id': '8-0-6', 'agency_name': 'Unknown'}, {'duration': 30, 'departure_time': 6960, 'arrival_time': 6990, 'day': 'current_day', 'from_stop_id': 'MH-L-5', 'to_stop_id': 'MH-L-0', 'trip_id': 'walking', 'agency_name': 'Unknown'}, {'duration': 1500, 'departure_time': 7200, 'arrival_time': 8700, 'day': 'current_day', 'from_stop_id': 'MH-L-0', 'to_stop_id': 'MH-R-0', 'trip_id': '0-0-2', 'agency_name': 'Unknown'}, {'duration': 30, 'departure_time': 8700, 'arrival_time': 8730, 'day': 'current_day', 'from_stop_id': 'MH-R-0', 'to_stop_id': 'MH-R-4', 'trip_id': 'walking', 'agency_name': 'Unknown'}, {'duration': 930, 'departure_time': 8940, 'arrival_time': 9870, 'day': 'current_day', 'from_stop_id': 'MH-R-4', 'to_stop_id': '224-4', 'trip_id': '9-0-9', 'agency_name': 'Unknown'}]}"
29,211,13620,inter,left,344,[29],[200; 212],0,0,500,375,13620,13680.0,18390.0,18450.0,4710.0,4.0,29,200,,,pt,5205.0,18825.0,5205.0,"{'duration': 4710, 'source_transfer_time': 0, 'waiting_time': 510, 'trip_time': 4200, 'num_transfers': 4, 'departure_time': 13680, 'departure_day': 'current_day', 'arrival_time': 18390, 'arrival_day': 'current_day', 'steps': [{'duration': 570, 'departure_time': 14190, 'arrival_time': 14760, 'day': 'current_day', 'from_stop_id': '29-5', 'to_stop_id': 'MH-L-5', 'trip_id': '8-0-19', 'agency_name': 'Unknown'}, {'duration': 30, 'departure_time': 14760, 'arrival_time': 14790, 'day': 'current_day', 'from_stop_id': 'MH-L-5', 'to_stop_id': 'MH-L-0', 'trip_id': 'walking', 'agency_name': 'Unknown'}, {'duration': 1500, 'departure_time': 16200, 'arrival_time': 17700, 'day': 'current_day', 'from_stop_id': 'MH-L-0', 'to_stop_id': 'MH-R-0', 'trip_id': '0-0-7', 'agency_name': 'Unknown'}, {'duration': 30, 'departure_time': 17700, 'arrival_time': 17730, 'day': 'current_day', 'from_stop_id': 'MH-R-0', 'to_stop_id': 'MH-R-4', 'trip_id': 'walking', 'agency_name': 'Unknown'}, {'duration': 450, 'departure_time': 17940, 'arrival_time': 18390, 'day': 'current_day', 'from_stop_id': 'MH-R-4', 'to_stop_id': '200-4', 'trip_id': '9-0-24', 'agency_name': 'Unknown'}]}"
76,158,9300,inter,left,345,[76],[157; 159; 169],0,0,500,375,9300,9360.0,12750.0,12810.0,3390.0,4.0,76,159,,,pt,3885.0,13185.0,3885.0,"{'duration': 3390, 'source_transfer_time': 0, 'waiting_time': 270, 'trip_time': 3120, 'num_transfers': 4, 'departure_time': 9360, 'departure_day': 'current_day', 'arrival_time': 12750, 'arrival_day': 'current_day', 'steps': [{'duration': 330, 'departure_time': 9630, 'arrival_time': 9960, 'day': 'current_day', 'from_stop_id': '76-5', 'to_stop_id': 'MH-L-5', 'trip_id': '8-1-11', 'agency_name': 'Unknown'}, {'duration': 30, 'departure_time': 9960, 'arrival_time': 9990, 'day': 'current_day', 'from_stop_id': 'MH-L-5', 'to_stop_id': 'MH-L-0', 'trip_id': 'walking', 'agency_name': 'Unknown'}, {'duration': 1500, 'departure_time': 10800, 'arrival_time': 12300, 'day': 'current_day', 'from_stop_id': 'MH-L-0', 'to_stop_id': 'MH-R-0', 'trip_id': '0-0-4', 'agency_name': 'Unknown'}, {'duration': 30, 'departure_time': 12300, 'arrival_time': 12330, 'day': 'current_day', 'from_stop_id': 'MH-R-0', 'to_stop_id': 'MH-R-2', 'trip_id': 'walking', 'agency_name': 'Unknown'}, {'duration': 210, 'departure_time': 12540, 'arrival_time': 12750, 'day': 'current_day', 'from_stop_id': 'MH-R-2', 'to_stop_id': '159-2', 'trip_id': '4-0-15', 'agency_name': 'Unknown'}]}"
98,121,5430,inter,left,346,[99],[121],500,375,0,0,5805,5865.0,10110.0,10170.0,4245.0,4.0,99,121,,,pt,4740.0,10170.0,4740.0,"{'duration': 4245, 'source_transfer_time': 0, 'waiting_time': 45, 'trip_time': 4200, 'num_transfers': 4, 'departure_time': 5865, 'departure_day': 'current_day', 'arrival_time': 10110, 'arrival_day': 'current_day', 'steps': [{'duration': 450, 'departure_time': 5910, 'arrival_time': 6360, 'day': 'current_day', 'from_stop_id': '99-2', 'to_stop_id': 'MH-L-2', 'trip_id': '2-0-5', 'agency_name': 'Unknown'}, {'duration': 30, 'departure_time': 6360, 'arrival_time': 6390, 'day': 'current_day', 'from_stop_id': 'MH-L-2', 'to_stop_id': 'MH-L-0', 'trip_id': 'walking', 'agency_name': 'Unknown'}, {'duration': 1500, 'departure_time': 7200, 'arrival_time': 8700, 'day': 'current_day', 'from_stop_id': 'MH-L-0', 'to_stop_id': 'MH-R-0', 'trip_id': '0-0-2', 'agency_name': 'Unknown'}, {'duration': 30, 'departure_time': 8700, 'arrival_time': 8730, 'day': 'current_day', 'from_stop_id': 'MH-R-0', 'to_stop_id': 'MH-R-4', 'trip_id': 'walking', 'agency_name': 'Unknown'}, {'duration': 1170, 'departure_time': 8940, 'arrival_time': 10110, 'day': 'current_day', 'from_stop_id': 'MH-R-4', 'to_stop_id': '121-4', 'trip_id': '9-1-9', 'agency_name': 'Unknown'}]}"
90,233,5160,inter,left,347,[79; 91],[231],500,375,1000,751,5535,5595.0,9510.0,9570.0,3915.0,4.0,79,231,,,pt,5161.0,10321.0,5161.0,"{'duration': 3915, 'source_transfer_time': 0, 'waiting_time': 315, 'trip_time': 3600, 'num_transfers': 4, 'departure_time': 5595, 'departure_day': 'current_day', 'arrival_time': 9510, 'arrival_day': 'current_day', 'steps': [{'duration': 450, 'departure_time': 5910, 'arrival_time': 6360, 'day': 'current_day', 'from_stop_id': '79-4', 'to_stop_id': 'MH-L-4', 'trip_id': '7-1-5', 'agency_name': 'Unknown'}, {'duration': 30, 'departure_time': 6360, 'arrival_time': 6390, 'day': 'current_day', 'from_stop_id': 'MH-L-4', 'to_stop_id': 'MH-L-0', 'trip_id': 'walking', 'agency_name': 'Unknown'}, {'duration': 1500, 'departure_time': 7200, 'arrival_time': 8700, 'day': 'current_day', 'from_stop_id': 'MH-L-0', 'to_stop_id': 'MH-R-0', 'trip_id': '0-0-2', 'agency_name': 'Unknown'}, {'duration': 30, 'departure_time': 8700, 'arrival_time': 8730, 'day': 'current_day', 'from_stop_id': 'MH-R-0', 'to_stop_id': 'MH-R-2', 'trip_id': 'walking', 'agency_name': 'Unknown'}, {'duration': 570, 'departure_time': 8940, 'arrival_time': 9510, 'day': 'current_day', 'from_stop_id': 'MH-R-2', 'to_stop_id': '231-2', 'trip_id': '4-1-9', 'agency_name': 'Unknown'}]}"
16,157,4020,inter,left,348,[16],[157],0,0,0,0,4020,4080.0,7590.0,7650.0,3510.0,4.0,16,157,,,pt,3630.0,7650.0,3630.0,"{'duration': 3510, 'source_transfer_time': 0, 'waiting_time': 30, 'trip_time': 3480, 'num_transfers': 4, 'departure_time': 4080, 'departure_day': 'current_day', 'arrival_time': 7590, 'arrival_day': 'current_day', 'steps': [{'duration': 450, 'departure_time': 4110, 'arrival_time': 4560, 'day': 'current_day', 'from_stop_id': '16-2', 'to_stop_id': 'MH-L-2', 'trip_id': '2-1-2', 'agency_name': 'Unknown'}, {'duration': 30, 'departure_time': 4560, 'arrival_time': 4590, 'day': 'current_day', 'from_stop_id': 'MH-L-2', 'to_stop_id': 'MH-L-0', 'trip_id': 'walking', 'agency_name': 'Unknown'}, {'duration': 1500, 'departure_time': 5400, 'arrival_time': 6900, 'day': 'current_day', 'from_stop_id': 'MH-L-0', 'to_stop_id': 'MH-R-0', 'trip_id': '0-0-1', 'agency_name': 'Unknown'}, {'duration': 30, 'departure_time': 6900, 'arrival_time': 6930, 'day': 'current_day', 'from_stop_id': 'MH-R-0', 'to_stop_id': 'MH-R-4', 'trip_id': 'walking', 'agency_name': 'Unknown'}, {'duration': 450, 'departure_time': 7140, 'arrival_time': 7590, 'day': 'current_day', 'from_stop_id': 'MH-R-4', 'to_stop_id': '157-4', 'trip_id': '9-1-6', 'agency_name': 'Unknown'}]}"
16,133,6330,inter,left,349,[16],[133],0,0,0,0,6330,6390.0,9870.0,9930.0,3480.0,4.0,16,133,,,pt,3600.0,9930.0,3600.0,"{'duration': 3480, 'source_transfer_time': 0, 'waiting_time': 120, 'trip_time': 3360, 'num_transfers': 4, 'departure_time': 6390, 'departure_day': 'current_day', 'arrival_time': 9870, 'arrival_day': 'current_day', 'steps': [{'duration': 450, 'departure_time': 6510, 'arrival_time': 6960, 'day': 'current_day', 'from_stop_id': '16-2', 'to_stop_id': 'MH-L-2', 'trip_id': '2-1-6', 'agency_name': 'Unknown'}, {'duration': 30, 'departure_time': 6960, 'arrival_time': 6990, 'day': 'current_day', 'from_stop_id': 'MH-L-2', 'to_stop_id': 'MH-L-0', 'trip_id': 'walking', 'agency_name': 'Unknown'}, {'duration': 1500, 'departure_time': 7200, 'arrival_time': 8700, 'day': 'current_day', 'from_stop_id': 'MH-L-0', 'to_stop_id': 'MH-R-0', 'trip_id': '0-0-2', 'agency_name': 'Unknown'}, {'duration': 30, 'departure_time': 8700, 'arrival_time': 8730, 'day': 'current_day', 'from_stop_id': 'MH-R-0', 'to_stop_id': 'MH-R-4', 'trip_id': 'walking', 'agency_name': 'Unknown'}, {'duration': 930, 'departure_time': 8940, 'arrival_time': 9870, 'day': 'current_day', 'from_stop_id': 'MH-R-4', 'to_stop_id': '133-4', 'trip_id': '9-1-9', 'agency_name': 'Unknown'}]}"
126,196,8790,intra,right,350,[126],[196],0,0,0,0,8790,8850.0,10590.0,10650.0,1740.0,3.0,126,196,3383.0,12173.0,pt,1860.0,10650.0,1860.0,"{'duration': 1740, 'source_transfer_time': 0, 'waiting_time': 540, 'trip_time': 1200, 'num_transfers': 3, 'departure_time': 8850, 'departure_day': 'current_day', 'arrival_time': 10590, 'arrival_day': 'current_day', 'steps': [{'duration': 450, 'departure_time': 9390, 'arrival_time': 9840, 'day': 'current_day', 'from_stop_id': '126-2', 'to_stop_id': '237-2', 'trip_id': '4-1-11', 'agency_name': 'Unknown'}, {'duration': 30, 'departure_time': 9840, 'arrival_time': 9870, 'day': 'current_day', 'from_stop_id': '237-2', 'to_stop_id': '237-5', 'trip_id': 'walking', 'agency_name': 'Unknown'}, {'duration': 360, 'departure_time': 9870, 'arrival_time': 10230, 'day': 'current_day', 'from_stop_id': '237-5', 'to_stop_id': '240-5', 'trip_id': '10-0-11', 'agency_name': 'Unknown'}, {'duration': 330, 'departure_time': 10260, 'arrival_time': 10590, 'day': 'current_day', 'from_stop_id': '240-5', 'to_stop_id': '196-5', 'trip_id': '10-0-11', 'agency_name': 'Unknown'}]}"
189,228,3990,intra,right,351,[189],[217; 227],0,0,500,375,3990,4050.0,5550.0,5610.0,1500.0,2.0,189,217,3383.0,7373.0,pt,1995.0,5985.0,1995.0,"{'duration': 1500, 'source_transfer_time': 0, 'waiting_time': 180, 'trip_time': 1320, 'num_transfers': 2, 'departure_time': 4050, 'departure_day': 'current_day', 'arrival_time': 5550, 'arrival_day': 'current_day', 'steps': [{'duration': 330, 'departure_time': 4230, 'arrival_time': 4560, 'day': 'current_day', 'from_stop_id': '189-4', 'to_stop_id': 'MH-R-4', 'trip_id': '9-1-2', 'agency_name': 'Unknown'}, {'duration': 30, 'departure_time': 4560, 'arrival_time': 4590, 'day': 'current_day', 'from_stop_id': 'MH-R-4', 'to_stop_id': 'MH-R-5', 'trip_id': 'walking', 'agency_name': 'Unknown'}, {'duration': 810, 'departure_time': 4740, 'arrival_time': 5550, 'day': 'current_day', 'from_stop_id': 'MH-R-5', 'to_stop_id': '217-5', 'trip_id': '10-0-2', 'agency_name': 'Unknown'}]}"
217,154,6390,intra,right,352,[217],[132; 144; 156; 175],0,0,1000,751,6390,6450.0,8310.0,8370.0,1860.0,2.0,217,156,3007.0,9397.0,pt,2731.0,9121.0,2731.0,"{'duration': 1860, 'source_transfer_time': 0, 'waiting_time': 300, 'trip_time': 1560, 'num_transfers': 2, 'departure_time': 6450, 'departure_day': 'current_day', 'arrival_time': 8310, 'arrival_day': 'current_day', 'steps': [{'duration': 810, 'departure_time': 6750, 'arrival_time': 7560, 'day': 'current_day', 'from_stop_id': '217-5', 'to_stop_id': 'MH-R-5', 'trip_id': '10-1-7', 'agency_name': 'Unknown'}, {'duration': 30, 'departure_time': 7560, 'arrival_time': 7590, 'day': 'current_day', 'from_stop_id': 'MH-R-5', 'to_stop_id': 'MH-R-4', 'trip_id': 'walking', 'agency_name': 'Unknown'}, {'duration': 570, 'departure_time': 7740, 'arrival_time': 8310, 'day': 'current_day', 'from_stop_id': 'MH-R-4', 'to_stop_id': '156-4', 'trip_id': '9-1-7', 'agency_name': 'Unknown'}]}"
194,145,14400,intra,right,353,[176; 196; 206; 216],[145],1000,751,0,0,15151,15211.0,16830.0,16890.0,1619.0,2.0,176,145,2255.0,16655.0,walking,2255.0,16890.0,2490.0,"{'duration': 1619, 'source_transfer_time': 0, 'waiting_time': 299, 'trip_time': 1320, 'num_transfers': 2, 'departure_time': 15211, 'departure_day': 'current_day', 'arrival_time': 16830, 'arrival_day': 'current_day', 'steps': [{'duration': 330, 'departure_time': 15510, 'arrival_time': 15840, 'day': 'current_day', 'from_stop_id': '176-1', 'to_stop_id': '238-1', 'trip_id': '3-0-21', 'agency_name': 'Unknown'}, {'duration': 30, 'departure_time': 15840, 'arrival_time': 15870, 'day': 'current_day', 'from_stop_id': '238-1', 'to_stop_id': '238-4', 'trip_id': 'walking', 'agency_name': 'Unknown'}, {'duration': 570, 'departure_time': 16260, 'arrival_time': 16830, 'day': 'current_day', 'from_stop_id': '238-4', 'to_stop_id': '145-4', 'trip_id': '9-1-21', 'agency_name': 'Unknown'}]}"
177,141,13200,intra,right,354,[177],[141],0,0,0,0,13200,13260.0,15270.0,15330.0,2010.0,2.0,177,141,4135.0,17335.0,pt,2130.0,15330.0,2130.0,"{'duration': 2010, 'source_transfer_time': 0, 'waiting_time': 570, 'trip_time': 1440, 'num_transfers': 2, 'departure_time': 13260, 'departure_day': 'current_day', 'arrival_time': 15270, 'arrival_day': 'current_day', 'steps': [{'duration': 330, 'departure_time': 13830, 'arrival_time': 14160, 'day': 'current_day', 'from_stop_id': '177-1', 'to_stop_id': 'MH-R-1', 'trip_id': '3-0-18', 'agency_name': 'Unknown'}, {'duration': 30, 'departure_time': 14160, 'arrival_time': 14190, 'day': 'current_day', 'from_stop_id': 'MH-R-1', 'to_stop_id': 'MH-R-5', 'trip_id': 'walking', 'agency_name': 'Unknown'}, {'duration': 930, 'departure_time': 14340, 'arrival_time': 15270, 'day': 'current_day', 'from_stop_id': 'MH-R-5', 'to_stop_id': '141-5', 'trip_id': '10-1-18', 'agency_name': 'Unknown'}]}"
208,142,14100,intra,right,355,[197; 207; 209],[131; 141],500,375,500,375,14475,14535.0,16470.0,16530.0,1935.0,0.0,197,141,4887.0,18987.0,pt,2805.0,16905.0,2805.0,"{'duration': 1935, 'source_transfer_time': 0, 'waiting_time': 495, 'trip_time': 1440, 'num_transfers': 0, 'departure_time': 14535, 'departure_day': 'current_day', 'arrival_time': 16470, 'arrival_day': 'current_day', 'steps': [{'duration': 1440, 'departure_time': 15030, 'arrival_time': 16470, 'day': 'current_day', 'from_stop_id': '197-5', 'to_stop_id': '141-5', 'trip_id': '10-1-20', 'agency_name': 'Unknown'}]}"
129,234,6690,intra,right,356,[130; 140],[212; 224; 236],500,375,1000,751,7065,7125.0,9030.0,9090.0,1905.0,2.0,140,212,3759.0,10449.0,pt,3151.0,9841.0,3151.0,"{'duration': 1905, 'source_transfer_time': 0, 'waiting_time': 225, 'trip_time': 1680, 'num_transfers': 2, 'departure_time': 7125, 'departure_day': 'current_day', 'arrival_time': 9030, 'arrival_day': 'current_day', 'steps': [{'duration': 810, 'departure_time': 7350, 'arrival_time': 8160, 'day': 'current_day', 'from_stop_id': '140-5', 'to_stop_id': 'MH-R-5', 'trip_id': '10-0-8', 'agency_name': 'Unknown'}, {'duration': 30, 'departure_time': 8160, 'arrival_time': 8190, 'day': 'current_day', 'from_stop_id': 'MH-R-5', 'to_stop_id': 'MH-R-4', 'trip_id': 'walking', 'agency_name': 'Unknown'}, {'duration': 690, 'departure_time': 8340, 'arrival_time': 9030, 'day': 'current_day', 'from_stop_id': 'MH-R-4', 'to_stop_id': '212-4', 'trip_id': '9-0-8', 'agency_name': 'Unknown'}]}"
226,203,3630,intra,right,357,[226],[182; 201; 213; 225],0,0,1000,751,3630,3690.0,5910.0,5970.0,2220.0,2.0,226,182,4887.0,8517.0,pt,3091.0,6721.0,3091.0,"{'duration': 2220, 'source_transfer_time': 0, 'waiting_time': 300, 'trip_time': 1920, 'num_transfers': 2, 'departure_time': 3690, 'departure_day': 'current_day', 'arrival_time': 5910, 'arrival_day': 'current_day', 'steps': [{'duration': 1170, 'departure_time': 3990, 'arrival_time': 5160, 'day': 'current_day', 'from_stop_id': '226-5', 'to_stop_id': 'MH-R-5', 'trip_id': '10-1-3', 'agency_name': 'Unknown'}, {'duration': 30, 'departure_time': 5160, 'arrival_time': 5190, 'day': 'current_day', 'from_stop_id': 'MH-R-5', 'to_stop_id': 'MH-R-1', 'trip_id': 'walking', 'agency_name': 'Unknown'}, {'duration': 570, 'departure_time': 5340, 'arrival_time': 5910, 'day': 'current_day', 'from_stop_id': 'MH-R-1', 'to_stop_id': '182-1', 'trip_id': '3-0-3', 'agency_name': 'Unknown'}]}"
212,144,4920,intra,right,358,[212],[144],0,0,0,0,4920,4980.0,6750.0,6810.0,1770.0,0.0,212,144,4887.0,9807.0,pt,1890.0,6810.0,1890.0,"{'duration': 1770, 'source_transfer_time': 0, 'waiting_time': 90, 'trip_time': 1680, 'num_transfers': 0, 'departure_time': 4980, 'departure_day': 'current_day', 'arrival_time': 6750, 'arrival_day': 'current_day', 'steps': [{'duration': 1680, 'departure_time': 5070, 'arrival_time': 6750, 'day': 'current_day', 'from_stop_id': '212-4', 'to_stop_id': '144-4', 'trip_id': '9-1-4', 'agency_name': 'Unknown'}]}"
143,234,4320,intra,right,359,[132; 144],[212; 224; 236],500,375,1000,751,4695,4755.0,6630.0,6690.0,1875.0,0.0,144,212,6015.0,10335.0,pt,3121.0,7441.0,3121.0,"{'duration': 1875, 'source_transfer_time': 0, 'waiting_time': 195, 'trip_time': 1680, 'num_transfers': 0, 'departure_time': 4755, 'departure_day': 'current_day', 'arrival_time': 6630, 'arrival_day': 'current_day', 'steps': [{'duration': 1680, 'departure_time': 4950, 'arrival_time': 6630, 'day': 'current_day', 'from_stop_id': '144-4', 'to_stop_id': '212-4', 'trip_id': '9-0-4', 'agency_name': 'Unknown'}]}"
176,181,6480,intra,right,360,[176],[181],0,0,0,0,6480,6540.0,8190.0,8250.0,1650.0,0.0,176,181,3007.0,9487.0,pt,1770.0,8250.0,1770.0,"{'duration': 1650, 'source_transfer_time': 0, 'waiting_time': 570, 'trip_time': 1080, 'num_transfers': 0, 'departure_time': 6540, 'departure_day': 'current_day', 'arrival_time': 8190, 'arrival_day': 'current_day', 'steps': [{'duration': 1080, 'departure_time': 7110, 'arrival_time': 8190, 'day': 'current_day', 'from_stop_id': '176-1', 'to_stop_id': '181-1', 'trip_id': '3-0-7', 'agency_name': 'Unknown'}]}"
167,222,14220,intra,right,361,[156; 168; 177],[200; 212; 220; 224],500,375,1000,751,14595,14655.0,15990.0,16050.0,1335.0,0.0,156,200,3759.0,17979.0,pt,2581.0,16801.0,2581.0,"{'duration': 1335, 'source_transfer_time': 0, 'waiting_time': 135, 'trip_time': 1200, 'num_transfers': 0, 'departure_time': 14655, 'departure_day': 'current_day', 'arrival_time': 15990, 'arrival_day': 'current_day', 'steps': [{'duration': 1200, 'departure_time': 14790, 'arrival_time': 15990, 'day': 'current_day', 'from_stop_id': '156-4', 'to_stop_id': '200-4', 'trip_id': '9-0-20', 'agency_name': 'Unknown'}]}"
240,150,12690,intra,right,362,[240],[150],0,0,0,0,12690,12750.0,13710.0,13770.0,960.0,0.0,240,150,2255.0,14945.0,pt,1080.0,13770.0,1080.0,"{'duration': 960, 'source_transfer_time': 0, 'waiting_time': 120, 'trip_time': 840, 'num_transfers': 0, 'departure_time': 12750, 'departure_day': 'current_day', 'arrival_time': 13710, 'arrival_day': 'current_day', 'steps': [{'duration': 840, 'departure_time': 12870, 'arrival_time': 13710, 'day': 'current_day', 'from_stop_id': '240-5', 'to_stop_id': '150-5', 'trip_id': '10-1-16', 'agency_name': 'Unknown'}]}"
186,138,13020,intra,right,363,[178; 187; 196],[137],500,375,500,375,13395,13455.0,14790.0,14850.0,1335.0,2.0,178,137,3007.0,16027.0,pt,2205.0,15225.0,2205.0,"{'duration': 1335, 'source_transfer_time': 0, 'waiting_time': 495, 'trip_time': 840, 'num_transfers': 2, 'departure_time': 13455, 'departure_day': 'current_day', 'arrival_time': 14790, 'arrival_day': 'current_day', 'steps': [{'duration': 210, 'departure_time': 13950, 'arrival_time': 14160, 'day': 'current_day', 'from_stop_id': '178-1', 'to_stop_id': 'MH-R-1', 'trip_id': '3-0-18', 'agency_name': 'Unknown'}, {'duration': 30, 'departure_time': 14160, 'arrival_time': 14190, 'day': 'current_day', 'from_stop_id': 'MH-R-1', 'to_stop_id': 'MH-R-2', 'trip_id': 'walking', 'agency_name': 'Unknown'}, {'duration': 450, 'departure_time': 14340, 'arrival_time': 14790, 'day': 'current_day', 'from_stop_id': 'MH-R-2', 'to_stop_id': '137-2', 'trip_id': '4-0-18', 'agency_name': 'Unknown'}]}"
139,208,6300,intra,right,364,[140; 150],[197; 207; 209],500,375,500,375,6675,6735.0,8070.0,8130.0,1335.0,0.0,140,197,3759.0,10059.0,pt,2205.0,8505.0,2205.0,"{'duration': 1335, 'source_transfer_time': 0, 'waiting_time': 15, 'trip_time': 1320, 'num_transfers': 0, 'departure_time': 6735, 'departure_day': 'current_day', 'arrival_time': 8070, 'arrival_day': 'current_day', 'steps': [{'duration': 1320, 'departure_time': 6750, 'arrival_time': 8070, 'day': 'current_day', 'from_stop_id': '140-5', 'to_stop_id': '197-5', 'trip_id': '10-0-7', 'agency_name': 'Unknown'}]}"
137,206,4290,intra,right,365,[137],[206],0,0,0,0,4290,4350.0,6030.0,6090.0,1680.0,3.0,137,206,3759.0,8049.0,pt,1800.0,6090.0,1800.0,"{'duration': 1680, 'source_transfer_time': 0, 'waiting_time': 360, 'trip_time': 1320, 'num_transfers': 3, 'departure_time': 4350, 'departure_day': 'current_day', 'arrival_time': 6030, 'arrival_day': 'current_day', 'steps': [{'duration': 330, 'departure_time': 4710, 'arrival_time': 5040, 'day': 'current_day', 'from_stop_id': '137-2', 'to_stop_id': '237-2', 'trip_id': '4-1-3', 'agency_name': 'Unknown'}, {'duration': 30, 'departure_time': 5040, 'arrival_time': 5070, 'day': 'current_day', 'from_stop_id': '237-2', 'to_stop_id': '237-5', 'trip_id': 'walking', 'agency_name': 'Unknown'}, {'duration': 360, 'departure_time': 5070, 'arrival_time': 5430, 'day': 'current_day', 'from_stop_id': '237-5', 'to_stop_id': '240-5', 'trip_id': '10-0-3', 'agency_name': 'Unknown'}, {'duration': 570, 'departure_time': 5460, 'arrival_time': 6030, 'day': 'current_day', 'from_stop_id': '240-5', 'to_stop_id': '206-5', 'trip_id': '10-0-3', 'agency_name': 'Unknown'}]}"
209,181,11280,intra,right,366,[209],[181],0,0,0,0,11280,11340.0,12390.0,12450.0,1050.0,2.0,209,181,2631.0,13911.0,pt,1170.0,12450.0,1170.0,"{'duration': 1050, 'source_transfer_time': 0, 'waiting_time': 90, 'trip_time': 960, 'num_transfers': 2, 'departure_time': 11340, 'departure_day': 'current_day', 'arrival_time': 12390, 'arrival_day': 'current_day', 'steps': [{'duration': 330, 'departure_time': 11430, 'arrival_time': 11760, 'day': 'current_day', 'from_stop_id': '209-2', 'to_stop_id': 'MH-R-2', 'trip_id': '4-0-14', 'agency_name': 'Unknown'}, {'duration': 30, 'departure_time': 11760, 'arrival_time': 11790, 'day': 'current_day', 'from_stop_id': 'MH-R-2', 'to_stop_id': 'MH-R-1', 'trip_id': 'walking', 'agency_name': 'Unknown'}, {'duration': 450, 'departure_time': 11940, 'arrival_time': 12390, 'day': 'current_day', 'from_stop_id': 'MH-R-1', 'to_stop_id': '181-1', 'trip_id': '3-0-14', 'agency_name': 'Unknown'}]}"
150,133,13170,intra,right,367,[150],[133],0,0,0,0,13170,13230.0,15270.0,15330.0,2040.0,2.0,150,133,2631.0,15801.0,pt,2160.0,15330.0,2160.0,"{'duration': 2040, 'source_transfer_time': 0, 'waiting_time': 360, 'trip_time': 1680, 'num_transfers': 2, 'departure_time': 13230, 'departure_day': 'current_day', 'arrival_time': 15270, 'arrival_day': 'current_day', 'steps': [{'duration': 570, 'departure_time': 13590, 'arrival_time': 14160, 'day': 'current_day', 'from_stop_id': '150-5', 'to_stop_id': 'MH-R-5', 'trip_id': '10-0-18', 'agency_name': 'Unknown'}, {'duration': 30, 'departure_time': 14160, 'arrival_time': 14190, 'day': 'current_day', 'from_stop_id': 'MH-R-5', 'to_stop_id': 'MH-R-4', 'trip_id': 'walking', 'agency_name': 'Unknown'}, {'duration': 930, 'departure_time': 14340, 'arrival_time': 15270, 'day': 'current_day', 'from_stop_id': 'MH-R-4', 'to_stop_id': '133-4', 'trip_id': '9-1-18', 'agency_name': 'Unknown'}]}"
221,162,12900,intra,right,368,[220],[151; 161],500,375,500,375,13275,13335.0,14790.0,14850.0,1455.0,2.0,220,161,3007.0,15907.0,pt,2325.0,15225.0,2325.0,"{'duration': 1455, 'source_transfer_time': 0, 'waiting_time': 375, 'trip_time': 1080, 'num_transfers': 2, 'departure_time': 13335, 'departure_day': 'current_day', 'arrival_time': 14790, 'arrival_day': 'current_day', 'steps': [{'duration': 330, 'departure_time': 13710, 'arrival_time': 14040, 'day': 'current_day', 'from_stop_id': '220-2', 'to_stop_id': '240-2', 'trip_id': '4-0-18', 'agency_name': 'Unknown'}, {'duration': 30, 'departure_time': 14040, 'arrival_time': 14070, 'day': 'current_day', 'from_stop_id': '240-2', 'to_stop_id': '240-5', 'trip_id': 'walking', 'agency_name': 'Unknown'}, {'duration': 720, 'departure_time': 14070, 'arrival_time': 14790, 'day': 'current_day', 'from_stop_id': '240-5', 'to_stop_id': '161-5', 'trip_id': '10-1-18', 'agency_name': 'Unknown'}]}"
165,130,9900,intra,right,369,[175],[130],500,375,0,0,10275,10335.0,12390.0,12450.0,2055.0,2.0,175,130,4887.0,14787.0,pt,2550.0,12450.0,2550.0,"{'duration': 2055, 'source_transfer_time': 0, 'waiting_time': 255, 'trip_time': 1800, 'num_transfers': 2, 'departure_time': 10335, 'departure_day': 'current_day', 'arrival_time': 12390, 'arrival_day': 'current_day', 'steps': [{'duration': 570, 'departure_time': 10590, 'arrival_time': 11160, 'day': 'current_day', 'from_stop_id': '175-1', 'to_stop_id': 'MH-R-1', 'trip_id': '3-0-13', 'agency_name': 'Unknown'}, {'duration': 30, 'departure_time': 11160, 'arrival_time': 11190, 'day': 'current_day', 'from_stop_id': 'MH-R-1', 'to_stop_id': 'MH-R-5', 'trip_id': 'walking', 'agency_name': 'Unknown'}, {'duration': 1050, 'departure_time': 11340, 'arrival_time': 12390, 'day': 'current_day', 'from_stop_id': 'MH-R-5', 'to_stop_id': '130-5', 'trip_id': '10-1-13', 'agency_name': 'Unknown'}]}"
181,228,9300,intra,right,370,[181],[217; 227],0,0,500,375,9300,9360.0,10950.0,11010.0,1590.0,2.0,181,217,4511.0,13811.0,pt,2085.0,11385.0,2085.0,"{'duration': 1590, 'source_transfer_time': 0, 'waiting_time': 150, 'trip_time': 1440, 'num_transfers': 2, 'departure_time': 9360, 'departure_day': 'current_day', 'arrival_time': 10950, 'arrival_day': 'current_day', 'steps': [{'duration': 450, 'departure_time': 9510, 'arrival_time': 9960, 'day': 'current_day', 'from_stop_id': '181-1', 'to_stop_id': 'MH-R-1', 'trip_id': '3-1-11', 'agency_name': 'Unknown'}, {'duration': 30, 'departure_time': 9960, 'arrival_time': 9990, 'day': 'current_day', 'from_stop_id': 'MH-R-1', 'to_stop_id': 'MH-R-5', 'trip_id': 'walking', 'agency_name': 'Unknown'}, {'duration': 810, 'departure_time': 10140, 'arrival_time': 10950, 'day': 'current_day', 'from_stop_id': 'MH-R-5', 'to_stop_id': '217-5', 'trip_id': '10-0-11', 'agency_name': 'Unknown'}]}"
241,236,10440,intra,right,371,[241],[236],0,0,0,0,10440,10500.0,11910.0,11970.0,1410.0,0.0,MH-R,236,3759.0,14199.0,pt,1530.0,11970.0,1530.0,"{'duration': 1410, 'source_transfer_time': 0, 'waiting_time': 240, 'trip_time': 1170, 'num_transfers': 0, 'departure_time': 10500, 'departure_day': 'current_day', 'arrival_time': 11910, 'arrival_day': 'current_day', 'steps': [{'duration': 1170, 'departure_time': 10740, 'arrival_time': 11910, 'day': 'current_day', 'from_stop_id': 'MH-R-4', 'to_stop_id': '236-4', 'trip_id': '9-0-12', 'agency_name': 'Unknown'}]}"
193,124,12510,intra,right,372,[175],[126],1000,751,1000,751,13261,13321.0,14910.0,14970.0,1589.0,2.0,175,126,3759.0,16269.0,pt,3211.0,15721.0,3211.0,"{'duration': 1589, 'source_transfer_time': 0, 'waiting_time': 269, 'trip_time': 1320, 'num_transfers': 2, 'departure_time': 13321, 'departure_day': 'current_day', 'arrival_time': 14910, 'arrival_day': 'current_day', 'steps': [{'duration': 570, 'departure_time': 13590, 'arrival_time': 14160, 'day': 'current_day', 'from_stop_id': '175-1', 'to_stop_id': 'MH-R-1', 'trip_id': '3-0-18', 'agency_name': 'Unknown'}, {'duration': 30, 'departure_time': 14160, 'arrival_time': 14190, 'day': 'current_day', 'from_stop_id': 'MH-R-1', 'to_stop_id': 'MH-R-2', 'trip_id': 'walking', 'agency_name': 'Unknown'}, {'duration': 570, 'departure_time': 14340, 'arrival_time': 14910, 'day': 'current_day', 'from_stop_id': 'MH-R-2', 'to_stop_id': '126-2', 'trip_id': '4-0-18', 'agency_name': 'Unknown'}]}"
202,218,9330,intra,right,373,[201; 213],[207; 217],500,375,500,375,9705,9765.0,11310.0,11370.0,1545.0,2.0,201,207,3007.0,12337.0,pt,2415.0,11745.0,2415.0,"{'duration': 1545, 'source_transfer_time': 0, 'waiting_time': 225, 'trip_time': 1320, 'num_transfers': 2, 'departure_time': 9765, 'departure_day': 'current_day', 'arrival_time': 11310, 'arrival_day': 'current_day', 'steps': [{'duration': 570, 'departure_time': 9990, 'arrival_time': 10560, 'day': 'current_day', 'from_stop_id': '201-4', 'to_stop_id': 'MH-R-4', 'trip_id': '9-1-12', 'agency_name': 'Unknown'}, {'duration': 30, 'departure_time': 10560, 'arrival_time': 10590, 'day': 'current_day', 'from_stop_id': 'MH-R-4', 'to_stop_id': 'MH-R-5', 'trip_id': 'walking', 'agency_name': 'Unknown'}, {'duration': 570, 'departure_time': 10740, 'arrival_time': 11310, 'day': 'current_day', 'from_stop_id': 'MH-R-5', 'to_stop_id': '207-5', 'trip_id': '10-0-12', 'agency_name': 'Unknown'}]}"
187,172,7320,intra,right,374,[187],[180],0,0,500,375,7320,7380.0,8670.0,8730.0,1290.0,2.0,187,180,2255.0,9575.0,pt,1785.0,9105.0,1785.0,"{'duration': 1290, 'source_transfer_time': 0, 'waiting_time': 570, 'trip_time': 720, 'num_transfers': 2, 'departure_time': 7380, 'departure_day': 'current_day', 'arrival_time': 8670, 'arrival_day': 'current_day', 'steps': [{'duration': 210, 'departure_time': 7950, 'arrival_time': 8160, 'day': 'current_day', 'from_stop_id': '187-5', 'to_stop_id': 'MH-R-5', 'trip_id': '10-1-8', 'agency_name': 'Unknown'}, {'duration': 30, 'departure_time': 8160, 'arrival_time': 8190, 'day': 'current_day', 'from_stop_id': 'MH-R-5', 'to_stop_id': 'MH-R-1', 'trip_id': 'walking', 'agency_name': 'Unknown'}, {'duration': 330, 'departure_time': 8340, 'arrival_time': 8670, 'day': 'current_day', 'from_stop_id': 'MH-R-1', 'to_stop_id': '180-1', 'trip_id': '3-0-8', 'agency_name': 'Unknown'}]}"
228,192,8520,intra,right,375,[217; 227],[182],500,375,500,375,8895,8955.0,10710.0,10770.0,1755.0,2.0,217,182,4511.0,13031.0,pt,2625.0,11145.0,2625.0,"{'duration': 1755, 'source_transfer_time': 0, 'waiting_time': 195, 'trip_time': 1560, 'num_transfers': 2, 'departure_time': 8955, 'departure_day': 'current_day', 'arrival_time': 10710, 'arrival_day': 'current_day', 'steps': [{'duration': 810, 'departure_time': 9150, 'arrival_time': 9960, 'day': 'current_day', 'from_stop_id': '217-5', 'to_stop_id': 'MH-R-5', 'trip_id': '10-1-11', 'agency_name': 'Unknown'}, {'duration': 30, 'departure_time': 9960, 'arrival_time': 9990, 'day': 'current_day', 'from_stop_id': 'MH-R-5', 'to_stop_id': 'MH-R-1', 'trip_id': 'walking', 'agency_name': 'Unknown'}, {'duration': 570, 'departure_time': 10140, 'arrival_time': 10710, 'day': 'current_day', 'from_stop_id': 'MH-R-1', 'to_stop_id': '182-1', 'trip_id': '3-0-11', 'agency_name': 'Unknown'}]}"
156,222,5850,intra,right,376,[156],[200; 212; 220; 224],0,0,1000,751,5850,5910.0,7590.0,7650.0,1680.0,0.0,156,200,4135.0,9985.0,pt,2551.0,8401.0,2551.0,"{'duration': 1680, 'source_transfer_time': 0, 'waiting_time': 480, 'trip_time': 1200, 'num_transfers': 0, 'departure_time': 5910, 'departure_day': 'current_day', 'arrival_time': 7590, 'arrival_day': 'current_day', 'steps': [{'duration': 1200, 'departure_time': 6390, 'arrival_time': 7590, 'day': 'current_day', 'from_stop_id': '156-4', 'to_stop_id': '200-4', 'trip_id': '9-0-6', 'agency_name': 'Unknown'}]}"
167,208,4830,intra,right,377,[156; 168; 177],[197; 207; 209],500,375,500,375,5205,5265.0,6270.0,6330.0,1005.0,2.0,168,197,2255.0,7085.0,pt,1875.0,6705.0,1875.0,"{'duration': 1005, 'source_transfer_time': 0, 'waiting_time': 165, 'trip_time': 840, 'num_transfers': 2, 'departure_time': 5265, 'departure_day': 'current_day', 'arrival_time': 6270, 'arrival_day': 'current_day', 'steps': [{'duration': 330, 'departure_time': 5430, 'arrival_time': 5760, 'day': 'current_day', 'from_stop_id': '168-4', 'to_stop_id': 'MH-R-4', 'trip_id': '9-0-4', 'agency_name': 'Unknown'}, {'duration': 30, 'departure_time': 5760, 'arrival_time': 5790, 'day': 'current_day', 'from_stop_id': 'MH-R-4', 'to_stop_id': 'MH-R-5', 'trip_id': 'walking', 'agency_name': 'Unknown'}, {'duration': 330, 'departure_time': 5940, 'arrival_time': 6270, 'day': 'current_day', 'from_stop_id': 'MH-R-5', 'to_stop_id': '197-5', 'trip_id': '10-0-4', 'agency_name': 'Unknown'}]}"
235,137,6270,intra,right,378,[224; 236],[137],500,375,0,0,6645,6705.0,8790.0,8850.0,2085.0,2.0,224,137,4887.0,11157.0,pt,2580.0,8850.0,2580.0,"{'duration': 2085, 'source_transfer_time': 0, 'waiting_time': 525, 'trip_time': 1560, 'num_transfers': 2, 'departure_time': 6705, 'departure_day': 'current_day', 'arrival_time': 8790, 'arrival_day': 'current_day', 'steps': [{'duration': 930, 'departure_time': 7230, 'arrival_time': 8160, 'day': 'current_day', 'from_stop_id': '224-4', 'to_stop_id': 'MH-R-4', 'trip_id': '9-1-8', 'agency_name': 'Unknown'}, {'duration': 30, 'departure_time': 8160, 'arrival_time': 8190, 'day': 'current_day', 'from_stop_id': 'MH-R-4', 'to_stop_id': 'MH-R-2', 'trip_id': 'walking', 'agency_name': 'Unknown'}, {'duration': 450, 'departure_time': 8340, 'arrival_time': 8790, 'day': 'current_day', 'from_stop_id': 'MH-R-2', 'to_stop_id': '137-2', 'trip_id': '4-0-8', 'agency_name': 'Unknown'}]}"
121,190,12930,intra,right,379,[121],[180; 189; 201],0,0,500,375,12930,12990.0,14670.0,14730.0,1680.0,3.0,121,180,5263.0,18193.0,pt,2175.0,15105.0,2175.0,"{'duration': 1680, 'source_transfer_time': 0, 'waiting_time': 0, 'trip_time': 1680, 'num_transfers': 3, 'departure_time': 12990, 'departure_day': 'current_day', 'arrival_time': 14670, 'arrival_day': 'current_day', 'steps': [{'duration': 1050, 'departure_time': 12990, 'arrival_time': 14040, 'day': 'current_day', 'from_stop_id': '121-4', 'to_stop_id': '238-4', 'trip_id': '9-0-18', 'agency_name': 'Unknown'}, {'duration': 30, 'departure_time': 14040, 'arrival_time': 14070, 'day': 'current_day', 'from_stop_id': '238-4', 'to_stop_id': '238-1', 'trip_id': 'walking', 'agency_name': 'Unknown'}, {'duration': 90, 'departure_time': 14070, 'arrival_time': 14160, 'day': 'current_day', 'from_stop_id': '238-1', 'to_stop_id': 'MH-R-1', 'trip_id': '3-0-18', 'agency_name': 'Unknown'}, {'duration': 330, 'departure_time': 14340, 'arrival_time': 14670, 'day': 'current_day', 'from_stop_id': 'MH-R-1', 'to_stop_id': '180-1', 'trip_id': '3-0-18', 'agency_name': 'Unknown'}]}"
176,201,6060,intra,right,380,[176],[201],0,0,0,0,6060,6120.0,7710.0,7770.0,1590.0,2.0,176,201,3383.0,9443.0,pt,1710.0,7770.0,1710.0,"{'duration': 1590, 'source_transfer_time': 0, 'waiting_time': 390, 'trip_time': 1200, 'num_transfers': 2, 'departure_time': 6120, 'departure_day': 'current_day', 'arrival_time': 7710, 'arrival_day': 'current_day', 'steps': [{'duration': 330, 'departure_time': 6510, 'arrival_time': 6840, 'day': 'current_day', 'from_stop_id': '176-1', 'to_stop_id': '238-1', 'trip_id': '3-0-6', 'agency_name': 'Unknown'}, {'duration': 30, 'departure_time': 6840, 'arrival_time': 6870, 'day': 'current_day', 'from_stop_id': '238-1', 'to_stop_id': '238-4', 'trip_id': 'walking', 'agency_name': 'Unknown'}, {'duration': 840, 'departure_time': 6870, 'arrival_time': 7710, 'day': 'current_day', 'from_stop_id': '238-4', 'to_stop_id': '201-4', 'trip_id': '9-0-6', 'agency_name': 'Unknown'}]}"
218,162,10890,intra,right,381,[207; 217],[151; 161],500,375,500,375,11265,11325.0,12990.0,13050.0,1665.0,0.0,207,161,4135.0,15025.0,pt,2535.0,13425.0,2535.0,"{'duration': 1665, 'source_transfer_time': 0, 'waiting_time': 465, 'trip_time': 1200, 'num_transfers': 0, 'departure_time': 11325, 'departure_day': 'current_day', 'arrival_time': 12990, 'arrival_day': 'current_day', 'steps': [{'duration': 1200, 'departure_time': 11790, 'arrival_time': 12990, 'day': 'current_day', 'from_stop_id': '207-5', 'to_stop_id': '161-5', 'trip_id': '10-1-15', 'agency_name': 'Unknown'}]}"
212,128,7290,intra,right,382,[212],[126; 130; 140; 150],0,0,1000,751,7290,7350.0,8910.0,8970.0,1560.0,2.0,212,126,3383.0,10673.0,pt,2431.0,9721.0,2431.0,"{'duration': 1560, 'source_transfer_time': 0, 'waiting_time': 120, 'trip_time': 1440, 'num_transfers': 2, 'departure_time': 7350, 'departure_day': 'current_day', 'arrival_time': 8910, 'arrival_day': 'current_day', 'steps': [{'duration': 690, 'departure_time': 7470, 'arrival_time': 8160, 'day': 'current_day', 'from_stop_id': '212-4', 'to_stop_id': 'MH-R-4', 'trip_id': '9-1-8', 'agency_name': 'Unknown'}, {'duration': 30, 'departure_time': 8160, 'arrival_time': 8190, 'day': 'current_day', 'from_stop_id': 'MH-R-4', 'to_stop_id': 'MH-R-2', 'trip_id': 'walking', 'agency_name': 'Unknown'}, {'duration': 570, 'departure_time': 8340, 'arrival_time': 8910, 'day': 'current_day', 'from_stop_id': 'MH-R-2', 'to_stop_id': '126-2', 'trip_id': '4-0-8', 'agency_name': 'Unknown'}]}"
172,132,9840,intra,right,383,[180],[132],500,375,0,0,10215,10275.0,12390.0,12450.0,2115.0,2.0,180,132,4135.0,13975.0,pt,2610.0,12450.0,2610.0,"{'duration': 2115, 'source_transfer_time': 0, 'waiting_time': 555, 'trip_time': 1560, 'num_transfers': 2, 'departure_time': 10275, 'departure_day': 'current_day', 'arrival_time': 12390, 'arrival_day': 'current_day', 'steps': [{'duration': 210, 'departure_time': 10830, 'arrival_time': 11040, 'day': 'current_day', 'from_stop_id': '180-1', 'to_stop_id': '239-1', 'trip_id': '3-1-13', 'agency_name': 'Unknown'}, {'duration': 30, 'departure_time': 11040, 'arrival_time': 11070, 'day': 'current_day', 'from_stop_id': '239-1', 'to_stop_id': '239-4', 'trip_id': 'walking', 'agency_name': 'Unknown'}, {'duration': 1320, 'departure_time': 11070, 'arrival_time': 12390, 'day': 'current_day', 'from_stop_id': '239-4', 'to_stop_id': '132-4', 'trip_id': '9-1-13', 'agency_name': 'Unknown'}]}"
235,168,8370,intra,right,384,[224; 236],[168],500,375,0,0,8745,8805.0,10470.0,10530.0,1665.0,0.0,224,168,4511.0,12881.0,pt,2160.0,10530.0,2160.0,"{'duration': 1665, 'source_transfer_time': 0, 'waiting_time': 225, 'trip_time': 1440, 'num_transfers': 0, 'departure_time': 8805, 'departure_day': 'current_day', 'arrival_time': 10470, 'arrival_day': 'current_day', 'steps': [{'duration': 1440, 'departure_time': 9030, 'arrival_time': 10470, 'day': 'current_day', 'from_stop_id': '224-4', 'to_stop_id': '168-4', 'trip_id': '9-1-11', 'agency_name': 'Unknown'}]}"
206,170,8820,intra,right,385,[206],[170],0,0,0,0,8820,8880.0,10350.0,10410.0,1470.0,0.0,206,170,3007.0,11827.0,pt,1590.0,10410.0,1590.0,"{'duration': 1470, 'source_transfer_time': 0, 'waiting_time': 390, 'trip_time': 1080, 'num_transfers': 0, 'departure_time': 8880, 'departure_day': 'current_day', 'arrival_time': 10350, 'arrival_day': 'current_day', 'steps': [{'duration': 1080, 'departure_time': 9270, 'arrival_time': 10350, 'day': 'current_day', 'from_stop_id': '206-5', 'to_stop_id': '170-5', 'trip_id': '10-1-11', 'agency_name': 'Unknown'}]}"
172,235,6780,intra,right,386,[180],[224; 236],500,375,500,375,7155,7215.0,8670.0,8730.0,1455.0,2.0,180,224,2631.0,9411.0,pt,2325.0,9105.0,2325.0,"{'duration': 1455, 'source_transfer_time': 0, 'waiting_time': 15, 'trip_time': 1440, 'num_transfers': 2, 'departure_time': 7215, 'departure_day': 'current_day', 'arrival_time': 8670, 'arrival_day': 'current_day', 'steps': [{'duration': 210, 'departure_time': 7230, 'arrival_time': 7440, 'day': 'current_day', 'from_stop_id': '180-1', 'to_stop_id': '239-1', 'trip_id': '3-1-7', 'agency_name': 'Unknown'}, {'duration': 30, 'departure_time': 7440, 'arrival_time': 7470, 'day': 'current_day', 'from_stop_id': '239-1', 'to_stop_id': '239-4', 'trip_id': 'walking', 'agency_name': 'Unknown'}, {'duration': 810, 'departure_time': 7860, 'arrival_time': 8670, 'day': 'current_day', 'from_stop_id': '239-4', 'to_stop_id': '224-4', 'trip_id': '9-0-7', 'agency_name': 'Unknown'}]}"
161,155,9870,intra,right,387,[161],[144; 156],0,0,500,375,9870,9930.0,11310.0,11370.0,1380.0,2.0,161,156,2255.0,12125.0,pt,1875.0,11745.0,1875.0,"{'duration': 1380, 'source_transfer_time': 0, 'waiting_time': 180, 'trip_time': 1200, 'num_transfers': 2, 'departure_time': 9930, 'departure_day': 'current_day', 'arrival_time': 11310, 'arrival_day': 'current_day', 'steps': [{'duration': 450, 'departure_time': 10110, 'arrival_time': 10560, 'day': 'current_day', 'from_stop_id': '161-5', 'to_stop_id': 'MH-R-5', 'trip_id': '10-0-12', 'agency_name': 'Unknown'}, {'duration': 30, 'departure_time': 10560, 'arrival_time': 10590, 'day': 'current_day', 'from_stop_id': 'MH-R-5', 'to_stop_id': 'MH-R-4', 'trip_id': 'walking', 'agency_name': 'Unknown'}, {'duration': 570, 'departure_time': 10740, 'arrival_time': 11310, 'day': 'current_day', 'from_stop_id': 'MH-R-4', 'to_stop_id': '156-4', 'trip_id': '9-1-12', 'agency_name': 'Unknown'}]}"
237,144,9630,intra,right,388,[237],[144],0,0,0,0,9630,9690.0,10950.0,11010.0,1260.0,2.0,237,144,2255.0,11885.0,pt,1380.0,11010.0,1380.0,"{'duration': 1260, 'source_transfer_time': 0, 'waiting_time': 180, 'trip_time': 1080, 'num_transfers': 2, 'departure_time': 9690, 'departure_day': 'current_day', 'arrival_time': 10950, 'arrival_day': 'current_day', 'steps': [{'duration': 90, 'departure_time': 9870, 'arrival_time': 9960, 'day': 'current_day', 'from_stop_id': '237-2', 'to_stop_id': 'MH-R-2', 'trip_id': '4-1-11', 'agency_name': 'Unknown'}, {'duration': 30, 'departure_time': 9960, 'arrival_time': 9990, 'day': 'current_day', 'from_stop_id': 'MH-R-2', 'to_stop_id': 'MH-R-4', 'trip_id': 'walking', 'agency_name': 'Unknown'}, {'duration': 810, 'departure_time': 10140, 'arrival_time': 10950, 'day': 'current_day', 'from_stop_id': 'MH-R-4', 'to_stop_id': '144-4', 'trip_id': '9-1-11', 'agency_name': 'Unknown'}]}"
123,164,14340,intra,right,389,[121; 133; 145],[182],1000,751,1000,751,15091,15151.0,16710.0,16770.0,1559.0,4.0,145,182,4135.0,18475.0,pt,3181.0,17521.0,3181.0,"{'duration': 1559, 'source_transfer_time': 0, 'waiting_time': 119, 'trip_time': 1440, 'num_transfers': 4, 'departure_time': 15151, 'departure_day': 'current_day', 'arrival_time': 16710, 'arrival_day': 'current_day', 'steps': [{'duration': 570, 'departure_time': 15270, 'arrival_time': 15840, 'day': 'current_day', 'from_stop_id': '145-4', 'to_stop_id': '238-4', 'trip_id': '9-0-21', 'agency_name': 'Unknown'}, {'duration': 30, 'departure_time': 15840, 'arrival_time': 15870, 'day': 'current_day', 'from_stop_id': '238-4', 'to_stop_id': '238-1', 'trip_id': 'walking', 'agency_name': 'Unknown'}, {'duration': 90, 'departure_time': 15870, 'arrival_time': 15960, 'day': 'current_day', 'from_stop_id': '238-1', 'to_stop_id': 'MH-R-1', 'trip_id': '3-0-21', 'agency_name': 'Unknown'}, {'duration': 90, 'departure_time': 16140, 'arrival_time': 16230, 'day': 'current_day', 'from_stop_id': 'MH-R-1', 'to_stop_id': '239-1', 'trip_id': '3-0-21', 'agency_name': 'Unknown'}, {'duration': 450, 'departure_time': 16260, 'arrival_time': 16710, 'day': 'current_day', 'from_stop_id': '239-1', 'to_stop_id': '182-1', 'trip_id': '3-0-21', 'agency_name': 'Unknown'}]}"
172,220,6090,intra,right,390,[180],[220],500,375,0,0,6465,6525.0,7590.0,7650.0,1065.0,2.0,180,220,3007.0,9097.0,pt,1560.0,7650.0,1560.0,"{'duration': 1065, 'source_transfer_time': 0, 'waiting_time': 105, 'trip_time': 960, 'num_transfers': 2, 'departure_time': 6525, 'departure_day': 'current_day', 'arrival_time': 7590, 'arrival_day': 'current_day', 'steps': [{'duration': 330, 'departure_time': 6630, 'arrival_time': 6960, 'day': 'current_day', 'from_stop_id': '180-1', 'to_stop_id': 'MH-R-1', 'trip_id': '3-1-6', 'agency_name': 'Unknown'}, {'duration': 30, 'departure_time': 6960, 'arrival_time': 6990, 'day': 'current_day', 'from_stop_id': 'MH-R-1', 'to_stop_id': 'MH-R-2', 'trip_id': 'walking', 'agency_name': 'Unknown'}, {'duration': 450, 'departure_time': 7140, 'arrival_time': 7590, 'day': 'current_day', 'from_stop_id': 'MH-R-2', 'to_stop_id': '220-2', 'trip_id': '4-1-6', 'agency_name': 'Unknown'}]}"
235,183,5940,intra,right,391,[224; 236],[175],500,375,500,375,6315,6375.0,8310.0,8370.0,1935.0,3.0,224,175,4887.0,10827.0,pt,2805.0,8745.0,2805.0,"{'duration': 1935, 'source_transfer_time': 0, 'waiting_time': 255, 'trip_time': 1680, 'num_transfers': 3, 'departure_time': 6375, 'departure_day': 'current_day', 'arrival_time': 8310, 'arrival_day': 'current_day', 'steps': [{'duration': 810, 'departure_time': 6630, 'arrival_time': 7440, 'day': 'current_day', 'from_stop_id': '224-4', 'to_stop_id': '239-4', 'trip_id': '9-1-7', 'agency_name': 'Unknown'}, {'duration': 30, 'departure_time': 7440, 'arrival_time': 7470, 'day': 'current_day', 'from_stop_id': '239-4', 'to_stop_id': '239-1', 'trip_id': 'walking', 'agency_name': 'Unknown'}, {'duration': 90, 'departure_time': 7470, 'arrival_time': 7560, 'day': 'current_day', 'from_stop_id': '239-1', 'to_stop_id': 'MH-R-1', 'trip_id': '3-1-7', 'agency_name': 'Unknown'}, {'duration': 570, 'departure_time': 7740, 'arrival_time': 8310, 'day': 'current_day', 'from_stop_id': 'MH-R-1', 'to_stop_id': '175-1', 'trip_id': '3-1-7', 'agency_name': 'Unknown'}]}"
161,125,11400,intra,right,392,[161],[126],0,0,500,375,11400,11460.0,13110.0,13170.0,1650.0,2.0,161,126,2255.0,13655.0,pt,2145.0,13545.0,2145.0,"{'duration': 1650, 'source_transfer_time': 0, 'waiting_time': 450, 'trip_time': 1200, 'num_transfers': 2, 'departure_time': 11460, 'departure_day': 'current_day', 'arrival_time': 13110, 'arrival_day': 'current_day', 'steps': [{'duration': 330, 'departure_time': 11910, 'arrival_time': 12240, 'day': 'current_day', 'from_stop_id': '161-5', 'to_stop_id': '237-5', 'trip_id': '10-0-15', 'agency_name': 'Unknown'}, {'duration': 30, 'departure_time': 12240, 'arrival_time': 12270, 'day': 'current_day', 'from_stop_id': '237-5', 'to_stop_id': '237-2', 'trip_id': 'walking', 'agency_name': 'Unknown'}, {'duration': 450, 'departure_time': 12660, 'arrival_time': 13110, 'day': 'current_day', 'from_stop_id': '237-2', 'to_stop_id': '126-2', 'trip_id': '4-0-15', 'agency_name': 'Unknown'}]}"
198,228,7830,intra,right,393,[198],[217; 227],0,0,500,375,7830,7890.0,9150.0,9210.0,1260.0,2.0,198,217,2255.0,10085.0,pt,1755.0,9585.0,1755.0,"{'duration': 1260, 'source_transfer_time': 0, 'waiting_time': 60, 'trip_time': 1200, 'num_transfers': 2, 'departure_time': 7890, 'departure_day': 'current_day', 'arrival_time': 9150, 'arrival_day': 'current_day', 'steps': [{'duration': 90, 'departure_time': 7950, 'arrival_time': 8040, 'day': 'current_day', 'from_stop_id': '198-2', 'to_stop_id': '240-2', 'trip_id': '4-0-8', 'agency_name': 'Unknown'}, {'duration': 30, 'departure_time': 8040, 'arrival_time': 8070, 'day': 'current_day', 'from_stop_id': '240-2', 'to_stop_id': '240-5', 'trip_id': 'walking', 'agency_name': 'Unknown'}, {'duration': 690, 'departure_time': 8460, 'arrival_time': 9150, 'day': 'current_day', 'from_stop_id': '240-5', 'to_stop_id': '217-5', 'trip_id': '10-0-8', 'agency_name': 'Unknown'}]}"
136,204,3720,intra,right,394,[137],[206; 216; 226],500,375,1000,751,4095,4155.0,6030.0,6090.0,1875.0,3.0,137,206,4135.0,7855.0,pt,3121.0,6841.0,3121.0,"{'duration': 1875, 'source_transfer_time': 0, 'waiting_time': 555, 'trip_time': 1320, 'num_transfers': 3, 'departure_time': 4155, 'departure_day': 'current_day', 'arrival_time': 6030, 'arrival_day': 'current_day', 'steps': [{'duration': 330, 'departure_time': 4710, 'arrival_time': 5040, 'day': 'current_day', 'from_stop_id': '137-2', 'to_stop_id': '237-2', 'trip_id': '4-1-3', 'agency_name': 'Unknown'}, {'duration': 30, 'departure_time': 5040, 'arrival_time': 5070, 'day': 'current_day', 'from_stop_id': '237-2', 'to_stop_id': '237-5', 'trip_id': 'walking', 'agency_name': 'Unknown'}, {'duration': 360, 'departure_time': 5070, 'arrival_time': 5430, 'day': 'current_day', 'from_stop_id': '237-5', 'to_stop_id': '240-5', 'trip_id': '10-0-3', 'agency_name': 'Unknown'}, {'duration': 570, 'departure_time': 5460, 'arrival_time': 6030, 'day': 'current_day', 'from_stop_id': '240-5', 'to_stop_id': '206-5', 'trip_id': '10-0-3', 'agency_name': 'Unknown'}]}"
150,235,7470,intra,right,395,[150],[224; 236],0,0,500,375,7470,7530.0,9270.0,9330.0,1740.0,2.0,150,224,3759.0,11229.0,pt,2235.0,9705.0,2235.0,"{'duration': 1740, 'source_transfer_time': 0, 'waiting_time': 60, 'trip_time': 1680, 'num_transfers': 2, 'departure_time': 7530, 'departure_day': 'current_day', 'arrival_time': 9270, 'arrival_day': 'current_day', 'steps': [{'duration': 570, 'departure_time': 7590, 'arrival_time': 8160, 'day': 'current_day', 'from_stop_id': '150-5', 'to_stop_id': 'MH-R-5', 'trip_id': '10-0-8', 'agency_name': 'Unknown'}, {'duration': 30, 'departure_time': 8160, 'arrival_time': 8190, 'day': 'current_day', 'from_stop_id': 'MH-R-5', 'to_stop_id': 'MH-R-4', 'trip_id': 'walking', 'agency_name': 'Unknown'}, {'duration': 930, 'departure_time': 8340, 'arrival_time': 9270, 'day': 'current_day', 'from_stop_id': 'MH-R-4', 'to_stop_id': '224-4', 'trip_id': '9-0-8', 'agency_name': 'Unknown'}]}"
217,130,10890,intra,right,396,[217],[130],0,0,0,0,10890,10950.0,12990.0,13050.0,2040.0,0.0,217,130,6015.0,16905.0,pt,2160.0,13050.0,2160.0,"{'duration': 2040, 'source_transfer_time': 0, 'waiting_time': 0, 'trip_time': 2040, 'num_transfers': 0, 'departure_time': 10950, 'departure_day': 'current_day', 'arrival_time': 12990, 'arrival_day': 'current_day', 'steps': [{'duration': 2040, 'departure_time': 10950, 'arrival_time': 12990, 'day': 'current_day', 'from_stop_id': '217-5', 'to_stop_id': '130-5', 'trip_id': '10-1-14', 'agency_name': 'Unknown'}]}"
163,223,8970,intra,right,397,[141; 151; 161; 181],[212; 224],1000,751,500,375,9721,9781.0,11430.0,11490.0,1649.0,2.0,151,212,2631.0,11601.0,walking,2631.0,11865.0,2895.0,"{'duration': 1649, 'source_transfer_time': 0, 'waiting_time': 89, 'trip_time': 1560, 'num_transfers': 2, 'departure_time': 9781, 'departure_day': 'current_day', 'arrival_time': 11430, 'arrival_day': 'current_day', 'steps': [{'duration': 690, 'departure_time': 9870, 'arrival_time': 10560, 'day': 'current_day', 'from_stop_id': '151-5', 'to_stop_id': 'MH-R-5', 'trip_id': '10-0-12', 'agency_name': 'Unknown'}, {'duration': 30, 'departure_time': 10560, 'arrival_time': 10590, 'day': 'current_day', 'from_stop_id': 'MH-R-5', 'to_stop_id': 'MH-R-4', 'trip_id': 'walking', 'agency_name': 'Unknown'}, {'duration': 690, 'departure_time': 10740, 'arrival_time': 11430, 'day': 'current_day', 'from_stop_id': 'MH-R-4', 'to_stop_id': '212-4', 'trip_id': '9-0-12', 'agency_name': 'Unknown'}]}"
207,233,6600,intra,right,398,[207],[231],0,0,1000,751,6600,6660.0,8310.0,8370.0,1650.0,2.0,207,231,2255.0,8855.0,walking,2255.0,9121.0,2521.0,"{'duration': 1650, 'source_transfer_time': 0, 'waiting_time': 330, 'trip_time': 1320, 'num_transfers': 2, 'departure_time': 6660, 'departure_day': 'current_day', 'arrival_time': 8310, 'arrival_day': 'current_day', 'steps': [{'duration': 450, 'departure_time': 6990, 'arrival_time': 7440, 'day': 'current_day', 'from_stop_id': '207-5', 'to_stop_id': '240-5', 'trip_id': '10-1-7', 'agency_name': 'Unknown'}, {'duration': 30, 'departure_time': 7440, 'arrival_time': 7470, 'day': 'current_day', 'from_stop_id': '240-5', 'to_stop_id': '240-2', 'trip_id': 'walking', 'agency_name': 'Unknown'}, {'duration': 450, 'departure_time': 7860, 'arrival_time': 8310, 'day': 'current_day', 'from_stop_id': '240-2', 'to_stop_id': '231-2', 'trip_id': '4-1-7', 'agency_name': 'Unknown'}]}"
238,153,7980,intra,right,399,[238],[131; 141; 151],0,0,1000,751,7980,8040.0,9030.0,9090.0,990.0,2.0,238,151,3383.0,11363.0,pt,1861.0,9841.0,1861.0,"{'duration': 990, 'source_transfer_time': 0, 'waiting_time': 30, 'trip_time': 960, 'num_transfers': 2, 'departure_time': 8040, 'departure_day': 'current_day', 'arrival_time': 9030, 'arrival_day': 'current_day', 'steps': [{'duration': 90, 'departure_time': 8070, 'arrival_time': 8160, 'day': 'current_day', 'from_stop_id': '238-1', 'to_stop_id': 'MH-R-1', 'trip_id': '3-0-8', 'agency_name': 'Unknown'}, {'duration': 30, 'departure_time': 8160, 'arrival_time': 8190, 'day': 'current_day', 'from_stop_id': 'MH-R-1', 'to_stop_id': 'MH-R-5', 'trip_id': 'walking', 'agency_name': 'Unknown'}, {'duration': 690, 'departure_time': 8340, 'arrival_time': 9030, 'day': 'current_day', 'from_stop_id': 'MH-R-5', 'to_stop_id': '151-5', 'trip_id': '10-1-8', 'agency_name': 'Unknown'}]}"
208,133,6990,intra,right,400,[197; 207; 209],[133],500,375,0,0,7365,7425.0,9270.0,9330.0,1845.0,2.0,197,133,3759.0,10749.0,pt,2340.0,9330.0,2340.0,"{'duration': 1845, 'source_transfer_time': 0, 'waiting_time': 405, 'trip_time': 1440, 'num_transfers': 2, 'departure_time': 7425, 'departure_day': 'current_day', 'arrival_time': 9270, 'arrival_day': 'current_day', 'steps': [{'duration': 330, 'departure_time': 7830, 'arrival_time': 8160, 'day': 'current_day', 'from_stop_id': '197-5', 'to_stop_id': 'MH-R-5', 'trip_id': '10-1-8', 'agency_name': 'Unknown'}, {'duration': 30, 'departure_time': 8160, 'arrival_time': 8190, 'day': 'current_day', 'from_stop_id': 'MH-R-5', 'to_stop_id': 'MH-R-4', 'trip_id': 'walking', 'agency_name': 'Unknown'}, {'duration': 930, 'departure_time': 8340, 'arrival_time': 9270, 'day': 'current_day', 'from_stop_id': 'MH-R-4', 'to_stop_id': '133-4', 'trip_id': '9-1-8', 'agency_name': 'Unknown'}]}"
133,190,11430,intra,right,401,[133],[180; 189; 201],0,0,500,375,11430,11490.0,13470.0,13530.0,1980.0,3.0,133,180,4511.0,15941.0,pt,2475.0,13905.0,2475.0,"{'duration': 1980, 'source_transfer_time': 0, 'waiting_time': 540, 'trip_time': 1440, 'num_transfers': 3, 'departure_time': 11490, 'departure_day': 'current_day', 'arrival_time': 13470, 'arrival_day': 'current_day', 'steps': [{'duration': 810, 'departure_time': 12030, 'arrival_time': 12840, 'day': 'current_day', 'from_stop_id': '133-4', 'to_stop_id': '238-4', 'trip_id': '9-0-16', 'agency_name': 'Unknown'}, {'duration': 30, 'departure_time': 12840, 'arrival_time': 12870, 'day': 'current_day', 'from_stop_id': '238-4', 'to_stop_id': '238-1', 'trip_id': 'walking', 'agency_name': 'Unknown'}, {'duration': 90, 'departure_time': 12870, 'arrival_time': 12960, 'day': 'current_day', 'from_stop_id': '238-1', 'to_stop_id': 'MH-R-1', 'trip_id': '3-0-16', 'agency_name': 'Unknown'}, {'duration': 330, 'departure_time': 13140, 'arrival_time': 13470, 'day': 'current_day', 'from_stop_id': 'MH-R-1', 'to_stop_id': '180-1', 'trip_id': '3-0-16', 'agency_name': 'Unknown'}]}"
142,157,7050,intra,right,402,[131; 141],[157],500,375,0,0,7425,7485.0,9390.0,9450.0,1905.0,2.0,131,157,3383.0,10433.0,pt,2400.0,9450.0,2400.0,"{'duration': 1905, 'source_transfer_time': 0, 'waiting_time': 105, 'trip_time': 1800, 'num_transfers': 2, 'departure_time': 7485, 'departure_day': 'current_day', 'arrival_time': 9390, 'arrival_day': 'current_day', 'steps': [{'duration': 1170, 'departure_time': 7590, 'arrival_time': 8760, 'day': 'current_day', 'from_stop_id': '131-5', 'to_stop_id': 'MH-R-5', 'trip_id': '10-0-9', 'agency_name': 'Unknown'}, {'duration': 30, 'departure_time': 8760, 'arrival_time': 8790, 'day': 'current_day', 'from_stop_id': 'MH-R-5', 'to_stop_id': 'MH-R-4', 'trip_id': 'walking', 'agency_name': 'Unknown'}, {'duration': 450, 'departure_time': 8940, 'arrival_time': 9390, 'day': 'current_day', 'from_stop_id': 'MH-R-4', 'to_stop_id': '157-4', 'trip_id': '9-1-9', 'agency_name': 'Unknown'}]}"
241,232,10290,intra,right,403,[241],[231],0,0,500,375,10290,10350.0,11310.0,11370.0,960.0,0.0,MH-R,231,2255.0,12545.0,pt,1455.0,11745.0,1455.0,"{'duration': 960, 'source_transfer_time': 0, 'waiting_time': 390, 'trip_time': 570, 'num_transfers': 0, 'departure_time': 10350, 'departure_day': 'current_day', 'arrival_time': 11310, 'arrival_day': 'current_day', 'steps': [{'duration': 570, 'departure_time': 10740, 'arrival_time': 11310, 'day': 'current_day', 'from_stop_id': 'MH-R-2', 'to_stop_id': '231-2', 'trip_id': '4-1-12', 'agency_name': 'Unknown'}]}"
217,145,8550,intra,right,404,[217],[145],0,0,0,0,8550,8610.0,10830.0,10890.0,2220.0,2.0,217,145,2631.0,11181.0,pt,2340.0,10890.0,2340.0,"{'duration': 2220, 'source_transfer_time': 0, 'waiting_time': 540, 'trip_time': 1680, 'num_transfers': 2, 'departure_time': 8610, 'departure_day': 'current_day', 'arrival_time': 10830, 'arrival_day': 'current_day', 'steps': [{'duration': 810, 'departure_time': 9150, 'arrival_time': 9960, 'day': 'current_day', 'from_stop_id': '217-5', 'to_stop_id': 'MH-R-5', 'trip_id': '10-1-11', 'agency_name': 'Unknown'}, {'duration': 30, 'departure_time': 9960, 'arrival_time': 9990, 'day': 'current_day', 'from_stop_id': 'MH-R-5', 'to_stop_id': 'MH-R-4', 'trip_id': 'walking', 'agency_name': 'Unknown'}, {'duration': 690, 'departure_time': 10140, 'arrival_time': 10830, 'day': 'current_day', 'from_stop_id': 'MH-R-4', 'to_stop_id': '145-4', 'trip_id': '9-1-11', 'agency_name': 'Unknown'}]}"
176,210,9690,intra,right,405,[176],[209],0,0,500,375,9690,9750.0,11070.0,11130.0,1320.0,2.0,176,209,3007.0,12697.0,pt,1815.0,11505.0,1815.0,"{'duration': 1320, 'source_transfer_time': 0, 'waiting_time': 360, 'trip_time': 960, 'num_transfers': 2, 'departure_time': 9750, 'departure_day': 'current_day', 'arrival_time': 11070, 'arrival_day': 'current_day', 'steps': [{'duration': 450, 'departure_time': 10110, 'arrival_time': 10560, 'day': 'current_day', 'from_stop_id': '176-1', 'to_stop_id': 'MH-R-1', 'trip_id': '3-0-12', 'agency_name': 'Unknown'}, {'duration': 30, 'departure_time': 10560, 'arrival_time': 10590, 'day': 'current_day', 'from_stop_id': 'MH-R-1', 'to_stop_id': 'MH-R-2', 'trip_id': 'walking', 'agency_name': 'Unknown'}, {'duration': 330, 'departure_time': 10740, 'arrival_time': 11070, 'day': 'current_day', 'from_stop_id': 'MH-R-2', 'to_stop_id': '209-2', 'trip_id': '4-1-12', 'agency_name': 'Unknown'}]}"
196,171,12000,intra,right,406,[196],[161; 170; 179],0,0,500,375,12000,12060.0,13350.0,13410.0,1290.0,0.0,196,170,2631.0,14631.0,pt,1785.0,13785.0,1785.0,"{'duration': 1290, 'source_transfer_time': 0, 'waiting_time': 450, 'trip_time': 840, 'num_transfers': 0, 'departure_time': 12060, 'departure_day': 'current_day', 'arrival_time': 13350, 'arrival_day': 'current_day', 'steps': [{'duration': 840, 'departure_time': 12510, 'arrival_time': 13350, 'day': 'current_day', 'from_stop_id': '196-5', 'to_stop_id': '170-5', 'trip_id': '10-1-16', 'agency_name': 'Unknown'}]}"
224,171,8430,intra,right,407,[224],[161; 170; 179],0,0,500,375,8430,8490.0,10350.0,10410.0,1860.0,2.0,224,170,2631.0,11061.0,pt,2355.0,10785.0,2355.0,"{'duration': 1860, 'source_transfer_time': 0, 'waiting_time': 540, 'trip_time': 1320, 'num_transfers': 2, 'departure_time': 8490, 'departure_day': 'current_day', 'arrival_time': 10350, 'arrival_day': 'current_day', 'steps': [{'duration': 930, 'departure_time': 9030, 'arrival_time': 9960, 'day': 'current_day', 'from_stop_id': '224-4', 'to_stop_id': 'MH-R-4', 'trip_id': '9-1-11', 'agency_name': 'Unknown'}, {'duration': 30, 'departure_time': 9960, 'arrival_time': 9990, 'day': 'current_day', 'from_stop_id': 'MH-R-4', 'to_stop_id': 'MH-R-5', 'trip_id': 'walking', 'agency_name': 'Unknown'}, {'duration': 210, 'departure_time': 10140, 'arrival_time': 10350, 'day': 'current_day', 'from_stop_id': 'MH-R-5', 'to_stop_id': '170-5', 'trip_id': '10-1-11', 'agency_name': 'Unknown'}]}"
183,124,10980,intra,right,408,[175],[126],500,375,1000,751,11355,11415.0,13110.0,13170.0,1695.0,2.0,175,126,3383.0,14363.0,pt,2941.0,13921.0,2941.0,"{'duration': 1695, 'source_transfer_time': 0, 'waiting_time': 375, 'trip_time': 1320, 'num_transfers': 2, 'departure_time': 11415, 'departure_day': 'current_day', 'arrival_time': 13110, 'arrival_day': 'current_day', 'steps': [{'duration': 570, 'departure_time': 11790, 'arrival_time': 12360, 'day': 'current_day', 'from_stop_id': '175-1', 'to_stop_id': 'MH-R-1', 'trip_id': '3-0-15', 'agency_name': 'Unknown'}, {'duration': 30, 'departure_time': 12360, 'arrival_time': 12390, 'day': 'current_day', 'from_stop_id': 'MH-R-1', 'to_stop_id': 'MH-R-2', 'trip_id': 'walking', 'agency_name': 'Unknown'}, {'duration': 570, 'departure_time': 12540, 'arrival_time': 13110, 'day': 'current_day', 'from_stop_id': 'MH-R-2', 'to_stop_id': '126-2', 'trip_id': '4-0-15', 'agency_name': 'Unknown'}]}"
151,167,7470,intra,right,409,[151],[156; 168; 177],0,0,500,375,7470,7530.0,9270.0,9330.0,1740.0,2.0,151,168,3007.0,10477.0,pt,2235.0,9705.0,2235.0,"{'duration': 1740, 'source_transfer_time': 0, 'waiting_time': 540, 'trip_time': 1200, 'num_transfers': 2, 'departure_time': 7530, 'departure_day': 'current_day', 'arrival_time': 9270, 'arrival_day': 'current_day', 'steps': [{'duration': 690, 'departure_time': 8070, 'arrival_time': 8760, 'day': 'current_day', 'from_stop_id': '151-5', 'to_stop_id': 'MH-R-5', 'trip_id': '10-0-9', 'agency_name': 'Unknown'}, {'duration': 30, 'departure_time': 8760, 'arrival_time': 8790, 'day': 'current_day', 'from_stop_id': 'MH-R-5', 'to_stop_id': 'MH-R-4', 'trip_id': 'walking', 'agency_name': 'Unknown'}, {'duration': 330, 'departure_time': 8940, 'arrival_time': 9270, 'day': 'current_day', 'from_stop_id': 'MH-R-4', 'to_stop_id': '168-4', 'trip_id': '9-1-9', 'agency_name': 'Unknown'}]}"
159,217,4950,intra,right,410,[159],[217],0,0,0,0,4950,5010.0,6750.0,6810.0,1740.0,3.0,159,217,3383.0,8333.0,pt,1860.0,6810.0,1860.0,"{'duration': 1740, 'source_transfer_time': 0, 'waiting_time': 540, 'trip_time': 1200, 'num_transfers': 3, 'departure_time': 5010, 'departure_day': 'current_day', 'arrival_time': 6750, 'arrival_day': 'current_day', 'steps': [{'duration': 90, 'departure_time': 5550, 'arrival_time': 5640, 'day': 'current_day', 'from_stop_id': '159-2', 'to_stop_id': '237-2', 'trip_id': '4-1-4', 'agency_name': 'Unknown'}, {'duration': 30, 'departure_time': 5640, 'arrival_time': 5670, 'day': 'current_day', 'from_stop_id': '237-2', 'to_stop_id': '237-5', 'trip_id': 'walking', 'agency_name': 'Unknown'}, {'duration': 360, 'departure_time': 5670, 'arrival_time': 6030, 'day': 'current_day', 'from_stop_id': '237-5', 'to_stop_id': '240-5', 'trip_id': '10-0-4', 'agency_name': 'Unknown'}, {'duration': 690, 'departure_time': 6060, 'arrival_time': 6750, 'day': 'current_day', 'from_stop_id': '240-5', 'to_stop_id': '217-5', 'trip_id': '10-0-4', 'agency_name': 'Unknown'}]}"
181,186,12540,intra,right,411,[181],[178; 187; 196],0,0,500,375,12540,12600.0,13950.0,14010.0,1350.0,0.0,181,178,2631.0,15171.0,pt,1845.0,14385.0,1845.0,"{'duration': 1350, 'source_transfer_time': 0, 'waiting_time': 510, 'trip_time': 840, 'num_transfers': 0, 'departure_time': 12600, 'departure_day': 'current_day', 'arrival_time': 13950, 'arrival_day': 'current_day', 'steps': [{'duration': 840, 'departure_time': 13110, 'arrival_time': 13950, 'day': 'current_day', 'from_stop_id': '181-1', 'to_stop_id': '178-1', 'trip_id': '3-1-17', 'agency_name': 'Unknown'}]}"
232,147,9030,intra,right,412,[231],[148],500,375,500,375,9405,9465.0,11070.0,11130.0,1605.0,0.0,231,148,3759.0,12789.0,pt,2475.0,11505.0,2475.0,"{'duration': 1605, 'source_transfer_time': 0, 'waiting_time': 525, 'trip_time': 1080, 'num_transfers': 0, 'departure_time': 9465, 'departure_day': 'current_day', 'arrival_time': 11070, 'arrival_day': 'current_day', 'steps': [{'duration': 1080, 'departure_time': 9990, 'arrival_time': 11070, 'day': 'current_day', 'from_stop_id': '231-2', 'to_stop_id': '148-2', 'trip_id': '4-0-12', 'agency_name': 'Unknown'}]}"
150,225,10710,intra,right,413,[150],[225],0,0,0,0,10710,10770.0,12990.0,13050.0,2220.0,2.0,150,225,3759.0,14469.0,pt,2340.0,13050.0,2340.0,"{'duration': 2220, 'source_transfer_time': 0, 'waiting_time': 420, 'trip_time': 1800, 'num_transfers': 2, 'departure_time': 10770, 'departure_day': 'current_day', 'arrival_time': 12990, 'arrival_day': 'current_day', 'steps': [{'duration': 570, 'departure_time': 11190, 'arrival_time': 11760, 'day': 'current_day', 'from_stop_id': '150-5', 'to_stop_id': 'MH-R-5', 'trip_id': '10-0-14', 'agency_name': 'Unknown'}, {'duration': 30, 'departure_time': 11760, 'arrival_time': 11790, 'day': 'current_day', 'from_stop_id': 'MH-R-5', 'to_stop_id': 'MH-R-4', 'trip_id': 'walking', 'agency_name': 'Unknown'}, {'duration': 1050, 'departure_time': 11940, 'arrival_time': 12990, 'day': 'current_day', 'from_stop_id': 'MH-R-4', 'to_stop_id': '225-4', 'trip_id': '9-0-14', 'agency_name': 'Unknown'}]}"
132,185,13920,intra,right,414,[132],[177],0,0,500,375,13920,13980.0,15870.0,15930.0,1890.0,3.0,132,177,2631.0,16551.0,pt,2385.0,16305.0,2385.0,"{'duration': 1890, 'source_transfer_time': 0, 'waiting_time': 330, 'trip_time': 1560, 'num_transfers': 3, 'departure_time': 13980, 'departure_day': 'current_day', 'arrival_time': 15870, 'arrival_day': 'current_day', 'steps': [{'duration': 930, 'departure_time': 14310, 'arrival_time': 15240, 'day': 'current_day', 'from_stop_id': '132-4', 'to_stop_id': '238-4', 'trip_id': '9-0-20', 'agency_name': 'Unknown'}, {'duration': 30, 'departure_time': 15240, 'arrival_time': 15270, 'day': 'current_day', 'from_stop_id': '238-4', 'to_stop_id': '238-1', 'trip_id': 'walking', 'agency_name': 'Unknown'}, {'duration': 90, 'departure_time': 15270, 'arrival_time': 15360, 'day': 'current_day', 'from_stop_id': '238-1', 'to_stop_id': 'MH-R-1', 'trip_id': '3-0-20', 'agency_name': 'Unknown'}, {'duration': 330, 'departure_time': 15540, 'arrival_time': 15870, 'day': 'current_day', 'from_stop_id': 'MH-R-1', 'to_stop_id': '177-1', 'trip_id': '3-1-20', 'agency_name': 'Unknown'}]}"
184,212,8100,intra,right,415,[176],[212],500,375,0,0,8475,8535.0,10230.0,10290.0,1695.0,2.0,176,212,3383.0,11483.0,pt,2190.0,10290.0,2190.0,"{'duration': 1695, 'source_transfer_time': 0, 'waiting_time': 375, 'trip_time': 1320, 'num_transfers': 2, 'departure_time': 8535, 'departure_day': 'current_day', 'arrival_time': 10230, 'arrival_day': 'current_day', 'steps': [{'duration': 330, 'departure_time': 8910, 'arrival_time': 9240, 'day': 'current_day', 'from_stop_id': '176-1', 'to_stop_id': '238-1', 'trip_id': '3-0-10', 'agency_name': 'Unknown'}, {'duration': 30, 'departure_time': 9240, 'arrival_time': 9270, 'day': 'current_day', 'from_stop_id': '238-1', 'to_stop_id': '238-4', 'trip_id': 'walking', 'agency_name': 'Unknown'}, {'duration': 960, 'departure_time': 9270, 'arrival_time': 10230, 'day': 'current_day', 'from_stop_id': '238-4', 'to_stop_id': '212-4', 'trip_id': '9-0-10', 'agency_name': 'Unknown'}]}"
133,212,4740,intra,right,416,[133],[212],0,0,0,0,4740,4800.0,6630.0,6690.0,1830.0,0.0,133,212,5263.0,10003.0,pt,1950.0,6690.0,1950.0,"{'duration': 1830, 'source_transfer_time': 0, 'waiting_time': 30, 'trip_time': 1800, 'num_transfers': 0, 'departure_time': 4800, 'departure_day': 'current_day', 'arrival_time': 6630, 'arrival_day': 'current_day', 'steps': [{'duration': 1800, 'departure_time': 4830, 'arrival_time': 6630, 'day': 'current_day', 'from_stop_id': '133-4', 'to_stop_id': '212-4', 'trip_id': '9-0-4', 'agency_name': 'Unknown'}]}"
171,175,4560,intra,right,417,[161; 170; 179],[175],500,375,0,0,4935,4995.0,6510.0,6570.0,1515.0,2.0,161,175,3007.0,7567.0,pt,2010.0,6570.0,2010.0,"{'duration': 1515, 'source_transfer_time': 0, 'waiting_time': 315, 'trip_time': 1200, 'num_transfers': 2, 'departure_time': 4995, 'departure_day': 'current_day', 'arrival_time': 6510, 'arrival_day': 'current_day', 'steps': [{'duration': 450, 'departure_time': 5310, 'arrival_time': 5760, 'day': 'current_day', 'from_stop_id': '161-5', 'to_stop_id': 'MH-R-5', 'trip_id': '10-0-4', 'agency_name': 'Unknown'}, {'duration': 30, 'departure_time': 5760, 'arrival_time': 5790, 'day': 'current_day', 'from_stop_id': 'MH-R-5', 'to_stop_id': 'MH-R-1', 'trip_id': 'walking', 'agency_name': 'Unknown'}, {'duration': 570, 'departure_time': 5940, 'arrival_time': 6510, 'day': 'current_day', 'from_stop_id': 'MH-R-1', 'to_stop_id': '175-1', 'trip_id': '3-1-4', 'agency_name': 'Unknown'}]}"
164,185,10920,intra,right,418,[182],[177],1000,751,500,375,11671,11731.0,12870.0,12930.0,1139.0,0.0,182,177,4135.0,15055.0,pt,2385.0,13305.0,2385.0,"{'duration': 1139, 'source_transfer_time': 0, 'waiting_time': 59, 'trip_time': 1080, 'num_transfers': 0, 'departure_time': 11731, 'departure_day': 'current_day', 'arrival_time': 12870, 'arrival_day': 'current_day', 'steps': [{'duration': 1080, 'departure_time': 11790, 'arrival_time': 12870, 'day': 'current_day', 'from_stop_id': '182-1', 'to_stop_id': '177-1', 'trip_id': '3-1-15', 'agency_name': 'Unknown'}]}"
133,127,9570,intra,right,419,[133],[126],0,0,500,375,9570,9630.0,11310.0,11370.0,1680.0,2.0,133,126,2255.0,11825.0,pt,2175.0,11745.0,2175.0,"{'duration': 1680, 'source_transfer_time': 0, 'waiting_time': 0, 'trip_time': 1680, 'num_transfers': 2, 'departure_time': 9630, 'departure_day': 'current_day', 'arrival_time': 11310, 'arrival_day': 'current_day', 'steps': [{'duration': 930, 'departure_time': 9630, 'arrival_time': 10560, 'day': 'current_day', 'from_stop_id': '133-4', 'to_stop_id': 'MH-R-4', 'trip_id': '9-0-12', 'agency_name': 'Unknown'}, {'duration': 30, 'departure_time': 10560, 'arrival_time': 10590, 'day': 'current_day', 'from_stop_id': 'MH-R-4', 'to_stop_id': 'MH-R-2', 'trip_id': 'walking', 'agency_name': 'Unknown'}, {'duration': 570, 'departure_time': 10740, 'arrival_time': 11310, 'day': 'current_day', 'from_stop_id': 'MH-R-2', 'to_stop_id': '126-2', 'trip_id': '4-0-12', 'agency_name': 'Unknown'}]}"
169,227,11850,intra,right,420,[169],[227],0,0,0,0,11850,11910.0,13590.0,13650.0,1680.0,2.0,169,227,3383.0,15233.0,pt,1800.0,13650.0,1800.0,"{'duration': 1680, 'source_transfer_time': 0, 'waiting_time': 240, 'trip_time': 1440, 'num_transfers': 2, 'departure_time': 11910, 'departure_day': 'current_day', 'arrival_time': 13590, 'arrival_day': 'current_day', 'steps': [{'duration': 210, 'departure_time': 12150, 'arrival_time': 12360, 'day': 'current_day', 'from_stop_id': '169-4', 'to_stop_id': 'MH-R-4', 'trip_id': '9-0-15', 'agency_name': 'Unknown'}, {'duration': 30, 'departure_time': 12360, 'arrival_time': 12390, 'day': 'current_day', 'from_stop_id': 'MH-R-4', 'to_stop_id': 'MH-R-5', 'trip_id': 'walking', 'agency_name': 'Unknown'}, {'duration': 1050, 'departure_time': 12540, 'arrival_time': 13590, 'day': 'current_day', 'from_stop_id': 'MH-R-5', 'to_stop_id': '227-5', 'trip_id': '10-0-15', 'agency_name': 'Unknown'}]}"
207,138,9840,intra,right,421,[207],[137],0,0,500,375,9840,9900.0,11190.0,11250.0,1290.0,2.0,207,137,3759.0,13599.0,pt,1785.0,11625.0,1785.0,"{'duration': 1290, 'source_transfer_time': 0, 'waiting_time': 90, 'trip_time': 1200, 'num_transfers': 2, 'departure_time': 9900, 'departure_day': 'current_day', 'arrival_time': 11190, 'arrival_day': 'current_day', 'steps': [{'duration': 450, 'departure_time': 9990, 'arrival_time': 10440, 'day': 'current_day', 'from_stop_id': '207-5', 'to_stop_id': '240-5', 'trip_id': '10-1-12', 'agency_name': 'Unknown'}, {'duration': 30, 'departure_time': 10440, 'arrival_time': 10470, 'day': 'current_day', 'from_stop_id': '240-5', 'to_stop_id': '240-2', 'trip_id': 'walking', 'agency_name': 'Unknown'}, {'duration': 720, 'departure_time': 10470, 'arrival_time': 11190, 'day': 'current_day', 'from_stop_id': '240-2', 'to_stop_id': '137-2', 'trip_id': '4-0-12', 'agency_name': 'Unknown'}]}"
191,221,10860,intra,right,422,[181],[220],500,375,500,375,11235,11295.0,12390.0,12450.0,1095.0,2.0,181,220,2255.0,13115.0,pt,1965.0,12825.0,1965.0,"{'duration': 1095, 'source_transfer_time': 0, 'waiting_time': 15, 'trip_time': 1080, 'num_transfers': 2, 'departure_time': 11295, 'departure_day': 'current_day', 'arrival_time': 12390, 'arrival_day': 'current_day', 'steps': [{'duration': 450, 'departure_time': 11310, 'arrival_time': 11760, 'day': 'current_day', 'from_stop_id': '181-1', 'to_stop_id': 'MH-R-1', 'trip_id': '3-1-14', 'agency_name': 'Unknown'}, {'duration': 30, 'departure_time': 11760, 'arrival_time': 11790, 'day': 'current_day', 'from_stop_id': 'MH-R-1', 'to_stop_id': 'MH-R-2', 'trip_id': 'walking', 'agency_name': 'Unknown'}, {'duration': 450, 'departure_time': 11940, 'arrival_time': 12390, 'day': 'current_day', 'from_stop_id': 'MH-R-2', 'to_stop_id': '220-2', 'trip_id': '4-1-14', 'agency_name': 'Unknown'}]}"
131,198,10110,intra,right,423,[131],[198],0,0,0,0,10110,10170.0,12150.0,12210.0,1980.0,2.0,131,198,4511.0,14621.0,pt,2100.0,12210.0,2100.0,"{'duration': 1980, 'source_transfer_time': 0, 'waiting_time': 420, 'trip_time': 1560, 'num_transfers': 2, 'departure_time': 10170, 'departure_day': 'current_day', 'arrival_time': 12150, 'arrival_day': 'current_day', 'steps': [{'duration': 1050, 'departure_time': 10590, 'arrival_time': 11640, 'day': 'current_day', 'from_stop_id': '131-5', 'to_stop_id': '237-5', 'trip_id': '10-0-14', 'agency_name': 'Unknown'}, {'duration': 30, 'departure_time': 11640, 'arrival_time': 11670, 'day': 'current_day', 'from_stop_id': '237-5', 'to_stop_id': '237-2', 'trip_id': 'walking', 'agency_name': 'Unknown'}, {'duration': 480, 'departure_time': 11670, 'arrival_time': 12150, 'day': 'current_day', 'from_stop_id': '237-2', 'to_stop_id': '198-2', 'trip_id': '4-1-14', 'agency_name': 'Unknown'}]}"
136,183,12750,intra,right,424,[137],[175],500,375,500,375,13125,13185.0,14910.0,14970.0,1725.0,2.0,137,175,3383.0,16133.0,pt,2595.0,15345.0,2595.0,"{'duration': 1725, 'source_transfer_time': 0, 'waiting_time': 525, 'trip_time': 1200, 'num_transfers': 2, 'departure_time': 13185, 'departure_day': 'current_day', 'arrival_time': 14910, 'arrival_day': 'current_day', 'steps': [{'duration': 450, 'departure_time': 13710, 'arrival_time': 14160, 'day': 'current_day', 'from_stop_id': '137-2', 'to_stop_id': 'MH-R-2', 'trip_id': '4-1-18', 'agency_name': 'Unknown'}, {'duration': 30, 'departure_time': 14160, 'arrival_time': 14190, 'day': 'current_day', 'from_stop_id': 'MH-R-2', 'to_stop_id': 'MH-R-1', 'trip_id': 'walking', 'agency_name': 'Unknown'}, {'duration': 570, 'departure_time': 14340, 'arrival_time': 14910, 'day': 'current_day', 'from_stop_id': 'MH-R-1', 'to_stop_id': '175-1', 'trip_id': '3-1-18', 'agency_name': 'Unknown'}]}"
210,204,11970,intra,right,425,[209],[206; 216; 226],500,375,1000,751,12345,12405.0,13830.0,13890.0,1425.0,2.0,209,206,2255.0,14225.0,walking,2255.0,14641.0,2671.0,"{'duration': 1425, 'source_transfer_time': 0, 'waiting_time': 225, 'trip_time': 1200, 'num_transfers': 2, 'departure_time': 12405, 'departure_day': 'current_day', 'arrival_time': 13830, 'arrival_day': 'current_day', 'steps': [{'duration': 210, 'departure_time': 12630, 'arrival_time': 12840, 'day': 'current_day', 'from_stop_id': '209-2', 'to_stop_id': '240-2', 'trip_id': '4-0-16', 'agency_name': 'Unknown'}, {'duration': 30, 'departure_time': 12840, 'arrival_time': 12870, 'day': 'current_day', 'from_stop_id': '240-2', 'to_stop_id': '240-5', 'trip_id': 'walking', 'agency_name': 'Unknown'}, {'duration': 570, 'departure_time': 13260, 'arrival_time': 13830, 'day': 'current_day', 'from_stop_id': '240-5', 'to_stop_id': '206-5', 'trip_id': '10-0-16', 'agency_name': 'Unknown'}]}"
227,163,6750,intra,right,426,[227],[141; 151; 161; 181],0,0,1000,751,6750,6810.0,8790.0,8850.0,1980.0,0.0,227,161,5639.0,12389.0,pt,2851.0,9601.0,2851.0,"{'duration': 1980, 'source_transfer_time': 0, 'waiting_time': 300, 'trip_time': 1680, 'num_transfers': 0, 'departure_time': 6810, 'departure_day': 'current_day', 'arrival_time': 8790, 'arrival_day': 'current_day', 'steps': [{'duration': 1680, 'departure_time': 7110, 'arrival_time': 8790, 'day': 'current_day', 'from_stop_id': '227-5', 'to_stop_id': '161-5', 'trip_id': '10-1-8', 'agency_name': 'Unknown'}]}"
213,207,8700,intra,right,427,[213],[207],0,0,0,0,8700,8760.0,10710.0,10770.0,1950.0,2.0,213,207,2255.0,10955.0,pt,2070.0,10770.0,2070.0,"{'duration': 1950, 'source_transfer_time': 0, 'waiting_time': 390, 'trip_time': 1560, 'num_transfers': 2, 'departure_time': 8760, 'departure_day': 'current_day', 'arrival_time': 10710, 'arrival_day': 'current_day', 'steps': [{'duration': 810, 'departure_time': 9150, 'arrival_time': 9960, 'day': 'current_day', 'from_stop_id': '213-4', 'to_stop_id': 'MH-R-4', 'trip_id': '9-1-11', 'agency_name': 'Unknown'}, {'duration': 30, 'departure_time': 9960, 'arrival_time': 9990, 'day': 'current_day', 'from_stop_id': 'MH-R-4', 'to_stop_id': 'MH-R-5', 'trip_id': 'walking', 'agency_name': 'Unknown'}, {'duration': 570, 'departure_time': 10140, 'arrival_time': 10710, 'day': 'current_day', 'from_stop_id': 'MH-R-5', 'to_stop_id': '207-5', 'trip_id': '10-0-11', 'agency_name': 'Unknown'}]}"
134,131,12240,intra,right,428,[133; 145],[131],500,375,0,0,12615,12675.0,14910.0,14970.0,2235.0,2.0,145,131,3383.0,15623.0,pt,2730.0,14970.0,2730.0,"{'duration': 2235, 'source_transfer_time': 0, 'waiting_time': 195, 'trip_time': 2040, 'num_transfers': 2, 'departure_time': 12675, 'departure_day': 'current_day', 'arrival_time': 14910, 'arrival_day': 'current_day', 'steps': [{'duration': 690, 'departure_time': 12870, 'arrival_time': 13560, 'day': 'current_day', 'from_stop_id': '145-4', 'to_stop_id': 'MH-R-4', 'trip_id': '9-0-17', 'agency_name': 'Unknown'}, {'duration': 30, 'departure_time': 13560, 'arrival_time': 13590, 'day': 'current_day', 'from_stop_id': 'MH-R-4', 'to_stop_id': 'MH-R-5', 'trip_id': 'walking', 'agency_name': 'Unknown'}, {'duration': 1170, 'departure_time': 13740, 'arrival_time': 14910, 'day': 'current_day', 'from_stop_id': 'MH-R-5', 'to_stop_id': '131-5', 'trip_id': '10-1-17', 'agency_name': 'Unknown'}]}"
180,232,10830,intra,right,429,[180],[231],0,0,500,375,10830,10890.0,12510.0,12570.0,1620.0,2.0,180,231,2631.0,13461.0,pt,2115.0,12945.0,2115.0,"{'duration': 1620, 'source_transfer_time': 0, 'waiting_time': 540, 'trip_time': 1080, 'num_transfers': 2, 'departure_time': 10890, 'departure_day': 'current_day', 'arrival_time': 12510, 'arrival_day': 'current_day', 'steps': [{'duration': 330, 'departure_time': 11430, 'arrival_time': 11760, 'day': 'current_day', 'from_stop_id': '180-1', 'to_stop_id': 'MH-R-1', 'trip_id': '3-1-14', 'agency_name': 'Unknown'}, {'duration': 30, 'departure_time': 11760, 'arrival_time': 11790, 'day': 'current_day', 'from_stop_id': 'MH-R-1', 'to_stop_id': 'MH-R-2', 'trip_id': 'walking', 'agency_name': 'Unknown'}, {'duration': 570, 'departure_time': 11940, 'arrival_time': 12510, 'day': 'current_day', 'from_stop_id': 'MH-R-2', 'to_stop_id': '231-2', 'trip_id': '4-1-14', 'agency_name': 'Unknown'}]}"
229,163,8160,intra,right,430,[207; 217; 227; 231],[141; 151; 161; 181],1000,751,1000,751,8911,8971.0,10590.0,10650.0,1619.0,0.0,207,161,4887.0,13047.0,pt,3241.0,11401.0,3241.0,"{'duration': 1619, 'source_transfer_time': 0, 'waiting_time': 419, 'trip_time': 1200, 'num_transfers': 0, 'departure_time': 8971, 'departure_day': 'current_day', 'arrival_time': 10590, 'arrival_day': 'current_day', 'steps': [{'duration': 1200, 'departure_time': 9390, 'arrival_time': 10590, 'day': 'current_day', 'from_stop_id': '207-5', 'to_stop_id': '161-5', 'trip_id': '10-1-11', 'agency_name': 'Unknown'}]}"
190,157,9480,intra,right,431,[180; 189; 201],[157],500,375,0,0,9855,9915.0,11190.0,11250.0,1275.0,2.0,180,157,3007.0,12487.0,pt,1770.0,11250.0,1770.0,"{'duration': 1275, 'source_transfer_time': 0, 'waiting_time': 315, 'trip_time': 960, 'num_transfers': 2, 'departure_time': 9915, 'departure_day': 'current_day', 'arrival_time': 11190, 'arrival_day': 'current_day', 'steps': [{'duration': 210, 'departure_time': 10230, 'arrival_time': 10440, 'day': 'current_day', 'from_stop_id': '180-1', 'to_stop_id': '239-1', 'trip_id': '3-1-12', 'agency_name': 'Unknown'}, {'duration': 30, 'departure_time': 10440, 'arrival_time': 10470, 'day': 'current_day', 'from_stop_id': '239-1', 'to_stop_id': '239-4', 'trip_id': 'walking', 'agency_name': 'Unknown'}, {'duration': 720, 'departure_time': 10470, 'arrival_time': 11190, 'day': 'current_day', 'from_stop_id': '239-4', 'to_stop_id': '157-4', 'trip_id': '9-1-12', 'agency_name': 'Unknown'}]}"
200,157,13530,intra,right,432,[200],[157],0,0,0,0,13530,13590.0,14790.0,14850.0,1200.0,0.0,200,157,3007.0,16537.0,pt,1320.0,14850.0,1320.0,"{'duration': 1200, 'source_transfer_time': 0, 'waiting_time': 120, 'trip_time': 1080, 'num_transfers': 0, 'departure_time': 13590, 'departure_day': 'current_day', 'arrival_time': 14790, 'arrival_day': 'current_day', 'steps': [{'duration': 1080, 'departure_time': 13710, 'arrival_time': 14790, 'day': 'current_day', 'from_stop_id': '200-4', 'to_stop_id': '157-4', 'trip_id': '9-1-18', 'agency_name': 'Unknown'}]}"
130,210,6690,intra,right,433,[130],[209],0,0,500,375,6690,6750.0,8670.0,8730.0,1920.0,2.0,130,209,4135.0,10825.0,pt,2415.0,9105.0,2415.0,"{'duration': 1920, 'source_transfer_time': 0, 'waiting_time': 360, 'trip_time': 1560, 'num_transfers': 2, 'departure_time': 6750, 'departure_day': 'current_day', 'arrival_time': 8670, 'arrival_day': 'current_day', 'steps': [{'duration': 930, 'departure_time': 7110, 'arrival_time': 8040, 'day': 'current_day', 'from_stop_id': '130-5', 'to_stop_id': '237-5', 'trip_id': '10-0-8', 'agency_name': 'Unknown'}, {'duration': 30, 'departure_time': 8040, 'arrival_time': 8070, 'day': 'current_day', 'from_stop_id': '237-5', 'to_stop_id': '237-2', 'trip_id': 'walking', 'agency_name': 'Unknown'}, {'duration': 600, 'departure_time': 8070, 'arrival_time': 8670, 'day': 'current_day', 'from_stop_id': '237-2', 'to_stop_id': '209-2', 'trip_id': '4-1-8', 'agency_name': 'Unknown'}]}"
149,178,9900,intra,right,434,[148; 150; 160],[178],500,375,0,0,10275,10335.0,11550.0,11610.0,1215.0,2.0,148,178,2255.0,12155.0,pt,1710.0,11610.0,1710.0,"{'duration': 1215, 'source_transfer_time': 0, 'waiting_time': 495, 'trip_time': 720, 'num_transfers': 2, 'departure_time': 10335, 'departure_day': 'current_day', 'arrival_time': 11550, 'arrival_day': 'current_day', 'steps': [{'duration': 330, 'departure_time': 10830, 'arrival_time': 11160, 'day': 'current_day', 'from_stop_id': '148-2', 'to_stop_id': 'MH-R-2', 'trip_id': '4-1-13', 'agency_name': 'Unknown'}, {'duration': 30, 'departure_time': 11160, 'arrival_time': 11190, 'day': 'current_day', 'from_stop_id': 'MH-R-2', 'to_stop_id': 'MH-R-1', 'trip_id': 'walking', 'agency_name': 'Unknown'}, {'duration': 210, 'departure_time': 11340, 'arrival_time': 11550, 'day': 'current_day', 'from_stop_id': 'MH-R-1', 'to_stop_id': '178-1', 'trip_id': '3-1-13', 'agency_name': 'Unknown'}]}"
181,228,7770,intra,right,435,[181],[217; 227],0,0,500,375,7770,7830.0,9750.0,9810.0,1920.0,2.0,181,217,4511.0,12281.0,pt,2415.0,10185.0,2415.0,"{'duration': 1920, 'source_transfer_time': 0, 'waiting_time': 480, 'trip_time': 1440, 'num_transfers': 2, 'departure_time': 7830, 'departure_day': 'current_day', 'arrival_time': 9750, 'arrival_day': 'current_day', 'steps': [{'duration': 450, 'departure_time': 8310, 'arrival_time': 8760, 'day': 'current_day', 'from_stop_id': '181-1', 'to_stop_id': 'MH-R-1', 'trip_id': '3-1-9', 'agency_name': 'Unknown'}, {'duration': 30, 'departure_time': 8760, 'arrival_time': 8790, 'day': 'current_day', 'from_stop_id': 'MH-R-1', 'to_stop_id': 'MH-R-5', 'trip_id': 'walking', 'agency_name': 'Unknown'}, {'duration': 810, 'departure_time': 8940, 'arrival_time': 9750, 'day': 'current_day', 'from_stop_id': 'MH-R-5', 'to_stop_id': '217-5', 'trip_id': '10-0-9', 'agency_name': 'Unknown'}]}"
205,171,7740,intra,right,436,[206; 216],[161; 170; 179],500,375,500,375,8115,8175.0,9750.0,9810.0,1575.0,0.0,206,170,3759.0,11499.0,pt,2445.0,10185.0,2445.0,"{'duration': 1575, 'source_transfer_time': 0, 'waiting_time': 495, 'trip_time': 1080, 'num_transfers': 0, 'departure_time': 8175, 'departure_day': 'current_day', 'arrival_time': 9750, 'arrival_day': 'current_day', 'steps': [{'duration': 1080, 'departure_time': 8670, 'arrival_time': 9750, 'day': 'current_day', 'from_stop_id': '206-5', 'to_stop_id': '170-5', 'trip_id': '10-1-10', 'agency_name': 'Unknown'}]}"
130,211,10530,intra,right,437,[130],[200; 212],0,0,500,375,10530,10590.0,12390.0,12450.0,1800.0,2.0,130,200,3759.0,14289.0,pt,2295.0,12825.0,2295.0,"{'duration': 1800, 'source_transfer_time': 0, 'waiting_time': 120, 'trip_time': 1680, 'num_transfers': 2, 'departure_time': 10590, 'departure_day': 'current_day', 'arrival_time': 12390, 'arrival_day': 'current_day', 'steps': [{'duration': 1050, 'departure_time': 10710, 'arrival_time': 11760, 'day': 'current_day', 'from_stop_id': '130-5', 'to_stop_id': 'MH-R-5', 'trip_id': '10-0-14', 'agency_name': 'Unknown'}, {'duration': 30, 'departure_time': 11760, 'arrival_time': 11790, 'day': 'current_day', 'from_stop_id': 'MH-R-5', 'to_stop_id': 'MH-R-4', 'trip_id': 'walking', 'agency_name': 'Unknown'}, {'duration': 450, 'departure_time': 11940, 'arrival_time': 12390, 'day': 'current_day', 'from_stop_id': 'MH-R-4', 'to_stop_id': '200-4', 'trip_id': '9-0-14', 'agency_name': 'Unknown'}]}"
162,214,9120,intra,right,438,[151; 161],[213; 225],500,375,500,375,9495,9555.0,11550.0,11610.0,1995.0,2.0,151,213,2631.0,11751.0,walking,2631.0,11985.0,2865.0,"{'duration': 1995, 'source_transfer_time': 0, 'waiting_time': 315, 'trip_time': 1680, 'num_transfers': 2, 'departure_time': 9555, 'departure_day': 'current_day', 'arrival_time': 11550, 'arrival_day': 'current_day', 'steps': [{'duration': 690, 'departure_time': 9870, 'arrival_time': 10560, 'day': 'current_day', 'from_stop_id': '151-5', 'to_stop_id': 'MH-R-5', 'trip_id': '10-0-12', 'agency_name': 'Unknown'}, {'duration': 30, 'departure_time': 10560, 'arrival_time': 10590, 'day': 'current_day', 'from_stop_id': 'MH-R-5', 'to_stop_id': 'MH-R-4', 'trip_id': 'walking', 'agency_name': 'Unknown'}, {'duration': 810, 'departure_time': 10740, 'arrival_time': 11550, 'day': 'current_day', 'from_stop_id': 'MH-R-4', 'to_stop_id': '213-4', 'trip_id': '9-0-12', 'agency_name': 'Unknown'}]}"
231,138,9630,intra,right,439,[231],[137],0,0,500,375,9630,9690.0,11190.0,11250.0,1500.0,0.0,231,137,3759.0,13389.0,pt,1995.0,11625.0,1995.0,"{'duration': 1500, 'source_transfer_time': 0, 'waiting_time': 300, 'trip_time': 1200, 'num_transfers': 0, 'departure_time': 9690, 'departure_day': 'current_day', 'arrival_time': 11190, 'arrival_day': 'current_day', 'steps': [{'duration': 1200, 'departure_time': 9990, 'arrival_time': 11190, 'day': 'current_day', 'from_stop_id': '231-2', 'to_stop_id': '137-2', 'trip_id': '4-0-12', 'agency_name': 'Unknown'}]}"
169,218,14340,intra,right,440,[169],[207; 217],0,0,500,375,14340,14400.0,15510.0,15570.0,1110.0,2.0,169,207,2255.0,16595.0,pt,1605.0,15945.0,1605.0,"{'duration': 1110, 'source_transfer_time': 0, 'waiting_time': 150, 'trip_time': 960, 'num_transfers': 2, 'departure_time': 14400, 'departure_day': 'current_day', 'arrival_time': 15510, 'arrival_day': 'current_day', 'steps': [{'duration': 210, 'departure_time': 14550, 'arrival_time': 14760, 'day': 'current_day', 'from_stop_id': '169-4', 'to_stop_id': 'MH-R-4', 'trip_id': '9-0-19', 'agency_name': 'Unknown'}, {'duration': 30, 'departure_time': 14760, 'arrival_time': 14790, 'day': 'current_day', 'from_stop_id': 'MH-R-4', 'to_stop_id': 'MH-R-5', 'trip_id': 'walking', 'agency_name': 'Unknown'}, {'duration': 570, 'departure_time': 14940, 'arrival_time': 15510, 'day': 'current_day', 'from_stop_id': 'MH-R-5', 'to_stop_id': '207-5', 'trip_id': '10-0-19', 'agency_name': 'Unknown'}]}"
238,140,10920,intra,right,441,[238],[140],0,0,0,0,10920,10980.0,12150.0,12210.0,1170.0,2.0,238,140,3007.0,13927.0,pt,1290.0,12210.0,1290.0,"{'duration': 1170, 'source_transfer_time': 0, 'waiting_time': 90, 'trip_time': 1080, 'num_transfers': 2, 'departure_time': 10980, 'departure_day': 'current_day', 'arrival_time': 12150, 'arrival_day': 'current_day', 'steps': [{'duration': 90, 'departure_time': 11070, 'arrival_time': 11160, 'day': 'current_day', 'from_stop_id': '238-1', 'to_stop_id': 'MH-R-1', 'trip_id': '3-0-13', 'agency_name': 'Unknown'}, {'duration': 30, 'departure_time': 11160, 'arrival_time': 11190, 'day': 'current_day', 'from_stop_id': 'MH-R-1', 'to_stop_id': 'MH-R-5', 'trip_id': 'walking', 'agency_name': 'Unknown'}, {'duration': 810, 'departure_time': 11340, 'arrival_time': 12150, 'day': 'current_day', 'from_stop_id': 'MH-R-5', 'to_stop_id': '140-5', 'trip_id': '10-1-13', 'agency_name': 'Unknown'}]}"
185,142,10530,intra,right,442,[177],[131; 141],500,375,500,375,10905,10965.0,12870.0,12930.0,1905.0,2.0,177,141,4887.0,15417.0,pt,2775.0,13305.0,2775.0,"{'duration': 1905, 'source_transfer_time': 0, 'waiting_time': 465, 'trip_time': 1440, 'num_transfers': 2, 'departure_time': 10965, 'departure_day': 'current_day', 'arrival_time': 12870, 'arrival_day': 'current_day', 'steps': [{'duration': 330, 'departure_time': 11430, 'arrival_time': 11760, 'day': 'current_day', 'from_stop_id': '177-1', 'to_stop_id': 'MH-R-1', 'trip_id': '3-0-14', 'agency_name': 'Unknown'}, {'duration': 30, 'departure_time': 11760, 'arrival_time': 11790, 'day': 'current_day', 'from_stop_id': 'MH-R-1', 'to_stop_id': 'MH-R-5', 'trip_id': 'walking', 'agency_name': 'Unknown'}, {'duration': 930, 'departure_time': 11940, 'arrival_time': 12870, 'day': 'current_day', 'from_stop_id': 'MH-R-5', 'to_stop_id': '141-5', 'trip_id': '10-1-14', 'agency_name': 'Unknown'}]}"
140,221,4980,intra,right,443,[140],[220],0,0,500,375,4980,5040.0,6990.0,7050.0,1950.0,2.0,140,220,3759.0,8739.0,pt,2445.0,7425.0,2445.0,"{'duration': 1950, 'source_transfer_time': 0, 'waiting_time': 510, 'trip_time': 1440, 'num_transfers': 2, 'departure_time': 5040, 'departure_day': 'current_day', 'arrival_time': 6990, 'arrival_day': 'current_day', 'steps': [{'duration': 690, 'departure_time': 5550, 'arrival_time': 6240, 'day': 'current_day', 'from_stop_id': '140-5', 'to_stop_id': '237-5', 'trip_id': '10-0-5', 'agency_name': 'Unknown'}, {'duration': 30, 'departure_time': 6240, 'arrival_time': 6270, 'day': 'current_day', 'from_stop_id': '237-5', 'to_stop_id': '237-2', 'trip_id': 'walking', 'agency_name': 'Unknown'}, {'duration': 720, 'departure_time': 6270, 'arrival_time': 6990, 'day': 'current_day', 'from_stop_id': '237-2', 'to_stop_id': '220-2', 'trip_id': '4-1-5', 'agency_name': 'Unknown'}]}"
141,214,11460,intra,right,444,[141],[213; 225],0,0,500,375,11460,11520.0,13950.0,14010.0,2430.0,2.0,141,213,3007.0,14467.0,pt,2925.0,14385.0,2925.0,"{'duration': 2430, 'source_transfer_time': 0, 'waiting_time': 510, 'trip_time': 1920, 'num_transfers': 2, 'departure_time': 11520, 'departure_day': 'current_day', 'arrival_time': 13950, 'arrival_day': 'current_day', 'steps': [{'duration': 930, 'departure_time': 12030, 'arrival_time': 12960, 'day': 'current_day', 'from_stop_id': '141-5', 'to_stop_id': 'MH-R-5', 'trip_id': '10-0-16', 'agency_name': 'Unknown'}, {'duration': 30, 'departure_time': 12960, 'arrival_time': 12990, 'day': 'current_day', 'from_stop_id': 'MH-R-5', 'to_stop_id': 'MH-R-4', 'trip_id': 'walking', 'agency_name': 'Unknown'}, {'duration': 810, 'departure_time': 13140, 'arrival_time': 13950, 'day': 'current_day', 'from_stop_id': 'MH-R-4', 'to_stop_id': '213-4', 'trip_id': '9-0-16', 'agency_name': 'Unknown'}]}"
121,202,7470,intra,right,445,[121],[201; 213],0,0,500,375,7470,7530.0,9510.0,9570.0,1980.0,0.0,121,201,6015.0,13485.0,pt,2475.0,9945.0,2475.0,"{'duration': 1980, 'source_transfer_time': 0, 'waiting_time': 60, 'trip_time': 1920, 'num_transfers': 0, 'departure_time': 7530, 'departure_day': 'current_day', 'arrival_time': 9510, 'arrival_day': 'current_day', 'steps': [{'duration': 1920, 'departure_time': 7590, 'arrival_time': 9510, 'day': 'current_day', 'from_stop_id': '121-4', 'to_stop_id': '201-4', 'trip_id': '9-0-9', 'agency_name': 'Unknown'}]}"
214,231,11460,intra,right,446,[213; 225],[231],500,375,0,0,11835,11895.0,13710.0,13770.0,1815.0,2.0,213,231,2631.0,14091.0,pt,2310.0,13770.0,2310.0,"{'duration': 1815, 'source_transfer_time': 0, 'waiting_time': 255, 'trip_time': 1560, 'num_transfers': 2, 'departure_time': 11895, 'departure_day': 'current_day', 'arrival_time': 13710, 'arrival_day': 'current_day', 'steps': [{'duration': 810, 'departure_time': 12150, 'arrival_time': 12960, 'day': 'current_day', 'from_stop_id': '213-4', 'to_stop_id': 'MH-R-4', 'trip_id': '9-1-16', 'agency_name': 'Unknown'}, {'duration': 30, 'departure_time': 12960, 'arrival_time': 12990, 'day': 'current_day', 'from_stop_id': 'MH-R-4', 'to_stop_id': 'MH-R-2', 'trip_id': 'walking', 'agency_name': 'Unknown'}, {'duration': 570, 'departure_time': 13140, 'arrival_time': 13710, 'day': 'current_day', 'from_stop_id': 'MH-R-2', 'to_stop_id': '231-2', 'trip_id': '4-1-16', 'agency_name': 'Unknown'}]}"
189,143,6000,intra,right,447,[189],[132; 144],0,0,500,375,6000,6060.0,7950.0,8010.0,1890.0,0.0,189,144,4135.0,10135.0,pt,2385.0,8385.0,2385.0,"{'duration': 1890, 'source_transfer_time': 0, 'waiting_time': 570, 'trip_time': 1320, 'num_transfers': 0, 'departure_time': 6060, 'departure_day': 'current_day', 'arrival_time': 7950, 'arrival_day': 'current_day', 'steps': [{'duration': 1320, 'departure_time': 6630, 'arrival_time': 7950, 'day': 'current_day', 'from_stop_id': '189-4', 'to_stop_id': '144-4', 'trip_id': '9-1-6', 'agency_name': 'Unknown'}]}"
156,209,3870,intra,right,448,[156],[209],0,0,0,0,3870,3930.0,5070.0,5130.0,1140.0,2.0,156,209,3007.0,6877.0,pt,1260.0,5130.0,1260.0,"{'duration': 1140, 'source_transfer_time': 0, 'waiting_time': 60, 'trip_time': 1080, 'num_transfers': 2, 'departure_time': 3930, 'departure_day': 'current_day', 'arrival_time': 5070, 'arrival_day': 'current_day', 'steps': [{'duration': 570, 'departure_time': 3990, 'arrival_time': 4560, 'day': 'current_day', 'from_stop_id': '156-4', 'to_stop_id': 'MH-R-4', 'trip_id': '9-0-2', 'agency_name': 'Unknown'}, {'duration': 30, 'departure_time': 4560, 'arrival_time': 4590, 'day': 'current_day', 'from_stop_id': 'MH-R-4', 'to_stop_id': 'MH-R-2', 'trip_id': 'walking', 'agency_name': 'Unknown'}, {'duration': 330, 'departure_time': 4740, 'arrival_time': 5070, 'day': 'current_day', 'from_stop_id': 'MH-R-2', 'to_stop_id': '209-2', 'trip_id': '4-1-2', 'agency_name': 'Unknown'}]}"
187,234,9660,intra,right,449,[187],[212; 224; 236],0,0,1000,751,9660,9720.0,10830.0,10890.0,1110.0,2.0,187,212,3007.0,12667.0,pt,1981.0,11641.0,1981.0,"{'duration': 1110, 'source_transfer_time': 0, 'waiting_time': 30, 'trip_time': 1080, 'num_transfers': 2, 'departure_time': 9720, 'departure_day': 'current_day', 'arrival_time': 10830, 'arrival_day': 'current_day', 'steps': [{'duration': 210, 'departure_time': 9750, 'arrival_time': 9960, 'day': 'current_day', 'from_stop_id': '187-5', 'to_stop_id': 'MH-R-5', 'trip_id': '10-1-11', 'agency_name': 'Unknown'}, {'duration': 30, 'departure_time': 9960, 'arrival_time': 9990, 'day': 'current_day', 'from_stop_id': 'MH-R-5', 'to_stop_id': 'MH-R-4', 'trip_id': 'walking', 'agency_name': 'Unknown'}, {'duration': 690, 'departure_time': 10140, 'arrival_time': 10830, 'day': 'current_day', 'from_stop_id': 'MH-R-4', 'to_stop_id': '212-4', 'trip_id': '9-0-11', 'agency_name': 'Unknown'}]}"
148,216,13470,intra,right,450,[148],[216],0,0,0,0,13470,13530.0,15270.0,15330.0,1740.0,3.0,148,216,4135.0,17605.0,pt,1860.0,15330.0,1860.0,"{'duration': 1740, 'source_transfer_time': 0, 'waiting_time': 300, 'trip_time': 1440, 'num_transfers': 3, 'departure_time': 13530, 'departure_day': 'current_day', 'arrival_time': 15270, 'arrival_day': 'current_day', 'steps': [{'duration': 210, 'departure_time': 13830, 'arrival_time': 14040, 'day': 'current_day', 'from_stop_id': '148-2', 'to_stop_id': '237-2', 'trip_id': '4-1-18', 'agency_name': 'Unknown'}, {'duration': 30, 'departure_time': 14040, 'arrival_time': 14070, 'day': 'current_day', 'from_stop_id': '237-2', 'to_stop_id': '237-5', 'trip_id': 'walking', 'agency_name': 'Unknown'}, {'duration': 360, 'departure_time': 14070, 'arrival_time': 14430, 'day': 'current_day', 'from_stop_id': '237-5', 'to_stop_id': '240-5', 'trip_id': '10-0-18', 'agency_name': 'Unknown'}, {'duration': 810, 'departure_time': 14460, 'arrival_time': 15270, 'day': 'current_day', 'from_stop_id': '240-5', 'to_stop_id': '216-5', 'trip_id': '10-0-18', 'agency_name': 'Unknown'}]}"
184,131,10950,intra,right,451,[176],[131],500,375,0,0,11325,11385.0,13710.0,13770.0,2325.0,2.0,176,131,5639.0,16589.0,pt,2820.0,13770.0,2820.0,"{'duration': 2325, 'source_transfer_time': 0, 'waiting_time': 525, 'trip_time': 1800, 'num_transfers': 2, 'departure_time': 11385, 'departure_day': 'current_day', 'arrival_time': 13710, 'arrival_day': 'current_day', 'steps': [{'duration': 450, 'departure_time': 11910, 'arrival_time': 12360, 'day': 'current_day', 'from_stop_id': '176-1', 'to_stop_id': 'MH-R-1', 'trip_id': '3-0-15', 'agency_name': 'Unknown'}, {'duration': 30, 'departure_time': 12360, 'arrival_time': 12390, 'day': 'current_day', 'from_stop_id': 'MH-R-1', 'to_stop_id': 'MH-R-5', 'trip_id': 'walking', 'agency_name': 'Unknown'}, {'duration': 1170, 'departure_time': 12540, 'arrival_time': 13710, 'day': 'current_day', 'from_stop_id': 'MH-R-5', 'to_stop_id': '131-5', 'trip_id': '10-1-15', 'agency_name': 'Unknown'}]}"
150,166,11460,intra,right,452,[150],[176],0,0,500,375,11460,11520.0,12990.0,13050.0,1470.0,2.0,150,176,3007.0,14467.0,pt,1965.0,13425.0,1965.0,"{'duration': 1470, 'source_transfer_time': 0, 'waiting_time': 270, 'trip_time': 1200, 'num_transfers': 2, 'departure_time': 11520, 'departure_day': 'current_day', 'arrival_time': 12990, 'arrival_day': 'current_day', 'steps': [{'duration': 570, 'departure_time': 11790, 'arrival_time': 12360, 'day': 'current_day', 'from_stop_id': '150-5', 'to_stop_id': 'MH-R-5', 'trip_id': '10-0-15', 'agency_name': 'Unknown'}, {'duration': 30, 'departure_time': 12360, 'arrival_time': 12390, 'day': 'current_day', 'from_stop_id': 'MH-R-5', 'to_stop_id': 'MH-R-1', 'trip_id': 'walking', 'agency_name': 'Unknown'}, {'duration': 450, 'departure_time': 12540, 'arrival_time': 12990, 'day': 'current_day', 'from_stop_id': 'MH-R-1', 'to_stop_id': '176-1', 'trip_id': '3-1-15', 'agency_name': 'Unknown'}]}"
207,149,4950,intra,right,453,[207],[148; 150; 160],0,0,500,375,4950,5010.0,6270.0,6330.0,1260.0,2.0,207,148,3383.0,8333.0,pt,1755.0,6705.0,1755.0,"{'duration': 1260, 'source_transfer_time': 0, 'waiting_time': 180, 'trip_time': 1080, 'num_transfers': 2, 'departure_time': 5010, 'departure_day': 'current_day', 'arrival_time': 6270, 'arrival_day': 'current_day', 'steps': [{'duration': 450, 'departure_time': 5190, 'arrival_time': 5640, 'day': 'current_day', 'from_stop_id': '207-5', 'to_stop_id': '240-5', 'trip_id': '10-1-4', 'agency_name': 'Unknown'}, {'duration': 30, 'departure_time': 5640, 'arrival_time': 5670, 'day': 'current_day', 'from_stop_id': '240-5', 'to_stop_id': '240-2', 'trip_id': 'walking', 'agency_name': 'Unknown'}, {'duration': 600, 'departure_time': 5670, 'arrival_time': 6270, 'day': 'current_day', 'from_stop_id': '240-2', 'to_stop_id': '148-2', 'trip_id': '4-0-4', 'agency_name': 'Unknown'}]}"
229,235,3990,intra,right,454,[207; 217; 227; 231],[224; 236],1000,751,500,375,4741,4801.0,6870.0,6930.0,2069.0,2.0,207,224,2255.0,6245.0,walking,2255.0,7305.0,3315.0,"{'duration': 2069, 'source_transfer_time': 0, 'waiting_time': 389, 'trip_time': 1680, 'num_transfers': 2, 'departure_time': 4801, 'departure_day': 'current_day', 'arrival_time': 6870, 'arrival_day': 'current_day', 'steps': [{'duration': 570, 'departure_time': 5190, 'arrival_time': 5760, 'day': 'current_day', 'from_stop_id': '207-5', 'to_stop_id': 'MH-R-5', 'trip_id': '10-1-4', 'agency_name': 'Unknown'}, {'duration': 30, 'departure_time': 5760, 'arrival_time': 5790, 'day': 'current_day', 'from_stop_id': 'MH-R-5', 'to_stop_id': 'MH-R-4', 'trip_id': 'walking', 'agency_name': 'Unknown'}, {'duration': 930, 'departure_time': 5940, 'arrival_time': 6870, 'day': 'current_day', 'from_stop_id': 'MH-R-4', 'to_stop_id': '224-4', 'trip_id': '9-0-4', 'agency_name': 'Unknown'}]}"
209,147,3630,intra,right,455,[209],[148],0,0,500,375,3630,3690.0,5070.0,5130.0,1380.0,0.0,209,148,2631.0,6261.0,pt,1875.0,5505.0,1875.0,"{'duration': 1380, 'source_transfer_time': 0, 'waiting_time': 540, 'trip_time': 840, 'num_transfers': 0, 'departure_time': 3690, 'departure_day': 'current_day', 'arrival_time': 5070, 'arrival_day': 'current_day', 'steps': [{'duration': 840, 'departure_time': 4230, 'arrival_time': 5070, 'day': 'current_day', 'from_stop_id': '209-2', 'to_stop_id': '148-2', 'trip_id': '4-0-2', 'agency_name': 'Unknown'}]}"
143,218,9990,intra,right,456,[132; 144],[207; 217],500,375,500,375,10365,10425.0,12510.0,12570.0,2085.0,2.0,132,207,3759.0,13749.0,pt,2955.0,12945.0,2955.0,"{'duration': 2085, 'source_transfer_time': 0, 'waiting_time': 285, 'trip_time': 1800, 'num_transfers': 2, 'departure_time': 10425, 'departure_day': 'current_day', 'arrival_time': 12510, 'arrival_day': 'current_day', 'steps': [{'duration': 1050, 'departure_time': 10710, 'arrival_time': 11760, 'day': 'current_day', 'from_stop_id': '132-4', 'to_stop_id': 'MH-R-4', 'trip_id': '9-0-14', 'agency_name': 'Unknown'}, {'duration': 30, 'departure_time': 11760, 'arrival_time': 11790, 'day': 'current_day', 'from_stop_id': 'MH-R-4', 'to_stop_id': 'MH-R-5', 'trip_id': 'walking', 'agency_name': 'Unknown'}, {'duration': 570, 'departure_time': 11940, 'arrival_time': 12510, 'day': 'current_day', 'from_stop_id': 'MH-R-5', 'to_stop_id': '207-5', 'trip_id': '10-0-14', 'agency_name': 'Unknown'}]}"
173,144,12270,intra,right,457,[181],[144],500,375,0,0,12645,12705.0,14550.0,14610.0,1845.0,2.0,181,144,3759.0,16029.0,pt,2340.0,14610.0,2340.0,"{'duration': 1845, 'source_transfer_time': 0, 'waiting_time': 405, 'trip_time': 1440, 'num_transfers': 2, 'departure_time': 12705, 'departure_day': 'current_day', 'arrival_time': 14550, 'arrival_day': 'current_day', 'steps': [{'duration': 330, 'departure_time': 13110, 'arrival_time': 13440, 'day': 'current_day', 'from_stop_id': '181-1', 'to_stop_id': '239-1', 'trip_id': '3-1-17', 'agency_name': 'Unknown'}, {'duration': 30, 'departure_time': 13440, 'arrival_time': 13470, 'day': 'current_day', 'from_stop_id': '239-1', 'to_stop_id': '239-4', 'trip_id': 'walking', 'agency_name': 'Unknown'}, {'duration': 1080, 'departure_time': 13470, 'arrival_time': 14550, 'day': 'current_day', 'from_stop_id': '239-4', 'to_stop_id': '144-4', 'trip_id': '9-1-17', 'agency_name': 'Unknown'}]}"
216,164,7170,intra,right,458,[216],[182],0,0,1000,751,7170,7230.0,8910.0,8970.0,1680.0,2.0,216,182,5639.0,12809.0,pt,2551.0,9721.0,2551.0,"{'duration': 1680, 'source_transfer_time': 0, 'waiting_time': 0, 'trip_time': 1680, 'num_transfers': 2, 'departure_time': 7230, 'departure_day': 'current_day', 'arrival_time': 8910, 'arrival_day': 'current_day', 'steps': [{'duration': 930, 'departure_time': 7230, 'arrival_time': 8160, 'day': 'current_day', 'from_stop_id': '216-5', 'to_stop_id': 'MH-R-5', 'trip_id': '10-1-8', 'agency_name': 'Unknown'}, {'duration': 30, 'departure_time': 8160, 'arrival_time': 8190, 'day': 'current_day', 'from_stop_id': 'MH-R-5', 'to_stop_id': 'MH-R-1', 'trip_id': 'walking', 'agency_name': 'Unknown'}, {'duration': 570, 'departure_time': 8340, 'arrival_time': 8910, 'day': 'current_day', 'from_stop_id': 'MH-R-1', 'to_stop_id': '182-1', 'trip_id': '3-0-8', 'agency_name': 'Unknown'}]}"
209,132,9060,intra,right,459,[209],[132],0,0,0,0,9060,9120.0,11190.0,11250.0,2070.0,2.0,209,132,4511.0,13571.0,pt,2190.0,11250.0,2190.0,"{'duration': 2070, 'source_transfer_time': 0, 'waiting_time': 510, 'trip_time': 1560, 'num_transfers': 2, 'departure_time': 9120, 'departure_day': 'current_day', 'arrival_time': 11190, 'arrival_day': 'current_day', 'steps': [{'duration': 330, 'departure_time': 9630, 'arrival_time': 9960, 'day': 'current_day', 'from_stop_id': '209-2', 'to_stop_id': 'MH-R-2', 'trip_id': '4-0-11', 'agency_name': 'Unknown'}, {'duration': 30, 'departure_time': 9960, 'arrival_time': 9990, 'day': 'current_day', 'from_stop_id': 'MH-R-2', 'to_stop_id': 'MH-R-4', 'trip_id': 'walking', 'agency_name': 'Unknown'}, {'duration': 1050, 'departure_time': 10140, 'arrival_time': 11190, 'day': 'current_day', 'from_stop_id': 'MH-R-4', 'to_stop_id': '132-4', 'trip_id': '9-1-11', 'agency_name': 'Unknown'}]}"
223,175,11760,intra,right,460,[212; 224],[175],500,375,0,0,12135,12195.0,13710.0,13770.0,1515.0,3.0,212,175,4511.0,16271.0,pt,2010.0,13770.0,2010.0,"{'duration': 1515, 'source_transfer_time': 0, 'waiting_time': 75, 'trip_time': 1440, 'num_transfers': 3, 'departure_time': 12195, 'departure_day': 'current_day', 'arrival_time': 13710, 'arrival_day': 'current_day', 'steps': [{'duration': 570, 'departure_time': 12270, 'arrival_time': 12840, 'day': 'current_day', 'from_stop_id': '212-4', 'to_stop_id': '239-4', 'trip_id': '9-1-16', 'agency_name': 'Unknown'}, {'duration': 30, 'departure_time': 12840, 'arrival_time': 12870, 'day': 'current_day', 'from_stop_id': '239-4', 'to_stop_id': '239-1', 'trip_id': 'walking', 'agency_name': 'Unknown'}, {'duration': 90, 'departure_time': 12870, 'arrival_time': 12960, 'day': 'current_day', 'from_stop_id': '239-1', 'to_stop_id': 'MH-R-1', 'trip_id': '3-1-16', 'agency_name': 'Unknown'}, {'duration': 570, 'departure_time': 13140, 'arrival_time': 13710, 'day': 'current_day', 'from_stop_id': 'MH-R-1', 'to_stop_id': '175-1', 'trip_id': '3-1-16', 'agency_name': 'Unknown'}]}"
176,230,14190,intra,right,461,[176],[231],0,0,500,375,14190,14250.0,15510.0,15570.0,1260.0,2.0,176,231,3007.0,17197.0,pt,1755.0,15945.0,1755.0,"{'duration': 1260, 'source_transfer_time': 0, 'waiting_time': 60, 'trip_time': 1200, 'num_transfers': 2, 'departure_time': 14250, 'departure_day': 'current_day', 'arrival_time': 15510, 'arrival_day': 'current_day', 'steps': [{'duration': 450, 'departure_time': 14310, 'arrival_time': 14760, 'day': 'current_day', 'from_stop_id': '176-1', 'to_stop_id': 'MH-R-1', 'trip_id': '3-0-19', 'agency_name': 'Unknown'}, {'duration': 30, 'departure_time': 14760, 'arrival_time': 14790, 'day': 'current_day', 'from_stop_id': 'MH-R-1', 'to_stop_id': 'MH-R-2', 'trip_id': 'walking', 'agency_name': 'Unknown'}, {'duration': 570, 'departure_time': 14940, 'arrival_time': 15510, 'day': 'current_day', 'from_stop_id': 'MH-R-2', 'to_stop_id': '231-2', 'trip_id': '4-1-19', 'agency_name': 'Unknown'}]}"
205,200,4800,intra,right,462,[206; 216],[200],500,375,0,0,5175,5235.0,6990.0,7050.0,1755.0,2.0,206,200,2631.0,7431.0,pt,2250.0,7050.0,2250.0,"{'duration': 1755, 'source_transfer_time': 0, 'waiting_time': 435, 'trip_time': 1320, 'num_transfers': 2, 'departure_time': 5235, 'departure_day': 'current_day', 'arrival_time': 6990, 'arrival_day': 'current_day', 'steps': [{'duration': 690, 'departure_time': 5670, 'arrival_time': 6360, 'day': 'current_day', 'from_stop_id': '206-5', 'to_stop_id': 'MH-R-5', 'trip_id': '10-1-5', 'agency_name': 'Unknown'}, {'duration': 30, 'departure_time': 6360, 'arrival_time': 6390, 'day': 'current_day', 'from_stop_id': 'MH-R-5', 'to_stop_id': 'MH-R-4', 'trip_id': 'walking', 'agency_name': 'Unknown'}, {'duration': 450, 'departure_time': 6540, 'arrival_time': 6990, 'day': 'current_day', 'from_stop_id': 'MH-R-4', 'to_stop_id': '200-4', 'trip_id': '9-0-5', 'agency_name': 'Unknown'}]}"
233,164,5490,intra,right,463,[231],[182],1000,751,1000,751,6241,6301.0,7710.0,7770.0,1409.0,2.0,231,182,3759.0,9249.0,pt,3031.0,8521.0,3031.0,"{'duration': 1409, 'source_transfer_time': 0, 'waiting_time': 89, 'trip_time': 1320, 'num_transfers': 2, 'departure_time': 6301, 'departure_day': 'current_day', 'arrival_time': 7710, 'arrival_day': 'current_day', 'steps': [{'duration': 570, 'departure_time': 6390, 'arrival_time': 6960, 'day': 'current_day', 'from_stop_id': '231-2', 'to_stop_id': 'MH-R-2', 'trip_id': '4-0-6', 'agency_name': 'Unknown'}, {'duration': 30, 'departure_time': 6960, 'arrival_time': 6990, 'day': 'current_day', 'from_stop_id': 'MH-R-2', 'to_stop_id': 'MH-R-1', 'trip_id': 'walking', 'agency_name': 'Unknown'}, {'duration': 570, 'departure_time': 7140, 'arrival_time': 7710, 'day': 'current_day', 'from_stop_id': 'MH-R-1', 'to_stop_id': '182-1', 'trip_id': '3-0-6', 'agency_name': 'Unknown'}]}"
167,161,4890,intra,right,464,[156; 168; 177],[161],500,375,0,0,5265,5325.0,6390.0,6450.0,1065.0,2.0,168,161,2255.0,7145.0,pt,1560.0,6450.0,1560.0,"{'duration': 1065, 'source_transfer_time': 0, 'waiting_time': 105, 'trip_time': 960, 'num_transfers': 2, 'departure_time': 5325, 'departure_day': 'current_day', 'arrival_time': 6390, 'arrival_day': 'current_day', 'steps': [{'duration': 330, 'departure_time': 5430, 'arrival_time': 5760, 'day': 'current_day', 'from_stop_id': '168-4', 'to_stop_id': 'MH-R-4', 'trip_id': '9-0-4', 'agency_name': 'Unknown'}, {'duration': 30, 'departure_time': 5760, 'arrival_time': 5790, 'day': 'current_day', 'from_stop_id': 'MH-R-4', 'to_stop_id': 'MH-R-5', 'trip_id': 'walking', 'agency_name': 'Unknown'}, {'duration': 450, 'departure_time': 5940, 'arrival_time': 6390, 'day': 'current_day', 'from_stop_id': 'MH-R-5', 'to_stop_id': '161-5', 'trip_id': '10-1-4', 'agency_name': 'Unknown'}]}"
234,150,13290,intra,right,465,[212; 224; 236],[150],1000,751,0,0,14041,14101.0,16110.0,16170.0,2009.0,2.0,212,150,3383.0,16673.0,pt,2880.0,16170.0,2880.0,"{'duration': 2009, 'source_transfer_time': 0, 'waiting_time': 569, 'trip_time': 1440, 'num_transfers': 2, 'departure_time': 14101, 'departure_day': 'current_day', 'arrival_time': 16110, 'arrival_day': 'current_day', 'steps': [{'duration': 690, 'departure_time': 14670, 'arrival_time': 15360, 'day': 'current_day', 'from_stop_id': '212-4', 'to_stop_id': 'MH-R-4', 'trip_id': '9-1-20', 'agency_name': 'Unknown'}, {'duration': 30, 'departure_time': 15360, 'arrival_time': 15390, 'day': 'current_day', 'from_stop_id': 'MH-R-4', 'to_stop_id': 'MH-R-5', 'trip_id': 'walking', 'agency_name': 'Unknown'}, {'duration': 570, 'departure_time': 15540, 'arrival_time': 16110, 'day': 'current_day', 'from_stop_id': 'MH-R-5', 'to_stop_id': '150-5', 'trip_id': '10-1-20', 'agency_name': 'Unknown'}]}"
219,126,3960,intra,right,466,[220],[126],500,375,0,0,4335,4395.0,5910.0,5970.0,1515.0,0.0,220,126,3759.0,7719.0,pt,2010.0,5970.0,2010.0,"{'duration': 1515, 'source_transfer_time': 0, 'waiting_time': 315, 'trip_time': 1200, 'num_transfers': 0, 'departure_time': 4395, 'departure_day': 'current_day', 'arrival_time': 5910, 'arrival_day': 'current_day', 'steps': [{'duration': 1200, 'departure_time': 4710, 'arrival_time': 5910, 'day': 'current_day', 'from_stop_id': '220-2', 'to_stop_id': '126-2', 'trip_id': '4-0-3', 'agency_name': 'Unknown'}]}"
147,235,10080,intra,right,467,[148],[224; 236],500,375,500,375,10455,10515.0,12270.0,12330.0,1755.0,2.0,148,224,4887.0,14967.0,pt,2625.0,12705.0,2625.0,"{'duration': 1755, 'source_transfer_time': 0, 'waiting_time': 315, 'trip_time': 1440, 'num_transfers': 2, 'departure_time': 10515, 'departure_day': 'current_day', 'arrival_time': 12270, 'arrival_day': 'current_day', 'steps': [{'duration': 330, 'departure_time': 10830, 'arrival_time': 11160, 'day': 'current_day', 'from_stop_id': '148-2', 'to_stop_id': 'MH-R-2', 'trip_id': '4-1-13', 'agency_name': 'Unknown'}, {'duration': 30, 'departure_time': 11160, 'arrival_time': 11190, 'day': 'current_day', 'from_stop_id': 'MH-R-2', 'to_stop_id': 'MH-R-4', 'trip_id': 'walking', 'agency_name': 'Unknown'}, {'duration': 930, 'departure_time': 11340, 'arrival_time': 12270, 'day': 'current_day', 'from_stop_id': 'MH-R-4', 'to_stop_id': '224-4', 'trip_id': '9-0-13', 'agency_name': 'Unknown'}]}"
159,123,12090,intra,right,468,[159],[121; 133; 145],0,0,1000,751,12090,12150.0,13230.0,13290.0,1080.0,2.0,159,145,2255.0,14345.0,pt,1951.0,14041.0,1951.0,"{'duration': 1080, 'source_transfer_time': 0, 'waiting_time': 0, 'trip_time': 1080, 'num_transfers': 2, 'departure_time': 12150, 'departure_day': 'current_day', 'arrival_time': 13230, 'arrival_day': 'current_day', 'steps': [{'duration': 210, 'departure_time': 12150, 'arrival_time': 12360, 'day': 'current_day', 'from_stop_id': '159-2', 'to_stop_id': 'MH-R-2', 'trip_id': '4-1-15', 'agency_name': 'Unknown'}, {'duration': 30, 'departure_time': 12360, 'arrival_time': 12390, 'day': 'current_day', 'from_stop_id': 'MH-R-2', 'to_stop_id': 'MH-R-4', 'trip_id': 'walking', 'agency_name': 'Unknown'}, {'duration': 690, 'departure_time': 12540, 'arrival_time': 13230, 'day': 'current_day', 'from_stop_id': 'MH-R-4', 'to_stop_id': '145-4', 'trip_id': '9-1-15', 'agency_name': 'Unknown'}]}"
180,197,12600,intra,right,469,[180],[197],0,0,0,0,12600,12660.0,14070.0,14130.0,1410.0,2.0,180,197,2255.0,14855.0,pt,1530.0,14130.0,1530.0,"{'duration': 1410, 'source_transfer_time': 0, 'waiting_time': 570, 'trip_time': 840, 'num_transfers': 2, 'departure_time': 12660, 'departure_day': 'current_day', 'arrival_time': 14070, 'arrival_day': 'current_day', 'steps': [{'duration': 330, 'departure_time': 13230, 'arrival_time': 13560, 'day': 'current_day', 'from_stop_id': '180-1', 'to_stop_id': 'MH-R-1', 'trip_id': '3-1-17', 'agency_name': 'Unknown'}, {'duration': 30, 'departure_time': 13560, 'arrival_time': 13590, 'day': 'current_day', 'from_stop_id': 'MH-R-1', 'to_stop_id': 'MH-R-5', 'trip_id': 'walking', 'agency_name': 'Unknown'}, {'duration': 330, 'departure_time': 13740, 'arrival_time': 14070, 'day': 'current_day', 'from_stop_id': 'MH-R-5', 'to_stop_id': '197-5', 'trip_id': '10-0-17', 'agency_name': 'Unknown'}]}"
151,175,9060,intra,right,470,[151],[175],0,0,0,0,9060,9120.0,10710.0,10770.0,1590.0,2.0,151,175,4135.0,13195.0,pt,1710.0,10770.0,1710.0,"{'duration': 1590, 'source_transfer_time': 0, 'waiting_time': 150, 'trip_time': 1440, 'num_transfers': 2, 'departure_time': 9120, 'departure_day': 'current_day', 'arrival_time': 10710, 'arrival_day': 'current_day', 'steps': [{'duration': 690, 'departure_time': 9270, 'arrival_time': 9960, 'day': 'current_day', 'from_stop_id': '151-5', 'to_stop_id': 'MH-R-5', 'trip_id': '10-0-11', 'agency_name': 'Unknown'}, {'duration': 30, 'departure_time': 9960, 'arrival_time': 9990, 'day': 'current_day', 'from_stop_id': 'MH-R-5', 'to_stop_id': 'MH-R-1', 'trip_id': 'walking', 'agency_name': 'Unknown'}, {'duration': 570, 'departure_time': 10140, 'arrival_time': 10710, 'day': 'current_day', 'from_stop_id': 'MH-R-1', 'to_stop_id': '175-1', 'trip_id': '3-1-11', 'agency_name': 'Unknown'}]}"
197,140,11790,intra,right,471,[197],[140],0,0,0,0,11790,11850.0,13350.0,13410.0,1500.0,0.0,197,140,3759.0,15549.0,pt,1620.0,13410.0,1620.0,"{'duration': 1500, 'source_transfer_time': 0, 'waiting_time': 180, 'trip_time': 1320, 'num_transfers': 0, 'departure_time': 11850, 'departure_day': 'current_day', 'arrival_time': 13350, 'arrival_day': 'current_day', 'steps': [{'duration': 1320, 'departure_time': 12030, 'arrival_time': 13350, 'day': 'current_day', 'from_stop_id': '197-5', 'to_stop_id': '140-5', 'trip_id': '10-1-15', 'agency_name': 'Unknown'}]}"
229,177,10770,intra,right,472,[207; 217; 227; 231],[177],1000,751,0,0,11521,11581.0,12870.0,12930.0,1289.0,2.0,207,177,2255.0,13025.0,pt,2160.0,12930.0,2160.0,"{'duration': 1289, 'source_transfer_time': 0, 'waiting_time': 209, 'trip_time': 1080, 'num_transfers': 2, 'departure_time': 11581, 'departure_day': 'current_day', 'arrival_time': 12870, 'arrival_day': 'current_day', 'steps': [{'duration': 570, 'departure_time': 11790, 'arrival_time': 12360, 'day': 'current_day', 'from_stop_id': '207-5', 'to_stop_id': 'MH-R-5', 'trip_id': '10-1-15', 'agency_name': 'Unknown'}, {'duration': 30, 'departure_time': 12360, 'arrival_time': 12390, 'day': 'current_day', 'from_stop_id': 'MH-R-5', 'to_stop_id': 'MH-R-1', 'trip_id': 'walking', 'agency_name': 'Unknown'}, {'duration': 330, 'departure_time': 12540, 'arrival_time': 12870, 'day': 'current_day', 'from_stop_id': 'MH-R-1', 'to_stop_id': '177-1', 'trip_id': '3-1-15', 'agency_name': 'Unknown'}]}"
221,174,9930,intra,right,473,[220],[182],500,375,500,375,10305,10365.0,11910.0,11970.0,1545.0,2.0,220,182,3383.0,13313.0,pt,2415.0,12345.0,2415.0,"{'duration': 1545, 'source_transfer_time': 0, 'waiting_time': 345, 'trip_time': 1200, 'num_transfers': 2, 'departure_time': 10365, 'departure_day': 'current_day', 'arrival_time': 11910, 'arrival_day': 'current_day', 'steps': [{'duration': 450, 'departure_time': 10710, 'arrival_time': 11160, 'day': 'current_day', 'from_stop_id': '220-2', 'to_stop_id': 'MH-R-2', 'trip_id': '4-0-13', 'agency_name': 'Unknown'}, {'duration': 30, 'departure_time': 11160, 'arrival_time': 11190, 'day': 'current_day', 'from_stop_id': 'MH-R-2', 'to_stop_id': 'MH-R-1', 'trip_id': 'walking', 'agency_name': 'Unknown'}, {'duration': 570, 'departure_time': 11340, 'arrival_time': 11910, 'day': 'current_day', 'from_stop_id': 'MH-R-1', 'to_stop_id': '182-1', 'trip_id': '3-0-13', 'agency_name': 'Unknown'}]}"
165,150,6420,intra,right,474,[175],[150],500,375,0,0,6795,6855.0,8310.0,8370.0,1455.0,2.0,175,150,3383.0,9803.0,pt,1950.0,8370.0,1950.0,"{'duration': 1455, 'source_transfer_time': 0, 'waiting_time': 135, 'trip_time': 1320, 'num_transfers': 2, 'departure_time': 6855, 'departure_day': 'current_day', 'arrival_time': 8310, 'arrival_day': 'current_day', 'steps': [{'duration': 570, 'departure_time': 6990, 'arrival_time': 7560, 'day': 'current_day', 'from_stop_id': '175-1', 'to_stop_id': 'MH-R-1', 'trip_id': '3-0-7', 'agency_name': 'Unknown'}, {'duration': 30, 'departure_time': 7560, 'arrival_time': 7590, 'day': 'current_day', 'from_stop_id': 'MH-R-1', 'to_stop_id': 'MH-R-5', 'trip_id': 'walking', 'agency_name': 'Unknown'}, {'duration': 570, 'departure_time': 7740, 'arrival_time': 8310, 'day': 'current_day', 'from_stop_id': 'MH-R-5', 'to_stop_id': '150-5', 'trip_id': '10-1-7', 'agency_name': 'Unknown'}]}"
124,205,6210,intra,right,475,[126],[206; 216],1000,751,500,375,6961,7021.0,9030.0,9090.0,2009.0,3.0,126,206,3759.0,9969.0,pt,3255.0,9465.0,3255.0,"{'duration': 2009, 'source_transfer_time': 0, 'waiting_time': 569, 'trip_time': 1440, 'num_transfers': 3, 'departure_time': 7021, 'departure_day': 'current_day', 'arrival_time': 9030, 'arrival_day': 'current_day', 'steps': [{'duration': 450, 'departure_time': 7590, 'arrival_time': 8040, 'day': 'current_day', 'from_stop_id': '126-2', 'to_stop_id': '237-2', 'trip_id': '4-1-8', 'agency_name': 'Unknown'}, {'duration': 30, 'departure_time': 8040, 'arrival_time': 8070, 'day': 'current_day', 'from_stop_id': '237-2', 'to_stop_id': '237-5', 'trip_id': 'walking', 'agency_name': 'Unknown'}, {'duration': 360, 'departure_time': 8070, 'arrival_time': 8430, 'day': 'current_day', 'from_stop_id': '237-5', 'to_stop_id': '240-5', 'trip_id': '10-0-8', 'agency_name': 'Unknown'}, {'duration': 570, 'departure_time': 8460, 'arrival_time': 9030, 'day': 'current_day', 'from_stop_id': '240-5', 'to_stop_id': '206-5', 'trip_id': '10-0-8', 'agency_name': 'Unknown'}]}"
147,200,14220,intra,right,476,[148],[200],500,375,0,0,14595,14655.0,15990.0,16050.0,1335.0,2.0,148,200,3007.0,17227.0,pt,1830.0,16050.0,1830.0,"{'duration': 1335, 'source_transfer_time': 0, 'waiting_time': 375, 'trip_time': 960, 'num_transfers': 2, 'departure_time': 14655, 'departure_day': 'current_day', 'arrival_time': 15990, 'arrival_day': 'current_day', 'steps': [{'duration': 330, 'departure_time': 15030, 'arrival_time': 15360, 'day': 'current_day', 'from_stop_id': '148-2', 'to_stop_id': 'MH-R-2', 'trip_id': '4-1-20', 'agency_name': 'Unknown'}, {'duration': 30, 'departure_time': 15360, 'arrival_time': 15390, 'day': 'current_day', 'from_stop_id': 'MH-R-2', 'to_stop_id': 'MH-R-4', 'trip_id': 'walking', 'agency_name': 'Unknown'}, {'duration': 450, 'departure_time': 15540, 'arrival_time': 15990, 'day': 'current_day', 'from_stop_id': 'MH-R-4', 'to_stop_id': '200-4', 'trip_id': '9-0-20', 'agency_name': 'Unknown'}]}"
177,201,11790,intra,right,477,[177],[201],0,0,0,0,11790,11850.0,13110.0,13170.0,1260.0,2.0,177,201,3007.0,14797.0,pt,1380.0,13170.0,1380.0,"{'duration': 1260, 'source_transfer_time': 0, 'waiting_time': 180, 'trip_time': 1080, 'num_transfers': 2, 'departure_time': 11850, 'departure_day': 'current_day', 'arrival_time': 13110, 'arrival_day': 'current_day', 'steps': [{'duration': 210, 'departure_time': 12030, 'arrival_time': 12240, 'day': 'current_day', 'from_stop_id': '177-1', 'to_stop_id': '238-1', 'trip_id': '3-0-15', 'agency_name': 'Unknown'}, {'duration': 30, 'departure_time': 12240, 'arrival_time': 12270, 'day': 'current_day', 'from_stop_id': '238-1', 'to_stop_id': '238-4', 'trip_id': 'walking', 'agency_name': 'Unknown'}, {'duration': 840, 'departure_time': 12270, 'arrival_time': 13110, 'day': 'current_day', 'from_stop_id': '238-4', 'to_stop_id': '201-4', 'trip_id': '9-0-15', 'agency_name': 'Unknown'}]}"
127,179,11970,intra,right,478,[126],[179],500,375,0,0,12345,12405.0,13950.0,14010.0,1545.0,2.0,126,179,2255.0,14225.0,pt,2040.0,14010.0,2040.0,"{'duration': 1545, 'source_transfer_time': 0, 'waiting_time': 585, 'trip_time': 960, 'num_transfers': 2, 'departure_time': 12405, 'departure_day': 'current_day', 'arrival_time': 13950, 'arrival_day': 'current_day', 'steps': [{'duration': 570, 'departure_time': 12990, 'arrival_time': 13560, 'day': 'current_day', 'from_stop_id': '126-2', 'to_stop_id': 'MH-R-2', 'trip_id': '4-1-17', 'agency_name': 'Unknown'}, {'duration': 30, 'departure_time': 13560, 'arrival_time': 13590, 'day': 'current_day', 'from_stop_id': 'MH-R-2', 'to_stop_id': 'MH-R-1', 'trip_id': 'walking', 'agency_name': 'Unknown'}, {'duration': 210, 'departure_time': 13740, 'arrival_time': 13950, 'day': 'current_day', 'from_stop_id': 'MH-R-1', 'to_stop_id': '179-1', 'trip_id': '3-0-17', 'agency_name': 'Unknown'}]}"
140,192,3750,intra,right,479,[140],[182],0,0,500,375,3750,3810.0,5910.0,5970.0,2100.0,2.0,140,182,2631.0,6381.0,pt,2595.0,6345.0,2595.0,"{'duration': 2100, 'source_transfer_time': 0, 'waiting_time': 540, 'trip_time': 1560, 'num_transfers': 2, 'departure_time': 3810, 'departure_day': 'current_day', 'arrival_time': 5910, 'arrival_day': 'current_day', 'steps': [{'duration': 810, 'departure_time': 4350, 'arrival_time': 5160, 'day': 'current_day', 'from_stop_id': '140-5', 'to_stop_id': 'MH-R-5', 'trip_id': '10-0-3', 'agency_name': 'Unknown'}, {'duration': 30, 'departure_time': 5160, 'arrival_time': 5190, 'day': 'current_day', 'from_stop_id': 'MH-R-5', 'to_stop_id': 'MH-R-1', 'trip_id': 'walking', 'agency_name': 'Unknown'}, {'duration': 570, 'departure_time': 5340, 'arrival_time': 5910, 'day': 'current_day', 'from_stop_id': 'MH-R-1', 'to_stop_id': '182-1', 'trip_id': '3-0-3', 'agency_name': 'Unknown'}]}"
127,226,5640,intra,right,480,[126],[226],500,375,0,0,6015,6075.0,8310.0,8370.0,2235.0,3.0,126,226,6015.0,11655.0,pt,2730.0,8370.0,2730.0,"{'duration': 2235, 'source_transfer_time': 0, 'waiting_time': 315, 'trip_time': 1920, 'num_transfers': 3, 'departure_time': 6075, 'departure_day': 'current_day', 'arrival_time': 8310, 'arrival_day': 'current_day', 'steps': [{'duration': 450, 'departure_time': 6390, 'arrival_time': 6840, 'day': 'current_day', 'from_stop_id': '126-2', 'to_stop_id': '237-2', 'trip_id': '4-1-6', 'agency_name': 'Unknown'}, {'duration': 30, 'departure_time': 6840, 'arrival_time': 6870, 'day': 'current_day', 'from_stop_id': '237-2', 'to_stop_id': '237-5', 'trip_id': 'walking', 'agency_name': 'Unknown'}, {'duration': 360, 'departure_time': 6870, 'arrival_time': 7230, 'day': 'current_day', 'from_stop_id': '237-5', 'to_stop_id': '240-5', 'trip_id': '10-0-6', 'agency_name': 'Unknown'}, {'duration': 1050, 'departure_time': 7260, 'arrival_time': 8310, 'day': 'current_day', 'from_stop_id': '240-5', 'to_stop_id': '226-5', 'trip_id': '10-0-6', 'agency_name': 'Unknown'}]}"
126,188,5670,intra,right,481,[126],[188],0,0,0,0,5670,5730.0,6750.0,6810.0,1020.0,2.0,126,188,2631.0,8301.0,pt,1140.0,6810.0,1140.0,"{'duration': 1020, 'source_transfer_time': 0, 'waiting_time': 60, 'trip_time': 960, 'num_transfers': 2, 'departure_time': 5730, 'departure_day': 'current_day', 'arrival_time': 6750, 'arrival_day': 'current_day', 'steps': [{'duration': 570, 'departure_time': 5790, 'arrival_time': 6360, 'day': 'current_day', 'from_stop_id': '126-2', 'to_stop_id': 'MH-R-2', 'trip_id': '4-1-5', 'agency_name': 'Unknown'}, {'duration': 30, 'departure_time': 6360, 'arrival_time': 6390, 'day': 'current_day', 'from_stop_id': 'MH-R-2', 'to_stop_id': 'MH-R-4', 'trip_id': 'walking', 'agency_name': 'Unknown'}, {'duration': 210, 'departure_time': 6540, 'arrival_time': 6750, 'day': 'current_day', 'from_stop_id': 'MH-R-4', 'to_stop_id': '188-4', 'trip_id': '9-0-5', 'agency_name': 'Unknown'}]}"
129,203,11100,intra,right,482,[130; 140],[182; 201; 213; 225],500,375,1000,751,11475,11535.0,13110.0,13170.0,1575.0,2.0,140,182,3383.0,14483.0,pt,2821.0,13921.0,2821.0,"{'duration': 1575, 'source_transfer_time': 0, 'waiting_time': 15, 'trip_time': 1560, 'num_transfers': 2, 'departure_time': 11535, 'departure_day': 'current_day', 'arrival_time': 13110, 'arrival_day': 'current_day', 'steps': [{'duration': 810, 'departure_time': 11550, 'arrival_time': 12360, 'day': 'current_day', 'from_stop_id': '140-5', 'to_stop_id': 'MH-R-5', 'trip_id': '10-0-15', 'agency_name': 'Unknown'}, {'duration': 30, 'departure_time': 12360, 'arrival_time': 12390, 'day': 'current_day', 'from_stop_id': 'MH-R-5', 'to_stop_id': 'MH-R-1', 'trip_id': 'walking', 'agency_name': 'Unknown'}, {'duration': 570, 'departure_time': 12540, 'arrival_time': 13110, 'day': 'current_day', 'from_stop_id': 'MH-R-1', 'to_stop_id': '182-1', 'trip_id': '3-0-15', 'agency_name': 'Unknown'}]}"
137,192,8640,intra,right,483,[137],[182],0,0,500,375,8640,8700.0,10110.0,10170.0,1410.0,2.0,137,182,3759.0,12399.0,pt,1905.0,10545.0,1905.0,"{'duration': 1410, 'source_transfer_time': 0, 'waiting_time': 210, 'trip_time': 1200, 'num_transfers': 2, 'departure_time': 8700, 'departure_day': 'current_day', 'arrival_time': 10110, 'arrival_day': 'current_day', 'steps': [{'duration': 450, 'departure_time': 8910, 'arrival_time': 9360, 'day': 'current_day', 'from_stop_id': '137-2', 'to_stop_id': 'MH-R-2', 'trip_id': '4-1-10', 'agency_name': 'Unknown'}, {'duration': 30, 'departure_time': 9360, 'arrival_time': 9390, 'day': 'current_day', 'from_stop_id': 'MH-R-2', 'to_stop_id': 'MH-R-1', 'trip_id': 'walking', 'agency_name': 'Unknown'}, {'duration': 570, 'departure_time': 9540, 'arrival_time': 10110, 'day': 'current_day', 'from_stop_id': 'MH-R-1', 'to_stop_id': '182-1', 'trip_id': '3-0-10', 'agency_name': 'Unknown'}]}"
222,154,13230,intra,right,484,[200; 212; 220; 224],[132; 144; 156; 175],1000,751,1000,751,13981,14041.0,15510.0,15570.0,1469.0,0.0,200,156,4887.0,18117.0,pt,3091.0,16321.0,3091.0,"{'duration': 1469, 'source_transfer_time': 0, 'waiting_time': 269, 'trip_time': 1200, 'num_transfers': 0, 'departure_time': 14041, 'departure_day': 'current_day', 'arrival_time': 15510, 'arrival_day': 'current_day', 'steps': [{'duration': 1200, 'departure_time': 14310, 'arrival_time': 15510, 'day': 'current_day', 'from_stop_id': '200-4', 'to_stop_id': '156-4', 'trip_id': '9-1-19', 'agency_name': 'Unknown'}]}"
241,133,12150,intra,right,485,[241],[133],0,0,0,0,12150,12210.0,13470.0,13530.0,1260.0,0.0,MH-R,133,3007.0,15157.0,pt,1380.0,13530.0,1380.0,"{'duration': 1260, 'source_transfer_time': 0, 'waiting_time': 330, 'trip_time': 930, 'num_transfers': 0, 'departure_time': 12210, 'departure_day': 'current_day', 'arrival_time': 13470, 'arrival_day': 'current_day', 'steps': [{'duration': 930, 'departure_time': 12540, 'arrival_time': 13470, 'day': 'current_day', 'from_stop_id': 'MH-R-4', 'to_stop_id': '133-4', 'trip_id': '9-1-15', 'agency_name': 'Unknown'}]}"
216,180,6660,intra,right,486,[216],[180],0,0,0,0,6660,6720.0,8670.0,8730.0,1950.0,2.0,216,180,4135.0,10795.0,pt,2070.0,8730.0,2070.0,"{'duration': 1950, 'source_transfer_time': 0, 'waiting_time': 510, 'trip_time': 1440, 'num_transfers': 2, 'departure_time': 6720, 'departure_day': 'current_day', 'arrival_time': 8670, 'arrival_day': 'current_day', 'steps': [{'duration': 930, 'departure_time': 7230, 'arrival_time': 8160, 'day': 'current_day', 'from_stop_id': '216-5', 'to_stop_id': 'MH-R-5', 'trip_id': '10-1-8', 'agency_name': 'Unknown'}, {'duration': 30, 'departure_time': 8160, 'arrival_time': 8190, 'day': 'current_day', 'from_stop_id': 'MH-R-5', 'to_stop_id': 'MH-R-1', 'trip_id': 'walking', 'agency_name': 'Unknown'}, {'duration': 330, 'departure_time': 8340, 'arrival_time': 8670, 'day': 'current_day', 'from_stop_id': 'MH-R-1', 'to_stop_id': '180-1', 'trip_id': '3-0-8', 'agency_name': 'Unknown'}]}"
165,212,4440,intra,right,487,[175],[212],500,375,0,0,4815,4875.0,6630.0,6690.0,1755.0,2.0,175,212,4511.0,8951.0,pt,2250.0,6690.0,2250.0,"{'duration': 1755, 'source_transfer_time': 0, 'waiting_time': 315, 'trip_time': 1440, 'num_transfers': 2, 'departure_time': 4875, 'departure_day': 'current_day', 'arrival_time': 6630, 'arrival_day': 'current_day', 'steps': [{'duration': 450, 'departure_time': 5190, 'arrival_time': 5640, 'day': 'current_day', 'from_stop_id': '175-1', 'to_stop_id': '238-1', 'trip_id': '3-0-4', 'agency_name': 'Unknown'}, {'duration': 30, 'departure_time': 5640, 'arrival_time': 5670, 'day': 'current_day', 'from_stop_id': '238-1', 'to_stop_id': '238-4', 'trip_id': 'walking', 'agency_name': 'Unknown'}, {'duration': 960, 'departure_time': 5670, 'arrival_time': 6630, 'day': 'current_day', 'from_stop_id': '238-4', 'to_stop_id': '212-4', 'trip_id': '9-0-4', 'agency_name': 'Unknown'}]}"
162,194,9180,intra,right,488,[151; 161],[176; 196; 206; 216],500,375,1000,751,9555,9615.0,11190.0,11250.0,1575.0,2.0,151,176,4135.0,13315.0,pt,2821.0,12001.0,2821.0,"{'duration': 1575, 'source_transfer_time': 0, 'waiting_time': 255, 'trip_time': 1320, 'num_transfers': 2, 'departure_time': 9615, 'departure_day': 'current_day', 'arrival_time': 11190, 'arrival_day': 'current_day', 'steps': [{'duration': 690, 'departure_time': 9870, 'arrival_time': 10560, 'day': 'current_day', 'from_stop_id': '151-5', 'to_stop_id': 'MH-R-5', 'trip_id': '10-0-12', 'agency_name': 'Unknown'}, {'duration': 30, 'departure_time': 10560, 'arrival_time': 10590, 'day': 'current_day', 'from_stop_id': 'MH-R-5', 'to_stop_id': 'MH-R-1', 'trip_id': 'walking', 'agency_name': 'Unknown'}, {'duration': 450, 'departure_time': 10740, 'arrival_time': 11190, 'day': 'current_day', 'from_stop_id': 'MH-R-1', 'to_stop_id': '176-1', 'trip_id': '3-1-12', 'agency_name': 'Unknown'}]}"
230,126,5550,intra,right,489,[231],[126],500,375,0,0,5925,5985.0,7710.0,7770.0,1725.0,0.0,231,126,4135.0,9685.0,pt,2220.0,7770.0,2220.0,"{'duration': 1725, 'source_transfer_time': 0, 'waiting_time': 405, 'trip_time': 1320, 'num_transfers': 0, 'departure_time': 5985, 'departure_day': 'current_day', 'arrival_time': 7710, 'arrival_day': 'current_day', 'steps': [{'duration': 1320, 'departure_time': 6390, 'arrival_time': 7710, 'day': 'current_day', 'from_stop_id': '231-2', 'to_stop_id': '126-2', 'trip_id': '4-0-6', 'agency_name': 'Unknown'}]}"
225,178,13020,intra,right,490,[225],[178],0,0,0,0,13020,13080.0,14550.0,14610.0,1470.0,3.0,225,178,4135.0,17155.0,pt,1590.0,14610.0,1590.0,"{'duration': 1470, 'source_transfer_time': 0, 'waiting_time': 30, 'trip_time': 1440, 'num_transfers': 3, 'departure_time': 13080, 'departure_day': 'current_day', 'arrival_time': 14550, 'arrival_day': 'current_day', 'steps': [{'duration': 930, 'departure_time': 13110, 'arrival_time': 14040, 'day': 'current_day', 'from_stop_id': '225-4', 'to_stop_id': '239-4', 'trip_id': '9-1-18', 'agency_name': 'Unknown'}, {'duration': 30, 'departure_time': 14040, 'arrival_time': 14070, 'day': 'current_day', 'from_stop_id': '239-4', 'to_stop_id': '239-1', 'trip_id': 'walking', 'agency_name': 'Unknown'}, {'duration': 90, 'departure_time': 14070, 'arrival_time': 14160, 'day': 'current_day', 'from_stop_id': '239-1', 'to_stop_id': 'MH-R-1', 'trip_id': '3-1-18', 'agency_name': 'Unknown'}, {'duration': 210, 'departure_time': 14340, 'arrival_time': 14550, 'day': 'current_day', 'from_stop_id': 'MH-R-1', 'to_stop_id': '178-1', 'trip_id': '3-1-18', 'agency_name': 'Unknown'}]}"
125,166,5070,intra,right,491,[126],[176],500,375,500,375,5445,5505.0,6990.0,7050.0,1485.0,2.0,126,176,2631.0,7701.0,pt,2355.0,7425.0,2355.0,"{'duration': 1485, 'source_transfer_time': 0, 'waiting_time': 285, 'trip_time': 1200, 'num_transfers': 2, 'departure_time': 5505, 'departure_day': 'current_day', 'arrival_time': 6990, 'arrival_day': 'current_day', 'steps': [{'duration': 570, 'departure_time': 5790, 'arrival_time': 6360, 'day': 'current_day', 'from_stop_id': '126-2', 'to_stop_id': 'MH-R-2', 'trip_id': '4-1-5', 'agency_name': 'Unknown'}, {'duration': 30, 'departure_time': 6360, 'arrival_time': 6390, 'day': 'current_day', 'from_stop_id': 'MH-R-2', 'to_stop_id': 'MH-R-1', 'trip_id': 'walking', 'agency_name': 'Unknown'}, {'duration': 450, 'departure_time': 6540, 'arrival_time': 6990, 'day': 'current_day', 'from_stop_id': 'MH-R-1', 'to_stop_id': '176-1', 'trip_id': '3-1-5', 'agency_name': 'Unknown'}]}"
209,167,5310,intra,right,492,[209],[156; 168; 177],0,0,500,375,5310,5370.0,6270.0,6330.0,900.0,2.0,209,168,2631.0,7941.0,pt,1395.0,6705.0,1395.0,"{'duration': 900, 'source_transfer_time': 0, 'waiting_time': 60, 'trip_time': 840, 'num_transfers': 2, 'departure_time': 5370, 'departure_day': 'current_day', 'arrival_time': 6270, 'arrival_day': 'current_day', 'steps': [{'duration': 330, 'departure_time': 5430, 'arrival_time': 5760, 'day': 'current_day', 'from_stop_id': '209-2', 'to_stop_id': 'MH-R-2', 'trip_id': '4-0-4', 'agency_name': 'Unknown'}, {'duration': 30, 'departure_time': 5760, 'arrival_time': 5790, 'day': 'current_day', 'from_stop_id': 'MH-R-2', 'to_stop_id': 'MH-R-4', 'trip_id': 'walking', 'agency_name': 'Unknown'}, {'duration': 330, 'departure_time': 5940, 'arrival_time': 6270, 'day': 'current_day', 'from_stop_id': 'MH-R-4', 'to_stop_id': '168-4', 'trip_id': '9-1-4', 'agency_name': 'Unknown'}]}"
204,182,7140,intra,right,493,[206; 216; 226],[182],1000,751,0,0,7891,7951.0,9510.0,9570.0,1559.0,2.0,206,182,4887.0,12027.0,pt,2430.0,9570.0,2430.0,"{'duration': 1559, 'source_transfer_time': 0, 'waiting_time': 119, 'trip_time': 1440, 'num_transfers': 2, 'departure_time': 7951, 'departure_day': 'current_day', 'arrival_time': 9510, 'arrival_day': 'current_day', 'steps': [{'duration': 690, 'departure_time': 8070, 'arrival_time': 8760, 'day': 'current_day', 'from_stop_id': '206-5', 'to_stop_id': 'MH-R-5', 'trip_id': '10-1-9', 'agency_name': 'Unknown'}, {'duration': 30, 'departure_time': 8760, 'arrival_time': 8790, 'day': 'current_day', 'from_stop_id': 'MH-R-5', 'to_stop_id': 'MH-R-1', 'trip_id': 'walking', 'agency_name': 'Unknown'}, {'duration': 570, 'departure_time': 8940, 'arrival_time': 9510, 'day': 'current_day', 'from_stop_id': 'MH-R-1', 'to_stop_id': '182-1', 'trip_id': '3-0-9', 'agency_name': 'Unknown'}]}"
239,145,13290,intra,right,494,[239],[145],0,0,0,0,13290,13350.0,14430.0,14490.0,1080.0,0.0,239,145,2631.0,15921.0,pt,1200.0,14490.0,1200.0,"{'duration': 1080, 'source_transfer_time': 0, 'waiting_time': 120, 'trip_time': 960, 'num_transfers': 0, 'departure_time': 13350, 'departure_day': 'current_day', 'arrival_time': 14430, 'arrival_day': 'current_day', 'steps': [{'duration': 960, 'departure_time': 13470, 'arrival_time': 14430, 'day': 'current_day', 'from_stop_id': '239-4', 'to_stop_id': '145-4', 'trip_id': '9-1-17', 'agency_name': 'Unknown'}]}"
152,175,9300,intra,right,495,[141; 151],[175],500,375,0,0,9675,9735.0,11310.0,11370.0,1575.0,2.0,151,175,4511.0,13811.0,pt,2070.0,11370.0,2070.0,"{'duration': 1575, 'source_transfer_time': 0, 'waiting_time': 135, 'trip_time': 1440, 'num_transfers': 2, 'departure_time': 9735, 'departure_day': 'current_day', 'arrival_time': 11310, 'arrival_day': 'current_day', 'steps': [{'duration': 690, 'departure_time': 9870, 'arrival_time': 10560, 'day': 'current_day', 'from_stop_id': '151-5', 'to_stop_id': 'MH-R-5', 'trip_id': '10-0-12', 'agency_name': 'Unknown'}, {'duration': 30, 'departure_time': 10560, 'arrival_time': 10590, 'day': 'current_day', 'from_stop_id': 'MH-R-5', 'to_stop_id': 'MH-R-1', 'trip_id': 'walking', 'agency_name': 'Unknown'}, {'duration': 570, 'departure_time': 10740, 'arrival_time': 11310, 'day': 'current_day', 'from_stop_id': 'MH-R-1', 'to_stop_id': '175-1', 'trip_id': '3-1-12', 'agency_name': 'Unknown'}]}"
226,174,3600,intra,right,496,[226],[182],0,0,500,375,3600,3660.0,5910.0,5970.0,2250.0,2.0,226,182,6015.0,9615.0,pt,2745.0,6345.0,2745.0,"{'duration': 2250, 'source_transfer_time': 0, 'waiting_time': 330, 'trip_time': 1920, 'num_transfers': 2, 'departure_time': 3660, 'departure_day': 'current_day', 'arrival_time': 5910, 'arrival_day': 'current_day', 'steps': [{'duration': 1170, 'departure_time': 3990, 'arrival_time': 5160, 'day': 'current_day', 'from_stop_id': '226-5', 'to_stop_id': 'MH-R-5', 'trip_id': '10-1-3', 'agency_name': 'Unknown'}, {'duration': 30, 'departure_time': 5160, 'arrival_time': 5190, 'day': 'current_day', 'from_stop_id': 'MH-R-5', 'to_stop_id': 'MH-R-1', 'trip_id': 'walking', 'agency_name': 'Unknown'}, {'duration': 570, 'departure_time': 5340, 'arrival_time': 5910, 'day': 'current_day', 'from_stop_id': 'MH-R-1', 'to_stop_id': '182-1', 'trip_id': '3-0-3', 'agency_name': 'Unknown'}]}"
180,126,8400,intra,right,497,[180],[126],0,0,0,0,8400,8460.0,10110.0,10170.0,1650.0,2.0,180,126,3007.0,11407.0,pt,1770.0,10170.0,1770.0,"{'duration': 1650, 'source_transfer_time': 0, 'waiting_time': 570, 'trip_time': 1080, 'num_transfers': 2, 'departure_time': 8460, 'departure_day': 'current_day', 'arrival_time': 10110, 'arrival_day': 'current_day', 'steps': [{'duration': 330, 'departure_time': 9030, 'arrival_time': 9360, 'day': 'current_day', 'from_stop_id': '180-1', 'to_stop_id': 'MH-R-1', 'trip_id': '3-1-10', 'agency_name': 'Unknown'}, {'duration': 30, 'departure_time': 9360, 'arrival_time': 9390, 'day': 'current_day', 'from_stop_id': 'MH-R-1', 'to_stop_id': 'MH-R-2', 'trip_id': 'walking', 'agency_name': 'Unknown'}, {'duration': 570, 'departure_time': 9540, 'arrival_time': 10110, 'day': 'current_day', 'from_stop_id': 'MH-R-2', 'to_stop_id': '126-2', 'trip_id': '4-0-10', 'agency_name': 'Unknown'}]}"
162,205,12330,intra,right,498,[151; 161],[206; 216],500,375,500,375,12705,12765.0,14430.0,14490.0,1665.0,0.0,151,206,4511.0,16841.0,pt,2535.0,14865.0,2535.0,"{'duration': 1665, 'source_transfer_time': 0, 'waiting_time': 105, 'trip_time': 1560, 'num_transfers': 0, 'departure_time': 12765, 'departure_day': 'current_day', 'arrival_time': 14430, 'arrival_day': 'current_day', 'steps': [{'duration': 1560, 'departure_time': 12870, 'arrival_time': 14430, 'day': 'current_day', 'from_stop_id': '151-5', 'to_stop_id': '206-5', 'trip_id': '10-0-17', 'agency_name': 'Unknown'}]}"
135,170,13170,intra,right,499,[133; 137; 145; 157],[170],1000,751,0,0,13921,13981.0,15150.0,15210.0,1169.0,2.0,137,170,2255.0,15425.0,pt,2040.0,15210.0,2040.0,"{'duration': 1169, 'source_transfer_time': 0, 'waiting_time': 329, 'trip_time': 840, 'num_transfers': 2, 'departure_time': 13981, 'departure_day': 'current_day', 'arrival_time': 15150, 'arrival_day': 'current_day', 'steps': [{'duration': 330, 'departure_time': 14310, 'arrival_time': 14640, 'day': 'current_day', 'from_stop_id': '137-2', 'to_stop_id': '237-2', 'trip_id': '4-1-19', 'agency_name': 'Unknown'}, {'duration': 30, 'departure_time': 14640, 'arrival_time': 14670, 'day': 'current_day', 'from_stop_id': '237-2', 'to_stop_id': '237-5', 'trip_id': 'walking', 'agency_name': 'Unknown'}, {'duration': 90, 'departure_time': 15060, 'arrival_time': 15150, 'day': 'current_day', 'from_stop_id': '237-5', 'to_stop_id': '170-5', 'trip_id': '10-1-19', 'agency_name': 'Unknown'}]}"
135,229,9750,intra,right,500,[133; 137; 145; 157],[207; 217; 227; 231],1000,751,1000,751,10501,10561.0,11910.0,11970.0,1349.0,3.0,137,207,3383.0,13133.0,pt,2971.0,12721.0,2971.0,"{'duration': 1349, 'source_transfer_time': 0, 'waiting_time': 149, 'trip_time': 1200, 'num_transfers': 3, 'departure_time': 10561, 'departure_day': 'current_day', 'arrival_time': 11910, 'arrival_day': 'current_day', 'steps': [{'duration': 330, 'departure_time': 10710, 'arrival_time': 11040, 'day': 'current_day', 'from_stop_id': '137-2', 'to_stop_id': '237-2', 'trip_id': '4-1-13', 'agency_name': 'Unknown'}, {'duration': 30, 'departure_time': 11040, 'arrival_time': 11070, 'day': 'current_day', 'from_stop_id': '237-2', 'to_stop_id': '237-5', 'trip_id': 'walking', 'agency_name': 'Unknown'}, {'duration': 360, 'departure_time': 11070, 'arrival_time': 11430, 'day': 'current_day', 'from_stop_id': '237-5', 'to_stop_id': '240-5', 'trip_id': '10-0-13', 'agency_name': 'Unknown'}, {'duration': 450, 'departure_time': 11460, 'arrival_time': 11910, 'day': 'current_day', 'from_stop_id': '240-5', 'to_stop_id': '207-5', 'trip_id': '10-0-13', 'agency_name': 'Unknown'}]}"
225,157,13020,intra,right,501,[225],[157],0,0,0,0,13020,13080.0,14790.0,14850.0,1710.0,0.0,225,157,4887.0,17907.0,pt,1830.0,14850.0,1830.0,"{'duration': 1710, 'source_transfer_time': 0, 'waiting_time': 30, 'trip_time': 1680, 'num_transfers': 0, 'departure_time': 13080, 'departure_day': 'current_day', 'arrival_time': 14790, 'arrival_day': 'current_day', 'steps': [{'duration': 1680, 'departure_time': 13110, 'arrival_time': 14790, 'day': 'current_day', 'from_stop_id': '225-4', 'to_stop_id': '157-4', 'trip_id': '9-1-18', 'agency_name': 'Unknown'}]}"
224,145,8190,intra,right,502,[224],[145],0,0,0,0,8190,8250.0,10230.0,10290.0,1980.0,0.0,224,145,5263.0,13453.0,pt,2100.0,10290.0,2100.0,"{'duration': 1980, 'source_transfer_time': 0, 'waiting_time': 180, 'trip_time': 1800, 'num_transfers': 0, 'departure_time': 8250, 'departure_day': 'current_day', 'arrival_time': 10230, 'arrival_day': 'current_day', 'steps': [{'duration': 1800, 'departure_time': 8430, 'arrival_time': 10230, 'day': 'current_day', 'from_stop_id': '224-4', 'to_stop_id': '145-4', 'trip_id': '9-1-10', 'agency_name': 'Unknown'}]}"
176,130,4590,intra,right,503,[176],[130],0,0,0,0,4590,4650.0,6390.0,6450.0,1740.0,2.0,176,130,4887.0,9477.0,pt,1860.0,6450.0,1860.0,"{'duration': 1740, 'source_transfer_time': 0, 'waiting_time': 60, 'trip_time': 1680, 'num_transfers': 2, 'departure_time': 4650, 'departure_day': 'current_day', 'arrival_time': 6390, 'arrival_day': 'current_day', 'steps': [{'duration': 450, 'departure_time': 4710, 'arrival_time': 5160, 'day': 'current_day', 'from_stop_id': '176-1', 'to_stop_id': 'MH-R-1', 'trip_id': '3-0-3', 'agency_name': 'Unknown'}, {'duration': 30, 'departure_time': 5160, 'arrival_time': 5190, 'day': 'current_day', 'from_stop_id': 'MH-R-1', 'to_stop_id': 'MH-R-5', 'trip_id': 'walking', 'agency_name': 'Unknown'}, {'duration': 1050, 'departure_time': 5340, 'arrival_time': 6390, 'day': 'current_day', 'from_stop_id': 'MH-R-5', 'to_stop_id': '130-5', 'trip_id': '10-1-3', 'agency_name': 'Unknown'}]}"
145,206,5100,intra,right,504,[145],[206],0,0,0,0,5100,5160.0,7230.0,7290.0,2070.0,2.0,145,206,2255.0,7355.0,pt,2190.0,7290.0,2190.0,"{'duration': 2070, 'source_transfer_time': 0, 'waiting_time': 510, 'trip_time': 1560, 'num_transfers': 2, 'departure_time': 5160, 'departure_day': 'current_day', 'arrival_time': 7230, 'arrival_day': 'current_day', 'steps': [{'duration': 690, 'departure_time': 5670, 'arrival_time': 6360, 'day': 'current_day', 'from_stop_id': '145-4', 'to_stop_id': 'MH-R-4', 'trip_id': '9-0-5', 'agency_name': 'Unknown'}, {'duration': 30, 'departure_time': 6360, 'arrival_time': 6390, 'day': 'current_day', 'from_stop_id': 'MH-R-4', 'to_stop_id': 'MH-R-5', 'trip_id': 'walking', 'agency_name': 'Unknown'}, {'duration': 690, 'departure_time': 6540, 'arrival_time': 7230, 'day': 'current_day', 'from_stop_id': 'MH-R-5', 'to_stop_id': '206-5', 'trip_id': '10-0-5', 'agency_name': 'Unknown'}]}"
183,221,7110,intra,right,505,[175],[220],500,375,500,375,7485,7545.0,8790.0,8850.0,1245.0,2.0,175,220,3383.0,10493.0,pt,2115.0,9225.0,2115.0,"{'duration': 1245, 'source_transfer_time': 0, 'waiting_time': 45, 'trip_time': 1200, 'num_transfers': 2, 'departure_time': 7545, 'departure_day': 'current_day', 'arrival_time': 8790, 'arrival_day': 'current_day', 'steps': [{'duration': 570, 'departure_time': 7590, 'arrival_time': 8160, 'day': 'current_day', 'from_stop_id': '175-1', 'to_stop_id': 'MH-R-1', 'trip_id': '3-0-8', 'agency_name': 'Unknown'}, {'duration': 30, 'departure_time': 8160, 'arrival_time': 8190, 'day': 'current_day', 'from_stop_id': 'MH-R-1', 'to_stop_id': 'MH-R-2', 'trip_id': 'walking', 'agency_name': 'Unknown'}, {'duration': 450, 'departure_time': 8340, 'arrival_time': 8790, 'day': 'current_day', 'from_stop_id': 'MH-R-2', 'to_stop_id': '220-2', 'trip_id': '4-1-8', 'agency_name': 'Unknown'}]}"
143,218,13920,intra,right,506,[132; 144],[207; 217],500,375,500,375,14295,14355.0,16110.0,16170.0,1755.0,2.0,144,207,3759.0,17679.0,pt,2625.0,16545.0,2625.0,"{'duration': 1755, 'source_transfer_time': 0, 'waiting_time': 195, 'trip_time': 1560, 'num_transfers': 2, 'departure_time': 14355, 'departure_day': 'current_day', 'arrival_time': 16110, 'arrival_day': 'current_day', 'steps': [{'duration': 810, 'departure_time': 14550, 'arrival_time': 15360, 'day': 'current_day', 'from_stop_id': '144-4', 'to_stop_id': 'MH-R-4', 'trip_id': '9-0-20', 'agency_name': 'Unknown'}, {'duration': 30, 'departure_time': 15360, 'arrival_time': 15390, 'day': 'current_day', 'from_stop_id': 'MH-R-4', 'to_stop_id': 'MH-R-5', 'trip_id': 'walking', 'agency_name': 'Unknown'}, {'duration': 570, 'departure_time': 15540, 'arrival_time': 16110, 'day': 'current_day', 'from_stop_id': 'MH-R-5', 'to_stop_id': '207-5', 'trip_id': '10-0-20', 'agency_name': 'Unknown'}]}"
187,214,7440,intra,right,507,[187],[213; 225],0,0,500,375,7440,7500.0,9150.0,9210.0,1650.0,2.0,187,213,3007.0,10447.0,pt,2145.0,9585.0,2145.0,"{'duration': 1650, 'source_transfer_time': 0, 'waiting_time': 450, 'trip_time': 1200, 'num_transfers': 2, 'departure_time': 7500, 'departure_day': 'current_day', 'arrival_time': 9150, 'arrival_day': 'current_day', 'steps': [{'duration': 210, 'departure_time': 7950, 'arrival_time': 8160, 'day': 'current_day', 'from_stop_id': '187-5', 'to_stop_id': 'MH-R-5', 'trip_id': '10-1-8', 'agency_name': 'Unknown'}, {'duration': 30, 'departure_time': 8160, 'arrival_time': 8190, 'day': 'current_day', 'from_stop_id': 'MH-R-5', 'to_stop_id': 'MH-R-4', 'trip_id': 'walking', 'agency_name': 'Unknown'}, {'duration': 810, 'departure_time': 8340, 'arrival_time': 9150, 'day': 'current_day', 'from_stop_id': 'MH-R-4', 'to_stop_id': '213-4', 'trip_id': '9-0-8', 'agency_name': 'Unknown'}]}"
234,216,5730,intra,right,508,[212; 224; 236],[216],1000,751,0,0,6481,6541.0,8670.0,8730.0,2129.0,2.0,212,216,3007.0,8737.0,pt,3000.0,8730.0,3000.0,"{'duration': 2129, 'source_transfer_time': 0, 'waiting_time': 329, 'trip_time': 1800, 'num_transfers': 2, 'departure_time': 6541, 'departure_day': 'current_day', 'arrival_time': 8670, 'arrival_day': 'current_day', 'steps': [{'duration': 690, 'departure_time': 6870, 'arrival_time': 7560, 'day': 'current_day', 'from_stop_id': '212-4', 'to_stop_id': 'MH-R-4', 'trip_id': '9-1-7', 'agency_name': 'Unknown'}, {'duration': 30, 'departure_time': 7560, 'arrival_time': 7590, 'day': 'current_day', 'from_stop_id': 'MH-R-4', 'to_stop_id': 'MH-R-5', 'trip_id': 'walking', 'agency_name': 'Unknown'}, {'duration': 930, 'departure_time': 7740, 'arrival_time': 8670, 'day': 'current_day', 'from_stop_id': 'MH-R-5', 'to_stop_id': '216-5', 'trip_id': '10-0-7', 'agency_name': 'Unknown'}]}"
131,156,9270,intra,right,509,[131],[156],0,0,0,0,9270,9330.0,11310.0,11370.0,1980.0,2.0,131,156,4135.0,13405.0,pt,2100.0,11370.0,2100.0,"{'duration': 1980, 'source_transfer_time': 0, 'waiting_time': 60, 'trip_time': 1920, 'num_transfers': 2, 'departure_time': 9330, 'departure_day': 'current_day', 'arrival_time': 11310, 'arrival_day': 'current_day', 'steps': [{'duration': 1170, 'departure_time': 9390, 'arrival_time': 10560, 'day': 'current_day', 'from_stop_id': '131-5', 'to_stop_id': 'MH-R-5', 'trip_id': '10-0-12', 'agency_name': 'Unknown'}, {'duration': 30, 'departure_time': 10560, 'arrival_time': 10590, 'day': 'current_day', 'from_stop_id': 'MH-R-5', 'to_stop_id': 'MH-R-4', 'trip_id': 'walking', 'agency_name': 'Unknown'}, {'duration': 570, 'departure_time': 10740, 'arrival_time': 11310, 'day': 'current_day', 'from_stop_id': 'MH-R-4', 'to_stop_id': '156-4', 'trip_id': '9-1-12', 'agency_name': 'Unknown'}]}"
185,214,9150,intra,right,510,[177],[213; 225],500,375,500,375,9525,9585.0,10950.0,11010.0,1365.0,2.0,177,213,3759.0,12909.0,pt,2235.0,11385.0,2235.0,"{'duration': 1365, 'source_transfer_time': 0, 'waiting_time': 45, 'trip_time': 1320, 'num_transfers': 2, 'departure_time': 9585, 'departure_day': 'current_day', 'arrival_time': 10950, 'arrival_day': 'current_day', 'steps': [{'duration': 210, 'departure_time': 9630, 'arrival_time': 9840, 'day': 'current_day', 'from_stop_id': '177-1', 'to_stop_id': '238-1', 'trip_id': '3-0-11', 'agency_name': 'Unknown'}, {'duration': 30, 'departure_time': 9840, 'arrival_time': 9870, 'day': 'current_day', 'from_stop_id': '238-1', 'to_stop_id': '238-4', 'trip_id': 'walking', 'agency_name': 'Unknown'}, {'duration': 1080, 'departure_time': 9870, 'arrival_time': 10950, 'day': 'current_day', 'from_stop_id': '238-4', 'to_stop_id': '213-4', 'trip_id': '9-0-11', 'agency_name': 'Unknown'}]}"
157,153,8520,intra,right,511,[157],[131; 141; 151],0,0,1000,751,8520,8580.0,10230.0,10290.0,1650.0,2.0,157,151,3007.0,11527.0,pt,2521.0,11041.0,2521.0,"{'duration': 1650, 'source_transfer_time': 0, 'waiting_time': 330, 'trip_time': 1320, 'num_transfers': 2, 'departure_time': 8580, 'departure_day': 'current_day', 'arrival_time': 10230, 'arrival_day': 'current_day', 'steps': [{'duration': 450, 'departure_time': 8910, 'arrival_time': 9360, 'day': 'current_day', 'from_stop_id': '157-4', 'to_stop_id': 'MH-R-4', 'trip_id': '9-0-10', 'agency_name': 'Unknown'}, {'duration': 30, 'departure_time': 9360, 'arrival_time': 9390, 'day': 'current_day', 'from_stop_id': 'MH-R-4', 'to_stop_id': 'MH-R-5', 'trip_id': 'walking', 'agency_name': 'Unknown'}, {'duration': 690, 'departure_time': 9540, 'arrival_time': 10230, 'day': 'current_day', 'from_stop_id': 'MH-R-5', 'to_stop_id': '151-5', 'trip_id': '10-1-10', 'agency_name': 'Unknown'}]}"
186,123,13140,intra,right,512,[178; 187; 196],[121; 133; 145],500,375,1000,751,13515,13575.0,15030.0,15090.0,1455.0,2.0,178,145,2631.0,15771.0,walking,2631.0,15841.0,2701.0,"{'duration': 1455, 'source_transfer_time': 0, 'waiting_time': 375, 'trip_time': 1080, 'num_transfers': 2, 'departure_time': 13575, 'departure_day': 'current_day', 'arrival_time': 15030, 'arrival_day': 'current_day', 'steps': [{'duration': 90, 'departure_time': 13950, 'arrival_time': 14040, 'day': 'current_day', 'from_stop_id': '178-1', 'to_stop_id': '238-1', 'trip_id': '3-0-18', 'agency_name': 'Unknown'}, {'duration': 30, 'departure_time': 14040, 'arrival_time': 14070, 'day': 'current_day', 'from_stop_id': '238-1', 'to_stop_id': '238-4', 'trip_id': 'walking', 'agency_name': 'Unknown'}, {'duration': 570, 'departure_time': 14460, 'arrival_time': 15030, 'day': 'current_day', 'from_stop_id': '238-4', 'to_stop_id': '145-4', 'trip_id': '9-1-18', 'agency_name': 'Unknown'}]}"
155,208,13440,intra,right,513,[144; 156],[197; 207; 209],500,375,500,375,13815,13875.0,15270.0,15330.0,1395.0,2.0,144,197,3007.0,16447.0,pt,2265.0,15705.0,2265.0,"{'duration': 1395, 'source_transfer_time': 0, 'waiting_time': 75, 'trip_time': 1320, 'num_transfers': 2, 'departure_time': 13875, 'departure_day': 'current_day', 'arrival_time': 15270, 'arrival_day': 'current_day', 'steps': [{'duration': 810, 'departure_time': 13950, 'arrival_time': 14760, 'day': 'current_day', 'from_stop_id': '144-4', 'to_stop_id': 'MH-R-4', 'trip_id': '9-0-19', 'agency_name': 'Unknown'}, {'duration': 30, 'departure_time': 14760, 'arrival_time': 14790, 'day': 'current_day', 'from_stop_id': 'MH-R-4', 'to_stop_id': 'MH-R-5', 'trip_id': 'walking', 'agency_name': 'Unknown'}, {'duration': 330, 'departure_time': 14940, 'arrival_time': 15270, 'day': 'current_day', 'from_stop_id': 'MH-R-5', 'to_stop_id': '197-5', 'trip_id': '10-0-19', 'agency_name': 'Unknown'}]}"
211,182,6930,intra,right,514,[200; 212],[182],500,375,0,0,7305,7365.0,8910.0,8970.0,1545.0,3.0,200,182,2255.0,9185.0,pt,2040.0,8970.0,2040.0,"{'duration': 1545, 'source_transfer_time': 0, 'waiting_time': 345, 'trip_time': 1200, 'num_transfers': 3, 'departure_time': 7365, 'departure_day': 'current_day', 'arrival_time': 8910, 'arrival_day': 'current_day', 'steps': [{'duration': 330, 'departure_time': 7710, 'arrival_time': 8040, 'day': 'current_day', 'from_stop_id': '200-4', 'to_stop_id': '239-4', 'trip_id': '9-1-8', 'agency_name': 'Unknown'}, {'duration': 30, 'departure_time': 8040, 'arrival_time': 8070, 'day': 'current_day', 'from_stop_id': '239-4', 'to_stop_id': '239-1', 'trip_id': 'walking', 'agency_name': 'Unknown'}, {'duration': 90, 'departure_time': 8070, 'arrival_time': 8160, 'day': 'current_day', 'from_stop_id': '239-1', 'to_stop_id': 'MH-R-1', 'trip_id': '3-1-8', 'agency_name': 'Unknown'}, {'duration': 570, 'departure_time': 8340, 'arrival_time': 8910, 'day': 'current_day', 'from_stop_id': 'MH-R-1', 'to_stop_id': '182-1', 'trip_id': '3-0-8', 'agency_name': 'Unknown'}]}"
241,163,9450,intra,right,515,[241],[141; 151; 161; 181],0,0,1000,751,9450,9510.0,9990.0,10050.0,480.0,0.0,MH-R,161,2255.0,11705.0,pt,1351.0,10801.0,1351.0,"{'duration': 480, 'source_transfer_time': 0, 'waiting_time': 30, 'trip_time': 450, 'num_transfers': 0, 'departure_time': 9510, 'departure_day': 'current_day', 'arrival_time': 9990, 'arrival_day': 'current_day', 'steps': [{'duration': 450, 'departure_time': 9540, 'arrival_time': 9990, 'day': 'current_day', 'from_stop_id': 'MH-R-5', 'to_stop_id': '161-5', 'trip_id': '10-1-10', 'agency_name': 'Unknown'}]}"
207,225,11160,intra,right,516,[207],[225],0,0,0,0,11160,11220.0,13590.0,13650.0,2370.0,2.0,207,225,3007.0,14167.0,pt,2490.0,13650.0,2490.0,"{'duration': 2370, 'source_transfer_time': 0, 'waiting_time': 570, 'trip_time': 1800, 'num_transfers': 2, 'departure_time': 11220, 'departure_day': 'current_day', 'arrival_time': 13590, 'arrival_day': 'current_day', 'steps': [{'duration': 570, 'departure_time': 11790, 'arrival_time': 12360, 'day': 'current_day', 'from_stop_id': '207-5', 'to_stop_id': 'MH-R-5', 'trip_id': '10-1-15', 'agency_name': 'Unknown'}, {'duration': 30, 'departure_time': 12360, 'arrival_time': 12390, 'day': 'current_day', 'from_stop_id': 'MH-R-5', 'to_stop_id': 'MH-R-4', 'trip_id': 'walking', 'agency_name': 'Unknown'}, {'duration': 1050, 'departure_time': 12540, 'arrival_time': 13590, 'day': 'current_day', 'from_stop_id': 'MH-R-4', 'to_stop_id': '225-4', 'trip_id': '9-0-15', 'agency_name': 'Unknown'}]}"
138,186,10230,intra,right,517,[137],[178; 187; 196],500,375,500,375,10605,10665.0,11550.0,11610.0,885.0,2.0,137,178,3007.0,13237.0,pt,1755.0,11985.0,1755.0,"{'duration': 885, 'source_transfer_time': 0, 'waiting_time': 45, 'trip_time': 840, 'num_transfers': 2, 'departure_time': 10665, 'departure_day': 'current_day', 'arrival_time': 11550, 'arrival_day': 'current_day', 'steps': [{'duration': 450, 'departure_time': 10710, 'arrival_time': 11160, 'day': 'current_day', 'from_stop_id': '137-2', 'to_stop_id': 'MH-R-2', 'trip_id': '4-1-13', 'agency_name': 'Unknown'}, {'duration': 30, 'departure_time': 11160, 'arrival_time': 11190, 'day': 'current_day', 'from_stop_id': 'MH-R-2', 'to_stop_id': 'MH-R-1', 'trip_id': 'walking', 'agency_name': 'Unknown'}, {'duration': 210, 'departure_time': 11340, 'arrival_time': 11550, 'day': 'current_day', 'from_stop_id': 'MH-R-1', 'to_stop_id': '178-1', 'trip_id': '3-1-13', 'agency_name': 'Unknown'}]}"
175,224,14250,intra,right,518,[175],[224],0,0,0,0,14250,14310.0,16470.0,16530.0,2160.0,2.0,175,224,4887.0,19137.0,pt,2280.0,16530.0,2280.0,"{'duration': 2160, 'source_transfer_time': 0, 'waiting_time': 480, 'trip_time': 1680, 'num_transfers': 2, 'departure_time': 14310, 'departure_day': 'current_day', 'arrival_time': 16470, 'arrival_day': 'current_day', 'steps': [{'duration': 450, 'departure_time': 14790, 'arrival_time': 15240, 'day': 'current_day', 'from_stop_id': '175-1', 'to_stop_id': '238-1', 'trip_id': '3-0-20', 'agency_name': 'Unknown'}, {'duration': 30, 'departure_time': 15240, 'arrival_time': 15270, 'day': 'current_day', 'from_stop_id': '238-1', 'to_stop_id': '238-4', 'trip_id': 'walking', 'agency_name': 'Unknown'}, {'duration': 1200, 'departure_time': 15270, 'arrival_time': 16470, 'day': 'current_day', 'from_stop_id': '238-4', 'to_stop_id': '224-4', 'trip_id': '9-0-20', 'agency_name': 'Unknown'}]}"
169,210,10710,intra,right,519,[169],[209],0,0,500,375,10710,10770.0,11670.0,11730.0,900.0,2.0,169,209,2255.0,12965.0,pt,1395.0,12105.0,1395.0,"{'duration': 900, 'source_transfer_time': 0, 'waiting_time': 180, 'trip_time': 720, 'num_transfers': 2, 'departure_time': 10770, 'departure_day': 'current_day', 'arrival_time': 11670, 'arrival_day': 'current_day', 'steps': [{'duration': 210, 'departure_time': 10950, 'arrival_time': 11160, 'day': 'current_day', 'from_stop_id': '169-4', 'to_stop_id': 'MH-R-4', 'trip_id': '9-0-13', 'agency_name': 'Unknown'}, {'duration': 30, 'departure_time': 11160, 'arrival_time': 11190, 'day': 'current_day', 'from_stop_id': 'MH-R-4', 'to_stop_id': 'MH-R-2', 'trip_id': 'walking', 'agency_name': 'Unknown'}, {'duration': 330, 'departure_time': 11340, 'arrival_time': 11670, 'day': 'current_day', 'from_stop_id': 'MH-R-2', 'to_stop_id': '209-2', 'trip_id': '4-1-13', 'agency_name': 'Unknown'}]}"
175,179,12510,intra,right,520,[175],[179],0,0,0,0,12510,12570.0,13950.0,14010.0,1380.0,0.0,175,179,2631.0,15141.0,pt,1500.0,14010.0,1500.0,"{'duration': 1380, 'source_transfer_time': 0, 'waiting_time': 420, 'trip_time': 960, 'num_transfers': 0, 'departure_time': 12570, 'departure_day': 'current_day', 'arrival_time': 13950, 'arrival_day': 'current_day', 'steps': [{'duration': 960, 'departure_time': 12990, 'arrival_time': 13950, 'day': 'current_day', 'from_stop_id': '175-1', 'to_stop_id': '179-1', 'trip_id': '3-0-17', 'agency_name': 'Unknown'}]}"
185,213,9960,intra,right,521,[177],[213],500,375,0,0,10335,10395.0,12150.0,12210.0,1755.0,2.0,177,213,3383.0,13343.0,pt,2250.0,12210.0,2250.0,"{'duration': 1755, 'source_transfer_time': 0, 'waiting_time': 435, 'trip_time': 1320, 'num_transfers': 2, 'departure_time': 10395, 'departure_day': 'current_day', 'arrival_time': 12150, 'arrival_day': 'current_day', 'steps': [{'duration': 210, 'departure_time': 10830, 'arrival_time': 11040, 'day': 'current_day', 'from_stop_id': '177-1', 'to_stop_id': '238-1', 'trip_id': '3-0-13', 'agency_name': 'Unknown'}, {'duration': 30, 'departure_time': 11040, 'arrival_time': 11070, 'day': 'current_day', 'from_stop_id': '238-1', 'to_stop_id': '238-4', 'trip_id': 'walking', 'agency_name': 'Unknown'}, {'duration': 1080, 'departure_time': 11070, 'arrival_time': 12150, 'day': 'current_day', 'from_stop_id': '238-4', 'to_stop_id': '213-4', 'trip_id': '9-0-13', 'agency_name': 'Unknown'}]}"
149,213,10650,intra,right,522,[148; 150; 160],[213],500,375,0,0,11025,11085.0,12750.0,12810.0,1665.0,2.0,148,213,3383.0,14033.0,pt,2160.0,12810.0,2160.0,"{'duration': 1665, 'source_transfer_time': 0, 'waiting_time': 345, 'trip_time': 1320, 'num_transfers': 2, 'departure_time': 11085, 'departure_day': 'current_day', 'arrival_time': 12750, 'arrival_day': 'current_day', 'steps': [{'duration': 330, 'departure_time': 11430, 'arrival_time': 11760, 'day': 'current_day', 'from_stop_id': '148-2', 'to_stop_id': 'MH-R-2', 'trip_id': '4-1-14', 'agency_name': 'Unknown'}, {'duration': 30, 'departure_time': 11760, 'arrival_time': 11790, 'day': 'current_day', 'from_stop_id': 'MH-R-2', 'to_stop_id': 'MH-R-4', 'trip_id': 'walking', 'agency_name': 'Unknown'}, {'duration': 810, 'departure_time': 11940, 'arrival_time': 12750, 'day': 'current_day', 'from_stop_id': 'MH-R-4', 'to_stop_id': '213-4', 'trip_id': '9-0-14', 'agency_name': 'Unknown'}]}"
223,130,11730,intra,right,523,[212; 224],[130],500,375,0,0,12105,12165.0,14190.0,14250.0,2025.0,2.0,212,130,3759.0,15489.0,pt,2520.0,14250.0,2520.0,"{'duration': 2025, 'source_transfer_time': 0, 'waiting_time': 105, 'trip_time': 1920, 'num_transfers': 2, 'departure_time': 12165, 'departure_day': 'current_day', 'arrival_time': 14190, 'arrival_day': 'current_day', 'steps': [{'duration': 690, 'departure_time': 12270, 'arrival_time': 12960, 'day': 'current_day', 'from_stop_id': '212-4', 'to_stop_id': 'MH-R-4', 'trip_id': '9-1-16', 'agency_name': 'Unknown'}, {'duration': 30, 'departure_time': 12960, 'arrival_time': 12990, 'day': 'current_day', 'from_stop_id': 'MH-R-4', 'to_stop_id': 'MH-R-5', 'trip_id': 'walking', 'agency_name': 'Unknown'}, {'duration': 1050, 'departure_time': 13140, 'arrival_time': 14190, 'day': 'current_day', 'from_stop_id': 'MH-R-5', 'to_stop_id': '130-5', 'trip_id': '10-1-16', 'agency_name': 'Unknown'}]}"
145,189,8340,intra,right,524,[145],[189],0,0,0,0,8340,8400.0,9870.0,9930.0,1470.0,0.0,145,189,3383.0,11723.0,pt,1590.0,9930.0,1590.0,"{'duration': 1470, 'source_transfer_time': 0, 'waiting_time': 270, 'trip_time': 1200, 'num_transfers': 0, 'departure_time': 8400, 'departure_day': 'current_day', 'arrival_time': 9870, 'arrival_day': 'current_day', 'steps': [{'duration': 1200, 'departure_time': 8670, 'arrival_time': 9870, 'day': 'current_day', 'from_stop_id': '145-4', 'to_stop_id': '189-4', 'trip_id': '9-0-10', 'agency_name': 'Unknown'}]}"
217,171,5280,intra,right,525,[217],[161; 170; 179],0,0,500,375,5280,5340.0,6750.0,6810.0,1410.0,0.0,217,170,3759.0,9039.0,pt,1905.0,7185.0,1905.0,"{'duration': 1410, 'source_transfer_time': 0, 'waiting_time': 210, 'trip_time': 1200, 'num_transfers': 0, 'departure_time': 5340, 'departure_day': 'current_day', 'arrival_time': 6750, 'arrival_day': 'current_day', 'steps': [{'duration': 1200, 'departure_time': 5550, 'arrival_time': 6750, 'day': 'current_day', 'from_stop_id': '217-5', 'to_stop_id': '170-5', 'trip_id': '10-1-5', 'agency_name': 'Unknown'}]}"
182,194,5820,intra,right,526,[182],[176; 196; 206; 216],0,0,1000,751,5820,5880.0,7590.0,7650.0,1710.0,0.0,182,176,4135.0,9955.0,pt,2581.0,8401.0,2581.0,"{'duration': 1710, 'source_transfer_time': 0, 'waiting_time': 510, 'trip_time': 1200, 'num_transfers': 0, 'departure_time': 5880, 'departure_day': 'current_day', 'arrival_time': 7590, 'arrival_day': 'current_day', 'steps': [{'duration': 1200, 'departure_time': 6390, 'arrival_time': 7590, 'day': 'current_day', 'from_stop_id': '182-1', 'to_stop_id': '176-1', 'trip_id': '3-1-6', 'agency_name': 'Unknown'}]}"
142,227,6690,intra,right,527,[131; 141],[227],500,375,0,0,7065,7125.0,9390.0,9450.0,2265.0,0.0,141,227,6766.0,13456.0,pt,2760.0,9450.0,2760.0,"{'duration': 2265, 'source_transfer_time': 0, 'waiting_time': 105, 'trip_time': 2160, 'num_transfers': 0, 'departure_time': 7125, 'departure_day': 'current_day', 'arrival_time': 9390, 'arrival_day': 'current_day', 'steps': [{'duration': 2160, 'departure_time': 7230, 'arrival_time': 9390, 'day': 'current_day', 'from_stop_id': '141-5', 'to_stop_id': '227-5', 'trip_id': '10-0-8', 'agency_name': 'Unknown'}]}"
130,146,12330,intra,right,528,[130],[145; 157],0,0,500,375,12330,12390.0,14190.0,14250.0,1800.0,2.0,130,157,3007.0,15337.0,pt,2295.0,14625.0,2295.0,"{'duration': 1800, 'source_transfer_time': 0, 'waiting_time': 120, 'trip_time': 1680, 'num_transfers': 2, 'departure_time': 12390, 'departure_day': 'current_day', 'arrival_time': 14190, 'arrival_day': 'current_day', 'steps': [{'duration': 1050, 'departure_time': 12510, 'arrival_time': 13560, 'day': 'current_day', 'from_stop_id': '130-5', 'to_stop_id': 'MH-R-5', 'trip_id': '10-0-17', 'agency_name': 'Unknown'}, {'duration': 30, 'departure_time': 13560, 'arrival_time': 13590, 'day': 'current_day', 'from_stop_id': 'MH-R-5', 'to_stop_id': 'MH-R-4', 'trip_id': 'walking', 'agency_name': 'Unknown'}, {'duration': 450, 'departure_time': 13740, 'arrival_time': 14190, 'day': 'current_day', 'from_stop_id': 'MH-R-4', 'to_stop_id': '157-4', 'trip_id': '9-1-17', 'agency_name': 'Unknown'}]}"
233,167,5700,intra,right,529,[231],[156; 168; 177],1000,751,500,375,6451,6511.0,8070.0,8130.0,1559.0,2.0,231,168,4135.0,9835.0,pt,2805.0,8505.0,2805.0,"{'duration': 1559, 'source_transfer_time': 0, 'waiting_time': 479, 'trip_time': 1080, 'num_transfers': 2, 'departure_time': 6511, 'departure_day': 'current_day', 'arrival_time': 8070, 'arrival_day': 'current_day', 'steps': [{'duration': 570, 'departure_time': 6990, 'arrival_time': 7560, 'day': 'current_day', 'from_stop_id': '231-2', 'to_stop_id': 'MH-R-2', 'trip_id': '4-0-7', 'agency_name': 'Unknown'}, {'duration': 30, 'departure_time': 7560, 'arrival_time': 7590, 'day': 'current_day', 'from_stop_id': 'MH-R-2', 'to_stop_id': 'MH-R-4', 'trip_id': 'walking', 'agency_name': 'Unknown'}, {'duration': 330, 'departure_time': 7740, 'arrival_time': 8070, 'day': 'current_day', 'from_stop_id': 'MH-R-4', 'to_stop_id': '168-4', 'trip_id': '9-1-7', 'agency_name': 'Unknown'}]}"
164,230,10320,intra,right,530,[182],[231],1000,751,500,375,11071,11131.0,12510.0,12570.0,1379.0,2.0,182,231,4887.0,15207.0,pt,2625.0,12945.0,2625.0,"{'duration': 1379, 'source_transfer_time': 0, 'waiting_time': 59, 'trip_time': 1320, 'num_transfers': 2, 'departure_time': 11131, 'departure_day': 'current_day', 'arrival_time': 12510, 'arrival_day': 'current_day', 'steps': [{'duration': 570, 'departure_time': 11190, 'arrival_time': 11760, 'day': 'current_day', 'from_stop_id': '182-1', 'to_stop_id': 'MH-R-1', 'trip_id': '3-1-14', 'agency_name': 'Unknown'}, {'duration': 30, 'departure_time': 11760, 'arrival_time': 11790, 'day': 'current_day', 'from_stop_id': 'MH-R-1', 'to_stop_id': 'MH-R-2', 'trip_id': 'walking', 'agency_name': 'Unknown'}, {'duration': 570, 'departure_time': 11940, 'arrival_time': 12510, 'day': 'current_day', 'from_stop_id': 'MH-R-2', 'to_stop_id': '231-2', 'trip_id': '4-1-14', 'agency_name': 'Unknown'}]}"
169,152,12180,intra,right,531,[169],[141; 151],0,0,500,375,12180,12240.0,13830.0,13890.0,1590.0,2.0,169,151,2631.0,14811.0,pt,2085.0,14265.0,2085.0,"{'duration': 1590, 'source_transfer_time': 0, 'waiting_time': 510, 'trip_time': 1080, 'num_transfers': 2, 'departure_time': 12240, 'departure_day': 'current_day', 'arrival_time': 13830, 'arrival_day': 'current_day', 'steps': [{'duration': 210, 'departure_time': 12750, 'arrival_time': 12960, 'day': 'current_day', 'from_stop_id': '169-4', 'to_stop_id': 'MH-R-4', 'trip_id': '9-0-16', 'agency_name': 'Unknown'}, {'duration': 30, 'departure_time': 12960, 'arrival_time': 12990, 'day': 'current_day', 'from_stop_id': 'MH-R-4', 'to_stop_id': 'MH-R-5', 'trip_id': 'walking', 'agency_name': 'Unknown'}, {'duration': 690, 'departure_time': 13140, 'arrival_time': 13830, 'day': 'current_day', 'from_stop_id': 'MH-R-5', 'to_stop_id': '151-5', 'trip_id': '10-1-16', 'agency_name': 'Unknown'}]}"
158,236,7380,intra,right,532,[157; 159; 169],[236],500,375,0,0,7755,7815.0,9510.0,9570.0,1695.0,2.0,159,236,4887.0,12267.0,pt,2190.0,9570.0,2190.0,"{'duration': 1695, 'source_transfer_time': 0, 'waiting_time': 135, 'trip_time': 1560, 'num_transfers': 2, 'departure_time': 7815, 'departure_day': 'current_day', 'arrival_time': 9510, 'arrival_day': 'current_day', 'steps': [{'duration': 210, 'departure_time': 7950, 'arrival_time': 8160, 'day': 'current_day', 'from_stop_id': '159-2', 'to_stop_id': 'MH-R-2', 'trip_id': '4-1-8', 'agency_name': 'Unknown'}, {'duration': 30, 'departure_time': 8160, 'arrival_time': 8190, 'day': 'current_day', 'from_stop_id': 'MH-R-2', 'to_stop_id': 'MH-R-4', 'trip_id': 'walking', 'agency_name': 'Unknown'}, {'duration': 1170, 'departure_time': 8340, 'arrival_time': 9510, 'day': 'current_day', 'from_stop_id': 'MH-R-4', 'to_stop_id': '236-4', 'trip_id': '9-0-8', 'agency_name': 'Unknown'}]}"
220,160,6930,intra,right,533,[220],[160],0,0,0,0,6930,6990.0,8070.0,8130.0,1080.0,2.0,220,160,2631.0,9561.0,pt,1200.0,8130.0,1200.0,"{'duration': 1080, 'source_transfer_time': 0, 'waiting_time': 120, 'trip_time': 960, 'num_transfers': 2, 'departure_time': 6990, 'departure_day': 'current_day', 'arrival_time': 8070, 'arrival_day': 'current_day', 'steps': [{'duration': 330, 'departure_time': 7110, 'arrival_time': 7440, 'day': 'current_day', 'from_stop_id': '220-2', 'to_stop_id': '240-2', 'trip_id': '4-0-7', 'agency_name': 'Unknown'}, {'duration': 30, 'departure_time': 7440, 'arrival_time': 7470, 'day': 'current_day', 'from_stop_id': '240-2', 'to_stop_id': '240-5', 'trip_id': 'walking', 'agency_name': 'Unknown'}, {'duration': 600, 'departure_time': 7470, 'arrival_time': 8070, 'day': 'current_day', 'from_stop_id': '240-5', 'to_stop_id': '160-5', 'trip_id': '10-1-7', 'agency_name': 'Unknown'}]}"
146,230,12750,intra,right,534,[145; 157],[231],500,375,500,375,13125,13185.0,14910.0,14970.0,1725.0,2.0,145,231,3383.0,16133.0,pt,2595.0,15345.0,2595.0,"{'duration': 1725, 'source_transfer_time': 0, 'waiting_time': 285, 'trip_time': 1440, 'num_transfers': 2, 'departure_time': 13185, 'departure_day': 'current_day', 'arrival_time': 14910, 'arrival_day': 'current_day', 'steps': [{'duration': 690, 'departure_time': 13470, 'arrival_time': 14160, 'day': 'current_day', 'from_stop_id': '145-4', 'to_stop_id': 'MH-R-4', 'trip_id': '9-0-18', 'agency_name': 'Unknown'}, {'duration': 30, 'departure_time': 14160, 'arrival_time': 14190, 'day': 'current_day', 'from_stop_id': 'MH-R-4', 'to_stop_id': 'MH-R-2', 'trip_id': 'walking', 'agency_name': 'Unknown'}, {'duration': 570, 'departure_time': 14340, 'arrival_time': 14910, 'day': 'current_day', 'from_stop_id': 'MH-R-2', 'to_stop_id': '231-2', 'trip_id': '4-1-18', 'agency_name': 'Unknown'}]}"
228,141,11400,intra,right,535,[217; 227],[141],500,375,0,0,11775,11835.0,14070.0,14130.0,2235.0,0.0,217,141,6015.0,17415.0,pt,2730.0,14130.0,2730.0,"{'duration': 2235, 'source_transfer_time': 0, 'waiting_time': 315, 'trip_time': 1920, 'num_transfers': 0, 'departure_time': 11835, 'departure_day': 'current_day', 'arrival_time': 14070, 'arrival_day': 'current_day', 'steps': [{'duration': 1920, 'departure_time': 12150, 'arrival_time': 14070, 'day': 'current_day', 'from_stop_id': '217-5', 'to_stop_id': '141-5', 'trip_id': '10-1-16', 'agency_name': 'Unknown'}]}"
149,185,13320,intra,right,536,[148; 150; 160],[177],500,375,500,375,13695,13755.0,14670.0,14730.0,915.0,2.0,148,177,3007.0,16327.0,pt,1785.0,15105.0,1785.0,"{'duration': 915, 'source_transfer_time': 0, 'waiting_time': 75, 'trip_time': 840, 'num_transfers': 2, 'departure_time': 13755, 'departure_day': 'current_day', 'arrival_time': 14670, 'arrival_day': 'current_day', 'steps': [{'duration': 330, 'departure_time': 13830, 'arrival_time': 14160, 'day': 'current_day', 'from_stop_id': '148-2', 'to_stop_id': 'MH-R-2', 'trip_id': '4-1-18', 'agency_name': 'Unknown'}, {'duration': 30, 'departure_time': 14160, 'arrival_time': 14190, 'day': 'current_day', 'from_stop_id': 'MH-R-2', 'to_stop_id': 'MH-R-1', 'trip_id': 'walking', 'agency_name': 'Unknown'}, {'duration': 330, 'departure_time': 14340, 'arrival_time': 14670, 'day': 'current_day', 'from_stop_id': 'MH-R-1', 'to_stop_id': '177-1', 'trip_id': '3-1-18', 'agency_name': 'Unknown'}]}"
232,238,10860,intra,right,537,[231],[238],500,375,0,0,11235,11295.0,12630.0,12690.0,1335.0,2.0,231,238,2631.0,13491.0,pt,1830.0,12690.0,1830.0,"{'duration': 1335, 'source_transfer_time': 0, 'waiting_time': 495, 'trip_time': 840, 'num_transfers': 2, 'departure_time': 11295, 'departure_day': 'current_day', 'arrival_time': 12630, 'arrival_day': 'current_day', 'steps': [{'duration': 570, 'departure_time': 11790, 'arrival_time': 12360, 'day': 'current_day', 'from_stop_id': '231-2', 'to_stop_id': 'MH-R-2', 'trip_id': '4-0-15', 'agency_name': 'Unknown'}, {'duration': 30, 'departure_time': 12360, 'arrival_time': 12390, 'day': 'current_day', 'from_stop_id': 'MH-R-2', 'to_stop_id': 'MH-R-1', 'trip_id': 'walking', 'agency_name': 'Unknown'}, {'duration': 90, 'departure_time': 12540, 'arrival_time': 12630, 'day': 'current_day', 'from_stop_id': 'MH-R-1', 'to_stop_id': '238-1', 'trip_id': '3-1-15', 'agency_name': 'Unknown'}]}"
146,140,8010,intra,right,538,[145; 157],[140],500,375,0,0,8385,8445.0,10350.0,10410.0,1905.0,2.0,145,140,2255.0,10265.0,walking,2255.0,10410.0,2400.0,"{'duration': 1905, 'source_transfer_time': 0, 'waiting_time': 225, 'trip_time': 1680, 'num_transfers': 2, 'departure_time': 8445, 'departure_day': 'current_day', 'arrival_time': 10350, 'arrival_day': 'current_day', 'steps': [{'duration': 690, 'departure_time': 8670, 'arrival_time': 9360, 'day': 'current_day', 'from_stop_id': '145-4', 'to_stop_id': 'MH-R-4', 'trip_id': '9-0-10', 'agency_name': 'Unknown'}, {'duration': 30, 'departure_time': 9360, 'arrival_time': 9390, 'day': 'current_day', 'from_stop_id': 'MH-R-4', 'to_stop_id': 'MH-R-5', 'trip_id': 'walking', 'agency_name': 'Unknown'}, {'duration': 810, 'departure_time': 9540, 'arrival_time': 10350, 'day': 'current_day', 'from_stop_id': 'MH-R-5', 'to_stop_id': '140-5', 'trip_id': '10-1-10', 'agency_name': 'Unknown'}]}"
133,172,12840,intra,right,539,[133],[180],0,0,500,375,12840,12900.0,14670.0,14730.0,1770.0,3.0,133,180,3759.0,16599.0,pt,2265.0,15105.0,2265.0,"{'duration': 1770, 'source_transfer_time': 0, 'waiting_time': 330, 'trip_time': 1440, 'num_transfers': 3, 'departure_time': 12900, 'departure_day': 'current_day', 'arrival_time': 14670, 'arrival_day': 'current_day', 'steps': [{'duration': 810, 'departure_time': 13230, 'arrival_time': 14040, 'day': 'current_day', 'from_stop_id': '133-4', 'to_stop_id': '238-4', 'trip_id': '9-0-18', 'agency_name': 'Unknown'}, {'duration': 30, 'departure_time': 14040, 'arrival_time': 14070, 'day': 'current_day', 'from_stop_id': '238-4', 'to_stop_id': '238-1', 'trip_id': 'walking', 'agency_name': 'Unknown'}, {'duration': 90, 'departure_time': 14070, 'arrival_time': 14160, 'day': 'current_day', 'from_stop_id': '238-1', 'to_stop_id': 'MH-R-1', 'trip_id': '3-0-18', 'agency_name': 'Unknown'}, {'duration': 330, 'departure_time': 14340, 'arrival_time': 14670, 'day': 'current_day', 'from_stop_id': 'MH-R-1', 'to_stop_id': '180-1', 'trip_id': '3-0-18', 'agency_name': 'Unknown'}]}"
169,130,10710,intra,right,540,[169],[130],0,0,0,0,10710,10770.0,12390.0,12450.0,1620.0,2.0,169,130,3383.0,14093.0,pt,1740.0,12450.0,1740.0,"{'duration': 1620, 'source_transfer_time': 0, 'waiting_time': 180, 'trip_time': 1440, 'num_transfers': 2, 'departure_time': 10770, 'departure_day': 'current_day', 'arrival_time': 12390, 'arrival_day': 'current_day', 'steps': [{'duration': 210, 'departure_time': 10950, 'arrival_time': 11160, 'day': 'current_day', 'from_stop_id': '169-4', 'to_stop_id': 'MH-R-4', 'trip_id': '9-0-13', 'agency_name': 'Unknown'}, {'duration': 30, 'departure_time': 11160, 'arrival_time': 11190, 'day': 'current_day', 'from_stop_id': 'MH-R-4', 'to_stop_id': 'MH-R-5', 'trip_id': 'walking', 'agency_name': 'Unknown'}, {'duration': 1050, 'departure_time': 11340, 'arrival_time': 12390, 'day': 'current_day', 'from_stop_id': 'MH-R-5', 'to_stop_id': '130-5', 'trip_id': '10-1-13', 'agency_name': 'Unknown'}]}"
212,133,7740,intra,right,541,[212],[133],0,0,0,0,7740,7800.0,9870.0,9930.0,2070.0,0.0,212,133,5263.0,13003.0,pt,2190.0,9930.0,2190.0,"{'duration': 2070, 'source_transfer_time': 0, 'waiting_time': 270, 'trip_time': 1800, 'num_transfers': 0, 'departure_time': 7800, 'departure_day': 'current_day', 'arrival_time': 9870, 'arrival_day': 'current_day', 'steps': [{'duration': 1800, 'departure_time': 8070, 'arrival_time': 9870, 'day': 'current_day', 'from_stop_id': '212-4', 'to_stop_id': '133-4', 'trip_id': '9-1-9', 'agency_name': 'Unknown'}]}"
193,156,8130,intra,right,542,[175],[156],1000,751,0,0,8881,8941.0,10710.0,10770.0,1769.0,2.0,175,156,2255.0,10385.0,walking,2255.0,10770.0,2640.0,"{'duration': 1769, 'source_transfer_time': 0, 'waiting_time': 449, 'trip_time': 1320, 'num_transfers': 2, 'departure_time': 8941, 'departure_day': 'current_day', 'arrival_time': 10710, 'arrival_day': 'current_day', 'steps': [{'duration': 450, 'departure_time': 9390, 'arrival_time': 9840, 'day': 'current_day', 'from_stop_id': '175-1', 'to_stop_id': '238-1', 'trip_id': '3-0-11', 'agency_name': 'Unknown'}, {'duration': 30, 'departure_time': 9840, 'arrival_time': 9870, 'day': 'current_day', 'from_stop_id': '238-1', 'to_stop_id': '238-4', 'trip_id': 'walking', 'agency_name': 'Unknown'}, {'duration': 450, 'departure_time': 10260, 'arrival_time': 10710, 'day': 'current_day', 'from_stop_id': '238-4', 'to_stop_id': '156-4', 'trip_id': '9-1-11', 'agency_name': 'Unknown'}]}"
226,169,10860,intra,right,543,[226],[169],0,0,0,0,10860,10920.0,12750.0,12810.0,1830.0,2.0,226,169,3759.0,14619.0,pt,1950.0,12810.0,1950.0,"{'duration': 1830, 'source_transfer_time': 0, 'waiting_time': 270, 'trip_time': 1560, 'num_transfers': 2, 'departure_time': 10920, 'departure_day': 'current_day', 'arrival_time': 12750, 'arrival_day': 'current_day', 'steps': [{'duration': 1170, 'departure_time': 11190, 'arrival_time': 12360, 'day': 'current_day', 'from_stop_id': '226-5', 'to_stop_id': 'MH-R-5', 'trip_id': '10-1-15', 'agency_name': 'Unknown'}, {'duration': 30, 'departure_time': 12360, 'arrival_time': 12390, 'day': 'current_day', 'from_stop_id': 'MH-R-5', 'to_stop_id': 'MH-R-4', 'trip_id': 'walking', 'agency_name': 'Unknown'}, {'duration': 210, 'departure_time': 12540, 'arrival_time': 12750, 'day': 'current_day', 'from_stop_id': 'MH-R-4', 'to_stop_id': '169-4', 'trip_id': '9-1-15', 'agency_name': 'Unknown'}]}"
173,178,13920,intra,right,544,[181],[178],500,375,0,0,14295,14355.0,15750.0,15810.0,1395.0,0.0,181,178,2631.0,16551.0,pt,1890.0,15810.0,1890.0,"{'duration': 1395, 'source_transfer_time': 0, 'waiting_time': 555, 'trip_time': 840, 'num_transfers': 0, 'departure_time': 14355, 'departure_day': 'current_day', 'arrival_time': 15750, 'arrival_day': 'current_day', 'steps': [{'duration': 840, 'departure_time': 14910, 'arrival_time': 15750, 'day': 'current_day', 'from_stop_id': '181-1', 'to_stop_id': '178-1', 'trip_id': '3-1-20', 'agency_name': 'Unknown'}]}"
178,190,6210,intra,right,545,[178],[180; 189; 201],0,0,500,375,6210,6270.0,7470.0,7530.0,1200.0,0.0,178,180,2255.0,8465.0,pt,1695.0,7905.0,1695.0,"{'duration': 1200, 'source_transfer_time': 0, 'waiting_time': 480, 'trip_time': 720, 'num_transfers': 0, 'departure_time': 6270, 'departure_day': 'current_day', 'arrival_time': 7470, 'arrival_day': 'current_day', 'steps': [{'duration': 720, 'departure_time': 6750, 'arrival_time': 7470, 'day': 'current_day', 'from_stop_id': '178-1', 'to_stop_id': '180-1', 'trip_id': '3-0-6', 'agency_name': 'Unknown'}]}"
147,179,10710,intra,right,546,[148],[179],500,375,0,0,11085,11145.0,12150.0,12210.0,1005.0,2.0,148,179,2255.0,12965.0,pt,1500.0,12210.0,1500.0,"{'duration': 1005, 'source_transfer_time': 0, 'waiting_time': 285, 'trip_time': 720, 'num_transfers': 2, 'departure_time': 11145, 'departure_day': 'current_day', 'arrival_time': 12150, 'arrival_day': 'current_day', 'steps': [{'duration': 330, 'departure_time': 11430, 'arrival_time': 11760, 'day': 'current_day', 'from_stop_id': '148-2', 'to_stop_id': 'MH-R-2', 'trip_id': '4-1-14', 'agency_name': 'Unknown'}, {'duration': 30, 'departure_time': 11760, 'arrival_time': 11790, 'day': 'current_day', 'from_stop_id': 'MH-R-2', 'to_stop_id': 'MH-R-1', 'trip_id': 'walking', 'agency_name': 'Unknown'}, {'duration': 210, 'departure_time': 11940, 'arrival_time': 12150, 'day': 'current_day', 'from_stop_id': 'MH-R-1', 'to_stop_id': '179-1', 'trip_id': '3-0-14', 'agency_name': 'Unknown'}]}"
163,144,9090,intra,right,547,[141; 151; 161; 181],[144],1000,751,0,0,9841,9901.0,11550.0,11610.0,1649.0,2.0,161,144,3383.0,12473.0,pt,2520.0,11610.0,2520.0,"{'duration': 1649, 'source_transfer_time': 0, 'waiting_time': 209, 'trip_time': 1440, 'num_transfers': 2, 'departure_time': 9901, 'departure_day': 'current_day', 'arrival_time': 11550, 'arrival_day': 'current_day', 'steps': [{'duration': 450, 'departure_time': 10110, 'arrival_time': 10560, 'day': 'current_day', 'from_stop_id': '161-5', 'to_stop_id': 'MH-R-5', 'trip_id': '10-0-12', 'agency_name': 'Unknown'}, {'duration': 30, 'departure_time': 10560, 'arrival_time': 10590, 'day': 'current_day', 'from_stop_id': 'MH-R-5', 'to_stop_id': 'MH-R-4', 'trip_id': 'walking', 'agency_name': 'Unknown'}, {'duration': 810, 'departure_time': 10740, 'arrival_time': 11550, 'day': 'current_day', 'from_stop_id': 'MH-R-4', 'to_stop_id': '144-4', 'trip_id': '9-1-12', 'agency_name': 'Unknown'}]}"
137,187,13860,intra,right,548,[137],[187],0,0,0,0,13860,13920.0,15150.0,15210.0,1230.0,3.0,137,187,2255.0,16115.0,pt,1350.0,15210.0,1350.0,"{'duration': 1230, 'source_transfer_time': 0, 'waiting_time': 390, 'trip_time': 840, 'num_transfers': 3, 'departure_time': 13920, 'departure_day': 'current_day', 'arrival_time': 15150, 'arrival_day': 'current_day', 'steps': [{'duration': 330, 'departure_time': 14310, 'arrival_time': 14640, 'day': 'current_day', 'from_stop_id': '137-2', 'to_stop_id': '237-2', 'trip_id': '4-1-19', 'agency_name': 'Unknown'}, {'duration': 30, 'departure_time': 14640, 'arrival_time': 14670, 'day': 'current_day', 'from_stop_id': '237-2', 'to_stop_id': '237-5', 'trip_id': 'walking', 'agency_name': 'Unknown'}, {'duration': 360, 'departure_time': 14670, 'arrival_time': 15030, 'day': 'current_day', 'from_stop_id': '237-5', 'to_stop_id': '240-5', 'trip_id': '10-0-19', 'agency_name': 'Unknown'}, {'duration': 90, 'departure_time': 15060, 'arrival_time': 15150, 'day': 'current_day', 'from_stop_id': '240-5', 'to_stop_id': '187-5', 'trip_id': '10-0-19', 'agency_name': 'Unknown'}]}"
179,235,13020,intra,right,549,[179],[224; 236],0,0,500,375,13020,13080.0,14670.0,14730.0,1590.0,2.0,179,224,2631.0,15651.0,pt,2085.0,15105.0,2085.0,"{'duration': 1590, 'source_transfer_time': 0, 'waiting_time': 270, 'trip_time': 1320, 'num_transfers': 2, 'departure_time': 13080, 'departure_day': 'current_day', 'arrival_time': 14670, 'arrival_day': 'current_day', 'steps': [{'duration': 90, 'departure_time': 13350, 'arrival_time': 13440, 'day': 'current_day', 'from_stop_id': '179-1', 'to_stop_id': '239-1', 'trip_id': '3-1-17', 'agency_name': 'Unknown'}, {'duration': 30, 'departure_time': 13440, 'arrival_time': 13470, 'day': 'current_day', 'from_stop_id': '239-1', 'to_stop_id': '239-4', 'trip_id': 'walking', 'agency_name': 'Unknown'}, {'duration': 810, 'departure_time': 13860, 'arrival_time': 14670, 'day': 'current_day', 'from_stop_id': '239-4', 'to_stop_id': '224-4', 'trip_id': '9-0-17', 'agency_name': 'Unknown'}]}"
210,178,5550,intra,right,550,[209],[178],500,375,0,0,5925,5985.0,6750.0,6810.0,765.0,2.0,209,178,2255.0,7805.0,pt,1260.0,6810.0,1260.0,"{'duration': 765, 'source_transfer_time': 0, 'waiting_time': 45, 'trip_time': 720, 'num_transfers': 2, 'departure_time': 5985, 'departure_day': 'current_day', 'arrival_time': 6750, 'arrival_day': 'current_day', 'steps': [{'duration': 330, 'departure_time': 6030, 'arrival_time': 6360, 'day': 'current_day', 'from_stop_id': '209-2', 'to_stop_id': 'MH-R-2', 'trip_id': '4-0-5', 'agency_name': 'Unknown'}, {'duration': 30, 'departure_time': 6360, 'arrival_time': 6390, 'day': 'current_day', 'from_stop_id': 'MH-R-2', 'to_stop_id': 'MH-R-1', 'trip_id': 'walking', 'agency_name': 'Unknown'}, {'duration': 210, 'departure_time': 6540, 'arrival_time': 6750, 'day': 'current_day', 'from_stop_id': 'MH-R-1', 'to_stop_id': '178-1', 'trip_id': '3-1-5', 'agency_name': 'Unknown'}]}"
166,127,6750,intra,right,551,[176],[126],500,375,500,375,7125,7185.0,8910.0,8970.0,1725.0,2.0,176,126,3383.0,10133.0,pt,2595.0,9345.0,2595.0,"{'duration': 1725, 'source_transfer_time': 0, 'waiting_time': 525, 'trip_time': 1200, 'num_transfers': 2, 'departure_time': 7185, 'departure_day': 'current_day', 'arrival_time': 8910, 'arrival_day': 'current_day', 'steps': [{'duration': 450, 'departure_time': 7710, 'arrival_time': 8160, 'day': 'current_day', 'from_stop_id': '176-1', 'to_stop_id': 'MH-R-1', 'trip_id': '3-0-8', 'agency_name': 'Unknown'}, {'duration': 30, 'departure_time': 8160, 'arrival_time': 8190, 'day': 'current_day', 'from_stop_id': 'MH-R-1', 'to_stop_id': 'MH-R-2', 'trip_id': 'walking', 'agency_name': 'Unknown'}, {'duration': 570, 'departure_time': 8340, 'arrival_time': 8910, 'day': 'current_day', 'from_stop_id': 'MH-R-2', 'to_stop_id': '126-2', 'trip_id': '4-0-8', 'agency_name': 'Unknown'}]}"
216,151,8970,intra,right,552,[216],[151],0,0,0,0,8970,9030.0,10830.0,10890.0,1800.0,0.0,216,151,5263.0,14233.0,pt,1920.0,10890.0,1920.0,"{'duration': 1800, 'source_transfer_time': 0, 'waiting_time': 0, 'trip_time': 1800, 'num_transfers': 0, 'departure_time': 9030, 'departure_day': 'current_day', 'arrival_time': 10830, 'arrival_day': 'current_day', 'steps': [{'duration': 1800, 'departure_time': 9030, 'arrival_time': 10830, 'day': 'current_day', 'from_stop_id': '216-5', 'to_stop_id': '151-5', 'trip_id': '10-1-11', 'agency_name': 'Unknown'}]}"
234,133,10530,intra,right,553,[212; 224; 236],[133],1000,751,0,0,11281,11341.0,13470.0,13530.0,2129.0,0.0,212,133,6015.0,16545.0,pt,3000.0,13530.0,3000.0,"{'duration': 2129, 'source_transfer_time': 0, 'waiting_time': 329, 'trip_time': 1800, 'num_transfers': 0, 'departure_time': 11341, 'departure_day': 'current_day', 'arrival_time': 13470, 'arrival_day': 'current_day', 'steps': [{'duration': 1800, 'departure_time': 11670, 'arrival_time': 13470, 'day': 'current_day', 'from_stop_id': '212-4', 'to_stop_id': '133-4', 'trip_id': '9-1-15', 'agency_name': 'Unknown'}]}"
180,166,4830,intra,right,554,[180],[176],0,0,500,375,4830,4890.0,6390.0,6450.0,1500.0,0.0,180,176,3007.0,7837.0,pt,1995.0,6825.0,1995.0,"{'duration': 1500, 'source_transfer_time': 0, 'waiting_time': 540, 'trip_time': 960, 'num_transfers': 0, 'departure_time': 4890, 'departure_day': 'current_day', 'arrival_time': 6390, 'arrival_day': 'current_day', 'steps': [{'duration': 960, 'departure_time': 5430, 'arrival_time': 6390, 'day': 'current_day', 'from_stop_id': '180-1', 'to_stop_id': '176-1', 'trip_id': '3-1-4', 'agency_name': 'Unknown'}]}"
142,222,8550,intra,right,555,[131; 141],[200; 212; 220; 224],500,375,1000,751,8925,8985.0,10590.0,10650.0,1605.0,2.0,141,200,4135.0,12685.0,pt,2851.0,11401.0,2851.0,"{'duration': 1605, 'source_transfer_time': 0, 'waiting_time': 45, 'trip_time': 1560, 'num_transfers': 2, 'departure_time': 8985, 'departure_day': 'current_day', 'arrival_time': 10590, 'arrival_day': 'current_day', 'steps': [{'duration': 930, 'departure_time': 9030, 'arrival_time': 9960, 'day': 'current_day', 'from_stop_id': '141-5', 'to_stop_id': 'MH-R-5', 'trip_id': '10-0-11', 'agency_name': 'Unknown'}, {'duration': 30, 'departure_time': 9960, 'arrival_time': 9990, 'day': 'current_day', 'from_stop_id': 'MH-R-5', 'to_stop_id': 'MH-R-4', 'trip_id': 'walking', 'agency_name': 'Unknown'}, {'duration': 450, 'departure_time': 10140, 'arrival_time': 10590, 'day': 'current_day', 'from_stop_id': 'MH-R-4', 'to_stop_id': '200-4', 'trip_id': '9-0-11', 'agency_name': 'Unknown'}]}"
196,152,9090,intra,right,556,[196],[141; 151],0,0,500,375,9090,9150.0,10830.0,10890.0,1680.0,0.0,196,151,4135.0,13225.0,pt,2175.0,11265.0,2175.0,"{'duration': 1680, 'source_transfer_time': 0, 'waiting_time': 360, 'trip_time': 1320, 'num_transfers': 0, 'departure_time': 9150, 'departure_day': 'current_day', 'arrival_time': 10830, 'arrival_day': 'current_day', 'steps': [{'duration': 1320, 'departure_time': 9510, 'arrival_time': 10830, 'day': 'current_day', 'from_stop_id': '196-5', 'to_stop_id': '151-5', 'trip_id': '10-1-11', 'agency_name': 'Unknown'}]}"
209,192,5850,intra,right,557,[209],[182],0,0,500,375,5850,5910.0,7110.0,7170.0,1200.0,2.0,209,182,2631.0,8481.0,pt,1695.0,7545.0,1695.0,"{'duration': 1200, 'source_transfer_time': 0, 'waiting_time': 120, 'trip_time': 1080, 'num_transfers': 2, 'departure_time': 5910, 'departure_day': 'current_day', 'arrival_time': 7110, 'arrival_day': 'current_day', 'steps': [{'duration': 330, 'departure_time': 6030, 'arrival_time': 6360, 'day': 'current_day', 'from_stop_id': '209-2', 'to_stop_id': 'MH-R-2', 'trip_id': '4-0-5', 'agency_name': 'Unknown'}, {'duration': 30, 'departure_time': 6360, 'arrival_time': 6390, 'day': 'current_day', 'from_stop_id': 'MH-R-2', 'to_stop_id': 'MH-R-1', 'trip_id': 'walking', 'agency_name': 'Unknown'}, {'duration': 570, 'departure_time': 6540, 'arrival_time': 7110, 'day': 'current_day', 'from_stop_id': 'MH-R-1', 'to_stop_id': '182-1', 'trip_id': '3-0-5', 'agency_name': 'Unknown'}]}"
160,208,3780,intra,right,558,[160],[197; 207; 209],0,0,500,375,3780,3840.0,5070.0,5130.0,1230.0,0.0,160,197,2631.0,6411.0,pt,1725.0,5505.0,1725.0,"{'duration': 1230, 'source_transfer_time': 0, 'waiting_time': 390, 'trip_time': 840, 'num_transfers': 0, 'departure_time': 3840, 'departure_day': 'current_day', 'arrival_time': 5070, 'arrival_day': 'current_day', 'steps': [{'duration': 840, 'departure_time': 4230, 'arrival_time': 5070, 'day': 'current_day', 'from_stop_id': '160-5', 'to_stop_id': '197-5', 'trip_id': '10-0-2', 'agency_name': 'Unknown'}]}"
183,209,13770,intra,right,559,[175],[209],500,375,0,0,14145,14205.0,15870.0,15930.0,1665.0,2.0,175,209,2631.0,16401.0,pt,2160.0,15930.0,2160.0,"{'duration': 1665, 'source_transfer_time': 0, 'waiting_time': 585, 'trip_time': 1080, 'num_transfers': 2, 'departure_time': 14205, 'departure_day': 'current_day', 'arrival_time': 15870, 'arrival_day': 'current_day', 'steps': [{'duration': 570, 'departure_time': 14790, 'arrival_time': 15360, 'day': 'current_day', 'from_stop_id': '175-1', 'to_stop_id': 'MH-R-1', 'trip_id': '3-0-20', 'agency_name': 'Unknown'}, {'duration': 30, 'departure_time': 15360, 'arrival_time': 15390, 'day': 'current_day', 'from_stop_id': 'MH-R-1', 'to_stop_id': 'MH-R-2', 'trip_id': 'walking', 'agency_name': 'Unknown'}, {'duration': 330, 'departure_time': 15540, 'arrival_time': 15870, 'day': 'current_day', 'from_stop_id': 'MH-R-2', 'to_stop_id': '209-2', 'trip_id': '4-1-20', 'agency_name': 'Unknown'}]}"
201,184,5430,intra,right,560,[201],[176],0,0,500,375,5430,5490.0,6990.0,7050.0,1500.0,4.0,201,176,3007.0,8437.0,pt,1995.0,7425.0,1995.0,"{'duration': 1500, 'source_transfer_time': 0, 'waiting_time': 300, 'trip_time': 1200, 'num_transfers': 4, 'departure_time': 5490, 'departure_day': 'current_day', 'arrival_time': 6990, 'arrival_day': 'current_day', 'steps': [{'duration': 450, 'departure_time': 5790, 'arrival_time': 6240, 'day': 'current_day', 'from_stop_id': '201-4', 'to_stop_id': '239-4', 'trip_id': '9-1-5', 'agency_name': 'Unknown'}, {'duration': 30, 'departure_time': 6240, 'arrival_time': 6270, 'day': 'current_day', 'from_stop_id': '239-4', 'to_stop_id': '239-1', 'trip_id': 'walking', 'agency_name': 'Unknown'}, {'duration': 90, 'departure_time': 6270, 'arrival_time': 6360, 'day': 'current_day', 'from_stop_id': '239-1', 'to_stop_id': 'MH-R-1', 'trip_id': '3-1-5', 'agency_name': 'Unknown'}, {'duration': 90, 'departure_time': 6540, 'arrival_time': 6630, 'day': 'current_day', 'from_stop_id': 'MH-R-1', 'to_stop_id': '238-1', 'trip_id': '3-1-5', 'agency_name': 'Unknown'}, {'duration': 330, 'departure_time': 6660, 'arrival_time': 6990, 'day': 'current_day', 'from_stop_id': '238-1', 'to_stop_id': '176-1', 'trip_id': '3-1-5', 'agency_name': 'Unknown'}]}"
132,206,10950,intra,right,561,[132],[206],0,0,0,0,10950,11010.0,13230.0,13290.0,2220.0,2.0,132,206,3383.0,14333.0,pt,2340.0,13290.0,2340.0,"{'duration': 2220, 'source_transfer_time': 0, 'waiting_time': 300, 'trip_time': 1920, 'num_transfers': 2, 'departure_time': 11010, 'departure_day': 'current_day', 'arrival_time': 13230, 'arrival_day': 'current_day', 'steps': [{'duration': 1050, 'departure_time': 11310, 'arrival_time': 12360, 'day': 'current_day', 'from_stop_id': '132-4', 'to_stop_id': 'MH-R-4', 'trip_id': '9-0-15', 'agency_name': 'Unknown'}, {'duration': 30, 'departure_time': 12360, 'arrival_time': 12390, 'day': 'current_day', 'from_stop_id': 'MH-R-4', 'to_stop_id': 'MH-R-5', 'trip_id': 'walking', 'agency_name': 'Unknown'}, {'duration': 690, 'departure_time': 12540, 'arrival_time': 13230, 'day': 'current_day', 'from_stop_id': 'MH-R-5', 'to_stop_id': '206-5', 'trip_id': '10-0-15', 'agency_name': 'Unknown'}]}"
217,130,6000,intra,right,562,[217],[130],0,0,0,0,6000,6060.0,8190.0,8250.0,2130.0,0.0,217,130,6015.0,12015.0,pt,2250.0,8250.0,2250.0,"{'duration': 2130, 'source_transfer_time': 0, 'waiting_time': 90, 'trip_time': 2040, 'num_transfers': 0, 'departure_time': 6060, 'departure_day': 'current_day', 'arrival_time': 8190, 'arrival_day': 'current_day', 'steps': [{'duration': 2040, 'departure_time': 6150, 'arrival_time': 8190, 'day': 'current_day', 'from_stop_id': '217-5', 'to_stop_id': '130-5', 'trip_id': '10-1-6', 'agency_name': 'Unknown'}]}"
159,214,10770,intra,right,563,[159],[213; 225],0,0,500,375,10770,10830.0,12150.0,12210.0,1320.0,2.0,159,213,3759.0,14529.0,pt,1815.0,12585.0,1815.0,"{'duration': 1320, 'source_transfer_time': 0, 'waiting_time': 120, 'trip_time': 1200, 'num_transfers': 2, 'departure_time': 10830, 'departure_day': 'current_day', 'arrival_time': 12150, 'arrival_day': 'current_day', 'steps': [{'duration': 210, 'departure_time': 10950, 'arrival_time': 11160, 'day': 'current_day', 'from_stop_id': '159-2', 'to_stop_id': 'MH-R-2', 'trip_id': '4-1-13', 'agency_name': 'Unknown'}, {'duration': 30, 'departure_time': 11160, 'arrival_time': 11190, 'day': 'current_day', 'from_stop_id': 'MH-R-2', 'to_stop_id': 'MH-R-4', 'trip_id': 'walking', 'agency_name': 'Unknown'}, {'duration': 810, 'departure_time': 11340, 'arrival_time': 12150, 'day': 'current_day', 'from_stop_id': 'MH-R-4', 'to_stop_id': '213-4', 'trip_id': '9-0-13', 'agency_name': 'Unknown'}]}"
165,153,14400,intra,right,564,[175],[131; 141; 151],500,375,1000,751,14775,14835.0,16830.0,16890.0,1995.0,2.0,175,151,4511.0,18911.0,pt,3241.0,17641.0,3241.0,"{'duration': 1995, 'source_transfer_time': 0, 'waiting_time': 555, 'trip_time': 1440, 'num_transfers': 2, 'departure_time': 14835, 'departure_day': 'current_day', 'arrival_time': 16830, 'arrival_day': 'current_day', 'steps': [{'duration': 570, 'departure_time': 15390, 'arrival_time': 15960, 'day': 'current_day', 'from_stop_id': '175-1', 'to_stop_id': 'MH-R-1', 'trip_id': '3-0-21', 'agency_name': 'Unknown'}, {'duration': 30, 'departure_time': 15960, 'arrival_time': 15990, 'day': 'current_day', 'from_stop_id': 'MH-R-1', 'to_stop_id': 'MH-R-5', 'trip_id': 'walking', 'agency_name': 'Unknown'}, {'duration': 690, 'departure_time': 16140, 'arrival_time': 16830, 'day': 'current_day', 'from_stop_id': 'MH-R-5', 'to_stop_id': '151-5', 'trip_id': '10-1-21', 'agency_name': 'Unknown'}]}"
236,179,7680,intra,right,565,[236],[179],0,0,0,0,7680,7740.0,9750.0,9810.0,2010.0,3.0,236,179,3007.0,10687.0,pt,2130.0,9810.0,2130.0,"{'duration': 2010, 'source_transfer_time': 0, 'waiting_time': 450, 'trip_time': 1560, 'num_transfers': 3, 'departure_time': 7740, 'departure_day': 'current_day', 'arrival_time': 9750, 'arrival_day': 'current_day', 'steps': [{'duration': 1050, 'departure_time': 8190, 'arrival_time': 9240, 'day': 'current_day', 'from_stop_id': '236-4', 'to_stop_id': '239-4', 'trip_id': '9-1-10', 'agency_name': 'Unknown'}, {'duration': 30, 'departure_time': 9240, 'arrival_time': 9270, 'day': 'current_day', 'from_stop_id': '239-4', 'to_stop_id': '239-1', 'trip_id': 'walking', 'agency_name': 'Unknown'}, {'duration': 90, 'departure_time': 9270, 'arrival_time': 9360, 'day': 'current_day', 'from_stop_id': '239-1', 'to_stop_id': 'MH-R-1', 'trip_id': '3-1-10', 'agency_name': 'Unknown'}, {'duration': 210, 'departure_time': 9540, 'arrival_time': 9750, 'day': 'current_day', 'from_stop_id': 'MH-R-1', 'to_stop_id': '179-1', 'trip_id': '3-0-10', 'agency_name': 'Unknown'}]}"
132,203,4290,intra,right,566,[132],[182; 201; 213; 225],0,0,1000,751,4290,4350.0,6510.0,6570.0,2160.0,3.0,132,182,6015.0,10305.0,pt,3031.0,7321.0,3031.0,"{'duration': 2160, 'source_transfer_time': 0, 'waiting_time': 360, 'trip_time': 1800, 'num_transfers': 3, 'departure_time': 4350, 'departure_day': 'current_day', 'arrival_time': 6510, 'arrival_day': 'current_day', 'steps': [{'duration': 930, 'departure_time': 4710, 'arrival_time': 5640, 'day': 'current_day', 'from_stop_id': '132-4', 'to_stop_id': '238-4', 'trip_id': '9-0-4', 'agency_name': 'Unknown'}, {'duration': 30, 'departure_time': 5640, 'arrival_time': 5670, 'day': 'current_day', 'from_stop_id': '238-4', 'to_stop_id': '238-1', 'trip_id': 'walking', 'agency_name': 'Unknown'}, {'duration': 90, 'departure_time': 5670, 'arrival_time': 5760, 'day': 'current_day', 'from_stop_id': '238-1', 'to_stop_id': 'MH-R-1', 'trip_id': '3-0-4', 'agency_name': 'Unknown'}, {'duration': 570, 'departure_time': 5940, 'arrival_time': 6510, 'day': 'current_day', 'from_stop_id': 'MH-R-1', 'to_stop_id': '182-1', 'trip_id': '3-0-4', 'agency_name': 'Unknown'}]}"
226,190,12810,intra,right,567,[226],[180; 189; 201],0,0,500,375,12810,12870.0,14670.0,14730.0,1800.0,2.0,226,180,4511.0,17321.0,pt,2295.0,15105.0,2295.0,"{'duration': 1800, 'source_transfer_time': 0, 'waiting_time': 120, 'trip_time': 1680, 'num_transfers': 2, 'departure_time': 12870, 'departure_day': 'current_day', 'arrival_time': 14670, 'arrival_day': 'current_day', 'steps': [{'duration': 1170, 'departure_time': 12990, 'arrival_time': 14160, 'day': 'current_day', 'from_stop_id': '226-5', 'to_stop_id': 'MH-R-5', 'trip_id': '10-1-18', 'agency_name': 'Unknown'}, {'duration': 30, 'departure_time': 14160, 'arrival_time': 14190, 'day': 'current_day', 'from_stop_id': 'MH-R-5', 'to_stop_id': 'MH-R-1', 'trip_id': 'walking', 'agency_name': 'Unknown'}, {'duration': 330, 'departure_time': 14340, 'arrival_time': 14670, 'day': 'current_day', 'from_stop_id': 'MH-R-1', 'to_stop_id': '180-1', 'trip_id': '3-0-18', 'agency_name': 'Unknown'}]}"
184,199,7350,intra,right,568,[176],[188; 198; 200],500,375,500,375,7725,7785.0,9150.0,9210.0,1365.0,2.0,176,188,2255.0,9605.0,pt,2235.0,9585.0,2235.0,"{'duration': 1365, 'source_transfer_time': 0, 'waiting_time': 525, 'trip_time': 840, 'num_transfers': 2, 'departure_time': 7785, 'departure_day': 'current_day', 'arrival_time': 9150, 'arrival_day': 'current_day', 'steps': [{'duration': 330, 'departure_time': 8310, 'arrival_time': 8640, 'day': 'current_day', 'from_stop_id': '176-1', 'to_stop_id': '238-1', 'trip_id': '3-0-9', 'agency_name': 'Unknown'}, {'duration': 30, 'departure_time': 8640, 'arrival_time': 8670, 'day': 'current_day', 'from_stop_id': '238-1', 'to_stop_id': '238-4', 'trip_id': 'walking', 'agency_name': 'Unknown'}, {'duration': 480, 'departure_time': 8670, 'arrival_time': 9150, 'day': 'current_day', 'from_stop_id': '238-4', 'to_stop_id': '188-4', 'trip_id': '9-0-9', 'agency_name': 'Unknown'}]}"
147,205,6900,intra,right,569,[148],[206; 216],500,375,500,375,7275,7335.0,9030.0,9090.0,1695.0,3.0,148,206,3383.0,10283.0,pt,2565.0,9465.0,2565.0,"{'duration': 1695, 'source_transfer_time': 0, 'waiting_time': 495, 'trip_time': 1200, 'num_transfers': 3, 'departure_time': 7335, 'departure_day': 'current_day', 'arrival_time': 9030, 'arrival_day': 'current_day', 'steps': [{'duration': 210, 'departure_time': 7830, 'arrival_time': 8040, 'day': 'current_day', 'from_stop_id': '148-2', 'to_stop_id': '237-2', 'trip_id': '4-1-8', 'agency_name': 'Unknown'}, {'duration': 30, 'departure_time': 8040, 'arrival_time': 8070, 'day': 'current_day', 'from_stop_id': '237-2', 'to_stop_id': '237-5', 'trip_id': 'walking', 'agency_name': 'Unknown'}, {'duration': 360, 'departure_time': 8070, 'arrival_time': 8430, 'day': 'current_day', 'from_stop_id': '237-5', 'to_stop_id': '240-5', 'trip_id': '10-0-8', 'agency_name': 'Unknown'}, {'duration': 570, 'departure_time': 8460, 'arrival_time': 9030, 'day': 'current_day', 'from_stop_id': '240-5', 'to_stop_id': '206-5', 'trip_id': '10-0-8', 'agency_name': 'Unknown'}]}"
140,194,10320,intra,right,570,[140],[176; 196; 206; 216],0,0,1000,751,10320,10380.0,12390.0,12450.0,2010.0,2.0,140,176,4887.0,15207.0,pt,2881.0,13201.0,2881.0,"{'duration': 2010, 'source_transfer_time': 0, 'waiting_time': 570, 'trip_time': 1440, 'num_transfers': 2, 'departure_time': 10380, 'departure_day': 'current_day', 'arrival_time': 12390, 'arrival_day': 'current_day', 'steps': [{'duration': 810, 'departure_time': 10950, 'arrival_time': 11760, 'day': 'current_day', 'from_stop_id': '140-5', 'to_stop_id': 'MH-R-5', 'trip_id': '10-0-14', 'agency_name': 'Unknown'}, {'duration': 30, 'departure_time': 11760, 'arrival_time': 11790, 'day': 'current_day', 'from_stop_id': 'MH-R-5', 'to_stop_id': 'MH-R-1', 'trip_id': 'walking', 'agency_name': 'Unknown'}, {'duration': 450, 'departure_time': 11940, 'arrival_time': 12390, 'day': 'current_day', 'from_stop_id': 'MH-R-1', 'to_stop_id': '176-1', 'trip_id': '3-1-14', 'agency_name': 'Unknown'}]}"
226,126,11850,intra,right,571,[226],[126],0,0,0,0,11850,11910.0,14310.0,14370.0,2400.0,2.0,226,126,5639.0,17489.0,pt,2520.0,14370.0,2520.0,"{'duration': 2400, 'source_transfer_time': 0, 'waiting_time': 480, 'trip_time': 1920, 'num_transfers': 2, 'departure_time': 11910, 'departure_day': 'current_day', 'arrival_time': 14310, 'arrival_day': 'current_day', 'steps': [{'duration': 1050, 'departure_time': 12390, 'arrival_time': 13440, 'day': 'current_day', 'from_stop_id': '226-5', 'to_stop_id': '240-5', 'trip_id': '10-1-17', 'agency_name': 'Unknown'}, {'duration': 30, 'departure_time': 13440, 'arrival_time': 13470, 'day': 'current_day', 'from_stop_id': '240-5', 'to_stop_id': '240-2', 'trip_id': 'walking', 'agency_name': 'Unknown'}, {'duration': 840, 'departure_time': 13470, 'arrival_time': 14310, 'day': 'current_day', 'from_stop_id': '240-2', 'to_stop_id': '126-2', 'trip_id': '4-0-17', 'agency_name': 'Unknown'}]}"
195,174,13320,intra,right,572,[196; 206],[182],500,375,500,375,13695,13755.0,15510.0,15570.0,1755.0,2.0,196,182,4135.0,17455.0,pt,2625.0,15945.0,2625.0,"{'duration': 1755, 'source_transfer_time': 0, 'waiting_time': 555, 'trip_time': 1200, 'num_transfers': 2, 'departure_time': 13755, 'departure_day': 'current_day', 'arrival_time': 15510, 'arrival_day': 'current_day', 'steps': [{'duration': 450, 'departure_time': 14310, 'arrival_time': 14760, 'day': 'current_day', 'from_stop_id': '196-5', 'to_stop_id': 'MH-R-5', 'trip_id': '10-1-19', 'agency_name': 'Unknown'}, {'duration': 30, 'departure_time': 14760, 'arrival_time': 14790, 'day': 'current_day', 'from_stop_id': 'MH-R-5', 'to_stop_id': 'MH-R-1', 'trip_id': 'walking', 'agency_name': 'Unknown'}, {'duration': 570, 'departure_time': 14940, 'arrival_time': 15510, 'day': 'current_day', 'from_stop_id': 'MH-R-1', 'to_stop_id': '182-1', 'trip_id': '3-0-19', 'agency_name': 'Unknown'}]}"
142,188,5340,intra,right,573,[131; 141],[188],500,375,0,0,5715,5775.0,7350.0,7410.0,1575.0,2.0,131,188,3383.0,8723.0,pt,2070.0,7410.0,2070.0,"{'duration': 1575, 'source_transfer_time': 0, 'waiting_time': 15, 'trip_time': 1560, 'num_transfers': 2, 'departure_time': 5775, 'departure_day': 'current_day', 'arrival_time': 7350, 'arrival_day': 'current_day', 'steps': [{'duration': 1170, 'departure_time': 5790, 'arrival_time': 6960, 'day': 'current_day', 'from_stop_id': '131-5', 'to_stop_id': 'MH-R-5', 'trip_id': '10-0-6', 'agency_name': 'Unknown'}, {'duration': 30, 'departure_time': 6960, 'arrival_time': 6990, 'day': 'current_day', 'from_stop_id': 'MH-R-5', 'to_stop_id': 'MH-R-4', 'trip_id': 'walking', 'agency_name': 'Unknown'}, {'duration': 210, 'departure_time': 7140, 'arrival_time': 7350, 'day': 'current_day', 'from_stop_id': 'MH-R-4', 'to_stop_id': '188-4', 'trip_id': '9-0-6', 'agency_name': 'Unknown'}]}"
160,142,5070,intra,right,574,[160],[131; 141],0,0,500,375,5070,5130.0,6270.0,6330.0,1140.0,0.0,160,141,2255.0,7325.0,pt,1635.0,6705.0,1635.0,"{'duration': 1140, 'source_transfer_time': 0, 'waiting_time': 570, 'trip_time': 570, 'num_transfers': 0, 'departure_time': 5130, 'departure_day': 'current_day', 'arrival_time': 6270, 'arrival_day': 'current_day', 'steps': [{'duration': 570, 'departure_time': 5700, 'arrival_time': 6270, 'day': 'current_day', 'from_stop_id': '160-5', 'to_stop_id': '141-5', 'trip_id': '10-1-3', 'agency_name': 'Unknown'}]}"
226,172,8190,intra,right,575,[226],[180],0,0,500,375,8190,8250.0,10470.0,10530.0,2220.0,2.0,226,180,5263.0,13453.0,pt,2715.0,10905.0,2715.0,"{'duration': 2220, 'source_transfer_time': 0, 'waiting_time': 540, 'trip_time': 1680, 'num_transfers': 2, 'departure_time': 8250, 'departure_day': 'current_day', 'arrival_time': 10470, 'arrival_day': 'current_day', 'steps': [{'duration': 1170, 'departure_time': 8790, 'arrival_time': 9960, 'day': 'current_day', 'from_stop_id': '226-5', 'to_stop_id': 'MH-R-5', 'trip_id': '10-1-11', 'agency_name': 'Unknown'}, {'duration': 30, 'departure_time': 9960, 'arrival_time': 9990, 'day': 'current_day', 'from_stop_id': 'MH-R-5', 'to_stop_id': 'MH-R-1', 'trip_id': 'walking', 'agency_name': 'Unknown'}, {'duration': 330, 'departure_time': 10140, 'arrival_time': 10470, 'day': 'current_day', 'from_stop_id': 'MH-R-1', 'to_stop_id': '180-1', 'trip_id': '3-0-11', 'agency_name': 'Unknown'}]}"
173,238,14310,intra,right,576,[181],[238],500,375,0,0,14685,14745.0,15630.0,15690.0,885.0,0.0,181,238,2255.0,16565.0,pt,1380.0,15690.0,1380.0,"{'duration': 885, 'source_transfer_time': 0, 'waiting_time': 165, 'trip_time': 720, 'num_transfers': 0, 'departure_time': 14745, 'departure_day': 'current_day', 'arrival_time': 15630, 'arrival_day': 'current_day', 'steps': [{'duration': 720, 'departure_time': 14910, 'arrival_time': 15630, 'day': 'current_day', 'from_stop_id': '181-1', 'to_stop_id': '238-1', 'trip_id': '3-1-20', 'agency_name': 'Unknown'}]}"
173,138,12720,intra,right,577,[181],[137],500,375,500,375,13095,13155.0,14790.0,14850.0,1635.0,2.0,181,137,2255.0,14975.0,walking,2255.0,15225.0,2505.0,"{'duration': 1635, 'source_transfer_time': 0, 'waiting_time': 555, 'trip_time': 1080, 'num_transfers': 2, 'departure_time': 13155, 'departure_day': 'current_day', 'arrival_time': 14790, 'arrival_day': 'current_day', 'steps': [{'duration': 450, 'departure_time': 13710, 'arrival_time': 14160, 'day': 'current_day', 'from_stop_id': '181-1', 'to_stop_id': 'MH-R-1', 'trip_id': '3-1-18', 'agency_name': 'Unknown'}, {'duration': 30, 'departure_time': 14160, 'arrival_time': 14190, 'day': 'current_day', 'from_stop_id': 'MH-R-1', 'to_stop_id': 'MH-R-2', 'trip_id': 'walking', 'agency_name': 'Unknown'}, {'duration': 450, 'departure_time': 14340, 'arrival_time': 14790, 'day': 'current_day', 'from_stop_id': 'MH-R-2', 'to_stop_id': '137-2', 'trip_id': '4-0-18', 'agency_name': 'Unknown'}]}"
124,175,7890,intra,right,578,[126],[175],1000,751,0,0,8641,8701.0,10110.0,10170.0,1409.0,2.0,126,175,3007.0,10897.0,pt,2280.0,10170.0,2280.0,"{'duration': 1409, 'source_transfer_time': 0, 'waiting_time': 89, 'trip_time': 1320, 'num_transfers': 2, 'departure_time': 8701, 'departure_day': 'current_day', 'arrival_time': 10110, 'arrival_day': 'current_day', 'steps': [{'duration': 570, 'departure_time': 8790, 'arrival_time': 9360, 'day': 'current_day', 'from_stop_id': '126-2', 'to_stop_id': 'MH-R-2', 'trip_id': '4-1-10', 'agency_name': 'Unknown'}, {'duration': 30, 'departure_time': 9360, 'arrival_time': 9390, 'day': 'current_day', 'from_stop_id': 'MH-R-2', 'to_stop_id': 'MH-R-1', 'trip_id': 'walking', 'agency_name': 'Unknown'}, {'duration': 570, 'departure_time': 9540, 'arrival_time': 10110, 'day': 'current_day', 'from_stop_id': 'MH-R-1', 'to_stop_id': '175-1', 'trip_id': '3-1-10', 'agency_name': 'Unknown'}]}"
144,206,12630,intra,right,579,[144],[206],0,0,0,0,12630,12690.0,14430.0,14490.0,1740.0,2.0,144,206,2631.0,15261.0,pt,1860.0,14490.0,1860.0,"{'duration': 1740, 'source_transfer_time': 0, 'waiting_time': 60, 'trip_time': 1680, 'num_transfers': 2, 'departure_time': 12690, 'departure_day': 'current_day', 'arrival_time': 14430, 'arrival_day': 'current_day', 'steps': [{'duration': 810, 'departure_time': 12750, 'arrival_time': 13560, 'day': 'current_day', 'from_stop_id': '144-4', 'to_stop_id': 'MH-R-4', 'trip_id': '9-0-17', 'agency_name': 'Unknown'}, {'duration': 30, 'departure_time': 13560, 'arrival_time': 13590, 'day': 'current_day', 'from_stop_id': 'MH-R-4', 'to_stop_id': 'MH-R-5', 'trip_id': 'walking', 'agency_name': 'Unknown'}, {'duration': 690, 'departure_time': 13740, 'arrival_time': 14430, 'day': 'current_day', 'from_stop_id': 'MH-R-5', 'to_stop_id': '206-5', 'trip_id': '10-0-17', 'agency_name': 'Unknown'}]}"
163,207,11610,intra,right,580,[141; 151; 161; 181],[207],1000,751,0,0,12361,12421.0,13710.0,13770.0,1289.0,0.0,161,207,4135.0,15745.0,pt,2160.0,13770.0,2160.0,"{'duration': 1289, 'source_transfer_time': 0, 'waiting_time': 89, 'trip_time': 1200, 'num_transfers': 0, 'departure_time': 12421, 'departure_day': 'current_day', 'arrival_time': 13710, 'arrival_day': 'current_day', 'steps': [{'duration': 1200, 'departure_time': 12510, 'arrival_time': 13710, 'day': 'current_day', 'from_stop_id': '161-5', 'to_stop_id': '207-5', 'trip_id': '10-0-16', 'agency_name': 'Unknown'}]}"
212,122,11040,intra,right,581,[212],[121; 133],0,0,500,375,11040,11100.0,13470.0,13530.0,2370.0,0.0,212,133,5639.0,16679.0,pt,2865.0,13905.0,2865.0,"{'duration': 2370, 'source_transfer_time': 0, 'waiting_time': 570, 'trip_time': 1800, 'num_transfers': 0, 'departure_time': 11100, 'departure_day': 'current_day', 'arrival_time': 13470, 'arrival_day': 'current_day', 'steps': [{'duration': 1800, 'departure_time': 11670, 'arrival_time': 13470, 'day': 'current_day', 'from_stop_id': '212-4', 'to_stop_id': '133-4', 'trip_id': '9-1-15', 'agency_name': 'Unknown'}]}"
138,211,12780,intra,right,582,[137],[200; 212],500,375,500,375,13155,13215.0,14790.0,14850.0,1575.0,2.0,137,200,3007.0,15787.0,pt,2445.0,15225.0,2445.0,"{'duration': 1575, 'source_transfer_time': 0, 'waiting_time': 495, 'trip_time': 1080, 'num_transfers': 2, 'departure_time': 13215, 'departure_day': 'current_day', 'arrival_time': 14790, 'arrival_day': 'current_day', 'steps': [{'duration': 450, 'departure_time': 13710, 'arrival_time': 14160, 'day': 'current_day', 'from_stop_id': '137-2', 'to_stop_id': 'MH-R-2', 'trip_id': '4-1-18', 'agency_name': 'Unknown'}, {'duration': 30, 'departure_time': 14160, 'arrival_time': 14190, 'day': 'current_day', 'from_stop_id': 'MH-R-2', 'to_stop_id': 'MH-R-4', 'trip_id': 'walking', 'agency_name': 'Unknown'}, {'duration': 450, 'departure_time': 14340, 'arrival_time': 14790, 'day': 'current_day', 'from_stop_id': 'MH-R-4', 'to_stop_id': '200-4', 'trip_id': '9-0-18', 'agency_name': 'Unknown'}]}"
142,145,4470,intra,right,583,[131; 141],[145],500,375,0,0,4845,4905.0,7230.0,7290.0,2325.0,2.0,131,145,3383.0,7853.0,pt,2820.0,7290.0,2820.0,"{'duration': 2325, 'source_transfer_time': 0, 'waiting_time': 285, 'trip_time': 2040, 'num_transfers': 2, 'departure_time': 4905, 'departure_day': 'current_day', 'arrival_time': 7230, 'arrival_day': 'current_day', 'steps': [{'duration': 1170, 'departure_time': 5190, 'arrival_time': 6360, 'day': 'current_day', 'from_stop_id': '131-5', 'to_stop_id': 'MH-R-5', 'trip_id': '10-0-5', 'agency_name': 'Unknown'}, {'duration': 30, 'departure_time': 6360, 'arrival_time': 6390, 'day': 'current_day', 'from_stop_id': 'MH-R-5', 'to_stop_id': 'MH-R-4', 'trip_id': 'walking', 'agency_name': 'Unknown'}, {'duration': 690, 'departure_time': 6540, 'arrival_time': 7230, 'day': 'current_day', 'from_stop_id': 'MH-R-4', 'to_stop_id': '145-4', 'trip_id': '9-1-5', 'agency_name': 'Unknown'}]}"
160,195,13440,intra,right,584,[160],[196; 206],0,0,500,375,13440,13500.0,14790.0,14850.0,1290.0,0.0,160,196,3007.0,16447.0,pt,1785.0,15225.0,1785.0,"{'duration': 1290, 'source_transfer_time': 0, 'waiting_time': 330, 'trip_time': 960, 'num_transfers': 0, 'departure_time': 13500, 'departure_day': 'current_day', 'arrival_time': 14790, 'arrival_day': 'current_day', 'steps': [{'duration': 960, 'departure_time': 13830, 'arrival_time': 14790, 'day': 'current_day', 'from_stop_id': '160-5', 'to_stop_id': '196-5', 'trip_id': '10-0-18', 'agency_name': 'Unknown'}]}"
179,147,5280,intra,right,585,[179],[148],0,0,500,375,5280,5340.0,6270.0,6330.0,930.0,2.0,179,148,2255.0,7535.0,pt,1425.0,6705.0,1425.0,"{'duration': 930, 'source_transfer_time': 0, 'waiting_time': 210, 'trip_time': 720, 'num_transfers': 2, 'departure_time': 5340, 'departure_day': 'current_day', 'arrival_time': 6270, 'arrival_day': 'current_day', 'steps': [{'duration': 210, 'departure_time': 5550, 'arrival_time': 5760, 'day': 'current_day', 'from_stop_id': '179-1', 'to_stop_id': 'MH-R-1', 'trip_id': '3-1-4', 'agency_name': 'Unknown'}, {'duration': 30, 'departure_time': 5760, 'arrival_time': 5790, 'day': 'current_day', 'from_stop_id': 'MH-R-1', 'to_stop_id': 'MH-R-2', 'trip_id': 'walking', 'agency_name': 'Unknown'}, {'duration': 330, 'departure_time': 5940, 'arrival_time': 6270, 'day': 'current_day', 'from_stop_id': 'MH-R-2', 'to_stop_id': '148-2', 'trip_id': '4-0-4', 'agency_name': 'Unknown'}]}"
221,171,4020,intra,right,586,[220],[161; 170; 179],500,375,500,375,4395,4455.0,5550.0,5610.0,1095.0,2.0,220,170,2255.0,6275.0,pt,1965.0,5985.0,1965.0,"{'duration': 1095, 'source_transfer_time': 0, 'waiting_time': 255, 'trip_time': 840, 'num_transfers': 2, 'departure_time': 4455, 'departure_day': 'current_day', 'arrival_time': 5550, 'arrival_day': 'current_day', 'steps': [{'duration': 330, 'departure_time': 4710, 'arrival_time': 5040, 'day': 'current_day', 'from_stop_id': '220-2', 'to_stop_id': '240-2', 'trip_id': '4-0-3', 'agency_name': 'Unknown'}, {'duration': 30, 'departure_time': 5040, 'arrival_time': 5070, 'day': 'current_day', 'from_stop_id': '240-2', 'to_stop_id': '240-5', 'trip_id': 'walking', 'agency_name': 'Unknown'}, {'duration': 480, 'departure_time': 5070, 'arrival_time': 5550, 'day': 'current_day', 'from_stop_id': '240-5', 'to_stop_id': '170-5', 'trip_id': '10-1-3', 'agency_name': 'Unknown'}]}"
125,213,6270,intra,right,587,[126],[213],500,375,0,0,6645,6705.0,8550.0,8610.0,1845.0,2.0,126,213,4887.0,11157.0,pt,2340.0,8610.0,2340.0,"{'duration': 1845, 'source_transfer_time': 0, 'waiting_time': 285, 'trip_time': 1560, 'num_transfers': 2, 'departure_time': 6705, 'departure_day': 'current_day', 'arrival_time': 8550, 'arrival_day': 'current_day', 'steps': [{'duration': 570, 'departure_time': 6990, 'arrival_time': 7560, 'day': 'current_day', 'from_stop_id': '126-2', 'to_stop_id': 'MH-R-2', 'trip_id': '4-1-7', 'agency_name': 'Unknown'}, {'duration': 30, 'departure_time': 7560, 'arrival_time': 7590, 'day': 'current_day', 'from_stop_id': 'MH-R-2', 'to_stop_id': 'MH-R-4', 'trip_id': 'walking', 'agency_name': 'Unknown'}, {'duration': 810, 'departure_time': 7740, 'arrival_time': 8550, 'day': 'current_day', 'from_stop_id': 'MH-R-4', 'to_stop_id': '213-4', 'trip_id': '9-0-7', 'agency_name': 'Unknown'}]}"
126,194,6390,intra,right,588,[126],[176; 196; 206; 216],0,0,1000,751,6390,6450.0,8190.0,8250.0,1740.0,2.0,126,176,4135.0,10525.0,pt,2611.0,9001.0,2611.0,"{'duration': 1740, 'source_transfer_time': 0, 'waiting_time': 540, 'trip_time': 1200, 'num_transfers': 2, 'departure_time': 6450, 'departure_day': 'current_day', 'arrival_time': 8190, 'arrival_day': 'current_day', 'steps': [{'duration': 570, 'departure_time': 6990, 'arrival_time': 7560, 'day': 'current_day', 'from_stop_id': '126-2', 'to_stop_id': 'MH-R-2', 'trip_id': '4-1-7', 'agency_name': 'Unknown'}, {'duration': 30, 'departure_time': 7560, 'arrival_time': 7590, 'day': 'current_day', 'from_stop_id': 'MH-R-2', 'to_stop_id': 'MH-R-1', 'trip_id': 'walking', 'agency_name': 'Unknown'}, {'duration': 450, 'departure_time': 7740, 'arrival_time': 8190, 'day': 'current_day', 'from_stop_id': 'MH-R-1', 'to_stop_id': '176-1', 'trip_id': '3-1-7', 'agency_name': 'Unknown'}]}"
157,205,10260,intra,right,589,[157],[206; 216],0,0,500,375,10260,10320.0,12030.0,12090.0,1710.0,2.0,157,206,2631.0,12891.0,pt,2205.0,12465.0,2205.0,"{'duration': 1710, 'source_transfer_time': 0, 'waiting_time': 390, 'trip_time': 1320, 'num_transfers': 2, 'departure_time': 10320, 'departure_day': 'current_day', 'arrival_time': 12030, 'arrival_day': 'current_day', 'steps': [{'duration': 450, 'departure_time': 10710, 'arrival_time': 11160, 'day': 'current_day', 'from_stop_id': '157-4', 'to_stop_id': 'MH-R-4', 'trip_id': '9-0-13', 'agency_name': 'Unknown'}, {'duration': 30, 'departure_time': 11160, 'arrival_time': 11190, 'day': 'current_day', 'from_stop_id': 'MH-R-4', 'to_stop_id': 'MH-R-5', 'trip_id': 'walking', 'agency_name': 'Unknown'}, {'duration': 690, 'departure_time': 11340, 'arrival_time': 12030, 'day': 'current_day', 'from_stop_id': 'MH-R-5', 'to_stop_id': '206-5', 'trip_id': '10-0-13', 'agency_name': 'Unknown'}]}"
153,205,3750,intra,right,590,[131; 141; 151],[206; 216],1000,751,500,375,4501,4561.0,6630.0,6690.0,2069.0,0.0,131,206,5639.0,9389.0,pt,3315.0,7065.0,3315.0,"{'duration': 2069, 'source_transfer_time': 0, 'waiting_time': 29, 'trip_time': 2040, 'num_transfers': 0, 'departure_time': 4561, 'departure_day': 'current_day', 'arrival_time': 6630, 'arrival_day': 'current_day', 'steps': [{'duration': 2040, 'departure_time': 4590, 'arrival_time': 6630, 'day': 'current_day', 'from_stop_id': '131-5', 'to_stop_id': '206-5', 'trip_id': '10-0-4', 'agency_name': 'Unknown'}]}"
165,207,11370,intra,right,591,[175],[207],500,375,0,0,11745,11805.0,13710.0,13770.0,1905.0,2.0,175,207,2631.0,14001.0,pt,2400.0,13770.0,2400.0,"{'duration': 1905, 'source_transfer_time': 0, 'waiting_time': 585, 'trip_time': 1320, 'num_transfers': 2, 'departure_time': 11805, 'departure_day': 'current_day', 'arrival_time': 13710, 'arrival_day': 'current_day', 'steps': [{'duration': 570, 'departure_time': 12390, 'arrival_time': 12960, 'day': 'current_day', 'from_stop_id': '175-1', 'to_stop_id': 'MH-R-1', 'trip_id': '3-0-16', 'agency_name': 'Unknown'}, {'duration': 30, 'departure_time': 12960, 'arrival_time': 12990, 'day': 'current_day', 'from_stop_id': 'MH-R-1', 'to_stop_id': 'MH-R-5', 'trip_id': 'walking', 'agency_name': 'Unknown'}, {'duration': 570, 'departure_time': 13140, 'arrival_time': 13710, 'day': 'current_day', 'from_stop_id': 'MH-R-5', 'to_stop_id': '207-5', 'trip_id': '10-0-16', 'agency_name': 'Unknown'}]}"
167,139,4560,intra,right,592,[156; 168; 177],[140; 150],500,375,500,375,4935,4995.0,6510.0,6570.0,1515.0,2.0,156,150,3007.0,7567.0,pt,2385.0,6945.0,2385.0,"{'duration': 1515, 'source_transfer_time': 0, 'waiting_time': 195, 'trip_time': 1320, 'num_transfers': 2, 'departure_time': 4995, 'departure_day': 'current_day', 'arrival_time': 6510, 'arrival_day': 'current_day', 'steps': [{'duration': 570, 'departure_time': 5190, 'arrival_time': 5760, 'day': 'current_day', 'from_stop_id': '156-4', 'to_stop_id': 'MH-R-4', 'trip_id': '9-0-4', 'agency_name': 'Unknown'}, {'duration': 30, 'departure_time': 5760, 'arrival_time': 5790, 'day': 'current_day', 'from_stop_id': 'MH-R-4', 'to_stop_id': 'MH-R-5', 'trip_id': 'walking', 'agency_name': 'Unknown'}, {'duration': 570, 'departure_time': 5940, 'arrival_time': 6510, 'day': 'current_day', 'from_stop_id': 'MH-R-5', 'to_stop_id': '150-5', 'trip_id': '10-1-4', 'agency_name': 'Unknown'}]}"
147,236,6720,intra,right,593,[148],[236],500,375,0,0,7095,7155.0,8910.0,8970.0,1755.0,2.0,148,236,5263.0,11983.0,pt,2250.0,8970.0,2250.0,"{'duration': 1755, 'source_transfer_time': 0, 'waiting_time': 75, 'trip_time': 1680, 'num_transfers': 2, 'departure_time': 7155, 'departure_day': 'current_day', 'arrival_time': 8910, 'arrival_day': 'current_day', 'steps': [{'duration': 330, 'departure_time': 7230, 'arrival_time': 7560, 'day': 'current_day', 'from_stop_id': '148-2', 'to_stop_id': 'MH-R-2', 'trip_id': '4-1-7', 'agency_name': 'Unknown'}, {'duration': 30, 'departure_time': 7560, 'arrival_time': 7590, 'day': 'current_day', 'from_stop_id': 'MH-R-2', 'to_stop_id': 'MH-R-4', 'trip_id': 'walking', 'agency_name': 'Unknown'}, {'duration': 1170, 'departure_time': 7740, 'arrival_time': 8910, 'day': 'current_day', 'from_stop_id': 'MH-R-4', 'to_stop_id': '236-4', 'trip_id': '9-0-7', 'agency_name': 'Unknown'}]}"
176,189,4020,intra,right,594,[176],[189],0,0,0,0,4020,4080.0,5070.0,5130.0,990.0,2.0,176,189,2631.0,6651.0,pt,1110.0,5130.0,1110.0,"{'duration': 990, 'source_transfer_time': 0, 'waiting_time': 30, 'trip_time': 960, 'num_transfers': 2, 'departure_time': 4080, 'departure_day': 'current_day', 'arrival_time': 5070, 'arrival_day': 'current_day', 'steps': [{'duration': 330, 'departure_time': 4110, 'arrival_time': 4440, 'day': 'current_day', 'from_stop_id': '176-1', 'to_stop_id': '238-1', 'trip_id': '3-0-2', 'agency_name': 'Unknown'}, {'duration': 30, 'departure_time': 4440, 'arrival_time': 4470, 'day': 'current_day', 'from_stop_id': '238-1', 'to_stop_id': '238-4', 'trip_id': 'walking', 'agency_name': 'Unknown'}, {'duration': 600, 'departure_time': 4470, 'arrival_time': 5070, 'day': 'current_day', 'from_stop_id': '238-4', 'to_stop_id': '189-4', 'trip_id': '9-0-2', 'agency_name': 'Unknown'}]}"
165,196,12450,intra,right,595,[175],[196],500,375,0,0,12825,12885.0,14190.0,14250.0,1305.0,2.0,175,196,2255.0,14705.0,pt,1800.0,14250.0,1800.0,"{'duration': 1305, 'source_transfer_time': 0, 'waiting_time': 105, 'trip_time': 1200, 'num_transfers': 2, 'departure_time': 12885, 'departure_day': 'current_day', 'arrival_time': 14190, 'arrival_day': 'current_day', 'steps': [{'duration': 570, 'departure_time': 12990, 'arrival_time': 13560, 'day': 'current_day', 'from_stop_id': '175-1', 'to_stop_id': 'MH-R-1', 'trip_id': '3-0-17', 'agency_name': 'Unknown'}, {'duration': 30, 'departure_time': 13560, 'arrival_time': 13590, 'day': 'current_day', 'from_stop_id': 'MH-R-1', 'to_stop_id': 'MH-R-5', 'trip_id': 'walking', 'agency_name': 'Unknown'}, {'duration': 450, 'departure_time': 13740, 'arrival_time': 14190, 'day': 'current_day', 'from_stop_id': 'MH-R-5', 'to_stop_id': '196-5', 'trip_id': '10-0-17', 'agency_name': 'Unknown'}]}"
138,165,5100,intra,right,596,[137],[175],500,375,500,375,5475,5535.0,7110.0,7170.0,1575.0,2.0,137,175,3383.0,8483.0,pt,2445.0,7545.0,2445.0,"{'duration': 1575, 'source_transfer_time': 0, 'waiting_time': 375, 'trip_time': 1200, 'num_transfers': 2, 'departure_time': 5535, 'departure_day': 'current_day', 'arrival_time': 7110, 'arrival_day': 'current_day', 'steps': [{'duration': 450, 'departure_time': 5910, 'arrival_time': 6360, 'day': 'current_day', 'from_stop_id': '137-2', 'to_stop_id': 'MH-R-2', 'trip_id': '4-1-5', 'agency_name': 'Unknown'}, {'duration': 30, 'departure_time': 6360, 'arrival_time': 6390, 'day': 'current_day', 'from_stop_id': 'MH-R-2', 'to_stop_id': 'MH-R-1', 'trip_id': 'walking', 'agency_name': 'Unknown'}, {'duration': 570, 'departure_time': 6540, 'arrival_time': 7110, 'day': 'current_day', 'from_stop_id': 'MH-R-1', 'to_stop_id': '175-1', 'trip_id': '3-1-5', 'agency_name': 'Unknown'}]}"
128,196,5820,intra,right,597,[126; 130; 140; 150],[196],1000,751,0,0,6571,6631.0,8190.0,8250.0,1559.0,3.0,126,196,4135.0,9955.0,pt,2430.0,8250.0,2430.0,"{'duration': 1559, 'source_transfer_time': 0, 'waiting_time': 359, 'trip_time': 1200, 'num_transfers': 3, 'departure_time': 6631, 'departure_day': 'current_day', 'arrival_time': 8190, 'arrival_day': 'current_day', 'steps': [{'duration': 450, 'departure_time': 6990, 'arrival_time': 7440, 'day': 'current_day', 'from_stop_id': '126-2', 'to_stop_id': '237-2', 'trip_id': '4-1-7', 'agency_name': 'Unknown'}, {'duration': 30, 'departure_time': 7440, 'arrival_time': 7470, 'day': 'current_day', 'from_stop_id': '237-2', 'to_stop_id': '237-5', 'trip_id': 'walking', 'agency_name': 'Unknown'}, {'duration': 360, 'departure_time': 7470, 'arrival_time': 7830, 'day': 'current_day', 'from_stop_id': '237-5', 'to_stop_id': '240-5', 'trip_id': '10-0-7', 'agency_name': 'Unknown'}, {'duration': 330, 'departure_time': 7860, 'arrival_time': 8190, 'day': 'current_day', 'from_stop_id': '240-5', 'to_stop_id': '196-5', 'trip_id': '10-0-7', 'agency_name': 'Unknown'}]}"
174,211,4710,intra,right,598,[182],[200; 212],500,375,500,375,5085,5145.0,6390.0,6450.0,1245.0,2.0,182,200,2631.0,7341.0,pt,2115.0,6825.0,2115.0,"{'duration': 1245, 'source_transfer_time': 0, 'waiting_time': 45, 'trip_time': 1200, 'num_transfers': 2, 'departure_time': 5145, 'departure_day': 'current_day', 'arrival_time': 6390, 'arrival_day': 'current_day', 'steps': [{'duration': 450, 'departure_time': 5190, 'arrival_time': 5640, 'day': 'current_day', 'from_stop_id': '182-1', 'to_stop_id': '239-1', 'trip_id': '3-1-4', 'agency_name': 'Unknown'}, {'duration': 30, 'departure_time': 5640, 'arrival_time': 5670, 'day': 'current_day', 'from_stop_id': '239-1', 'to_stop_id': '239-4', 'trip_id': 'walking', 'agency_name': 'Unknown'}, {'duration': 330, 'departure_time': 6060, 'arrival_time': 6390, 'day': 'current_day', 'from_stop_id': '239-4', 'to_stop_id': '200-4', 'trip_id': '9-0-4', 'agency_name': 'Unknown'}]}"
192,137,4350,intra,right,599,[182],[137],500,375,0,0,4725,4785.0,6390.0,6450.0,1605.0,2.0,182,137,3759.0,8109.0,pt,2100.0,6450.0,2100.0,"{'duration': 1605, 'source_transfer_time': 0, 'waiting_time': 405, 'trip_time': 1200, 'num_transfers': 2, 'departure_time': 4785, 'departure_day': 'current_day', 'arrival_time': 6390, 'arrival_day': 'current_day', 'steps': [{'duration': 570, 'departure_time': 5190, 'arrival_time': 5760, 'day': 'current_day', 'from_stop_id': '182-1', 'to_stop_id': 'MH-R-1', 'trip_id': '3-1-4', 'agency_name': 'Unknown'}, {'duration': 30, 'departure_time': 5760, 'arrival_time': 5790, 'day': 'current_day', 'from_stop_id': 'MH-R-1', 'to_stop_id': 'MH-R-2', 'trip_id': 'walking', 'agency_name': 'Unknown'}, {'duration': 450, 'departure_time': 5940, 'arrival_time': 6390, 'day': 'current_day', 'from_stop_id': 'MH-R-2', 'to_stop_id': '137-2', 'trip_id': '4-0-4', 'agency_name': 'Unknown'}]}"
203,184,13740,intra,right,600,[182; 201; 213; 225],[176],1000,751,500,375,14491,14551.0,15990.0,16050.0,1439.0,0.0,182,176,3759.0,17499.0,pt,2685.0,16425.0,2685.0,"{'duration': 1439, 'source_transfer_time': 0, 'waiting_time': 239, 'trip_time': 1200, 'num_transfers': 0, 'departure_time': 14551, 'departure_day': 'current_day', 'arrival_time': 15990, 'arrival_day': 'current_day', 'steps': [{'duration': 1200, 'departure_time': 14790, 'arrival_time': 15990, 'day': 'current_day', 'from_stop_id': '182-1', 'to_stop_id': '176-1', 'trip_id': '3-1-20', 'agency_name': 'Unknown'}]}"
177,234,8670,intra,right,601,[177],[212; 224; 236],0,0,1000,751,8670,8730.0,10230.0,10290.0,1500.0,2.0,177,212,4135.0,12805.0,pt,2371.0,11041.0,2371.0,"{'duration': 1500, 'source_transfer_time': 0, 'waiting_time': 300, 'trip_time': 1200, 'num_transfers': 2, 'departure_time': 8730, 'departure_day': 'current_day', 'arrival_time': 10230, 'arrival_day': 'current_day', 'steps': [{'duration': 210, 'departure_time': 9030, 'arrival_time': 9240, 'day': 'current_day', 'from_stop_id': '177-1', 'to_stop_id': '238-1', 'trip_id': '3-0-10', 'agency_name': 'Unknown'}, {'duration': 30, 'departure_time': 9240, 'arrival_time': 9270, 'day': 'current_day', 'from_stop_id': '238-1', 'to_stop_id': '238-4', 'trip_id': 'walking', 'agency_name': 'Unknown'}, {'duration': 960, 'departure_time': 9270, 'arrival_time': 10230, 'day': 'current_day', 'from_stop_id': '238-4', 'to_stop_id': '212-4', 'trip_id': '9-0-10', 'agency_name': 'Unknown'}]}"
196,121,8220,intra,right,602,[196],[121],0,0,0,0,8220,8280.0,10110.0,10170.0,1830.0,2.0,196,121,3759.0,11979.0,pt,1950.0,10170.0,1950.0,"{'duration': 1830, 'source_transfer_time': 0, 'waiting_time': 30, 'trip_time': 1800, 'num_transfers': 2, 'departure_time': 8280, 'departure_day': 'current_day', 'arrival_time': 10110, 'arrival_day': 'current_day', 'steps': [{'duration': 450, 'departure_time': 8310, 'arrival_time': 8760, 'day': 'current_day', 'from_stop_id': '196-5', 'to_stop_id': 'MH-R-5', 'trip_id': '10-1-9', 'agency_name': 'Unknown'}, {'duration': 30, 'departure_time': 8760, 'arrival_time': 8790, 'day': 'current_day', 'from_stop_id': 'MH-R-5', 'to_stop_id': 'MH-R-4', 'trip_id': 'walking', 'agency_name': 'Unknown'}, {'duration': 1170, 'departure_time': 8940, 'arrival_time': 10110, 'day': 'current_day', 'from_stop_id': 'MH-R-4', 'to_stop_id': '121-4', 'trip_id': '9-1-9', 'agency_name': 'Unknown'}]}"
228,169,6840,intra,right,603,[217; 227],[169],500,375,0,0,7215,7275.0,8550.0,8610.0,1275.0,2.0,217,169,3007.0,9847.0,pt,1770.0,8610.0,1770.0,"{'duration': 1275, 'source_transfer_time': 0, 'waiting_time': 75, 'trip_time': 1200, 'num_transfers': 2, 'departure_time': 7275, 'departure_day': 'current_day', 'arrival_time': 8550, 'arrival_day': 'current_day', 'steps': [{'duration': 810, 'departure_time': 7350, 'arrival_time': 8160, 'day': 'current_day', 'from_stop_id': '217-5', 'to_stop_id': 'MH-R-5', 'trip_id': '10-1-8', 'agency_name': 'Unknown'}, {'duration': 30, 'departure_time': 8160, 'arrival_time': 8190, 'day': 'current_day', 'from_stop_id': 'MH-R-5', 'to_stop_id': 'MH-R-4', 'trip_id': 'walking', 'agency_name': 'Unknown'}, {'duration': 210, 'departure_time': 8340, 'arrival_time': 8550, 'day': 'current_day', 'from_stop_id': 'MH-R-4', 'to_stop_id': '169-4', 'trip_id': '9-1-8', 'agency_name': 'Unknown'}]}"
218,234,12420,intra,right,604,[207; 217],[212; 224; 236],500,375,1000,751,12795,12855.0,14430.0,14490.0,1575.0,2.0,207,212,2255.0,14675.0,walking,2255.0,15241.0,2821.0,"{'duration': 1575, 'source_transfer_time': 0, 'waiting_time': 135, 'trip_time': 1440, 'num_transfers': 2, 'departure_time': 12855, 'departure_day': 'current_day', 'arrival_time': 14430, 'arrival_day': 'current_day', 'steps': [{'duration': 570, 'departure_time': 12990, 'arrival_time': 13560, 'day': 'current_day', 'from_stop_id': '207-5', 'to_stop_id': 'MH-R-5', 'trip_id': '10-1-17', 'agency_name': 'Unknown'}, {'duration': 30, 'departure_time': 13560, 'arrival_time': 13590, 'day': 'current_day', 'from_stop_id': 'MH-R-5', 'to_stop_id': 'MH-R-4', 'trip_id': 'walking', 'agency_name': 'Unknown'}, {'duration': 690, 'departure_time': 13740, 'arrival_time': 14430, 'day': 'current_day', 'from_stop_id': 'MH-R-4', 'to_stop_id': '212-4', 'trip_id': '9-0-17', 'agency_name': 'Unknown'}]}"
205,234,6090,intra,right,605,[206; 216],[212; 224; 236],500,375,1000,751,6465,6525.0,8430.0,8490.0,1905.0,2.0,206,212,3383.0,9473.0,pt,3151.0,9241.0,3151.0,"{'duration': 1905, 'source_transfer_time': 0, 'waiting_time': 345, 'trip_time': 1560, 'num_transfers': 2, 'departure_time': 6525, 'departure_day': 'current_day', 'arrival_time': 8430, 'arrival_day': 'current_day', 'steps': [{'duration': 690, 'departure_time': 6870, 'arrival_time': 7560, 'day': 'current_day', 'from_stop_id': '206-5', 'to_stop_id': 'MH-R-5', 'trip_id': '10-1-7', 'agency_name': 'Unknown'}, {'duration': 30, 'departure_time': 7560, 'arrival_time': 7590, 'day': 'current_day', 'from_stop_id': 'MH-R-5', 'to_stop_id': 'MH-R-4', 'trip_id': 'walking', 'agency_name': 'Unknown'}, {'duration': 690, 'departure_time': 7740, 'arrival_time': 8430, 'day': 'current_day', 'from_stop_id': 'MH-R-4', 'to_stop_id': '212-4', 'trip_id': '9-0-7', 'agency_name': 'Unknown'}]}"
192,123,6570,intra,right,606,[182],[121; 133; 145],500,375,1000,751,6945,7005.0,9030.0,9090.0,2025.0,2.0,182,145,5263.0,11833.0,pt,3271.0,9841.0,3271.0,"{'duration': 2025, 'source_transfer_time': 0, 'waiting_time': 585, 'trip_time': 1440, 'num_transfers': 2, 'departure_time': 7005, 'departure_day': 'current_day', 'arrival_time': 9030, 'arrival_day': 'current_day', 'steps': [{'duration': 450, 'departure_time': 7590, 'arrival_time': 8040, 'day': 'current_day', 'from_stop_id': '182-1', 'to_stop_id': '239-1', 'trip_id': '3-1-8', 'agency_name': 'Unknown'}, {'duration': 30, 'departure_time': 8040, 'arrival_time': 8070, 'day': 'current_day', 'from_stop_id': '239-1', 'to_stop_id': '239-4', 'trip_id': 'walking', 'agency_name': 'Unknown'}, {'duration': 960, 'departure_time': 8070, 'arrival_time': 9030, 'day': 'current_day', 'from_stop_id': '239-4', 'to_stop_id': '145-4', 'trip_id': '9-1-8', 'agency_name': 'Unknown'}]}"
136,221,3690,intra,right,607,[137],[220],500,375,500,375,4065,4125.0,5790.0,5850.0,1665.0,0.0,137,220,3759.0,7449.0,pt,2535.0,6225.0,2535.0,"{'duration': 1665, 'source_transfer_time': 0, 'waiting_time': 585, 'trip_time': 1080, 'num_transfers': 0, 'departure_time': 4125, 'departure_day': 'current_day', 'arrival_time': 5790, 'arrival_day': 'current_day', 'steps': [{'duration': 1080, 'departure_time': 4710, 'arrival_time': 5790, 'day': 'current_day', 'from_stop_id': '137-2', 'to_stop_id': '220-2', 'trip_id': '4-1-3', 'agency_name': 'Unknown'}]}"
121,168,7830,intra,right,608,[121],[168],0,0,0,0,7830,7890.0,9000.0,9060.0,1110.0,0.0,121,168,2631.0,10461.0,pt,1230.0,9060.0,1230.0,"{'duration': 1110, 'source_transfer_time': 0, 'waiting_time': 300, 'trip_time': 810, 'num_transfers': 0, 'departure_time': 7890, 'departure_day': 'current_day', 'arrival_time': 9000, 'arrival_day': 'current_day', 'steps': [{'duration': 810, 'departure_time': 8190, 'arrival_time': 9000, 'day': 'current_day', 'from_stop_id': '121-4', 'to_stop_id': '168-4', 'trip_id': '9-0-10', 'agency_name': 'Unknown'}]}"
144,138,13530,intra,right,609,[144],[137],0,0,500,375,13530,13590.0,15390.0,15450.0,1800.0,2.0,144,137,2255.0,15785.0,walking,2255.0,15825.0,2295.0,"{'duration': 1800, 'source_transfer_time': 0, 'waiting_time': 360, 'trip_time': 1440, 'num_transfers': 2, 'departure_time': 13590, 'departure_day': 'current_day', 'arrival_time': 15390, 'arrival_day': 'current_day', 'steps': [{'duration': 810, 'departure_time': 13950, 'arrival_time': 14760, 'day': 'current_day', 'from_stop_id': '144-4', 'to_stop_id': 'MH-R-4', 'trip_id': '9-0-19', 'agency_name': 'Unknown'}, {'duration': 30, 'departure_time': 14760, 'arrival_time': 14790, 'day': 'current_day', 'from_stop_id': 'MH-R-4', 'to_stop_id': 'MH-R-2', 'trip_id': 'walking', 'agency_name': 'Unknown'}, {'duration': 450, 'departure_time': 14940, 'arrival_time': 15390, 'day': 'current_day', 'from_stop_id': 'MH-R-2', 'to_stop_id': '137-2', 'trip_id': '4-0-19', 'agency_name': 'Unknown'}]}"
190,159,12990,intra,right,610,[180; 189; 201],[159],500,375,0,0,13365,13425.0,14550.0,14610.0,1125.0,2.0,180,159,2255.0,15245.0,pt,1620.0,14610.0,1620.0,"{'duration': 1125, 'source_transfer_time': 0, 'waiting_time': 405, 'trip_time': 720, 'num_transfers': 2, 'departure_time': 13425, 'departure_day': 'current_day', 'arrival_time': 14550, 'arrival_day': 'current_day', 'steps': [{'duration': 330, 'departure_time': 13830, 'arrival_time': 14160, 'day': 'current_day', 'from_stop_id': '180-1', 'to_stop_id': 'MH-R-1', 'trip_id': '3-1-18', 'agency_name': 'Unknown'}, {'duration': 30, 'departure_time': 14160, 'arrival_time': 14190, 'day': 'current_day', 'from_stop_id': 'MH-R-1', 'to_stop_id': 'MH-R-2', 'trip_id': 'walking', 'agency_name': 'Unknown'}, {'duration': 210, 'departure_time': 14340, 'arrival_time': 14550, 'day': 'current_day', 'from_stop_id': 'MH-R-2', 'to_stop_id': '159-2', 'trip_id': '4-0-18', 'agency_name': 'Unknown'}]}"
209,128,5160,intra,right,611,[209],[126; 130; 140; 150],0,0,1000,751,5160,5220.0,6510.0,6570.0,1290.0,0.0,209,126,3759.0,8919.0,pt,2161.0,7321.0,2161.0,"{'duration': 1290, 'source_transfer_time': 0, 'waiting_time': 210, 'trip_time': 1080, 'num_transfers': 0, 'departure_time': 5220, 'departure_day': 'current_day', 'arrival_time': 6510, 'arrival_day': 'current_day', 'steps': [{'duration': 1080, 'departure_time': 5430, 'arrival_time': 6510, 'day': 'current_day', 'from_stop_id': '209-2', 'to_stop_id': '126-2', 'trip_id': '4-0-4', 'agency_name': 'Unknown'}]}"
146,171,7290,intra,right,612,[145; 157],[161; 170; 179],500,375,500,375,7665,7725.0,9150.0,9210.0,1425.0,2.0,145,170,2255.0,9545.0,walking,2255.0,9585.0,2295.0,"{'duration': 1425, 'source_transfer_time': 0, 'waiting_time': 345, 'trip_time': 1080, 'num_transfers': 2, 'departure_time': 7725, 'departure_day': 'current_day', 'arrival_time': 9150, 'arrival_day': 'current_day', 'steps': [{'duration': 690, 'departure_time': 8070, 'arrival_time': 8760, 'day': 'current_day', 'from_stop_id': '145-4', 'to_stop_id': 'MH-R-4', 'trip_id': '9-0-9', 'agency_name': 'Unknown'}, {'duration': 30, 'departure_time': 8760, 'arrival_time': 8790, 'day': 'current_day', 'from_stop_id': 'MH-R-4', 'to_stop_id': 'MH-R-5', 'trip_id': 'walking', 'agency_name': 'Unknown'}, {'duration': 210, 'departure_time': 8940, 'arrival_time': 9150, 'day': 'current_day', 'from_stop_id': 'MH-R-5', 'to_stop_id': '170-5', 'trip_id': '10-1-9', 'agency_name': 'Unknown'}]}"
160,132,9300,intra,right,613,[160],[132],0,0,0,0,9300,9360.0,11190.0,11250.0,1830.0,2.0,160,132,3007.0,12307.0,pt,1950.0,11250.0,1950.0,"{'duration': 1830, 'source_transfer_time': 0, 'waiting_time': 270, 'trip_time': 1560, 'num_transfers': 2, 'departure_time': 9360, 'departure_day': 'current_day', 'arrival_time': 11190, 'arrival_day': 'current_day', 'steps': [{'duration': 330, 'departure_time': 9630, 'arrival_time': 9960, 'day': 'current_day', 'from_stop_id': '160-5', 'to_stop_id': 'MH-R-5', 'trip_id': '10-0-11', 'agency_name': 'Unknown'}, {'duration': 30, 'departure_time': 9960, 'arrival_time': 9990, 'day': 'current_day', 'from_stop_id': 'MH-R-5', 'to_stop_id': 'MH-R-4', 'trip_id': 'walking', 'agency_name': 'Unknown'}, {'duration': 1050, 'departure_time': 10140, 'arrival_time': 11190, 'day': 'current_day', 'from_stop_id': 'MH-R-4', 'to_stop_id': '132-4', 'trip_id': '9-1-11', 'agency_name': 'Unknown'}]}"
194,225,10290,intra,right,614,[176; 196; 206; 216],[225],1000,751,0,0,11041,11101.0,12990.0,13050.0,1889.0,2.0,176,225,4135.0,14425.0,pt,2760.0,13050.0,2760.0,"{'duration': 1889, 'source_transfer_time': 0, 'waiting_time': 209, 'trip_time': 1680, 'num_transfers': 2, 'departure_time': 11101, 'departure_day': 'current_day', 'arrival_time': 12990, 'arrival_day': 'current_day', 'steps': [{'duration': 330, 'departure_time': 11310, 'arrival_time': 11640, 'day': 'current_day', 'from_stop_id': '176-1', 'to_stop_id': '238-1', 'trip_id': '3-0-14', 'agency_name': 'Unknown'}, {'duration': 30, 'departure_time': 11640, 'arrival_time': 11670, 'day': 'current_day', 'from_stop_id': '238-1', 'to_stop_id': '238-4', 'trip_id': 'walking', 'agency_name': 'Unknown'}, {'duration': 1320, 'departure_time': 11670, 'arrival_time': 12990, 'day': 'current_day', 'from_stop_id': '238-4', 'to_stop_id': '225-4', 'trip_id': '9-0-14', 'agency_name': 'Unknown'}]}"
192,125,7020,intra,right,615,[182],[126],500,375,500,375,7395,7455.0,8910.0,8970.0,1455.0,2.0,182,126,4511.0,11531.0,pt,2325.0,9345.0,2325.0,"{'duration': 1455, 'source_transfer_time': 0, 'waiting_time': 135, 'trip_time': 1320, 'num_transfers': 2, 'departure_time': 7455, 'departure_day': 'current_day', 'arrival_time': 8910, 'arrival_day': 'current_day', 'steps': [{'duration': 570, 'departure_time': 7590, 'arrival_time': 8160, 'day': 'current_day', 'from_stop_id': '182-1', 'to_stop_id': 'MH-R-1', 'trip_id': '3-1-8', 'agency_name': 'Unknown'}, {'duration': 30, 'departure_time': 8160, 'arrival_time': 8190, 'day': 'current_day', 'from_stop_id': 'MH-R-1', 'to_stop_id': 'MH-R-2', 'trip_id': 'walking', 'agency_name': 'Unknown'}, {'duration': 570, 'departure_time': 8340, 'arrival_time': 8910, 'day': 'current_day', 'from_stop_id': 'MH-R-2', 'to_stop_id': '126-2', 'trip_id': '4-0-8', 'agency_name': 'Unknown'}]}"
164,238,6150,intra,right,616,[182],[238],1000,751,0,0,6901,6961.0,7830.0,7890.0,869.0,0.0,182,238,3007.0,9157.0,pt,1740.0,7890.0,1740.0,"{'duration': 869, 'source_transfer_time': 0, 'waiting_time': 29, 'trip_time': 840, 'num_transfers': 0, 'departure_time': 6961, 'departure_day': 'current_day', 'arrival_time': 7830, 'arrival_day': 'current_day', 'steps': [{'duration': 840, 'departure_time': 6990, 'arrival_time': 7830, 'day': 'current_day', 'from_stop_id': '182-1', 'to_stop_id': '238-1', 'trip_id': '3-1-7', 'agency_name': 'Unknown'}]}"
166,188,8370,intra,right,617,[176],[188],500,375,0,0,8745,8805.0,9750.0,9810.0,945.0,2.0,176,188,2631.0,11001.0,pt,1440.0,9810.0,1440.0,"{'duration': 945, 'source_transfer_time': 0, 'waiting_time': 105, 'trip_time': 840, 'num_transfers': 2, 'departure_time': 8805, 'departure_day': 'current_day', 'arrival_time': 9750, 'arrival_day': 'current_day', 'steps': [{'duration': 330, 'departure_time': 8910, 'arrival_time': 9240, 'day': 'current_day', 'from_stop_id': '176-1', 'to_stop_id': '238-1', 'trip_id': '3-0-10', 'agency_name': 'Unknown'}, {'duration': 30, 'departure_time': 9240, 'arrival_time': 9270, 'day': 'current_day', 'from_stop_id': '238-1', 'to_stop_id': '238-4', 'trip_id': 'walking', 'agency_name': 'Unknown'}, {'duration': 480, 'departure_time': 9270, 'arrival_time': 9750, 'day': 'current_day', 'from_stop_id': '238-4', 'to_stop_id': '188-4', 'trip_id': '9-0-10', 'agency_name': 'Unknown'}]}"
142,180,11520,intra,right,618,[131; 141],[180],500,375,0,0,11895,11955.0,13470.0,13530.0,1515.0,2.0,141,180,2255.0,13775.0,pt,2010.0,13530.0,2010.0,"{'duration': 1515, 'source_transfer_time': 0, 'waiting_time': 75, 'trip_time': 1440, 'num_transfers': 2, 'departure_time': 11955, 'departure_day': 'current_day', 'arrival_time': 13470, 'arrival_day': 'current_day', 'steps': [{'duration': 930, 'departure_time': 12030, 'arrival_time': 12960, 'day': 'current_day', 'from_stop_id': '141-5', 'to_stop_id': 'MH-R-5', 'trip_id': '10-0-16', 'agency_name': 'Unknown'}, {'duration': 30, 'departure_time': 12960, 'arrival_time': 12990, 'day': 'current_day', 'from_stop_id': 'MH-R-5', 'to_stop_id': 'MH-R-1', 'trip_id': 'walking', 'agency_name': 'Unknown'}, {'duration': 330, 'departure_time': 13140, 'arrival_time': 13470, 'day': 'current_day', 'from_stop_id': 'MH-R-1', 'to_stop_id': '180-1', 'trip_id': '3-0-16', 'agency_name': 'Unknown'}]}"
193,170,9990,intra,right,619,[175],[170],1000,751,0,0,10741,10801.0,12150.0,12210.0,1349.0,2.0,175,170,3383.0,13373.0,pt,2220.0,12210.0,2220.0,"{'duration': 1349, 'source_transfer_time': 0, 'waiting_time': 389, 'trip_time': 960, 'num_transfers': 2, 'departure_time': 10801, 'departure_day': 'current_day', 'arrival_time': 12150, 'arrival_day': 'current_day', 'steps': [{'duration': 570, 'departure_time': 11190, 'arrival_time': 11760, 'day': 'current_day', 'from_stop_id': '175-1', 'to_stop_id': 'MH-R-1', 'trip_id': '3-0-14', 'agency_name': 'Unknown'}, {'duration': 30, 'departure_time': 11760, 'arrival_time': 11790, 'day': 'current_day', 'from_stop_id': 'MH-R-1', 'to_stop_id': 'MH-R-5', 'trip_id': 'walking', 'agency_name': 'Unknown'}, {'duration': 210, 'departure_time': 11940, 'arrival_time': 12150, 'day': 'current_day', 'from_stop_id': 'MH-R-5', 'to_stop_id': '170-5', 'trip_id': '10-1-14', 'agency_name': 'Unknown'}]}"
125,191,9120,intra,right,620,[126],[181],500,375,500,375,9495,9555.0,11190.0,11250.0,1635.0,2.0,126,181,4135.0,13255.0,pt,2505.0,11625.0,2505.0,"{'duration': 1635, 'source_transfer_time': 0, 'waiting_time': 435, 'trip_time': 1200, 'num_transfers': 2, 'departure_time': 9555, 'departure_day': 'current_day', 'arrival_time': 11190, 'arrival_day': 'current_day', 'steps': [{'duration': 570, 'departure_time': 9990, 'arrival_time': 10560, 'day': 'current_day', 'from_stop_id': '126-2', 'to_stop_id': 'MH-R-2', 'trip_id': '4-1-12', 'agency_name': 'Unknown'}, {'duration': 30, 'departure_time': 10560, 'arrival_time': 10590, 'day': 'current_day', 'from_stop_id': 'MH-R-2', 'to_stop_id': 'MH-R-1', 'trip_id': 'walking', 'agency_name': 'Unknown'}, {'duration': 450, 'departure_time': 10740, 'arrival_time': 11190, 'day': 'current_day', 'from_stop_id': 'MH-R-1', 'to_stop_id': '181-1', 'trip_id': '3-0-12', 'agency_name': 'Unknown'}]}"
148,207,7710,intra,right,621,[148],[207],0,0,0,0,7710,7770.0,8910.0,8970.0,1140.0,3.0,148,207,3007.0,10717.0,pt,1260.0,8970.0,1260.0,"{'duration': 1140, 'source_transfer_time': 0, 'waiting_time': 60, 'trip_time': 1080, 'num_transfers': 3, 'departure_time': 7770, 'departure_day': 'current_day', 'arrival_time': 8910, 'arrival_day': 'current_day', 'steps': [{'duration': 210, 'departure_time': 7830, 'arrival_time': 8040, 'day': 'current_day', 'from_stop_id': '148-2', 'to_stop_id': '237-2', 'trip_id': '4-1-8', 'agency_name': 'Unknown'}, {'duration': 30, 'departure_time': 8040, 'arrival_time': 8070, 'day': 'current_day', 'from_stop_id': '237-2', 'to_stop_id': '237-5', 'trip_id': 'walking', 'agency_name': 'Unknown'}, {'duration': 360, 'departure_time': 8070, 'arrival_time': 8430, 'day': 'current_day', 'from_stop_id': '237-5', 'to_stop_id': '240-5', 'trip_id': '10-0-8', 'agency_name': 'Unknown'}, {'duration': 450, 'departure_time': 8460, 'arrival_time': 8910, 'day': 'current_day', 'from_stop_id': '240-5', 'to_stop_id': '207-5', 'trip_id': '10-0-8', 'agency_name': 'Unknown'}]}"
154,162,3840,intra,right,622,[132; 144; 156; 175],[151; 161],1000,751,500,375,4591,4651.0,6390.0,6450.0,1739.0,2.0,132,161,3007.0,6847.0,pt,2985.0,6825.0,2985.0,"{'duration': 1739, 'source_transfer_time': 0, 'waiting_time': 59, 'trip_time': 1680, 'num_transfers': 2, 'departure_time': 4651, 'departure_day': 'current_day', 'arrival_time': 6390, 'arrival_day': 'current_day', 'steps': [{'duration': 1050, 'departure_time': 4710, 'arrival_time': 5760, 'day': 'current_day', 'from_stop_id': '132-4', 'to_stop_id': 'MH-R-4', 'trip_id': '9-0-4', 'agency_name': 'Unknown'}, {'duration': 30, 'departure_time': 5760, 'arrival_time': 5790, 'day': 'current_day', 'from_stop_id': 'MH-R-4', 'to_stop_id': 'MH-R-5', 'trip_id': 'walking', 'agency_name': 'Unknown'}, {'duration': 450, 'departure_time': 5940, 'arrival_time': 6390, 'day': 'current_day', 'from_stop_id': 'MH-R-5', 'to_stop_id': '161-5', 'trip_id': '10-1-4', 'agency_name': 'Unknown'}]}"
182,197,10530,intra,right,623,[182],[197],0,0,0,0,10530,10590.0,11670.0,11730.0,1080.0,2.0,182,197,3007.0,13537.0,pt,1200.0,11730.0,1200.0,"{'duration': 1080, 'source_transfer_time': 0, 'waiting_time': 0, 'trip_time': 1080, 'num_transfers': 2, 'departure_time': 10590, 'departure_day': 'current_day', 'arrival_time': 11670, 'arrival_day': 'current_day', 'steps': [{'duration': 570, 'departure_time': 10590, 'arrival_time': 11160, 'day': 'current_day', 'from_stop_id': '182-1', 'to_stop_id': 'MH-R-1', 'trip_id': '3-1-13', 'agency_name': 'Unknown'}, {'duration': 30, 'departure_time': 11160, 'arrival_time': 11190, 'day': 'current_day', 'from_stop_id': 'MH-R-1', 'to_stop_id': 'MH-R-5', 'trip_id': 'walking', 'agency_name': 'Unknown'}, {'duration': 330, 'departure_time': 11340, 'arrival_time': 11670, 'day': 'current_day', 'from_stop_id': 'MH-R-5', 'to_stop_id': '197-5', 'trip_id': '10-0-13', 'agency_name': 'Unknown'}]}"
161,204,7650,intra,right,624,[161],[206; 216; 226],0,0,1000,751,7650,7710.0,9030.0,9090.0,1320.0,0.0,161,206,4511.0,12161.0,pt,2191.0,9841.0,2191.0,"{'duration': 1320, 'source_transfer_time': 0, 'waiting_time': 0, 'trip_time': 1320, 'num_transfers': 0, 'departure_time': 7710, 'departure_day': 'current_day', 'arrival_time': 9030, 'arrival_day': 'current_day', 'steps': [{'duration': 1320, 'departure_time': 7710, 'arrival_time': 9030, 'day': 'current_day', 'from_stop_id': '161-5', 'to_stop_id': '206-5', 'trip_id': '10-0-8', 'agency_name': 'Unknown'}]}"
207,135,8400,intra,right,625,[207],[133; 137; 145; 157],0,0,1000,751,8400,8460.0,9990.0,10050.0,1530.0,2.0,207,137,2631.0,11031.0,pt,2401.0,10801.0,2401.0,"{'duration': 1530, 'source_transfer_time': 0, 'waiting_time': 330, 'trip_time': 1200, 'num_transfers': 2, 'departure_time': 8460, 'departure_day': 'current_day', 'arrival_time': 9990, 'arrival_day': 'current_day', 'steps': [{'duration': 450, 'departure_time': 8790, 'arrival_time': 9240, 'day': 'current_day', 'from_stop_id': '207-5', 'to_stop_id': '240-5', 'trip_id': '10-1-10', 'agency_name': 'Unknown'}, {'duration': 30, 'departure_time': 9240, 'arrival_time': 9270, 'day': 'current_day', 'from_stop_id': '240-5', 'to_stop_id': '240-2', 'trip_id': 'walking', 'agency_name': 'Unknown'}, {'duration': 720, 'departure_time': 9270, 'arrival_time': 9990, 'day': 'current_day', 'from_stop_id': '240-2', 'to_stop_id': '137-2', 'trip_id': '4-0-10', 'agency_name': 'Unknown'}]}"
126,189,14160,intra,right,626,[126],[189],0,0,0,0,14160,14220.0,15870.0,15930.0,1650.0,2.0,126,189,3007.0,17167.0,pt,1770.0,15930.0,1770.0,"{'duration': 1650, 'source_transfer_time': 0, 'waiting_time': 570, 'trip_time': 1080, 'num_transfers': 2, 'departure_time': 14220, 'departure_day': 'current_day', 'arrival_time': 15870, 'arrival_day': 'current_day', 'steps': [{'duration': 570, 'departure_time': 14790, 'arrival_time': 15360, 'day': 'current_day', 'from_stop_id': '126-2', 'to_stop_id': 'MH-R-2', 'trip_id': '4-1-20', 'agency_name': 'Unknown'}, {'duration': 30, 'departure_time': 15360, 'arrival_time': 15390, 'day': 'current_day', 'from_stop_id': 'MH-R-2', 'to_stop_id': 'MH-R-4', 'trip_id': 'walking', 'agency_name': 'Unknown'}, {'duration': 330, 'departure_time': 15540, 'arrival_time': 15870, 'day': 'current_day', 'from_stop_id': 'MH-R-4', 'to_stop_id': '189-4', 'trip_id': '9-0-20', 'agency_name': 'Unknown'}]}"
239,140,11250,intra,right,627,[239],[140],0,0,0,0,11250,11310.0,12750.0,12810.0,1440.0,2.0,239,140,2255.0,13505.0,pt,1560.0,12810.0,1560.0,"{'duration': 1440, 'source_transfer_time': 0, 'waiting_time': 360, 'trip_time': 1080, 'num_transfers': 2, 'departure_time': 11310, 'departure_day': 'current_day', 'arrival_time': 12750, 'arrival_day': 'current_day', 'steps': [{'duration': 90, 'departure_time': 11670, 'arrival_time': 11760, 'day': 'current_day', 'from_stop_id': '239-1', 'to_stop_id': 'MH-R-1', 'trip_id': '3-1-14', 'agency_name': 'Unknown'}, {'duration': 30, 'departure_time': 11760, 'arrival_time': 11790, 'day': 'current_day', 'from_stop_id': 'MH-R-1', 'to_stop_id': 'MH-R-5', 'trip_id': 'walking', 'agency_name': 'Unknown'}, {'duration': 810, 'departure_time': 11940, 'arrival_time': 12750, 'day': 'current_day', 'from_stop_id': 'MH-R-5', 'to_stop_id': '140-5', 'trip_id': '10-1-14', 'agency_name': 'Unknown'}]}"
128,215,3600,intra,right,628,[126; 130; 140; 150],[216; 226],1000,751,500,375,4351,4411.0,6270.0,6330.0,1859.0,3.0,126,216,6015.0,9615.0,pt,3105.0,6705.0,3105.0,"{'duration': 1859, 'source_transfer_time': 0, 'waiting_time': 179, 'trip_time': 1680, 'num_transfers': 3, 'departure_time': 4411, 'departure_day': 'current_day', 'arrival_time': 6270, 'arrival_day': 'current_day', 'steps': [{'duration': 450, 'departure_time': 4590, 'arrival_time': 5040, 'day': 'current_day', 'from_stop_id': '126-2', 'to_stop_id': '237-2', 'trip_id': '4-1-3', 'agency_name': 'Unknown'}, {'duration': 30, 'departure_time': 5040, 'arrival_time': 5070, 'day': 'current_day', 'from_stop_id': '237-2', 'to_stop_id': '237-5', 'trip_id': 'walking', 'agency_name': 'Unknown'}, {'duration': 360, 'departure_time': 5070, 'arrival_time': 5430, 'day': 'current_day', 'from_stop_id': '237-5', 'to_stop_id': '240-5', 'trip_id': '10-0-3', 'agency_name': 'Unknown'}, {'duration': 810, 'departure_time': 5460, 'arrival_time': 6270, 'day': 'current_day', 'from_stop_id': '240-5', 'to_stop_id': '216-5', 'trip_id': '10-0-3', 'agency_name': 'Unknown'}]}"
240,146,10110,intra,right,629,[240],[145; 157],0,0,500,375,10110,10170.0,11190.0,11250.0,1020.0,2.0,240,157,2255.0,12365.0,pt,1515.0,11625.0,1515.0,"{'duration': 1020, 'source_transfer_time': 0, 'waiting_time': 300, 'trip_time': 720, 'num_transfers': 2, 'departure_time': 10170, 'departure_day': 'current_day', 'arrival_time': 11190, 'arrival_day': 'current_day', 'steps': [{'duration': 90, 'departure_time': 10470, 'arrival_time': 10560, 'day': 'current_day', 'from_stop_id': '240-2', 'to_stop_id': 'MH-R-2', 'trip_id': '4-0-12', 'agency_name': 'Unknown'}, {'duration': 30, 'departure_time': 10560, 'arrival_time': 10590, 'day': 'current_day', 'from_stop_id': 'MH-R-2', 'to_stop_id': 'MH-R-4', 'trip_id': 'walking', 'agency_name': 'Unknown'}, {'duration': 450, 'departure_time': 10740, 'arrival_time': 11190, 'day': 'current_day', 'from_stop_id': 'MH-R-4', 'to_stop_id': '157-4', 'trip_id': '9-1-12', 'agency_name': 'Unknown'}]}"
123,112,13050,inter,right,630,[121; 133; 145],[110],1000,751,1000,751,13801,13861.0,18510.0,18570.0,4649.0,4.0,121,110,,,pt,6271.0,19321.0,6271.0,"{'duration': 4649, 'source_transfer_time': 0, 'waiting_time': 329, 'trip_time': 4320, 'num_transfers': 4, 'departure_time': 13861, 'departure_day': 'current_day', 'arrival_time': 18510, 'arrival_day': 'current_day', 'steps': [{'duration': 1170, 'departure_time': 14190, 'arrival_time': 15360, 'day': 'current_day', 'from_stop_id': '121-4', 'to_stop_id': 'MH-R-4', 'trip_id': '9-0-20', 'agency_name': 'Unknown'}, {'duration': 30, 'departure_time': 15360, 'arrival_time': 15390, 'day': 'current_day', 'from_stop_id': 'MH-R-4', 'to_stop_id': 'MH-R-0', 'trip_id': 'walking', 'agency_name': 'Unknown'}, {'duration': 1500, 'departure_time': 16200, 'arrival_time': 17700, 'day': 'current_day', 'from_stop_id': 'MH-R-0', 'to_stop_id': 'MH-L-0', 'trip_id': '0-1-7', 'agency_name': 'Unknown'}, {'duration': 30, 'departure_time': 17700, 'arrival_time': 17730, 'day': 'current_day', 'from_stop_id': 'MH-L-0', 'to_stop_id': 'MH-L-2', 'trip_id': 'walking', 'agency_name': 'Unknown'}, {'duration': 570, 'departure_time': 17940, 'arrival_time': 18510, 'day': 'current_day', 'from_stop_id': 'MH-L-2', 'to_stop_id': '110-2', 'trip_id': '2-1-24', 'agency_name': 'Unknown'}]}"
218,75,11220,inter,right,631,[207; 217],[75],500,375,0,0,11595,11655.0,14790.0,14850.0,3135.0,4.0,207,75,,,pt,3630.0,14850.0,3630.0,"{'duration': 3135, 'source_transfer_time': 0, 'waiting_time': 135, 'trip_time': 3000, 'num_transfers': 4, 'departure_time': 11655, 'departure_day': 'current_day', 'arrival_time': 14790, 'arrival_day': 'current_day', 'steps': [{'duration': 570, 'departure_time': 11790, 'arrival_time': 12360, 'day': 'current_day', 'from_stop_id': '207-5', 'to_stop_id': 'MH-R-5', 'trip_id': '10-1-15', 'agency_name': 'Unknown'}, {'duration': 30, 'departure_time': 12360, 'arrival_time': 12390, 'day': 'current_day', 'from_stop_id': 'MH-R-5', 'to_stop_id': 'MH-R-0', 'trip_id': 'walking', 'agency_name': 'Unknown'}, {'duration': 1500, 'departure_time': 12600, 'arrival_time': 14100, 'day': 'current_day', 'from_stop_id': 'MH-R-0', 'to_stop_id': 'MH-L-0', 'trip_id': '0-1-5', 'agency_name': 'Unknown'}, {'duration': 30, 'departure_time': 14100, 'arrival_time': 14130, 'day': 'current_day', 'from_stop_id': 'MH-L-0', 'to_stop_id': 'MH-L-5', 'trip_id': 'walking', 'agency_name': 'Unknown'}, {'duration': 450, 'departure_time': 14340, 'arrival_time': 14790, 'day': 'current_day', 'from_stop_id': 'MH-L-5', 'to_stop_id': '75-5', 'trip_id': '8-0-18', 'agency_name': 'Unknown'}]}"
123,3,6330,inter,right,632,[121; 133; 145],[5],1000,751,1000,751,7081,7141.0,11310.0,11370.0,4169.0,4.0,121,5,,,pt,5791.0,12121.0,5791.0,"{'duration': 4169, 'source_transfer_time': 0, 'waiting_time': 449, 'trip_time': 3720, 'num_transfers': 4, 'departure_time': 7141, 'departure_day': 'current_day', 'arrival_time': 11310, 'arrival_day': 'current_day', 'steps': [{'duration': 1170, 'departure_time': 7590, 'arrival_time': 8760, 'day': 'current_day', 'from_stop_id': '121-4', 'to_stop_id': 'MH-R-4', 'trip_id': '9-0-9', 'agency_name': 'Unknown'}, {'duration': 30, 'departure_time': 8760, 'arrival_time': 8790, 'day': 'current_day', 'from_stop_id': 'MH-R-4', 'to_stop_id': 'MH-R-0', 'trip_id': 'walking', 'agency_name': 'Unknown'}, {'duration': 1500, 'departure_time': 9000, 'arrival_time': 10500, 'day': 'current_day', 'from_stop_id': 'MH-R-0', 'to_stop_id': 'MH-L-0', 'trip_id': '0-1-3', 'agency_name': 'Unknown'}, {'duration': 30, 'departure_time': 10500, 'arrival_time': 10530, 'day': 'current_day', 'from_stop_id': 'MH-L-0', 'to_stop_id': 'MH-L-2', 'trip_id': 'walking', 'agency_name': 'Unknown'}, {'duration': 570, 'departure_time': 10740, 'arrival_time': 11310, 'day': 'current_day', 'from_stop_id': 'MH-L-2', 'to_stop_id': '5-2', 'trip_id': '2-0-12', 'agency_name': 'Unknown'}]}"
202,103,9270,inter,right,633,[201; 213],[103],500,375,0,0,9645,9705.0,13470.0,13530.0,3765.0,4.0,201,103,,,pt,4260.0,13530.0,4260.0,"{'duration': 3765, 'source_transfer_time': 0, 'waiting_time': 285, 'trip_time': 3480, 'num_transfers': 4, 'departure_time': 9705, 'departure_day': 'current_day', 'arrival_time': 13470, 'arrival_day': 'current_day', 'steps': [{'duration': 570, 'departure_time': 9990, 'arrival_time': 10560, 'day': 'current_day', 'from_stop_id': '201-4', 'to_stop_id': 'MH-R-4', 'trip_id': '9-1-12', 'agency_name': 'Unknown'}, {'duration': 30, 'departure_time': 10560, 'arrival_time': 10590, 'day': 'current_day', 'from_stop_id': 'MH-R-4', 'to_stop_id': 'MH-R-0', 'trip_id': 'walking', 'agency_name': 'Unknown'}, {'duration': 1500, 'departure_time': 10800, 'arrival_time': 12300, 'day': 'current_day', 'from_stop_id': 'MH-R-0', 'to_stop_id': 'MH-L-0', 'trip_id': '0-1-4', 'agency_name': 'Unknown'}, {'duration': 30, 'departure_time': 12300, 'arrival_time': 12330, 'day': 'current_day', 'from_stop_id': 'MH-L-0', 'to_stop_id': 'MH-L-4', 'trip_id': 'walking', 'agency_name': 'Unknown'}, {'duration': 930, 'departure_time': 12540, 'arrival_time': 13470, 'day': 'current_day', 'from_stop_id': 'MH-L-4', 'to_stop_id': '103-4', 'trip_id': '7-0-15', 'agency_name': 'Unknown'}]}"
204,50,12390,inter,right,634,[206; 216; 226],[40; 49; 58],1000,751,500,375,13141,13201.0,16350.0,16410.0,3149.0,4.0,206,49,,,pt,4395.0,16785.0,4395.0,"{'duration': 3149, 'source_transfer_time': 0, 'waiting_time': 269, 'trip_time': 2880, 'num_transfers': 4, 'departure_time': 13201, 'departure_day': 'current_day', 'arrival_time': 16350, 'arrival_day': 'current_day', 'steps': [{'duration': 690, 'departure_time': 13470, 'arrival_time': 14160, 'day': 'current_day', 'from_stop_id': '206-5', 'to_stop_id': 'MH-R-5', 'trip_id': '10-1-18', 'agency_name': 'Unknown'}, {'duration': 30, 'departure_time': 14160, 'arrival_time': 14190, 'day': 'current_day', 'from_stop_id': 'MH-R-5', 'to_stop_id': 'MH-R-0', 'trip_id': 'walking', 'agency_name': 'Unknown'}, {'duration': 1500, 'departure_time': 14400, 'arrival_time': 15900, 'day': 'current_day', 'from_stop_id': 'MH-R-0', 'to_stop_id': 'MH-L-0', 'trip_id': '0-1-6', 'agency_name': 'Unknown'}, {'duration': 30, 'departure_time': 15900, 'arrival_time': 15930, 'day': 'current_day', 'from_stop_id': 'MH-L-0', 'to_stop_id': 'MH-L-5', 'trip_id': 'walking', 'agency_name': 'Unknown'}, {'duration': 210, 'departure_time': 16140, 'arrival_time': 16350, 'day': 'current_day', 'from_stop_id': 'MH-L-5', 'to_stop_id': '49-5', 'trip_id': '8-1-21', 'agency_name': 'Unknown'}]}"
187,108,9570,inter,right,635,[187],[86; 96; 106; 110],0,0,1000,751,9570,9630.0,13110.0,13170.0,3480.0,4.0,187,86,,,pt,4351.0,13921.0,4351.0,"{'duration': 3480, 'source_transfer_time': 0, 'waiting_time': 120, 'trip_time': 3360, 'num_transfers': 4, 'departure_time': 9630, 'departure_day': 'current_day', 'arrival_time': 13110, 'arrival_day': 'current_day', 'steps': [{'duration': 210, 'departure_time': 9750, 'arrival_time': 9960, 'day': 'current_day', 'from_stop_id': '187-5', 'to_stop_id': 'MH-R-5', 'trip_id': '10-1-11', 'agency_name': 'Unknown'}, {'duration': 30, 'departure_time': 9960, 'arrival_time': 9990, 'day': 'current_day', 'from_stop_id': 'MH-R-5', 'to_stop_id': 'MH-R-0', 'trip_id': 'walking', 'agency_name': 'Unknown'}, {'duration': 1500, 'departure_time': 10800, 'arrival_time': 12300, 'day': 'current_day', 'from_stop_id': 'MH-R-0', 'to_stop_id': 'MH-L-0', 'trip_id': '0-1-4', 'agency_name': 'Unknown'}, {'duration': 30, 'departure_time': 12300, 'arrival_time': 12330, 'day': 'current_day', 'from_stop_id': 'MH-L-0', 'to_stop_id': 'MH-L-5', 'trip_id': 'walking', 'agency_name': 'Unknown'}, {'duration': 570, 'departure_time': 12540, 'arrival_time': 13110, 'day': 'current_day', 'from_stop_id': 'MH-L-5', 'to_stop_id': '86-5', 'trip_id': '8-0-15', 'agency_name': 'Unknown'}]}"
125,51,5370,inter,right,636,[126],[59],500,375,500,375,5745,5805.0,9270.0,9330.0,3465.0,4.0,126,59,,,pt,4335.0,9705.0,4335.0,"{'duration': 3465, 'source_transfer_time': 0, 'waiting_time': 585, 'trip_time': 2880, 'num_transfers': 4, 'departure_time': 5805, 'departure_day': 'current_day', 'arrival_time': 9270, 'arrival_day': 'current_day', 'steps': [{'duration': 570, 'departure_time': 6390, 'arrival_time': 6960, 'day': 'current_day', 'from_stop_id': '126-2', 'to_stop_id': 'MH-R-2', 'trip_id': '4-1-6', 'agency_name': 'Unknown'}, {'duration': 30, 'departure_time': 6960, 'arrival_time': 6990, 'day': 'current_day', 'from_stop_id': 'MH-R-2', 'to_stop_id': 'MH-R-0', 'trip_id': 'walking', 'agency_name': 'Unknown'}, {'duration': 1500, 'departure_time': 7200, 'arrival_time': 8700, 'day': 'current_day', 'from_stop_id': 'MH-R-0', 'to_stop_id': 'MH-L-0', 'trip_id': '0-1-2', 'agency_name': 'Unknown'}, {'duration': 30, 'departure_time': 8700, 'arrival_time': 8730, 'day': 'current_day', 'from_stop_id': 'MH-L-0', 'to_stop_id': 'MH-L-1', 'trip_id': 'walking', 'agency_name': 'Unknown'}, {'duration': 330, 'departure_time': 8940, 'arrival_time': 9270, 'day': 'current_day', 'from_stop_id': 'MH-L-1', 'to_stop_id': '59-1', 'trip_id': '1-0-9', 'agency_name': 'Unknown'}]}"
219,62,7890,inter,right,637,[220],[54],500,375,500,375,8265,8325.0,13110.0,13170.0,4785.0,4.0,220,54,,,pt,5655.0,13545.0,5655.0,"{'duration': 4785, 'source_transfer_time': 0, 'waiting_time': 585, 'trip_time': 4200, 'num_transfers': 4, 'departure_time': 8325, 'departure_day': 'current_day', 'arrival_time': 13110, 'arrival_day': 'current_day', 'steps': [{'duration': 450, 'departure_time': 8910, 'arrival_time': 9360, 'day': 'current_day', 'from_stop_id': '220-2', 'to_stop_id': 'MH-R-2', 'trip_id': '4-0-10', 'agency_name': 'Unknown'}, {'duration': 30, 'departure_time': 9360, 'arrival_time': 9390, 'day': 'current_day', 'from_stop_id': 'MH-R-2', 'to_stop_id': 'MH-R-0', 'trip_id': 'walking', 'agency_name': 'Unknown'}, {'duration': 1500, 'departure_time': 10800, 'arrival_time': 12300, 'day': 'current_day', 'from_stop_id': 'MH-R-0', 'to_stop_id': 'MH-L-0', 'trip_id': '0-1-4', 'agency_name': 'Unknown'}, {'duration': 30, 'departure_time': 12300, 'arrival_time': 12330, 'day': 'current_day', 'from_stop_id': 'MH-L-0', 'to_stop_id': 'MH-L-1', 'trip_id': 'walking', 'agency_name': 'Unknown'}, {'duration': 570, 'departure_time': 12540, 'arrival_time': 13110, 'day': 'current_day', 'from_stop_id': 'MH-L-1', 'to_stop_id': '54-1', 'trip_id': '1-1-15', 'agency_name': 'Unknown'}]}"
163,16,13290,inter,right,638,[141; 151; 161; 181],[16],1000,751,0,0,14041,14101.0,18390.0,18450.0,4289.0,4.0,141,16,,,pt,5160.0,18450.0,5160.0,"{'duration': 4289, 'source_transfer_time': 0, 'waiting_time': 329, 'trip_time': 3960, 'num_transfers': 4, 'departure_time': 14101, 'departure_day': 'current_day', 'arrival_time': 18390, 'arrival_day': 'current_day', 'steps': [{'duration': 930, 'departure_time': 14430, 'arrival_time': 15360, 'day': 'current_day', 'from_stop_id': '141-5', 'to_stop_id': 'MH-R-5', 'trip_id': '10-0-20', 'agency_name': 'Unknown'}, {'duration': 30, 'departure_time': 15360, 'arrival_time': 15390, 'day': 'current_day', 'from_stop_id': 'MH-R-5', 'to_stop_id': 'MH-R-0', 'trip_id': 'walking', 'agency_name': 'Unknown'}, {'duration': 1500, 'departure_time': 16200, 'arrival_time': 17700, 'day': 'current_day', 'from_stop_id': 'MH-R-0', 'to_stop_id': 'MH-L-0', 'trip_id': '0-1-7', 'agency_name': 'Unknown'}, {'duration': 30, 'departure_time': 17700, 'arrival_time': 17730, 'day': 'current_day', 'from_stop_id': 'MH-L-0', 'to_stop_id': 'MH-L-2', 'trip_id': 'walking', 'agency_name': 'Unknown'}, {'duration': 450, 'departure_time': 17940, 'arrival_time': 18390, 'day': 'current_day', 'from_stop_id': 'MH-L-2', 'to_stop_id': '16-2', 'trip_id': '2-0-24', 'agency_name': 'Unknown'}]}"
163,78,8940,inter,right,639,[141; 151; 161; 181],[67; 77; 79],1000,751,500,375,9691,9751.0,12750.0,12810.0,2999.0,4.0,151,67,,,pt,4245.0,13185.0,4245.0,"{'duration': 2999, 'source_transfer_time': 0, 'waiting_time': 119, 'trip_time': 2880, 'num_transfers': 4, 'departure_time': 9751, 'departure_day': 'current_day', 'arrival_time': 12750, 'arrival_day': 'current_day', 'steps': [{'duration': 690, 'departure_time': 9870, 'arrival_time': 10560, 'day': 'current_day', 'from_stop_id': '151-5', 'to_stop_id': 'MH-R-5', 'trip_id': '10-0-12', 'agency_name': 'Unknown'}, {'duration': 30, 'departure_time': 10560, 'arrival_time': 10590, 'day': 'current_day', 'from_stop_id': 'MH-R-5', 'to_stop_id': 'MH-R-0', 'trip_id': 'walking', 'agency_name': 'Unknown'}, {'duration': 1500, 'departure_time': 10800, 'arrival_time': 12300, 'day': 'current_day', 'from_stop_id': 'MH-R-0', 'to_stop_id': 'MH-L-0', 'trip_id': '0-1-4', 'agency_name': 'Unknown'}, {'duration': 30, 'departure_time': 12300, 'arrival_time': 12330, 'day': 'current_day', 'from_stop_id': 'MH-L-0', 'to_stop_id': 'MH-L-4', 'trip_id': 'walking', 'agency_name': 'Unknown'}, {'duration': 210, 'departure_time': 12540, 'arrival_time': 12750, 'day': 'current_day', 'from_stop_id': 'MH-L-4', 'to_stop_id': '67-4', 'trip_id': '7-0-15', 'agency_name': 'Unknown'}]}"
214,39,9420,inter,right,640,[213; 225],[39],500,375,0,0,9795,9855.0,14670.0,14730.0,4815.0,4.0,213,39,,,pt,5310.0,14730.0,5310.0,"{'duration': 4815, 'source_transfer_time': 0, 'waiting_time': 495, 'trip_time': 4320, 'num_transfers': 4, 'departure_time': 9855, 'departure_day': 'current_day', 'arrival_time': 14670, 'arrival_day': 'current_day', 'steps': [{'duration': 810, 'departure_time': 10350, 'arrival_time': 11160, 'day': 'current_day', 'from_stop_id': '213-4', 'to_stop_id': 'MH-R-4', 'trip_id': '9-1-13', 'agency_name': 'Unknown'}, {'duration': 30, 'departure_time': 11160, 'arrival_time': 11190, 'day': 'current_day', 'from_stop_id': 'MH-R-4', 'to_stop_id': 'MH-R-0', 'trip_id': 'walking', 'agency_name': 'Unknown'}, {'duration': 1500, 'departure_time': 12600, 'arrival_time': 14100, 'day': 'current_day', 'from_stop_id': 'MH-R-0', 'to_stop_id': 'MH-L-0', 'trip_id': '0-1-5', 'agency_name': 'Unknown'}, {'duration': 30, 'departure_time': 14100, 'arrival_time': 14130, 'day': 'current_day', 'from_stop_id': 'MH-L-0', 'to_stop_id': 'MH-L-5', 'trip_id': 'walking', 'agency_name': 'Unknown'}, {'duration': 330, 'departure_time': 14340, 'arrival_time': 14670, 'day': 'current_day', 'from_stop_id': 'MH-L-5', 'to_stop_id': '39-5', 'trip_id': '8-1-18', 'agency_name': 'Unknown'}]}"
183,79,10620,inter,right,641,[175],[79],500,375,0,0,10995,11055.0,14790.0,14850.0,3735.0,4.0,175,79,,,pt,4230.0,14850.0,4230.0,"{'duration': 3735, 'source_transfer_time': 0, 'waiting_time': 135, 'trip_time': 3600, 'num_transfers': 4, 'departure_time': 11055, 'departure_day': 'current_day', 'arrival_time': 14790, 'arrival_day': 'current_day', 'steps': [{'duration': 570, 'departure_time': 11190, 'arrival_time': 11760, 'day': 'current_day', 'from_stop_id': '175-1', 'to_stop_id': 'MH-R-1', 'trip_id': '3-0-14', 'agency_name': 'Unknown'}, {'duration': 30, 'departure_time': 11760, 'arrival_time': 11790, 'day': 'current_day', 'from_stop_id': 'MH-R-1', 'to_stop_id': 'MH-R-0', 'trip_id': 'walking', 'agency_name': 'Unknown'}, {'duration': 1500, 'departure_time': 12600, 'arrival_time': 14100, 'day': 'current_day', 'from_stop_id': 'MH-R-0', 'to_stop_id': 'MH-L-0', 'trip_id': '0-1-5', 'agency_name': 'Unknown'}, {'duration': 30, 'departure_time': 14100, 'arrival_time': 14130, 'day': 'current_day', 'from_stop_id': 'MH-L-0', 'to_stop_id': 'MH-L-4', 'trip_id': 'walking', 'agency_name': 'Unknown'}, {'duration': 450, 'departure_time': 14340, 'arrival_time': 14790, 'day': 'current_day', 'from_stop_id': 'MH-L-4', 'to_stop_id': '79-4', 'trip_id': '7-0-18', 'agency_name': 'Unknown'}]}"
199,81,4770,inter,right,642,[188; 198; 200],[80; 92],500,375,500,375,5145,5205.0,9510.0,9570.0,4305.0,4.0,188,80,,,pt,5175.0,9945.0,5175.0,"{'duration': 4305, 'source_transfer_time': 0, 'waiting_time': 345, 'trip_time': 3960, 'num_transfers': 4, 'departure_time': 5205, 'departure_day': 'current_day', 'arrival_time': 9510, 'arrival_day': 'current_day', 'steps': [{'duration': 210, 'departure_time': 5550, 'arrival_time': 5760, 'day': 'current_day', 'from_stop_id': '188-4', 'to_stop_id': 'MH-R-4', 'trip_id': '9-1-4', 'agency_name': 'Unknown'}, {'duration': 30, 'departure_time': 5760, 'arrival_time': 5790, 'day': 'current_day', 'from_stop_id': 'MH-R-4', 'to_stop_id': 'MH-R-0', 'trip_id': 'walking', 'agency_name': 'Unknown'}, {'duration': 1500, 'departure_time': 7200, 'arrival_time': 8700, 'day': 'current_day', 'from_stop_id': 'MH-R-0', 'to_stop_id': 'MH-L-0', 'trip_id': '0-1-2', 'agency_name': 'Unknown'}, {'duration': 30, 'departure_time': 8700, 'arrival_time': 8730, 'day': 'current_day', 'from_stop_id': 'MH-L-0', 'to_stop_id': 'MH-L-4', 'trip_id': 'walking', 'agency_name': 'Unknown'}, {'duration': 570, 'departure_time': 8940, 'arrival_time': 9510, 'day': 'current_day', 'from_stop_id': 'MH-L-4', 'to_stop_id': '80-4', 'trip_id': '7-0-9', 'agency_name': 'Unknown'}]}"
231,6,13980,inter,right,643,[231],[5],0,0,500,375,13980,14040.0,18510.0,18570.0,4470.0,4.0,231,5,,,pt,4965.0,18945.0,4965.0,"{'duration': 4470, 'source_transfer_time': 0, 'waiting_time': 150, 'trip_time': 4320, 'num_transfers': 4, 'departure_time': 14040, 'departure_day': 'current_day', 'arrival_time': 18510, 'arrival_day': 'current_day', 'steps': [{'duration': 570, 'departure_time': 14190, 'arrival_time': 14760, 'day': 'current_day', 'from_stop_id': '231-2', 'to_stop_id': 'MH-R-2', 'trip_id': '4-0-19', 'agency_name': 'Unknown'}, {'duration': 30, 'departure_time': 14760, 'arrival_time': 14790, 'day': 'current_day', 'from_stop_id': 'MH-R-2', 'to_stop_id': 'MH-R-0', 'trip_id': 'walking', 'agency_name': 'Unknown'}, {'duration': 1500, 'departure_time': 16200, 'arrival_time': 17700, 'day': 'current_day', 'from_stop_id': 'MH-R-0', 'to_stop_id': 'MH-L-0', 'trip_id': '0-1-7', 'agency_name': 'Unknown'}, {'duration': 30, 'departure_time': 17700, 'arrival_time': 17730, 'day': 'current_day', 'from_stop_id': 'MH-L-0', 'to_stop_id': 'MH-L-2', 'trip_id': 'walking', 'agency_name': 'Unknown'}, {'duration': 570, 'departure_time': 17940, 'arrival_time': 18510, 'day': 'current_day', 'from_stop_id': 'MH-L-2', 'to_stop_id': '5-2', 'trip_id': '2-0-24', 'agency_name': 'Unknown'}]}"
221,6,9330,inter,right,644,[220],[5],500,375,500,375,9705,9765.0,13110.0,13170.0,3345.0,4.0,220,5,,,pt,4215.0,13545.0,4215.0,"{'duration': 3345, 'source_transfer_time': 0, 'waiting_time': 345, 'trip_time': 3000, 'num_transfers': 4, 'departure_time': 9765, 'departure_day': 'current_day', 'arrival_time': 13110, 'arrival_day': 'current_day', 'steps': [{'duration': 450, 'departure_time': 10110, 'arrival_time': 10560, 'day': 'current_day', 'from_stop_id': '220-2', 'to_stop_id': 'MH-R-2', 'trip_id': '4-0-12', 'agency_name': 'Unknown'}, {'duration': 30, 'departure_time': 10560, 'arrival_time': 10590, 'day': 'current_day', 'from_stop_id': 'MH-R-2', 'to_stop_id': 'MH-R-0', 'trip_id': 'walking', 'agency_name': 'Unknown'}, {'duration': 1500, 'departure_time': 10800, 'arrival_time': 12300, 'day': 'current_day', 'from_stop_id': 'MH-R-0', 'to_stop_id': 'MH-L-0', 'trip_id': '0-1-4', 'agency_name': 'Unknown'}, {'duration': 30, 'departure_time': 12300, 'arrival_time': 12330, 'day': 'current_day', 'from_stop_id': 'MH-L-0', 'to_stop_id': 'MH-L-2', 'trip_id': 'walking', 'agency_name': 'Unknown'}, {'duration': 570, 'departure_time': 12540, 'arrival_time': 13110, 'day': 'current_day', 'from_stop_id': 'MH-L-2', 'to_stop_id': '5-2', 'trip_id': '2-0-15', 'agency_name': 'Unknown'}]}"
156,76,11490,inter,right,645,[156],[76],0,0,0,0,11490,11550.0,14670.0,14730.0,3120.0,4.0,156,76,,,pt,3240.0,14730.0,3240.0,"{'duration': 3120, 'source_transfer_time': 0, 'waiting_time': 240, 'trip_time': 2880, 'num_transfers': 4, 'departure_time': 11550, 'departure_day': 'current_day', 'arrival_time': 14670, 'arrival_day': 'current_day', 'steps': [{'duration': 570, 'departure_time': 11790, 'arrival_time': 12360, 'day': 'current_day', 'from_stop_id': '156-4', 'to_stop_id': 'MH-R-4', 'trip_id': '9-0-15', 'agency_name': 'Unknown'}, {'duration': 30, 'departure_time': 12360, 'arrival_time': 12390, 'day': 'current_day', 'from_stop_id': 'MH-R-4', 'to_stop_id': 'MH-R-0', 'trip_id': 'walking', 'agency_name': 'Unknown'}, {'duration': 1500, 'departure_time': 12600, 'arrival_time': 14100, 'day': 'current_day', 'from_stop_id': 'MH-R-0', 'to_stop_id': 'MH-L-0', 'trip_id': '0-1-5', 'agency_name': 'Unknown'}, {'duration': 30, 'departure_time': 14100, 'arrival_time': 14130, 'day': 'current_day', 'from_stop_id': 'MH-L-0', 'to_stop_id': 'MH-L-5', 'trip_id': 'walking', 'agency_name': 'Unknown'}, {'duration': 330, 'departure_time': 14340, 'arrival_time': 14670, 'day': 'current_day', 'from_stop_id': 'MH-L-5', 'to_stop_id': '76-5', 'trip_id': '8-0-18', 'agency_name': 'Unknown'}]}"
213,28,8370,inter,right,646,[213],[27; 29; 39],0,0,500,375,8370,8430.0,12870.0,12930.0,4440.0,4.0,213,27,,,pt,4935.0,13305.0,4935.0,"{'duration': 4440, 'source_transfer_time': 0, 'waiting_time': 120, 'trip_time': 4320, 'num_transfers': 4, 'departure_time': 8430, 'departure_day': 'current_day', 'arrival_time': 12870, 'arrival_day': 'current_day', 'steps': [{'duration': 810, 'departure_time': 8550, 'arrival_time': 9360, 'day': 'current_day', 'from_stop_id': '213-4', 'to_stop_id': 'MH-R-4', 'trip_id': '9-1-10', 'agency_name': 'Unknown'}, {'duration': 30, 'departure_time': 9360, 'arrival_time': 9390, 'day': 'current_day', 'from_stop_id': 'MH-R-4', 'to_stop_id': 'MH-R-0', 'trip_id': 'walking', 'agency_name': 'Unknown'}, {'duration': 1500, 'departure_time': 10800, 'arrival_time': 12300, 'day': 'current_day', 'from_stop_id': 'MH-R-0', 'to_stop_id': 'MH-L-0', 'trip_id': '0-1-4', 'agency_name': 'Unknown'}, {'duration': 30, 'departure_time': 12300, 'arrival_time': 12330, 'day': 'current_day', 'from_stop_id': 'MH-L-0', 'to_stop_id': 'MH-L-2', 'trip_id': 'walking', 'agency_name': 'Unknown'}, {'duration': 330, 'departure_time': 12540, 'arrival_time': 12870, 'day': 'current_day', 'from_stop_id': 'MH-L-2', 'to_stop_id': '27-2', 'trip_id': '2-0-15', 'agency_name': 'Unknown'}]}"
161,109,11010,inter,right,647,[161],[110],0,0,500,375,11010,11070.0,14910.0,14970.0,3840.0,4.0,161,110,,,pt,4335.0,15345.0,4335.0,"{'duration': 3840, 'source_transfer_time': 0, 'waiting_time': 240, 'trip_time': 3600, 'num_transfers': 4, 'departure_time': 11070, 'departure_day': 'current_day', 'arrival_time': 14910, 'arrival_day': 'current_day', 'steps': [{'duration': 450, 'departure_time': 11310, 'arrival_time': 11760, 'day': 'current_day', 'from_stop_id': '161-5', 'to_stop_id': 'MH-R-5', 'trip_id': '10-0-14', 'agency_name': 'Unknown'}, {'duration': 30, 'departure_time': 11760, 'arrival_time': 11790, 'day': 'current_day', 'from_stop_id': 'MH-R-5', 'to_stop_id': 'MH-R-0', 'trip_id': 'walking', 'agency_name': 'Unknown'}, {'duration': 1500, 'departure_time': 12600, 'arrival_time': 14100, 'day': 'current_day', 'from_stop_id': 'MH-R-0', 'to_stop_id': 'MH-L-0', 'trip_id': '0-1-5', 'agency_name': 'Unknown'}, {'duration': 30, 'departure_time': 14100, 'arrival_time': 14130, 'day': 'current_day', 'from_stop_id': 'MH-L-0', 'to_stop_id': 'MH-L-2', 'trip_id': 'walking', 'agency_name': 'Unknown'}, {'duration': 570, 'departure_time': 14340, 'arrival_time': 14910, 'day': 'current_day', 'from_stop_id': 'MH-L-2', 'to_stop_id': '110-2', 'trip_id': '2-1-18', 'agency_name': 'Unknown'}]}"
156,94,10530,inter,right,648,[156],[95; 105],0,0,500,375,10530,10590.0,15270.0,15330.0,4680.0,4.0,156,95,,,pt,5175.0,15705.0,5175.0,"{'duration': 4680, 'source_transfer_time': 0, 'waiting_time': 0, 'trip_time': 4680, 'num_transfers': 4, 'departure_time': 10590, 'departure_day': 'current_day', 'arrival_time': 15270, 'arrival_day': 'current_day', 'steps': [{'duration': 570, 'departure_time': 10590, 'arrival_time': 11160, 'day': 'current_day', 'from_stop_id': '156-4', 'to_stop_id': 'MH-R-4', 'trip_id': '9-0-13', 'agency_name': 'Unknown'}, {'duration': 30, 'departure_time': 11160, 'arrival_time': 11190, 'day': 'current_day', 'from_stop_id': 'MH-R-4', 'to_stop_id': 'MH-R-0', 'trip_id': 'walking', 'agency_name': 'Unknown'}, {'duration': 1500, 'departure_time': 12600, 'arrival_time': 14100, 'day': 'current_day', 'from_stop_id': 'MH-R-0', 'to_stop_id': 'MH-L-0', 'trip_id': '0-1-5', 'agency_name': 'Unknown'}, {'duration': 30, 'departure_time': 14100, 'arrival_time': 14130, 'day': 'current_day', 'from_stop_id': 'MH-L-0', 'to_stop_id': 'MH-L-5', 'trip_id': 'walking', 'agency_name': 'Unknown'}, {'duration': 930, 'departure_time': 14340, 'arrival_time': 15270, 'day': 'current_day', 'from_stop_id': 'MH-L-5', 'to_stop_id': '95-5', 'trip_id': '8-0-18', 'agency_name': 'Unknown'}]}"
234,8,13620,inter,right,649,[212; 224; 236],[9; 19],1000,751,500,375,14371,14431.0,18750.0,18810.0,4319.0,4.0,212,19,,,pt,5565.0,19185.0,5565.0,"{'duration': 4319, 'source_transfer_time': 0, 'waiting_time': 239, 'trip_time': 4080, 'num_transfers': 4, 'departure_time': 14431, 'departure_day': 'current_day', 'arrival_time': 18750, 'arrival_day': 'current_day', 'steps': [{'duration': 690, 'departure_time': 14670, 'arrival_time': 15360, 'day': 'current_day', 'from_stop_id': '212-4', 'to_stop_id': 'MH-R-4', 'trip_id': '9-1-20', 'agency_name': 'Unknown'}, {'duration': 30, 'departure_time': 15360, 'arrival_time': 15390, 'day': 'current_day', 'from_stop_id': 'MH-R-4', 'to_stop_id': 'MH-R-0', 'trip_id': 'walking', 'agency_name': 'Unknown'}, {'duration': 1500, 'departure_time': 16200, 'arrival_time': 17700, 'day': 'current_day', 'from_stop_id': 'MH-R-0', 'to_stop_id': 'MH-L-0', 'trip_id': '0-1-7', 'agency_name': 'Unknown'}, {'duration': 30, 'departure_time': 17700, 'arrival_time': 17730, 'day': 'current_day', 'from_stop_id': 'MH-L-0', 'to_stop_id': 'MH-L-5', 'trip_id': 'walking', 'agency_name': 'Unknown'}, {'duration': 810, 'departure_time': 17940, 'arrival_time': 18750, 'day': 'current_day', 'from_stop_id': 'MH-L-5', 'to_stop_id': '19-5', 'trip_id': '8-1-24', 'agency_name': 'Unknown'}]}"
222,55,7710,inter,right,650,[200; 212; 220; 224],[55],1000,751,0,0,8461,8521.0,12990.0,13050.0,4469.0,4.0,200,55,,,pt,5340.0,13050.0,5340.0,"{'duration': 4469, 'source_transfer_time': 0, 'waiting_time': 389, 'trip_time': 4080, 'num_transfers': 4, 'departure_time': 8521, 'departure_day': 'current_day', 'arrival_time': 12990, 'arrival_day': 'current_day', 'steps': [{'duration': 450, 'departure_time': 8910, 'arrival_time': 9360, 'day': 'current_day', 'from_stop_id': '200-4', 'to_stop_id': 'MH-R-4', 'trip_id': '9-1-10', 'agency_name': 'Unknown'}, {'duration': 30, 'departure_time': 9360, 'arrival_time': 9390, 'day': 'current_day', 'from_stop_id': 'MH-R-4', 'to_stop_id': 'MH-R-0', 'trip_id': 'walking', 'agency_name': 'Unknown'}, {'duration': 1500, 'departure_time': 10800, 'arrival_time': 12300, 'day': 'current_day', 'from_stop_id': 'MH-R-0', 'to_stop_id': 'MH-L-0', 'trip_id': '0-1-4', 'agency_name': 'Unknown'}, {'duration': 30, 'departure_time': 12300, 'arrival_time': 12330, 'day': 'current_day', 'from_stop_id': 'MH-L-0', 'to_stop_id': 'MH-L-1', 'trip_id': 'walking', 'agency_name': 'Unknown'}, {'duration': 450, 'departure_time': 12540, 'arrival_time': 12990, 'day': 'current_day', 'from_stop_id': 'MH-L-1', 'to_stop_id': '55-1', 'trip_id': '1-1-15', 'agency_name': 'Unknown'}]}"
189,15,4710,inter,right,651,[189],[16],0,0,500,375,4710,4770.0,7590.0,7650.0,2820.0,4.0,189,16,,,pt,3315.0,8025.0,3315.0,"{'duration': 2820, 'source_transfer_time': 0, 'waiting_time': 60, 'trip_time': 2760, 'num_transfers': 4, 'departure_time': 4770, 'departure_day': 'current_day', 'arrival_time': 7590, 'arrival_day': 'current_day', 'steps': [{'duration': 330, 'departure_time': 4830, 'arrival_time': 5160, 'day': 'current_day', 'from_stop_id': '189-4', 'to_stop_id': 'MH-R-4', 'trip_id': '9-1-3', 'agency_name': 'Unknown'}, {'duration': 30, 'departure_time': 5160, 'arrival_time': 5190, 'day': 'current_day', 'from_stop_id': 'MH-R-4', 'to_stop_id': 'MH-R-0', 'trip_id': 'walking', 'agency_name': 'Unknown'}, {'duration': 1500, 'departure_time': 5400, 'arrival_time': 6900, 'day': 'current_day', 'from_stop_id': 'MH-R-0', 'to_stop_id': 'MH-L-0', 'trip_id': '0-1-1', 'agency_name': 'Unknown'}, {'duration': 30, 'departure_time': 6900, 'arrival_time': 6930, 'day': 'current_day', 'from_stop_id': 'MH-L-0', 'to_stop_id': 'MH-L-2', 'trip_id': 'walking', 'agency_name': 'Unknown'}, {'duration': 450, 'departure_time': 7140, 'arrival_time': 7590, 'day': 'current_day', 'from_stop_id': 'MH-L-2', 'to_stop_id': '16-2', 'trip_id': '2-0-6', 'agency_name': 'Unknown'}]}"
133,79,4080,inter,right,652,[133],[79],0,0,0,0,4080,4140.0,7590.0,7650.0,3450.0,4.0,133,79,,,pt,3570.0,7650.0,3570.0,"{'duration': 3450, 'source_transfer_time': 0, 'waiting_time': 90, 'trip_time': 3360, 'num_transfers': 4, 'departure_time': 4140, 'departure_day': 'current_day', 'arrival_time': 7590, 'arrival_day': 'current_day', 'steps': [{'duration': 930, 'departure_time': 4230, 'arrival_time': 5160, 'day': 'current_day', 'from_stop_id': '133-4', 'to_stop_id': 'MH-R-4', 'trip_id': '9-0-3', 'agency_name': 'Unknown'}, {'duration': 30, 'departure_time': 5160, 'arrival_time': 5190, 'day': 'current_day', 'from_stop_id': 'MH-R-4', 'to_stop_id': 'MH-R-0', 'trip_id': 'walking', 'agency_name': 'Unknown'}, {'duration': 1500, 'departure_time': 5400, 'arrival_time': 6900, 'day': 'current_day', 'from_stop_id': 'MH-R-0', 'to_stop_id': 'MH-L-0', 'trip_id': '0-1-1', 'agency_name': 'Unknown'}, {'duration': 30, 'departure_time': 6900, 'arrival_time': 6930, 'day': 'current_day', 'from_stop_id': 'MH-L-0', 'to_stop_id': 'MH-L-4', 'trip_id': 'walking', 'agency_name': 'Unknown'}, {'duration': 450, 'departure_time': 7140, 'arrival_time': 7590, 'day': 'current_day', 'from_stop_id': 'MH-L-4', 'to_stop_id': '79-4', 'trip_id': '7-0-6', 'agency_name': 'Unknown'}]}"
131,74,12090,inter,right,653,[131],[75; 85],0,0,500,375,12090,12150.0,16590.0,16650.0,4440.0,4.0,131,75,,,pt,4935.0,17025.0,4935.0,"{'duration': 4440, 'source_transfer_time': 0, 'waiting_time': 240, 'trip_time': 4200, 'num_transfers': 4, 'departure_time': 12150, 'departure_day': 'current_day', 'arrival_time': 16590, 'arrival_day': 'current_day', 'steps': [{'duration': 1170, 'departure_time': 12390, 'arrival_time': 13560, 'day': 'current_day', 'from_stop_id': '131-5', 'to_stop_id': 'MH-R-5', 'trip_id': '10-0-17', 'agency_name': 'Unknown'}, {'duration': 30, 'departure_time': 13560, 'arrival_time': 13590, 'day': 'current_day', 'from_stop_id': 'MH-R-5', 'to_stop_id': 'MH-R-0', 'trip_id': 'walking', 'agency_name': 'Unknown'}, {'duration': 1500, 'departure_time': 14400, 'arrival_time': 15900, 'day': 'current_day', 'from_stop_id': 'MH-R-0', 'to_stop_id': 'MH-L-0', 'trip_id': '0-1-6', 'agency_name': 'Unknown'}, {'duration': 30, 'departure_time': 15900, 'arrival_time': 15930, 'day': 'current_day', 'from_stop_id': 'MH-L-0', 'to_stop_id': 'MH-L-5', 'trip_id': 'walking', 'agency_name': 'Unknown'}, {'duration': 450, 'departure_time': 16140, 'arrival_time': 16590, 'day': 'current_day', 'from_stop_id': 'MH-L-5', 'to_stop_id': '75-5', 'trip_id': '8-0-21', 'agency_name': 'Unknown'}]}"
143,63,7050,inter,right,654,[132; 144],[55],500,375,500,375,7425,7485.0,11190.0,11250.0,3705.0,4.0,132,55,,,pt,4575.0,11625.0,4575.0,"{'duration': 3705, 'source_transfer_time': 0, 'waiting_time': 225, 'trip_time': 3480, 'num_transfers': 4, 'departure_time': 7485, 'departure_day': 'current_day', 'arrival_time': 11190, 'arrival_day': 'current_day', 'steps': [{'duration': 1050, 'departure_time': 7710, 'arrival_time': 8760, 'day': 'current_day', 'from_stop_id': '132-4', 'to_stop_id': 'MH-R-4', 'trip_id': '9-0-9', 'agency_name': 'Unknown'}, {'duration': 30, 'departure_time': 8760, 'arrival_time': 8790, 'day': 'current_day', 'from_stop_id': 'MH-R-4', 'to_stop_id': 'MH-R-0', 'trip_id': 'walking', 'agency_name': 'Unknown'}, {'duration': 1500, 'departure_time': 9000, 'arrival_time': 10500, 'day': 'current_day', 'from_stop_id': 'MH-R-0', 'to_stop_id': 'MH-L-0', 'trip_id': '0-1-3', 'agency_name': 'Unknown'}, {'duration': 30, 'departure_time': 10500, 'arrival_time': 10530, 'day': 'current_day', 'from_stop_id': 'MH-L-0', 'to_stop_id': 'MH-L-1', 'trip_id': 'walking', 'agency_name': 'Unknown'}, {'duration': 450, 'departure_time': 10740, 'arrival_time': 11190, 'day': 'current_day', 'from_stop_id': 'MH-L-1', 'to_stop_id': '55-1', 'trip_id': '1-1-12', 'agency_name': 'Unknown'}]}"
176,59,4410,inter,right,655,[176],[59],0,0,0,0,4410,4470.0,7470.0,7530.0,3000.0,4.0,176,59,,,pt,3120.0,7530.0,3120.0,"{'duration': 3000, 'source_transfer_time': 0, 'waiting_time': 240, 'trip_time': 2760, 'num_transfers': 4, 'departure_time': 4470, 'departure_day': 'current_day', 'arrival_time': 7470, 'arrival_day': 'current_day', 'steps': [{'duration': 450, 'departure_time': 4710, 'arrival_time': 5160, 'day': 'current_day', 'from_stop_id': '176-1', 'to_stop_id': 'MH-R-1', 'trip_id': '3-0-3', 'agency_name': 'Unknown'}, {'duration': 30, 'departure_time': 5160, 'arrival_time': 5190, 'day': 'current_day', 'from_stop_id': 'MH-R-1', 'to_stop_id': 'MH-R-0', 'trip_id': 'walking', 'agency_name': 'Unknown'}, {'duration': 1500, 'departure_time': 5400, 'arrival_time': 6900, 'day': 'current_day', 'from_stop_id': 'MH-R-0', 'to_stop_id': 'MH-L-0', 'trip_id': '0-1-1', 'agency_name': 'Unknown'}, {'duration': 30, 'departure_time': 6900, 'arrival_time': 6930, 'day': 'current_day', 'from_stop_id': 'MH-L-0', 'to_stop_id': 'MH-L-1', 'trip_id': 'walking', 'agency_name': 'Unknown'}, {'duration': 330, 'departure_time': 7140, 'arrival_time': 7470, 'day': 'current_day', 'from_stop_id': 'MH-L-1', 'to_stop_id': '59-1', 'trip_id': '1-0-6', 'agency_name': 'Unknown'}]}"
183,110,7770,inter,right,656,[175],[110],500,375,0,0,8145,8205.0,13110.0,13170.0,4905.0,4.0,175,110,,,pt,5400.0,13170.0,5400.0,"{'duration': 4905, 'source_transfer_time': 0, 'waiting_time': 585, 'trip_time': 4320, 'num_transfers': 4, 'departure_time': 8205, 'departure_day': 'current_day', 'arrival_time': 13110, 'arrival_day': 'current_day', 'steps': [{'duration': 570, 'departure_time': 8790, 'arrival_time': 9360, 'day': 'current_day', 'from_stop_id': '175-1', 'to_stop_id': 'MH-R-1', 'trip_id': '3-0-10', 'agency_name': 'Unknown'}, {'duration': 30, 'departure_time': 9360, 'arrival_time': 9390, 'day': 'current_day', 'from_stop_id': 'MH-R-1', 'to_stop_id': 'MH-R-0', 'trip_id': 'walking', 'agency_name': 'Unknown'}, {'duration': 1500, 'departure_time': 10800, 'arrival_time': 12300, 'day': 'current_day', 'from_stop_id': 'MH-R-0', 'to_stop_id': 'MH-L-0', 'trip_id': '0-1-4', 'agency_name': 'Unknown'}, {'duration': 30, 'departure_time': 12300, 'arrival_time': 12330, 'day': 'current_day', 'from_stop_id': 'MH-L-0', 'to_stop_id': 'MH-L-2', 'trip_id': 'walking', 'agency_name': 'Unknown'}, {'duration': 570, 'departure_time': 12540, 'arrival_time': 13110, 'day': 'current_day', 'from_stop_id': 'MH-L-2', 'to_stop_id': '110-2', 'trip_id': '2-1-15', 'agency_name': 'Unknown'}]}"
193,1,3660,inter,right,657,[175],[0; 12],1000,751,500,375,4411,4471.0,8070.0,8130.0,3599.0,4.0,175,12,,,pt,4845.0,8505.0,4845.0,"{'duration': 3599, 'source_transfer_time': 0, 'waiting_time': 119, 'trip_time': 3480, 'num_transfers': 4, 'departure_time': 4471, 'departure_day': 'current_day', 'arrival_time': 8070, 'arrival_day': 'current_day', 'steps': [{'duration': 570, 'departure_time': 4590, 'arrival_time': 5160, 'day': 'current_day', 'from_stop_id': '175-1', 'to_stop_id': 'MH-R-1', 'trip_id': '3-0-3', 'agency_name': 'Unknown'}, {'duration': 30, 'departure_time': 5160, 'arrival_time': 5190, 'day': 'current_day', 'from_stop_id': 'MH-R-1', 'to_stop_id': 'MH-R-0', 'trip_id': 'walking', 'agency_name': 'Unknown'}, {'duration': 1500, 'departure_time': 5400, 'arrival_time': 6900, 'day': 'current_day', 'from_stop_id': 'MH-R-0', 'to_stop_id': 'MH-L-0', 'trip_id': '0-1-1', 'agency_name': 'Unknown'}, {'duration': 30, 'departure_time': 6900, 'arrival_time': 6930, 'day': 'current_day', 'from_stop_id': 'MH-L-0', 'to_stop_id': 'MH-L-4', 'trip_id': 'walking', 'agency_name': 'Unknown'}, {'duration': 930, 'departure_time': 7140, 'arrival_time': 8070, 'day': 'current_day', 'from_stop_id': 'MH-L-4', 'to_stop_id': '12-4', 'trip_id': '7-1-6', 'agency_name': 'Unknown'}]}"
141,32,6060,inter,right,658,[141],[10; 20; 30],0,0,1000,751,6060,6120.0,11430.0,11490.0,5310.0,4.0,141,30,,,pt,6181.0,12241.0,6181.0,"{'duration': 5310, 'source_transfer_time': 0, 'waiting_time': 510, 'trip_time': 4800, 'num_transfers': 4, 'departure_time': 6120, 'departure_day': 'current_day', 'arrival_time': 11430, 'arrival_day': 'current_day', 'steps': [{'duration': 930, 'departure_time': 6630, 'arrival_time': 7560, 'day': 'current_day', 'from_stop_id': '141-5', 'to_stop_id': 'MH-R-5', 'trip_id': '10-0-7', 'agency_name': 'Unknown'}, {'duration': 30, 'departure_time': 7560, 'arrival_time': 7590, 'day': 'current_day', 'from_stop_id': 'MH-R-5', 'to_stop_id': 'MH-R-0', 'trip_id': 'walking', 'agency_name': 'Unknown'}, {'duration': 1500, 'departure_time': 9000, 'arrival_time': 10500, 'day': 'current_day', 'from_stop_id': 'MH-R-0', 'to_stop_id': 'MH-L-0', 'trip_id': '0-1-3', 'agency_name': 'Unknown'}, {'duration': 30, 'departure_time': 10500, 'arrival_time': 10530, 'day': 'current_day', 'from_stop_id': 'MH-L-0', 'to_stop_id': 'MH-L-5', 'trip_id': 'walking', 'agency_name': 'Unknown'}, {'duration': 690, 'departure_time': 10740, 'arrival_time': 11430, 'day': 'current_day', 'from_stop_id': 'MH-L-5', 'to_stop_id': '30-5', 'trip_id': '8-1-12', 'agency_name': 'Unknown'}]}"
172,98,5490,inter,right,659,[180],[99],500,375,500,375,5865,5925.0,9390.0,9450.0,3465.0,4.0,180,99,,,pt,4335.0,9825.0,4335.0,"{'duration': 3465, 'source_transfer_time': 0, 'waiting_time': 105, 'trip_time': 3360, 'num_transfers': 4, 'departure_time': 5925, 'departure_day': 'current_day', 'arrival_time': 9390, 'arrival_day': 'current_day', 'steps': [{'duration': 330, 'departure_time': 6030, 'arrival_time': 6360, 'day': 'current_day', 'from_stop_id': '180-1', 'to_stop_id': 'MH-R-1', 'trip_id': '3-1-5', 'agency_name': 'Unknown'}, {'duration': 30, 'departure_time': 6360, 'arrival_time': 6390, 'day': 'current_day', 'from_stop_id': 'MH-R-1', 'to_stop_id': 'MH-R-0', 'trip_id': 'walking', 'agency_name': 'Unknown'}, {'duration': 1500, 'departure_time': 7200, 'arrival_time': 8700, 'day': 'current_day', 'from_stop_id': 'MH-R-0', 'to_stop_id': 'MH-L-0', 'trip_id': '0-1-2', 'agency_name': 'Unknown'}, {'duration': 30, 'departure_time': 8700, 'arrival_time': 8730, 'day': 'current_day', 'from_stop_id': 'MH-L-0', 'to_stop_id': 'MH-L-2', 'trip_id': 'walking', 'agency_name': 'Unknown'}, {'duration': 450, 'departure_time': 8940, 'arrival_time': 9390, 'day': 'current_day', 'from_stop_id': 'MH-L-2', 'to_stop_id': '99-2', 'trip_id': '2-1-9', 'agency_name': 'Unknown'}]}"
206,41,4320,inter,right,660,[206],[30; 40],0,0,500,375,4320,4380.0,7590.0,7650.0,3210.0,4.0,206,40,,,pt,3705.0,8025.0,3705.0,"{'duration': 3210, 'source_transfer_time': 0, 'waiting_time': 90, 'trip_time': 3120, 'num_transfers': 4, 'departure_time': 4380, 'departure_day': 'current_day', 'arrival_time': 7590, 'arrival_day': 'current_day', 'steps': [{'duration': 690, 'departure_time': 4470, 'arrival_time': 5160, 'day': 'current_day', 'from_stop_id': '206-5', 'to_stop_id': 'MH-R-5', 'trip_id': '10-1-3', 'agency_name': 'Unknown'}, {'duration': 30, 'departure_time': 5160, 'arrival_time': 5190, 'day': 'current_day', 'from_stop_id': 'MH-R-5', 'to_stop_id': 'MH-R-0', 'trip_id': 'walking', 'agency_name': 'Unknown'}, {'duration': 1500, 'departure_time': 5400, 'arrival_time': 6900, 'day': 'current_day', 'from_stop_id': 'MH-R-0', 'to_stop_id': 'MH-L-0', 'trip_id': '0-1-1', 'agency_name': 'Unknown'}, {'duration': 30, 'departure_time': 6900, 'arrival_time': 6930, 'day': 'current_day', 'from_stop_id': 'MH-L-0', 'to_stop_id': 'MH-L-5', 'trip_id': 'walking', 'agency_name': 'Unknown'}, {'duration': 450, 'departure_time': 7140, 'arrival_time': 7590, 'day': 'current_day', 'from_stop_id': 'MH-L-5', 'to_stop_id': '40-5', 'trip_id': '8-1-6', 'agency_name': 'Unknown'}]}"
201,30,10860,inter,right,661,[201],[30],0,0,0,0,10860,10920.0,15030.0,15090.0,4110.0,4.0,201,30,,,pt,4230.0,15090.0,4230.0,"{'duration': 4110, 'source_transfer_time': 0, 'waiting_time': 270, 'trip_time': 3840, 'num_transfers': 4, 'departure_time': 10920, 'departure_day': 'current_day', 'arrival_time': 15030, 'arrival_day': 'current_day', 'steps': [{'duration': 570, 'departure_time': 11190, 'arrival_time': 11760, 'day': 'current_day', 'from_stop_id': '201-4', 'to_stop_id': 'MH-R-4', 'trip_id': '9-1-14', 'agency_name': 'Unknown'}, {'duration': 30, 'departure_time': 11760, 'arrival_time': 11790, 'day': 'current_day', 'from_stop_id': 'MH-R-4', 'to_stop_id': 'MH-R-0', 'trip_id': 'walking', 'agency_name': 'Unknown'}, {'duration': 1500, 'departure_time': 12600, 'arrival_time': 14100, 'day': 'current_day', 'from_stop_id': 'MH-R-0', 'to_stop_id': 'MH-L-0', 'trip_id': '0-1-5', 'agency_name': 'Unknown'}, {'duration': 30, 'departure_time': 14100, 'arrival_time': 14130, 'day': 'current_day', 'from_stop_id': 'MH-L-0', 'to_stop_id': 'MH-L-5', 'trip_id': 'walking', 'agency_name': 'Unknown'}, {'duration': 690, 'departure_time': 14340, 'arrival_time': 15030, 'day': 'current_day', 'from_stop_id': 'MH-L-5', 'to_stop_id': '30-5', 'trip_id': '8-1-18', 'agency_name': 'Unknown'}]}"
175,96,7470,inter,right,662,[175],[96],0,0,0,0,7470,7530.0,11550.0,11610.0,4020.0,4.0,175,96,,,pt,4140.0,11610.0,4140.0,"{'duration': 4020, 'source_transfer_time': 0, 'waiting_time': 60, 'trip_time': 3960, 'num_transfers': 4, 'departure_time': 7530, 'departure_day': 'current_day', 'arrival_time': 11550, 'arrival_day': 'current_day', 'steps': [{'duration': 570, 'departure_time': 7590, 'arrival_time': 8160, 'day': 'current_day', 'from_stop_id': '175-1', 'to_stop_id': 'MH-R-1', 'trip_id': '3-0-8', 'agency_name': 'Unknown'}, {'duration': 30, 'departure_time': 8160, 'arrival_time': 8190, 'day': 'current_day', 'from_stop_id': 'MH-R-1', 'to_stop_id': 'MH-R-0', 'trip_id': 'walking', 'agency_name': 'Unknown'}, {'duration': 1500, 'departure_time': 9000, 'arrival_time': 10500, 'day': 'current_day', 'from_stop_id': 'MH-R-0', 'to_stop_id': 'MH-L-0', 'trip_id': '0-1-3', 'agency_name': 'Unknown'}, {'duration': 30, 'departure_time': 10500, 'arrival_time': 10530, 'day': 'current_day', 'from_stop_id': 'MH-L-0', 'to_stop_id': 'MH-L-5', 'trip_id': 'walking', 'agency_name': 'Unknown'}, {'duration': 810, 'departure_time': 10740, 'arrival_time': 11550, 'day': 'current_day', 'from_stop_id': 'MH-L-5', 'to_stop_id': '96-5', 'trip_id': '8-0-12', 'agency_name': 'Unknown'}]}"
173,54,4860,inter,right,663,[181],[54],500,375,0,0,5235,5295.0,9510.0,9570.0,4215.0,4.0,181,54,,,pt,4710.0,9570.0,4710.0,"{'duration': 4215, 'source_transfer_time': 0, 'waiting_time': 15, 'trip_time': 4200, 'num_transfers': 4, 'departure_time': 5295, 'departure_day': 'current_day', 'arrival_time': 9510, 'arrival_day': 'current_day', 'steps': [{'duration': 450, 'departure_time': 5310, 'arrival_time': 5760, 'day': 'current_day', 'from_stop_id': '181-1', 'to_stop_id': 'MH-R-1', 'trip_id': '3-1-4', 'agency_name': 'Unknown'}, {'duration': 30, 'departure_time': 5760, 'arrival_time': 5790, 'day': 'current_day', 'from_stop_id': 'MH-R-1', 'to_stop_id': 'MH-R-0', 'trip_id': 'walking', 'agency_name': 'Unknown'}, {'duration': 1500, 'departure_time': 7200, 'arrival_time': 8700, 'day': 'current_day', 'from_stop_id': 'MH-R-0', 'to_stop_id': 'MH-L-0', 'trip_id': '0-1-2', 'agency_name': 'Unknown'}, {'duration': 30, 'departure_time': 8700, 'arrival_time': 8730, 'day': 'current_day', 'from_stop_id': 'MH-L-0', 'to_stop_id': 'MH-L-1', 'trip_id': 'walking', 'agency_name': 'Unknown'}, {'duration': 570, 'departure_time': 8940, 'arrival_time': 9510, 'day': 'current_day', 'from_stop_id': 'MH-L-1', 'to_stop_id': '54-1', 'trip_id': '1-1-9', 'agency_name': 'Unknown'}]}"
187,40,13530,inter,right,664,[187],[40],0,0,0,0,13530,13590.0,16590.0,16650.0,3000.0,4.0,187,40,,,pt,3120.0,16650.0,3120.0,"{'duration': 3000, 'source_transfer_time': 0, 'waiting_time': 360, 'trip_time': 2640, 'num_transfers': 4, 'departure_time': 13590, 'departure_day': 'current_day', 'arrival_time': 16590, 'arrival_day': 'current_day', 'steps': [{'duration': 210, 'departure_time': 13950, 'arrival_time': 14160, 'day': 'current_day', 'from_stop_id': '187-5', 'to_stop_id': 'MH-R-5', 'trip_id': '10-1-18', 'agency_name': 'Unknown'}, {'duration': 30, 'departure_time': 14160, 'arrival_time': 14190, 'day': 'current_day', 'from_stop_id': 'MH-R-5', 'to_stop_id': 'MH-R-0', 'trip_id': 'walking', 'agency_name': 'Unknown'}, {'duration': 1500, 'departure_time': 14400, 'arrival_time': 15900, 'day': 'current_day', 'from_stop_id': 'MH-R-0', 'to_stop_id': 'MH-L-0', 'trip_id': '0-1-6', 'agency_name': 'Unknown'}, {'duration': 30, 'departure_time': 15900, 'arrival_time': 15930, 'day': 'current_day', 'from_stop_id': 'MH-L-0', 'to_stop_id': 'MH-L-5', 'trip_id': 'walking', 'agency_name': 'Unknown'}, {'duration': 450, 'departure_time': 16140, 'arrival_time': 16590, 'day': 'current_day', 'from_stop_id': 'MH-L-5', 'to_stop_id': '40-5', 'trip_id': '8-1-21', 'agency_name': 'Unknown'}]}"
144,71,13230,inter,right,665,[144],[61],0,0,500,375,13230,13290.0,16710.0,16770.0,3420.0,4.0,144,61,,,pt,3915.0,17145.0,3915.0,"{'duration': 3420, 'source_transfer_time': 0, 'waiting_time': 60, 'trip_time': 3360, 'num_transfers': 4, 'departure_time': 13290, 'departure_day': 'current_day', 'arrival_time': 16710, 'arrival_day': 'current_day', 'steps': [{'duration': 810, 'departure_time': 13350, 'arrival_time': 14160, 'day': 'current_day', 'from_stop_id': '144-4', 'to_stop_id': 'MH-R-4', 'trip_id': '9-0-18', 'agency_name': 'Unknown'}, {'duration': 30, 'departure_time': 14160, 'arrival_time': 14190, 'day': 'current_day', 'from_stop_id': 'MH-R-4', 'to_stop_id': 'MH-R-0', 'trip_id': 'walking', 'agency_name': 'Unknown'}, {'duration': 1500, 'departure_time': 14400, 'arrival_time': 15900, 'day': 'current_day', 'from_stop_id': 'MH-R-0', 'to_stop_id': 'MH-L-0', 'trip_id': '0-1-6', 'agency_name': 'Unknown'}, {'duration': 30, 'departure_time': 15900, 'arrival_time': 15930, 'day': 'current_day', 'from_stop_id': 'MH-L-0', 'to_stop_id': 'MH-L-1', 'trip_id': 'walking', 'agency_name': 'Unknown'}, {'duration': 570, 'departure_time': 16140, 'arrival_time': 16710, 'day': 'current_day', 'from_stop_id': 'MH-L-1', 'to_stop_id': '61-1', 'trip_id': '1-0-21', 'agency_name': 'Unknown'}]}"
147,2,13050,inter,right,666,[148],[0; 12; 24],500,375,1000,751,13425,13485.0,16830.0,16890.0,3345.0,4.0,148,24,,,pt,4591.0,17641.0,4591.0,"{'duration': 3345, 'source_transfer_time': 0, 'waiting_time': 345, 'trip_time': 3000, 'num_transfers': 4, 'departure_time': 13485, 'departure_day': 'current_day', 'arrival_time': 16830, 'arrival_day': 'current_day', 'steps': [{'duration': 330, 'departure_time': 13830, 'arrival_time': 14160, 'day': 'current_day', 'from_stop_id': '148-2', 'to_stop_id': 'MH-R-2', 'trip_id': '4-1-18', 'agency_name': 'Unknown'}, {'duration': 30, 'departure_time': 14160, 'arrival_time': 14190, 'day': 'current_day', 'from_stop_id': 'MH-R-2', 'to_stop_id': 'MH-R-0', 'trip_id': 'walking', 'agency_name': 'Unknown'}, {'duration': 1500, 'departure_time': 14400, 'arrival_time': 15900, 'day': 'current_day', 'from_stop_id': 'MH-R-0', 'to_stop_id': 'MH-L-0', 'trip_id': '0-1-6', 'agency_name': 'Unknown'}, {'duration': 30, 'departure_time': 15900, 'arrival_time': 15930, 'day': 'current_day', 'from_stop_id': 'MH-L-0', 'to_stop_id': 'MH-L-4', 'trip_id': 'walking', 'agency_name': 'Unknown'}, {'duration': 690, 'departure_time': 16140, 'arrival_time': 16830, 'day': 'current_day', 'from_stop_id': 'MH-L-4', 'to_stop_id': '24-4', 'trip_id': '7-1-21', 'agency_name': 'Unknown'}]}"
234,84,5220,inter,right,667,[212; 224; 236],[85; 95],1000,751,500,375,5971,6031.0,9630.0,9690.0,3599.0,4.0,212,85,,,pt,4845.0,10065.0,4845.0,"{'duration': 3599, 'source_transfer_time': 0, 'waiting_time': 239, 'trip_time': 3360, 'num_transfers': 4, 'departure_time': 6031, 'departure_day': 'current_day', 'arrival_time': 9630, 'arrival_day': 'current_day', 'steps': [{'duration': 690, 'departure_time': 6270, 'arrival_time': 6960, 'day': 'current_day', 'from_stop_id': '212-4', 'to_stop_id': 'MH-R-4', 'trip_id': '9-1-6', 'agency_name': 'Unknown'}, {'duration': 30, 'departure_time': 6960, 'arrival_time': 6990, 'day': 'current_day', 'from_stop_id': 'MH-R-4', 'to_stop_id': 'MH-R-0', 'trip_id': 'walking', 'agency_name': 'Unknown'}, {'duration': 1500, 'departure_time': 7200, 'arrival_time': 8700, 'day': 'current_day', 'from_stop_id': 'MH-R-0', 'to_stop_id': 'MH-L-0', 'trip_id': '0-1-2', 'agency_name': 'Unknown'}, {'duration': 30, 'departure_time': 8700, 'arrival_time': 8730, 'day': 'current_day', 'from_stop_id': 'MH-L-0', 'to_stop_id': 'MH-L-5', 'trip_id': 'walking', 'agency_name': 'Unknown'}, {'duration': 690, 'departure_time': 8940, 'arrival_time': 9630, 'day': 'current_day', 'from_stop_id': 'MH-L-5', 'to_stop_id': '85-5', 'trip_id': '8-0-9', 'agency_name': 'Unknown'}]}"
169,26,10950,inter,right,668,[169],[27],0,0,500,375,10950,11010.0,14670.0,14730.0,3660.0,4.0,169,27,,,pt,4155.0,15105.0,4155.0,"{'duration': 3660, 'source_transfer_time': 0, 'waiting_time': 540, 'trip_time': 3120, 'num_transfers': 4, 'departure_time': 11010, 'departure_day': 'current_day', 'arrival_time': 14670, 'arrival_day': 'current_day', 'steps': [{'duration': 210, 'departure_time': 11550, 'arrival_time': 11760, 'day': 'current_day', 'from_stop_id': '169-4', 'to_stop_id': 'MH-R-4', 'trip_id': '9-0-14', 'agency_name': 'Unknown'}, {'duration': 30, 'departure_time': 11760, 'arrival_time': 11790, 'day': 'current_day', 'from_stop_id': 'MH-R-4', 'to_stop_id': 'MH-R-0', 'trip_id': 'walking', 'agency_name': 'Unknown'}, {'duration': 1500, 'departure_time': 12600, 'arrival_time': 14100, 'day': 'current_day', 'from_stop_id': 'MH-R-0', 'to_stop_id': 'MH-L-0', 'trip_id': '0-1-5', 'agency_name': 'Unknown'}, {'duration': 30, 'departure_time': 14100, 'arrival_time': 14130, 'day': 'current_day', 'from_stop_id': 'MH-L-0', 'to_stop_id': 'MH-L-2', 'trip_id': 'walking', 'agency_name': 'Unknown'}, {'duration': 330, 'departure_time': 14340, 'arrival_time': 14670, 'day': 'current_day', 'from_stop_id': 'MH-L-2', 'to_stop_id': '27-2', 'trip_id': '2-0-18', 'agency_name': 'Unknown'}]}"
136,40,12030,inter,right,669,[137],[40],500,375,0,0,12405,12465.0,16590.0,16650.0,4125.0,4.0,137,40,,,pt,4620.0,16650.0,4620.0,"{'duration': 4125, 'source_transfer_time': 0, 'waiting_time': 45, 'trip_time': 4080, 'num_transfers': 4, 'departure_time': 12465, 'departure_day': 'current_day', 'arrival_time': 16590, 'arrival_day': 'current_day', 'steps': [{'duration': 450, 'departure_time': 12510, 'arrival_time': 12960, 'day': 'current_day', 'from_stop_id': '137-2', 'to_stop_id': 'MH-R-2', 'trip_id': '4-1-16', 'agency_name': 'Unknown'}, {'duration': 30, 'departure_time': 12960, 'arrival_time': 12990, 'day': 'current_day', 'from_stop_id': 'MH-R-2', 'to_stop_id': 'MH-R-0', 'trip_id': 'walking', 'agency_name': 'Unknown'}, {'duration': 1500, 'departure_time': 14400, 'arrival_time': 15900, 'day': 'current_day', 'from_stop_id': 'MH-R-0', 'to_stop_id': 'MH-L-0', 'trip_id': '0-1-6', 'agency_name': 'Unknown'}, {'duration': 30, 'departure_time': 15900, 'arrival_time': 15930, 'day': 'current_day', 'from_stop_id': 'MH-L-0', 'to_stop_id': 'MH-L-5', 'trip_id': 'walking', 'agency_name': 'Unknown'}, {'duration': 450, 'departure_time': 16140, 'arrival_time': 16590, 'day': 'current_day', 'from_stop_id': 'MH-L-5', 'to_stop_id': '40-5', 'trip_id': '8-1-21', 'agency_name': 'Unknown'}]}"
132,42,3900,inter,right,670,[132],[20; 30; 40; 60],0,0,1000,751,3900,3960.0,7590.0,7650.0,3630.0,4.0,132,40,,,pt,4501.0,8401.0,4501.0,"{'duration': 3630, 'source_transfer_time': 0, 'waiting_time': 150, 'trip_time': 3480, 'num_transfers': 4, 'departure_time': 3960, 'departure_day': 'current_day', 'arrival_time': 7590, 'arrival_day': 'current_day', 'steps': [{'duration': 1050, 'departure_time': 4110, 'arrival_time': 5160, 'day': 'current_day', 'from_stop_id': '132-4', 'to_stop_id': 'MH-R-4', 'trip_id': '9-0-3', 'agency_name': 'Unknown'}, {'duration': 30, 'departure_time': 5160, 'arrival_time': 5190, 'day': 'current_day', 'from_stop_id': 'MH-R-4', 'to_stop_id': 'MH-R-0', 'trip_id': 'walking', 'agency_name': 'Unknown'}, {'duration': 1500, 'departure_time': 5400, 'arrival_time': 6900, 'day': 'current_day', 'from_stop_id': 'MH-R-0', 'to_stop_id': 'MH-L-0', 'trip_id': '0-1-1', 'agency_name': 'Unknown'}, {'duration': 30, 'departure_time': 6900, 'arrival_time': 6930, 'day': 'current_day', 'from_stop_id': 'MH-L-0', 'to_stop_id': 'MH-L-5', 'trip_id': 'walking', 'agency_name': 'Unknown'}, {'duration': 450, 'departure_time': 7140, 'arrival_time': 7590, 'day': 'current_day', 'from_stop_id': 'MH-L-5', 'to_stop_id': '40-5', 'trip_id': '8-1-6', 'agency_name': 'Unknown'}]}"
156,8,11520,inter,right,671,[156],[9; 19],0,0,500,375,11520,11580.0,15150.0,15210.0,3570.0,4.0,156,19,,,pt,4065.0,15585.0,4065.0,"{'duration': 3570, 'source_transfer_time': 0, 'waiting_time': 210, 'trip_time': 3360, 'num_transfers': 4, 'departure_time': 11580, 'departure_day': 'current_day', 'arrival_time': 15150, 'arrival_day': 'current_day', 'steps': [{'duration': 570, 'departure_time': 11790, 'arrival_time': 12360, 'day': 'current_day', 'from_stop_id': '156-4', 'to_stop_id': 'MH-R-4', 'trip_id': '9-0-15', 'agency_name': 'Unknown'}, {'duration': 30, 'departure_time': 12360, 'arrival_time': 12390, 'day': 'current_day', 'from_stop_id': 'MH-R-4', 'to_stop_id': 'MH-R-0', 'trip_id': 'walking', 'agency_name': 'Unknown'}, {'duration': 1500, 'departure_time': 12600, 'arrival_time': 14100, 'day': 'current_day', 'from_stop_id': 'MH-R-0', 'to_stop_id': 'MH-L-0', 'trip_id': '0-1-5', 'agency_name': 'Unknown'}, {'duration': 30, 'departure_time': 14100, 'arrival_time': 14130, 'day': 'current_day', 'from_stop_id': 'MH-L-0', 'to_stop_id': 'MH-L-5', 'trip_id': 'walking', 'agency_name': 'Unknown'}, {'duration': 810, 'departure_time': 14340, 'arrival_time': 15150, 'day': 'current_day', 'from_stop_id': 'MH-L-5', 'to_stop_id': '19-5', 'trip_id': '8-1-18', 'agency_name': 'Unknown'}]}"
235,38,7950,inter,right,672,[224; 236],[38],500,375,0,0,8325,8385.0,12750.0,12810.0,4365.0,4.0,224,38,,,pt,4860.0,12810.0,4860.0,"{'duration': 4365, 'source_transfer_time': 0, 'waiting_time': 45, 'trip_time': 4320, 'num_transfers': 4, 'departure_time': 8385, 'departure_day': 'current_day', 'arrival_time': 12750, 'arrival_day': 'current_day', 'steps': [{'duration': 930, 'departure_time': 8430, 'arrival_time': 9360, 'day': 'current_day', 'from_stop_id': '224-4', 'to_stop_id': 'MH-R-4', 'trip_id': '9-1-10', 'agency_name': 'Unknown'}, {'duration': 30, 'departure_time': 9360, 'arrival_time': 9390, 'day': 'current_day', 'from_stop_id': 'MH-R-4', 'to_stop_id': 'MH-R-0', 'trip_id': 'walking', 'agency_name': 'Unknown'}, {'duration': 1500, 'departure_time': 10800, 'arrival_time': 12300, 'day': 'current_day', 'from_stop_id': 'MH-R-0', 'to_stop_id': 'MH-L-0', 'trip_id': '0-1-4', 'agency_name': 'Unknown'}, {'duration': 30, 'departure_time': 12300, 'arrival_time': 12330, 'day': 'current_day', 'from_stop_id': 'MH-L-0', 'to_stop_id': 'MH-L-2', 'trip_id': 'walking', 'agency_name': 'Unknown'}, {'duration': 210, 'departure_time': 12540, 'arrival_time': 12750, 'day': 'current_day', 'from_stop_id': 'MH-L-2', 'to_stop_id': '38-2', 'trip_id': '2-0-15', 'agency_name': 'Unknown'}]}"
236,21,10440,inter,right,673,[236],[10; 20],0,0,500,375,10440,10500.0,15270.0,15330.0,4770.0,4.0,236,20,,,pt,5265.0,15705.0,5265.0,"{'duration': 4770, 'source_transfer_time': 0, 'waiting_time': 90, 'trip_time': 4680, 'num_transfers': 4, 'departure_time': 10500, 'departure_day': 'current_day', 'arrival_time': 15270, 'arrival_day': 'current_day', 'steps': [{'duration': 1170, 'departure_time': 10590, 'arrival_time': 11760, 'day': 'current_day', 'from_stop_id': '236-4', 'to_stop_id': 'MH-R-4', 'trip_id': '9-1-14', 'agency_name': 'Unknown'}, {'duration': 30, 'departure_time': 11760, 'arrival_time': 11790, 'day': 'current_day', 'from_stop_id': 'MH-R-4', 'to_stop_id': 'MH-R-0', 'trip_id': 'walking', 'agency_name': 'Unknown'}, {'duration': 1500, 'departure_time': 12600, 'arrival_time': 14100, 'day': 'current_day', 'from_stop_id': 'MH-R-0', 'to_stop_id': 'MH-L-0', 'trip_id': '0-1-5', 'agency_name': 'Unknown'}, {'duration': 30, 'departure_time': 14100, 'arrival_time': 14130, 'day': 'current_day', 'from_stop_id': 'MH-L-0', 'to_stop_id': 'MH-L-5', 'trip_id': 'walking', 'agency_name': 'Unknown'}, {'duration': 930, 'departure_time': 14340, 'arrival_time': 15270, 'day': 'current_day', 'from_stop_id': 'MH-L-5', 'to_stop_id': '20-5', 'trip_id': '8-1-18', 'agency_name': 'Unknown'}]}"
214,19,4980,inter,right,674,[213; 225],[19],500,375,0,0,5355,5415.0,9750.0,9810.0,4335.0,4.0,213,19,,,pt,4830.0,9810.0,4830.0,"{'duration': 4335, 'source_transfer_time': 0, 'waiting_time': 135, 'trip_time': 4200, 'num_transfers': 4, 'departure_time': 5415, 'departure_day': 'current_day', 'arrival_time': 9750, 'arrival_day': 'current_day', 'steps': [{'duration': 810, 'departure_time': 5550, 'arrival_time': 6360, 'day': 'current_day', 'from_stop_id': '213-4', 'to_stop_id': 'MH-R-4', 'trip_id': '9-1-5', 'agency_name': 'Unknown'}, {'duration': 30, 'departure_time': 6360, 'arrival_time': 6390, 'day': 'current_day', 'from_stop_id': 'MH-R-4', 'to_stop_id': 'MH-R-0', 'trip_id': 'walking', 'agency_name': 'Unknown'}, {'duration': 1500, 'departure_time': 7200, 'arrival_time': 8700, 'day': 'current_day', 'from_stop_id': 'MH-R-0', 'to_stop_id': 'MH-L-0', 'trip_id': '0-1-2', 'agency_name': 'Unknown'}, {'duration': 30, 'departure_time': 8700, 'arrival_time': 8730, 'day': 'current_day', 'from_stop_id': 'MH-L-0', 'to_stop_id': 'MH-L-5', 'trip_id': 'walking', 'agency_name': 'Unknown'}, {'duration': 810, 'departure_time': 8940, 'arrival_time': 9750, 'day': 'current_day', 'from_stop_id': 'MH-L-5', 'to_stop_id': '19-5', 'trip_id': '8-1-9', 'agency_name': 'Unknown'}]}"
124,45,13680,inter,right,675,[126],[55],1000,751,500,375,14431,14491.0,18390.0,18450.0,3899.0,4.0,126,55,,,pt,5145.0,18825.0,5145.0,"{'duration': 3899, 'source_transfer_time': 0, 'waiting_time': 299, 'trip_time': 3600, 'num_transfers': 4, 'departure_time': 14491, 'departure_day': 'current_day', 'arrival_time': 18390, 'arrival_day': 'current_day', 'steps': [{'duration': 570, 'departure_time': 14790, 'arrival_time': 15360, 'day': 'current_day', 'from_stop_id': '126-2', 'to_stop_id': 'MH-R-2', 'trip_id': '4-1-20', 'agency_name': 'Unknown'}, {'duration': 30, 'departure_time': 15360, 'arrival_time': 15390, 'day': 'current_day', 'from_stop_id': 'MH-R-2', 'to_stop_id': 'MH-R-0', 'trip_id': 'walking', 'agency_name': 'Unknown'}, {'duration': 1500, 'departure_time': 16200, 'arrival_time': 17700, 'day': 'current_day', 'from_stop_id': 'MH-R-0', 'to_stop_id': 'MH-L-0', 'trip_id': '0-1-7', 'agency_name': 'Unknown'}, {'duration': 30, 'departure_time': 17700, 'arrival_time': 17730, 'day': 'current_day', 'from_stop_id': 'MH-L-0', 'to_stop_id': 'MH-L-1', 'trip_id': 'walking', 'agency_name': 'Unknown'}, {'duration': 450, 'departure_time': 17940, 'arrival_time': 18390, 'day': 'current_day', 'from_stop_id': 'MH-L-1', 'to_stop_id': '55-1', 'trip_id': '1-1-24', 'agency_name': 'Unknown'}]}"
155,43,12510,inter,right,676,[144; 156],[61],500,375,1000,751,12885,12945.0,16710.0,16770.0,3765.0,4.0,144,61,,,pt,5011.0,17521.0,5011.0,"{'duration': 3765, 'source_transfer_time': 0, 'waiting_time': 405, 'trip_time': 3360, 'num_transfers': 4, 'departure_time': 12945, 'departure_day': 'current_day', 'arrival_time': 16710, 'arrival_day': 'current_day', 'steps': [{'duration': 810, 'departure_time': 13350, 'arrival_time': 14160, 'day': 'current_day', 'from_stop_id': '144-4', 'to_stop_id': 'MH-R-4', 'trip_id': '9-0-18', 'agency_name': 'Unknown'}, {'duration': 30, 'departure_time': 14160, 'arrival_time': 14190, 'day': 'current_day', 'from_stop_id': 'MH-R-4', 'to_stop_id': 'MH-R-0', 'trip_id': 'walking', 'agency_name': 'Unknown'}, {'duration': 1500, 'departure_time': 14400, 'arrival_time': 15900, 'day': 'current_day', 'from_stop_id': 'MH-R-0', 'to_stop_id': 'MH-L-0', 'trip_id': '0-1-6', 'agency_name': 'Unknown'}, {'duration': 30, 'departure_time': 15900, 'arrival_time': 15930, 'day': 'current_day', 'from_stop_id': 'MH-L-0', 'to_stop_id': 'MH-L-1', 'trip_id': 'walking', 'agency_name': 'Unknown'}, {'duration': 570, 'departure_time': 16140, 'arrival_time': 16710, 'day': 'current_day', 'from_stop_id': 'MH-L-1', 'to_stop_id': '61-1', 'trip_id': '1-0-21', 'agency_name': 'Unknown'}]}"
178,47,11520,inter,right,677,[178],[47],0,0,0,0,11520,11580.0,14670.0,14730.0,3090.0,4.0,178,47,,,pt,3210.0,14730.0,3210.0,"{'duration': 3090, 'source_transfer_time': 0, 'waiting_time': 570, 'trip_time': 2520, 'num_transfers': 4, 'departure_time': 11580, 'departure_day': 'current_day', 'arrival_time': 14670, 'arrival_day': 'current_day', 'steps': [{'duration': 210, 'departure_time': 12150, 'arrival_time': 12360, 'day': 'current_day', 'from_stop_id': '178-1', 'to_stop_id': 'MH-R-1', 'trip_id': '3-0-15', 'agency_name': 'Unknown'}, {'duration': 30, 'departure_time': 12360, 'arrival_time': 12390, 'day': 'current_day', 'from_stop_id': 'MH-R-1', 'to_stop_id': 'MH-R-0', 'trip_id': 'walking', 'agency_name': 'Unknown'}, {'duration': 1500, 'departure_time': 12600, 'arrival_time': 14100, 'day': 'current_day', 'from_stop_id': 'MH-R-0', 'to_stop_id': 'MH-L-0', 'trip_id': '0-1-5', 'agency_name': 'Unknown'}, {'duration': 30, 'departure_time': 14100, 'arrival_time': 14130, 'day': 'current_day', 'from_stop_id': 'MH-L-0', 'to_stop_id': 'MH-L-4', 'trip_id': 'walking', 'agency_name': 'Unknown'}, {'duration': 330, 'departure_time': 14340, 'arrival_time': 14670, 'day': 'current_day', 'from_stop_id': 'MH-L-4', 'to_stop_id': '47-4', 'trip_id': '7-1-18', 'agency_name': 'Unknown'}]}"
195,46,4200,inter,right,678,[196; 206],[35; 47; 56],500,375,500,375,4575,4635.0,7470.0,7530.0,2835.0,4.0,196,47,,,pt,3705.0,7905.0,3705.0,"{'duration': 2835, 'source_transfer_time': 0, 'waiting_time': 75, 'trip_time': 2760, 'num_transfers': 4, 'departure_time': 4635, 'departure_day': 'current_day', 'arrival_time': 7470, 'arrival_day': 'current_day', 'steps': [{'duration': 450, 'departure_time': 4710, 'arrival_time': 5160, 'day': 'current_day', 'from_stop_id': '196-5', 'to_stop_id': 'MH-R-5', 'trip_id': '10-1-3', 'agency_name': 'Unknown'}, {'duration': 30, 'departure_time': 5160, 'arrival_time': 5190, 'day': 'current_day', 'from_stop_id': 'MH-R-5', 'to_stop_id': 'MH-R-0', 'trip_id': 'walking', 'agency_name': 'Unknown'}, {'duration': 1500, 'departure_time': 5400, 'arrival_time': 6900, 'day': 'current_day', 'from_stop_id': 'MH-R-0', 'to_stop_id': 'MH-L-0', 'trip_id': '0-1-1', 'agency_name': 'Unknown'}, {'duration': 30, 'departure_time': 6900, 'arrival_time': 6930, 'day': 'current_day', 'from_stop_id': 'MH-L-0', 'to_stop_id': 'MH-L-4', 'trip_id': 'walking', 'agency_name': 'Unknown'}, {'duration': 330, 'departure_time': 7140, 'arrival_time': 7470, 'day': 'current_day', 'from_stop_id': 'MH-L-4', 'to_stop_id': '47-4', 'trip_id': '7-1-6', 'agency_name': 'Unknown'}]}"
123,14,7920,inter,right,679,[121; 133; 145],[12; 16; 24; 36],1000,751,1000,751,8671,8731.0,12990.0,13050.0,4259.0,4.0,121,16,,,pt,5881.0,13801.0,5881.0,"{'duration': 4259, 'source_transfer_time': 0, 'waiting_time': 59, 'trip_time': 4200, 'num_transfers': 4, 'departure_time': 8731, 'departure_day': 'current_day', 'arrival_time': 12990, 'arrival_day': 'current_day', 'steps': [{'duration': 1170, 'departure_time': 8790, 'arrival_time': 9960, 'day': 'current_day', 'from_stop_id': '121-4', 'to_stop_id': 'MH-R-4', 'trip_id': '9-0-11', 'agency_name': 'Unknown'}, {'duration': 30, 'departure_time': 9960, 'arrival_time': 9990, 'day': 'current_day', 'from_stop_id': 'MH-R-4', 'to_stop_id': 'MH-R-0', 'trip_id': 'walking', 'agency_name': 'Unknown'}, {'duration': 1500, 'departure_time': 10800, 'arrival_time': 12300, 'day': 'current_day', 'from_stop_id': 'MH-R-0', 'to_stop_id': 'MH-L-0', 'trip_id': '0-1-4', 'agency_name': 'Unknown'}, {'duration': 30, 'departure_time': 12300, 'arrival_time': 12330, 'day': 'current_day', 'from_stop_id': 'MH-L-0', 'to_stop_id': 'MH-L-2', 'trip_id': 'walking', 'agency_name': 'Unknown'}, {'duration': 450, 'departure_time': 12540, 'arrival_time': 12990, 'day': 'current_day', 'from_stop_id': 'MH-L-2', 'to_stop_id': '16-2', 'trip_id': '2-0-15', 'agency_name': 'Unknown'}]}"
129,43,13800,inter,right,680,[130; 140],[61],500,375,1000,751,14175,14235.0,18510.0,18570.0,4275.0,4.0,130,61,,,pt,5521.0,19321.0,5521.0,"{'duration': 4275, 'source_transfer_time': 0, 'waiting_time': 75, 'trip_time': 4200, 'num_transfers': 4, 'departure_time': 14235, 'departure_day': 'current_day', 'arrival_time': 18510, 'arrival_day': 'current_day', 'steps': [{'duration': 1050, 'departure_time': 14310, 'arrival_time': 15360, 'day': 'current_day', 'from_stop_id': '130-5', 'to_stop_id': 'MH-R-5', 'trip_id': '10-0-20', 'agency_name': 'Unknown'}, {'duration': 30, 'departure_time': 15360, 'arrival_time': 15390, 'day': 'current_day', 'from_stop_id': 'MH-R-5', 'to_stop_id': 'MH-R-0', 'trip_id': 'walking', 'agency_name': 'Unknown'}, {'duration': 1500, 'departure_time': 16200, 'arrival_time': 17700, 'day': 'current_day', 'from_stop_id': 'MH-R-0', 'to_stop_id': 'MH-L-0', 'trip_id': '0-1-7', 'agency_name': 'Unknown'}, {'duration': 30, 'departure_time': 17700, 'arrival_time': 17730, 'day': 'current_day', 'from_stop_id': 'MH-L-0', 'to_stop_id': 'MH-L-1', 'trip_id': 'walking', 'agency_name': 'Unknown'}, {'duration': 570, 'departure_time': 17940, 'arrival_time': 18510, 'day': 'current_day', 'from_stop_id': 'MH-L-1', 'to_stop_id': '61-1', 'trip_id': '1-0-24', 'agency_name': 'Unknown'}]}"
178,87,3810,inter,right,681,[178],[76; 86; 88],0,0,500,375,3810,3870.0,7470.0,7530.0,3600.0,4.0,178,76,,,pt,4095.0,7905.0,4095.0,"{'duration': 3600, 'source_transfer_time': 0, 'waiting_time': 480, 'trip_time': 3120, 'num_transfers': 4, 'departure_time': 3870, 'departure_day': 'current_day', 'arrival_time': 7470, 'arrival_day': 'current_day', 'steps': [{'duration': 210, 'departure_time': 4350, 'arrival_time': 4560, 'day': 'current_day', 'from_stop_id': '178-1', 'to_stop_id': 'MH-R-1', 'trip_id': '3-0-2', 'agency_name': 'Unknown'}, {'duration': 30, 'departure_time': 4560, 'arrival_time': 4590, 'day': 'current_day', 'from_stop_id': 'MH-R-1', 'to_stop_id': 'MH-R-0', 'trip_id': 'walking', 'agency_name': 'Unknown'}, {'duration': 1500, 'departure_time': 5400, 'arrival_time': 6900, 'day': 'current_day', 'from_stop_id': 'MH-R-0', 'to_stop_id': 'MH-L-0', 'trip_id': '0-1-1', 'agency_name': 'Unknown'}, {'duration': 30, 'departure_time': 6900, 'arrival_time': 6930, 'day': 'current_day', 'from_stop_id': 'MH-L-0', 'to_stop_id': 'MH-L-5', 'trip_id': 'walking', 'agency_name': 'Unknown'}, {'duration': 330, 'departure_time': 7140, 'arrival_time': 7470, 'day': 'current_day', 'from_stop_id': 'MH-L-5', 'to_stop_id': '76-5', 'trip_id': '8-0-6', 'agency_name': 'Unknown'}]}"
151,41,13680,inter,right,682,[151],[30; 40],0,0,500,375,13680,13740.0,18390.0,18450.0,4650.0,4.0,151,40,,,pt,5145.0,18825.0,5145.0,"{'duration': 4650, 'source_transfer_time': 0, 'waiting_time': 330, 'trip_time': 4320, 'num_transfers': 4, 'departure_time': 13740, 'departure_day': 'current_day', 'arrival_time': 18390, 'arrival_day': 'current_day', 'steps': [{'duration': 690, 'departure_time': 14070, 'arrival_time': 14760, 'day': 'current_day', 'from_stop_id': '151-5', 'to_stop_id': 'MH-R-5', 'trip_id': '10-0-19', 'agency_name': 'Unknown'}, {'duration': 30, 'departure_time': 14760, 'arrival_time': 14790, 'day': 'current_day', 'from_stop_id': 'MH-R-5', 'to_stop_id': 'MH-R-0', 'trip_id': 'walking', 'agency_name': 'Unknown'}, {'duration': 1500, 'departure_time': 16200, 'arrival_time': 17700, 'day': 'current_day', 'from_stop_id': 'MH-R-0', 'to_stop_id': 'MH-L-0', 'trip_id': '0-1-7', 'agency_name': 'Unknown'}, {'duration': 30, 'departure_time': 17700, 'arrival_time': 17730, 'day': 'current_day', 'from_stop_id': 'MH-L-0', 'to_stop_id': 'MH-L-5', 'trip_id': 'walking', 'agency_name': 'Unknown'}, {'duration': 450, 'departure_time': 17940, 'arrival_time': 18390, 'day': 'current_day', 'from_stop_id': 'MH-L-5', 'to_stop_id': '40-5', 'trip_id': '8-1-24', 'agency_name': 'Unknown'}]}"
234,39,11220,inter,right,683,[212; 224; 236],[39],1000,751,0,0,11971,12031.0,16470.0,16530.0,4439.0,4.0,212,39,,,pt,5310.0,16530.0,5310.0,"{'duration': 4439, 'source_transfer_time': 0, 'waiting_time': 239, 'trip_time': 4200, 'num_transfers': 4, 'departure_time': 12031, 'departure_day': 'current_day', 'arrival_time': 16470, 'arrival_day': 'current_day', 'steps': [{'duration': 690, 'departure_time': 12270, 'arrival_time': 12960, 'day': 'current_day', 'from_stop_id': '212-4', 'to_stop_id': 'MH-R-4', 'trip_id': '9-1-16', 'agency_name': 'Unknown'}, {'duration': 30, 'departure_time': 12960, 'arrival_time': 12990, 'day': 'current_day', 'from_stop_id': 'MH-R-4', 'to_stop_id': 'MH-R-0', 'trip_id': 'walking', 'agency_name': 'Unknown'}, {'duration': 1500, 'departure_time': 14400, 'arrival_time': 15900, 'day': 'current_day', 'from_stop_id': 'MH-R-0', 'to_stop_id': 'MH-L-0', 'trip_id': '0-1-6', 'agency_name': 'Unknown'}, {'duration': 30, 'departure_time': 15900, 'arrival_time': 15930, 'day': 'current_day', 'from_stop_id': 'MH-L-0', 'to_stop_id': 'MH-L-5', 'trip_id': 'walking', 'agency_name': 'Unknown'}, {'duration': 330, 'departure_time': 16140, 'arrival_time': 16470, 'day': 'current_day', 'from_stop_id': 'MH-L-5', 'to_stop_id': '39-5', 'trip_id': '8-1-21', 'agency_name': 'Unknown'}]}"
221,25,7380,inter,right,684,[220],[24; 36],500,375,500,375,7755,7815.0,11190.0,11250.0,3375.0,4.0,220,36,,,pt,4245.0,11625.0,4245.0,"{'duration': 3375, 'source_transfer_time': 0, 'waiting_time': 495, 'trip_time': 2880, 'num_transfers': 4, 'departure_time': 7815, 'departure_day': 'current_day', 'arrival_time': 11190, 'arrival_day': 'current_day', 'steps': [{'duration': 450, 'departure_time': 8310, 'arrival_time': 8760, 'day': 'current_day', 'from_stop_id': '220-2', 'to_stop_id': 'MH-R-2', 'trip_id': '4-0-9', 'agency_name': 'Unknown'}, {'duration': 30, 'departure_time': 8760, 'arrival_time': 8790, 'day': 'current_day', 'from_stop_id': 'MH-R-2', 'to_stop_id': 'MH-R-0', 'trip_id': 'walking', 'agency_name': 'Unknown'}, {'duration': 1500, 'departure_time': 9000, 'arrival_time': 10500, 'day': 'current_day', 'from_stop_id': 'MH-R-0', 'to_stop_id': 'MH-L-0', 'trip_id': '0-1-3', 'agency_name': 'Unknown'}, {'duration': 30, 'departure_time': 10500, 'arrival_time': 10530, 'day': 'current_day', 'from_stop_id': 'MH-L-0', 'to_stop_id': 'MH-L-4', 'trip_id': 'walking', 'agency_name': 'Unknown'}, {'duration': 450, 'departure_time': 10740, 'arrival_time': 11190, 'day': 'current_day', 'from_stop_id': 'MH-L-4', 'to_stop_id': '36-4', 'trip_id': '7-1-12', 'agency_name': 'Unknown'}]}"
220,9,10950,inter,right,685,[220],[9],0,0,0,0,10950,11010.0,15390.0,15450.0,4380.0,4.0,220,9,,,pt,4500.0,15450.0,4500.0,"{'duration': 4380, 'source_transfer_time': 0, 'waiting_time': 300, 'trip_time': 4080, 'num_transfers': 4, 'departure_time': 11010, 'departure_day': 'current_day', 'arrival_time': 15390, 'arrival_day': 'current_day', 'steps': [{'duration': 450, 'departure_time': 11310, 'arrival_time': 11760, 'day': 'current_day', 'from_stop_id': '220-2', 'to_stop_id': 'MH-R-2', 'trip_id': '4-0-14', 'agency_name': 'Unknown'}, {'duration': 30, 'departure_time': 11760, 'arrival_time': 11790, 'day': 'current_day', 'from_stop_id': 'MH-R-2', 'to_stop_id': 'MH-R-0', 'trip_id': 'walking', 'agency_name': 'Unknown'}, {'duration': 1500, 'departure_time': 12600, 'arrival_time': 14100, 'day': 'current_day', 'from_stop_id': 'MH-R-0', 'to_stop_id': 'MH-L-0', 'trip_id': '0-1-5', 'agency_name': 'Unknown'}, {'duration': 30, 'departure_time': 14100, 'arrival_time': 14130, 'day': 'current_day', 'from_stop_id': 'MH-L-0', 'to_stop_id': 'MH-L-5', 'trip_id': 'walking', 'agency_name': 'Unknown'}, {'duration': 1050, 'departure_time': 14340, 'arrival_time': 15390, 'day': 'current_day', 'from_stop_id': 'MH-L-5', 'to_stop_id': '9-5', 'trip_id': '8-1-18', 'agency_name': 'Unknown'}]}"
169,97,4560,inter,right,686,[169],[86; 96],0,0,500,375,4560,4620.0,7710.0,7770.0,3090.0,4.0,169,86,,,pt,3585.0,8145.0,3585.0,"{'duration': 3090, 'source_transfer_time': 0, 'waiting_time': 330, 'trip_time': 2760, 'num_transfers': 4, 'departure_time': 4620, 'departure_day': 'current_day', 'arrival_time': 7710, 'arrival_day': 'current_day', 'steps': [{'duration': 210, 'departure_time': 4950, 'arrival_time': 5160, 'day': 'current_day', 'from_stop_id': '169-4', 'to_stop_id': 'MH-R-4', 'trip_id': '9-0-3', 'agency_name': 'Unknown'}, {'duration': 30, 'departure_time': 5160, 'arrival_time': 5190, 'day': 'current_day', 'from_stop_id': 'MH-R-4', 'to_stop_id': 'MH-R-0', 'trip_id': 'walking', 'agency_name': 'Unknown'}, {'duration': 1500, 'departure_time': 5400, 'arrival_time': 6900, 'day': 'current_day', 'from_stop_id': 'MH-R-0', 'to_stop_id': 'MH-L-0', 'trip_id': '0-1-1', 'agency_name': 'Unknown'}, {'duration': 30, 'departure_time': 6900, 'arrival_time': 6930, 'day': 'current_day', 'from_stop_id': 'MH-L-0', 'to_stop_id': 'MH-L-5', 'trip_id': 'walking', 'agency_name': 'Unknown'}, {'duration': 570, 'departure_time': 7140, 'arrival_time': 7710, 'day': 'current_day', 'from_stop_id': 'MH-L-5', 'to_stop_id': '86-5', 'trip_id': '8-0-6', 'agency_name': 'Unknown'}]}"
204,99,14280,inter,right,687,[206; 216; 226],[99],1000,751,0,0,15031,15091.0,18390.0,18450.0,3299.0,4.0,206,99,,,pt,4170.0,18450.0,4170.0,"{'duration': 3299, 'source_transfer_time': 0, 'waiting_time': 179, 'trip_time': 3120, 'num_transfers': 4, 'departure_time': 15091, 'departure_day': 'current_day', 'arrival_time': 18390, 'arrival_day': 'current_day', 'steps': [{'duration': 690, 'departure_time': 15270, 'arrival_time': 15960, 'day': 'current_day', 'from_stop_id': '206-5', 'to_stop_id': 'MH-R-5', 'trip_id': '10-1-21', 'agency_name': 'Unknown'}, {'duration': 30, 'departure_time': 15960, 'arrival_time': 15990, 'day': 'current_day', 'from_stop_id': 'MH-R-5', 'to_stop_id': 'MH-R-0', 'trip_id': 'walking', 'agency_name': 'Unknown'}, {'duration': 1500, 'departure_time': 16200, 'arrival_time': 17700, 'day': 'current_day', 'from_stop_id': 'MH-R-0', 'to_stop_id': 'MH-L-0', 'trip_id': '0-1-7', 'agency_name': 'Unknown'}, {'duration': 30, 'departure_time': 17700, 'arrival_time': 17730, 'day': 'current_day', 'from_stop_id': 'MH-L-0', 'to_stop_id': 'MH-L-2', 'trip_id': 'walking', 'agency_name': 'Unknown'}, {'duration': 450, 'departure_time': 17940, 'arrival_time': 18390, 'day': 'current_day', 'from_stop_id': 'MH-L-2', 'to_stop_id': '99-2', 'trip_id': '2-1-24', 'agency_name': 'Unknown'}]}"
210,90,7770,inter,right,688,[209],[79; 91],500,375,500,375,8145,8205.0,11190.0,11250.0,2985.0,4.0,209,79,,,pt,3855.0,11625.0,3855.0,"{'duration': 2985, 'source_transfer_time': 0, 'waiting_time': 225, 'trip_time': 2760, 'num_transfers': 4, 'departure_time': 8205, 'departure_day': 'current_day', 'arrival_time': 11190, 'arrival_day': 'current_day', 'steps': [{'duration': 330, 'departure_time': 8430, 'arrival_time': 8760, 'day': 'current_day', 'from_stop_id': '209-2', 'to_stop_id': 'MH-R-2', 'trip_id': '4-0-9', 'agency_name': 'Unknown'}, {'duration': 30, 'departure_time': 8760, 'arrival_time': 8790, 'day': 'current_day', 'from_stop_id': 'MH-R-2', 'to_stop_id': 'MH-R-0', 'trip_id': 'walking', 'agency_name': 'Unknown'}, {'duration': 1500, 'departure_time': 9000, 'arrival_time': 10500, 'day': 'current_day', 'from_stop_id': 'MH-R-0', 'to_stop_id': 'MH-L-0', 'trip_id': '0-1-3', 'agency_name': 'Unknown'}, {'duration': 30, 'departure_time': 10500, 'arrival_time': 10530, 'day': 'current_day', 'from_stop_id': 'MH-L-0', 'to_stop_id': 'MH-L-4', 'trip_id': 'walking', 'agency_name': 'Unknown'}, {'duration': 450, 'departure_time': 10740, 'arrival_time': 11190, 'day': 'current_day', 'from_stop_id': 'MH-L-4', 'to_stop_id': '79-4', 'trip_id': '7-0-12', 'agency_name': 'Unknown'}]}"
142,80,6510,inter,right,689,[131; 141],[80],500,375,0,0,6885,6945.0,11310.0,11370.0,4365.0,4.0,131,80,,,pt,4860.0,11370.0,4860.0,"{'duration': 4365, 'source_transfer_time': 0, 'waiting_time': 45, 'trip_time': 4320, 'num_transfers': 4, 'departure_time': 6945, 'departure_day': 'current_day', 'arrival_time': 11310, 'arrival_day': 'current_day', 'steps': [{'duration': 1170, 'departure_time': 6990, 'arrival_time': 8160, 'day': 'current_day', 'from_stop_id': '131-5', 'to_stop_id': 'MH-R-5', 'trip_id': '10-0-8', 'agency_name': 'Unknown'}, {'duration': 30, 'departure_time': 8160, 'arrival_time': 8190, 'day': 'current_day', 'from_stop_id': 'MH-R-5', 'to_stop_id': 'MH-R-0', 'trip_id': 'walking', 'agency_name': 'Unknown'}, {'duration': 1500, 'departure_time': 9000, 'arrival_time': 10500, 'day': 'current_day', 'from_stop_id': 'MH-R-0', 'to_stop_id': 'MH-L-0', 'trip_id': '0-1-3', 'agency_name': 'Unknown'}, {'duration': 30, 'departure_time': 10500, 'arrival_time': 10530, 'day': 'current_day', 'from_stop_id': 'MH-L-0', 'to_stop_id': 'MH-L-4', 'trip_id': 'walking', 'agency_name': 'Unknown'}, {'duration': 570, 'departure_time': 10740, 'arrival_time': 11310, 'day': 'current_day', 'from_stop_id': 'MH-L-4', 'to_stop_id': '80-4', 'trip_id': '7-0-12', 'agency_name': 'Unknown'}]}"
215,68,4500,inter,right,690,[216; 226],[68],500,375,0,0,4875,4935.0,9270.0,9330.0,4335.0,4.0,216,68,,,pt,4830.0,9330.0,4830.0,"{'duration': 4335, 'source_transfer_time': 0, 'waiting_time': 495, 'trip_time': 3840, 'num_transfers': 4, 'departure_time': 4935, 'departure_day': 'current_day', 'arrival_time': 9270, 'arrival_day': 'current_day', 'steps': [{'duration': 930, 'departure_time': 5430, 'arrival_time': 6360, 'day': 'current_day', 'from_stop_id': '216-5', 'to_stop_id': 'MH-R-5', 'trip_id': '10-1-5', 'agency_name': 'Unknown'}, {'duration': 30, 'departure_time': 6360, 'arrival_time': 6390, 'day': 'current_day', 'from_stop_id': 'MH-R-5', 'to_stop_id': 'MH-R-0', 'trip_id': 'walking', 'agency_name': 'Unknown'}, {'duration': 1500, 'departure_time': 7200, 'arrival_time': 8700, 'day': 'current_day', 'from_stop_id': 'MH-R-0', 'to_stop_id': 'MH-L-0', 'trip_id': '0-1-2', 'agency_name': 'Unknown'}, {'duration': 30, 'departure_time': 8700, 'arrival_time': 8730, 'day': 'current_day', 'from_stop_id': 'MH-L-0', 'to_stop_id': 'MH-L-4', 'trip_id': 'walking', 'agency_name': 'Unknown'}, {'duration': 330, 'departure_time': 8940, 'arrival_time': 9270, 'day': 'current_day', 'from_stop_id': 'MH-L-4', 'to_stop_id': '68-4', 'trip_id': '7-0-9', 'agency_name': 'Unknown'}]}"
187,75,10830,inter,right,691,[187],[75],0,0,0,0,10830,10890.0,14790.0,14850.0,3900.0,4.0,187,75,,,pt,4020.0,14850.0,4020.0,"{'duration': 3900, 'source_transfer_time': 0, 'waiting_time': 60, 'trip_time': 3840, 'num_transfers': 4, 'departure_time': 10890, 'departure_day': 'current_day', 'arrival_time': 14790, 'arrival_day': 'current_day', 'steps': [{'duration': 210, 'departure_time': 10950, 'arrival_time': 11160, 'day': 'current_day', 'from_stop_id': '187-5', 'to_stop_id': 'MH-R-5', 'trip_id': '10-1-13', 'agency_name': 'Unknown'}, {'duration': 30, 'departure_time': 11160, 'arrival_time': 11190, 'day': 'current_day', 'from_stop_id': 'MH-R-5', 'to_stop_id': 'MH-R-0', 'trip_id': 'walking', 'agency_name': 'Unknown'}, {'duration': 1500, 'departure_time': 12600, 'arrival_time': 14100, 'day': 'current_day', 'from_stop_id': 'MH-R-0', 'to_stop_id': 'MH-L-0', 'trip_id': '0-1-5', 'agency_name': 'Unknown'}, {'duration': 30, 'departure_time': 14100, 'arrival_time': 14130, 'day': 'current_day', 'from_stop_id': 'MH-L-0', 'to_stop_id': 'MH-L-5', 'trip_id': 'walking', 'agency_name': 'Unknown'}, {'duration': 450, 'departure_time': 14340, 'arrival_time': 14790, 'day': 'current_day', 'from_stop_id': 'MH-L-5', 'to_stop_id': '75-5', 'trip_id': '8-0-18', 'agency_name': 'Unknown'}]}"
161,50,13830,inter,right,692,[161],[40; 49; 58],0,0,500,375,13830,13890.0,18150.0,18210.0,4260.0,4.0,161,49,,,pt,4755.0,18585.0,4755.0,"{'duration': 4260, 'source_transfer_time': 0, 'waiting_time': 420, 'trip_time': 3840, 'num_transfers': 4, 'departure_time': 13890, 'departure_day': 'current_day', 'arrival_time': 18150, 'arrival_day': 'current_day', 'steps': [{'duration': 450, 'departure_time': 14310, 'arrival_time': 14760, 'day': 'current_day', 'from_stop_id': '161-5', 'to_stop_id': 'MH-R-5', 'trip_id': '10-0-19', 'agency_name': 'Unknown'}, {'duration': 30, 'departure_time': 14760, 'arrival_time': 14790, 'day': 'current_day', 'from_stop_id': 'MH-R-5', 'to_stop_id': 'MH-R-0', 'trip_id': 'walking', 'agency_name': 'Unknown'}, {'duration': 1500, 'departure_time': 16200, 'arrival_time': 17700, 'day': 'current_day', 'from_stop_id': 'MH-R-0', 'to_stop_id': 'MH-L-0', 'trip_id': '0-1-7', 'agency_name': 'Unknown'}, {'duration': 30, 'departure_time': 17700, 'arrival_time': 17730, 'day': 'current_day', 'from_stop_id': 'MH-L-0', 'to_stop_id': 'MH-L-5', 'trip_id': 'walking', 'agency_name': 'Unknown'}, {'duration': 210, 'departure_time': 17940, 'arrival_time': 18150, 'day': 'current_day', 'from_stop_id': 'MH-L-5', 'to_stop_id': '49-5', 'trip_id': '8-1-24', 'agency_name': 'Unknown'}]}"
227,44,3630,inter,right,693,[227],[54],0,0,500,375,3630,3690.0,7710.0,7770.0,4020.0,4.0,227,54,,,pt,4515.0,8145.0,4515.0,"{'duration': 4020, 'source_transfer_time': 0, 'waiting_time': 420, 'trip_time': 3600, 'num_transfers': 4, 'departure_time': 3690, 'departure_day': 'current_day', 'arrival_time': 7710, 'arrival_day': 'current_day', 'steps': [{'duration': 1050, 'departure_time': 4110, 'arrival_time': 5160, 'day': 'current_day', 'from_stop_id': '227-5', 'to_stop_id': 'MH-R-5', 'trip_id': '10-1-3', 'agency_name': 'Unknown'}, {'duration': 30, 'departure_time': 5160, 'arrival_time': 5190, 'day': 'current_day', 'from_stop_id': 'MH-R-5', 'to_stop_id': 'MH-R-0', 'trip_id': 'walking', 'agency_name': 'Unknown'}, {'duration': 1500, 'departure_time': 5400, 'arrival_time': 6900, 'day': 'current_day', 'from_stop_id': 'MH-R-0', 'to_stop_id': 'MH-L-0', 'trip_id': '0-1-1', 'agency_name': 'Unknown'}, {'duration': 30, 'departure_time': 6900, 'arrival_time': 6930, 'day': 'current_day', 'from_stop_id': 'MH-L-0', 'to_stop_id': 'MH-L-1', 'trip_id': 'walking', 'agency_name': 'Unknown'}, {'duration': 570, 'departure_time': 7140, 'arrival_time': 7710, 'day': 'current_day', 'from_stop_id': 'MH-L-1', 'to_stop_id': '54-1', 'trip_id': '1-1-6', 'agency_name': 'Unknown'}]}"
170,89,6630,inter,right,694,[170],[88],0,0,500,375,6630,6690.0,9270.0,9330.0,2580.0,4.0,170,88,,,pt,3075.0,9705.0,3075.0,"{'duration': 2580, 'source_transfer_time': 0, 'waiting_time': 60, 'trip_time': 2520, 'num_transfers': 4, 'departure_time': 6690, 'departure_day': 'current_day', 'arrival_time': 9270, 'arrival_day': 'current_day', 'steps': [{'duration': 210, 'departure_time': 6750, 'arrival_time': 6960, 'day': 'current_day', 'from_stop_id': '170-5', 'to_stop_id': 'MH-R-5', 'trip_id': '10-0-6', 'agency_name': 'Unknown'}, {'duration': 30, 'departure_time': 6960, 'arrival_time': 6990, 'day': 'current_day', 'from_stop_id': 'MH-R-5', 'to_stop_id': 'MH-R-0', 'trip_id': 'walking', 'agency_name': 'Unknown'}, {'duration': 1500, 'departure_time': 7200, 'arrival_time': 8700, 'day': 'current_day', 'from_stop_id': 'MH-R-0', 'to_stop_id': 'MH-L-0', 'trip_id': '0-1-2', 'agency_name': 'Unknown'}, {'duration': 30, 'departure_time': 8700, 'arrival_time': 8730, 'day': 'current_day', 'from_stop_id': 'MH-L-0', 'to_stop_id': 'MH-L-2', 'trip_id': 'walking', 'agency_name': 'Unknown'}, {'duration': 330, 'departure_time': 8940, 'arrival_time': 9270, 'day': 'current_day', 'from_stop_id': 'MH-L-2', 'to_stop_id': '88-2', 'trip_id': '2-1-9', 'agency_name': 'Unknown'}]}"
187,114,11490,inter,right,695,[187],[103; 115],0,0,500,375,11490,11550.0,15270.0,15330.0,3720.0,4.0,187,103,,,pt,4215.0,15705.0,4215.0,"{'duration': 3720, 'source_transfer_time': 0, 'waiting_time': 0, 'trip_time': 3720, 'num_transfers': 4, 'departure_time': 11550, 'departure_day': 'current_day', 'arrival_time': 15270, 'arrival_day': 'current_day', 'steps': [{'duration': 210, 'departure_time': 11550, 'arrival_time': 11760, 'day': 'current_day', 'from_stop_id': '187-5', 'to_stop_id': 'MH-R-5', 'trip_id': '10-1-14', 'agency_name': 'Unknown'}, {'duration': 30, 'departure_time': 11760, 'arrival_time': 11790, 'day': 'current_day', 'from_stop_id': 'MH-R-5', 'to_stop_id': 'MH-R-0', 'trip_id': 'walking', 'agency_name': 'Unknown'}, {'duration': 1500, 'departure_time': 12600, 'arrival_time': 14100, 'day': 'current_day', 'from_stop_id': 'MH-R-0', 'to_stop_id': 'MH-L-0', 'trip_id': '0-1-5', 'agency_name': 'Unknown'}, {'duration': 30, 'departure_time': 14100, 'arrival_time': 14130, 'day': 'current_day', 'from_stop_id': 'MH-L-0', 'to_stop_id': 'MH-L-4', 'trip_id': 'walking', 'agency_name': 'Unknown'}, {'duration': 930, 'departure_time': 14340, 'arrival_time': 15270, 'day': 'current_day', 'from_stop_id': 'MH-L-4', 'to_stop_id': '103-4', 'trip_id': '7-0-18', 'agency_name': 'Unknown'}]}"
178,99,13710,inter,right,696,[178],[99],0,0,0,0,13710,13770.0,16590.0,16650.0,2820.0,4.0,178,99,,,pt,2940.0,16650.0,2940.0,"{'duration': 2820, 'source_transfer_time': 0, 'waiting_time': 180, 'trip_time': 2640, 'num_transfers': 4, 'departure_time': 13770, 'departure_day': 'current_day', 'arrival_time': 16590, 'arrival_day': 'current_day', 'steps': [{'duration': 210, 'departure_time': 13950, 'arrival_time': 14160, 'day': 'current_day', 'from_stop_id': '178-1', 'to_stop_id': 'MH-R-1', 'trip_id': '3-0-18', 'agency_name': 'Unknown'}, {'duration': 30, 'departure_time': 14160, 'arrival_time': 14190, 'day': 'current_day', 'from_stop_id': 'MH-R-1', 'to_stop_id': 'MH-R-0', 'trip_id': 'walking', 'agency_name': 'Unknown'}, {'duration': 1500, 'departure_time': 14400, 'arrival_time': 15900, 'day': 'current_day', 'from_stop_id': 'MH-R-0', 'to_stop_id': 'MH-L-0', 'trip_id': '0-1-6', 'agency_name': 'Unknown'}, {'duration': 30, 'departure_time': 15900, 'arrival_time': 15930, 'day': 'current_day', 'from_stop_id': 'MH-L-0', 'to_stop_id': 'MH-L-2', 'trip_id': 'walking', 'agency_name': 'Unknown'}, {'duration': 450, 'departure_time': 16140, 'arrival_time': 16590, 'day': 'current_day', 'from_stop_id': 'MH-L-2', 'to_stop_id': '99-2', 'trip_id': '2-1-21', 'agency_name': 'Unknown'}]}"
182,21,10710,inter,right,697,[182],[10; 20],0,0,500,375,10710,10770.0,15270.0,15330.0,4500.0,4.0,182,20,,,pt,4995.0,15705.0,4995.0,"{'duration': 4500, 'source_transfer_time': 0, 'waiting_time': 420, 'trip_time': 4080, 'num_transfers': 4, 'departure_time': 10770, 'departure_day': 'current_day', 'arrival_time': 15270, 'arrival_day': 'current_day', 'steps': [{'duration': 570, 'departure_time': 11190, 'arrival_time': 11760, 'day': 'current_day', 'from_stop_id': '182-1', 'to_stop_id': 'MH-R-1', 'trip_id': '3-1-14', 'agency_name': 'Unknown'}, {'duration': 30, 'departure_time': 11760, 'arrival_time': 11790, 'day': 'current_day', 'from_stop_id': 'MH-R-1', 'to_stop_id': 'MH-R-0', 'trip_id': 'walking', 'agency_name': 'Unknown'}, {'duration': 1500, 'departure_time': 12600, 'arrival_time': 14100, 'day': 'current_day', 'from_stop_id': 'MH-R-0', 'to_stop_id': 'MH-L-0', 'trip_id': '0-1-5', 'agency_name': 'Unknown'}, {'duration': 30, 'departure_time': 14100, 'arrival_time': 14130, 'day': 'current_day', 'from_stop_id': 'MH-L-0', 'to_stop_id': 'MH-L-5', 'trip_id': 'walking', 'agency_name': 'Unknown'}, {'duration': 930, 'departure_time': 14340, 'arrival_time': 15270, 'day': 'current_day', 'from_stop_id': 'MH-L-5', 'to_stop_id': '20-5', 'trip_id': '8-1-18', 'agency_name': 'Unknown'}]}"
224,19,5550,inter,right,698,[224],[19],0,0,0,0,5550,5610.0,9750.0,9810.0,4140.0,4.0,224,19,,,pt,4260.0,9810.0,4260.0,"{'duration': 4140, 'source_transfer_time': 0, 'waiting_time': 420, 'trip_time': 3720, 'num_transfers': 4, 'departure_time': 5610, 'departure_day': 'current_day', 'arrival_time': 9750, 'arrival_day': 'current_day', 'steps': [{'duration': 930, 'departure_time': 6030, 'arrival_time': 6960, 'day': 'current_day', 'from_stop_id': '224-4', 'to_stop_id': 'MH-R-4', 'trip_id': '9-1-6', 'agency_name': 'Unknown'}, {'duration': 30, 'departure_time': 6960, 'arrival_time': 6990, 'day': 'current_day', 'from_stop_id': 'MH-R-4', 'to_stop_id': 'MH-R-0', 'trip_id': 'walking', 'agency_name': 'Unknown'}, {'duration': 1500, 'departure_time': 7200, 'arrival_time': 8700, 'day': 'current_day', 'from_stop_id': 'MH-R-0', 'to_stop_id': 'MH-L-0', 'trip_id': '0-1-2', 'agency_name': 'Unknown'}, {'duration': 30, 'departure_time': 8700, 'arrival_time': 8730, 'day': 'current_day', 'from_stop_id': 'MH-L-0', 'to_stop_id': 'MH-L-5', 'trip_id': 'walking', 'agency_name': 'Unknown'}, {'duration': 810, 'departure_time': 8940, 'arrival_time': 9750, 'day': 'current_day', 'from_stop_id': 'MH-L-5', 'to_stop_id': '19-5', 'trip_id': '8-1-9', 'agency_name': 'Unknown'}]}"
173,83,12630,inter,right,699,[181],[85; 95; 105],500,375,1000,751,13005,13065.0,16830.0,16890.0,3765.0,4.0,181,85,,,pt,5011.0,17641.0,5011.0,"{'duration': 3765, 'source_transfer_time': 0, 'waiting_time': 45, 'trip_time': 3720, 'num_transfers': 4, 'departure_time': 13065, 'departure_day': 'current_day', 'arrival_time': 16830, 'arrival_day': 'current_day', 'steps': [{'duration': 450, 'departure_time': 13110, 'arrival_time': 13560, 'day': 'current_day', 'from_stop_id': '181-1', 'to_stop_id': 'MH-R-1', 'trip_id': '3-1-17', 'agency_name': 'Unknown'}, {'duration': 30, 'departure_time': 13560, 'arrival_time': 13590, 'day': 'current_day', 'from_stop_id': 'MH-R-1', 'to_stop_id': 'MH-R-0', 'trip_id': 'walking', 'agency_name': 'Unknown'}, {'duration': 1500, 'departure_time': 14400, 'arrival_time': 15900, 'day': 'current_day', 'from_stop_id': 'MH-R-0', 'to_stop_id': 'MH-L-0', 'trip_id': '0-1-6', 'agency_name': 'Unknown'}, {'duration': 30, 'departure_time': 15900, 'arrival_time': 15930, 'day': 'current_day', 'from_stop_id': 'MH-L-0', 'to_stop_id': 'MH-L-5', 'trip_id': 'walking', 'agency_name': 'Unknown'}, {'duration': 690, 'departure_time': 16140, 'arrival_time': 16830, 'day': 'current_day', 'from_stop_id': 'MH-L-5', 'to_stop_id': '85-5', 'trip_id': '8-0-21', 'agency_name': 'Unknown'}]}"
