start,end,rq_time,rq_type,subnetwork,request_id,start_station_street_ids,end_station_street_ids,walk_start_to_station_street_distance,walk_start_to_station_street_tt,walk_station_to_end_street_distance,walk_station_to_end_street_tt,start_station_street_arrival_time,start_station_departure_time,end_station_arrival_time,end_station_street_arrival_time,pt_journey_duration,num_transfers,selected_start_station_id,selected_end_station_id,walking_time,walking_arrival_time,best_option,best_journey_duration,end_arrival_time,pt_total_journey_duration,pt_journey_plan
106,24,11070,intra,left,0,[106],[24],0,0,0,0,11070,11130.0,13230.0,13290.0,2100.0,2.0,106,24,3383.0,14453.0,pt,2220.0,13290.0,2220.0,"{'duration': 2100, 'source_transfer_time': 0, 'waiting_time': 180, 'trip_time': 1920, 'num_transfers': 2, 'departure_time': 11130, 'departure_day': 'current_day', 'arrival_time': 13230, 'arrival_day': 'current_day', 'steps': [{'duration': 1050, 'departure_time': 11310, 'arrival_time': 12360, 'day': 'current_day', 'from_stop_id': '106-5', 'to_stop_id': 'MH-L-5', 'trip_id': '8-1-15', 'agency_name': 'Unknown'}, {'duration': 30, 'departure_time': 12360, 'arrival_time': 12390, 'day': 'current_day', 'from_stop_id': 'MH-L-5', 'to_stop_id': 'MH-L-4', 'trip_id': 'walking', 'agency_name': 'Unknown'}, {'duration': 690, 'departure_time': 12540, 'arrival_time': 13230, 'day': 'current_day', 'from_stop_id': 'MH-L-4', 'to_stop_id': '24-4', 'trip_id': '7-1-15', 'agency_name': 'Unknown'}]}"
3,56,11280,intra,left,1,[5],[56],1000,751,0,0,12031,12091.0,13470.0,13530.0,1379.0,2.0,5,56,2255.0,13535.0,pt,2250.0,13530.0,2250.0,"{'duration': 1379, 'source_transfer_time': 0, 'waiting_time': 299, 'trip_time': 1080, 'num_transfers': 2, 'departure_time': 12091, 'departure_day': 'current_day', 'arrival_time': 13470, 'arrival_day': 'current_day', 'steps': [{'duration': 570, 'departure_time': 12390, 'arrival_time': 12960, 'day': 'current_day', 'from_stop_id': '5-2', 'to_stop_id': 'MH-L-2', 'trip_id': '2-1-16', 'agency_name': 'Unknown'}, {'duration': 30, 'departure_time': 12960, 'arrival_time': 12990, 'day': 'current_day', 'from_stop_id': 'MH-L-2', 'to_stop_id': 'MH-L-1', 'trip_id': 'walking', 'agency_name': 'Unknown'}, {'duration': 330, 'departure_time': 13140, 'arrival_time': 13470, 'day': 'current_day', 'from_stop_id': 'MH-L-1', 'to_stop_id': '56-1', 'trip_id': '1-1-16', 'agency_name': 'Unknown'}]}"
21,119,8040,intra,left,2,[10; 20],[119],500,375,0,0,8415,8475.0,10230.0,10290.0,1755.0,0.0,10,119,3759.0,11799.0,pt,2250.0,10290.0,2250.0,"{'duration': 1755, 'source_transfer_time': 0, 'waiting_time': 315, 'trip_time': 1440, 'num_transfers': 0, 'departure_time': 8475, 'departure_day': 'current_day', 'arrival_time': 10230, 'arrival_day': 'current_day', 'steps': [{'duration': 1440, 'departure_time': 8790, 'arrival_time': 10230, 'day': 'current_day', 'from_stop_id': '10-5', 'to_stop_id': '119-5', 'trip_id': '8-0-11', 'agency_name': 'Unknown'}]}"
44,93,4380,intra,left,3,[54],[92; 104],500,375,500,375,4755,4815.0,6750.0,6810.0,1935.0,3.0,54,92,5263.0,9643.0,pt,2805.0,7185.0,2805.0,"{'duration': 1935, 'source_transfer_time': 0, 'waiting_time': 375, 'trip_time': 1560, 'num_transfers': 3, 'departure_time': 4815, 'departure_day': 'current_day', 'arrival_time': 6750, 'arrival_day': 'current_day', 'steps': [{'duration': 450, 'departure_time': 5190, 'arrival_time': 5640, 'day': 'current_day', 'from_stop_id': '54-1', 'to_stop_id': '117-1', 'trip_id': '1-0-4', 'agency_name': 'Unknown'}, {'duration': 30, 'departure_time': 5640, 'arrival_time': 5670, 'day': 'current_day', 'from_stop_id': '117-1', 'to_stop_id': '117-4', 'trip_id': 'walking', 'agency_name': 'Unknown'}, {'duration': 360, 'departure_time': 5670, 'arrival_time': 6030, 'day': 'current_day', 'from_stop_id': '117-4', 'to_stop_id': '118-4', 'trip_id': '7-0-4', 'agency_name': 'Unknown'}, {'duration': 690, 'departure_time': 6060, 'arrival_time': 6750, 'day': 'current_day', 'from_stop_id': '118-4', 'to_stop_id': '92-4', 'trip_id': '7-0-4', 'agency_name': 'Unknown'}]}"
22,66,11340,intra,left,4,[11; 23],[66],500,375,0,0,11715,11775.0,13350.0,13410.0,1575.0,2.0,11,66,3007.0,14347.0,pt,2070.0,13410.0,2070.0,"{'duration': 1575, 'source_transfer_time': 0, 'waiting_time': 135, 'trip_time': 1440, 'num_transfers': 2, 'departure_time': 11775, 'departure_day': 'current_day', 'arrival_time': 13350, 'arrival_day': 'current_day', 'steps': [{'duration': 1050, 'departure_time': 11910, 'arrival_time': 12960, 'day': 'current_day', 'from_stop_id': '11-4', 'to_stop_id': 'MH-L-4', 'trip_id': '7-0-16', 'agency_name': 'Unknown'}, {'duration': 30, 'departure_time': 12960, 'arrival_time': 12990, 'day': 'current_day', 'from_stop_id': 'MH-L-4', 'to_stop_id': 'MH-L-5', 'trip_id': 'walking', 'agency_name': 'Unknown'}, {'duration': 210, 'departure_time': 13140, 'arrival_time': 13350, 'day': 'current_day', 'from_stop_id': 'MH-L-5', 'to_stop_id': '66-5', 'trip_id': '8-0-16', 'agency_name': 'Unknown'}]}"
63,60,7470,intra,left,5,[55],[60],500,375,0,0,7845,7905.0,9390.0,9450.0,1485.0,0.0,55,60,3383.0,10853.0,pt,1980.0,9450.0,1980.0,"{'duration': 1485, 'source_transfer_time': 0, 'waiting_time': 405, 'trip_time': 1080, 'num_transfers': 0, 'departure_time': 7905, 'departure_day': 'current_day', 'arrival_time': 9390, 'arrival_day': 'current_day', 'steps': [{'duration': 1080, 'departure_time': 8310, 'arrival_time': 9390, 'day': 'current_day', 'from_stop_id': '55-1', 'to_stop_id': '60-1', 'trip_id': '1-0-9', 'agency_name': 'Unknown'}]}"
29,106,8160,intra,left,6,[29],[106],0,0,0,0,8160,8220.0,10590.0,10650.0,2370.0,0.0,29,106,5263.0,13423.0,pt,2490.0,10650.0,2490.0,"{'duration': 2370, 'source_transfer_time': 0, 'waiting_time': 570, 'trip_time': 1800, 'num_transfers': 0, 'departure_time': 8220, 'departure_day': 'current_day', 'arrival_time': 10590, 'arrival_day': 'current_day', 'steps': [{'duration': 1800, 'departure_time': 8790, 'arrival_time': 10590, 'day': 'current_day', 'from_stop_id': '29-5', 'to_stop_id': '106-5', 'trip_id': '8-0-10', 'agency_name': 'Unknown'}]}"
62,7,8730,intra,left,7,[54],[5; 9; 19; 29],500,375,1000,751,9105,9165.0,10710.0,10770.0,1545.0,2.0,54,5,4887.0,13617.0,pt,2791.0,11521.0,2791.0,"{'duration': 1545, 'source_transfer_time': 0, 'waiting_time': 225, 'trip_time': 1320, 'num_transfers': 2, 'departure_time': 9165, 'departure_day': 'current_day', 'arrival_time': 10710, 'arrival_day': 'current_day', 'steps': [{'duration': 570, 'departure_time': 9390, 'arrival_time': 9960, 'day': 'current_day', 'from_stop_id': '54-1', 'to_stop_id': 'MH-L-1', 'trip_id': '1-0-11', 'agency_name': 'Unknown'}, {'duration': 30, 'departure_time': 9960, 'arrival_time': 9990, 'day': 'current_day', 'from_stop_id': 'MH-L-1', 'to_stop_id': 'MH-L-2', 'trip_id': 'walking', 'agency_name': 'Unknown'}, {'duration': 570, 'departure_time': 10140, 'arrival_time': 10710, 'day': 'current_day', 'from_stop_id': 'MH-L-2', 'to_stop_id': '5-2', 'trip_id': '2-0-11', 'agency_name': 'Unknown'}]}"
33,79,8880,intra,left,8,[11; 23; 35; 54],[79],1000,751,0,0,9631,9691.0,11190.0,11250.0,1499.0,0.0,23,79,4135.0,13015.0,pt,2370.0,11250.0,2370.0,"{'duration': 1499, 'source_transfer_time': 0, 'waiting_time': 59, 'trip_time': 1440, 'num_transfers': 0, 'departure_time': 9691, 'departure_day': 'current_day', 'arrival_time': 11190, 'arrival_day': 'current_day', 'steps': [{'duration': 1440, 'departure_time': 9750, 'arrival_time': 11190, 'day': 'current_day', 'from_stop_id': '23-4', 'to_stop_id': '79-4', 'trip_id': '7-0-12', 'agency_name': 'Unknown'}]}"
37,20,14100,intra,left,9,[36; 38; 48],[20],500,375,0,0,14475,14535.0,15870.0,15930.0,1335.0,2.0,38,20,2631.0,16731.0,pt,1830.0,15930.0,1830.0,"{'duration': 1335, 'source_transfer_time': 0, 'waiting_time': 15, 'trip_time': 1320, 'num_transfers': 2, 'departure_time': 14535, 'departure_day': 'current_day', 'arrival_time': 15870, 'arrival_day': 'current_day', 'steps': [{'duration': 90, 'departure_time': 14550, 'arrival_time': 14640, 'day': 'current_day', 'from_stop_id': '38-2', 'to_stop_id': '116-2', 'trip_id': '2-1-19', 'agency_name': 'Unknown'}, {'duration': 30, 'departure_time': 14640, 'arrival_time': 14670, 'day': 'current_day', 'from_stop_id': '116-2', 'to_stop_id': '116-5', 'trip_id': 'walking', 'agency_name': 'Unknown'}, {'duration': 810, 'departure_time': 15060, 'arrival_time': 15870, 'day': 'current_day', 'from_stop_id': '116-5', 'to_stop_id': '20-5', 'trip_id': '8-1-19', 'agency_name': 'Unknown'}]}"
49,21,9780,intra,left,10,[49],[10; 20],0,0,500,375,9780,9840.0,11070.0,11130.0,1230.0,0.0,49,20,2631.0,12411.0,pt,1725.0,11505.0,1725.0,"{'duration': 1230, 'source_transfer_time': 0, 'waiting_time': 540, 'trip_time': 690, 'num_transfers': 0, 'departure_time': 9840, 'departure_day': 'current_day', 'arrival_time': 11070, 'arrival_day': 'current_day', 'steps': [{'duration': 690, 'departure_time': 10380, 'arrival_time': 11070, 'day': 'current_day', 'from_stop_id': '49-5', 'to_stop_id': '20-5', 'trip_id': '8-1-11', 'agency_name': 'Unknown'}]}"
119,54,3600,intra,left,11,[119],[54],0,0,0,0,3600,3660.0,4710.0,4770.0,1050.0,2.0,119,54,2255.0,5855.0,pt,1170.0,4770.0,1170.0,"{'duration': 1050, 'source_transfer_time': 0, 'waiting_time': 210, 'trip_time': 840, 'num_transfers': 2, 'departure_time': 3660, 'departure_day': 'current_day', 'arrival_time': 4710, 'arrival_day': 'current_day', 'steps': [{'duration': 90, 'departure_time': 3870, 'arrival_time': 3960, 'day': 'current_day', 'from_stop_id': '119-2', 'to_stop_id': 'MH-L-2', 'trip_id': '2-0-1', 'agency_name': 'Unknown'}, {'duration': 30, 'departure_time': 3960, 'arrival_time': 3990, 'day': 'current_day', 'from_stop_id': 'MH-L-2', 'to_stop_id': 'MH-L-1', 'trip_id': 'walking', 'agency_name': 'Unknown'}, {'duration': 570, 'departure_time': 4140, 'arrival_time': 4710, 'day': 'current_day', 'from_stop_id': 'MH-L-1', 'to_stop_id': '54-1', 'trip_id': '1-1-1', 'agency_name': 'Unknown'}]}"
64,105,11820,intra,left,12,[56],[105],500,375,0,0,12195,12255.0,14310.0,14370.0,2055.0,2.0,56,105,2255.0,14075.0,walking,2255.0,14370.0,2550.0,"{'duration': 2055, 'source_transfer_time': 0, 'waiting_time': 375, 'trip_time': 1680, 'num_transfers': 2, 'departure_time': 12255, 'departure_day': 'current_day', 'arrival_time': 14310, 'arrival_day': 'current_day', 'steps': [{'duration': 330, 'departure_time': 12630, 'arrival_time': 12960, 'day': 'current_day', 'from_stop_id': '56-1', 'to_stop_id': 'MH-L-1', 'trip_id': '1-0-16', 'agency_name': 'Unknown'}, {'duration': 30, 'departure_time': 12960, 'arrival_time': 12990, 'day': 'current_day', 'from_stop_id': 'MH-L-1', 'to_stop_id': 'MH-L-5', 'trip_id': 'walking', 'agency_name': 'Unknown'}, {'duration': 1170, 'departure_time': 13140, 'arrival_time': 14310, 'day': 'current_day', 'from_stop_id': 'MH-L-5', 'to_stop_id': '105-5', 'trip_id': '8-0-16', 'agency_name': 'Unknown'}]}"
116,63,8550,intra,left,13,[116],[55],0,0,500,375,8550,8610.0,9390.0,9450.0,780.0,2.0,116,55,2255.0,10805.0,pt,1275.0,9825.0,1275.0,"{'duration': 780, 'source_transfer_time': 0, 'waiting_time': 60, 'trip_time': 720, 'num_transfers': 2, 'departure_time': 8610, 'departure_day': 'current_day', 'arrival_time': 9390, 'arrival_day': 'current_day', 'steps': [{'duration': 90, 'departure_time': 8670, 'arrival_time': 8760, 'day': 'current_day', 'from_stop_id': '116-5', 'to_stop_id': 'MH-L-5', 'trip_id': '8-0-9', 'agency_name': 'Unknown'}, {'duration': 30, 'departure_time': 8760, 'arrival_time': 8790, 'day': 'current_day', 'from_stop_id': 'MH-L-5', 'to_stop_id': 'MH-L-1', 'trip_id': 'walking', 'agency_name': 'Unknown'}, {'duration': 450, 'departure_time': 8940, 'arrival_time': 9390, 'day': 'current_day', 'from_stop_id': 'MH-L-1', 'to_stop_id': '55-1', 'trip_id': '1-1-9', 'agency_name': 'Unknown'}]}"
71,37,11190,intra,left,14,[61],[36; 38; 48],500,375,500,375,11565,11625.0,12750.0,12810.0,1125.0,2.0,61,38,3383.0,14573.0,pt,1995.0,13185.0,1995.0,"{'duration': 1125, 'source_transfer_time': 0, 'waiting_time': 165, 'trip_time': 960, 'num_transfers': 2, 'departure_time': 11625, 'departure_day': 'current_day', 'arrival_time': 12750, 'arrival_day': 'current_day', 'steps': [{'duration': 570, 'departure_time': 11790, 'arrival_time': 12360, 'day': 'current_day', 'from_stop_id': '61-1', 'to_stop_id': 'MH-L-1', 'trip_id': '1-1-15', 'agency_name': 'Unknown'}, {'duration': 30, 'departure_time': 12360, 'arrival_time': 12390, 'day': 'current_day', 'from_stop_id': 'MH-L-1', 'to_stop_id': 'MH-L-2', 'trip_id': 'walking', 'agency_name': 'Unknown'}, {'duration': 210, 'departure_time': 12540, 'arrival_time': 12750, 'day': 'current_day', 'from_stop_id': 'MH-L-2', 'to_stop_id': '38-2', 'trip_id': '2-0-15', 'agency_name': 'Unknown'}]}"
113,1,13830,intra,left,15,[91; 103; 115],[0; 12],1000,751,500,375,14581,14641.0,16470.0,16530.0,1829.0,0.0,91,12,6390.0,20220.0,pt,3075.0,16905.0,3075.0,"{'duration': 1829, 'source_transfer_time': 0, 'waiting_time': 29, 'trip_time': 1800, 'num_transfers': 0, 'departure_time': 14641, 'departure_day': 'current_day', 'arrival_time': 16470, 'arrival_day': 'current_day', 'steps': [{'duration': 1800, 'departure_time': 14670, 'arrival_time': 16470, 'day': 'current_day', 'from_stop_id': '91-4', 'to_stop_id': '12-4', 'trip_id': '7-1-20', 'agency_name': 'Unknown'}]}"
91,16,13680,intra,left,16,[91],[16],0,0,0,0,13680,13740.0,15390.0,15450.0,1650.0,2.0,91,16,3759.0,17439.0,pt,1770.0,15450.0,1770.0,"{'duration': 1650, 'source_transfer_time': 0, 'waiting_time': 330, 'trip_time': 1320, 'num_transfers': 2, 'departure_time': 13740, 'departure_day': 'current_day', 'arrival_time': 15390, 'arrival_day': 'current_day', 'steps': [{'duration': 690, 'departure_time': 14070, 'arrival_time': 14760, 'day': 'current_day', 'from_stop_id': '91-4', 'to_stop_id': 'MH-L-4', 'trip_id': '7-1-19', 'agency_name': 'Unknown'}, {'duration': 30, 'departure_time': 14760, 'arrival_time': 14790, 'day': 'current_day', 'from_stop_id': 'MH-L-4', 'to_stop_id': 'MH-L-2', 'trip_id': 'walking', 'agency_name': 'Unknown'}, {'duration': 450, 'departure_time': 14940, 'arrival_time': 15390, 'day': 'current_day', 'from_stop_id': 'MH-L-2', 'to_stop_id': '16-2', 'trip_id': '2-0-19', 'agency_name': 'Unknown'}]}"
32,16,11820,intra,left,17,[10; 20; 30],[16],1000,751,0,0,12571,12631.0,14190.0,14250.0,1559.0,3.0,30,16,2255.0,14075.0,walking,2255.0,14250.0,2430.0,"{'duration': 1559, 'source_transfer_time': 0, 'waiting_time': 239, 'trip_time': 1320, 'num_transfers': 3, 'departure_time': 12631, 'departure_day': 'current_day', 'arrival_time': 14190, 'arrival_day': 'current_day', 'steps': [{'duration': 570, 'departure_time': 12870, 'arrival_time': 13440, 'day': 'current_day', 'from_stop_id': '30-5', 'to_stop_id': '116-5', 'trip_id': '8-0-17', 'agency_name': 'Unknown'}, {'duration': 30, 'departure_time': 13440, 'arrival_time': 13470, 'day': 'current_day', 'from_stop_id': '116-5', 'to_stop_id': '116-2', 'trip_id': 'walking', 'agency_name': 'Unknown'}, {'duration': 90, 'departure_time': 13470, 'arrival_time': 13560, 'day': 'current_day', 'from_stop_id': '116-2', 'to_stop_id': 'MH-L-2', 'trip_id': '2-1-17', 'agency_name': 'Unknown'}, {'duration': 450, 'departure_time': 13740, 'arrival_time': 14190, 'day': 'current_day', 'from_stop_id': 'MH-L-2', 'to_stop_id': '16-2', 'trip_id': '2-0-17', 'agency_name': 'Unknown'}]}"
30,48,12270,intra,left,18,[30],[48],0,0,0,0,12270,12330.0,13950.0,14010.0,1620.0,2.0,30,48,2255.0,14525.0,pt,1740.0,14010.0,1740.0,"{'duration': 1620, 'source_transfer_time': 0, 'waiting_time': 540, 'trip_time': 1080, 'num_transfers': 2, 'departure_time': 12330, 'departure_day': 'current_day', 'arrival_time': 13950, 'arrival_day': 'current_day', 'steps': [{'duration': 690, 'departure_time': 12870, 'arrival_time': 13560, 'day': 'current_day', 'from_stop_id': '30-5', 'to_stop_id': 'MH-L-5', 'trip_id': '8-0-17', 'agency_name': 'Unknown'}, {'duration': 30, 'departure_time': 13560, 'arrival_time': 13590, 'day': 'current_day', 'from_stop_id': 'MH-L-5', 'to_stop_id': 'MH-L-4', 'trip_id': 'walking', 'agency_name': 'Unknown'}, {'duration': 210, 'departure_time': 13740, 'arrival_time': 13950, 'day': 'current_day', 'from_stop_id': 'MH-L-4', 'to_stop_id': '48-4', 'trip_id': '7-1-17', 'agency_name': 'Unknown'}]}"
52,113,10860,intra,left,19,[60],[91; 103; 115],500,375,1000,751,11235,11295.0,12630.0,12690.0,1335.0,2.0,60,91,2631.0,13491.0,pt,2581.0,13441.0,2581.0,"{'duration': 1335, 'source_transfer_time': 0, 'waiting_time': 15, 'trip_time': 1320, 'num_transfers': 2, 'departure_time': 11295, 'departure_day': 'current_day', 'arrival_time': 12630, 'arrival_day': 'current_day', 'steps': [{'duration': 330, 'departure_time': 11310, 'arrival_time': 11640, 'day': 'current_day', 'from_stop_id': '60-1', 'to_stop_id': '118-1', 'trip_id': '1-1-14', 'agency_name': 'Unknown'}, {'duration': 30, 'departure_time': 11640, 'arrival_time': 11670, 'day': 'current_day', 'from_stop_id': '118-1', 'to_stop_id': '118-4', 'trip_id': 'walking', 'agency_name': 'Unknown'}, {'duration': 570, 'departure_time': 12060, 'arrival_time': 12630, 'day': 'current_day', 'from_stop_id': '118-4', 'to_stop_id': '91-4', 'trip_id': '7-0-14', 'agency_name': 'Unknown'}]}"
2,28,4680,intra,left,20,[0; 12; 24],[27; 29; 39],1000,751,500,375,5431,5491.0,6870.0,6930.0,1379.0,2.0,24,27,2255.0,6935.0,walking,2255.0,7305.0,2625.0,"{'duration': 1379, 'source_transfer_time': 0, 'waiting_time': 179, 'trip_time': 1200, 'num_transfers': 2, 'departure_time': 5491, 'departure_day': 'current_day', 'arrival_time': 6870, 'arrival_day': 'current_day', 'steps': [{'duration': 690, 'departure_time': 5670, 'arrival_time': 6360, 'day': 'current_day', 'from_stop_id': '24-4', 'to_stop_id': 'MH-L-4', 'trip_id': '7-0-5', 'agency_name': 'Unknown'}, {'duration': 30, 'departure_time': 6360, 'arrival_time': 6390, 'day': 'current_day', 'from_stop_id': 'MH-L-4', 'to_stop_id': 'MH-L-2', 'trip_id': 'walking', 'agency_name': 'Unknown'}, {'duration': 330, 'departure_time': 6540, 'arrival_time': 6870, 'day': 'current_day', 'from_stop_id': 'MH-L-2', 'to_stop_id': '27-2', 'trip_id': '2-0-5', 'agency_name': 'Unknown'}]}"
59,74,9060,intra,left,21,[59],[75; 85],0,0,500,375,9060,9120.0,10590.0,10650.0,1470.0,2.0,59,75,3007.0,12067.0,pt,1965.0,11025.0,1965.0,"{'duration': 1470, 'source_transfer_time': 0, 'waiting_time': 510, 'trip_time': 960, 'num_transfers': 2, 'departure_time': 9120, 'departure_day': 'current_day', 'arrival_time': 10590, 'arrival_day': 'current_day', 'steps': [{'duration': 330, 'departure_time': 9630, 'arrival_time': 9960, 'day': 'current_day', 'from_stop_id': '59-1', 'to_stop_id': 'MH-L-1', 'trip_id': '1-1-11', 'agency_name': 'Unknown'}, {'duration': 30, 'departure_time': 9960, 'arrival_time': 9990, 'day': 'current_day', 'from_stop_id': 'MH-L-1', 'to_stop_id': 'MH-L-5', 'trip_id': 'walking', 'agency_name': 'Unknown'}, {'duration': 450, 'departure_time': 10140, 'arrival_time': 10590, 'day': 'current_day', 'from_stop_id': 'MH-L-5', 'to_stop_id': '75-5', 'trip_id': '8-0-11', 'agency_name': 'Unknown'}]}"
21,113,12960,intra,left,22,[10; 20],[91; 103; 115],500,375,1000,751,13335,13395.0,15630.0,15690.0,2235.0,2.0,10,91,4135.0,17095.0,pt,3481.0,16441.0,3481.0,"{'duration': 2235, 'source_transfer_time': 0, 'waiting_time': 195, 'trip_time': 2040, 'num_transfers': 2, 'departure_time': 13395, 'departure_day': 'current_day', 'arrival_time': 15630, 'arrival_day': 'current_day', 'steps': [{'duration': 1170, 'departure_time': 13590, 'arrival_time': 14760, 'day': 'current_day', 'from_stop_id': '10-5', 'to_stop_id': 'MH-L-5', 'trip_id': '8-0-19', 'agency_name': 'Unknown'}, {'duration': 30, 'departure_time': 14760, 'arrival_time': 14790, 'day': 'current_day', 'from_stop_id': 'MH-L-5', 'to_stop_id': 'MH-L-4', 'trip_id': 'walking', 'agency_name': 'Unknown'}, {'duration': 690, 'departure_time': 14940, 'arrival_time': 15630, 'day': 'current_day', 'from_stop_id': 'MH-L-4', 'to_stop_id': '91-4', 'trip_id': '7-0-19', 'agency_name': 'Unknown'}]}"
104,39,12150,intra,left,23,[104],[39],0,0,0,0,12150,12210.0,14070.0,14130.0,1860.0,2.0,104,39,3759.0,15909.0,pt,1980.0,14130.0,1980.0,"{'duration': 1860, 'source_transfer_time': 0, 'waiting_time': 300, 'trip_time': 1560, 'num_transfers': 2, 'departure_time': 12210, 'departure_day': 'current_day', 'arrival_time': 14070, 'arrival_day': 'current_day', 'steps': [{'duration': 1050, 'departure_time': 12510, 'arrival_time': 13560, 'day': 'current_day', 'from_stop_id': '104-4', 'to_stop_id': 'MH-L-4', 'trip_id': '7-1-17', 'agency_name': 'Unknown'}, {'duration': 30, 'departure_time': 13560, 'arrival_time': 13590, 'day': 'current_day', 'from_stop_id': 'MH-L-4', 'to_stop_id': 'MH-L-5', 'trip_id': 'walking', 'agency_name': 'Unknown'}, {'duration': 330, 'departure_time': 13740, 'arrival_time': 14070, 'day': 'current_day', 'from_stop_id': 'MH-L-5', 'to_stop_id': '39-5', 'trip_id': '8-1-17', 'agency_name': 'Unknown'}]}"
32,48,3870,intra,left,24,[10; 20; 30],[48],1000,751,0,0,4621,4681.0,6150.0,6210.0,1469.0,2.0,20,48,3007.0,6877.0,pt,2340.0,6210.0,2340.0,"{'duration': 1469, 'source_transfer_time': 0, 'waiting_time': 149, 'trip_time': 1320, 'num_transfers': 2, 'departure_time': 4681, 'departure_day': 'current_day', 'arrival_time': 6150, 'arrival_day': 'current_day', 'steps': [{'duration': 930, 'departure_time': 4830, 'arrival_time': 5760, 'day': 'current_day', 'from_stop_id': '20-5', 'to_stop_id': 'MH-L-5', 'trip_id': '8-0-4', 'agency_name': 'Unknown'}, {'duration': 30, 'departure_time': 5760, 'arrival_time': 5790, 'day': 'current_day', 'from_stop_id': 'MH-L-5', 'to_stop_id': 'MH-L-4', 'trip_id': 'walking', 'agency_name': 'Unknown'}, {'duration': 210, 'departure_time': 5940, 'arrival_time': 6150, 'day': 'current_day', 'from_stop_id': 'MH-L-4', 'to_stop_id': '48-4', 'trip_id': '7-1-4', 'agency_name': 'Unknown'}]}"
33,111,10080,intra,left,25,[11; 23; 35; 54],[110],1000,751,500,375,10831,10891.0,12510.0,12570.0,1619.0,2.0,23,110,4887.0,14967.0,pt,2865.0,12945.0,2865.0,"{'duration': 1619, 'source_transfer_time': 0, 'waiting_time': 59, 'trip_time': 1560, 'num_transfers': 2, 'departure_time': 10891, 'departure_day': 'current_day', 'arrival_time': 12510, 'arrival_day': 'current_day', 'steps': [{'duration': 810, 'departure_time': 10950, 'arrival_time': 11760, 'day': 'current_day', 'from_stop_id': '23-4', 'to_stop_id': 'MH-L-4', 'trip_id': '7-0-14', 'agency_name': 'Unknown'}, {'duration': 30, 'departure_time': 11760, 'arrival_time': 11790, 'day': 'current_day', 'from_stop_id': 'MH-L-4', 'to_stop_id': 'MH-L-2', 'trip_id': 'walking', 'agency_name': 'Unknown'}, {'duration': 570, 'departure_time': 11940, 'arrival_time': 12510, 'day': 'current_day', 'from_stop_id': 'MH-L-2', 'to_stop_id': '110-2', 'trip_id': '2-1-14', 'agency_name': 'Unknown'}]}"
84,10,9840,intra,left,26,[85; 95],[10],500,375,0,0,10215,10275.0,12510.0,12570.0,2235.0,0.0,85,10,6390.0,16230.0,pt,2730.0,12570.0,2730.0,"{'duration': 2235, 'source_transfer_time': 0, 'waiting_time': 195, 'trip_time': 2040, 'num_transfers': 0, 'departure_time': 10275, 'departure_day': 'current_day', 'arrival_time': 12510, 'arrival_day': 'current_day', 'steps': [{'duration': 2040, 'departure_time': 10470, 'arrival_time': 12510, 'day': 'current_day', 'from_stop_id': '85-5', 'to_stop_id': '10-5', 'trip_id': '8-1-13', 'agency_name': 'Unknown'}]}"
45,114,5160,intra,left,27,[55],[103; 115],500,375,500,375,5535,5595.0,7470.0,7530.0,1875.0,3.0,55,103,5263.0,10423.0,pt,2745.0,7905.0,2745.0,"{'duration': 1875, 'source_transfer_time': 0, 'waiting_time': 315, 'trip_time': 1560, 'num_transfers': 3, 'departure_time': 5595, 'departure_day': 'current_day', 'arrival_time': 7470, 'arrival_day': 'current_day', 'steps': [{'duration': 330, 'departure_time': 5910, 'arrival_time': 6240, 'day': 'current_day', 'from_stop_id': '55-1', 'to_stop_id': '117-1', 'trip_id': '1-0-5', 'agency_name': 'Unknown'}, {'duration': 30, 'departure_time': 6240, 'arrival_time': 6270, 'day': 'current_day', 'from_stop_id': '117-1', 'to_stop_id': '117-4', 'trip_id': 'walking', 'agency_name': 'Unknown'}, {'duration': 360, 'departure_time': 6270, 'arrival_time': 6630, 'day': 'current_day', 'from_stop_id': '117-4', 'to_stop_id': '118-4', 'trip_id': '7-0-5', 'agency_name': 'Unknown'}, {'duration': 810, 'departure_time': 6660, 'arrival_time': 7470, 'day': 'current_day', 'from_stop_id': '118-4', 'to_stop_id': '103-4', 'trip_id': '7-0-5', 'agency_name': 'Unknown'}]}"
1,18,3660,intra,left,28,[0; 12],[19; 29],500,375,500,375,4035,4095.0,5910.0,5970.0,1815.0,2.0,12,29,2631.0,6291.0,walking,2631.0,6345.0,2685.0,"{'duration': 1815, 'source_transfer_time': 0, 'waiting_time': 135, 'trip_time': 1680, 'num_transfers': 2, 'departure_time': 4095, 'departure_day': 'current_day', 'arrival_time': 5910, 'arrival_day': 'current_day', 'steps': [{'duration': 930, 'departure_time': 4230, 'arrival_time': 5160, 'day': 'current_day', 'from_stop_id': '12-4', 'to_stop_id': 'MH-L-4', 'trip_id': '7-0-3', 'agency_name': 'Unknown'}, {'duration': 30, 'departure_time': 5160, 'arrival_time': 5190, 'day': 'current_day', 'from_stop_id': 'MH-L-4', 'to_stop_id': 'MH-L-5', 'trip_id': 'walking', 'agency_name': 'Unknown'}, {'duration': 570, 'departure_time': 5340, 'arrival_time': 5910, 'day': 'current_day', 'from_stop_id': 'MH-L-5', 'to_stop_id': '29-5', 'trip_id': '8-1-3', 'agency_name': 'Unknown'}]}"
20,62,4260,intra,left,29,[20],[54],0,0,500,375,4260,4320.0,6510.0,6570.0,2190.0,2.0,20,54,5263.0,9523.0,pt,2685.0,6945.0,2685.0,"{'duration': 2190, 'source_transfer_time': 0, 'waiting_time': 510, 'trip_time': 1680, 'num_transfers': 2, 'departure_time': 4320, 'departure_day': 'current_day', 'arrival_time': 6510, 'arrival_day': 'current_day', 'steps': [{'duration': 930, 'departure_time': 4830, 'arrival_time': 5760, 'day': 'current_day', 'from_stop_id': '20-5', 'to_stop_id': 'MH-L-5', 'trip_id': '8-0-4', 'agency_name': 'Unknown'}, {'duration': 30, 'departure_time': 5760, 'arrival_time': 5790, 'day': 'current_day', 'from_stop_id': 'MH-L-5', 'to_stop_id': 'MH-L-1', 'trip_id': 'walking', 'agency_name': 'Unknown'}, {'duration': 570, 'departure_time': 5940, 'arrival_time': 6510, 'day': 'current_day', 'from_stop_id': 'MH-L-1', 'to_stop_id': '54-1', 'trip_id': '1-1-4', 'agency_name': 'Unknown'}]}"
92,107,7650,intra,left,30,[92],[96; 106],0,0,500,375,7650,7710.0,9750.0,9810.0,2040.0,2.0,92,96,3383.0,11033.0,pt,2535.0,10185.0,2535.0,"{'duration': 2040, 'source_transfer_time': 0, 'waiting_time': 240, 'trip_time': 1800, 'num_transfers': 2, 'departure_time': 7710, 'departure_day': 'current_day', 'arrival_time': 9750, 'arrival_day': 'current_day', 'steps': [{'duration': 810, 'departure_time': 7950, 'arrival_time': 8760, 'day': 'current_day', 'from_stop_id': '92-4', 'to_stop_id': 'MH-L-4', 'trip_id': '7-1-9', 'agency_name': 'Unknown'}, {'duration': 30, 'departure_time': 8760, 'arrival_time': 8790, 'day': 'current_day', 'from_stop_id': 'MH-L-4', 'to_stop_id': 'MH-L-5', 'trip_id': 'walking', 'agency_name': 'Unknown'}, {'duration': 810, 'departure_time': 8940, 'arrival_time': 9750, 'day': 'current_day', 'from_stop_id': 'MH-L-5', 'to_stop_id': '96-5', 'trip_id': '8-0-9', 'agency_name': 'Unknown'}]}"
53,107,3840,intra,left,31,[61],[96; 106],500,375,500,375,4215,4275.0,6150.0,6210.0,1875.0,2.0,61,96,5263.0,9103.0,pt,2745.0,6585.0,2745.0,"{'duration': 1875, 'source_transfer_time': 0, 'waiting_time': 315, 'trip_time': 1560, 'num_transfers': 2, 'departure_time': 4275, 'departure_day': 'current_day', 'arrival_time': 6150, 'arrival_day': 'current_day', 'steps': [{'duration': 570, 'departure_time': 4590, 'arrival_time': 5160, 'day': 'current_day', 'from_stop_id': '61-1', 'to_stop_id': 'MH-L-1', 'trip_id': '1-1-3', 'agency_name': 'Unknown'}, {'duration': 30, 'departure_time': 5160, 'arrival_time': 5190, 'day': 'current_day', 'from_stop_id': 'MH-L-1', 'to_stop_id': 'MH-L-5', 'trip_id': 'walking', 'agency_name': 'Unknown'}, {'duration': 810, 'departure_time': 5340, 'arrival_time': 6150, 'day': 'current_day', 'from_stop_id': 'MH-L-5', 'to_stop_id': '96-5', 'trip_id': '8-0-3', 'agency_name': 'Unknown'}]}"
24,78,5880,intra,left,32,[24],[67; 77; 79],0,0,500,375,5880,5940.0,7350.0,7410.0,1410.0,0.0,24,67,3383.0,9263.0,pt,1905.0,7785.0,1905.0,"{'duration': 1410, 'source_transfer_time': 0, 'waiting_time': 330, 'trip_time': 1080, 'num_transfers': 0, 'departure_time': 5940, 'departure_day': 'current_day', 'arrival_time': 7350, 'arrival_day': 'current_day', 'steps': [{'duration': 1080, 'departure_time': 6270, 'arrival_time': 7350, 'day': 'current_day', 'from_stop_id': '24-4', 'to_stop_id': '67-4', 'trip_id': '7-0-6', 'agency_name': 'Unknown'}]}"
19,100,4380,intra,left,33,[19],[99],0,0,500,375,4380,4440.0,6390.0,6450.0,1950.0,4.0,19,99,3759.0,8139.0,pt,2445.0,6825.0,2445.0,"{'duration': 1950, 'source_transfer_time': 0, 'waiting_time': 510, 'trip_time': 1440, 'num_transfers': 4, 'departure_time': 4440, 'departure_day': 'current_day', 'arrival_time': 6390, 'arrival_day': 'current_day', 'steps': [{'duration': 690, 'departure_time': 4950, 'arrival_time': 5640, 'day': 'current_day', 'from_stop_id': '19-5', 'to_stop_id': '116-5', 'trip_id': '8-0-4', 'agency_name': 'Unknown'}, {'duration': 30, 'departure_time': 5640, 'arrival_time': 5670, 'day': 'current_day', 'from_stop_id': '116-5', 'to_stop_id': '116-2', 'trip_id': 'walking', 'agency_name': 'Unknown'}, {'duration': 90, 'departure_time': 5670, 'arrival_time': 5760, 'day': 'current_day', 'from_stop_id': '116-2', 'to_stop_id': 'MH-L-2', 'trip_id': '2-1-4', 'agency_name': 'Unknown'}, {'duration': 90, 'departure_time': 5940, 'arrival_time': 6030, 'day': 'current_day', 'from_stop_id': 'MH-L-2', 'to_stop_id': '119-2', 'trip_id': '2-1-4', 'agency_name': 'Unknown'}, {'duration': 330, 'departure_time': 6060, 'arrival_time': 6390, 'day': 'current_day', 'from_stop_id': '119-2', 'to_stop_id': '99-2', 'trip_id': '2-1-4', 'agency_name': 'Unknown'}]}"
5,84,14130,intra,left,34,[5],[85; 95],0,0,500,375,14130,14190.0,15630.0,15690.0,1440.0,3.0,5,85,4511.0,18641.0,pt,1935.0,16065.0,1935.0,"{'duration': 1440, 'source_transfer_time': 0, 'waiting_time': 0, 'trip_time': 1440, 'num_transfers': 3, 'departure_time': 14190, 'departure_day': 'current_day', 'arrival_time': 15630, 'arrival_day': 'current_day', 'steps': [{'duration': 450, 'departure_time': 14190, 'arrival_time': 14640, 'day': 'current_day', 'from_stop_id': '5-2', 'to_stop_id': '116-2', 'trip_id': '2-1-19', 'agency_name': 'Unknown'}, {'duration': 30, 'departure_time': 14640, 'arrival_time': 14670, 'day': 'current_day', 'from_stop_id': '116-2', 'to_stop_id': '116-5', 'trip_id': 'walking', 'agency_name': 'Unknown'}, {'duration': 360, 'departure_time': 14670, 'arrival_time': 15030, 'day': 'current_day', 'from_stop_id': '116-5', 'to_stop_id': '119-5', 'trip_id': '8-0-19', 'agency_name': 'Unknown'}, {'duration': 570, 'departure_time': 15060, 'arrival_time': 15630, 'day': 'current_day', 'from_stop_id': '119-5', 'to_stop_id': '85-5', 'trip_id': '8-0-19', 'agency_name': 'Unknown'}]}"
81,9,4560,intra,left,35,[80; 92],[9],500,375,0,0,4935,4995.0,6990.0,7050.0,1995.0,2.0,80,9,2631.0,7191.0,pt,2490.0,7050.0,2490.0,"{'duration': 1995, 'source_transfer_time': 0, 'waiting_time': 195, 'trip_time': 1800, 'num_transfers': 2, 'departure_time': 4995, 'departure_day': 'current_day', 'arrival_time': 6990, 'arrival_day': 'current_day', 'steps': [{'duration': 570, 'departure_time': 5190, 'arrival_time': 5760, 'day': 'current_day', 'from_stop_id': '80-4', 'to_stop_id': 'MH-L-4', 'trip_id': '7-1-4', 'agency_name': 'Unknown'}, {'duration': 30, 'departure_time': 5760, 'arrival_time': 5790, 'day': 'current_day', 'from_stop_id': 'MH-L-4', 'to_stop_id': 'MH-L-5', 'trip_id': 'walking', 'agency_name': 'Unknown'}, {'duration': 1050, 'departure_time': 5940, 'arrival_time': 6990, 'day': 'current_day', 'from_stop_id': 'MH-L-5', 'to_stop_id': '9-5', 'trip_id': '8-1-4', 'agency_name': 'Unknown'}]}"
36,42,9600,intra,left,36,[36],[20; 30; 40; 60],0,0,1000,751,9600,9660.0,11190.0,11250.0,1530.0,2.0,36,40,2255.0,11855.0,walking,2255.0,12001.0,2401.0,"{'duration': 1530, 'source_transfer_time': 0, 'waiting_time': 450, 'trip_time': 1080, 'num_transfers': 2, 'departure_time': 9660, 'departure_day': 'current_day', 'arrival_time': 11190, 'arrival_day': 'current_day', 'steps': [{'duration': 450, 'departure_time': 10110, 'arrival_time': 10560, 'day': 'current_day', 'from_stop_id': '36-4', 'to_stop_id': 'MH-L-4', 'trip_id': '7-0-12', 'agency_name': 'Unknown'}, {'duration': 30, 'departure_time': 10560, 'arrival_time': 10590, 'day': 'current_day', 'from_stop_id': 'MH-L-4', 'to_stop_id': 'MH-L-5', 'trip_id': 'walking', 'agency_name': 'Unknown'}, {'duration': 450, 'departure_time': 10740, 'arrival_time': 11190, 'day': 'current_day', 'from_stop_id': 'MH-L-5', 'to_stop_id': '40-5', 'trip_id': '8-1-12', 'agency_name': 'Unknown'}]}"
20,62,8760,intra,left,37,[20],[54],0,0,500,375,8760,8820.0,10710.0,10770.0,1890.0,2.0,20,54,5263.0,14023.0,pt,2385.0,11145.0,2385.0,"{'duration': 1890, 'source_transfer_time': 0, 'waiting_time': 210, 'trip_time': 1680, 'num_transfers': 2, 'departure_time': 8820, 'departure_day': 'current_day', 'arrival_time': 10710, 'arrival_day': 'current_day', 'steps': [{'duration': 930, 'departure_time': 9030, 'arrival_time': 9960, 'day': 'current_day', 'from_stop_id': '20-5', 'to_stop_id': 'MH-L-5', 'trip_id': '8-0-11', 'agency_name': 'Unknown'}, {'duration': 30, 'departure_time': 9960, 'arrival_time': 9990, 'day': 'current_day', 'from_stop_id': 'MH-L-5', 'to_stop_id': 'MH-L-1', 'trip_id': 'walking', 'agency_name': 'Unknown'}, {'duration': 570, 'departure_time': 10140, 'arrival_time': 10710, 'day': 'current_day', 'from_stop_id': 'MH-L-1', 'to_stop_id': '54-1', 'trip_id': '1-1-11', 'agency_name': 'Unknown'}]}"
116,32,9030,intra,left,38,[116],[10; 20; 30],0,0,1000,751,9030,9090.0,10230.0,10290.0,1140.0,0.0,116,30,2631.0,11661.0,pt,2011.0,11041.0,2011.0,"{'duration': 1140, 'source_transfer_time': 0, 'waiting_time': 570, 'trip_time': 570, 'num_transfers': 0, 'departure_time': 9090, 'departure_day': 'current_day', 'arrival_time': 10230, 'arrival_day': 'current_day', 'steps': [{'duration': 570, 'departure_time': 9660, 'arrival_time': 10230, 'day': 'current_day', 'from_stop_id': '116-5', 'to_stop_id': '30-5', 'trip_id': '8-1-10', 'agency_name': 'Unknown'}]}"
86,39,13080,intra,left,39,[86],[39],0,0,0,0,13080,13140.0,14670.0,14730.0,1530.0,0.0,86,39,3007.0,16087.0,pt,1650.0,14730.0,1650.0,"{'duration': 1530, 'source_transfer_time': 0, 'waiting_time': 450, 'trip_time': 1080, 'num_transfers': 0, 'departure_time': 13140, 'departure_day': 'current_day', 'arrival_time': 14670, 'arrival_day': 'current_day', 'steps': [{'duration': 1080, 'departure_time': 13590, 'arrival_time': 14670, 'day': 'current_day', 'from_stop_id': '86-5', 'to_stop_id': '39-5', 'trip_id': '8-1-18', 'agency_name': 'Unknown'}]}"
95,32,13920,intra,left,40,[95],[10; 20; 30],0,0,1000,751,13920,13980.0,16230.0,16290.0,2250.0,0.0,95,30,6015.0,19935.0,pt,3121.0,17041.0,3121.0,"{'duration': 2250, 'source_transfer_time': 0, 'waiting_time': 450, 'trip_time': 1800, 'num_transfers': 0, 'departure_time': 13980, 'departure_day': 'current_day', 'arrival_time': 16230, 'arrival_day': 'current_day', 'steps': [{'duration': 1800, 'departure_time': 14430, 'arrival_time': 16230, 'day': 'current_day', 'from_stop_id': '95-5', 'to_stop_id': '30-5', 'trip_id': '8-1-20', 'agency_name': 'Unknown'}]}"
33,85,12810,intra,left,41,[11; 23; 35; 54],[85],1000,751,0,0,13561,13621.0,15630.0,15690.0,2009.0,2.0,11,85,2631.0,15441.0,walking,2631.0,15690.0,2880.0,"{'duration': 2009, 'source_transfer_time': 0, 'waiting_time': 89, 'trip_time': 1920, 'num_transfers': 2, 'departure_time': 13621, 'departure_day': 'current_day', 'arrival_time': 15630, 'arrival_day': 'current_day', 'steps': [{'duration': 1050, 'departure_time': 13710, 'arrival_time': 14760, 'day': 'current_day', 'from_stop_id': '11-4', 'to_stop_id': 'MH-L-4', 'trip_id': '7-0-19', 'agency_name': 'Unknown'}, {'duration': 30, 'departure_time': 14760, 'arrival_time': 14790, 'day': 'current_day', 'from_stop_id': 'MH-L-4', 'to_stop_id': 'MH-L-5', 'trip_id': 'walking', 'agency_name': 'Unknown'}, {'duration': 690, 'departure_time': 14940, 'arrival_time': 15630, 'day': 'current_day', 'from_stop_id': 'MH-L-5', 'to_stop_id': '85-5', 'trip_id': '8-0-19', 'agency_name': 'Unknown'}]}"
92,11,10980,intra,left,42,[92],[11],0,0,0,0,10980,11040.0,13590.0,13650.0,2550.0,0.0,92,11,6015.0,16995.0,pt,2670.0,13650.0,2670.0,"{'duration': 2550, 'source_transfer_time': 0, 'waiting_time': 510, 'trip_time': 2040, 'num_transfers': 0, 'departure_time': 11040, 'departure_day': 'current_day', 'arrival_time': 13590, 'arrival_day': 'current_day', 'steps': [{'duration': 2040, 'departure_time': 11550, 'arrival_time': 13590, 'day': 'current_day', 'from_stop_id': '92-4', 'to_stop_id': '11-4', 'trip_id': '7-1-15', 'agency_name': 'Unknown'}]}"
105,17,13410,intra,left,43,[105],[16],0,0,500,375,13410,13470.0,15390.0,15450.0,1920.0,2.0,105,16,5639.0,19049.0,pt,2415.0,15825.0,2415.0,"{'duration': 1920, 'source_transfer_time': 0, 'waiting_time': 120, 'trip_time': 1800, 'num_transfers': 2, 'departure_time': 13470, 'departure_day': 'current_day', 'arrival_time': 15390, 'arrival_day': 'current_day', 'steps': [{'duration': 1050, 'departure_time': 13590, 'arrival_time': 14640, 'day': 'current_day', 'from_stop_id': '105-5', 'to_stop_id': '119-5', 'trip_id': '8-1-19', 'agency_name': 'Unknown'}, {'duration': 30, 'departure_time': 14640, 'arrival_time': 14670, 'day': 'current_day', 'from_stop_id': '119-5', 'to_stop_id': '119-2', 'trip_id': 'walking', 'agency_name': 'Unknown'}, {'duration': 720, 'departure_time': 14670, 'arrival_time': 15390, 'day': 'current_day', 'from_stop_id': '119-2', 'to_stop_id': '16-2', 'trip_id': '2-0-19', 'agency_name': 'Unknown'}]}"
13,95,10260,intra,left,44,[12; 24],[95],500,375,0,0,10635,10695.0,12870.0,12930.0,2175.0,2.0,12,95,3383.0,13643.0,pt,2670.0,12930.0,2670.0,"{'duration': 2175, 'source_transfer_time': 0, 'waiting_time': 135, 'trip_time': 2040, 'num_transfers': 2, 'departure_time': 10695, 'departure_day': 'current_day', 'arrival_time': 12870, 'arrival_day': 'current_day', 'steps': [{'duration': 930, 'departure_time': 10830, 'arrival_time': 11760, 'day': 'current_day', 'from_stop_id': '12-4', 'to_stop_id': 'MH-L-4', 'trip_id': '7-0-14', 'agency_name': 'Unknown'}, {'duration': 30, 'departure_time': 11760, 'arrival_time': 11790, 'day': 'current_day', 'from_stop_id': 'MH-L-4', 'to_stop_id': 'MH-L-5', 'trip_id': 'walking', 'agency_name': 'Unknown'}, {'duration': 930, 'departure_time': 11940, 'arrival_time': 12870, 'day': 'current_day', 'from_stop_id': 'MH-L-5', 'to_stop_id': '95-5', 'trip_id': '8-0-14', 'agency_name': 'Unknown'}]}"
63,41,3990,intra,left,45,[55],[30; 40],500,375,500,375,4365,4425.0,5790.0,5850.0,1365.0,2.0,55,40,3759.0,7749.0,pt,2235.0,6225.0,2235.0,"{'duration': 1365, 'source_transfer_time': 0, 'waiting_time': 285, 'trip_time': 1080, 'num_transfers': 2, 'departure_time': 4425, 'departure_day': 'current_day', 'arrival_time': 5790, 'arrival_day': 'current_day', 'steps': [{'duration': 450, 'departure_time': 4710, 'arrival_time': 5160, 'day': 'current_day', 'from_stop_id': '55-1', 'to_stop_id': 'MH-L-1', 'trip_id': '1-0-3', 'agency_name': 'Unknown'}, {'duration': 30, 'departure_time': 5160, 'arrival_time': 5190, 'day': 'current_day', 'from_stop_id': 'MH-L-1', 'to_stop_id': 'MH-L-5', 'trip_id': 'walking', 'agency_name': 'Unknown'}, {'duration': 450, 'departure_time': 5340, 'arrival_time': 5790, 'day': 'current_day', 'from_stop_id': 'MH-L-5', 'to_stop_id': '40-5', 'trip_id': '8-1-3', 'agency_name': 'Unknown'}]}"
88,60,9090,intra,left,46,[88],[60],0,0,0,0,9090,9150.0,10590.0,10650.0,1440.0,2.0,88,60,2631.0,11721.0,pt,1560.0,10650.0,1560.0,"{'duration': 1440, 'source_transfer_time': 0, 'waiting_time': 480, 'trip_time': 960, 'num_transfers': 2, 'departure_time': 9150, 'departure_day': 'current_day', 'arrival_time': 10590, 'arrival_day': 'current_day', 'steps': [{'duration': 330, 'departure_time': 9630, 'arrival_time': 9960, 'day': 'current_day', 'from_stop_id': '88-2', 'to_stop_id': 'MH-L-2', 'trip_id': '2-0-11', 'agency_name': 'Unknown'}, {'duration': 30, 'departure_time': 9960, 'arrival_time': 9990, 'day': 'current_day', 'from_stop_id': 'MH-L-2', 'to_stop_id': 'MH-L-1', 'trip_id': 'walking', 'agency_name': 'Unknown'}, {'duration': 450, 'departure_time': 10140, 'arrival_time': 10590, 'day': 'current_day', 'from_stop_id': 'MH-L-1', 'to_stop_id': '60-1', 'trip_id': '1-0-11', 'agency_name': 'Unknown'}]}"
106,56,9990,intra,left,47,[106],[56],0,0,0,0,9990,10050.0,11670.0,11730.0,1620.0,2.0,106,56,2255.0,12245.0,pt,1740.0,11730.0,1740.0,"{'duration': 1620, 'source_transfer_time': 0, 'waiting_time': 60, 'trip_time': 1560, 'num_transfers': 2, 'departure_time': 10050, 'departure_day': 'current_day', 'arrival_time': 11670, 'arrival_day': 'current_day', 'steps': [{'duration': 1050, 'departure_time': 10110, 'arrival_time': 11160, 'day': 'current_day', 'from_stop_id': '106-5', 'to_stop_id': 'MH-L-5', 'trip_id': '8-1-13', 'agency_name': 'Unknown'}, {'duration': 30, 'departure_time': 11160, 'arrival_time': 11190, 'day': 'current_day', 'from_stop_id': 'MH-L-5', 'to_stop_id': 'MH-L-1', 'trip_id': 'walking', 'agency_name': 'Unknown'}, {'duration': 330, 'departure_time': 11340, 'arrival_time': 11670, 'day': 'current_day', 'from_stop_id': 'MH-L-1', 'to_stop_id': '56-1', 'trip_id': '1-1-13', 'agency_name': 'Unknown'}]}"
70,87,3960,intra,left,48,[60],[76; 86; 88],500,375,500,375,4335,4395.0,5670.0,5730.0,1275.0,2.0,60,76,2631.0,6591.0,pt,2145.0,6105.0,2145.0,"{'duration': 1275, 'source_transfer_time': 0, 'waiting_time': 315, 'trip_time': 960, 'num_transfers': 2, 'departure_time': 4395, 'departure_day': 'current_day', 'arrival_time': 5670, 'arrival_day': 'current_day', 'steps': [{'duration': 450, 'departure_time': 4710, 'arrival_time': 5160, 'day': 'current_day', 'from_stop_id': '60-1', 'to_stop_id': 'MH-L-1', 'trip_id': '1-1-3', 'agency_name': 'Unknown'}, {'duration': 30, 'departure_time': 5160, 'arrival_time': 5190, 'day': 'current_day', 'from_stop_id': 'MH-L-1', 'to_stop_id': 'MH-L-5', 'trip_id': 'walking', 'agency_name': 'Unknown'}, {'duration': 330, 'departure_time': 5340, 'arrival_time': 5670, 'day': 'current_day', 'from_stop_id': 'MH-L-5', 'to_stop_id': '76-5', 'trip_id': '8-0-3', 'agency_name': 'Unknown'}]}"
28,111,6900,intra,left,49,[27; 29; 39],[110],500,375,500,375,7275,7335.0,8910.0,8970.0,1575.0,0.0,27,110,3007.0,9907.0,pt,2445.0,9345.0,2445.0,"{'duration': 1575, 'source_transfer_time': 0, 'waiting_time': 495, 'trip_time': 1080, 'num_transfers': 0, 'departure_time': 7335, 'departure_day': 'current_day', 'arrival_time': 8910, 'arrival_day': 'current_day', 'steps': [{'duration': 1080, 'departure_time': 7830, 'arrival_time': 8910, 'day': 'current_day', 'from_stop_id': '27-2', 'to_stop_id': '110-2', 'trip_id': '2-1-8', 'agency_name': 'Unknown'}]}"
10,11,4650,intra,left,50,[10],[11],0,0,0,0,4650,4710.0,7590.0,7650.0,2880.0,2.0,10,11,4135.0,8785.0,pt,3000.0,7650.0,3000.0,"{'duration': 2880, 'source_transfer_time': 0, 'waiting_time': 480, 'trip_time': 2400, 'num_transfers': 2, 'departure_time': 4710, 'departure_day': 'current_day', 'arrival_time': 7590, 'arrival_day': 'current_day', 'steps': [{'duration': 1170, 'departure_time': 5190, 'arrival_time': 6360, 'day': 'current_day', 'from_stop_id': '10-5', 'to_stop_id': 'MH-L-5', 'trip_id': '8-0-5', 'agency_name': 'Unknown'}, {'duration': 30, 'departure_time': 6360, 'arrival_time': 6390, 'day': 'current_day', 'from_stop_id': 'MH-L-5', 'to_stop_id': 'MH-L-4', 'trip_id': 'walking', 'agency_name': 'Unknown'}, {'duration': 1050, 'departure_time': 6540, 'arrival_time': 7590, 'day': 'current_day', 'from_stop_id': 'MH-L-4', 'to_stop_id': '11-4', 'trip_id': '7-1-5', 'agency_name': 'Unknown'}]}"
85,92,12750,intra,left,51,[85],[92],0,0,0,0,12750,12810.0,14550.0,14610.0,1740.0,2.0,85,92,2631.0,15381.0,pt,1860.0,14610.0,1860.0,"{'duration': 1740, 'source_transfer_time': 0, 'waiting_time': 60, 'trip_time': 1680, 'num_transfers': 2, 'departure_time': 12810, 'departure_day': 'current_day', 'arrival_time': 14550, 'arrival_day': 'current_day', 'steps': [{'duration': 690, 'departure_time': 12870, 'arrival_time': 13560, 'day': 'current_day', 'from_stop_id': '85-5', 'to_stop_id': 'MH-L-5', 'trip_id': '8-1-17', 'agency_name': 'Unknown'}, {'duration': 30, 'departure_time': 13560, 'arrival_time': 13590, 'day': 'current_day', 'from_stop_id': 'MH-L-5', 'to_stop_id': 'MH-L-4', 'trip_id': 'walking', 'agency_name': 'Unknown'}, {'duration': 810, 'departure_time': 13740, 'arrival_time': 14550, 'day': 'current_day', 'from_stop_id': 'MH-L-4', 'to_stop_id': '92-4', 'trip_id': '7-0-17', 'agency_name': 'Unknown'}]}"
72,89,4620,intra,left,52,[54],[88],1000,751,500,375,5371,5431.0,6870.0,6930.0,1439.0,2.0,54,88,2631.0,7251.0,walking,2631.0,7305.0,2685.0,"{'duration': 1439, 'source_transfer_time': 0, 'waiting_time': 359, 'trip_time': 1080, 'num_transfers': 2, 'departure_time': 5431, 'departure_day': 'current_day', 'arrival_time': 6870, 'arrival_day': 'current_day', 'steps': [{'duration': 570, 'departure_time': 5790, 'arrival_time': 6360, 'day': 'current_day', 'from_stop_id': '54-1', 'to_stop_id': 'MH-L-1', 'trip_id': '1-0-5', 'agency_name': 'Unknown'}, {'duration': 30, 'departure_time': 6360, 'arrival_time': 6390, 'day': 'current_day', 'from_stop_id': 'MH-L-1', 'to_stop_id': 'MH-L-2', 'trip_id': 'walking', 'agency_name': 'Unknown'}, {'duration': 330, 'departure_time': 6540, 'arrival_time': 6870, 'day': 'current_day', 'from_stop_id': 'MH-L-2', 'to_stop_id': '88-2', 'trip_id': '2-1-5', 'agency_name': 'Unknown'}]}"
11,89,9210,intra,left,53,[11],[88],0,0,500,375,9210,9270.0,11070.0,11130.0,1800.0,2.0,11,88,4887.0,14097.0,pt,2295.0,11505.0,2295.0,"{'duration': 1800, 'source_transfer_time': 0, 'waiting_time': 240, 'trip_time': 1560, 'num_transfers': 2, 'departure_time': 9270, 'departure_day': 'current_day', 'arrival_time': 11070, 'arrival_day': 'current_day', 'steps': [{'duration': 1050, 'departure_time': 9510, 'arrival_time': 10560, 'day': 'current_day', 'from_stop_id': '11-4', 'to_stop_id': 'MH-L-4', 'trip_id': '7-0-12', 'agency_name': 'Unknown'}, {'duration': 30, 'departure_time': 10560, 'arrival_time': 10590, 'day': 'current_day', 'from_stop_id': 'MH-L-4', 'to_stop_id': 'MH-L-2', 'trip_id': 'walking', 'agency_name': 'Unknown'}, {'duration': 330, 'departure_time': 10740, 'arrival_time': 11070, 'day': 'current_day', 'from_stop_id': 'MH-L-2', 'to_stop_id': '88-2', 'trip_id': '2-1-12', 'agency_name': 'Unknown'}]}"
4,85,10230,intra,left,54,[5],[85],500,375,0,0,10605,10665.0,12630.0,12690.0,1965.0,3.0,5,85,3759.0,13989.0,pt,2460.0,12690.0,2460.0,"{'duration': 1965, 'source_transfer_time': 0, 'waiting_time': 525, 'trip_time': 1440, 'num_transfers': 3, 'departure_time': 10665, 'departure_day': 'current_day', 'arrival_time': 12630, 'arrival_day': 'current_day', 'steps': [{'duration': 450, 'departure_time': 11190, 'arrival_time': 11640, 'day': 'current_day', 'from_stop_id': '5-2', 'to_stop_id': '116-2', 'trip_id': '2-1-14', 'agency_name': 'Unknown'}, {'duration': 30, 'departure_time': 11640, 'arrival_time': 11670, 'day': 'current_day', 'from_stop_id': '116-2', 'to_stop_id': '116-5', 'trip_id': 'walking', 'agency_name': 'Unknown'}, {'duration': 360, 'departure_time': 11670, 'arrival_time': 12030, 'day': 'current_day', 'from_stop_id': '116-5', 'to_stop_id': '119-5', 'trip_id': '8-0-14', 'agency_name': 'Unknown'}, {'duration': 570, 'departure_time': 12060, 'arrival_time': 12630, 'day': 'current_day', 'from_stop_id': '119-5', 'to_stop_id': '85-5', 'trip_id': '8-0-14', 'agency_name': 'Unknown'}]}"
0,56,6420,intra,left,55,[0],[56],0,0,0,0,6420,6480.0,8670.0,8730.0,2190.0,3.0,0,56,2631.0,9051.0,pt,2310.0,8730.0,2310.0,"{'duration': 2190, 'source_transfer_time': 0, 'waiting_time': 510, 'trip_time': 1680, 'num_transfers': 3, 'departure_time': 6480, 'departure_day': 'current_day', 'arrival_time': 8670, 'arrival_day': 'current_day', 'steps': [{'duration': 1050, 'departure_time': 6990, 'arrival_time': 8040, 'day': 'current_day', 'from_stop_id': '0-4', 'to_stop_id': '117-4', 'trip_id': '7-0-8', 'agency_name': 'Unknown'}, {'duration': 30, 'departure_time': 8040, 'arrival_time': 8070, 'day': 'current_day', 'from_stop_id': '117-4', 'to_stop_id': '117-1', 'trip_id': 'walking', 'agency_name': 'Unknown'}, {'duration': 90, 'departure_time': 8070, 'arrival_time': 8160, 'day': 'current_day', 'from_stop_id': '117-1', 'to_stop_id': 'MH-L-1', 'trip_id': '1-0-8', 'agency_name': 'Unknown'}, {'duration': 330, 'departure_time': 8340, 'arrival_time': 8670, 'day': 'current_day', 'from_stop_id': 'MH-L-1', 'to_stop_id': '56-1', 'trip_id': '1-1-8', 'agency_name': 'Unknown'}]}"
45,71,14190,intra,left,56,[55],[61],500,375,500,375,14565,14625.0,16110.0,16170.0,1485.0,0.0,55,61,4135.0,18325.0,pt,2355.0,16545.0,2355.0,"{'duration': 1485, 'source_transfer_time': 0, 'waiting_time': 285, 'trip_time': 1200, 'num_transfers': 0, 'departure_time': 14625, 'departure_day': 'current_day', 'arrival_time': 16110, 'arrival_day': 'current_day', 'steps': [{'duration': 1200, 'departure_time': 14910, 'arrival_time': 16110, 'day': 'current_day', 'from_stop_id': '55-1', 'to_stop_id': '61-1', 'trip_id': '1-0-20', 'agency_name': 'Unknown'}]}"
98,21,8460,intra,left,57,[99],[10; 20],500,375,500,375,8835,8895.0,10470.0,10530.0,1575.0,2.0,99,20,5263.0,13723.0,pt,2445.0,10905.0,2445.0,"{'duration': 1575, 'source_transfer_time': 0, 'waiting_time': 15, 'trip_time': 1560, 'num_transfers': 2, 'departure_time': 8895, 'departure_day': 'current_day', 'arrival_time': 10470, 'arrival_day': 'current_day', 'steps': [{'duration': 330, 'departure_time': 8910, 'arrival_time': 9240, 'day': 'current_day', 'from_stop_id': '99-2', 'to_stop_id': '119-2', 'trip_id': '2-0-10', 'agency_name': 'Unknown'}, {'duration': 30, 'departure_time': 9240, 'arrival_time': 9270, 'day': 'current_day', 'from_stop_id': '119-2', 'to_stop_id': '119-5', 'trip_id': 'walking', 'agency_name': 'Unknown'}, {'duration': 1200, 'departure_time': 9270, 'arrival_time': 10470, 'day': 'current_day', 'from_stop_id': '119-5', 'to_stop_id': '20-5', 'trip_id': '8-1-10', 'agency_name': 'Unknown'}]}"
110,29,11490,intra,left,58,[110],[29],0,0,0,0,11490,11550.0,13110.0,13170.0,1560.0,3.0,110,29,3759.0,15249.0,pt,1680.0,13170.0,1680.0,"{'duration': 1560, 'source_transfer_time': 0, 'waiting_time': 240, 'trip_time': 1320, 'num_transfers': 3, 'departure_time': 11550, 'departure_day': 'current_day', 'arrival_time': 13110, 'arrival_day': 'current_day', 'steps': [{'duration': 450, 'departure_time': 11790, 'arrival_time': 12240, 'day': 'current_day', 'from_stop_id': '110-2', 'to_stop_id': '119-2', 'trip_id': '2-0-15', 'agency_name': 'Unknown'}, {'duration': 30, 'departure_time': 12240, 'arrival_time': 12270, 'day': 'current_day', 'from_stop_id': '119-2', 'to_stop_id': '119-5', 'trip_id': 'walking', 'agency_name': 'Unknown'}, {'duration': 360, 'departure_time': 12270, 'arrival_time': 12630, 'day': 'current_day', 'from_stop_id': '119-5', 'to_stop_id': '116-5', 'trip_id': '8-1-15', 'agency_name': 'Unknown'}, {'duration': 450, 'departure_time': 12660, 'arrival_time': 13110, 'day': 'current_day', 'from_stop_id': '116-5', 'to_stop_id': '29-5', 'trip_id': '8-1-15', 'agency_name': 'Unknown'}]}"
94,30,13560,intra,left,59,[95; 105],[30],500,375,0,0,13935,13995.0,16230.0,16290.0,2235.0,0.0,95,30,5639.0,19199.0,pt,2730.0,16290.0,2730.0,"{'duration': 2235, 'source_transfer_time': 0, 'waiting_time': 435, 'trip_time': 1800, 'num_transfers': 0, 'departure_time': 13995, 'departure_day': 'current_day', 'arrival_time': 16230, 'arrival_day': 'current_day', 'steps': [{'duration': 1800, 'departure_time': 14430, 'arrival_time': 16230, 'day': 'current_day', 'from_stop_id': '95-5', 'to_stop_id': '30-5', 'trip_id': '8-1-20', 'agency_name': 'Unknown'}]}"
103,108,8760,intra,left,60,[103],[86; 96; 106; 110],0,0,1000,751,8760,8820.0,10710.0,10770.0,1890.0,2.0,103,86,2631.0,11391.0,walking,2631.0,11521.0,2761.0,"{'duration': 1890, 'source_transfer_time': 0, 'waiting_time': 210, 'trip_time': 1680, 'num_transfers': 2, 'departure_time': 8820, 'departure_day': 'current_day', 'arrival_time': 10710, 'arrival_day': 'current_day', 'steps': [{'duration': 930, 'departure_time': 9030, 'arrival_time': 9960, 'day': 'current_day', 'from_stop_id': '103-4', 'to_stop_id': 'MH-L-4', 'trip_id': '7-1-11', 'agency_name': 'Unknown'}, {'duration': 30, 'departure_time': 9960, 'arrival_time': 9990, 'day': 'current_day', 'from_stop_id': 'MH-L-4', 'to_stop_id': 'MH-L-5', 'trip_id': 'walking', 'agency_name': 'Unknown'}, {'duration': 570, 'departure_time': 10140, 'arrival_time': 10710, 'day': 'current_day', 'from_stop_id': 'MH-L-5', 'to_stop_id': '86-5', 'trip_id': '8-0-11', 'agency_name': 'Unknown'}]}"
21,94,4830,intra,left,61,[10; 20],[95; 105],500,375,500,375,5205,5265.0,7470.0,7530.0,2205.0,0.0,20,95,6766.0,11596.0,pt,3075.0,7905.0,3075.0,"{'duration': 2205, 'source_transfer_time': 0, 'waiting_time': 165, 'trip_time': 2040, 'num_transfers': 0, 'departure_time': 5265, 'departure_day': 'current_day', 'arrival_time': 7470, 'arrival_day': 'current_day', 'steps': [{'duration': 2040, 'departure_time': 5430, 'arrival_time': 7470, 'day': 'current_day', 'from_stop_id': '20-5', 'to_stop_id': '95-5', 'trip_id': '8-0-5', 'agency_name': 'Unknown'}]}"
90,52,11550,intra,left,62,[79; 91],[60],500,375,500,375,11925,11985.0,13590.0,13650.0,1605.0,2.0,79,60,2255.0,13805.0,walking,2255.0,14025.0,2475.0,"{'duration': 1605, 'source_transfer_time': 0, 'waiting_time': 525, 'trip_time': 1080, 'num_transfers': 2, 'departure_time': 11985, 'departure_day': 'current_day', 'arrival_time': 13590, 'arrival_day': 'current_day', 'steps': [{'duration': 330, 'departure_time': 12510, 'arrival_time': 12840, 'day': 'current_day', 'from_stop_id': '79-4', 'to_stop_id': '118-4', 'trip_id': '7-1-16', 'agency_name': 'Unknown'}, {'duration': 30, 'departure_time': 12840, 'arrival_time': 12870, 'day': 'current_day', 'from_stop_id': '118-4', 'to_stop_id': '118-1', 'trip_id': 'walking', 'agency_name': 'Unknown'}, {'duration': 330, 'departure_time': 13260, 'arrival_time': 13590, 'day': 'current_day', 'from_stop_id': '118-1', 'to_stop_id': '60-1', 'trip_id': '1-0-16', 'agency_name': 'Unknown'}]}"
19,104,13350,intra,left,63,[19],[104],0,0,0,0,13350,13410.0,15990.0,16050.0,2580.0,2.0,19,104,3759.0,17109.0,pt,2700.0,16050.0,2700.0,"{'duration': 2580, 'source_transfer_time': 0, 'waiting_time': 540, 'trip_time': 2040, 'num_transfers': 2, 'departure_time': 13410, 'departure_day': 'current_day', 'arrival_time': 15990, 'arrival_day': 'current_day', 'steps': [{'duration': 810, 'departure_time': 13950, 'arrival_time': 14760, 'day': 'current_day', 'from_stop_id': '19-5', 'to_stop_id': 'MH-L-5', 'trip_id': '8-0-19', 'agency_name': 'Unknown'}, {'duration': 30, 'departure_time': 14760, 'arrival_time': 14790, 'day': 'current_day', 'from_stop_id': 'MH-L-5', 'to_stop_id': 'MH-L-4', 'trip_id': 'walking', 'agency_name': 'Unknown'}, {'duration': 1050, 'departure_time': 14940, 'arrival_time': 15990, 'day': 'current_day', 'from_stop_id': 'MH-L-4', 'to_stop_id': '104-4', 'trip_id': '7-0-19', 'agency_name': 'Unknown'}]}"
24,52,10380,intra,left,64,[24],[60],0,0,500,375,10380,10440.0,11790.0,11850.0,1350.0,3.0,24,60,3383.0,13763.0,pt,1845.0,12225.0,1845.0,"{'duration': 1350, 'source_transfer_time': 0, 'waiting_time': 30, 'trip_time': 1320, 'num_transfers': 3, 'departure_time': 10440, 'departure_day': 'current_day', 'arrival_time': 11790, 'arrival_day': 'current_day', 'steps': [{'duration': 570, 'departure_time': 10470, 'arrival_time': 11040, 'day': 'current_day', 'from_stop_id': '24-4', 'to_stop_id': '117-4', 'trip_id': '7-0-13', 'agency_name': 'Unknown'}, {'duration': 30, 'departure_time': 11040, 'arrival_time': 11070, 'day': 'current_day', 'from_stop_id': '117-4', 'to_stop_id': '117-1', 'trip_id': 'walking', 'agency_name': 'Unknown'}, {'duration': 360, 'departure_time': 11070, 'arrival_time': 11430, 'day': 'current_day', 'from_stop_id': '117-1', 'to_stop_id': '118-1', 'trip_id': '1-0-13', 'agency_name': 'Unknown'}, {'duration': 330, 'departure_time': 11460, 'arrival_time': 11790, 'day': 'current_day', 'from_stop_id': '118-1', 'to_stop_id': '60-1', 'trip_id': '1-0-13', 'agency_name': 'Unknown'}]}"
43,119,8130,intra,left,65,[61],[119],1000,751,0,0,8881,8941.0,10230.0,10290.0,1289.0,2.0,61,119,3007.0,11137.0,pt,2160.0,10290.0,2160.0,"{'duration': 1289, 'source_transfer_time': 0, 'waiting_time': 449, 'trip_time': 840, 'num_transfers': 2, 'departure_time': 8941, 'departure_day': 'current_day', 'arrival_time': 10230, 'arrival_day': 'current_day', 'steps': [{'duration': 570, 'departure_time': 9390, 'arrival_time': 9960, 'day': 'current_day', 'from_stop_id': '61-1', 'to_stop_id': 'MH-L-1', 'trip_id': '1-1-11', 'agency_name': 'Unknown'}, {'duration': 30, 'departure_time': 9960, 'arrival_time': 9990, 'day': 'current_day', 'from_stop_id': 'MH-L-1', 'to_stop_id': 'MH-L-2', 'trip_id': 'walking', 'agency_name': 'Unknown'}, {'duration': 90, 'departure_time': 10140, 'arrival_time': 10230, 'day': 'current_day', 'from_stop_id': 'MH-L-2', 'to_stop_id': '119-2', 'trip_id': '2-1-11', 'agency_name': 'Unknown'}]}"
64,71,8400,intra,left,66,[56],[61],500,375,500,375,8775,8835.0,10110.0,10170.0,1275.0,0.0,56,61,3007.0,11407.0,pt,2145.0,10545.0,2145.0,"{'duration': 1275, 'source_transfer_time': 0, 'waiting_time': 195, 'trip_time': 1080, 'num_transfers': 0, 'departure_time': 8835, 'departure_day': 'current_day', 'arrival_time': 10110, 'arrival_day': 'current_day', 'steps': [{'duration': 1080, 'departure_time': 9030, 'arrival_time': 10110, 'day': 'current_day', 'from_stop_id': '56-1', 'to_stop_id': '61-1', 'trip_id': '1-0-10', 'agency_name': 'Unknown'}]}"
78,83,12060,intra,left,67,[67; 77; 79],[85; 95; 105],500,375,1000,751,12435,12495.0,13830.0,13890.0,1335.0,2.0,67,85,2631.0,14691.0,pt,2581.0,14641.0,2581.0,"{'duration': 1335, 'source_transfer_time': 0, 'waiting_time': 255, 'trip_time': 1080, 'num_transfers': 2, 'departure_time': 12495, 'departure_day': 'current_day', 'arrival_time': 13830, 'arrival_day': 'current_day', 'steps': [{'duration': 210, 'departure_time': 12750, 'arrival_time': 12960, 'day': 'current_day', 'from_stop_id': '67-4', 'to_stop_id': 'MH-L-4', 'trip_id': '7-1-16', 'agency_name': 'Unknown'}, {'duration': 30, 'departure_time': 12960, 'arrival_time': 12990, 'day': 'current_day', 'from_stop_id': 'MH-L-4', 'to_stop_id': 'MH-L-5', 'trip_id': 'walking', 'agency_name': 'Unknown'}, {'duration': 690, 'departure_time': 13140, 'arrival_time': 13830, 'day': 'current_day', 'from_stop_id': 'MH-L-5', 'to_stop_id': '85-5', 'trip_id': '8-0-16', 'agency_name': 'Unknown'}]}"
21,110,7260,intra,left,68,[10; 20],[110],500,375,0,0,7635,7695.0,9510.0,9570.0,1815.0,4.0,20,110,5263.0,12523.0,pt,2310.0,9570.0,2310.0,"{'duration': 1815, 'source_transfer_time': 0, 'waiting_time': 135, 'trip_time': 1680, 'num_transfers': 4, 'departure_time': 7695, 'departure_day': 'current_day', 'arrival_time': 9510, 'arrival_day': 'current_day', 'steps': [{'duration': 810, 'departure_time': 7830, 'arrival_time': 8640, 'day': 'current_day', 'from_stop_id': '20-5', 'to_stop_id': '116-5', 'trip_id': '8-0-9', 'agency_name': 'Unknown'}, {'duration': 30, 'departure_time': 8640, 'arrival_time': 8670, 'day': 'current_day', 'from_stop_id': '116-5', 'to_stop_id': '116-2', 'trip_id': 'walking', 'agency_name': 'Unknown'}, {'duration': 90, 'departure_time': 8670, 'arrival_time': 8760, 'day': 'current_day', 'from_stop_id': '116-2', 'to_stop_id': 'MH-L-2', 'trip_id': '2-1-9', 'agency_name': 'Unknown'}, {'duration': 90, 'departure_time': 8940, 'arrival_time': 9030, 'day': 'current_day', 'from_stop_id': 'MH-L-2', 'to_stop_id': '119-2', 'trip_id': '2-1-9', 'agency_name': 'Unknown'}, {'duration': 450, 'departure_time': 9060, 'arrival_time': 9510, 'day': 'current_day', 'from_stop_id': '119-2', 'to_stop_id': '110-2', 'trip_id': '2-1-9', 'agency_name': 'Unknown'}]}"
23,109,13560,intra,left,69,[23],[110],0,0,500,375,13560,13620.0,15510.0,15570.0,1890.0,2.0,23,110,4135.0,17695.0,pt,2385.0,15945.0,2385.0,"{'duration': 1890, 'source_transfer_time': 0, 'waiting_time': 330, 'trip_time': 1560, 'num_transfers': 2, 'departure_time': 13620, 'departure_day': 'current_day', 'arrival_time': 15510, 'arrival_day': 'current_day', 'steps': [{'duration': 810, 'departure_time': 13950, 'arrival_time': 14760, 'day': 'current_day', 'from_stop_id': '23-4', 'to_stop_id': 'MH-L-4', 'trip_id': '7-0-19', 'agency_name': 'Unknown'}, {'duration': 30, 'departure_time': 14760, 'arrival_time': 14790, 'day': 'current_day', 'from_stop_id': 'MH-L-4', 'to_stop_id': 'MH-L-2', 'trip_id': 'walking', 'agency_name': 'Unknown'}, {'duration': 570, 'departure_time': 14940, 'arrival_time': 15510, 'day': 'current_day', 'from_stop_id': 'MH-L-2', 'to_stop_id': '110-2', 'trip_id': '2-1-19', 'agency_name': 'Unknown'}]}"
18,155,14040,inter,left,70,[19; 29],[144; 156],500,375,500,375,14415,14475.0,18510.0,18570.0,4035.0,4.0,19,156,,,pt,4905.0,18945.0,4905.0,"{'duration': 4035, 'source_transfer_time': 0, 'waiting_time': 75, 'trip_time': 3960, 'num_transfers': 4, 'departure_time': 14475, 'departure_day': 'current_day', 'arrival_time': 18510, 'arrival_day': 'current_day', 'steps': [{'duration': 810, 'departure_time': 14550, 'arrival_time': 15360, 'day': 'current_day', 'from_stop_id': '19-5', 'to_stop_id': 'MH-L-5', 'trip_id': '8-0-20', 'agency_name': 'Unknown'}, {'duration': 30, 'departure_time': 15360, 'arrival_time': 15390, 'day': 'current_day', 'from_stop_id': 'MH-L-5', 'to_stop_id': 'MH-L-0', 'trip_id': 'walking', 'agency_name': 'Unknown'}, {'duration': 1500, 'departure_time': 16200, 'arrival_time': 17700, 'day': 'current_day', 'from_stop_id': 'MH-L-0', 'to_stop_id': 'MH-R-0', 'trip_id': '0-0-7', 'agency_name': 'Unknown'}, {'duration': 30, 'departure_time': 17700, 'arrival_time': 17730, 'day': 'current_day', 'from_stop_id': 'MH-R-0', 'to_stop_id': 'MH-R-4', 'trip_id': 'walking', 'agency_name': 'Unknown'}, {'duration': 570, 'departure_time': 17940, 'arrival_time': 18510, 'day': 'current_day', 'from_stop_id': 'MH-R-4', 'to_stop_id': '156-4', 'trip_id': '9-1-24', 'agency_name': 'Unknown'}]}"
6,191,8010,inter,left,71,[5],[181],500,375,500,375,8385,8445.0,12990.0,13050.0,4545.0,4.0,5,181,,,pt,5415.0,13425.0,5415.0,"{'duration': 4545, 'source_transfer_time': 0, 'waiting_time': 345, 'trip_time': 4200, 'num_transfers': 4, 'departure_time': 8445, 'departure_day': 'current_day', 'arrival_time': 12990, 'arrival_day': 'current_day', 'steps': [{'duration': 570, 'departure_time': 8790, 'arrival_time': 9360, 'day': 'current_day', 'from_stop_id': '5-2', 'to_stop_id': 'MH-L-2', 'trip_id': '2-1-10', 'agency_name': 'Unknown'}, {'duration': 30, 'departure_time': 9360, 'arrival_time': 9390, 'day': 'current_day', 'from_stop_id': 'MH-L-2', 'to_stop_id': 'MH-L-0', 'trip_id': 'walking', 'agency_name': 'Unknown'}, {'duration': 1500, 'departure_time': 10800, 'arrival_time': 12300, 'day': 'current_day', 'from_stop_id': 'MH-L-0', 'to_stop_id': 'MH-R-0', 'trip_id': '0-0-4', 'agency_name': 'Unknown'}, {'duration': 30, 'departure_time': 12300, 'arrival_time': 12330, 'day': 'current_day', 'from_stop_id': 'MH-R-0', 'to_stop_id': 'MH-R-1', 'trip_id': 'walking', 'agency_name': 'Unknown'}, {'duration': 450, 'departure_time': 12540, 'arrival_time': 12990, 'day': 'current_day', 'from_stop_id': 'MH-R-1', 'to_stop_id': '181-1', 'trip_id': '3-0-15', 'agency_name': 'Unknown'}]}"
60,198,10530,inter,left,72,[60],[198],0,0,0,0,10530,10590.0,14550.0,14610.0,3960.0,4.0,60,198,,,pt,4080.0,14610.0,4080.0,"{'duration': 3960, 'source_transfer_time': 0, 'waiting_time': 120, 'trip_time': 3840, 'num_transfers': 4, 'departure_time': 10590, 'departure_day': 'current_day', 'arrival_time': 14550, 'arrival_day': 'current_day', 'steps': [{'duration': 450, 'departure_time': 10710, 'arrival_time': 11160, 'day': 'current_day', 'from_stop_id': '60-1', 'to_stop_id': 'MH-L-1', 'trip_id': '1-1-13', 'agency_name': 'Unknown'}, {'duration': 30, 'departure_time': 11160, 'arrival_time': 11190, 'day': 'current_day', 'from_stop_id': 'MH-L-1', 'to_stop_id': 'MH-L-0', 'trip_id': 'walking', 'agency_name': 'Unknown'}, {'duration': 1500, 'departure_time': 12600, 'arrival_time': 14100, 'day': 'current_day', 'from_stop_id': 'MH-L-0', 'to_stop_id': 'MH-R-0', 'trip_id': '0-0-5', 'agency_name': 'Unknown'}, {'duration': 30, 'departure_time': 14100, 'arrival_time': 14130, 'day': 'current_day', 'from_stop_id': 'MH-R-0', 'to_stop_id': 'MH-R-2', 'trip_id': 'walking', 'agency_name': 'Unknown'}, {'duration': 210, 'departure_time': 14340, 'arrival_time': 14550, 'day': 'current_day', 'from_stop_id': 'MH-R-2', 'to_stop_id': '198-2', 'trip_id': '4-1-18', 'agency_name': 'Unknown'}]}"
109,160,5520,inter,left,73,[110],[160],500,375,0,0,5895,5955.0,9270.0,9330.0,3315.0,4.0,110,160,,,pt,3810.0,9330.0,3810.0,"{'duration': 3315, 'source_transfer_time': 0, 'waiting_time': 435, 'trip_time': 2880, 'num_transfers': 4, 'departure_time': 5955, 'departure_day': 'current_day', 'arrival_time': 9270, 'arrival_day': 'current_day', 'steps': [{'duration': 570, 'departure_time': 6390, 'arrival_time': 6960, 'day': 'current_day', 'from_stop_id': '110-2', 'to_stop_id': 'MH-L-2', 'trip_id': '2-0-6', 'agency_name': 'Unknown'}, {'duration': 30, 'departure_time': 6960, 'arrival_time': 6990, 'day': 'current_day', 'from_stop_id': 'MH-L-2', 'to_stop_id': 'MH-L-0', 'trip_id': 'walking', 'agency_name': 'Unknown'}, {'duration': 1500, 'departure_time': 7200, 'arrival_time': 8700, 'day': 'current_day', 'from_stop_id': 'MH-L-0', 'to_stop_id': 'MH-R-0', 'trip_id': '0-0-2', 'agency_name': 'Unknown'}, {'duration': 30, 'departure_time': 8700, 'arrival_time': 8730, 'day': 'current_day', 'from_stop_id': 'MH-R-0', 'to_stop_id': 'MH-R-5', 'trip_id': 'walking', 'agency_name': 'Unknown'}, {'duration': 330, 'departure_time': 8940, 'arrival_time': 9270, 'day': 'current_day', 'from_stop_id': 'MH-R-5', 'to_stop_id': '160-5', 'trip_id': '10-1-9', 'agency_name': 'Unknown'}]}"
60,133,3720,inter,left,74,[60],[133],0,0,0,0,3720,3780.0,8070.0,8130.0,4290.0,4.0,60,133,,,pt,4410.0,8130.0,4410.0,"{'duration': 4290, 'source_transfer_time': 0, 'waiting_time': 330, 'trip_time': 3960, 'num_transfers': 4, 'departure_time': 3780, 'departure_day': 'current_day', 'arrival_time': 8070, 'arrival_day': 'current_day', 'steps': [{'duration': 450, 'departure_time': 4110, 'arrival_time': 4560, 'day': 'current_day', 'from_stop_id': '60-1', 'to_stop_id': 'MH-L-1', 'trip_id': '1-1-2', 'agency_name': 'Unknown'}, {'duration': 30, 'departure_time': 4560, 'arrival_time': 4590, 'day': 'current_day', 'from_stop_id': 'MH-L-1', 'to_stop_id': 'MH-L-0', 'trip_id': 'walking', 'agency_name': 'Unknown'}, {'duration': 1500, 'departure_time': 5400, 'arrival_time': 6900, 'day': 'current_day', 'from_stop_id': 'MH-L-0', 'to_stop_id': 'MH-R-0', 'trip_id': '0-0-1', 'agency_name': 'Unknown'}, {'duration': 30, 'departure_time': 6900, 'arrival_time': 6930, 'day': 'current_day', 'from_stop_id': 'MH-R-0', 'to_stop_id': 'MH-R-4', 'trip_id': 'walking', 'agency_name': 'Unknown'}, {'duration': 930, 'departure_time': 7140, 'arrival_time': 8070, 'day': 'current_day', 'from_stop_id': 'MH-R-4', 'to_stop_id': '133-4', 'trip_id': '9-1-6', 'agency_name': 'Unknown'}]}"
100,179,10260,inter,left,75,[99],[179],500,375,0,0,10635,10695.0,14550.0,14610.0,3855.0,4.0,99,179,,,pt,4350.0,14610.0,4350.0,"{'duration': 3855, 'source_transfer_time': 0, 'waiting_time': 15, 'trip_time': 3840, 'num_transfers': 4, 'departure_time': 10695, 'departure_day': 'current_day', 'arrival_time': 14550, 'arrival_day': 'current_day', 'steps': [{'duration': 450, 'departure_time': 10710, 'arrival_time': 11160, 'day': 'current_day', 'from_stop_id': '99-2', 'to_stop_id': 'MH-L-2', 'trip_id': '2-0-13', 'agency_name': 'Unknown'}, {'duration': 30, 'departure_time': 11160, 'arrival_time': 11190, 'day': 'current_day', 'from_stop_id': 'MH-L-2', 'to_stop_id': 'MH-L-0', 'trip_id': 'walking', 'agency_name': 'Unknown'}, {'duration': 1500, 'departure_time': 12600, 'arrival_time': 14100, 'day': 'current_day', 'from_stop_id': 'MH-L-0', 'to_stop_id': 'MH-R-0', 'trip_id': '0-0-5', 'agency_name': 'Unknown'}, {'duration': 30, 'departure_time': 14100, 'arrival_time': 14130, 'day': 'current_day', 'from_stop_id': 'MH-R-0', 'to_stop_id': 'MH-R-1', 'trip_id': 'walking', 'agency_name': 'Unknown'}, {'duration': 210, 'departure_time': 14340, 'arrival_time': 14550, 'day': 'current_day', 'from_stop_id': 'MH-R-1', 'to_stop_id': '179-1', 'trip_id': '3-0-18', 'agency_name': 'Unknown'}]}"
21,229,11280,inter,left,76,[10; 20],[207; 217; 227; 231],500,375,1000,751,11655,11715.0,16710.0,16770.0,4995.0,4.0,10,207,,,pt,6241.0,17521.0,6241.0,"{'duration': 4995, 'source_transfer_time': 0, 'waiting_time': 75, 'trip_time': 4920, 'num_transfers': 4, 'departure_time': 11715, 'departure_day': 'current_day', 'arrival_time': 16710, 'arrival_day': 'current_day', 'steps': [{'duration': 1170, 'departure_time': 11790, 'arrival_time': 12960, 'day': 'current_day', 'from_stop_id': '10-5', 'to_stop_id': 'MH-L-5', 'trip_id': '8-0-16', 'agency_name': 'Unknown'}, {'duration': 30, 'departure_time': 12960, 'arrival_time': 12990, 'day': 'current_day', 'from_stop_id': 'MH-L-5', 'to_stop_id': 'MH-L-0', 'trip_id': 'walking', 'agency_name': 'Unknown'}, {'duration': 1500, 'departure_time': 14400, 'arrival_time': 15900, 'day': 'current_day', 'from_stop_id': 'MH-L-0', 'to_stop_id': 'MH-R-0', 'trip_id': '0-0-6', 'agency_name': 'Unknown'}, {'duration': 30, 'departure_time': 15900, 'arrival_time': 15930, 'day': 'current_day', 'from_stop_id': 'MH-R-0', 'to_stop_id': 'MH-R-5', 'trip_id': 'walking', 'agency_name': 'Unknown'}, {'duration': 570, 'departure_time': 16140, 'arrival_time': 16710, 'day': 'current_day', 'from_stop_id': 'MH-R-5', 'to_stop_id': '207-5', 'trip_id': '10-0-21', 'agency_name': 'Unknown'}]}"
35,198,4230,inter,left,77,[35],[198],0,0,0,0,4230,4290.0,7350.0,7410.0,3060.0,4.0,35,198,,,pt,3180.0,7410.0,3180.0,"{'duration': 3060, 'source_transfer_time': 0, 'waiting_time': 300, 'trip_time': 2760, 'num_transfers': 4, 'departure_time': 4290, 'departure_day': 'current_day', 'arrival_time': 7350, 'arrival_day': 'current_day', 'steps': [{'duration': 570, 'departure_time': 4590, 'arrival_time': 5160, 'day': 'current_day', 'from_stop_id': '35-4', 'to_stop_id': 'MH-L-4', 'trip_id': '7-0-3', 'agency_name': 'Unknown'}, {'duration': 30, 'departure_time': 5160, 'arrival_time': 5190, 'day': 'current_day', 'from_stop_id': 'MH-L-4', 'to_stop_id': 'MH-L-0', 'trip_id': 'walking', 'agency_name': 'Unknown'}, {'duration': 1500, 'departure_time': 5400, 'arrival_time': 6900, 'day': 'current_day', 'from_stop_id': 'MH-L-0', 'to_stop_id': 'MH-R-0', 'trip_id': '0-0-1', 'agency_name': 'Unknown'}, {'duration': 30, 'departure_time': 6900, 'arrival_time': 6930, 'day': 'current_day', 'from_stop_id': 'MH-R-0', 'to_stop_id': 'MH-R-2', 'trip_id': 'walking', 'agency_name': 'Unknown'}, {'duration': 210, 'departure_time': 7140, 'arrival_time': 7350, 'day': 'current_day', 'from_stop_id': 'MH-R-2', 'to_stop_id': '198-2', 'trip_id': '4-1-6', 'agency_name': 'Unknown'}]}"
68,219,6390,inter,left,78,[68],[220],0,0,500,375,6390,6450.0,9390.0,9450.0,2940.0,4.0,68,220,,,pt,3435.0,9825.0,3435.0,"{'duration': 2940, 'source_transfer_time': 0, 'waiting_time': 180, 'trip_time': 2760, 'num_transfers': 4, 'departure_time': 6450, 'departure_day': 'current_day', 'arrival_time': 9390, 'arrival_day': 'current_day', 'steps': [{'duration': 330, 'departure_time': 6630, 'arrival_time': 6960, 'day': 'current_day', 'from_stop_id': '68-4', 'to_stop_id': 'MH-L-4', 'trip_id': '7-1-6', 'agency_name': 'Unknown'}, {'duration': 30, 'departure_time': 6960, 'arrival_time': 6990, 'day': 'current_day', 'from_stop_id': 'MH-L-4', 'to_stop_id': 'MH-L-0', 'trip_id': 'walking', 'agency_name': 'Unknown'}, {'duration': 1500, 'departure_time': 7200, 'arrival_time': 8700, 'day': 'current_day', 'from_stop_id': 'MH-L-0', 'to_stop_id': 'MH-R-0', 'trip_id': '0-0-2', 'agency_name': 'Unknown'}, {'duration': 30, 'departure_time': 8700, 'arrival_time': 8730, 'day': 'current_day', 'from_stop_id': 'MH-R-0', 'to_stop_id': 'MH-R-2', 'trip_id': 'walking', 'agency_name': 'Unknown'}, {'duration': 450, 'departure_time': 8940, 'arrival_time': 9390, 'day': 'current_day', 'from_stop_id': 'MH-R-2', 'to_stop_id': '220-2', 'trip_id': '4-1-9', 'agency_name': 'Unknown'}]}"
69,234,10170,inter,left,79,[59; 68; 80],[212; 224; 236],500,375,1000,751,10545,10605.0,15030.0,15090.0,4425.0,4.0,59,212,,,pt,5671.0,15841.0,5671.0,"{'duration': 4425, 'source_transfer_time': 0, 'waiting_time': 225, 'trip_time': 4200, 'num_transfers': 4, 'departure_time': 10605, 'departure_day': 'current_day', 'arrival_time': 15030, 'arrival_day': 'current_day', 'steps': [{'duration': 330, 'departure_time': 10830, 'arrival_time': 11160, 'day': 'current_day', 'from_stop_id': '59-1', 'to_stop_id': 'MH-L-1', 'trip_id': '1-1-13', 'agency_name': 'Unknown'}, {'duration': 30, 'departure_time': 11160, 'arrival_time': 11190, 'day': 'current_day', 'from_stop_id': 'MH-L-1', 'to_stop_id': 'MH-L-0', 'trip_id': 'walking', 'agency_name': 'Unknown'}, {'duration': 1500, 'departure_time': 12600, 'arrival_time': 14100, 'day': 'current_day', 'from_stop_id': 'MH-L-0', 'to_stop_id': 'MH-R-0', 'trip_id': '0-0-5', 'agency_name': 'Unknown'}, {'duration': 30, 'departure_time': 14100, 'arrival_time': 14130, 'day': 'current_day', 'from_stop_id': 'MH-R-0', 'to_stop_id': 'MH-R-4', 'trip_id': 'walking', 'agency_name': 'Unknown'}, {'duration': 690, 'departure_time': 14340, 'arrival_time': 15030, 'day': 'current_day', 'from_stop_id': 'MH-R-4', 'to_stop_id': '212-4', 'trip_id': '9-0-18', 'agency_name': 'Unknown'}]}"
45,153,5550,inter,left,80,[55],[131; 141; 151],500,375,1000,751,5925,5985.0,9630.0,9690.0,3645.0,4.0,55,151,,,pt,4891.0,10441.0,4891.0,"{'duration': 3645, 'source_transfer_time': 0, 'waiting_time': 525, 'trip_time': 3120, 'num_transfers': 4, 'departure_time': 5985, 'departure_day': 'current_day', 'arrival_time': 9630, 'arrival_day': 'current_day', 'steps': [{'duration': 450, 'departure_time': 6510, 'arrival_time': 6960, 'day': 'current_day', 'from_stop_id': '55-1', 'to_stop_id': 'MH-L-1', 'trip_id': '1-0-6', 'agency_name': 'Unknown'}, {'duration': 30, 'departure_time': 6960, 'arrival_time': 6990, 'day': 'current_day', 'from_stop_id': 'MH-L-1', 'to_stop_id': 'MH-L-0', 'trip_id': 'walking', 'agency_name': 'Unknown'}, {'duration': 1500, 'departure_time': 7200, 'arrival_time': 8700, 'day': 'current_day', 'from_stop_id': 'MH-L-0', 'to_stop_id': 'MH-R-0', 'trip_id': '0-0-2', 'agency_name': 'Unknown'}, {'duration': 30, 'departure_time': 8700, 'arrival_time': 8730, 'day': 'current_day', 'from_stop_id': 'MH-R-0', 'to_stop_id': 'MH-R-5', 'trip_id': 'walking', 'agency_name': 'Unknown'}, {'duration': 690, 'departure_time': 8940, 'arrival_time': 9630, 'day': 'current_day', 'from_stop_id': 'MH-R-5', 'to_stop_id': '151-5', 'trip_id': '10-1-9', 'agency_name': 'Unknown'}]}"
95,192,9450,inter,left,81,[95],[182],0,0,500,375,9450,9510.0,13110.0,13170.0,3600.0,4.0,95,182,,,pt,4095.0,13545.0,4095.0,"{'duration': 3600, 'source_transfer_time': 0, 'waiting_time': 120, 'trip_time': 3480, 'num_transfers': 4, 'departure_time': 9510, 'departure_day': 'current_day', 'arrival_time': 13110, 'arrival_day': 'current_day', 'steps': [{'duration': 930, 'departure_time': 9630, 'arrival_time': 10560, 'day': 'current_day', 'from_stop_id': '95-5', 'to_stop_id': 'MH-L-5', 'trip_id': '8-1-12', 'agency_name': 'Unknown'}, {'duration': 30, 'departure_time': 10560, 'arrival_time': 10590, 'day': 'current_day', 'from_stop_id': 'MH-L-5', 'to_stop_id': 'MH-L-0', 'trip_id': 'walking', 'agency_name': 'Unknown'}, {'duration': 1500, 'departure_time': 10800, 'arrival_time': 12300, 'day': 'current_day', 'from_stop_id': 'MH-L-0', 'to_stop_id': 'MH-R-0', 'trip_id': '0-0-4', 'agency_name': 'Unknown'}, {'duration': 30, 'departure_time': 12300, 'arrival_time': 12330, 'day': 'current_day', 'from_stop_id': 'MH-R-0', 'to_stop_id': 'MH-R-1', 'trip_id': 'walking', 'agency_name': 'Unknown'}, {'duration': 570, 'departure_time': 12540, 'arrival_time': 13110, 'day': 'current_day', 'from_stop_id': 'MH-R-1', 'to_stop_id': '182-1', 'trip_id': '3-0-15', 'agency_name': 'Unknown'}]}"
87,146,7050,inter,left,82,[76; 86; 88],[145; 157],500,375,500,375,7425,7485.0,11190.0,11250.0,3705.0,4.0,76,157,,,pt,4575.0,11625.0,4575.0,"{'duration': 3705, 'source_transfer_time': 0, 'waiting_time': 345, 'trip_time': 3360, 'num_transfers': 4, 'departure_time': 7485, 'departure_day': 'current_day', 'arrival_time': 11190, 'arrival_day': 'current_day', 'steps': [{'duration': 330, 'departure_time': 7830, 'arrival_time': 8160, 'day': 'current_day', 'from_stop_id': '76-5', 'to_stop_id': 'MH-L-5', 'trip_id': '8-1-8', 'agency_name': 'Unknown'}, {'duration': 30, 'departure_time': 8160, 'arrival_time': 8190, 'day': 'current_day', 'from_stop_id': 'MH-L-5', 'to_stop_id': 'MH-L-0', 'trip_id': 'walking', 'agency_name': 'Unknown'}, {'duration': 1500, 'departure_time': 9000, 'arrival_time': 10500, 'day': 'current_day', 'from_stop_id': 'MH-L-0', 'to_stop_id': 'MH-R-0', 'trip_id': '0-0-3', 'agency_name': 'Unknown'}, {'duration': 30, 'departure_time': 10500, 'arrival_time': 10530, 'day': 'current_day', 'from_stop_id': 'MH-R-0', 'to_stop_id': 'MH-R-4', 'trip_id': 'walking', 'agency_name': 'Unknown'}, {'duration': 450, 'departure_time': 10740, 'arrival_time': 11190, 'day': 'current_day', 'from_stop_id': 'MH-R-4', 'to_stop_id': '157-4', 'trip_id': '9-1-12', 'agency_name': 'Unknown'}]}"
26,199,8100,inter,left,83,[27],[188; 198; 200],500,375,500,375,8475,8535.0,12750.0,12810.0,4215.0,4.0,27,188,,,pt,5085.0,13185.0,5085.0,"{'duration': 4215, 'source_transfer_time': 0, 'waiting_time': 495, 'trip_time': 3720, 'num_transfers': 4, 'departure_time': 8535, 'departure_day': 'current_day', 'arrival_time': 12750, 'arrival_day': 'current_day', 'steps': [{'duration': 330, 'departure_time': 9030, 'arrival_time': 9360, 'day': 'current_day', 'from_stop_id': '27-2', 'to_stop_id': 'MH-L-2', 'trip_id': '2-1-10', 'agency_name': 'Unknown'}, {'duration': 30, 'departure_time': 9360, 'arrival_time': 9390, 'day': 'current_day', 'from_stop_id': 'MH-L-2', 'to_stop_id': 'MH-L-0', 'trip_id': 'walking', 'agency_name': 'Unknown'}, {'duration': 1500, 'departure_time': 10800, 'arrival_time': 12300, 'day': 'current_day', 'from_stop_id': 'MH-L-0', 'to_stop_id': 'MH-R-0', 'trip_id': '0-0-4', 'agency_name': 'Unknown'}, {'duration': 30, 'departure_time': 12300, 'arrival_time': 12330, 'day': 'current_day', 'from_stop_id': 'MH-R-0', 'to_stop_id': 'MH-R-4', 'trip_id': 'walking', 'agency_name': 'Unknown'}, {'duration': 210, 'departure_time': 12540, 'arrival_time': 12750, 'day': 'current_day', 'from_stop_id': 'MH-R-4', 'to_stop_id': '188-4', 'trip_id': '9-0-15', 'agency_name': 'Unknown'}]}"
76,132,12180,inter,left,84,[76],[132],0,0,0,0,12180,12240.0,17190.0,17250.0,4950.0,4.0,76,132,,,pt,5070.0,17250.0,5070.0,"{'duration': 4950, 'source_transfer_time': 0, 'waiting_time': 390, 'trip_time': 4560, 'num_transfers': 4, 'departure_time': 12240, 'departure_day': 'current_day', 'arrival_time': 17190, 'arrival_day': 'current_day', 'steps': [{'duration': 330, 'departure_time': 12630, 'arrival_time': 12960, 'day': 'current_day', 'from_stop_id': '76-5', 'to_stop_id': 'MH-L-5', 'trip_id': '8-1-16', 'agency_name': 'Unknown'}, {'duration': 30, 'departure_time': 12960, 'arrival_time': 12990, 'day': 'current_day', 'from_stop_id': 'MH-L-5', 'to_stop_id': 'MH-L-0', 'trip_id': 'walking', 'agency_name': 'Unknown'}, {'duration': 1500, 'departure_time': 14400, 'arrival_time': 15900, 'day': 'current_day', 'from_stop_id': 'MH-L-0', 'to_stop_id': 'MH-R-0', 'trip_id': '0-0-6', 'agency_name': 'Unknown'}, {'duration': 30, 'departure_time': 15900, 'arrival_time': 15930, 'day': 'current_day', 'from_stop_id': 'MH-R-0', 'to_stop_id': 'MH-R-4', 'trip_id': 'walking', 'agency_name': 'Unknown'}, {'duration': 1050, 'departure_time': 16140, 'arrival_time': 17190, 'day': 'current_day', 'from_stop_id': 'MH-R-4', 'to_stop_id': '132-4', 'trip_id': '9-1-21', 'agency_name': 'Unknown'}]}"
97,200,10950,inter,left,85,[86; 96],[200],500,375,0,0,11325,11385.0,14790.0,14850.0,3405.0,4.0,86,200,,,pt,3900.0,14850.0,3900.0,"{'duration': 3405, 'source_transfer_time': 0, 'waiting_time': 405, 'trip_time': 3000, 'num_transfers': 4, 'departure_time': 11385, 'departure_day': 'current_day', 'arrival_time': 14790, 'arrival_day': 'current_day', 'steps': [{'duration': 570, 'departure_time': 11790, 'arrival_time': 12360, 'day': 'current_day', 'from_stop_id': '86-5', 'to_stop_id': 'MH-L-5', 'trip_id': '8-1-15', 'agency_name': 'Unknown'}, {'duration': 30, 'departure_time': 12360, 'arrival_time': 12390, 'day': 'current_day', 'from_stop_id': 'MH-L-5', 'to_stop_id': 'MH-L-0', 'trip_id': 'walking', 'agency_name': 'Unknown'}, {'duration': 1500, 'departure_time': 12600, 'arrival_time': 14100, 'day': 'current_day', 'from_stop_id': 'MH-L-0', 'to_stop_id': 'MH-R-0', 'trip_id': '0-0-5', 'agency_name': 'Unknown'}, {'duration': 30, 'departure_time': 14100, 'arrival_time': 14130, 'day': 'current_day', 'from_stop_id': 'MH-R-0', 'to_stop_id': 'MH-R-4', 'trip_id': 'walking', 'agency_name': 'Unknown'}, {'duration': 450, 'departure_time': 14340, 'arrival_time': 14790, 'day': 'current_day', 'from_stop_id': 'MH-R-4', 'to_stop_id': '200-4', 'trip_id': '9-0-18', 'agency_name': 'Unknown'}]}"
3,191,12660,inter,left,86,[5],[181],1000,751,500,375,13411,13471.0,16590.0,16650.0,3119.0,4.0,5,181,,,pt,4365.0,17025.0,4365.0,"{'duration': 3119, 'source_transfer_time': 0, 'waiting_time': 119, 'trip_time': 3000, 'num_transfers': 4, 'departure_time': 13471, 'departure_day': 'current_day', 'arrival_time': 16590, 'arrival_day': 'current_day', 'steps': [{'duration': 570, 'departure_time': 13590, 'arrival_time': 14160, 'day': 'current_day', 'from_stop_id': '5-2', 'to_stop_id': 'MH-L-2', 'trip_id': '2-1-18', 'agency_name': 'Unknown'}, {'duration': 30, 'departure_time': 14160, 'arrival_time': 14190, 'day': 'current_day', 'from_stop_id': 'MH-L-2', 'to_stop_id': 'MH-L-0', 'trip_id': 'walking', 'agency_name': 'Unknown'}, {'duration': 1500, 'departure_time': 14400, 'arrival_time': 15900, 'day': 'current_day', 'from_stop_id': 'MH-L-0', 'to_stop_id': 'MH-R-0', 'trip_id': '0-0-6', 'agency_name': 'Unknown'}, {'duration': 30, 'departure_time': 15900, 'arrival_time': 15930, 'day': 'current_day', 'from_stop_id': 'MH-R-0', 'to_stop_id': 'MH-R-1', 'trip_id': 'walking', 'agency_name': 'Unknown'}, {'duration': 450, 'departure_time': 16140, 'arrival_time': 16590, 'day': 'current_day', 'from_stop_id': 'MH-R-1', 'to_stop_id': '181-1', 'trip_id': '3-0-21', 'agency_name': 'Unknown'}]}"
14,196,3750,inter,left,87,[12; 16; 24; 36],[196],1000,751,0,0,4501,4561.0,7590.0,7650.0,3029.0,4.0,16,196,,,pt,3900.0,7650.0,3900.0,"{'duration': 3029, 'source_transfer_time': 0, 'waiting_time': 149, 'trip_time': 2880, 'num_transfers': 4, 'departure_time': 4561, 'departure_day': 'current_day', 'arrival_time': 7590, 'arrival_day': 'current_day', 'steps': [{'duration': 450, 'departure_time': 4710, 'arrival_time': 5160, 'day': 'current_day', 'from_stop_id': '16-2', 'to_stop_id': 'MH-L-2', 'trip_id': '2-1-3', 'agency_name': 'Unknown'}, {'duration': 30, 'departure_time': 5160, 'arrival_time': 5190, 'day': 'current_day', 'from_stop_id': 'MH-L-2', 'to_stop_id': 'MH-L-0', 'trip_id': 'walking', 'agency_name': 'Unknown'}, {'duration': 1500, 'departure_time': 5400, 'arrival_time': 6900, 'day': 'current_day', 'from_stop_id': 'MH-L-0', 'to_stop_id': 'MH-R-0', 'trip_id': '0-0-1', 'agency_name': 'Unknown'}, {'duration': 30, 'departure_time': 6900, 'arrival_time': 6930, 'day': 'current_day', 'from_stop_id': 'MH-R-0', 'to_stop_id': 'MH-R-5', 'trip_id': 'walking', 'agency_name': 'Unknown'}, {'duration': 450, 'departure_time': 7140, 'arrival_time': 7590, 'day': 'current_day', 'from_stop_id': 'MH-R-5', 'to_stop_id': '196-5', 'trip_id': '10-0-6', 'agency_name': 'Unknown'}]}"
86,200,9840,inter,left,88,[86],[200],0,0,0,0,9840,9900.0,12990.0,13050.0,3090.0,4.0,86,200,,,pt,3210.0,13050.0,3210.0,"{'duration': 3090, 'source_transfer_time': 0, 'waiting_time': 90, 'trip_time': 3000, 'num_transfers': 4, 'departure_time': 9900, 'departure_day': 'current_day', 'arrival_time': 12990, 'arrival_day': 'current_day', 'steps': [{'duration': 570, 'departure_time': 9990, 'arrival_time': 10560, 'day': 'current_day', 'from_stop_id': '86-5', 'to_stop_id': 'MH-L-5', 'trip_id': '8-1-12', 'agency_name': 'Unknown'}, {'duration': 30, 'departure_time': 10560, 'arrival_time': 10590, 'day': 'current_day', 'from_stop_id': 'MH-L-5', 'to_stop_id': 'MH-L-0', 'trip_id': 'walking', 'agency_name': 'Unknown'}, {'duration': 1500, 'departure_time': 10800, 'arrival_time': 12300, 'day': 'current_day', 'from_stop_id': 'MH-L-0', 'to_stop_id': 'MH-R-0', 'trip_id': '0-0-4', 'agency_name': 'Unknown'}, {'duration': 30, 'departure_time': 12300, 'arrival_time': 12330, 'day': 'current_day', 'from_stop_id': 'MH-R-0', 'to_stop_id': 'MH-R-4', 'trip_id': 'walking', 'agency_name': 'Unknown'}, {'duration': 450, 'departure_time': 12540, 'arrival_time': 12990, 'day': 'current_day', 'from_stop_id': 'MH-R-4', 'to_stop_id': '200-4', 'trip_id': '9-0-15', 'agency_name': 'Unknown'}]}"
60,155,4740,inter,left,89,[60],[144; 156],0,0,500,375,4740,4800.0,9510.0,9570.0,4710.0,4.0,60,156,,,pt,5205.0,9945.0,5205.0,"{'duration': 4710, 'source_transfer_time': 0, 'waiting_time': 510, 'trip_time': 4200, 'num_transfers': 4, 'departure_time': 4800, 'departure_day': 'current_day', 'arrival_time': 9510, 'arrival_day': 'current_day', 'steps': [{'duration': 450, 'departure_time': 5310, 'arrival_time': 5760, 'day': 'current_day', 'from_stop_id': '60-1', 'to_stop_id': 'MH-L-1', 'trip_id': '1-1-4', 'agency_name': 'Unknown'}, {'duration': 30, 'departure_time': 5760, 'arrival_time': 5790, 'day': 'current_day', 'from_stop_id': 'MH-L-1', 'to_stop_id': 'MH-L-0', 'trip_id': 'walking', 'agency_name': 'Unknown'}, {'duration': 1500, 'departure_time': 7200, 'arrival_time': 8700, 'day': 'current_day', 'from_stop_id': 'MH-L-0', 'to_stop_id': 'MH-R-0', 'trip_id': '0-0-2', 'agency_name': 'Unknown'}, {'duration': 30, 'departure_time': 8700, 'arrival_time': 8730, 'day': 'current_day', 'from_stop_id': 'MH-R-0', 'to_stop_id': 'MH-R-4', 'trip_id': 'walking', 'agency_name': 'Unknown'}, {'duration': 570, 'departure_time': 8940, 'arrival_time': 9510, 'day': 'current_day', 'from_stop_id': 'MH-R-4', 'to_stop_id': '156-4', 'trip_id': '9-1-9', 'agency_name': 'Unknown'}]}"
50,180,11820,inter,left,90,[40; 49; 58],[180],500,375,0,0,12195,12255.0,16470.0,16530.0,4215.0,4.0,40,180,,,pt,4710.0,16530.0,4710.0,"{'duration': 4215, 'source_transfer_time': 0, 'waiting_time': 255, 'trip_time': 3960, 'num_transfers': 4, 'departure_time': 12255, 'departure_day': 'current_day', 'arrival_time': 16470, 'arrival_day': 'current_day', 'steps': [{'duration': 450, 'departure_time': 12510, 'arrival_time': 12960, 'day': 'current_day', 'from_stop_id': '40-5', 'to_stop_id': 'MH-L-5', 'trip_id': '8-0-16', 'agency_name': 'Unknown'}, {'duration': 30, 'departure_time': 12960, 'arrival_time': 12990, 'day': 'current_day', 'from_stop_id': 'MH-L-5', 'to_stop_id': 'MH-L-0', 'trip_id': 'walking', 'agency_name': 'Unknown'}, {'duration': 1500, 'departure_time': 14400, 'arrival_time': 15900, 'day': 'current_day', 'from_stop_id': 'MH-L-0', 'to_stop_id': 'MH-R-0', 'trip_id': '0-0-6', 'agency_name': 'Unknown'}, {'duration': 30, 'departure_time': 15900, 'arrival_time': 15930, 'day': 'current_day', 'from_stop_id': 'MH-R-0', 'to_stop_id': 'MH-R-1', 'trip_id': 'walking', 'agency_name': 'Unknown'}, {'duration': 330, 'departure_time': 16140, 'arrival_time': 16470, 'day': 'current_day', 'from_stop_id': 'MH-R-1', 'to_stop_id': '180-1', 'trip_id': '3-0-21', 'agency_name': 'Unknown'}]}"
29,184,11910,inter,left,91,[29],[176],0,0,500,375,11910,11970.0,16590.0,16650.0,4620.0,4.0,29,176,,,pt,5115.0,17025.0,5115.0,"{'duration': 4620, 'source_transfer_time': 0, 'waiting_time': 420, 'trip_time': 4200, 'num_transfers': 4, 'departure_time': 11970, 'departure_day': 'current_day', 'arrival_time': 16590, 'arrival_day': 'current_day', 'steps': [{'duration': 570, 'departure_time': 12390, 'arrival_time': 12960, 'day': 'current_day', 'from_stop_id': '29-5', 'to_stop_id': 'MH-L-5', 'trip_id': '8-0-16', 'agency_name': 'Unknown'}, {'duration': 30, 'departure_time': 12960, 'arrival_time': 12990, 'day': 'current_day', 'from_stop_id': 'MH-L-5', 'to_stop_id': 'MH-L-0', 'trip_id': 'walking', 'agency_name': 'Unknown'}, {'duration': 1500, 'departure_time': 14400, 'arrival_time': 15900, 'day': 'current_day', 'from_stop_id': 'MH-L-0', 'to_stop_id': 'MH-R-0', 'trip_id': '0-0-6', 'agency_name': 'Unknown'}, {'duration': 30, 'departure_time': 15900, 'arrival_time': 15930, 'day': 'current_day', 'from_stop_id': 'MH-R-0', 'to_stop_id': 'MH-R-1', 'trip_id': 'walking', 'agency_name': 'Unknown'}, {'duration': 450, 'departure_time': 16140, 'arrival_time': 16590, 'day': 'current_day', 'from_stop_id': 'MH-R-1', 'to_stop_id': '176-1', 'trip_id': '3-1-21', 'agency_name': 'Unknown'}]}"
26,133,11970,inter,left,92,[27],[133],500,375,0,0,12345,12405.0,17070.0,17130.0,4665.0,4.0,27,133,,,pt,5160.0,17130.0,5160.0,"{'duration': 4665, 'source_transfer_time': 0, 'waiting_time': 225, 'trip_time': 4440, 'num_transfers': 4, 'departure_time': 12405, 'departure_day': 'current_day', 'arrival_time': 17070, 'arrival_day': 'current_day', 'steps': [{'duration': 330, 'departure_time': 12630, 'arrival_time': 12960, 'day': 'current_day', 'from_stop_id': '27-2', 'to_stop_id': 'MH-L-2', 'trip_id': '2-1-16', 'agency_name': 'Unknown'}, {'duration': 30, 'departure_time': 12960, 'arrival_time': 12990, 'day': 'current_day', 'from_stop_id': 'MH-L-2', 'to_stop_id': 'MH-L-0', 'trip_id': 'walking', 'agency_name': 'Unknown'}, {'duration': 1500, 'departure_time': 14400, 'arrival_time': 15900, 'day': 'current_day', 'from_stop_id': 'MH-L-0', 'to_stop_id': 'MH-R-0', 'trip_id': '0-0-6', 'agency_name': 'Unknown'}, {'duration': 30, 'departure_time': 15900, 'arrival_time': 15930, 'day': 'current_day', 'from_stop_id': 'MH-R-0', 'to_stop_id': 'MH-R-4', 'trip_id': 'walking', 'agency_name': 'Unknown'}, {'duration': 930, 'departure_time': 16140, 'arrival_time': 17070, 'day': 'current_day', 'from_stop_id': 'MH-R-4', 'to_stop_id': '133-4', 'trip_id': '9-1-21', 'agency_name': 'Unknown'}]}"
17,151,12360,inter,left,93,[16],[151],500,375,0,0,12735,12795.0,16830.0,16890.0,4035.0,4.0,16,151,,,pt,4530.0,16890.0,4530.0,"{'duration': 4035, 'source_transfer_time': 0, 'waiting_time': 315, 'trip_time': 3720, 'num_transfers': 4, 'departure_time': 12795, 'departure_day': 'current_day', 'arrival_time': 16830, 'arrival_day': 'current_day', 'steps': [{'duration': 450, 'departure_time': 13110, 'arrival_time': 13560, 'day': 'current_day', 'from_stop_id': '16-2', 'to_stop_id': 'MH-L-2', 'trip_id': '2-1-17', 'agency_name': 'Unknown'}, {'duration': 30, 'departure_time': 13560, 'arrival_time': 13590, 'day': 'current_day', 'from_stop_id': 'MH-L-2', 'to_stop_id': 'MH-L-0', 'trip_id': 'walking', 'agency_name': 'Unknown'}, {'duration': 1500, 'departure_time': 14400, 'arrival_time': 15900, 'day': 'current_day', 'from_stop_id': 'MH-L-0', 'to_stop_id': 'MH-R-0', 'trip_id': '0-0-6', 'agency_name': 'Unknown'}, {'duration': 30, 'departure_time': 15900, 'arrival_time': 15930, 'day': 'current_day', 'from_stop_id': 'MH-R-0', 'to_stop_id': 'MH-R-5', 'trip_id': 'walking', 'agency_name': 'Unknown'}, {'duration': 690, 'departure_time': 16140, 'arrival_time': 16830, 'day': 'current_day', 'from_stop_id': 'MH-R-5', 'to_stop_id': '151-5', 'trip_id': '10-1-21', 'agency_name': 'Unknown'}]}"
7,195,12030,inter,left,94,[5; 9; 19; 29],[196; 206],1000,751,500,375,12781,12841.0,16590.0,16650.0,3749.0,4.0,5,196,,,pt,4995.0,17025.0,4995.0,"{'duration': 3749, 'source_transfer_time': 0, 'waiting_time': 149, 'trip_time': 3600, 'num_transfers': 4, 'departure_time': 12841, 'departure_day': 'current_day', 'arrival_time': 16590, 'arrival_day': 'current_day', 'steps': [{'duration': 570, 'departure_time': 12990, 'arrival_time': 13560, 'day': 'current_day', 'from_stop_id': '5-2', 'to_stop_id': 'MH-L-2', 'trip_id': '2-1-17', 'agency_name': 'Unknown'}, {'duration': 30, 'departure_time': 13560, 'arrival_time': 13590, 'day': 'current_day', 'from_stop_id': 'MH-L-2', 'to_stop_id': 'MH-L-0', 'trip_id': 'walking', 'agency_name': 'Unknown'}, {'duration': 1500, 'departure_time': 14400, 'arrival_time': 15900, 'day': 'current_day', 'from_stop_id': 'MH-L-0', 'to_stop_id': 'MH-R-0', 'trip_id': '0-0-6', 'agency_name': 'Unknown'}, {'duration': 30, 'departure_time': 15900, 'arrival_time': 15930, 'day': 'current_day', 'from_stop_id': 'MH-R-0', 'to_stop_id': 'MH-R-5', 'trip_id': 'walking', 'agency_name': 'Unknown'}, {'duration': 450, 'departure_time': 16140, 'arrival_time': 16590, 'day': 'current_day', 'from_stop_id': 'MH-R-5', 'to_stop_id': '196-5', 'trip_id': '10-0-21', 'agency_name': 'Unknown'}]}"
99,234,8970,inter,left,95,[99],[212; 224; 236],0,0,1000,751,8970,9030.0,13230.0,13290.0,4200.0,4.0,99,212,,,pt,5071.0,14041.0,5071.0,"{'duration': 4200, 'source_transfer_time': 0, 'waiting_time': 480, 'trip_time': 3720, 'num_transfers': 4, 'departure_time': 9030, 'departure_day': 'current_day', 'arrival_time': 13230, 'arrival_day': 'current_day', 'steps': [{'duration': 450, 'departure_time': 9510, 'arrival_time': 9960, 'day': 'current_day', 'from_stop_id': '99-2', 'to_stop_id': 'MH-L-2', 'trip_id': '2-0-11', 'agency_name': 'Unknown'}, {'duration': 30, 'departure_time': 9960, 'arrival_time': 9990, 'day': 'current_day', 'from_stop_id': 'MH-L-2', 'to_stop_id': 'MH-L-0', 'trip_id': 'walking', 'agency_name': 'Unknown'}, {'duration': 1500, 'departure_time': 10800, 'arrival_time': 12300, 'day': 'current_day', 'from_stop_id': 'MH-L-0', 'to_stop_id': 'MH-R-0', 'trip_id': '0-0-4', 'agency_name': 'Unknown'}, {'duration': 30, 'departure_time': 12300, 'arrival_time': 12330, 'day': 'current_day', 'from_stop_id': 'MH-R-0', 'to_stop_id': 'MH-R-4', 'trip_id': 'walking', 'agency_name': 'Unknown'}, {'duration': 690, 'departure_time': 12540, 'arrival_time': 13230, 'day': 'current_day', 'from_stop_id': 'MH-R-4', 'to_stop_id': '212-4', 'trip_id': '9-0-15', 'agency_name': 'Unknown'}]}"
84,231,12870,inter,left,96,[85; 95],[231],500,375,0,0,13245,13305.0,16710.0,16770.0,3405.0,4.0,85,231,,,pt,3900.0,16770.0,3900.0,"{'duration': 3405, 'source_transfer_time': 0, 'waiting_time': 165, 'trip_time': 3240, 'num_transfers': 4, 'departure_time': 13305, 'departure_day': 'current_day', 'arrival_time': 16710, 'arrival_day': 'current_day', 'steps': [{'duration': 690, 'departure_time': 13470, 'arrival_time': 14160, 'day': 'current_day', 'from_stop_id': '85-5', 'to_stop_id': 'MH-L-5', 'trip_id': '8-1-18', 'agency_name': 'Unknown'}, {'duration': 30, 'departure_time': 14160, 'arrival_time': 14190, 'day': 'current_day', 'from_stop_id': 'MH-L-5', 'to_stop_id': 'MH-L-0', 'trip_id': 'walking', 'agency_name': 'Unknown'}, {'duration': 1500, 'departure_time': 14400, 'arrival_time': 15900, 'day': 'current_day', 'from_stop_id': 'MH-L-0', 'to_stop_id': 'MH-R-0', 'trip_id': '0-0-6', 'agency_name': 'Unknown'}, {'duration': 30, 'departure_time': 15900, 'arrival_time': 15930, 'day': 'current_day', 'from_stop_id': 'MH-R-0', 'to_stop_id': 'MH-R-2', 'trip_id': 'walking', 'agency_name': 'Unknown'}, {'duration': 570, 'departure_time': 16140, 'arrival_time': 16710, 'day': 'current_day', 'from_stop_id': 'MH-R-2', 'to_stop_id': '231-2', 'trip_id': '4-1-21', 'agency_name': 'Unknown'}]}"
110,203,7800,inter,left,97,[110],[182; 201; 213; 225],0,0,1000,751,7800,7860.0,11310.0,11370.0,3450.0,4.0,110,182,,,pt,4321.0,12121.0,4321.0,"{'duration': 3450, 'source_transfer_time': 0, 'waiting_time': 330, 'trip_time': 3120, 'num_transfers': 4, 'departure_time': 7860, 'departure_day': 'current_day', 'arrival_time': 11310, 'arrival_day': 'current_day', 'steps': [{'duration': 570, 'departure_time': 8190, 'arrival_time': 8760, 'day': 'current_day', 'from_stop_id': '110-2', 'to_stop_id': 'MH-L-2', 'trip_id': '2-0-9', 'agency_name': 'Unknown'}, {'duration': 30, 'departure_time': 8760, 'arrival_time': 8790, 'day': 'current_day', 'from_stop_id': 'MH-L-2', 'to_stop_id': 'MH-L-0', 'trip_id': 'walking', 'agency_name': 'Unknown'}, {'duration': 1500, 'departure_time': 9000, 'arrival_time': 10500, 'day': 'current_day', 'from_stop_id': 'MH-L-0', 'to_stop_id': 'MH-R-0', 'trip_id': '0-0-3', 'agency_name': 'Unknown'}, {'duration': 30, 'departure_time': 10500, 'arrival_time': 10530, 'day': 'current_day', 'from_stop_id': 'MH-R-0', 'to_stop_id': 'MH-R-1', 'trip_id': 'walking', 'agency_name': 'Unknown'}, {'duration': 570, 'departure_time': 10740, 'arrival_time': 11310, 'day': 'current_day', 'from_stop_id': 'MH-R-1', 'to_stop_id': '182-1', 'trip_id': '3-0-12', 'agency_name': 'Unknown'}]}"
68,234,11370,inter,left,98,[68],[212; 224; 236],0,0,1000,751,11370,11430.0,15030.0,15090.0,3600.0,4.0,68,212,,,pt,4471.0,15841.0,4471.0,"{'duration': 3600, 'source_transfer_time': 0, 'waiting_time': 0, 'trip_time': 3600, 'num_transfers': 4, 'departure_time': 11430, 'departure_day': 'current_day', 'arrival_time': 15030, 'arrival_day': 'current_day', 'steps': [{'duration': 330, 'departure_time': 11430, 'arrival_time': 11760, 'day': 'current_day', 'from_stop_id': '68-4', 'to_stop_id': 'MH-L-4', 'trip_id': '7-1-14', 'agency_name': 'Unknown'}, {'duration': 30, 'departure_time': 11760, 'arrival_time': 11790, 'day': 'current_day', 'from_stop_id': 'MH-L-4', 'to_stop_id': 'MH-L-0', 'trip_id': 'walking', 'agency_name': 'Unknown'}, {'duration': 1500, 'departure_time': 12600, 'arrival_time': 14100, 'day': 'current_day', 'from_stop_id': 'MH-L-0', 'to_stop_id': 'MH-R-0', 'trip_id': '0-0-5', 'agency_name': 'Unknown'}, {'duration': 30, 'departure_time': 14100, 'arrival_time': 14130, 'day': 'current_day', 'from_stop_id': 'MH-R-0', 'to_stop_id': 'MH-R-4', 'trip_id': 'walking', 'agency_name': 'Unknown'}, {'duration': 690, 'departure_time': 14340, 'arrival_time': 15030, 'day': 'current_day', 'from_stop_id': 'MH-R-4', 'to_stop_id': '212-4', 'trip_id': '9-0-18', 'agency_name': 'Unknown'}]}"
62,155,12750,inter,left,99,[54],[144; 156],500,375,500,375,13125,13185.0,16710.0,16770.0,3525.0,4.0,54,156,,,pt,4395.0,17145.0,4395.0,"{'duration': 3525, 'source_transfer_time': 0, 'waiting_time': 405, 'trip_time': 3120, 'num_transfers': 4, 'departure_time': 13185, 'departure_day': 'current_day', 'arrival_time': 16710, 'arrival_day': 'current_day', 'steps': [{'duration': 570, 'departure_time': 13590, 'arrival_time': 14160, 'day': 'current_day', 'from_stop_id': '54-1', 'to_stop_id': 'MH-L-1', 'trip_id': '1-0-18', 'agency_name': 'Unknown'}, {'duration': 30, 'departure_time': 14160, 'arrival_time': 14190, 'day': 'current_day', 'from_stop_id': 'MH-L-1', 'to_stop_id': 'MH-L-0', 'trip_id': 'walking', 'agency_name': 'Unknown'}, {'duration': 1500, 'departure_time': 14400, 'arrival_time': 15900, 'day': 'current_day', 'from_stop_id': 'MH-L-0', 'to_stop_id': 'MH-R-0', 'trip_id': '0-0-6', 'agency_name': 'Unknown'}, {'duration': 30, 'departure_time': 15900, 'arrival_time': 15930, 'day': 'current_day', 'from_stop_id': 'MH-R-0', 'to_stop_id': 'MH-R-4', 'trip_id': 'walking', 'agency_name': 'Unknown'}, {'duration': 570, 'departure_time': 16140, 'arrival_time': 16710, 'day': 'current_day', 'from_stop_id': 'MH-R-4', 'to_stop_id': '156-4', 'trip_id': '9-1-21', 'agency_name': 'Unknown'}]}"
42,181,11400,inter,left,100,[20; 30; 40; 60],[181],1000,751,0,0,12151,12211.0,16590.0,16650.0,4379.0,4.0,20,181,,,pt,5250.0,16650.0,5250.0,"{'duration': 4379, 'source_transfer_time': 0, 'waiting_time': 419, 'trip_time': 3960, 'num_transfers': 4, 'departure_time': 12211, 'departure_day': 'current_day', 'arrival_time': 16590, 'arrival_day': 'current_day', 'steps': [{'duration': 930, 'departure_time': 12630, 'arrival_time': 13560, 'day': 'current_day', 'from_stop_id': '20-5', 'to_stop_id': 'MH-L-5', 'trip_id': '8-0-17', 'agency_name': 'Unknown'}, {'duration': 30, 'departure_time': 13560, 'arrival_time': 13590, 'day': 'current_day', 'from_stop_id': 'MH-L-5', 'to_stop_id': 'MH-L-0', 'trip_id': 'walking', 'agency_name': 'Unknown'}, {'duration': 1500, 'departure_time': 14400, 'arrival_time': 15900, 'day': 'current_day', 'from_stop_id': 'MH-L-0', 'to_stop_id': 'MH-R-0', 'trip_id': '0-0-6', 'agency_name': 'Unknown'}, {'duration': 30, 'departure_time': 15900, 'arrival_time': 15930, 'day': 'current_day', 'from_stop_id': 'MH-R-0', 'to_stop_id': 'MH-R-1', 'trip_id': 'walking', 'agency_name': 'Unknown'}, {'duration': 450, 'departure_time': 16140, 'arrival_time': 16590, 'day': 'current_day', 'from_stop_id': 'MH-R-1', 'to_stop_id': '181-1', 'trip_id': '3-0-21', 'agency_name': 'Unknown'}]}"
21,193,4170,inter,left,101,[10; 20],[175],500,375,1000,751,4545,4605.0,9510.0,9570.0,4905.0,4.0,10,175,,,pt,6151.0,10321.0,6151.0,"{'duration': 4905, 'source_transfer_time': 0, 'waiting_time': 585, 'trip_time': 4320, 'num_transfers': 4, 'departure_time': 4605, 'departure_day': 'current_day', 'arrival_time': 9510, 'arrival_day': 'current_day', 'steps': [{'duration': 1170, 'departure_time': 5190, 'arrival_time': 6360, 'day': 'current_day', 'from_stop_id': '10-5', 'to_stop_id': 'MH-L-5', 'trip_id': '8-0-5', 'agency_name': 'Unknown'}, {'duration': 30, 'departure_time': 6360, 'arrival_time': 6390, 'day': 'current_day', 'from_stop_id': 'MH-L-5', 'to_stop_id': 'MH-L-0', 'trip_id': 'walking', 'agency_name': 'Unknown'}, {'duration': 1500, 'departure_time': 7200, 'arrival_time': 8700, 'day': 'current_day', 'from_stop_id': 'MH-L-0', 'to_stop_id': 'MH-R-0', 'trip_id': '0-0-2', 'agency_name': 'Unknown'}, {'duration': 30, 'departure_time': 8700, 'arrival_time': 8730, 'day': 'current_day', 'from_stop_id': 'MH-R-0', 'to_stop_id': 'MH-R-1', 'trip_id': 'walking', 'agency_name': 'Unknown'}, {'duration': 570, 'departure_time': 8940, 'arrival_time': 9510, 'day': 'current_day', 'from_stop_id': 'MH-R-1', 'to_stop_id': '175-1', 'trip_id': '3-1-9', 'agency_name': 'Unknown'}]}"
1,139,13350,inter,left,102,[0; 12],[140; 150],500,375,500,375,13725,13785.0,18510.0,18570.0,4725.0,4.0,0,150,,,pt,5595.0,18945.0,5595.0,"{'duration': 4725, 'source_transfer_time': 0, 'waiting_time': 405, 'trip_time': 4320, 'num_transfers': 4, 'departure_time': 13785, 'departure_day': 'current_day', 'arrival_time': 18510, 'arrival_day': 'current_day', 'steps': [{'duration': 1170, 'departure_time': 14190, 'arrival_time': 15360, 'day': 'current_day', 'from_stop_id': '0-4', 'to_stop_id': 'MH-L-4', 'trip_id': '7-0-20', 'agency_name': 'Unknown'}, {'duration': 30, 'departure_time': 15360, 'arrival_time': 15390, 'day': 'current_day', 'from_stop_id': 'MH-L-4', 'to_stop_id': 'MH-L-0', 'trip_id': 'walking', 'agency_name': 'Unknown'}, {'duration': 1500, 'departure_time': 16200, 'arrival_time': 17700, 'day': 'current_day', 'from_stop_id': 'MH-L-0', 'to_stop_id': 'MH-R-0', 'trip_id': '0-0-7', 'agency_name': 'Unknown'}, {'duration': 30, 'departure_time': 17700, 'arrival_time': 17730, 'day': 'current_day', 'from_stop_id': 'MH-R-0', 'to_stop_id': 'MH-R-5', 'trip_id': 'walking', 'agency_name': 'Unknown'}, {'duration': 570, 'departure_time': 17940, 'arrival_time': 18510, 'day': 'current_day', 'from_stop_id': 'MH-R-5', 'to_stop_id': '150-5', 'trip_id': '10-1-24', 'agency_name': 'Unknown'}]}"
55,170,10170,inter,left,103,[55],[170],0,0,0,0,10170,10230.0,14550.0,14610.0,4320.0,4.0,55,170,,,pt,4440.0,14610.0,4440.0,"{'duration': 4320, 'source_transfer_time': 0, 'waiting_time': 480, 'trip_time': 3840, 'num_transfers': 4, 'departure_time': 10230, 'departure_day': 'current_day', 'arrival_time': 14550, 'arrival_day': 'current_day', 'steps': [{'duration': 450, 'departure_time': 10710, 'arrival_time': 11160, 'day': 'current_day', 'from_stop_id': '55-1', 'to_stop_id': 'MH-L-1', 'trip_id': '1-0-13', 'agency_name': 'Unknown'}, {'duration': 30, 'departure_time': 11160, 'arrival_time': 11190, 'day': 'current_day', 'from_stop_id': 'MH-L-1', 'to_stop_id': 'MH-L-0', 'trip_id': 'walking', 'agency_name': 'Unknown'}, {'duration': 1500, 'departure_time': 12600, 'arrival_time': 14100, 'day': 'current_day', 'from_stop_id': 'MH-L-0', 'to_stop_id': 'MH-R-0', 'trip_id': '0-0-5', 'agency_name': 'Unknown'}, {'duration': 30, 'departure_time': 14100, 'arrival_time': 14130, 'day': 'current_day', 'from_stop_id': 'MH-R-0', 'to_stop_id': 'MH-R-5', 'trip_id': 'walking', 'agency_name': 'Unknown'}, {'duration': 210, 'departure_time': 14340, 'arrival_time': 14550, 'day': 'current_day', 'from_stop_id': 'MH-R-5', 'to_stop_id': '170-5', 'trip_id': '10-1-18', 'agency_name': 'Unknown'}]}"
75,124,9660,inter,left,104,[75],[126],0,0,1000,751,9660,9720.0,13110.0,13170.0,3390.0,4.0,75,126,,,pt,4261.0,13921.0,4261.0,"{'duration': 3390, 'source_transfer_time': 0, 'waiting_time': 390, 'trip_time': 3000, 'num_transfers': 4, 'departure_time': 9720, 'departure_day': 'current_day', 'arrival_time': 13110, 'arrival_day': 'current_day', 'steps': [{'duration': 450, 'departure_time': 10110, 'arrival_time': 10560, 'day': 'current_day', 'from_stop_id': '75-5', 'to_stop_id': 'MH-L-5', 'trip_id': '8-1-12', 'agency_name': 'Unknown'}, {'duration': 30, 'departure_time': 10560, 'arrival_time': 10590, 'day': 'current_day', 'from_stop_id': 'MH-L-5', 'to_stop_id': 'MH-L-0', 'trip_id': 'walking', 'agency_name': 'Unknown'}, {'duration': 1500, 'departure_time': 10800, 'arrival_time': 12300, 'day': 'current_day', 'from_stop_id': 'MH-L-0', 'to_stop_id': 'MH-R-0', 'trip_id': '0-0-4', 'agency_name': 'Unknown'}, {'duration': 30, 'departure_time': 12300, 'arrival_time': 12330, 'day': 'current_day', 'from_stop_id': 'MH-R-0', 'to_stop_id': 'MH-R-2', 'trip_id': 'walking', 'agency_name': 'Unknown'}, {'duration': 570, 'departure_time': 12540, 'arrival_time': 13110, 'day': 'current_day', 'from_stop_id': 'MH-R-2', 'to_stop_id': '126-2', 'trip_id': '4-0-15', 'agency_name': 'Unknown'}]}"
89,140,9990,inter,left,105,[88],[140],500,375,0,0,10365,10425.0,15150.0,15210.0,4725.0,4.0,88,140,,,pt,5220.0,15210.0,5220.0,"{'duration': 4725, 'source_transfer_time': 0, 'waiting_time': 405, 'trip_time': 4320, 'num_transfers': 4, 'departure_time': 10425, 'departure_day': 'current_day', 'arrival_time': 15150, 'arrival_day': 'current_day', 'steps': [{'duration': 330, 'departure_time': 10830, 'arrival_time': 11160, 'day': 'current_day', 'from_stop_id': '88-2', 'to_stop_id': 'MH-L-2', 'trip_id': '2-0-13', 'agency_name': 'Unknown'}, {'duration': 30, 'departure_time': 11160, 'arrival_time': 11190, 'day': 'current_day', 'from_stop_id': 'MH-L-2', 'to_stop_id': 'MH-L-0', 'trip_id': 'walking', 'agency_name': 'Unknown'}, {'duration': 1500, 'departure_time': 12600, 'arrival_time': 14100, 'day': 'current_day', 'from_stop_id': 'MH-L-0', 'to_stop_id': 'MH-R-0', 'trip_id': '0-0-5', 'agency_name': 'Unknown'}, {'duration': 30, 'departure_time': 14100, 'arrival_time': 14130, 'day': 'current_day', 'from_stop_id': 'MH-R-0', 'to_stop_id': 'MH-R-5', 'trip_id': 'walking', 'agency_name': 'Unknown'}, {'duration': 810, 'departure_time': 14340, 'arrival_time': 15150, 'day': 'current_day', 'from_stop_id': 'MH-R-5', 'to_stop_id': '140-5', 'trip_id': '10-1-18', 'agency_name': 'Unknown'}]}"
112,160,6540,inter,left,106,[110],[160],1000,751,0,0,7291,7351.0,11070.0,11130.0,3719.0,4.0,110,160,,,pt,4590.0,11130.0,4590.0,"{'duration': 3719, 'source_transfer_time': 0, 'waiting_time': 239, 'trip_time': 3480, 'num_transfers': 4, 'departure_time': 7351, 'departure_day': 'current_day', 'arrival_time': 11070, 'arrival_day': 'current_day', 'steps': [{'duration': 570, 'departure_time': 7590, 'arrival_time': 8160, 'day': 'current_day', 'from_stop_id': '110-2', 'to_stop_id': 'MH-L-2', 'trip_id': '2-0-8', 'agency_name': 'Unknown'}, {'duration': 30, 'departure_time': 8160, 'arrival_time': 8190, 'day': 'current_day', 'from_stop_id': 'MH-L-2', 'to_stop_id': 'MH-L-0', 'trip_id': 'walking', 'agency_name': 'Unknown'}, {'duration': 1500, 'departure_time': 9000, 'arrival_time': 10500, 'day': 'current_day', 'from_stop_id': 'MH-L-0', 'to_stop_id': 'MH-R-0', 'trip_id': '0-0-3', 'agency_name': 'Unknown'}, {'duration': 30, 'departure_time': 10500, 'arrival_time': 10530, 'day': 'current_day', 'from_stop_id': 'MH-R-0', 'to_stop_id': 'MH-R-5', 'trip_id': 'walking', 'agency_name': 'Unknown'}, {'duration': 330, 'departure_time': 10740, 'arrival_time': 11070, 'day': 'current_day', 'from_stop_id': 'MH-R-5', 'to_stop_id': '160-5', 'trip_id': '10-1-12', 'agency_name': 'Unknown'}]}"
44,127,6420,inter,left,107,[54],[126],500,375,500,375,6795,6855.0,11310.0,11370.0,4455.0,4.0,54,126,,,pt,5325.0,11745.0,5325.0,"{'duration': 4455, 'source_transfer_time': 0, 'waiting_time': 135, 'trip_time': 4320, 'num_transfers': 4, 'departure_time': 6855, 'departure_day': 'current_day', 'arrival_time': 11310, 'arrival_day': 'current_day', 'steps': [{'duration': 570, 'departure_time': 6990, 'arrival_time': 7560, 'day': 'current_day', 'from_stop_id': '54-1', 'to_stop_id': 'MH-L-1', 'trip_id': '1-0-7', 'agency_name': 'Unknown'}, {'duration': 30, 'departure_time': 7560, 'arrival_time': 7590, 'day': 'current_day', 'from_stop_id': 'MH-L-1', 'to_stop_id': 'MH-L-0', 'trip_id': 'walking', 'agency_name': 'Unknown'}, {'duration': 1500, 'departure_time': 9000, 'arrival_time': 10500, 'day': 'current_day', 'from_stop_id': 'MH-L-0', 'to_stop_id': 'MH-R-0', 'trip_id': '0-0-3', 'agency_name': 'Unknown'}, {'duration': 30, 'departure_time': 10500, 'arrival_time': 10530, 'day': 'current_day', 'from_stop_id': 'MH-R-0', 'to_stop_id': 'MH-R-2', 'trip_id': 'walking', 'agency_name': 'Unknown'}, {'duration': 570, 'departure_time': 10740, 'arrival_time': 11310, 'day': 'current_day', 'from_stop_id': 'MH-R-2', 'to_stop_id': '126-2', 'trip_id': '4-0-12', 'agency_name': 'Unknown'}]}"
62,147,10800,inter,left,108,[54],[148],500,375,500,375,11175,11235.0,14670.0,14730.0,3435.0,4.0,54,148,,,pt,4305.0,15105.0,4305.0,"{'duration': 3435, 'source_transfer_time': 0, 'waiting_time': 555, 'trip_time': 2880, 'num_transfers': 4, 'departure_time': 11235, 'departure_day': 'current_day', 'arrival_time': 14670, 'arrival_day': 'current_day', 'steps': [{'duration': 570, 'departure_time': 11790, 'arrival_time': 12360, 'day': 'current_day', 'from_stop_id': '54-1', 'to_stop_id': 'MH-L-1', 'trip_id': '1-0-15', 'agency_name': 'Unknown'}, {'duration': 30, 'departure_time': 12360, 'arrival_time': 12390, 'day': 'current_day', 'from_stop_id': 'MH-L-1', 'to_stop_id': 'MH-L-0', 'trip_id': 'walking', 'agency_name': 'Unknown'}, {'duration': 1500, 'departure_time': 12600, 'arrival_time': 14100, 'day': 'current_day', 'from_stop_id': 'MH-L-0', 'to_stop_id': 'MH-R-0', 'trip_id': '0-0-5', 'agency_name': 'Unknown'}, {'duration': 30, 'departure_time': 14100, 'arrival_time': 14130, 'day': 'current_day', 'from_stop_id': 'MH-R-0', 'to_stop_id': 'MH-R-2', 'trip_id': 'walking', 'agency_name': 'Unknown'}, {'duration': 330, 'departure_time': 14340, 'arrival_time': 14670, 'day': 'current_day', 'from_stop_id': 'MH-R-2', 'to_stop_id': '148-2', 'trip_id': '4-0-18', 'agency_name': 'Unknown'}]}"
95,218,7440,inter,left,109,[95],[207; 217],0,0,500,375,7440,7500.0,11310.0,11370.0,3810.0,4.0,95,207,,,pt,4305.0,11745.0,4305.0,"{'duration': 3810, 'source_transfer_time': 0, 'waiting_time': 330, 'trip_time': 3480, 'num_transfers': 4, 'departure_time': 7500, 'departure_day': 'current_day', 'arrival_time': 11310, 'arrival_day': 'current_day', 'steps': [{'duration': 930, 'departure_time': 7830, 'arrival_time': 8760, 'day': 'current_day', 'from_stop_id': '95-5', 'to_stop_id': 'MH-L-5', 'trip_id': '8-1-9', 'agency_name': 'Unknown'}, {'duration': 30, 'departure_time': 8760, 'arrival_time': 8790, 'day': 'current_day', 'from_stop_id': 'MH-L-5', 'to_stop_id': 'MH-L-0', 'trip_id': 'walking', 'agency_name': 'Unknown'}, {'duration': 1500, 'departure_time': 9000, 'arrival_time': 10500, 'day': 'current_day', 'from_stop_id': 'MH-L-0', 'to_stop_id': 'MH-R-0', 'trip_id': '0-0-3', 'agency_name': 'Unknown'}, {'duration': 30, 'departure_time': 10500, 'arrival_time': 10530, 'day': 'current_day', 'from_stop_id': 'MH-R-0', 'to_stop_id': 'MH-R-5', 'trip_id': 'walking', 'agency_name': 'Unknown'}, {'duration': 570, 'departure_time': 10740, 'arrival_time': 11310, 'day': 'current_day', 'from_stop_id': 'MH-R-5', 'to_stop_id': '207-5', 'trip_id': '10-0-12', 'agency_name': 'Unknown'}]}"
36,175,13620,inter,left,110,[36],[175],0,0,0,0,13620,13680.0,16710.0,16770.0,3030.0,4.0,36,175,,,pt,3150.0,16770.0,3150.0,"{'duration': 3030, 'source_transfer_time': 0, 'waiting_time': 30, 'trip_time': 3000, 'num_transfers': 4, 'departure_time': 13680, 'departure_day': 'current_day', 'arrival_time': 16710, 'arrival_day': 'current_day', 'steps': [{'duration': 450, 'departure_time': 13710, 'arrival_time': 14160, 'day': 'current_day', 'from_stop_id': '36-4', 'to_stop_id': 'MH-L-4', 'trip_id': '7-0-18', 'agency_name': 'Unknown'}, {'duration': 30, 'departure_time': 14160, 'arrival_time': 14190, 'day': 'current_day', 'from_stop_id': 'MH-L-4', 'to_stop_id': 'MH-L-0', 'trip_id': 'walking', 'agency_name': 'Unknown'}, {'duration': 1500, 'departure_time': 14400, 'arrival_time': 15900, 'day': 'current_day', 'from_stop_id': 'MH-L-0', 'to_stop_id': 'MH-R-0', 'trip_id': '0-0-6', 'agency_name': 'Unknown'}, {'duration': 30, 'departure_time': 15900, 'arrival_time': 15930, 'day': 'current_day', 'from_stop_id': 'MH-R-0', 'to_stop_id': 'MH-R-1', 'trip_id': 'walking', 'agency_name': 'Unknown'}, {'duration': 570, 'departure_time': 16140, 'arrival_time': 16710, 'day': 'current_day', 'from_stop_id': 'MH-R-1', 'to_stop_id': '175-1', 'trip_id': '3-1-21', 'agency_name': 'Unknown'}]}"
37,223,8520,inter,left,111,[36; 38; 48],[212; 224],500,375,500,375,8895,8955.0,13230.0,13290.0,4275.0,4.0,36,212,,,pt,5145.0,13665.0,5145.0,"{'duration': 4275, 'source_transfer_time': 0, 'waiting_time': 555, 'trip_time': 3720, 'num_transfers': 4, 'departure_time': 8955, 'departure_day': 'current_day', 'arrival_time': 13230, 'arrival_day': 'current_day', 'steps': [{'duration': 450, 'departure_time': 9510, 'arrival_time': 9960, 'day': 'current_day', 'from_stop_id': '36-4', 'to_stop_id': 'MH-L-4', 'trip_id': '7-0-11', 'agency_name': 'Unknown'}, {'duration': 30, 'departure_time': 9960, 'arrival_time': 9990, 'day': 'current_day', 'from_stop_id': 'MH-L-4', 'to_stop_id': 'MH-L-0', 'trip_id': 'walking', 'agency_name': 'Unknown'}, {'duration': 1500, 'departure_time': 10800, 'arrival_time': 12300, 'day': 'current_day', 'from_stop_id': 'MH-L-0', 'to_stop_id': 'MH-R-0', 'trip_id': '0-0-4', 'agency_name': 'Unknown'}, {'duration': 30, 'departure_time': 12300, 'arrival_time': 12330, 'day': 'current_day', 'from_stop_id': 'MH-R-0', 'to_stop_id': 'MH-R-4', 'trip_id': 'walking', 'agency_name': 'Unknown'}, {'duration': 690, 'departure_time': 12540, 'arrival_time': 13230, 'day': 'current_day', 'from_stop_id': 'MH-R-4', 'to_stop_id': '212-4', 'trip_id': '9-0-15', 'agency_name': 'Unknown'}]}"
89,144,13800,inter,left,112,[88],[144],500,375,0,0,14175,14235.0,18750.0,18810.0,4515.0,4.0,88,144,,,pt,5010.0,18810.0,5010.0,"{'duration': 4515, 'source_transfer_time': 0, 'waiting_time': 195, 'trip_time': 4320, 'num_transfers': 4, 'departure_time': 14235, 'departure_day': 'current_day', 'arrival_time': 18750, 'arrival_day': 'current_day', 'steps': [{'duration': 330, 'departure_time': 14430, 'arrival_time': 14760, 'day': 'current_day', 'from_stop_id': '88-2', 'to_stop_id': 'MH-L-2', 'trip_id': '2-0-19', 'agency_name': 'Unknown'}, {'duration': 30, 'departure_time': 14760, 'arrival_time': 14790, 'day': 'current_day', 'from_stop_id': 'MH-L-2', 'to_stop_id': 'MH-L-0', 'trip_id': 'walking', 'agency_name': 'Unknown'}, {'duration': 1500, 'departure_time': 16200, 'arrival_time': 17700, 'day': 'current_day', 'from_stop_id': 'MH-L-0', 'to_stop_id': 'MH-R-0', 'trip_id': '0-0-7', 'agency_name': 'Unknown'}, {'duration': 30, 'departure_time': 17700, 'arrival_time': 17730, 'day': 'current_day', 'from_stop_id': 'MH-R-0', 'to_stop_id': 'MH-R-4', 'trip_id': 'walking', 'agency_name': 'Unknown'}, {'duration': 810, 'departure_time': 17940, 'arrival_time': 18750, 'day': 'current_day', 'from_stop_id': 'MH-R-4', 'to_stop_id': '144-4', 'trip_id': '9-1-24', 'agency_name': 'Unknown'}]}"
18,195,13950,inter,left,113,[19; 29],[196; 206],500,375,500,375,14325,14385.0,18390.0,18450.0,4005.0,4.0,19,196,,,pt,4875.0,18825.0,4875.0,"{'duration': 4005, 'source_transfer_time': 0, 'waiting_time': 165, 'trip_time': 3840, 'num_transfers': 4, 'departure_time': 14385, 'departure_day': 'current_day', 'arrival_time': 18390, 'arrival_day': 'current_day', 'steps': [{'duration': 810, 'departure_time': 14550, 'arrival_time': 15360, 'day': 'current_day', 'from_stop_id': '19-5', 'to_stop_id': 'MH-L-5', 'trip_id': '8-0-20', 'agency_name': 'Unknown'}, {'duration': 30, 'departure_time': 15360, 'arrival_time': 15390, 'day': 'current_day', 'from_stop_id': 'MH-L-5', 'to_stop_id': 'MH-L-0', 'trip_id': 'walking', 'agency_name': 'Unknown'}, {'duration': 1500, 'departure_time': 16200, 'arrival_time': 17700, 'day': 'current_day', 'from_stop_id': 'MH-L-0', 'to_stop_id': 'MH-R-0', 'trip_id': '0-0-7', 'agency_name': 'Unknown'}, {'duration': 30, 'departure_time': 17700, 'arrival_time': 17730, 'day': 'current_day', 'from_stop_id': 'MH-R-0', 'to_stop_id': 'MH-R-5', 'trip_id': 'walking', 'agency_name': 'Unknown'}, {'duration': 450, 'departure_time': 17940, 'arrival_time': 18390, 'day': 'current_day', 'from_stop_id': 'MH-R-5', 'to_stop_id': '196-5', 'trip_id': '10-0-24', 'agency_name': 'Unknown'}]}"
44,152,10170,inter,left,114,[54],[141; 151],500,375,500,375,10545,10605.0,15030.0,15090.0,4425.0,4.0,54,151,,,pt,5295.0,15465.0,5295.0,"{'duration': 4425, 'source_transfer_time': 0, 'waiting_time': 585, 'trip_time': 3840, 'num_transfers': 4, 'departure_time': 10605, 'departure_day': 'current_day', 'arrival_time': 15030, 'arrival_day': 'current_day', 'steps': [{'duration': 570, 'departure_time': 11190, 'arrival_time': 11760, 'day': 'current_day', 'from_stop_id': '54-1', 'to_stop_id': 'MH-L-1', 'trip_id': '1-0-14', 'agency_name': 'Unknown'}, {'duration': 30, 'departure_time': 11760, 'arrival_time': 11790, 'day': 'current_day', 'from_stop_id': 'MH-L-1', 'to_stop_id': 'MH-L-0', 'trip_id': 'walking', 'agency_name': 'Unknown'}, {'duration': 1500, 'departure_time': 12600, 'arrival_time': 14100, 'day': 'current_day', 'from_stop_id': 'MH-L-0', 'to_stop_id': 'MH-R-0', 'trip_id': '0-0-5', 'agency_name': 'Unknown'}, {'duration': 30, 'departure_time': 14100, 'arrival_time': 14130, 'day': 'current_day', 'from_stop_id': 'MH-R-0', 'to_stop_id': 'MH-R-5', 'trip_id': 'walking', 'agency_name': 'Unknown'}, {'duration': 690, 'departure_time': 14340, 'arrival_time': 15030, 'day': 'current_day', 'from_stop_id': 'MH-R-5', 'to_stop_id': '151-5', 'trip_id': '10-1-18', 'agency_name': 'Unknown'}]}"
76,225,7770,inter,left,115,[76],[225],0,0,0,0,7770,7830.0,11790.0,11850.0,3960.0,4.0,76,225,,,pt,4080.0,11850.0,4080.0,"{'duration': 3960, 'source_transfer_time': 0, 'waiting_time': 0, 'trip_time': 3960, 'num_transfers': 4, 'departure_time': 7830, 'departure_day': 'current_day', 'arrival_time': 11790, 'arrival_day': 'current_day', 'steps': [{'duration': 330, 'departure_time': 7830, 'arrival_time': 8160, 'day': 'current_day', 'from_stop_id': '76-5', 'to_stop_id': 'MH-L-5', 'trip_id': '8-1-8', 'agency_name': 'Unknown'}, {'duration': 30, 'departure_time': 8160, 'arrival_time': 8190, 'day': 'current_day', 'from_stop_id': 'MH-L-5', 'to_stop_id': 'MH-L-0', 'trip_id': 'walking', 'agency_name': 'Unknown'}, {'duration': 1500, 'departure_time': 9000, 'arrival_time': 10500, 'day': 'current_day', 'from_stop_id': 'MH-L-0', 'to_stop_id': 'MH-R-0', 'trip_id': '0-0-3', 'agency_name': 'Unknown'}, {'duration': 30, 'departure_time': 10500, 'arrival_time': 10530, 'day': 'current_day', 'from_stop_id': 'MH-R-0', 'to_stop_id': 'MH-R-4', 'trip_id': 'walking', 'agency_name': 'Unknown'}, {'duration': 1050, 'departure_time': 10740, 'arrival_time': 11790, 'day': 'current_day', 'from_stop_id': 'MH-R-4', 'to_stop_id': '225-4', 'trip_id': '9-0-12', 'agency_name': 'Unknown'}]}"
114,232,12000,inter,left,116,[103; 115],[231],500,375,500,375,12375,12435.0,16710.0,16770.0,4275.0,4.0,103,231,,,pt,5145.0,17145.0,5145.0,"{'duration': 4275, 'source_transfer_time': 0, 'waiting_time': 195, 'trip_time': 4080, 'num_transfers': 4, 'departure_time': 12435, 'departure_day': 'current_day', 'arrival_time': 16710, 'arrival_day': 'current_day', 'steps': [{'duration': 930, 'departure_time': 12630, 'arrival_time': 13560, 'day': 'current_day', 'from_stop_id': '103-4', 'to_stop_id': 'MH-L-4', 'trip_id': '7-1-17', 'agency_name': 'Unknown'}, {'duration': 30, 'departure_time': 13560, 'arrival_time': 13590, 'day': 'current_day', 'from_stop_id': 'MH-L-4', 'to_stop_id': 'MH-L-0', 'trip_id': 'walking', 'agency_name': 'Unknown'}, {'duration': 1500, 'departure_time': 14400, 'arrival_time': 15900, 'day': 'current_day', 'from_stop_id': 'MH-L-0', 'to_stop_id': 'MH-R-0', 'trip_id': '0-0-6', 'agency_name': 'Unknown'}, {'duration': 30, 'departure_time': 15900, 'arrival_time': 15930, 'day': 'current_day', 'from_stop_id': 'MH-R-0', 'to_stop_id': 'MH-R-2', 'trip_id': 'walking', 'agency_name': 'Unknown'}, {'duration': 570, 'departure_time': 16140, 'arrival_time': 16710, 'day': 'current_day', 'from_stop_id': 'MH-R-2', 'to_stop_id': '231-2', 'trip_id': '4-1-21', 'agency_name': 'Unknown'}]}"
90,209,11400,inter,left,117,[79; 91],[209],500,375,0,0,11775,11835.0,14670.0,14730.0,2835.0,4.0,79,209,,,pt,3330.0,14730.0,3330.0,"{'duration': 2835, 'source_transfer_time': 0, 'waiting_time': 75, 'trip_time': 2760, 'num_transfers': 4, 'departure_time': 11835, 'departure_day': 'current_day', 'arrival_time': 14670, 'arrival_day': 'current_day', 'steps': [{'duration': 450, 'departure_time': 11910, 'arrival_time': 12360, 'day': 'current_day', 'from_stop_id': '79-4', 'to_stop_id': 'MH-L-4', 'trip_id': '7-1-15', 'agency_name': 'Unknown'}, {'duration': 30, 'departure_time': 12360, 'arrival_time': 12390, 'day': 'current_day', 'from_stop_id': 'MH-L-4', 'to_stop_id': 'MH-L-0', 'trip_id': 'walking', 'agency_name': 'Unknown'}, {'duration': 1500, 'departure_time': 12600, 'arrival_time': 14100, 'day': 'current_day', 'from_stop_id': 'MH-L-0', 'to_stop_id': 'MH-R-0', 'trip_id': '0-0-5', 'agency_name': 'Unknown'}, {'duration': 30, 'departure_time': 14100, 'arrival_time': 14130, 'day': 'current_day', 'from_stop_id': 'MH-R-0', 'to_stop_id': 'MH-R-2', 'trip_id': 'walking', 'agency_name': 'Unknown'}, {'duration': 330, 'departure_time': 14340, 'arrival_time': 14670, 'day': 'current_day', 'from_stop_id': 'MH-R-2', 'to_stop_id': '209-2', 'trip_id': '4-1-18', 'agency_name': 'Unknown'}]}"
92,177,11880,inter,left,118,[92],[177],0,0,0,0,11880,11940.0,16470.0,16530.0,4530.0,4.0,92,177,,,pt,4650.0,16530.0,4650.0,"{'duration': 4530, 'source_transfer_time': 0, 'waiting_time': 210, 'trip_time': 4320, 'num_transfers': 4, 'departure_time': 11940, 'departure_day': 'current_day', 'arrival_time': 16470, 'arrival_day': 'current_day', 'steps': [{'duration': 810, 'departure_time': 12150, 'arrival_time': 12960, 'day': 'current_day', 'from_stop_id': '92-4', 'to_stop_id': 'MH-L-4', 'trip_id': '7-1-16', 'agency_name': 'Unknown'}, {'duration': 30, 'departure_time': 12960, 'arrival_time': 12990, 'day': 'current_day', 'from_stop_id': 'MH-L-4', 'to_stop_id': 'MH-L-0', 'trip_id': 'walking', 'agency_name': 'Unknown'}, {'duration': 1500, 'departure_time': 14400, 'arrival_time': 15900, 'day': 'current_day', 'from_stop_id': 'MH-L-0', 'to_stop_id': 'MH-R-0', 'trip_id': '0-0-6', 'agency_name': 'Unknown'}, {'duration': 30, 'departure_time': 15900, 'arrival_time': 15930, 'day': 'current_day', 'from_stop_id': 'MH-R-0', 'to_stop_id': 'MH-R-1', 'trip_id': 'walking', 'agency_name': 'Unknown'}, {'duration': 330, 'departure_time': 16140, 'arrival_time': 16470, 'day': 'current_day', 'from_stop_id': 'MH-R-1', 'to_stop_id': '177-1', 'trip_id': '3-1-21', 'agency_name': 'Unknown'}]}"
55,131,11430,inter,left,119,[55],[131],0,0,0,0,11430,11490.0,15510.0,15570.0,4020.0,4.0,55,131,,,pt,4140.0,15570.0,4140.0,"{'duration': 4020, 'source_transfer_time': 0, 'waiting_time': 420, 'trip_time': 3600, 'num_transfers': 4, 'departure_time': 11490, 'departure_day': 'current_day', 'arrival_time': 15510, 'arrival_day': 'current_day', 'steps': [{'duration': 450, 'departure_time': 11910, 'arrival_time': 12360, 'day': 'current_day', 'from_stop_id': '55-1', 'to_stop_id': 'MH-L-1', 'trip_id': '1-0-15', 'agency_name': 'Unknown'}, {'duration': 30, 'departure_time': 12360, 'arrival_time': 12390, 'day': 'current_day', 'from_stop_id': 'MH-L-1', 'to_stop_id': 'MH-L-0', 'trip_id': 'walking', 'agency_name': 'Unknown'}, {'duration': 1500, 'departure_time': 12600, 'arrival_time': 14100, 'day': 'current_day', 'from_stop_id': 'MH-L-0', 'to_stop_id': 'MH-R-0', 'trip_id': '0-0-5', 'agency_name': 'Unknown'}, {'duration': 30, 'departure_time': 14100, 'arrival_time': 14130, 'day': 'current_day', 'from_stop_id': 'MH-R-0', 'to_stop_id': 'MH-R-5', 'trip_id': 'walking', 'agency_name': 'Unknown'}, {'duration': 1170, 'departure_time': 14340, 'arrival_time': 15510, 'day': 'current_day', 'from_stop_id': 'MH-R-5', 'to_stop_id': '131-5', 'trip_id': '10-1-18', 'agency_name': 'Unknown'}]}"
59,231,6360,inter,left,120,[59],[231],0,0,0,0,6360,6420.0,9510.0,9570.0,3090.0,4.0,59,231,,,pt,3210.0,9570.0,3210.0,"{'duration': 3090, 'source_transfer_time': 0, 'waiting_time': 210, 'trip_time': 2880, 'num_transfers': 4, 'departure_time': 6420, 'departure_day': 'current_day', 'arrival_time': 9510, 'arrival_day': 'current_day', 'steps': [{'duration': 330, 'departure_time': 6630, 'arrival_time': 6960, 'day': 'current_day', 'from_stop_id': '59-1', 'to_stop_id': 'MH-L-1', 'trip_id': '1-1-6', 'agency_name': 'Unknown'}, {'duration': 30, 'departure_time': 6960, 'arrival_time': 6990, 'day': 'current_day', 'from_stop_id': 'MH-L-1', 'to_stop_id': 'MH-L-0', 'trip_id': 'walking', 'agency_name': 'Unknown'}, {'duration': 1500, 'departure_time': 7200, 'arrival_time': 8700, 'day': 'current_day', 'from_stop_id': 'MH-L-0', 'to_stop_id': 'MH-R-0', 'trip_id': '0-0-2', 'agency_name': 'Unknown'}, {'duration': 30, 'departure_time': 8700, 'arrival_time': 8730, 'day': 'current_day', 'from_stop_id': 'MH-R-0', 'to_stop_id': 'MH-R-2', 'trip_id': 'walking', 'agency_name': 'Unknown'}, {'duration': 570, 'departure_time': 8940, 'arrival_time': 9510, 'day': 'current_day', 'from_stop_id': 'MH-R-2', 'to_stop_id': '231-2', 'trip_id': '4-1-9', 'agency_name': 'Unknown'}]}"
9,175,9270,inter,left,121,[9],[175],0,0,0,0,9270,9330.0,13110.0,13170.0,3780.0,4.0,9,175,,,pt,3900.0,13170.0,3900.0,"{'duration': 3780, 'source_transfer_time': 0, 'waiting_time': 180, 'trip_time': 3600, 'num_transfers': 4, 'departure_time': 9330, 'departure_day': 'current_day', 'arrival_time': 13110, 'arrival_day': 'current_day', 'steps': [{'duration': 1050, 'departure_time': 9510, 'arrival_time': 10560, 'day': 'current_day', 'from_stop_id': '9-5', 'to_stop_id': 'MH-L-5', 'trip_id': '8-0-12', 'agency_name': 'Unknown'}, {'duration': 30, 'departure_time': 10560, 'arrival_time': 10590, 'day': 'current_day', 'from_stop_id': 'MH-L-5', 'to_stop_id': 'MH-L-0', 'trip_id': 'walking', 'agency_name': 'Unknown'}, {'duration': 1500, 'departure_time': 10800, 'arrival_time': 12300, 'day': 'current_day', 'from_stop_id': 'MH-L-0', 'to_stop_id': 'MH-R-0', 'trip_id': '0-0-4', 'agency_name': 'Unknown'}, {'duration': 30, 'departure_time': 12300, 'arrival_time': 12330, 'day': 'current_day', 'from_stop_id': 'MH-R-0', 'to_stop_id': 'MH-R-1', 'trip_id': 'walking', 'agency_name': 'Unknown'}, {'duration': 570, 'departure_time': 12540, 'arrival_time': 13110, 'day': 'current_day', 'from_stop_id': 'MH-R-1', 'to_stop_id': '175-1', 'trip_id': '3-1-15', 'agency_name': 'Unknown'}]}"
84,159,6480,inter,left,122,[85; 95],[159],500,375,0,0,6855,6915.0,10950.0,11010.0,4035.0,4.0,85,159,,,pt,4530.0,11010.0,4530.0,"{'duration': 4035, 'source_transfer_time': 0, 'waiting_time': 555, 'trip_time': 3480, 'num_transfers': 4, 'departure_time': 6915, 'departure_day': 'current_day', 'arrival_time': 10950, 'arrival_day': 'current_day', 'steps': [{'duration': 690, 'departure_time': 7470, 'arrival_time': 8160, 'day': 'current_day', 'from_stop_id': '85-5', 'to_stop_id': 'MH-L-5', 'trip_id': '8-1-8', 'agency_name': 'Unknown'}, {'duration': 30, 'departure_time': 8160, 'arrival_time': 8190, 'day': 'current_day', 'from_stop_id': 'MH-L-5', 'to_stop_id': 'MH-L-0', 'trip_id': 'walking', 'agency_name': 'Unknown'}, {'duration': 1500, 'departure_time': 9000, 'arrival_time': 10500, 'day': 'current_day', 'from_stop_id': 'MH-L-0', 'to_stop_id': 'MH-R-0', 'trip_id': '0-0-3', 'agency_name': 'Unknown'}, {'duration': 30, 'departure_time': 10500, 'arrival_time': 10530, 'day': 'current_day', 'from_stop_id': 'MH-R-0', 'to_stop_id': 'MH-R-2', 'trip_id': 'walking', 'agency_name': 'Unknown'}, {'duration': 210, 'departure_time': 10740, 'arrival_time': 10950, 'day': 'current_day', 'from_stop_id': 'MH-R-2', 'to_stop_id': '159-2', 'trip_id': '4-0-12', 'agency_name': 'Unknown'}]}"
33,189,9690,inter,left,123,[11; 23; 35; 54],[189],1000,751,0,0,10441,10501.0,14670.0,14730.0,4169.0,4.0,11,189,,,pt,5040.0,14730.0,5040.0,"{'duration': 4169, 'source_transfer_time': 0, 'waiting_time': 209, 'trip_time': 3960, 'num_transfers': 4, 'departure_time': 10501, 'departure_day': 'current_day', 'arrival_time': 14670, 'arrival_day': 'current_day', 'steps': [{'duration': 1050, 'departure_time': 10710, 'arrival_time': 11760, 'day': 'current_day', 'from_stop_id': '11-4', 'to_stop_id': 'MH-L-4', 'trip_id': '7-0-14', 'agency_name': 'Unknown'}, {'duration': 30, 'departure_time': 11760, 'arrival_time': 11790, 'day': 'current_day', 'from_stop_id': 'MH-L-4', 'to_stop_id': 'MH-L-0', 'trip_id': 'walking', 'agency_name': 'Unknown'}, {'duration': 1500, 'departure_time': 12600, 'arrival_time': 14100, 'day': 'current_day', 'from_stop_id': 'MH-L-0', 'to_stop_id': 'MH-R-0', 'trip_id': '0-0-5', 'agency_name': 'Unknown'}, {'duration': 30, 'departure_time': 14100, 'arrival_time': 14130, 'day': 'current_day', 'from_stop_id': 'MH-R-0', 'to_stop_id': 'MH-R-4', 'trip_id': 'walking', 'agency_name': 'Unknown'}, {'duration': 330, 'departure_time': 14340, 'arrival_time': 14670, 'day': 'current_day', 'from_stop_id': 'MH-R-4', 'to_stop_id': '189-4', 'trip_id': '9-0-18', 'agency_name': 'Unknown'}]}"
95,167,10830,inter,left,124,[95],[156; 168; 177],0,0,500,375,10830,10890.0,14670.0,14730.0,3780.0,4.0,95,168,,,pt,4275.0,15105.0,4275.0,"{'duration': 3780, 'source_transfer_time': 0, 'waiting_time': 540, 'trip_time': 3240, 'num_transfers': 4, 'departure_time': 10890, 'departure_day': 'current_day', 'arrival_time': 14670, 'arrival_day': 'current_day', 'steps': [{'duration': 930, 'departure_time': 11430, 'arrival_time': 12360, 'day': 'current_day', 'from_stop_id': '95-5', 'to_stop_id': 'MH-L-5', 'trip_id': '8-1-15', 'agency_name': 'Unknown'}, {'duration': 30, 'departure_time': 12360, 'arrival_time': 12390, 'day': 'current_day', 'from_stop_id': 'MH-L-5', 'to_stop_id': 'MH-L-0', 'trip_id': 'walking', 'agency_name': 'Unknown'}, {'duration': 1500, 'departure_time': 12600, 'arrival_time': 14100, 'day': 'current_day', 'from_stop_id': 'MH-L-0', 'to_stop_id': 'MH-R-0', 'trip_id': '0-0-5', 'agency_name': 'Unknown'}, {'duration': 30, 'departure_time': 14100, 'arrival_time': 14130, 'day': 'current_day', 'from_stop_id': 'MH-R-0', 'to_stop_id': 'MH-R-4', 'trip_id': 'walking', 'agency_name': 'Unknown'}, {'duration': 330, 'departure_time': 14340, 'arrival_time': 14670, 'day': 'current_day', 'from_stop_id': 'MH-R-4', 'to_stop_id': '168-4', 'trip_id': '9-1-18', 'agency_name': 'Unknown'}]}"
21,170,12030,inter,left,125,[10; 20],[170],500,375,0,0,12405,12465.0,16350.0,16410.0,3885.0,4.0,10,170,,,pt,4380.0,16410.0,4380.0,"{'duration': 3885, 'source_transfer_time': 0, 'waiting_time': 525, 'trip_time': 3360, 'num_transfers': 4, 'departure_time': 12465, 'departure_day': 'current_day', 'arrival_time': 16350, 'arrival_day': 'current_day', 'steps': [{'duration': 1170, 'departure_time': 12990, 'arrival_time': 14160, 'day': 'current_day', 'from_stop_id': '10-5', 'to_stop_id': 'MH-L-5', 'trip_id': '8-0-18', 'agency_name': 'Unknown'}, {'duration': 30, 'departure_time': 14160, 'arrival_time': 14190, 'day': 'current_day', 'from_stop_id': 'MH-L-5', 'to_stop_id': 'MH-L-0', 'trip_id': 'walking', 'agency_name': 'Unknown'}, {'duration': 1500, 'departure_time': 14400, 'arrival_time': 15900, 'day': 'current_day', 'from_stop_id': 'MH-L-0', 'to_stop_id': 'MH-R-0', 'trip_id': '0-0-6', 'agency_name': 'Unknown'}, {'duration': 30, 'departure_time': 15900, 'arrival_time': 15930, 'day': 'current_day', 'from_stop_id': 'MH-R-0', 'to_stop_id': 'MH-R-5', 'trip_id': 'walking', 'agency_name': 'Unknown'}, {'duration': 210, 'departure_time': 16140, 'arrival_time': 16350, 'day': 'current_day', 'from_stop_id': 'MH-R-5', 'to_stop_id': '170-5', 'trip_id': '10-1-21', 'agency_name': 'Unknown'}]}"
99,217,11640,inter,left,126,[99],[217],0,0,0,0,11640,11700.0,15150.0,15210.0,3450.0,4.0,99,217,,,pt,3570.0,15210.0,3570.0,"{'duration': 3450, 'source_transfer_time': 0, 'waiting_time': 210, 'trip_time': 3240, 'num_transfers': 4, 'departure_time': 11700, 'departure_day': 'current_day', 'arrival_time': 15150, 'arrival_day': 'current_day', 'steps': [{'duration': 450, 'departure_time': 11910, 'arrival_time': 12360, 'day': 'current_day', 'from_stop_id': '99-2', 'to_stop_id': 'MH-L-2', 'trip_id': '2-0-15', 'agency_name': 'Unknown'}, {'duration': 30, 'departure_time': 12360, 'arrival_time': 12390, 'day': 'current_day', 'from_stop_id': 'MH-L-2', 'to_stop_id': 'MH-L-0', 'trip_id': 'walking', 'agency_name': 'Unknown'}, {'duration': 1500, 'departure_time': 12600, 'arrival_time': 14100, 'day': 'current_day', 'from_stop_id': 'MH-L-0', 'to_stop_id': 'MH-R-0', 'trip_id': '0-0-5', 'agency_name': 'Unknown'}, {'duration': 30, 'departure_time': 14100, 'arrival_time': 14130, 'day': 'current_day', 'from_stop_id': 'MH-R-0', 'to_stop_id': 'MH-R-5', 'trip_id': 'walking', 'agency_name': 'Unknown'}, {'duration': 810, 'departure_time': 14340, 'arrival_time': 15150, 'day': 'current_day', 'from_stop_id': 'MH-R-5', 'to_stop_id': '217-5', 'trip_id': '10-0-18', 'agency_name': 'Unknown'}]}"
65,205,6720,inter,left,127,[57; 66; 75],[206; 216],500,375,500,375,7095,7155.0,11430.0,11490.0,4275.0,4.0,57,206,,,pt,5145.0,11865.0,5145.0,"{'duration': 4275, 'source_transfer_time': 0, 'waiting_time': 195, 'trip_time': 4080, 'num_transfers': 4, 'departure_time': 7155, 'departure_day': 'current_day', 'arrival_time': 11430, 'arrival_day': 'current_day', 'steps': [{'duration': 210, 'departure_time': 7350, 'arrival_time': 7560, 'day': 'current_day', 'from_stop_id': '57-1', 'to_stop_id': 'MH-L-1', 'trip_id': '1-0-7', 'agency_name': 'Unknown'}, {'duration': 30, 'departure_time': 7560, 'arrival_time': 7590, 'day': 'current_day', 'from_stop_id': 'MH-L-1', 'to_stop_id': 'MH-L-0', 'trip_id': 'walking', 'agency_name': 'Unknown'}, {'duration': 1500, 'departure_time': 9000, 'arrival_time': 10500, 'day': 'current_day', 'from_stop_id': 'MH-L-0', 'to_stop_id': 'MH-R-0', 'trip_id': '0-0-3', 'agency_name': 'Unknown'}, {'duration': 30, 'departure_time': 10500, 'arrival_time': 10530, 'day': 'current_day', 'from_stop_id': 'MH-R-0', 'to_stop_id': 'MH-R-5', 'trip_id': 'walking', 'agency_name': 'Unknown'}, {'duration': 690, 'departure_time': 10740, 'arrival_time': 11430, 'day': 'current_day', 'from_stop_id': 'MH-R-5', 'to_stop_id': '206-5', 'trip_id': '10-0-12', 'agency_name': 'Unknown'}]}"
108,141,10410,inter,left,128,[86; 96; 106; 110],[141],1000,751,0,0,11161,11221.0,15270.0,15330.0,4049.0,4.0,86,141,,,pt,4920.0,15330.0,4920.0,"{'duration': 4049, 'source_transfer_time': 0, 'waiting_time': 569, 'trip_time': 3480, 'num_transfers': 4, 'departure_time': 11221, 'departure_day': 'current_day', 'arrival_time': 15270, 'arrival_day': 'current_day', 'steps': [{'duration': 570, 'departure_time': 11790, 'arrival_time': 12360, 'day': 'current_day', 'from_stop_id': '86-5', 'to_stop_id': 'MH-L-5', 'trip_id': '8-1-15', 'agency_name': 'Unknown'}, {'duration': 30, 'departure_time': 12360, 'arrival_time': 12390, 'day': 'current_day', 'from_stop_id': 'MH-L-5', 'to_stop_id': 'MH-L-0', 'trip_id': 'walking', 'agency_name': 'Unknown'}, {'duration': 1500, 'departure_time': 12600, 'arrival_time': 14100, 'day': 'current_day', 'from_stop_id': 'MH-L-0', 'to_stop_id': 'MH-R-0', 'trip_id': '0-0-5', 'agency_name': 'Unknown'}, {'duration': 30, 'departure_time': 14100, 'arrival_time': 14130, 'day': 'current_day', 'from_stop_id': 'MH-R-0', 'to_stop_id': 'MH-R-5', 'trip_id': 'walking', 'agency_name': 'Unknown'}, {'duration': 930, 'departure_time': 14340, 'arrival_time': 15270, 'day': 'current_day', 'from_stop_id': 'MH-R-5', 'to_stop_id': '141-5', 'trip_id': '10-1-18', 'agency_name': 'Unknown'}]}"
53,150,13920,inter,left,129,[61],[150],500,375,0,0,14295,14355.0,18510.0,18570.0,4155.0,4.0,61,150,,,pt,4650.0,18570.0,4650.0,"{'duration': 4155, 'source_transfer_time': 0, 'waiting_time': 435, 'trip_time': 3720, 'num_transfers': 4, 'departure_time': 14355, 'departure_day': 'current_day', 'arrival_time': 18510, 'arrival_day': 'current_day', 'steps': [{'duration': 570, 'departure_time': 14790, 'arrival_time': 15360, 'day': 'current_day', 'from_stop_id': '61-1', 'to_stop_id': 'MH-L-1', 'trip_id': '1-1-20', 'agency_name': 'Unknown'}, {'duration': 30, 'departure_time': 15360, 'arrival_time': 15390, 'day': 'current_day', 'from_stop_id': 'MH-L-1', 'to_stop_id': 'MH-L-0', 'trip_id': 'walking', 'agency_name': 'Unknown'}, {'duration': 1500, 'departure_time': 16200, 'arrival_time': 17700, 'day': 'current_day', 'from_stop_id': 'MH-L-0', 'to_stop_id': 'MH-R-0', 'trip_id': '0-0-7', 'agency_name': 'Unknown'}, {'duration': 30, 'departure_time': 17700, 'arrival_time': 17730, 'day': 'current_day', 'from_stop_id': 'MH-R-0', 'to_stop_id': 'MH-R-5', 'trip_id': 'walking', 'agency_name': 'Unknown'}, {'duration': 570, 'departure_time': 17940, 'arrival_time': 18510, 'day': 'current_day', 'from_stop_id': 'MH-R-5', 'to_stop_id': '150-5', 'trip_id': '10-1-24', 'agency_name': 'Unknown'}]}"
106,128,11250,inter,left,130,[106],[126; 130; 140; 150],0,0,1000,751,11250,11310.0,14910.0,14970.0,3600.0,4.0,106,126,,,pt,4471.0,15721.0,4471.0,"{'duration': 3600, 'source_transfer_time': 0, 'waiting_time': 0, 'trip_time': 3600, 'num_transfers': 4, 'departure_time': 11310, 'departure_day': 'current_day', 'arrival_time': 14910, 'arrival_day': 'current_day', 'steps': [{'duration': 1050, 'departure_time': 11310, 'arrival_time': 12360, 'day': 'current_day', 'from_stop_id': '106-5', 'to_stop_id': 'MH-L-5', 'trip_id': '8-1-15', 'agency_name': 'Unknown'}, {'duration': 30, 'departure_time': 12360, 'arrival_time': 12390, 'day': 'current_day', 'from_stop_id': 'MH-L-5', 'to_stop_id': 'MH-L-0', 'trip_id': 'walking', 'agency_name': 'Unknown'}, {'duration': 1500, 'departure_time': 12600, 'arrival_time': 14100, 'day': 'current_day', 'from_stop_id': 'MH-L-0', 'to_stop_id': 'MH-R-0', 'trip_id': '0-0-5', 'agency_name': 'Unknown'}, {'duration': 30, 'departure_time': 14100, 'arrival_time': 14130, 'day': 'current_day', 'from_stop_id': 'MH-R-0', 'to_stop_id': 'MH-R-2', 'trip_id': 'walking', 'agency_name': 'Unknown'}, {'duration': 570, 'departure_time': 14340, 'arrival_time': 14910, 'day': 'current_day', 'from_stop_id': 'MH-R-2', 'to_stop_id': '126-2', 'trip_id': '4-0-18', 'agency_name': 'Unknown'}]}"
67,143,10830,inter,left,131,[67],[132; 144],0,0,500,375,10830,10890.0,15150.0,15210.0,4260.0,4.0,67,144,,,pt,4755.0,15585.0,4755.0,"{'duration': 4260, 'source_transfer_time': 0, 'waiting_time': 60, 'trip_time': 4200, 'num_transfers': 4, 'departure_time': 10890, 'departure_day': 'current_day', 'arrival_time': 15150, 'arrival_day': 'current_day', 'steps': [{'duration': 210, 'departure_time': 10950, 'arrival_time': 11160, 'day': 'current_day', 'from_stop_id': '67-4', 'to_stop_id': 'MH-L-4', 'trip_id': '7-1-13', 'agency_name': 'Unknown'}, {'duration': 30, 'departure_time': 11160, 'arrival_time': 11190, 'day': 'current_day', 'from_stop_id': 'MH-L-4', 'to_stop_id': 'MH-L-0', 'trip_id': 'walking', 'agency_name': 'Unknown'}, {'duration': 1500, 'departure_time': 12600, 'arrival_time': 14100, 'day': 'current_day', 'from_stop_id': 'MH-L-0', 'to_stop_id': 'MH-R-0', 'trip_id': '0-0-5', 'agency_name': 'Unknown'}, {'duration': 30, 'departure_time': 14100, 'arrival_time': 14130, 'day': 'current_day', 'from_stop_id': 'MH-R-0', 'to_stop_id': 'MH-R-4', 'trip_id': 'walking', 'agency_name': 'Unknown'}, {'duration': 810, 'departure_time': 14340, 'arrival_time': 15150, 'day': 'current_day', 'from_stop_id': 'MH-R-4', 'to_stop_id': '144-4', 'trip_id': '9-1-18', 'agency_name': 'Unknown'}]}"
23,130,12270,inter,left,132,[23],[130],0,0,0,0,12270,12330.0,17190.0,17250.0,4860.0,4.0,23,130,,,pt,4980.0,17250.0,4980.0,"{'duration': 4860, 'source_transfer_time': 0, 'waiting_time': 420, 'trip_time': 4440, 'num_transfers': 4, 'departure_time': 12330, 'departure_day': 'current_day', 'arrival_time': 17190, 'arrival_day': 'current_day', 'steps': [{'duration': 810, 'departure_time': 12750, 'arrival_time': 13560, 'day': 'current_day', 'from_stop_id': '23-4', 'to_stop_id': 'MH-L-4', 'trip_id': '7-0-17', 'agency_name': 'Unknown'}, {'duration': 30, 'departure_time': 13560, 'arrival_time': 13590, 'day': 'current_day', 'from_stop_id': 'MH-L-4', 'to_stop_id': 'MH-L-0', 'trip_id': 'walking', 'agency_name': 'Unknown'}, {'duration': 1500, 'departure_time': 14400, 'arrival_time': 15900, 'day': 'current_day', 'from_stop_id': 'MH-L-0', 'to_stop_id': 'MH-R-0', 'trip_id': '0-0-6', 'agency_name': 'Unknown'}, {'duration': 30, 'departure_time': 15900, 'arrival_time': 15930, 'day': 'current_day', 'from_stop_id': 'MH-R-0', 'to_stop_id': 'MH-R-5', 'trip_id': 'walking', 'agency_name': 'Unknown'}, {'duration': 1050, 'departure_time': 16140, 'arrival_time': 17190, 'day': 'current_day', 'from_stop_id': 'MH-R-5', 'to_stop_id': '130-5', 'trip_id': '10-1-21', 'agency_name': 'Unknown'}]}"
15,134,8280,inter,left,133,[16],[133; 145],500,375,500,375,8655,8715.0,13230.0,13290.0,4515.0,4.0,16,145,,,pt,5385.0,13665.0,5385.0,"{'duration': 4515, 'source_transfer_time': 0, 'waiting_time': 195, 'trip_time': 4320, 'num_transfers': 4, 'departure_time': 8715, 'departure_day': 'current_day', 'arrival_time': 13230, 'arrival_day': 'current_day', 'steps': [{'duration': 450, 'departure_time': 8910, 'arrival_time': 9360, 'day': 'current_day', 'from_stop_id': '16-2', 'to_stop_id': 'MH-L-2', 'trip_id': '2-1-10', 'agency_name': 'Unknown'}, {'duration': 30, 'departure_time': 9360, 'arrival_time': 9390, 'day': 'current_day', 'from_stop_id': 'MH-L-2', 'to_stop_id': 'MH-L-0', 'trip_id': 'walking', 'agency_name': 'Unknown'}, {'duration': 1500, 'departure_time': 10800, 'arrival_time': 12300, 'day': 'current_day', 'from_stop_id': 'MH-L-0', 'to_stop_id': 'MH-R-0', 'trip_id': '0-0-4', 'agency_name': 'Unknown'}, {'duration': 30, 'departure_time': 12300, 'arrival_time': 12330, 'day': 'current_day', 'from_stop_id': 'MH-R-0', 'to_stop_id': 'MH-R-4', 'trip_id': 'walking', 'agency_name': 'Unknown'}, {'duration': 690, 'departure_time': 12540, 'arrival_time': 13230, 'day': 'current_day', 'from_stop_id': 'MH-R-4', 'to_stop_id': '145-4', 'trip_id': '9-1-15', 'agency_name': 'Unknown'}]}"
82,149,5730,inter,left,134,[61; 80; 92; 104],[148; 150; 160],1000,751,500,375,6481,6541.0,11070.0,11130.0,4529.0,4.0,61,148,,,pt,5775.0,11505.0,5775.0,"{'duration': 4529, 'source_transfer_time': 0, 'waiting_time': 449, 'trip_time': 4080, 'num_transfers': 4, 'departure_time': 6541, 'departure_day': 'current_day', 'arrival_time': 11070, 'arrival_day': 'current_day', 'steps': [{'duration': 570, 'departure_time': 6990, 'arrival_time': 7560, 'day': 'current_day', 'from_stop_id': '61-1', 'to_stop_id': 'MH-L-1', 'trip_id': '1-1-7', 'agency_name': 'Unknown'}, {'duration': 30, 'departure_time': 7560, 'arrival_time': 7590, 'day': 'current_day', 'from_stop_id': 'MH-L-1', 'to_stop_id': 'MH-L-0', 'trip_id': 'walking', 'agency_name': 'Unknown'}, {'duration': 1500, 'departure_time': 9000, 'arrival_time': 10500, 'day': 'current_day', 'from_stop_id': 'MH-L-0', 'to_stop_id': 'MH-R-0', 'trip_id': '0-0-3', 'agency_name': 'Unknown'}, {'duration': 30, 'departure_time': 10500, 'arrival_time': 10530, 'day': 'current_day', 'from_stop_id': 'MH-R-0', 'to_stop_id': 'MH-R-2', 'trip_id': 'walking', 'agency_name': 'Unknown'}, {'duration': 330, 'departure_time': 10740, 'arrival_time': 11070, 'day': 'current_day', 'from_stop_id': 'MH-R-2', 'to_stop_id': '148-2', 'trip_id': '4-0-12', 'agency_name': 'Unknown'}]}"
113,190,5580,inter,left,135,[91; 103; 115],[180; 189; 201],1000,751,500,375,6331,6391.0,11070.0,11130.0,4679.0,4.0,91,180,,,pt,5925.0,11505.0,5925.0,"{'duration': 4679, 'source_transfer_time': 0, 'waiting_time': 479, 'trip_time': 4200, 'num_transfers': 4, 'departure_time': 6391, 'departure_day': 'current_day', 'arrival_time': 11070, 'arrival_day': 'current_day', 'steps': [{'duration': 690, 'departure_time': 6870, 'arrival_time': 7560, 'day': 'current_day', 'from_stop_id': '91-4', 'to_stop_id': 'MH-L-4', 'trip_id': '7-1-7', 'agency_name': 'Unknown'}, {'duration': 30, 'departure_time': 7560, 'arrival_time': 7590, 'day': 'current_day', 'from_stop_id': 'MH-L-4', 'to_stop_id': 'MH-L-0', 'trip_id': 'walking', 'agency_name': 'Unknown'}, {'duration': 1500, 'departure_time': 9000, 'arrival_time': 10500, 'day': 'current_day', 'from_stop_id': 'MH-L-0', 'to_stop_id': 'MH-R-0', 'trip_id': '0-0-3', 'agency_name': 'Unknown'}, {'duration': 30, 'departure_time': 10500, 'arrival_time': 10530, 'day': 'current_day', 'from_stop_id': 'MH-R-0', 'to_stop_id': 'MH-R-1', 'trip_id': 'walking', 'agency_name': 'Unknown'}, {'duration': 330, 'departure_time': 10740, 'arrival_time': 11070, 'day': 'current_day', 'from_stop_id': 'MH-R-1', 'to_stop_id': '180-1', 'trip_id': '3-0-12', 'agency_name': 'Unknown'}]}"
30,123,9390,inter,left,136,[30],[121; 133; 145],0,0,1000,751,9390,9450.0,13230.0,13290.0,3780.0,4.0,30,145,,,pt,4651.0,14041.0,4651.0,"{'duration': 3780, 'source_transfer_time': 0, 'waiting_time': 420, 'trip_time': 3360, 'num_transfers': 4, 'departure_time': 9450, 'departure_day': 'current_day', 'arrival_time': 13230, 'arrival_day': 'current_day', 'steps': [{'duration': 690, 'departure_time': 9870, 'arrival_time': 10560, 'day': 'current_day', 'from_stop_id': '30-5', 'to_stop_id': 'MH-L-5', 'trip_id': '8-0-12', 'agency_name': 'Unknown'}, {'duration': 30, 'departure_time': 10560, 'arrival_time': 10590, 'day': 'current_day', 'from_stop_id': 'MH-L-5', 'to_stop_id': 'MH-L-0', 'trip_id': 'walking', 'agency_name': 'Unknown'}, {'duration': 1500, 'departure_time': 10800, 'arrival_time': 12300, 'day': 'current_day', 'from_stop_id': 'MH-L-0', 'to_stop_id': 'MH-R-0', 'trip_id': '0-0-4', 'agency_name': 'Unknown'}, {'duration': 30, 'departure_time': 12300, 'arrival_time': 12330, 'day': 'current_day', 'from_stop_id': 'MH-R-0', 'to_stop_id': 'MH-R-4', 'trip_id': 'walking', 'agency_name': 'Unknown'}, {'duration': 690, 'departure_time': 12540, 'arrival_time': 13230, 'day': 'current_day', 'from_stop_id': 'MH-R-4', 'to_stop_id': '145-4', 'trip_id': '9-1-15', 'agency_name': 'Unknown'}]}"
19,179,8730,inter,left,137,[19],[179],0,0,0,0,8730,8790.0,12750.0,12810.0,3960.0,4.0,19,179,,,pt,4080.0,12810.0,4080.0,"{'duration': 3960, 'source_transfer_time': 0, 'waiting_time': 360, 'trip_time': 3600, 'num_transfers': 4, 'departure_time': 8790, 'departure_day': 'current_day', 'arrival_time': 12750, 'arrival_day': 'current_day', 'steps': [{'duration': 810, 'departure_time': 9150, 'arrival_time': 9960, 'day': 'current_day', 'from_stop_id': '19-5', 'to_stop_id': 'MH-L-5', 'trip_id': '8-0-11', 'agency_name': 'Unknown'}, {'duration': 30, 'departure_time': 9960, 'arrival_time': 9990, 'day': 'current_day', 'from_stop_id': 'MH-L-5', 'to_stop_id': 'MH-L-0', 'trip_id': 'walking', 'agency_name': 'Unknown'}, {'duration': 1500, 'departure_time': 10800, 'arrival_time': 12300, 'day': 'current_day', 'from_stop_id': 'MH-L-0', 'to_stop_id': 'MH-R-0', 'trip_id': '0-0-4', 'agency_name': 'Unknown'}, {'duration': 30, 'departure_time': 12300, 'arrival_time': 12330, 'day': 'current_day', 'from_stop_id': 'MH-R-0', 'to_stop_id': 'MH-R-1', 'trip_id': 'walking', 'agency_name': 'Unknown'}, {'duration': 210, 'departure_time': 12540, 'arrival_time': 12750, 'day': 'current_day', 'from_stop_id': 'MH-R-1', 'to_stop_id': '179-1', 'trip_id': '3-0-15', 'agency_name': 'Unknown'}]}"
20,149,12810,inter,left,138,[20],[148; 150; 160],0,0,500,375,12810,12870.0,16470.0,16530.0,3600.0,4.0,20,148,,,pt,4095.0,16905.0,4095.0,"{'duration': 3600, 'source_transfer_time': 0, 'waiting_time': 360, 'trip_time': 3240, 'num_transfers': 4, 'departure_time': 12870, 'departure_day': 'current_day', 'arrival_time': 16470, 'arrival_day': 'current_day', 'steps': [{'duration': 930, 'departure_time': 13230, 'arrival_time': 14160, 'day': 'current_day', 'from_stop_id': '20-5', 'to_stop_id': 'MH-L-5', 'trip_id': '8-0-18', 'agency_name': 'Unknown'}, {'duration': 30, 'departure_time': 14160, 'arrival_time': 14190, 'day': 'current_day', 'from_stop_id': 'MH-L-5', 'to_stop_id': 'MH-L-0', 'trip_id': 'walking', 'agency_name': 'Unknown'}, {'duration': 1500, 'departure_time': 14400, 'arrival_time': 15900, 'day': 'current_day', 'from_stop_id': 'MH-L-0', 'to_stop_id': 'MH-R-0', 'trip_id': '0-0-6', 'agency_name': 'Unknown'}, {'duration': 30, 'departure_time': 15900, 'arrival_time': 15930, 'day': 'current_day', 'from_stop_id': 'MH-R-0', 'to_stop_id': 'MH-R-2', 'trip_id': 'walking', 'agency_name': 'Unknown'}, {'duration': 330, 'departure_time': 16140, 'arrival_time': 16470, 'day': 'current_day', 'from_stop_id': 'MH-R-2', 'to_stop_id': '148-2', 'trip_id': '4-0-21', 'agency_name': 'Unknown'}]}"
90,161,13620,inter,left,139,[79; 91],[161],500,375,0,0,13995,14055.0,18390.0,18450.0,4335.0,4.0,79,161,,,pt,4830.0,18450.0,4830.0,"{'duration': 4335, 'source_transfer_time': 0, 'waiting_time': 255, 'trip_time': 4080, 'num_transfers': 4, 'departure_time': 14055, 'departure_day': 'current_day', 'arrival_time': 18390, 'arrival_day': 'current_day', 'steps': [{'duration': 450, 'departure_time': 14310, 'arrival_time': 14760, 'day': 'current_day', 'from_stop_id': '79-4', 'to_stop_id': 'MH-L-4', 'trip_id': '7-1-19', 'agency_name': 'Unknown'}, {'duration': 30, 'departure_time': 14760, 'arrival_time': 14790, 'day': 'current_day', 'from_stop_id': 'MH-L-4', 'to_stop_id': 'MH-L-0', 'trip_id': 'walking', 'agency_name': 'Unknown'}, {'duration': 1500, 'departure_time': 16200, 'arrival_time': 17700, 'day': 'current_day', 'from_stop_id': 'MH-L-0', 'to_stop_id': 'MH-R-0', 'trip_id': '0-0-7', 'agency_name': 'Unknown'}, {'duration': 30, 'departure_time': 17700, 'arrival_time': 17730, 'day': 'current_day', 'from_stop_id': 'MH-R-0', 'to_stop_id': 'MH-R-5', 'trip_id': 'walking', 'agency_name': 'Unknown'}, {'duration': 450, 'departure_time': 17940, 'arrival_time': 18390, 'day': 'current_day', 'from_stop_id': 'MH-R-5', 'to_stop_id': '161-5', 'trip_id': '10-1-24', 'agency_name': 'Unknown'}]}"
80,215,11940,inter,left,140,[80],[216; 226],0,0,500,375,11940,12000.0,17070.0,17130.0,5070.0,4.0,80,216,,,pt,5565.0,17505.0,5565.0,"{'duration': 5070, 'source_transfer_time': 0, 'waiting_time': 390, 'trip_time': 4680, 'num_transfers': 4, 'departure_time': 12000, 'departure_day': 'current_day', 'arrival_time': 17070, 'arrival_day': 'current_day', 'steps': [{'duration': 570, 'departure_time': 12390, 'arrival_time': 12960, 'day': 'current_day', 'from_stop_id': '80-4', 'to_stop_id': 'MH-L-4', 'trip_id': '7-1-16', 'agency_name': 'Unknown'}, {'duration': 30, 'departure_time': 12960, 'arrival_time': 12990, 'day': 'current_day', 'from_stop_id': 'MH-L-4', 'to_stop_id': 'MH-L-0', 'trip_id': 'walking', 'agency_name': 'Unknown'}, {'duration': 1500, 'departure_time': 14400, 'arrival_time': 15900, 'day': 'current_day', 'from_stop_id': 'MH-L-0', 'to_stop_id': 'MH-R-0', 'trip_id': '0-0-6', 'agency_name': 'Unknown'}, {'duration': 30, 'departure_time': 15900, 'arrival_time': 15930, 'day': 'current_day', 'from_stop_id': 'MH-R-0', 'to_stop_id': 'MH-R-5', 'trip_id': 'walking', 'agency_name': 'Unknown'}, {'duration': 930, 'departure_time': 16140, 'arrival_time': 17070, 'day': 'current_day', 'from_stop_id': 'MH-R-5', 'to_stop_id': '216-5', 'trip_id': '10-0-21', 'agency_name': 'Unknown'}]}"
88,156,10290,inter,left,141,[88],[156],0,0,0,0,10290,10350.0,14910.0,14970.0,4560.0,4.0,88,156,,,pt,4680.0,14970.0,4680.0,"{'duration': 4560, 'source_transfer_time': 0, 'waiting_time': 480, 'trip_time': 4080, 'num_transfers': 4, 'departure_time': 10350, 'departure_day': 'current_day', 'arrival_time': 14910, 'arrival_day': 'current_day', 'steps': [{'duration': 330, 'departure_time': 10830, 'arrival_time': 11160, 'day': 'current_day', 'from_stop_id': '88-2', 'to_stop_id': 'MH-L-2', 'trip_id': '2-0-13', 'agency_name': 'Unknown'}, {'duration': 30, 'departure_time': 11160, 'arrival_time': 11190, 'day': 'current_day', 'from_stop_id': 'MH-L-2', 'to_stop_id': 'MH-L-0', 'trip_id': 'walking', 'agency_name': 'Unknown'}, {'duration': 1500, 'departure_time': 12600, 'arrival_time': 14100, 'day': 'current_day', 'from_stop_id': 'MH-L-0', 'to_stop_id': 'MH-R-0', 'trip_id': '0-0-5', 'agency_name': 'Unknown'}, {'duration': 30, 'departure_time': 14100, 'arrival_time': 14130, 'day': 'current_day', 'from_stop_id': 'MH-R-0', 'to_stop_id': 'MH-R-4', 'trip_id': 'walking', 'agency_name': 'Unknown'}, {'duration': 570, 'departure_time': 14340, 'arrival_time': 14910, 'day': 'current_day', 'from_stop_id': 'MH-R-4', 'to_stop_id': '156-4', 'trip_id': '9-1-18', 'agency_name': 'Unknown'}]}"
87,218,11220,inter,left,142,[76; 86; 88],[207; 217],500,375,500,375,11595,11655.0,14910.0,14970.0,3255.0,4.0,76,207,,,pt,4125.0,15345.0,4125.0,"{'duration': 3255, 'source_transfer_time': 0, 'waiting_time': 375, 'trip_time': 2880, 'num_transfers': 4, 'departure_time': 11655, 'departure_day': 'current_day', 'arrival_time': 14910, 'arrival_day': 'current_day', 'steps': [{'duration': 330, 'departure_time': 12030, 'arrival_time': 12360, 'day': 'current_day', 'from_stop_id': '76-5', 'to_stop_id': 'MH-L-5', 'trip_id': '8-1-15', 'agency_name': 'Unknown'}, {'duration': 30, 'departure_time': 12360, 'arrival_time': 12390, 'day': 'current_day', 'from_stop_id': 'MH-L-5', 'to_stop_id': 'MH-L-0', 'trip_id': 'walking', 'agency_name': 'Unknown'}, {'duration': 1500, 'departure_time': 12600, 'arrival_time': 14100, 'day': 'current_day', 'from_stop_id': 'MH-L-0', 'to_stop_id': 'MH-R-0', 'trip_id': '0-0-5', 'agency_name': 'Unknown'}, {'duration': 30, 'departure_time': 14100, 'arrival_time': 14130, 'day': 'current_day', 'from_stop_id': 'MH-R-0', 'to_stop_id': 'MH-R-5', 'trip_id': 'walking', 'agency_name': 'Unknown'}, {'duration': 570, 'departure_time': 14340, 'arrival_time': 14910, 'day': 'current_day', 'from_stop_id': 'MH-R-5', 'to_stop_id': '207-5', 'trip_id': '10-0-18', 'agency_name': 'Unknown'}]}"
56,181,4140,inter,left,143,[56],[181],0,0,0,0,4140,4200.0,7590.0,7650.0,3390.0,4.0,56,181,,,pt,3510.0,7650.0,3510.0,"{'duration': 3390, 'source_transfer_time': 0, 'waiting_time': 30, 'trip_time': 3360, 'num_transfers': 4, 'departure_time': 4200, 'departure_day': 'current_day', 'arrival_time': 7590, 'arrival_day': 'current_day', 'steps': [{'duration': 330, 'departure_time': 4230, 'arrival_time': 4560, 'day': 'current_day', 'from_stop_id': '56-1', 'to_stop_id': 'MH-L-1', 'trip_id': '1-0-2', 'agency_name': 'Unknown'}, {'duration': 30, 'departure_time': 4560, 'arrival_time': 4590, 'day': 'current_day', 'from_stop_id': 'MH-L-1', 'to_stop_id': 'MH-L-0', 'trip_id': 'walking', 'agency_name': 'Unknown'}, {'duration': 1500, 'departure_time': 5400, 'arrival_time': 6900, 'day': 'current_day', 'from_stop_id': 'MH-L-0', 'to_stop_id': 'MH-R-0', 'trip_id': '0-0-1', 'agency_name': 'Unknown'}, {'duration': 30, 'departure_time': 6900, 'arrival_time': 6930, 'day': 'current_day', 'from_stop_id': 'MH-R-0', 'to_stop_id': 'MH-R-1', 'trip_id': 'walking', 'agency_name': 'Unknown'}, {'duration': 450, 'departure_time': 7140, 'arrival_time': 7590, 'day': 'current_day', 'from_stop_id': 'MH-R-1', 'to_stop_id': '181-1', 'trip_id': '3-0-6', 'agency_name': 'Unknown'}]}"
63,165,12540,inter,left,144,[55],[175],500,375,500,375,12915,12975.0,16710.0,16770.0,3735.0,4.0,55,175,,,pt,4605.0,17145.0,4605.0,"{'duration': 3735, 'source_transfer_time': 0, 'waiting_time': 135, 'trip_time': 3600, 'num_transfers': 4, 'departure_time': 12975, 'departure_day': 'current_day', 'arrival_time': 16710, 'arrival_day': 'current_day', 'steps': [{'duration': 450, 'departure_time': 13110, 'arrival_time': 13560, 'day': 'current_day', 'from_stop_id': '55-1', 'to_stop_id': 'MH-L-1', 'trip_id': '1-0-17', 'agency_name': 'Unknown'}, {'duration': 30, 'departure_time': 13560, 'arrival_time': 13590, 'day': 'current_day', 'from_stop_id': 'MH-L-1', 'to_stop_id': 'MH-L-0', 'trip_id': 'walking', 'agency_name': 'Unknown'}, {'duration': 1500, 'departure_time': 14400, 'arrival_time': 15900, 'day': 'current_day', 'from_stop_id': 'MH-L-0', 'to_stop_id': 'MH-R-0', 'trip_id': '0-0-6', 'agency_name': 'Unknown'}, {'duration': 30, 'departure_time': 15900, 'arrival_time': 15930, 'day': 'current_day', 'from_stop_id': 'MH-R-0', 'to_stop_id': 'MH-R-1', 'trip_id': 'walking', 'agency_name': 'Unknown'}, {'duration': 570, 'departure_time': 16140, 'arrival_time': 16710, 'day': 'current_day', 'from_stop_id': 'MH-R-1', 'to_stop_id': '175-1', 'trip_id': '3-1-21', 'agency_name': 'Unknown'}]}"
24,216,12600,inter,left,145,[24],[216],0,0,0,0,12600,12660.0,17070.0,17130.0,4410.0,4.0,24,216,,,pt,4530.0,17130.0,4530.0,"{'duration': 4410, 'source_transfer_time': 0, 'waiting_time': 210, 'trip_time': 4200, 'num_transfers': 4, 'departure_time': 12660, 'departure_day': 'current_day', 'arrival_time': 17070, 'arrival_day': 'current_day', 'steps': [{'duration': 690, 'departure_time': 12870, 'arrival_time': 13560, 'day': 'current_day', 'from_stop_id': '24-4', 'to_stop_id': 'MH-L-4', 'trip_id': '7-0-17', 'agency_name': 'Unknown'}, {'duration': 30, 'departure_time': 13560, 'arrival_time': 13590, 'day': 'current_day', 'from_stop_id': 'MH-L-4', 'to_stop_id': 'MH-L-0', 'trip_id': 'walking', 'agency_name': 'Unknown'}, {'duration': 1500, 'departure_time': 14400, 'arrival_time': 15900, 'day': 'current_day', 'from_stop_id': 'MH-L-0', 'to_stop_id': 'MH-R-0', 'trip_id': '0-0-6', 'agency_name': 'Unknown'}, {'duration': 30, 'departure_time': 15900, 'arrival_time': 15930, 'day': 'current_day', 'from_stop_id': 'MH-R-0', 'to_stop_id': 'MH-R-5', 'trip_id': 'walking', 'agency_name': 'Unknown'}, {'duration': 930, 'departure_time': 16140, 'arrival_time': 17070, 'day': 'current_day', 'from_stop_id': 'MH-R-5', 'to_stop_id': '216-5', 'trip_id': '10-0-21', 'agency_name': 'Unknown'}]}"
32,125,8640,inter,left,146,[10; 20; 30],[126],1000,751,500,375,9391,9451.0,13110.0,13170.0,3659.0,4.0,20,126,,,pt,4905.0,13545.0,4905.0,"{'duration': 3659, 'source_transfer_time': 0, 'waiting_time': 179, 'trip_time': 3480, 'num_transfers': 4, 'departure_time': 9451, 'departure_day': 'current_day', 'arrival_time': 13110, 'arrival_day': 'current_day', 'steps': [{'duration': 930, 'departure_time': 9630, 'arrival_time': 10560, 'day': 'current_day', 'from_stop_id': '20-5', 'to_stop_id': 'MH-L-5', 'trip_id': '8-0-12', 'agency_name': 'Unknown'}, {'duration': 30, 'departure_time': 10560, 'arrival_time': 10590, 'day': 'current_day', 'from_stop_id': 'MH-L-5', 'to_stop_id': 'MH-L-0', 'trip_id': 'walking', 'agency_name': 'Unknown'}, {'duration': 1500, 'departure_time': 10800, 'arrival_time': 12300, 'day': 'current_day', 'from_stop_id': 'MH-L-0', 'to_stop_id': 'MH-R-0', 'trip_id': '0-0-4', 'agency_name': 'Unknown'}, {'duration': 30, 'departure_time': 12300, 'arrival_time': 12330, 'day': 'current_day', 'from_stop_id': 'MH-R-0', 'to_stop_id': 'MH-R-2', 'trip_id': 'walking', 'agency_name': 'Unknown'}, {'duration': 570, 'departure_time': 12540, 'arrival_time': 13110, 'day': 'current_day', 'from_stop_id': 'MH-R-2', 'to_stop_id': '126-2', 'trip_id': '4-0-15', 'agency_name': 'Unknown'}]}"
72,175,5160,inter,left,147,[54],[175],1000,751,0,0,5911,5971.0,9510.0,9570.0,3539.0,4.0,54,175,,,pt,4410.0,9570.0,4410.0,"{'duration': 3539, 'source_transfer_time': 0, 'waiting_time': 419, 'trip_time': 3120, 'num_transfers': 4, 'departure_time': 5971, 'departure_day': 'current_day', 'arrival_time': 9510, 'arrival_day': 'current_day', 'steps': [{'duration': 570, 'departure_time': 6390, 'arrival_time': 6960, 'day': 'current_day', 'from_stop_id': '54-1', 'to_stop_id': 'MH-L-1', 'trip_id': '1-0-6', 'agency_name': 'Unknown'}, {'duration': 30, 'departure_time': 6960, 'arrival_time': 6990, 'day': 'current_day', 'from_stop_id': 'MH-L-1', 'to_stop_id': 'MH-L-0', 'trip_id': 'walking', 'agency_name': 'Unknown'}, {'duration': 1500, 'departure_time': 7200, 'arrival_time': 8700, 'day': 'current_day', 'from_stop_id': 'MH-L-0', 'to_stop_id': 'MH-R-0', 'trip_id': '0-0-2', 'agency_name': 'Unknown'}, {'duration': 30, 'departure_time': 8700, 'arrival_time': 8730, 'day': 'current_day', 'from_stop_id': 'MH-R-0', 'to_stop_id': 'MH-R-1', 'trip_id': 'walking', 'agency_name': 'Unknown'}, {'duration': 570, 'departure_time': 8940, 'arrival_time': 9510, 'day': 'current_day', 'from_stop_id': 'MH-R-1', 'to_stop_id': '175-1', 'trip_id': '3-1-9', 'agency_name': 'Unknown'}]}"
110,132,8970,inter,left,148,[110],[132],0,0,0,0,8970,9030.0,13590.0,13650.0,4560.0,4.0,110,132,,,pt,4680.0,13650.0,4680.0,"{'duration': 4560, 'source_transfer_time': 0, 'waiting_time': 360, 'trip_time': 4200, 'num_transfers': 4, 'departure_time': 9030, 'departure_day': 'current_day', 'arrival_time': 13590, 'arrival_day': 'current_day', 'steps': [{'duration': 570, 'departure_time': 9390, 'arrival_time': 9960, 'day': 'current_day', 'from_stop_id': '110-2', 'to_stop_id': 'MH-L-2', 'trip_id': '2-0-11', 'agency_name': 'Unknown'}, {'duration': 30, 'departure_time': 9960, 'arrival_time': 9990, 'day': 'current_day', 'from_stop_id': 'MH-L-2', 'to_stop_id': 'MH-L-0', 'trip_id': 'walking', 'agency_name': 'Unknown'}, {'duration': 1500, 'departure_time': 10800, 'arrival_time': 12300, 'day': 'current_day', 'from_stop_id': 'MH-L-0', 'to_stop_id': 'MH-R-0', 'trip_id': '0-0-4', 'agency_name': 'Unknown'}, {'duration': 30, 'departure_time': 12300, 'arrival_time': 12330, 'day': 'current_day', 'from_stop_id': 'MH-R-0', 'to_stop_id': 'MH-R-4', 'trip_id': 'walking', 'agency_name': 'Unknown'}, {'duration': 1050, 'departure_time': 12540, 'arrival_time': 13590, 'day': 'current_day', 'from_stop_id': 'MH-R-4', 'to_stop_id': '132-4', 'trip_id': '9-1-15', 'agency_name': 'Unknown'}]}"
96,197,4920,inter,left,149,[96],[197],0,0,0,0,4920,4980.0,9270.0,9330.0,4290.0,4.0,96,197,,,pt,4410.0,9330.0,4410.0,"{'duration': 4290, 'source_transfer_time': 0, 'waiting_time': 570, 'trip_time': 3720, 'num_transfers': 4, 'departure_time': 4980, 'departure_day': 'current_day', 'arrival_time': 9270, 'arrival_day': 'current_day', 'steps': [{'duration': 810, 'departure_time': 5550, 'arrival_time': 6360, 'day': 'current_day', 'from_stop_id': '96-5', 'to_stop_id': 'MH-L-5', 'trip_id': '8-1-5', 'agency_name': 'Unknown'}, {'duration': 30, 'departure_time': 6360, 'arrival_time': 6390, 'day': 'current_day', 'from_stop_id': 'MH-L-5', 'to_stop_id': 'MH-L-0', 'trip_id': 'walking', 'agency_name': 'Unknown'}, {'duration': 1500, 'departure_time': 7200, 'arrival_time': 8700, 'day': 'current_day', 'from_stop_id': 'MH-L-0', 'to_stop_id': 'MH-R-0', 'trip_id': '0-0-2', 'agency_name': 'Unknown'}, {'duration': 30, 'departure_time': 8700, 'arrival_time': 8730, 'day': 'current_day', 'from_stop_id': 'MH-R-0', 'to_stop_id': 'MH-R-5', 'trip_id': 'walking', 'agency_name': 'Unknown'}, {'duration': 330, 'departure_time': 8940, 'arrival_time': 9270, 'day': 'current_day', 'from_stop_id': 'MH-R-5', 'to_stop_id': '197-5', 'trip_id': '10-0-9', 'agency_name': 'Unknown'}]}"
100,169,11340,inter,left,150,[99],[169],500,375,0,0,11715,11775.0,14550.0,14610.0,2775.0,4.0,99,169,,,pt,3270.0,14610.0,3270.0,"{'duration': 2775, 'source_transfer_time': 0, 'waiting_time': 135, 'trip_time': 2640, 'num_transfers': 4, 'departure_time': 11775, 'departure_day': 'current_day', 'arrival_time': 14550, 'arrival_day': 'current_day', 'steps': [{'duration': 450, 'departure_time': 11910, 'arrival_time': 12360, 'day': 'current_day', 'from_stop_id': '99-2', 'to_stop_id': 'MH-L-2', 'trip_id': '2-0-15', 'agency_name': 'Unknown'}, {'duration': 30, 'departure_time': 12360, 'arrival_time': 12390, 'day': 'current_day', 'from_stop_id': 'MH-L-2', 'to_stop_id': 'MH-L-0', 'trip_id': 'walking', 'agency_name': 'Unknown'}, {'duration': 1500, 'departure_time': 12600, 'arrival_time': 14100, 'day': 'current_day', 'from_stop_id': 'MH-L-0', 'to_stop_id': 'MH-R-0', 'trip_id': '0-0-5', 'agency_name': 'Unknown'}, {'duration': 30, 'departure_time': 14100, 'arrival_time': 14130, 'day': 'current_day', 'from_stop_id': 'MH-R-0', 'to_stop_id': 'MH-R-4', 'trip_id': 'walking', 'agency_name': 'Unknown'}, {'duration': 210, 'departure_time': 14340, 'arrival_time': 14550, 'day': 'current_day', 'from_stop_id': 'MH-R-4', 'to_stop_id': '169-4', 'trip_id': '9-1-18', 'agency_name': 'Unknown'}]}"
70,139,8340,inter,left,151,[60],[140; 150],500,375,500,375,8715,8775.0,13110.0,13170.0,4335.0,4.0,60,150,,,pt,5205.0,13545.0,5205.0,"{'duration': 4335, 'source_transfer_time': 0, 'waiting_time': 135, 'trip_time': 4200, 'num_transfers': 4, 'departure_time': 8775, 'departure_day': 'current_day', 'arrival_time': 13110, 'arrival_day': 'current_day', 'steps': [{'duration': 450, 'departure_time': 8910, 'arrival_time': 9360, 'day': 'current_day', 'from_stop_id': '60-1', 'to_stop_id': 'MH-L-1', 'trip_id': '1-1-10', 'agency_name': 'Unknown'}, {'duration': 30, 'departure_time': 9360, 'arrival_time': 9390, 'day': 'current_day', 'from_stop_id': 'MH-L-1', 'to_stop_id': 'MH-L-0', 'trip_id': 'walking', 'agency_name': 'Unknown'}, {'duration': 1500, 'departure_time': 10800, 'arrival_time': 12300, 'day': 'current_day', 'from_stop_id': 'MH-L-0', 'to_stop_id': 'MH-R-0', 'trip_id': '0-0-4', 'agency_name': 'Unknown'}, {'duration': 30, 'departure_time': 12300, 'arrival_time': 12330, 'day': 'current_day', 'from_stop_id': 'MH-R-0', 'to_stop_id': 'MH-R-5', 'trip_id': 'walking', 'agency_name': 'Unknown'}, {'duration': 570, 'departure_time': 12540, 'arrival_time': 13110, 'day': 'current_day', 'from_stop_id': 'MH-R-5', 'to_stop_id': '150-5', 'trip_id': '10-1-15', 'agency_name': 'Unknown'}]}"
33,142,12900,inter,left,152,[11; 23; 35; 54],[131; 141],1000,751,500,375,13651,13711.0,18870.0,18930.0,5159.0,4.0,11,141,,,pt,6405.0,19305.0,6405.0,"{'duration': 5159, 'source_transfer_time': 0, 'waiting_time': 599, 'trip_time': 4560, 'num_transfers': 4, 'departure_time': 13711, 'departure_day': 'current_day', 'arrival_time': 18870, 'arrival_day': 'current_day', 'steps': [{'duration': 1050, 'departure_time': 14310, 'arrival_time': 15360, 'day': 'current_day', 'from_stop_id': '11-4', 'to_stop_id': 'MH-L-4', 'trip_id': '7-0-20', 'agency_name': 'Unknown'}, {'duration': 30, 'departure_time': 15360, 'arrival_time': 15390, 'day': 'current_day', 'from_stop_id': 'MH-L-4', 'to_stop_id': 'MH-L-0', 'trip_id': 'walking', 'agency_name': 'Unknown'}, {'duration': 1500, 'departure_time': 16200, 'arrival_time': 17700, 'day': 'current_day', 'from_stop_id': 'MH-L-0', 'to_stop_id': 'MH-R-0', 'trip_id': '0-0-7', 'agency_name': 'Unknown'}, {'duration': 30, 'departure_time': 17700, 'arrival_time': 17730, 'day': 'current_day', 'from_stop_id': 'MH-R-0', 'to_stop_id': 'MH-R-5', 'trip_id': 'walking', 'agency_name': 'Unknown'}, {'duration': 930, 'departure_time': 17940, 'arrival_time': 18870, 'day': 'current_day', 'from_stop_id': 'MH-R-5', 'to_stop_id': '141-5', 'trip_id': '10-1-24', 'agency_name': 'Unknown'}]}"
5,230,5370,inter,left,153,[5],[231],0,0,500,375,5370,5430.0,9510.0,9570.0,4080.0,4.0,5,231,,,pt,4575.0,9945.0,4575.0,"{'duration': 4080, 'source_transfer_time': 0, 'waiting_time': 360, 'trip_time': 3720, 'num_transfers': 4, 'departure_time': 5430, 'departure_day': 'current_day', 'arrival_time': 9510, 'arrival_day': 'current_day', 'steps': [{'duration': 570, 'departure_time': 5790, 'arrival_time': 6360, 'day': 'current_day', 'from_stop_id': '5-2', 'to_stop_id': 'MH-L-2', 'trip_id': '2-1-5', 'agency_name': 'Unknown'}, {'duration': 30, 'departure_time': 6360, 'arrival_time': 6390, 'day': 'current_day', 'from_stop_id': 'MH-L-2', 'to_stop_id': 'MH-L-0', 'trip_id': 'walking', 'agency_name': 'Unknown'}, {'duration': 1500, 'departure_time': 7200, 'arrival_time': 8700, 'day': 'current_day', 'from_stop_id': 'MH-L-0', 'to_stop_id': 'MH-R-0', 'trip_id': '0-0-2', 'agency_name': 'Unknown'}, {'duration': 30, 'departure_time': 8700, 'arrival_time': 8730, 'day': 'current_day', 'from_stop_id': 'MH-R-0', 'to_stop_id': 'MH-R-2', 'trip_id': 'walking', 'agency_name': 'Unknown'}, {'duration': 570, 'departure_time': 8940, 'arrival_time': 9510, 'day': 'current_day', 'from_stop_id': 'MH-R-2', 'to_stop_id': '231-2', 'trip_id': '4-1-9', 'agency_name': 'Unknown'}]}"
29,167,5010,inter,left,154,[29],[156; 168; 177],0,0,500,375,5010,5070.0,9270.0,9330.0,4200.0,4.0,29,168,,,pt,4695.0,9705.0,4695.0,"{'duration': 4200, 'source_transfer_time': 0, 'waiting_time': 120, 'trip_time': 4080, 'num_transfers': 4, 'departure_time': 5070, 'departure_day': 'current_day', 'arrival_time': 9270, 'arrival_day': 'current_day', 'steps': [{'duration': 570, 'departure_time': 5190, 'arrival_time': 5760, 'day': 'current_day', 'from_stop_id': '29-5', 'to_stop_id': 'MH-L-5', 'trip_id': '8-0-4', 'agency_name': 'Unknown'}, {'duration': 30, 'departure_time': 5760, 'arrival_time': 5790, 'day': 'current_day', 'from_stop_id': 'MH-L-5', 'to_stop_id': 'MH-L-0', 'trip_id': 'walking', 'agency_name': 'Unknown'}, {'duration': 1500, 'departure_time': 7200, 'arrival_time': 8700, 'day': 'current_day', 'from_stop_id': 'MH-L-0', 'to_stop_id': 'MH-R-0', 'trip_id': '0-0-2', 'agency_name': 'Unknown'}, {'duration': 30, 'departure_time': 8700, 'arrival_time': 8730, 'day': 'current_day', 'from_stop_id': 'MH-R-0', 'to_stop_id': 'MH-R-4', 'trip_id': 'walking', 'agency_name': 'Unknown'}, {'duration': 330, 'departure_time': 8940, 'arrival_time': 9270, 'day': 'current_day', 'from_stop_id': 'MH-R-4', 'to_stop_id': '168-4', 'trip_id': '9-1-9', 'agency_name': 'Unknown'}]}"
25,231,11940,inter,left,155,[24; 36],[231],500,375,0,0,12315,12375.0,16710.0,16770.0,4335.0,4.0,24,231,,,pt,4830.0,16770.0,4830.0,"{'duration': 4335, 'source_transfer_time': 0, 'waiting_time': 495, 'trip_time': 3840, 'num_transfers': 4, 'departure_time': 12375, 'departure_day': 'current_day', 'arrival_time': 16710, 'arrival_day': 'current_day', 'steps': [{'duration': 690, 'departure_time': 12870, 'arrival_time': 13560, 'day': 'current_day', 'from_stop_id': '24-4', 'to_stop_id': 'MH-L-4', 'trip_id': '7-0-17', 'agency_name': 'Unknown'}, {'duration': 30, 'departure_time': 13560, 'arrival_time': 13590, 'day': 'current_day', 'from_stop_id': 'MH-L-4', 'to_stop_id': 'MH-L-0', 'trip_id': 'walking', 'agency_name': 'Unknown'}, {'duration': 1500, 'departure_time': 14400, 'arrival_time': 15900, 'day': 'current_day', 'from_stop_id': 'MH-L-0', 'to_stop_id': 'MH-R-0', 'trip_id': '0-0-6', 'agency_name': 'Unknown'}, {'duration': 30, 'departure_time': 15900, 'arrival_time': 15930, 'day': 'current_day', 'from_stop_id': 'MH-R-0', 'to_stop_id': 'MH-R-2', 'trip_id': 'walking', 'agency_name': 'Unknown'}, {'duration': 570, 'departure_time': 16140, 'arrival_time': 16710, 'day': 'current_day', 'from_stop_id': 'MH-R-2', 'to_stop_id': '231-2', 'trip_id': '4-1-21', 'agency_name': 'Unknown'}]}"
82,154,5160,inter,left,156,[61; 80; 92; 104],[132; 144; 156; 175],1000,751,1000,751,5911,5971.0,9510.0,9570.0,3539.0,4.0,61,156,,,pt,5161.0,10321.0,5161.0,"{'duration': 3539, 'source_transfer_time': 0, 'waiting_time': 419, 'trip_time': 3120, 'num_transfers': 4, 'departure_time': 5971, 'departure_day': 'current_day', 'arrival_time': 9510, 'arrival_day': 'current_day', 'steps': [{'duration': 570, 'departure_time': 6390, 'arrival_time': 6960, 'day': 'current_day', 'from_stop_id': '61-1', 'to_stop_id': 'MH-L-1', 'trip_id': '1-1-6', 'agency_name': 'Unknown'}, {'duration': 30, 'departure_time': 6960, 'arrival_time': 6990, 'day': 'current_day', 'from_stop_id': 'MH-L-1', 'to_stop_id': 'MH-L-0', 'trip_id': 'walking', 'agency_name': 'Unknown'}, {'duration': 1500, 'departure_time': 7200, 'arrival_time': 8700, 'day': 'current_day', 'from_stop_id': 'MH-L-0', 'to_stop_id': 'MH-R-0', 'trip_id': '0-0-2', 'agency_name': 'Unknown'}, {'duration': 30, 'departure_time': 8700, 'arrival_time': 8730, 'day': 'current_day', 'from_stop_id': 'MH-R-0', 'to_stop_id': 'MH-R-4', 'trip_id': 'walking', 'agency_name': 'Unknown'}, {'duration': 570, 'departure_time': 8940, 'arrival_time': 9510, 'day': 'current_day', 'from_stop_id': 'MH-R-4', 'to_stop_id': '156-4', 'trip_id': '9-1-9', 'agency_name': 'Unknown'}]}"
88,177,7830,inter,left,157,[88],[177],0,0,0,0,7830,7890.0,11070.0,11130.0,3180.0,4.0,88,177,,,pt,3300.0,11130.0,3300.0,"{'duration': 3180, 'source_transfer_time': 0, 'waiting_time': 540, 'trip_time': 2640, 'num_transfers': 4, 'departure_time': 7890, 'departure_day': 'current_day', 'arrival_time': 11070, 'arrival_day': 'current_day', 'steps': [{'duration': 330, 'departure_time': 8430, 'arrival_time': 8760, 'day': 'current_day', 'from_stop_id': '88-2', 'to_stop_id': 'MH-L-2', 'trip_id': '2-0-9', 'agency_name': 'Unknown'}, {'duration': 30, 'departure_time': 8760, 'arrival_time': 8790, 'day': 'current_day', 'from_stop_id': 'MH-L-2', 'to_stop_id': 'MH-L-0', 'trip_id': 'walking', 'agency_name': 'Unknown'}, {'duration': 1500, 'departure_time': 9000, 'arrival_time': 10500, 'day': 'current_day', 'from_stop_id': 'MH-L-0', 'to_stop_id': 'MH-R-0', 'trip_id': '0-0-3', 'agency_name': 'Unknown'}, {'duration': 30, 'departure_time': 10500, 'arrival_time': 10530, 'day': 'current_day', 'from_stop_id': 'MH-R-0', 'to_stop_id': 'MH-R-1', 'trip_id': 'walking', 'agency_name': 'Unknown'}, {'duration': 330, 'departure_time': 10740, 'arrival_time': 11070, 'day': 'current_day', 'from_stop_id': 'MH-R-1', 'to_stop_id': '177-1', 'trip_id': '3-1-12', 'agency_name': 'Unknown'}]}"
55,142,4320,inter,left,158,[55],[131; 141],0,0,500,375,4320,4380.0,8070.0,8130.0,3690.0,4.0,55,141,,,pt,4185.0,8505.0,4185.0,"{'duration': 3690, 'source_transfer_time': 0, 'waiting_time': 330, 'trip_time': 3360, 'num_transfers': 4, 'departure_time': 4380, 'departure_day': 'current_day', 'arrival_time': 8070, 'arrival_day': 'current_day', 'steps': [{'duration': 450, 'departure_time': 4710, 'arrival_time': 5160, 'day': 'current_day', 'from_stop_id': '55-1', 'to_stop_id': 'MH-L-1', 'trip_id': '1-0-3', 'agency_name': 'Unknown'}, {'duration': 30, 'departure_time': 5160, 'arrival_time': 5190, 'day': 'current_day', 'from_stop_id': 'MH-L-1', 'to_stop_id': 'MH-L-0', 'trip_id': 'walking', 'agency_name': 'Unknown'}, {'duration': 1500, 'departure_time': 5400, 'arrival_time': 6900, 'day': 'current_day', 'from_stop_id': 'MH-L-0', 'to_stop_id': 'MH-R-0', 'trip_id': '0-0-1', 'agency_name': 'Unknown'}, {'duration': 30, 'departure_time': 6900, 'arrival_time': 6930, 'day': 'current_day', 'from_stop_id': 'MH-R-0', 'to_stop_id': 'MH-R-5', 'trip_id': 'walking', 'agency_name': 'Unknown'}, {'duration': 930, 'departure_time': 7140, 'arrival_time': 8070, 'day': 'current_day', 'from_stop_id': 'MH-R-5', 'to_stop_id': '141-5', 'trip_id': '10-1-6', 'agency_name': 'Unknown'}]}"
7,167,12270,inter,left,159,[5; 9; 19; 29],[156; 168; 177],1000,751,500,375,13021,13081.0,16470.0,16530.0,3389.0,4.0,5,168,,,pt,4635.0,16905.0,4635.0,"{'duration': 3389, 'source_transfer_time': 0, 'waiting_time': 509, 'trip_time': 2880, 'num_transfers': 4, 'departure_time': 13081, 'departure_day': 'current_day', 'arrival_time': 16470, 'arrival_day': 'current_day', 'steps': [{'duration': 570, 'departure_time': 13590, 'arrival_time': 14160, 'day': 'current_day', 'from_stop_id': '5-2', 'to_stop_id': 'MH-L-2', 'trip_id': '2-1-18', 'agency_name': 'Unknown'}, {'duration': 30, 'departure_time': 14160, 'arrival_time': 14190, 'day': 'current_day', 'from_stop_id': 'MH-L-2', 'to_stop_id': 'MH-L-0', 'trip_id': 'walking', 'agency_name': 'Unknown'}, {'duration': 1500, 'departure_time': 14400, 'arrival_time': 15900, 'day': 'current_day', 'from_stop_id': 'MH-L-0', 'to_stop_id': 'MH-R-0', 'trip_id': '0-0-6', 'agency_name': 'Unknown'}, {'duration': 30, 'departure_time': 15900, 'arrival_time': 15930, 'day': 'current_day', 'from_stop_id': 'MH-R-0', 'to_stop_id': 'MH-R-4', 'trip_id': 'walking', 'agency_name': 'Unknown'}, {'duration': 330, 'departure_time': 16140, 'arrival_time': 16470, 'day': 'current_day', 'from_stop_id': 'MH-R-4', 'to_stop_id': '168-4', 'trip_id': '9-1-21', 'agency_name': 'Unknown'}]}"
57,141,8010,inter,left,160,[57],[141],0,0,0,0,8010,8070.0,11670.0,11730.0,3600.0,4.0,57,141,,,pt,3720.0,11730.0,3720.0,"{'duration': 3600, 'source_transfer_time': 0, 'waiting_time': 480, 'trip_time': 3120, 'num_transfers': 4, 'departure_time': 8070, 'departure_day': 'current_day', 'arrival_time': 11670, 'arrival_day': 'current_day', 'steps': [{'duration': 210, 'departure_time': 8550, 'arrival_time': 8760, 'day': 'current_day', 'from_stop_id': '57-1', 'to_stop_id': 'MH-L-1', 'trip_id': '1-0-9', 'agency_name': 'Unknown'}, {'duration': 30, 'departure_time': 8760, 'arrival_time': 8790, 'day': 'current_day', 'from_stop_id': 'MH-L-1', 'to_stop_id': 'MH-L-0', 'trip_id': 'walking', 'agency_name': 'Unknown'}, {'duration': 1500, 'departure_time': 9000, 'arrival_time': 10500, 'day': 'current_day', 'from_stop_id': 'MH-L-0', 'to_stop_id': 'MH-R-0', 'trip_id': '0-0-3', 'agency_name': 'Unknown'}, {'duration': 30, 'departure_time': 10500, 'arrival_time': 10530, 'day': 'current_day', 'from_stop_id': 'MH-R-0', 'to_stop_id': 'MH-R-5', 'trip_id': 'walking', 'agency_name': 'Unknown'}, {'duration': 930, 'departure_time': 10740, 'arrival_time': 11670, 'day': 'current_day', 'from_stop_id': 'MH-R-5', 'to_stop_id': '141-5', 'trip_id': '10-1-12', 'agency_name': 'Unknown'}]}"
54,170,13860,inter,left,161,[54],[170],0,0,0,0,13860,13920.0,18150.0,18210.0,4230.0,4.0,54,170,,,pt,4350.0,18210.0,4350.0,"{'duration': 4230, 'source_transfer_time': 0, 'waiting_time': 270, 'trip_time': 3960, 'num_transfers': 4, 'departure_time': 13920, 'departure_day': 'current_day', 'arrival_time': 18150, 'arrival_day': 'current_day', 'steps': [{'duration': 570, 'departure_time': 14190, 'arrival_time': 14760, 'day': 'current_day', 'from_stop_id': '54-1', 'to_stop_id': 'MH-L-1', 'trip_id': '1-0-19', 'agency_name': 'Unknown'}, {'duration': 30, 'departure_time': 14760, 'arrival_time': 14790, 'day': 'current_day', 'from_stop_id': 'MH-L-1', 'to_stop_id': 'MH-L-0', 'trip_id': 'walking', 'agency_name': 'Unknown'}, {'duration': 1500, 'departure_time': 16200, 'arrival_time': 17700, 'day': 'current_day', 'from_stop_id': 'MH-L-0', 'to_stop_id': 'MH-R-0', 'trip_id': '0-0-7', 'agency_name': 'Unknown'}, {'duration': 30, 'departure_time': 17700, 'arrival_time': 17730, 'day': 'current_day', 'from_stop_id': 'MH-R-0', 'to_stop_id': 'MH-R-5', 'trip_id': 'walking', 'agency_name': 'Unknown'}, {'duration': 210, 'departure_time': 17940, 'arrival_time': 18150, 'day': 'current_day', 'from_stop_id': 'MH-R-5', 'to_stop_id': '170-5', 'trip_id': '10-1-24', 'agency_name': 'Unknown'}]}"
15,161,5970,inter,left,162,[16],[161],500,375,0,0,6345,6405.0,9390.0,9450.0,2985.0,4.0,16,161,,,pt,3480.0,9450.0,3480.0,"{'duration': 2985, 'source_transfer_time': 0, 'waiting_time': 105, 'trip_time': 2880, 'num_transfers': 4, 'departure_time': 6405, 'departure_day': 'current_day', 'arrival_time': 9390, 'arrival_day': 'current_day', 'steps': [{'duration': 450, 'departure_time': 6510, 'arrival_time': 6960, 'day': 'current_day', 'from_stop_id': '16-2', 'to_stop_id': 'MH-L-2', 'trip_id': '2-1-6', 'agency_name': 'Unknown'}, {'duration': 30, 'departure_time': 6960, 'arrival_time': 6990, 'day': 'current_day', 'from_stop_id': 'MH-L-2', 'to_stop_id': 'MH-L-0', 'trip_id': 'walking', 'agency_name': 'Unknown'}, {'duration': 1500, 'departure_time': 7200, 'arrival_time': 8700, 'day': 'current_day', 'from_stop_id': 'MH-L-0', 'to_stop_id': 'MH-R-0', 'trip_id': '0-0-2', 'agency_name': 'Unknown'}, {'duration': 30, 'departure_time': 8700, 'arrival_time': 8730, 'day': 'current_day', 'from_stop_id': 'MH-R-0', 'to_stop_id': 'MH-R-5', 'trip_id': 'walking', 'agency_name': 'Unknown'}, {'duration': 450, 'departure_time': 8940, 'arrival_time': 9390, 'day': 'current_day', 'from_stop_id': 'MH-R-5', 'to_stop_id': '161-5', 'trip_id': '10-1-9', 'agency_name': 'Unknown'}]}"
107,217,12900,inter,left,163,[96; 106],[217],500,375,0,0,13275,13335.0,16950.0,17010.0,3615.0,4.0,96,217,,,pt,4110.0,17010.0,4110.0,"{'duration': 3615, 'source_transfer_time': 0, 'waiting_time': 15, 'trip_time': 3600, 'num_transfers': 4, 'departure_time': 13335, 'departure_day': 'current_day', 'arrival_time': 16950, 'arrival_day': 'current_day', 'steps': [{'duration': 810, 'departure_time': 13350, 'arrival_time': 14160, 'day': 'current_day', 'from_stop_id': '96-5', 'to_stop_id': 'MH-L-5', 'trip_id': '8-1-18', 'agency_name': 'Unknown'}, {'duration': 30, 'departure_time': 14160, 'arrival_time': 14190, 'day': 'current_day', 'from_stop_id': 'MH-L-5', 'to_stop_id': 'MH-L-0', 'trip_id': 'walking', 'agency_name': 'Unknown'}, {'duration': 1500, 'departure_time': 14400, 'arrival_time': 15900, 'day': 'current_day', 'from_stop_id': 'MH-L-0', 'to_stop_id': 'MH-R-0', 'trip_id': '0-0-6', 'agency_name': 'Unknown'}, {'duration': 30, 'departure_time': 15900, 'arrival_time': 15930, 'day': 'current_day', 'from_stop_id': 'MH-R-0', 'to_stop_id': 'MH-R-5', 'trip_id': 'walking', 'agency_name': 'Unknown'}, {'duration': 810, 'departure_time': 16140, 'arrival_time': 16950, 'day': 'current_day', 'from_stop_id': 'MH-R-5', 'to_stop_id': '217-5', 'trip_id': '10-0-21', 'agency_name': 'Unknown'}]}"
33,214,11100,inter,left,164,[11; 23; 35; 54],[213; 225],1000,751,500,375,11851,11911.0,16950.0,17010.0,5039.0,4.0,11,213,,,pt,6285.0,17385.0,6285.0,"{'duration': 5039, 'source_transfer_time': 0, 'waiting_time': 599, 'trip_time': 4440, 'num_transfers': 4, 'departure_time': 11911, 'departure_day': 'current_day', 'arrival_time': 16950, 'arrival_day': 'current_day', 'steps': [{'duration': 1050, 'departure_time': 12510, 'arrival_time': 13560, 'day': 'current_day', 'from_stop_id': '11-4', 'to_stop_id': 'MH-L-4', 'trip_id': '7-0-17', 'agency_name': 'Unknown'}, {'duration': 30, 'departure_time': 13560, 'arrival_time': 13590, 'day': 'current_day', 'from_stop_id': 'MH-L-4', 'to_stop_id': 'MH-L-0', 'trip_id': 'walking', 'agency_name': 'Unknown'}, {'duration': 1500, 'departure_time': 14400, 'arrival_time': 15900, 'day': 'current_day', 'from_stop_id': 'MH-L-0', 'to_stop_id': 'MH-R-0', 'trip_id': '0-0-6', 'agency_name': 'Unknown'}, {'duration': 30, 'departure_time': 15900, 'arrival_time': 15930, 'day': 'current_day', 'from_stop_id': 'MH-R-0', 'to_stop_id': 'MH-R-4', 'trip_id': 'walking', 'agency_name': 'Unknown'}, {'duration': 810, 'departure_time': 16140, 'arrival_time': 16950, 'day': 'current_day', 'from_stop_id': 'MH-R-4', 'to_stop_id': '213-4', 'trip_id': '9-0-21', 'agency_name': 'Unknown'}]}"
20,205,3810,inter,left,165,[20],[206; 216],0,0,500,375,3810,3870.0,7830.0,7890.0,3960.0,4.0,20,206,,,pt,4455.0,8265.0,4455.0,"{'duration': 3960, 'source_transfer_time': 0, 'waiting_time': 360, 'trip_time': 3600, 'num_transfers': 4, 'departure_time': 3870, 'departure_day': 'current_day', 'arrival_time': 7830, 'arrival_day': 'current_day', 'steps': [{'duration': 930, 'departure_time': 4230, 'arrival_time': 5160, 'day': 'current_day', 'from_stop_id': '20-5', 'to_stop_id': 'MH-L-5', 'trip_id': '8-0-3', 'agency_name': 'Unknown'}, {'duration': 30, 'departure_time': 5160, 'arrival_time': 5190, 'day': 'current_day', 'from_stop_id': 'MH-L-5', 'to_stop_id': 'MH-L-0', 'trip_id': 'walking', 'agency_name': 'Unknown'}, {'duration': 1500, 'departure_time': 5400, 'arrival_time': 6900, 'day': 'current_day', 'from_stop_id': 'MH-L-0', 'to_stop_id': 'MH-R-0', 'trip_id': '0-0-1', 'agency_name': 'Unknown'}, {'duration': 30, 'departure_time': 6900, 'arrival_time': 6930, 'day': 'current_day', 'from_stop_id': 'MH-R-0', 'to_stop_id': 'MH-R-5', 'trip_id': 'walking', 'agency_name': 'Unknown'}, {'duration': 690, 'departure_time': 7140, 'arrival_time': 7830, 'day': 'current_day', 'from_stop_id': 'MH-R-5', 'to_stop_id': '206-5', 'trip_id': '10-0-6', 'agency_name': 'Unknown'}]}"
40,132,5700,inter,left,166,[40],[132],0,0,0,0,5700,5760.0,9990.0,10050.0,4230.0,4.0,40,132,,,pt,4350.0,10050.0,4350.0,"{'duration': 4230, 'source_transfer_time': 0, 'waiting_time': 150, 'trip_time': 4080, 'num_transfers': 4, 'departure_time': 5760, 'departure_day': 'current_day', 'arrival_time': 9990, 'arrival_day': 'current_day', 'steps': [{'duration': 450, 'departure_time': 5910, 'arrival_time': 6360, 'day': 'current_day', 'from_stop_id': '40-5', 'to_stop_id': 'MH-L-5', 'trip_id': '8-0-5', 'agency_name': 'Unknown'}, {'duration': 30, 'departure_time': 6360, 'arrival_time': 6390, 'day': 'current_day', 'from_stop_id': 'MH-L-5', 'to_stop_id': 'MH-L-0', 'trip_id': 'walking', 'agency_name': 'Unknown'}, {'duration': 1500, 'departure_time': 7200, 'arrival_time': 8700, 'day': 'current_day', 'from_stop_id': 'MH-L-0', 'to_stop_id': 'MH-R-0', 'trip_id': '0-0-2', 'agency_name': 'Unknown'}, {'duration': 30, 'departure_time': 8700, 'arrival_time': 8730, 'day': 'current_day', 'from_stop_id': 'MH-R-0', 'to_stop_id': 'MH-R-4', 'trip_id': 'walking', 'agency_name': 'Unknown'}, {'duration': 1050, 'departure_time': 8940, 'arrival_time': 9990, 'day': 'current_day', 'from_stop_id': 'MH-R-4', 'to_stop_id': '132-4', 'trip_id': '9-1-9', 'agency_name': 'Unknown'}]}"
12,121,14250,inter,left,167,[12],[121],0,0,0,0,14250,14310.0,19110.0,19170.0,4800.0,4.0,12,121,,,pt,4920.0,19170.0,4920.0,"{'duration': 4800, 'source_transfer_time': 0, 'waiting_time': 120, 'trip_time': 4680, 'num_transfers': 4, 'departure_time': 14310, 'departure_day': 'current_day', 'arrival_time': 19110, 'arrival_day': 'current_day', 'steps': [{'duration': 930, 'departure_time': 14430, 'arrival_time': 15360, 'day': 'current_day', 'from_stop_id': '12-4', 'to_stop_id': 'MH-L-4', 'trip_id': '7-0-20', 'agency_name': 'Unknown'}, {'duration': 30, 'departure_time': 15360, 'arrival_time': 15390, 'day': 'current_day', 'from_stop_id': 'MH-L-4', 'to_stop_id': 'MH-L-0', 'trip_id': 'walking', 'agency_name': 'Unknown'}, {'duration': 1500, 'departure_time': 16200, 'arrival_time': 17700, 'day': 'current_day', 'from_stop_id': 'MH-L-0', 'to_stop_id': 'MH-R-0', 'trip_id': '0-0-7', 'agency_name': 'Unknown'}, {'duration': 30, 'departure_time': 17700, 'arrival_time': 17730, 'day': 'current_day', 'from_stop_id': 'MH-R-0', 'to_stop_id': 'MH-R-4', 'trip_id': 'walking', 'agency_name': 'Unknown'}, {'duration': 1170, 'departure_time': 17940, 'arrival_time': 19110, 'day': 'current_day', 'from_stop_id': 'MH-R-4', 'to_stop_id': '121-4', 'trip_id': '9-1-24', 'agency_name': 'Unknown'}]}"
8,137,9720,inter,left,168,[9; 19],[137],500,375,0,0,10095,10155.0,14790.0,14850.0,4635.0,4.0,9,137,,,pt,5130.0,14850.0,5130.0,"{'duration': 4635, 'source_transfer_time': 0, 'waiting_time': 555, 'trip_time': 4080, 'num_transfers': 4, 'departure_time': 10155, 'departure_day': 'current_day', 'arrival_time': 14790, 'arrival_day': 'current_day', 'steps': [{'duration': 1050, 'departure_time': 10710, 'arrival_time': 11760, 'day': 'current_day', 'from_stop_id': '9-5', 'to_stop_id': 'MH-L-5', 'trip_id': '8-0-14', 'agency_name': 'Unknown'}, {'duration': 30, 'departure_time': 11760, 'arrival_time': 11790, 'day': 'current_day', 'from_stop_id': 'MH-L-5', 'to_stop_id': 'MH-L-0', 'trip_id': 'walking', 'agency_name': 'Unknown'}, {'duration': 1500, 'departure_time': 12600, 'arrival_time': 14100, 'day': 'current_day', 'from_stop_id': 'MH-L-0', 'to_stop_id': 'MH-R-0', 'trip_id': '0-0-5', 'agency_name': 'Unknown'}, {'duration': 30, 'departure_time': 14100, 'arrival_time': 14130, 'day': 'current_day', 'from_stop_id': 'MH-R-0', 'to_stop_id': 'MH-R-2', 'trip_id': 'walking', 'agency_name': 'Unknown'}, {'duration': 450, 'departure_time': 14340, 'arrival_time': 14790, 'day': 'current_day', 'from_stop_id': 'MH-R-2', 'to_stop_id': '137-2', 'trip_id': '4-0-18', 'agency_name': 'Unknown'}]}"
59,171,4800,inter,left,169,[59],[161; 170; 179],0,0,500,375,4800,4860.0,9150.0,9210.0,4290.0,4.0,59,170,,,pt,4785.0,9585.0,4785.0,"{'duration': 4290, 'source_transfer_time': 0, 'waiting_time': 570, 'trip_time': 3720, 'num_transfers': 4, 'departure_time': 4860, 'departure_day': 'current_day', 'arrival_time': 9150, 'arrival_day': 'current_day', 'steps': [{'duration': 330, 'departure_time': 5430, 'arrival_time': 5760, 'day': 'current_day', 'from_stop_id': '59-1', 'to_stop_id': 'MH-L-1', 'trip_id': '1-1-4', 'agency_name': 'Unknown'}, {'duration': 30, 'departure_time': 5760, 'arrival_time': 5790, 'day': 'current_day', 'from_stop_id': 'MH-L-1', 'to_stop_id': 'MH-L-0', 'trip_id': 'walking', 'agency_name': 'Unknown'}, {'duration': 1500, 'departure_time': 7200, 'arrival_time': 8700, 'day': 'current_day', 'from_stop_id': 'MH-L-0', 'to_stop_id': 'MH-R-0', 'trip_id': '0-0-2', 'agency_name': 'Unknown'}, {'duration': 30, 'departure_time': 8700, 'arrival_time': 8730, 'day': 'current_day', 'from_stop_id': 'MH-R-0', 'to_stop_id': 'MH-R-5', 'trip_id': 'walking', 'agency_name': 'Unknown'}, {'duration': 210, 'departure_time': 8940, 'arrival_time': 9150, 'day': 'current_day', 'from_stop_id': 'MH-R-5', 'to_stop_id': '170-5', 'trip_id': '10-1-9', 'agency_name': 'Unknown'}]}"
51,172,13140,inter,left,170,[59],[180],500,375,500,375,13515,13575.0,16470.0,16530.0,2895.0,4.0,59,180,,,pt,3765.0,16905.0,3765.0,"{'duration': 2895, 'source_transfer_time': 0, 'waiting_time': 255, 'trip_time': 2640, 'num_transfers': 4, 'departure_time': 13575, 'departure_day': 'current_day', 'arrival_time': 16470, 'arrival_day': 'current_day', 'steps': [{'duration': 330, 'departure_time': 13830, 'arrival_time': 14160, 'day': 'current_day', 'from_stop_id': '59-1', 'to_stop_id': 'MH-L-1', 'trip_id': '1-1-18', 'agency_name': 'Unknown'}, {'duration': 30, 'departure_time': 14160, 'arrival_time': 14190, 'day': 'current_day', 'from_stop_id': 'MH-L-1', 'to_stop_id': 'MH-L-0', 'trip_id': 'walking', 'agency_name': 'Unknown'}, {'duration': 1500, 'departure_time': 14400, 'arrival_time': 15900, 'day': 'current_day', 'from_stop_id': 'MH-L-0', 'to_stop_id': 'MH-R-0', 'trip_id': '0-0-6', 'agency_name': 'Unknown'}, {'duration': 30, 'departure_time': 15900, 'arrival_time': 15930, 'day': 'current_day', 'from_stop_id': 'MH-R-0', 'to_stop_id': 'MH-R-1', 'trip_id': 'walking', 'agency_name': 'Unknown'}, {'duration': 330, 'departure_time': 16140, 'arrival_time': 16470, 'day': 'current_day', 'from_stop_id': 'MH-R-1', 'to_stop_id': '180-1', 'trip_id': '3-0-21', 'agency_name': 'Unknown'}]}"
21,203,9330,inter,left,171,[10; 20],[182; 201; 213; 225],500,375,1000,751,9705,9765.0,14910.0,14970.0,5145.0,4.0,10,182,,,pt,6391.0,15721.0,6391.0,"{'duration': 5145, 'source_transfer_time': 0, 'waiting_time': 225, 'trip_time': 4920, 'num_transfers': 4, 'departure_time': 9765, 'departure_day': 'current_day', 'arrival_time': 14910, 'arrival_day': 'current_day', 'steps': [{'duration': 1170, 'departure_time': 9990, 'arrival_time': 11160, 'day': 'current_day', 'from_stop_id': '10-5', 'to_stop_id': 'MH-L-5', 'trip_id': '8-0-13', 'agency_name': 'Unknown'}, {'duration': 30, 'departure_time': 11160, 'arrival_time': 11190, 'day': 'current_day', 'from_stop_id': 'MH-L-5', 'to_stop_id': 'MH-L-0', 'trip_id': 'walking', 'agency_name': 'Unknown'}, {'duration': 1500, 'departure_time': 12600, 'arrival_time': 14100, 'day': 'current_day', 'from_stop_id': 'MH-L-0', 'to_stop_id': 'MH-R-0', 'trip_id': '0-0-5', 'agency_name': 'Unknown'}, {'duration': 30, 'departure_time': 14100, 'arrival_time': 14130, 'day': 'current_day', 'from_stop_id': 'MH-R-0', 'to_stop_id': 'MH-R-1', 'trip_id': 'walking', 'agency_name': 'Unknown'}, {'duration': 570, 'departure_time': 14340, 'arrival_time': 14910, 'day': 'current_day', 'from_stop_id': 'MH-R-1', 'to_stop_id': '182-1', 'trip_id': '3-0-18', 'agency_name': 'Unknown'}]}"
70,130,8940,inter,left,172,[60],[130],500,375,0,0,9315,9375.0,13590.0,13650.0,4215.0,4.0,60,130,,,pt,4710.0,13650.0,4710.0,"{'duration': 4215, 'source_transfer_time': 0, 'waiting_time': 135, 'trip_time': 4080, 'num_transfers': 4, 'departure_time': 9375, 'departure_day': 'current_day', 'arrival_time': 13590, 'arrival_day': 'current_day', 'steps': [{'duration': 450, 'departure_time': 9510, 'arrival_time': 9960, 'day': 'current_day', 'from_stop_id': '60-1', 'to_stop_id': 'MH-L-1', 'trip_id': '1-1-11', 'agency_name': 'Unknown'}, {'duration': 30, 'departure_time': 9960, 'arrival_time': 9990, 'day': 'current_day', 'from_stop_id': 'MH-L-1', 'to_stop_id': 'MH-L-0', 'trip_id': 'walking', 'agency_name': 'Unknown'}, {'duration': 1500, 'departure_time': 10800, 'arrival_time': 12300, 'day': 'current_day', 'from_stop_id': 'MH-L-0', 'to_stop_id': 'MH-R-0', 'trip_id': '0-0-4', 'agency_name': 'Unknown'}, {'duration': 30, 'departure_time': 12300, 'arrival_time': 12330, 'day': 'current_day', 'from_stop_id': 'MH-R-0', 'to_stop_id': 'MH-R-5', 'trip_id': 'walking', 'agency_name': 'Unknown'}, {'duration': 1050, 'departure_time': 12540, 'arrival_time': 13590, 'day': 'current_day', 'from_stop_id': 'MH-R-5', 'to_stop_id': '130-5', 'trip_id': '10-1-15', 'agency_name': 'Unknown'}]}"
11,122,12120,inter,left,173,[11],[121; 133],0,0,500,375,12120,12180.0,17070.0,17130.0,4890.0,4.0,11,133,,,pt,5385.0,17505.0,5385.0,"{'duration': 4890, 'source_transfer_time': 0, 'waiting_time': 330, 'trip_time': 4560, 'num_transfers': 4, 'departure_time': 12180, 'departure_day': 'current_day', 'arrival_time': 17070, 'arrival_day': 'current_day', 'steps': [{'duration': 1050, 'departure_time': 12510, 'arrival_time': 13560, 'day': 'current_day', 'from_stop_id': '11-4', 'to_stop_id': 'MH-L-4', 'trip_id': '7-0-17', 'agency_name': 'Unknown'}, {'duration': 30, 'departure_time': 13560, 'arrival_time': 13590, 'day': 'current_day', 'from_stop_id': 'MH-L-4', 'to_stop_id': 'MH-L-0', 'trip_id': 'walking', 'agency_name': 'Unknown'}, {'duration': 1500, 'departure_time': 14400, 'arrival_time': 15900, 'day': 'current_day', 'from_stop_id': 'MH-L-0', 'to_stop_id': 'MH-R-0', 'trip_id': '0-0-6', 'agency_name': 'Unknown'}, {'duration': 30, 'departure_time': 15900, 'arrival_time': 15930, 'day': 'current_day', 'from_stop_id': 'MH-R-0', 'to_stop_id': 'MH-R-4', 'trip_id': 'walking', 'agency_name': 'Unknown'}, {'duration': 930, 'departure_time': 16140, 'arrival_time': 17070, 'day': 'current_day', 'from_stop_id': 'MH-R-4', 'to_stop_id': '133-4', 'trip_id': '9-1-21', 'agency_name': 'Unknown'}]}"
44,141,12780,inter,left,174,[54],[141],500,375,0,0,13155,13215.0,17070.0,17130.0,3855.0,4.0,54,141,,,pt,4350.0,17130.0,4350.0,"{'duration': 3855, 'source_transfer_time': 0, 'waiting_time': 375, 'trip_time': 3480, 'num_transfers': 4, 'departure_time': 13215, 'departure_day': 'current_day', 'arrival_time': 17070, 'arrival_day': 'current_day', 'steps': [{'duration': 570, 'departure_time': 13590, 'arrival_time': 14160, 'day': 'current_day', 'from_stop_id': '54-1', 'to_stop_id': 'MH-L-1', 'trip_id': '1-0-18', 'agency_name': 'Unknown'}, {'duration': 30, 'departure_time': 14160, 'arrival_time': 14190, 'day': 'current_day', 'from_stop_id': 'MH-L-1', 'to_stop_id': 'MH-L-0', 'trip_id': 'walking', 'agency_name': 'Unknown'}, {'duration': 1500, 'departure_time': 14400, 'arrival_time': 15900, 'day': 'current_day', 'from_stop_id': 'MH-L-0', 'to_stop_id': 'MH-R-0', 'trip_id': '0-0-6', 'agency_name': 'Unknown'}, {'duration': 30, 'departure_time': 15900, 'arrival_time': 15930, 'day': 'current_day', 'from_stop_id': 'MH-R-0', 'to_stop_id': 'MH-R-5', 'trip_id': 'walking', 'agency_name': 'Unknown'}, {'duration': 930, 'departure_time': 16140, 'arrival_time': 17070, 'day': 'current_day', 'from_stop_id': 'MH-R-5', 'to_stop_id': '141-5', 'trip_id': '10-1-21', 'agency_name': 'Unknown'}]}"
57,217,11730,inter,left,175,[57],[217],0,0,0,0,11730,11790.0,15150.0,15210.0,3360.0,4.0,57,217,,,pt,3480.0,15210.0,3480.0,"{'duration': 3360, 'source_transfer_time': 0, 'waiting_time': 360, 'trip_time': 3000, 'num_transfers': 4, 'departure_time': 11790, 'departure_day': 'current_day', 'arrival_time': 15150, 'arrival_day': 'current_day', 'steps': [{'duration': 210, 'departure_time': 12150, 'arrival_time': 12360, 'day': 'current_day', 'from_stop_id': '57-1', 'to_stop_id': 'MH-L-1', 'trip_id': '1-0-15', 'agency_name': 'Unknown'}, {'duration': 30, 'departure_time': 12360, 'arrival_time': 12390, 'day': 'current_day', 'from_stop_id': 'MH-L-1', 'to_stop_id': 'MH-L-0', 'trip_id': 'walking', 'agency_name': 'Unknown'}, {'duration': 1500, 'departure_time': 12600, 'arrival_time': 14100, 'day': 'current_day', 'from_stop_id': 'MH-L-0', 'to_stop_id': 'MH-R-0', 'trip_id': '0-0-5', 'agency_name': 'Unknown'}, {'duration': 30, 'departure_time': 14100, 'arrival_time': 14130, 'day': 'current_day', 'from_stop_id': 'MH-R-0', 'to_stop_id': 'MH-R-5', 'trip_id': 'walking', 'agency_name': 'Unknown'}, {'duration': 810, 'departure_time': 14340, 'arrival_time': 15150, 'day': 'current_day', 'from_stop_id': 'MH-R-5', 'to_stop_id': '217-5', 'trip_id': '10-0-18', 'agency_name': 'Unknown'}]}"
43,193,11850,inter,left,176,[61],[175],1000,751,1000,751,12601,12661.0,16710.0,16770.0,4049.0,4.0,61,175,,,pt,5671.0,17521.0,5671.0,"{'duration': 4049, 'source_transfer_time': 0, 'waiting_time': 329, 'trip_time': 3720, 'num_transfers': 4, 'departure_time': 12661, 'departure_day': 'current_day', 'arrival_time': 16710, 'arrival_day': 'current_day', 'steps': [{'duration': 570, 'departure_time': 12990, 'arrival_time': 13560, 'day': 'current_day', 'from_stop_id': '61-1', 'to_stop_id': 'MH-L-1', 'trip_id': '1-1-17', 'agency_name': 'Unknown'}, {'duration': 30, 'departure_time': 13560, 'arrival_time': 13590, 'day': 'current_day', 'from_stop_id': 'MH-L-1', 'to_stop_id': 'MH-L-0', 'trip_id': 'walking', 'agency_name': 'Unknown'}, {'duration': 1500, 'departure_time': 14400, 'arrival_time': 15900, 'day': 'current_day', 'from_stop_id': 'MH-L-0', 'to_stop_id': 'MH-R-0', 'trip_id': '0-0-6', 'agency_name': 'Unknown'}, {'duration': 30, 'departure_time': 15900, 'arrival_time': 15930, 'day': 'current_day', 'from_stop_id': 'MH-R-0', 'to_stop_id': 'MH-R-1', 'trip_id': 'walking', 'agency_name': 'Unknown'}, {'duration': 570, 'departure_time': 16140, 'arrival_time': 16710, 'day': 'current_day', 'from_stop_id': 'MH-R-1', 'to_stop_id': '175-1', 'trip_id': '3-1-21', 'agency_name': 'Unknown'}]}"
33,150,7020,inter,left,177,[11; 23; 35; 54],[150],1000,751,0,0,7771,7831.0,11310.0,11370.0,3479.0,4.0,23,150,,,pt,4350.0,11370.0,4350.0,"{'duration': 3479, 'source_transfer_time': 0, 'waiting_time': 119, 'trip_time': 3360, 'num_transfers': 4, 'departure_time': 7831, 'departure_day': 'current_day', 'arrival_time': 11310, 'arrival_day': 'current_day', 'steps': [{'duration': 810, 'departure_time': 7950, 'arrival_time': 8760, 'day': 'current_day', 'from_stop_id': '23-4', 'to_stop_id': 'MH-L-4', 'trip_id': '7-0-9', 'agency_name': 'Unknown'}, {'duration': 30, 'departure_time': 8760, 'arrival_time': 8790, 'day': 'current_day', 'from_stop_id': 'MH-L-4', 'to_stop_id': 'MH-L-0', 'trip_id': 'walking', 'agency_name': 'Unknown'}, {'duration': 1500, 'departure_time': 9000, 'arrival_time': 10500, 'day': 'current_day', 'from_stop_id': 'MH-L-0', 'to_stop_id': 'MH-R-0', 'trip_id': '0-0-3', 'agency_name': 'Unknown'}, {'duration': 30, 'departure_time': 10500, 'arrival_time': 10530, 'day': 'current_day', 'from_stop_id': 'MH-R-0', 'to_stop_id': 'MH-R-5', 'trip_id': 'walking', 'agency_name': 'Unknown'}, {'duration': 570, 'departure_time': 10740, 'arrival_time': 11310, 'day': 'current_day', 'from_stop_id': 'MH-R-5', 'to_stop_id': '150-5', 'trip_id': '10-1-12', 'agency_name': 'Unknown'}]}"
29,151,7500,inter,left,178,[29],[151],0,0,0,0,7500,7560.0,11430.0,11490.0,3870.0,4.0,29,151,,,pt,3990.0,11490.0,3990.0,"{'duration': 3870, 'source_transfer_time': 0, 'waiting_time': 30, 'trip_time': 3840, 'num_transfers': 4, 'departure_time': 7560, 'departure_day': 'current_day', 'arrival_time': 11430, 'arrival_day': 'current_day', 'steps': [{'duration': 570, 'departure_time': 7590, 'arrival_time': 8160, 'day': 'current_day', 'from_stop_id': '29-5', 'to_stop_id': 'MH-L-5', 'trip_id': '8-0-8', 'agency_name': 'Unknown'}, {'duration': 30, 'departure_time': 8160, 'arrival_time': 8190, 'day': 'current_day', 'from_stop_id': 'MH-L-5', 'to_stop_id': 'MH-L-0', 'trip_id': 'walking', 'agency_name': 'Unknown'}, {'duration': 1500, 'departure_time': 9000, 'arrival_time': 10500, 'day': 'current_day', 'from_stop_id': 'MH-L-0', 'to_stop_id': 'MH-R-0', 'trip_id': '0-0-3', 'agency_name': 'Unknown'}, {'duration': 30, 'departure_time': 10500, 'arrival_time': 10530, 'day': 'current_day', 'from_stop_id': 'MH-R-0', 'to_stop_id': 'MH-R-5', 'trip_id': 'walking', 'agency_name': 'Unknown'}, {'duration': 690, 'departure_time': 10740, 'arrival_time': 11430, 'day': 'current_day', 'from_stop_id': 'MH-R-5', 'to_stop_id': '151-5', 'trip_id': '10-1-12', 'agency_name': 'Unknown'}]}"
43,154,7590,inter,left,179,[61],[132; 144; 156; 175],1000,751,1000,751,8341,8401.0,13110.0,13170.0,4709.0,4.0,61,156,,,pt,6331.0,13921.0,6331.0,"{'duration': 4709, 'source_transfer_time': 0, 'waiting_time': 389, 'trip_time': 4320, 'num_transfers': 4, 'departure_time': 8401, 'departure_day': 'current_day', 'arrival_time': 13110, 'arrival_day': 'current_day', 'steps': [{'duration': 570, 'departure_time': 8790, 'arrival_time': 9360, 'day': 'current_day', 'from_stop_id': '61-1', 'to_stop_id': 'MH-L-1', 'trip_id': '1-1-10', 'agency_name': 'Unknown'}, {'duration': 30, 'departure_time': 9360, 'arrival_time': 9390, 'day': 'current_day', 'from_stop_id': 'MH-L-1', 'to_stop_id': 'MH-L-0', 'trip_id': 'walking', 'agency_name': 'Unknown'}, {'duration': 1500, 'departure_time': 10800, 'arrival_time': 12300, 'day': 'current_day', 'from_stop_id': 'MH-L-0', 'to_stop_id': 'MH-R-0', 'trip_id': '0-0-4', 'agency_name': 'Unknown'}, {'duration': 30, 'departure_time': 12300, 'arrival_time': 12330, 'day': 'current_day', 'from_stop_id': 'MH-R-0', 'to_stop_id': 'MH-R-4', 'trip_id': 'walking', 'agency_name': 'Unknown'}, {'duration': 570, 'departure_time': 12540, 'arrival_time': 13110, 'day': 'current_day', 'from_stop_id': 'MH-R-4', 'to_stop_id': '156-4', 'trip_id': '9-1-15', 'agency_name': 'Unknown'}]}"
27,161,10620,inter,left,180,[27],[161],0,0,0,0,10620,10680.0,14790.0,14850.0,4110.0,4.0,27,161,,,pt,4230.0,14850.0,4230.0,"{'duration': 4110, 'source_transfer_time': 0, 'waiting_time': 150, 'trip_time': 3960, 'num_transfers': 4, 'departure_time': 10680, 'departure_day': 'current_day', 'arrival_time': 14790, 'arrival_day': 'current_day', 'steps': [{'duration': 330, 'departure_time': 10830, 'arrival_time': 11160, 'day': 'current_day', 'from_stop_id': '27-2', 'to_stop_id': 'MH-L-2', 'trip_id': '2-1-13', 'agency_name': 'Unknown'}, {'duration': 30, 'departure_time': 11160, 'arrival_time': 11190, 'day': 'current_day', 'from_stop_id': 'MH-L-2', 'to_stop_id': 'MH-L-0', 'trip_id': 'walking', 'agency_name': 'Unknown'}, {'duration': 1500, 'departure_time': 12600, 'arrival_time': 14100, 'day': 'current_day', 'from_stop_id': 'MH-L-0', 'to_stop_id': 'MH-R-0', 'trip_id': '0-0-5', 'agency_name': 'Unknown'}, {'duration': 30, 'departure_time': 14100, 'arrival_time': 14130, 'day': 'current_day', 'from_stop_id': 'MH-R-0', 'to_stop_id': 'MH-R-5', 'trip_id': 'walking', 'agency_name': 'Unknown'}, {'duration': 450, 'departure_time': 14340, 'arrival_time': 14790, 'day': 'current_day', 'from_stop_id': 'MH-R-5', 'to_stop_id': '161-5', 'trip_id': '10-1-18', 'agency_name': 'Unknown'}]}"
91,172,4740,inter,left,181,[91],[180],0,0,500,375,4740,4800.0,9270.0,9330.0,4470.0,4.0,91,180,,,pt,4965.0,9705.0,4965.0,"{'duration': 4470, 'source_transfer_time': 0, 'waiting_time': 270, 'trip_time': 4200, 'num_transfers': 4, 'departure_time': 4800, 'departure_day': 'current_day', 'arrival_time': 9270, 'arrival_day': 'current_day', 'steps': [{'duration': 690, 'departure_time': 5070, 'arrival_time': 5760, 'day': 'current_day', 'from_stop_id': '91-4', 'to_stop_id': 'MH-L-4', 'trip_id': '7-1-4', 'agency_name': 'Unknown'}, {'duration': 30, 'departure_time': 5760, 'arrival_time': 5790, 'day': 'current_day', 'from_stop_id': 'MH-L-4', 'to_stop_id': 'MH-L-0', 'trip_id': 'walking', 'agency_name': 'Unknown'}, {'duration': 1500, 'departure_time': 7200, 'arrival_time': 8700, 'day': 'current_day', 'from_stop_id': 'MH-L-0', 'to_stop_id': 'MH-R-0', 'trip_id': '0-0-2', 'agency_name': 'Unknown'}, {'duration': 30, 'departure_time': 8700, 'arrival_time': 8730, 'day': 'current_day', 'from_stop_id': 'MH-R-0', 'to_stop_id': 'MH-R-1', 'trip_id': 'walking', 'agency_name': 'Unknown'}, {'duration': 330, 'departure_time': 8940, 'arrival_time': 9270, 'day': 'current_day', 'from_stop_id': 'MH-R-1', 'to_stop_id': '180-1', 'trip_id': '3-0-9', 'agency_name': 'Unknown'}]}"
30,187,11400,inter,left,182,[30],[187],0,0,0,0,11400,11460.0,14550.0,14610.0,3090.0,4.0,30,187,,,pt,3210.0,14610.0,3210.0,"{'duration': 3090, 'source_transfer_time': 0, 'waiting_time': 210, 'trip_time': 2880, 'num_transfers': 4, 'departure_time': 11460, 'departure_day': 'current_day', 'arrival_time': 14550, 'arrival_day': 'current_day', 'steps': [{'duration': 690, 'departure_time': 11670, 'arrival_time': 12360, 'day': 'current_day', 'from_stop_id': '30-5', 'to_stop_id': 'MH-L-5', 'trip_id': '8-0-15', 'agency_name': 'Unknown'}, {'duration': 30, 'departure_time': 12360, 'arrival_time': 12390, 'day': 'current_day', 'from_stop_id': 'MH-L-5', 'to_stop_id': 'MH-L-0', 'trip_id': 'walking', 'agency_name': 'Unknown'}, {'duration': 1500, 'departure_time': 12600, 'arrival_time': 14100, 'day': 'current_day', 'from_stop_id': 'MH-L-0', 'to_stop_id': 'MH-R-0', 'trip_id': '0-0-5', 'agency_name': 'Unknown'}, {'duration': 30, 'departure_time': 14100, 'arrival_time': 14130, 'day': 'current_day', 'from_stop_id': 'MH-R-0', 'to_stop_id': 'MH-R-5', 'trip_id': 'walking', 'agency_name': 'Unknown'}, {'duration': 210, 'departure_time': 14340, 'arrival_time': 14550, 'day': 'current_day', 'from_stop_id': 'MH-R-5', 'to_stop_id': '187-5', 'trip_id': '10-0-18', 'agency_name': 'Unknown'}]}"
84,154,13410,inter,left,183,[85; 95],[132; 144; 156; 175],500,375,1000,751,13785,13845.0,18510.0,18570.0,4665.0,4.0,85,156,,,pt,5911.0,19321.0,5911.0,"{'duration': 4665, 'source_transfer_time': 0, 'waiting_time': 225, 'trip_time': 4440, 'num_transfers': 4, 'departure_time': 13845, 'departure_day': 'current_day', 'arrival_time': 18510, 'arrival_day': 'current_day', 'steps': [{'duration': 690, 'departure_time': 14070, 'arrival_time': 14760, 'day': 'current_day', 'from_stop_id': '85-5', 'to_stop_id': 'MH-L-5', 'trip_id': '8-1-19', 'agency_name': 'Unknown'}, {'duration': 30, 'departure_time': 14760, 'arrival_time': 14790, 'day': 'current_day', 'from_stop_id': 'MH-L-5', 'to_stop_id': 'MH-L-0', 'trip_id': 'walking', 'agency_name': 'Unknown'}, {'duration': 1500, 'departure_time': 16200, 'arrival_time': 17700, 'day': 'current_day', 'from_stop_id': 'MH-L-0', 'to_stop_id': 'MH-R-0', 'trip_id': '0-0-7', 'agency_name': 'Unknown'}, {'duration': 30, 'departure_time': 17700, 'arrival_time': 17730, 'day': 'current_day', 'from_stop_id': 'MH-R-0', 'to_stop_id': 'MH-R-4', 'trip_id': 'walking', 'agency_name': 'Unknown'}, {'duration': 570, 'departure_time': 17940, 'arrival_time': 18510, 'day': 'current_day', 'from_stop_id': 'MH-R-4', 'to_stop_id': '156-4', 'trip_id': '9-1-24', 'agency_name': 'Unknown'}]}"
12,154,8730,inter,left,184,[12],[132; 144; 156; 175],0,0,1000,751,8730,8790.0,13110.0,13170.0,4320.0,4.0,12,156,,,pt,5191.0,13921.0,5191.0,"{'duration': 4320, 'source_transfer_time': 0, 'waiting_time': 240, 'trip_time': 4080, 'num_transfers': 4, 'departure_time': 8790, 'departure_day': 'current_day', 'arrival_time': 13110, 'arrival_day': 'current_day', 'steps': [{'duration': 930, 'departure_time': 9030, 'arrival_time': 9960, 'day': 'current_day', 'from_stop_id': '12-4', 'to_stop_id': 'MH-L-4', 'trip_id': '7-0-11', 'agency_name': 'Unknown'}, {'duration': 30, 'departure_time': 9960, 'arrival_time': 9990, 'day': 'current_day', 'from_stop_id': 'MH-L-4', 'to_stop_id': 'MH-L-0', 'trip_id': 'walking', 'agency_name': 'Unknown'}, {'duration': 1500, 'departure_time': 10800, 'arrival_time': 12300, 'day': 'current_day', 'from_stop_id': 'MH-L-0', 'to_stop_id': 'MH-R-0', 'trip_id': '0-0-4', 'agency_name': 'Unknown'}, {'duration': 30, 'departure_time': 12300, 'arrival_time': 12330, 'day': 'current_day', 'from_stop_id': 'MH-R-0', 'to_stop_id': 'MH-R-4', 'trip_id': 'walking', 'agency_name': 'Unknown'}, {'duration': 570, 'departure_time': 12540, 'arrival_time': 13110, 'day': 'current_day', 'from_stop_id': 'MH-R-4', 'to_stop_id': '156-4', 'trip_id': '9-1-15', 'agency_name': 'Unknown'}]}"
30,185,5610,inter,left,185,[30],[177],0,0,500,375,5610,5670.0,9270.0,9330.0,3600.0,4.0,30,177,,,pt,4095.0,9705.0,4095.0,"{'duration': 3600, 'source_transfer_time': 0, 'waiting_time': 0, 'trip_time': 3600, 'num_transfers': 4, 'departure_time': 5670, 'departure_day': 'current_day', 'arrival_time': 9270, 'arrival_day': 'current_day', 'steps': [{'duration': 690, 'departure_time': 5670, 'arrival_time': 6360, 'day': 'current_day', 'from_stop_id': '30-5', 'to_stop_id': 'MH-L-5', 'trip_id': '8-0-5', 'agency_name': 'Unknown'}, {'duration': 30, 'departure_time': 6360, 'arrival_time': 6390, 'day': 'current_day', 'from_stop_id': 'MH-L-5', 'to_stop_id': 'MH-L-0', 'trip_id': 'walking', 'agency_name': 'Unknown'}, {'duration': 1500, 'departure_time': 7200, 'arrival_time': 8700, 'day': 'current_day', 'from_stop_id': 'MH-L-0', 'to_stop_id': 'MH-R-0', 'trip_id': '0-0-2', 'agency_name': 'Unknown'}, {'duration': 30, 'departure_time': 8700, 'arrival_time': 8730, 'day': 'current_day', 'from_stop_id': 'MH-R-0', 'to_stop_id': 'MH-R-1', 'trip_id': 'walking', 'agency_name': 'Unknown'}, {'duration': 330, 'departure_time': 8940, 'arrival_time': 9270, 'day': 'current_day', 'from_stop_id': 'MH-R-1', 'to_stop_id': '177-1', 'trip_id': '3-1-9', 'agency_name': 'Unknown'}]}"
89,143,3600,inter,left,186,[88],[132; 144],500,375,500,375,3975,4035.0,7950.0,8010.0,3915.0,4.0,88,144,,,pt,4785.0,8385.0,4785.0,"{'duration': 3915, 'source_transfer_time': 0, 'waiting_time': 195, 'trip_time': 3720, 'num_transfers': 4, 'departure_time': 4035, 'departure_day': 'current_day', 'arrival_time': 7950, 'arrival_day': 'current_day', 'steps': [{'duration': 330, 'departure_time': 4230, 'arrival_time': 4560, 'day': 'current_day', 'from_stop_id': '88-2', 'to_stop_id': 'MH-L-2', 'trip_id': '2-0-2', 'agency_name': 'Unknown'}, {'duration': 30, 'departure_time': 4560, 'arrival_time': 4590, 'day': 'current_day', 'from_stop_id': 'MH-L-2', 'to_stop_id': 'MH-L-0', 'trip_id': 'walking', 'agency_name': 'Unknown'}, {'duration': 1500, 'departure_time': 5400, 'arrival_time': 6900, 'day': 'current_day', 'from_stop_id': 'MH-L-0', 'to_stop_id': 'MH-R-0', 'trip_id': '0-0-1', 'agency_name': 'Unknown'}, {'duration': 30, 'departure_time': 6900, 'arrival_time': 6930, 'day': 'current_day', 'from_stop_id': 'MH-R-0', 'to_stop_id': 'MH-R-4', 'trip_id': 'walking', 'agency_name': 'Unknown'}, {'duration': 810, 'departure_time': 7140, 'arrival_time': 7950, 'day': 'current_day', 'from_stop_id': 'MH-R-4', 'to_stop_id': '144-4', 'trip_id': '9-1-6', 'agency_name': 'Unknown'}]}"
73,180,13380,inter,left,187,[55; 75; 85; 95],[180],1000,751,0,0,14131,14191.0,18270.0,18330.0,4079.0,4.0,55,180,,,pt,4950.0,18330.0,4950.0,"{'duration': 4079, 'source_transfer_time': 0, 'waiting_time': 119, 'trip_time': 3960, 'num_transfers': 4, 'departure_time': 14191, 'departure_day': 'current_day', 'arrival_time': 18270, 'arrival_day': 'current_day', 'steps': [{'duration': 450, 'departure_time': 14310, 'arrival_time': 14760, 'day': 'current_day', 'from_stop_id': '55-1', 'to_stop_id': 'MH-L-1', 'trip_id': '1-0-19', 'agency_name': 'Unknown'}, {'duration': 30, 'departure_time': 14760, 'arrival_time': 14790, 'day': 'current_day', 'from_stop_id': 'MH-L-1', 'to_stop_id': 'MH-L-0', 'trip_id': 'walking', 'agency_name': 'Unknown'}, {'duration': 1500, 'departure_time': 16200, 'arrival_time': 17700, 'day': 'current_day', 'from_stop_id': 'MH-L-0', 'to_stop_id': 'MH-R-0', 'trip_id': '0-0-7', 'agency_name': 'Unknown'}, {'duration': 30, 'departure_time': 17700, 'arrival_time': 17730, 'day': 'current_day', 'from_stop_id': 'MH-R-0', 'to_stop_id': 'MH-R-1', 'trip_id': 'walking', 'agency_name': 'Unknown'}, {'duration': 330, 'departure_time': 17940, 'arrival_time': 18270, 'day': 'current_day', 'from_stop_id': 'MH-R-1', 'to_stop_id': '180-1', 'trip_id': '3-0-24', 'agency_name': 'Unknown'}]}"
49,181,13260,inter,left,188,[49],[181],0,0,0,0,13260,13320.0,16590.0,16650.0,3270.0,4.0,49,181,,,pt,3390.0,16650.0,3390.0,"{'duration': 3270, 'source_transfer_time': 0, 'waiting_time': 30, 'trip_time': 3240, 'num_transfers': 4, 'departure_time': 13320, 'departure_day': 'current_day', 'arrival_time': 16590, 'arrival_day': 'current_day', 'steps': [{'duration': 210, 'departure_time': 13350, 'arrival_time': 13560, 'day': 'current_day', 'from_stop_id': '49-5', 'to_stop_id': 'MH-L-5', 'trip_id': '8-0-17', 'agency_name': 'Unknown'}, {'duration': 30, 'departure_time': 13560, 'arrival_time': 13590, 'day': 'current_day', 'from_stop_id': 'MH-L-5', 'to_stop_id': 'MH-L-0', 'trip_id': 'walking', 'agency_name': 'Unknown'}, {'duration': 1500, 'departure_time': 14400, 'arrival_time': 15900, 'day': 'current_day', 'from_stop_id': 'MH-L-0', 'to_stop_id': 'MH-R-0', 'trip_id': '0-0-6', 'agency_name': 'Unknown'}, {'duration': 30, 'departure_time': 15900, 'arrival_time': 15930, 'day': 'current_day', 'from_stop_id': 'MH-R-0', 'to_stop_id': 'MH-R-1', 'trip_id': 'walking', 'agency_name': 'Unknown'}, {'duration': 450, 'departure_time': 16140, 'arrival_time': 16590, 'day': 'current_day', 'from_stop_id': 'MH-R-1', 'to_stop_id': '181-1', 'trip_id': '3-0-21', 'agency_name': 'Unknown'}]}"
61,217,4110,inter,left,189,[61],[217],0,0,0,0,4110,4170.0,7950.0,8010.0,3780.0,4.0,61,217,,,pt,3900.0,8010.0,3900.0,"{'duration': 3780, 'source_transfer_time': 0, 'waiting_time': 420, 'trip_time': 3360, 'num_transfers': 4, 'departure_time': 4170, 'departure_day': 'current_day', 'arrival_time': 7950, 'arrival_day': 'current_day', 'steps': [{'duration': 570, 'departure_time': 4590, 'arrival_time': 5160, 'day': 'current_day', 'from_stop_id': '61-1', 'to_stop_id': 'MH-L-1', 'trip_id': '1-1-3', 'agency_name': 'Unknown'}, {'duration': 30, 'departure_time': 5160, 'arrival_time': 5190, 'day': 'current_day', 'from_stop_id': 'MH-L-1', 'to_stop_id': 'MH-L-0', 'trip_id': 'walking', 'agency_name': 'Unknown'}, {'duration': 1500, 'departure_time': 5400, 'arrival_time': 6900, 'day': 'current_day', 'from_stop_id': 'MH-L-0', 'to_stop_id': 'MH-R-0', 'trip_id': '0-0-1', 'agency_name': 'Unknown'}, {'duration': 30, 'departure_time': 6900, 'arrival_time': 6930, 'day': 'current_day', 'from_stop_id': 'MH-R-0', 'to_stop_id': 'MH-R-5', 'trip_id': 'walking', 'agency_name': 'Unknown'}, {'duration': 810, 'departure_time': 7140, 'arrival_time': 7950, 'day': 'current_day', 'from_stop_id': 'MH-R-5', 'to_stop_id': '217-5', 'trip_id': '10-0-6', 'agency_name': 'Unknown'}]}"
108,177,7860,inter,left,190,[86; 96; 106; 110],[177],1000,751,0,0,8611,8671.0,12870.0,12930.0,4199.0,4.0,86,177,,,pt,5070.0,12930.0,5070.0,"{'duration': 4199, 'source_transfer_time': 0, 'waiting_time': 119, 'trip_time': 4080, 'num_transfers': 4, 'departure_time': 8671, 'departure_day': 'current_day', 'arrival_time': 12870, 'arrival_day': 'current_day', 'steps': [{'duration': 570, 'departure_time': 8790, 'arrival_time': 9360, 'day': 'current_day', 'from_stop_id': '86-5', 'to_stop_id': 'MH-L-5', 'trip_id': '8-1-10', 'agency_name': 'Unknown'}, {'duration': 30, 'departure_time': 9360, 'arrival_time': 9390, 'day': 'current_day', 'from_stop_id': 'MH-L-5', 'to_stop_id': 'MH-L-0', 'trip_id': 'walking', 'agency_name': 'Unknown'}, {'duration': 1500, 'departure_time': 10800, 'arrival_time': 12300, 'day': 'current_day', 'from_stop_id': 'MH-L-0', 'to_stop_id': 'MH-R-0', 'trip_id': '0-0-4', 'agency_name': 'Unknown'}, {'duration': 30, 'departure_time': 12300, 'arrival_time': 12330, 'day': 'current_day', 'from_stop_id': 'MH-R-0', 'to_stop_id': 'MH-R-1', 'trip_id': 'walking', 'agency_name': 'Unknown'}, {'duration': 330, 'departure_time': 12540, 'arrival_time': 12870, 'day': 'current_day', 'from_stop_id': 'MH-R-1', 'to_stop_id': '177-1', 'trip_id': '3-1-15', 'agency_name': 'Unknown'}]}"
84,165,13800,inter,left,191,[85; 95],[175],500,375,500,375,14175,14235.0,18510.0,18570.0,4275.0,4.0,85,175,,,pt,5145.0,18945.0,5145.0,"{'duration': 4275, 'source_transfer_time': 0, 'waiting_time': 435, 'trip_time': 3840, 'num_transfers': 4, 'departure_time': 14235, 'departure_day': 'current_day', 'arrival_time': 18510, 'arrival_day': 'current_day', 'steps': [{'duration': 690, 'departure_time': 14670, 'arrival_time': 15360, 'day': 'current_day', 'from_stop_id': '85-5', 'to_stop_id': 'MH-L-5', 'trip_id': '8-1-20', 'agency_name': 'Unknown'}, {'duration': 30, 'departure_time': 15360, 'arrival_time': 15390, 'day': 'current_day', 'from_stop_id': 'MH-L-5', 'to_stop_id': 'MH-L-0', 'trip_id': 'walking', 'agency_name': 'Unknown'}, {'duration': 1500, 'departure_time': 16200, 'arrival_time': 17700, 'day': 'current_day', 'from_stop_id': 'MH-L-0', 'to_stop_id': 'MH-R-0', 'trip_id': '0-0-7', 'agency_name': 'Unknown'}, {'duration': 30, 'departure_time': 17700, 'arrival_time': 17730, 'day': 'current_day', 'from_stop_id': 'MH-R-0', 'to_stop_id': 'MH-R-1', 'trip_id': 'walking', 'agency_name': 'Unknown'}, {'duration': 570, 'departure_time': 17940, 'arrival_time': 18510, 'day': 'current_day', 'from_stop_id': 'MH-R-1', 'to_stop_id': '175-1', 'trip_id': '3-1-24', 'agency_name': 'Unknown'}]}"
89,164,9150,inter,left,192,[88],[182],500,375,1000,751,9525,9585.0,13110.0,13170.0,3525.0,4.0,88,182,,,pt,4771.0,13921.0,4771.0,"{'duration': 3525, 'source_transfer_time': 0, 'waiting_time': 45, 'trip_time': 3480, 'num_transfers': 4, 'departure_time': 9585, 'departure_day': 'current_day', 'arrival_time': 13110, 'arrival_day': 'current_day', 'steps': [{'duration': 330, 'departure_time': 9630, 'arrival_time': 9960, 'day': 'current_day', 'from_stop_id': '88-2', 'to_stop_id': 'MH-L-2', 'trip_id': '2-0-11', 'agency_name': 'Unknown'}, {'duration': 30, 'departure_time': 9960, 'arrival_time': 9990, 'day': 'current_day', 'from_stop_id': 'MH-L-2', 'to_stop_id': 'MH-L-0', 'trip_id': 'walking', 'agency_name': 'Unknown'}, {'duration': 1500, 'departure_time': 10800, 'arrival_time': 12300, 'day': 'current_day', 'from_stop_id': 'MH-L-0', 'to_stop_id': 'MH-R-0', 'trip_id': '0-0-4', 'agency_name': 'Unknown'}, {'duration': 30, 'departure_time': 12300, 'arrival_time': 12330, 'day': 'current_day', 'from_stop_id': 'MH-R-0', 'to_stop_id': 'MH-R-1', 'trip_id': 'walking', 'agency_name': 'Unknown'}, {'duration': 570, 'departure_time': 12540, 'arrival_time': 13110, 'day': 'current_day', 'from_stop_id': 'MH-R-1', 'to_stop_id': '182-1', 'trip_id': '3-0-15', 'agency_name': 'Unknown'}]}"
28,134,9060,inter,left,193,[27; 29; 39],[133; 145],500,375,500,375,9435,9495.0,13230.0,13290.0,3735.0,4.0,27,145,,,pt,4605.0,13665.0,4605.0,"{'duration': 3735, 'source_transfer_time': 0, 'waiting_time': 135, 'trip_time': 3600, 'num_transfers': 4, 'departure_time': 9495, 'departure_day': 'current_day', 'arrival_time': 13230, 'arrival_day': 'current_day', 'steps': [{'duration': 330, 'departure_time': 9630, 'arrival_time': 9960, 'day': 'current_day', 'from_stop_id': '27-2', 'to_stop_id': 'MH-L-2', 'trip_id': '2-1-11', 'agency_name': 'Unknown'}, {'duration': 30, 'departure_time': 9960, 'arrival_time': 9990, 'day': 'current_day', 'from_stop_id': 'MH-L-2', 'to_stop_id': 'MH-L-0', 'trip_id': 'walking', 'agency_name': 'Unknown'}, {'duration': 1500, 'departure_time': 10800, 'arrival_time': 12300, 'day': 'current_day', 'from_stop_id': 'MH-L-0', 'to_stop_id': 'MH-R-0', 'trip_id': '0-0-4', 'agency_name': 'Unknown'}, {'duration': 30, 'departure_time': 12300, 'arrival_time': 12330, 'day': 'current_day', 'from_stop_id': 'MH-R-0', 'to_stop_id': 'MH-R-4', 'trip_id': 'walking', 'agency_name': 'Unknown'}, {'duration': 690, 'departure_time': 12540, 'arrival_time': 13230, 'day': 'current_day', 'from_stop_id': 'MH-R-4', 'to_stop_id': '145-4', 'trip_id': '9-1-15', 'agency_name': 'Unknown'}]}"
4,181,11310,inter,left,194,[5],[181],500,375,0,0,11685,11745.0,14790.0,14850.0,3045.0,4.0,5,181,,,pt,3540.0,14850.0,3540.0,"{'duration': 3045, 'source_transfer_time': 0, 'waiting_time': 45, 'trip_time': 3000, 'num_transfers': 4, 'departure_time': 11745, 'departure_day': 'current_day', 'arrival_time': 14790, 'arrival_day': 'current_day', 'steps': [{'duration': 570, 'departure_time': 11790, 'arrival_time': 12360, 'day': 'current_day', 'from_stop_id': '5-2', 'to_stop_id': 'MH-L-2', 'trip_id': '2-1-15', 'agency_name': 'Unknown'}, {'duration': 30, 'departure_time': 12360, 'arrival_time': 12390, 'day': 'current_day', 'from_stop_id': 'MH-L-2', 'to_stop_id': 'MH-L-0', 'trip_id': 'walking', 'agency_name': 'Unknown'}, {'duration': 1500, 'departure_time': 12600, 'arrival_time': 14100, 'day': 'current_day', 'from_stop_id': 'MH-L-0', 'to_stop_id': 'MH-R-0', 'trip_id': '0-0-5', 'agency_name': 'Unknown'}, {'duration': 30, 'departure_time': 14100, 'arrival_time': 14130, 'day': 'current_day', 'from_stop_id': 'MH-R-0', 'to_stop_id': 'MH-R-1', 'trip_id': 'walking', 'agency_name': 'Unknown'}, {'duration': 450, 'departure_time': 14340, 'arrival_time': 14790, 'day': 'current_day', 'from_stop_id': 'MH-R-1', 'to_stop_id': '181-1', 'trip_id': '3-0-18', 'agency_name': 'Unknown'}]}"
21,142,10830,inter,left,195,[10; 20],[131; 141],500,375,500,375,11205,11265.0,15270.0,15330.0,4005.0,4.0,20,141,,,pt,4875.0,15705.0,4875.0,"{'duration': 4005, 'source_transfer_time': 0, 'waiting_time': 165, 'trip_time': 3840, 'num_transfers': 4, 'departure_time': 11265, 'departure_day': 'current_day', 'arrival_time': 15270, 'arrival_day': 'current_day', 'steps': [{'duration': 930, 'departure_time': 11430, 'arrival_time': 12360, 'day': 'current_day', 'from_stop_id': '20-5', 'to_stop_id': 'MH-L-5', 'trip_id': '8-0-15', 'agency_name': 'Unknown'}, {'duration': 30, 'departure_time': 12360, 'arrival_time': 12390, 'day': 'current_day', 'from_stop_id': 'MH-L-5', 'to_stop_id': 'MH-L-0', 'trip_id': 'walking', 'agency_name': 'Unknown'}, {'duration': 1500, 'departure_time': 12600, 'arrival_time': 14100, 'day': 'current_day', 'from_stop_id': 'MH-L-0', 'to_stop_id': 'MH-R-0', 'trip_id': '0-0-5', 'agency_name': 'Unknown'}, {'duration': 30, 'departure_time': 14100, 'arrival_time': 14130, 'day': 'current_day', 'from_stop_id': 'MH-R-0', 'to_stop_id': 'MH-R-5', 'trip_id': 'walking', 'agency_name': 'Unknown'}, {'duration': 930, 'departure_time': 14340, 'arrival_time': 15270, 'day': 'current_day', 'from_stop_id': 'MH-R-5', 'to_stop_id': '141-5', 'trip_id': '10-1-18', 'agency_name': 'Unknown'}]}"
12,150,10500,inter,left,196,[12],[150],0,0,0,0,10500,10560.0,14910.0,14970.0,4350.0,4.0,12,150,,,pt,4470.0,14970.0,4470.0,"{'duration': 4350, 'source_transfer_time': 0, 'waiting_time': 270, 'trip_time': 4080, 'num_transfers': 4, 'departure_time': 10560, 'departure_day': 'current_day', 'arrival_time': 14910, 'arrival_day': 'current_day', 'steps': [{'duration': 930, 'departure_time': 10830, 'arrival_time': 11760, 'day': 'current_day', 'from_stop_id': '12-4', 'to_stop_id': 'MH-L-4', 'trip_id': '7-0-14', 'agency_name': 'Unknown'}, {'duration': 30, 'departure_time': 11760, 'arrival_time': 11790, 'day': 'current_day', 'from_stop_id': 'MH-L-4', 'to_stop_id': 'MH-L-0', 'trip_id': 'walking', 'agency_name': 'Unknown'}, {'duration': 1500, 'departure_time': 12600, 'arrival_time': 14100, 'day': 'current_day', 'from_stop_id': 'MH-L-0', 'to_stop_id': 'MH-R-0', 'trip_id': '0-0-5', 'agency_name': 'Unknown'}, {'duration': 30, 'departure_time': 14100, 'arrival_time': 14130, 'day': 'current_day', 'from_stop_id': 'MH-R-0', 'to_stop_id': 'MH-R-5', 'trip_id': 'walking', 'agency_name': 'Unknown'}, {'duration': 570, 'departure_time': 14340, 'arrival_time': 14910, 'day': 'current_day', 'from_stop_id': 'MH-R-5', 'to_stop_id': '150-5', 'trip_id': '10-1-18', 'agency_name': 'Unknown'}]}"
59,175,8130,inter,left,197,[59],[175],0,0,0,0,8130,8190.0,11310.0,11370.0,3120.0,4.0,59,175,,,pt,3240.0,11370.0,3240.0,"{'duration': 3120, 'source_transfer_time': 0, 'waiting_time': 240, 'trip_time': 2880, 'num_transfers': 4, 'departure_time': 8190, 'departure_day': 'current_day', 'arrival_time': 11310, 'arrival_day': 'current_day', 'steps': [{'duration': 330, 'departure_time': 8430, 'arrival_time': 8760, 'day': 'current_day', 'from_stop_id': '59-1', 'to_stop_id': 'MH-L-1', 'trip_id': '1-1-9', 'agency_name': 'Unknown'}, {'duration': 30, 'departure_time': 8760, 'arrival_time': 8790, 'day': 'current_day', 'from_stop_id': 'MH-L-1', 'to_stop_id': 'MH-L-0', 'trip_id': 'walking', 'agency_name': 'Unknown'}, {'duration': 1500, 'departure_time': 9000, 'arrival_time': 10500, 'day': 'current_day', 'from_stop_id': 'MH-L-0', 'to_stop_id': 'MH-R-0', 'trip_id': '0-0-3', 'agency_name': 'Unknown'}, {'duration': 30, 'departure_time': 10500, 'arrival_time': 10530, 'day': 'current_day', 'from_stop_id': 'MH-R-0', 'to_stop_id': 'MH-R-1', 'trip_id': 'walking', 'agency_name': 'Unknown'}, {'duration': 570, 'departure_time': 10740, 'arrival_time': 11310, 'day': 'current_day', 'from_stop_id': 'MH-R-1', 'to_stop_id': '175-1', 'trip_id': '3-1-12', 'agency_name': 'Unknown'}]}"
103,211,7200,inter,left,198,[103],[200; 212],0,0,500,375,7200,7260.0,11190.0,11250.0,3930.0,4.0,103,200,,,pt,4425.0,11625.0,4425.0,"{'duration': 3930, 'source_transfer_time': 0, 'waiting_time': 570, 'trip_time': 3360, 'num_transfers': 4, 'departure_time': 7260, 'departure_day': 'current_day', 'arrival_time': 11190, 'arrival_day': 'current_day', 'steps': [{'duration': 930, 'departure_time': 7830, 'arrival_time': 8760, 'day': 'current_day', 'from_stop_id': '103-4', 'to_stop_id': 'MH-L-4', 'trip_id': '7-1-9', 'agency_name': 'Unknown'}, {'duration': 30, 'departure_time': 8760, 'arrival_time': 8790, 'day': 'current_day', 'from_stop_id': 'MH-L-4', 'to_stop_id': 'MH-L-0', 'trip_id': 'walking', 'agency_name': 'Unknown'}, {'duration': 1500, 'departure_time': 9000, 'arrival_time': 10500, 'day': 'current_day', 'from_stop_id': 'MH-L-0', 'to_stop_id': 'MH-R-0', 'trip_id': '0-0-3', 'agency_name': 'Unknown'}, {'duration': 30, 'departure_time': 10500, 'arrival_time': 10530, 'day': 'current_day', 'from_stop_id': 'MH-R-0', 'to_stop_id': 'MH-R-4', 'trip_id': 'walking', 'agency_name': 'Unknown'}, {'duration': 450, 'departure_time': 10740, 'arrival_time': 11190, 'day': 'current_day', 'from_stop_id': 'MH-R-4', 'to_stop_id': '200-4', 'trip_id': '9-0-12', 'agency_name': 'Unknown'}]}"
66,174,9030,inter,left,199,[66],[182],0,0,500,375,9030,9090.0,13110.0,13170.0,4020.0,4.0,66,182,,,pt,4515.0,13545.0,4515.0,"{'duration': 4020, 'source_transfer_time': 0, 'waiting_time': 60, 'trip_time': 3960, 'num_transfers': 4, 'departure_time': 9090, 'departure_day': 'current_day', 'arrival_time': 13110, 'arrival_day': 'current_day', 'steps': [{'duration': 210, 'departure_time': 9150, 'arrival_time': 9360, 'day': 'current_day', 'from_stop_id': '66-5', 'to_stop_id': 'MH-L-5', 'trip_id': '8-1-10', 'agency_name': 'Unknown'}, {'duration': 30, 'departure_time': 9360, 'arrival_time': 9390, 'day': 'current_day', 'from_stop_id': 'MH-L-5', 'to_stop_id': 'MH-L-0', 'trip_id': 'walking', 'agency_name': 'Unknown'}, {'duration': 1500, 'departure_time': 10800, 'arrival_time': 12300, 'day': 'current_day', 'from_stop_id': 'MH-L-0', 'to_stop_id': 'MH-R-0', 'trip_id': '0-0-4', 'agency_name': 'Unknown'}, {'duration': 30, 'departure_time': 12300, 'arrival_time': 12330, 'day': 'current_day', 'from_stop_id': 'MH-R-0', 'to_stop_id': 'MH-R-1', 'trip_id': 'walking', 'agency_name': 'Unknown'}, {'duration': 570, 'departure_time': 12540, 'arrival_time': 13110, 'day': 'current_day', 'from_stop_id': 'MH-R-1', 'to_stop_id': '182-1', 'trip_id': '3-0-15', 'agency_name': 'Unknown'}]}"
35,162,7200,inter,left,200,[35],[151; 161],0,0,500,375,7200,7260.0,11190.0,11250.0,3930.0,4.0,35,161,,,pt,4425.0,11625.0,4425.0,"{'duration': 3930, 'source_transfer_time': 0, 'waiting_time': 330, 'trip_time': 3600, 'num_transfers': 4, 'departure_time': 7260, 'departure_day': 'current_day', 'arrival_time': 11190, 'arrival_day': 'current_day', 'steps': [{'duration': 570, 'departure_time': 7590, 'arrival_time': 8160, 'day': 'current_day', 'from_stop_id': '35-4', 'to_stop_id': 'MH-L-4', 'trip_id': '7-0-8', 'agency_name': 'Unknown'}, {'duration': 30, 'departure_time': 8160, 'arrival_time': 8190, 'day': 'current_day', 'from_stop_id': 'MH-L-4', 'to_stop_id': 'MH-L-0', 'trip_id': 'walking', 'agency_name': 'Unknown'}, {'duration': 1500, 'departure_time': 9000, 'arrival_time': 10500, 'day': 'current_day', 'from_stop_id': 'MH-L-0', 'to_stop_id': 'MH-R-0', 'trip_id': '0-0-3', 'agency_name': 'Unknown'}, {'duration': 30, 'departure_time': 10500, 'arrival_time': 10530, 'day': 'current_day', 'from_stop_id': 'MH-R-0', 'to_stop_id': 'MH-R-5', 'trip_id': 'walking', 'agency_name': 'Unknown'}, {'duration': 450, 'departure_time': 10740, 'arrival_time': 11190, 'day': 'current_day', 'from_stop_id': 'MH-R-5', 'to_stop_id': '161-5', 'trip_id': '10-1-12', 'agency_name': 'Unknown'}]}"
28,177,12060,inter,left,201,[27; 29; 39],[177],500,375,0,0,12435,12495.0,16470.0,16530.0,3975.0,4.0,27,177,,,pt,4470.0,16530.0,4470.0,"{'duration': 3975, 'source_transfer_time': 0, 'waiting_time': 135, 'trip_time': 3840, 'num_transfers': 4, 'departure_time': 12495, 'departure_day': 'current_day', 'arrival_time': 16470, 'arrival_day': 'current_day', 'steps': [{'duration': 330, 'departure_time': 12630, 'arrival_time': 12960, 'day': 'current_day', 'from_stop_id': '27-2', 'to_stop_id': 'MH-L-2', 'trip_id': '2-1-16', 'agency_name': 'Unknown'}, {'duration': 30, 'departure_time': 12960, 'arrival_time': 12990, 'day': 'current_day', 'from_stop_id': 'MH-L-2', 'to_stop_id': 'MH-L-0', 'trip_id': 'walking', 'agency_name': 'Unknown'}, {'duration': 1500, 'departure_time': 14400, 'arrival_time': 15900, 'day': 'current_day', 'from_stop_id': 'MH-L-0', 'to_stop_id': 'MH-R-0', 'trip_id': '0-0-6', 'agency_name': 'Unknown'}, {'duration': 30, 'departure_time': 15900, 'arrival_time': 15930, 'day': 'current_day', 'from_stop_id': 'MH-R-0', 'to_stop_id': 'MH-R-1', 'trip_id': 'walking', 'agency_name': 'Unknown'}, {'duration': 330, 'departure_time': 16140, 'arrival_time': 16470, 'day': 'current_day', 'from_stop_id': 'MH-R-1', 'to_stop_id': '177-1', 'trip_id': '3-1-21', 'agency_name': 'Unknown'}]}"
82,208,5250,inter,left,202,[61; 80; 92; 104],[197; 207; 209],1000,751,500,375,6001,6061.0,9270.0,9330.0,3209.0,4.0,61,197,,,pt,4455.0,9705.0,4455.0,"{'duration': 3209, 'source_transfer_time': 0, 'waiting_time': 329, 'trip_time': 2880, 'num_transfers': 4, 'departure_time': 6061, 'departure_day': 'current_day', 'arrival_time': 9270, 'arrival_day': 'current_day', 'steps': [{'duration': 570, 'departure_time': 6390, 'arrival_time': 6960, 'day': 'current_day', 'from_stop_id': '61-1', 'to_stop_id': 'MH-L-1', 'trip_id': '1-1-6', 'agency_name': 'Unknown'}, {'duration': 30, 'departure_time': 6960, 'arrival_time': 6990, 'day': 'current_day', 'from_stop_id': 'MH-L-1', 'to_stop_id': 'MH-L-0', 'trip_id': 'walking', 'agency_name': 'Unknown'}, {'duration': 1500, 'departure_time': 7200, 'arrival_time': 8700, 'day': 'current_day', 'from_stop_id': 'MH-L-0', 'to_stop_id': 'MH-R-0', 'trip_id': '0-0-2', 'agency_name': 'Unknown'}, {'duration': 30, 'departure_time': 8700, 'arrival_time': 8730, 'day': 'current_day', 'from_stop_id': 'MH-R-0', 'to_stop_id': 'MH-R-5', 'trip_id': 'walking', 'agency_name': 'Unknown'}, {'duration': 330, 'departure_time': 8940, 'arrival_time': 9270, 'day': 'current_day', 'from_stop_id': 'MH-R-5', 'to_stop_id': '197-5', 'trip_id': '10-0-9', 'agency_name': 'Unknown'}]}"
59,127,13650,inter,left,203,[59],[126],0,0,500,375,13650,13710.0,16710.0,16770.0,3000.0,4.0,59,126,,,pt,3495.0,17145.0,3495.0,"{'duration': 3000, 'source_transfer_time': 0, 'waiting_time': 120, 'trip_time': 2880, 'num_transfers': 4, 'departure_time': 13710, 'departure_day': 'current_day', 'arrival_time': 16710, 'arrival_day': 'current_day', 'steps': [{'duration': 330, 'departure_time': 13830, 'arrival_time': 14160, 'day': 'current_day', 'from_stop_id': '59-1', 'to_stop_id': 'MH-L-1', 'trip_id': '1-1-18', 'agency_name': 'Unknown'}, {'duration': 30, 'departure_time': 14160, 'arrival_time': 14190, 'day': 'current_day', 'from_stop_id': 'MH-L-1', 'to_stop_id': 'MH-L-0', 'trip_id': 'walking', 'agency_name': 'Unknown'}, {'duration': 1500, 'departure_time': 14400, 'arrival_time': 15900, 'day': 'current_day', 'from_stop_id': 'MH-L-0', 'to_stop_id': 'MH-R-0', 'trip_id': '0-0-6', 'agency_name': 'Unknown'}, {'duration': 30, 'departure_time': 15900, 'arrival_time': 15930, 'day': 'current_day', 'from_stop_id': 'MH-R-0', 'to_stop_id': 'MH-R-2', 'trip_id': 'walking', 'agency_name': 'Unknown'}, {'duration': 570, 'departure_time': 16140, 'arrival_time': 16710, 'day': 'current_day', 'from_stop_id': 'MH-R-2', 'to_stop_id': '126-2', 'trip_id': '4-0-21', 'agency_name': 'Unknown'}]}"
33,147,11130,inter,left,204,[11; 23; 35; 54],[148],1000,751,500,375,11881,11941.0,16470.0,16530.0,4529.0,4.0,11,148,,,pt,5775.0,16905.0,5775.0,"{'duration': 4529, 'source_transfer_time': 0, 'waiting_time': 569, 'trip_time': 3960, 'num_transfers': 4, 'departure_time': 11941, 'departure_day': 'current_day', 'arrival_time': 16470, 'arrival_day': 'current_day', 'steps': [{'duration': 1050, 'departure_time': 12510, 'arrival_time': 13560, 'day': 'current_day', 'from_stop_id': '11-4', 'to_stop_id': 'MH-L-4', 'trip_id': '7-0-17', 'agency_name': 'Unknown'}, {'duration': 30, 'departure_time': 13560, 'arrival_time': 13590, 'day': 'current_day', 'from_stop_id': 'MH-L-4', 'to_stop_id': 'MH-L-0', 'trip_id': 'walking', 'agency_name': 'Unknown'}, {'duration': 1500, 'departure_time': 14400, 'arrival_time': 15900, 'day': 'current_day', 'from_stop_id': 'MH-L-0', 'to_stop_id': 'MH-R-0', 'trip_id': '0-0-6', 'agency_name': 'Unknown'}, {'duration': 30, 'departure_time': 15900, 'arrival_time': 15930, 'day': 'current_day', 'from_stop_id': 'MH-R-0', 'to_stop_id': 'MH-R-2', 'trip_id': 'walking', 'agency_name': 'Unknown'}, {'duration': 330, 'departure_time': 16140, 'arrival_time': 16470, 'day': 'current_day', 'from_stop_id': 'MH-R-2', 'to_stop_id': '148-2', 'trip_id': '4-0-21', 'agency_name': 'Unknown'}]}"
75,188,14280,inter,left,205,[75],[188],0,0,0,0,14280,14340.0,18150.0,18210.0,3810.0,4.0,75,188,,,pt,3930.0,18210.0,3930.0,"{'duration': 3810, 'source_transfer_time': 0, 'waiting_time': 570, 'trip_time': 3240, 'num_transfers': 4, 'departure_time': 14340, 'departure_day': 'current_day', 'arrival_time': 18150, 'arrival_day': 'current_day', 'steps': [{'duration': 450, 'departure_time': 14910, 'arrival_time': 15360, 'day': 'current_day', 'from_stop_id': '75-5', 'to_stop_id': 'MH-L-5', 'trip_id': '8-1-20', 'agency_name': 'Unknown'}, {'duration': 30, 'departure_time': 15360, 'arrival_time': 15390, 'day': 'current_day', 'from_stop_id': 'MH-L-5', 'to_stop_id': 'MH-L-0', 'trip_id': 'walking', 'agency_name': 'Unknown'}, {'duration': 1500, 'departure_time': 16200, 'arrival_time': 17700, 'day': 'current_day', 'from_stop_id': 'MH-L-0', 'to_stop_id': 'MH-R-0', 'trip_id': '0-0-7', 'agency_name': 'Unknown'}, {'duration': 30, 'departure_time': 17700, 'arrival_time': 17730, 'day': 'current_day', 'from_stop_id': 'MH-R-0', 'to_stop_id': 'MH-R-4', 'trip_id': 'walking', 'agency_name': 'Unknown'}, {'duration': 210, 'departure_time': 17940, 'arrival_time': 18150, 'day': 'current_day', 'from_stop_id': 'MH-R-4', 'to_stop_id': '188-4', 'trip_id': '9-0-24', 'agency_name': 'Unknown'}]}"
95,187,6780,inter,left,206,[95],[187],0,0,0,0,6780,6840.0,10950.0,11010.0,4110.0,4.0,95,187,,,pt,4230.0,11010.0,4230.0,"{'duration': 4110, 'source_transfer_time': 0, 'waiting_time': 390, 'trip_time': 3720, 'num_transfers': 4, 'departure_time': 6840, 'departure_day': 'current_day', 'arrival_time': 10950, 'arrival_day': 'current_day', 'steps': [{'duration': 930, 'departure_time': 7230, 'arrival_time': 8160, 'day': 'current_day', 'from_stop_id': '95-5', 'to_stop_id': 'MH-L-5', 'trip_id': '8-1-8', 'agency_name': 'Unknown'}, {'duration': 30, 'departure_time': 8160, 'arrival_time': 8190, 'day': 'current_day', 'from_stop_id': 'MH-L-5', 'to_stop_id': 'MH-L-0', 'trip_id': 'walking', 'agency_name': 'Unknown'}, {'duration': 1500, 'departure_time': 9000, 'arrival_time': 10500, 'day': 'current_day', 'from_stop_id': 'MH-L-0', 'to_stop_id': 'MH-R-0', 'trip_id': '0-0-3', 'agency_name': 'Unknown'}, {'duration': 30, 'departure_time': 10500, 'arrival_time': 10530, 'day': 'current_day', 'from_stop_id': 'MH-R-0', 'to_stop_id': 'MH-R-5', 'trip_id': 'walking', 'agency_name': 'Unknown'}, {'duration': 210, 'departure_time': 10740, 'arrival_time': 10950, 'day': 'current_day', 'from_stop_id': 'MH-R-5', 'to_stop_id': '187-5', 'trip_id': '10-0-12', 'agency_name': 'Unknown'}]}"
96,154,5910,inter,left,207,[96],[132; 144; 156; 175],0,0,1000,751,5910,5970.0,9510.0,9570.0,3540.0,4.0,96,156,,,pt,4411.0,10321.0,4411.0,"{'duration': 3540, 'source_transfer_time': 0, 'waiting_time': 180, 'trip_time': 3360, 'num_transfers': 4, 'departure_time': 5970, 'departure_day': 'current_day', 'arrival_time': 9510, 'arrival_day': 'current_day', 'steps': [{'duration': 810, 'departure_time': 6150, 'arrival_time': 6960, 'day': 'current_day', 'from_stop_id': '96-5', 'to_stop_id': 'MH-L-5', 'trip_id': '8-1-6', 'agency_name': 'Unknown'}, {'duration': 30, 'departure_time': 6960, 'arrival_time': 6990, 'day': 'current_day', 'from_stop_id': 'MH-L-5', 'to_stop_id': 'MH-L-0', 'trip_id': 'walking', 'agency_name': 'Unknown'}, {'duration': 1500, 'departure_time': 7200, 'arrival_time': 8700, 'day': 'current_day', 'from_stop_id': 'MH-L-0', 'to_stop_id': 'MH-R-0', 'trip_id': '0-0-2', 'agency_name': 'Unknown'}, {'duration': 30, 'departure_time': 8700, 'arrival_time': 8730, 'day': 'current_day', 'from_stop_id': 'MH-R-0', 'to_stop_id': 'MH-R-4', 'trip_id': 'walking', 'agency_name': 'Unknown'}, {'duration': 570, 'departure_time': 8940, 'arrival_time': 9510, 'day': 'current_day', 'from_stop_id': 'MH-R-4', 'to_stop_id': '156-4', 'trip_id': '9-1-9', 'agency_name': 'Unknown'}]}"
37,231,13050,inter,left,208,[36; 38; 48],[231],500,375,0,0,13425,13485.0,16710.0,16770.0,3225.0,4.0,36,231,,,pt,3720.0,16770.0,3720.0,"{'duration': 3225, 'source_transfer_time': 0, 'waiting_time': 225, 'trip_time': 3000, 'num_transfers': 4, 'departure_time': 13485, 'departure_day': 'current_day', 'arrival_time': 16710, 'arrival_day': 'current_day', 'steps': [{'duration': 450, 'departure_time': 13710, 'arrival_time': 14160, 'day': 'current_day', 'from_stop_id': '36-4', 'to_stop_id': 'MH-L-4', 'trip_id': '7-0-18', 'agency_name': 'Unknown'}, {'duration': 30, 'departure_time': 14160, 'arrival_time': 14190, 'day': 'current_day', 'from_stop_id': 'MH-L-4', 'to_stop_id': 'MH-L-0', 'trip_id': 'walking', 'agency_name': 'Unknown'}, {'duration': 1500, 'departure_time': 14400, 'arrival_time': 15900, 'day': 'current_day', 'from_stop_id': 'MH-L-0', 'to_stop_id': 'MH-R-0', 'trip_id': '0-0-6', 'agency_name': 'Unknown'}, {'duration': 30, 'departure_time': 15900, 'arrival_time': 15930, 'day': 'current_day', 'from_stop_id': 'MH-R-0', 'to_stop_id': 'MH-R-2', 'trip_id': 'walking', 'agency_name': 'Unknown'}, {'duration': 570, 'departure_time': 16140, 'arrival_time': 16710, 'day': 'current_day', 'from_stop_id': 'MH-R-2', 'to_stop_id': '231-2', 'trip_id': '4-1-21', 'agency_name': 'Unknown'}]}"
49,154,5280,inter,left,209,[49],[132; 144; 156; 175],0,0,1000,751,5280,5340.0,9510.0,9570.0,4170.0,4.0,49,156,,,pt,5041.0,10321.0,5041.0,"{'duration': 4170, 'source_transfer_time': 0, 'waiting_time': 210, 'trip_time': 3960, 'num_transfers': 4, 'departure_time': 5340, 'departure_day': 'current_day', 'arrival_time': 9510, 'arrival_day': 'current_day', 'steps': [{'duration': 210, 'departure_time': 5550, 'arrival_time': 5760, 'day': 'current_day', 'from_stop_id': '49-5', 'to_stop_id': 'MH-L-5', 'trip_id': '8-0-4', 'agency_name': 'Unknown'}, {'duration': 30, 'departure_time': 5760, 'arrival_time': 5790, 'day': 'current_day', 'from_stop_id': 'MH-L-5', 'to_stop_id': 'MH-L-0', 'trip_id': 'walking', 'agency_name': 'Unknown'}, {'duration': 1500, 'departure_time': 7200, 'arrival_time': 8700, 'day': 'current_day', 'from_stop_id': 'MH-L-0', 'to_stop_id': 'MH-R-0', 'trip_id': '0-0-2', 'agency_name': 'Unknown'}, {'duration': 30, 'departure_time': 8700, 'arrival_time': 8730, 'day': 'current_day', 'from_stop_id': 'MH-R-0', 'to_stop_id': 'MH-R-4', 'trip_id': 'walking', 'agency_name': 'Unknown'}, {'duration': 570, 'departure_time': 8940, 'arrival_time': 9510, 'day': 'current_day', 'from_stop_id': 'MH-R-4', 'to_stop_id': '156-4', 'trip_id': '9-1-9', 'agency_name': 'Unknown'}]}"
17,232,3990,inter,left,210,[16],[231],500,375,500,375,4365,4425.0,7710.0,7770.0,3285.0,4.0,16,231,,,pt,4155.0,8145.0,4155.0,"{'duration': 3285, 'source_transfer_time': 0, 'waiting_time': 285, 'trip_time': 3000, 'num_transfers': 4, 'departure_time': 4425, 'departure_day': 'current_day', 'arrival_time': 7710, 'arrival_day': 'current_day', 'steps': [{'duration': 450, 'departure_time': 4710, 'arrival_time': 5160, 'day': 'current_day', 'from_stop_id': '16-2', 'to_stop_id': 'MH-L-2', 'trip_id': '2-1-3', 'agency_name': 'Unknown'}, {'duration': 30, 'departure_time': 5160, 'arrival_time': 5190, 'day': 'current_day', 'from_stop_id': 'MH-L-2', 'to_stop_id': 'MH-L-0', 'trip_id': 'walking', 'agency_name': 'Unknown'}, {'duration': 1500, 'departure_time': 5400, 'arrival_time': 6900, 'day': 'current_day', 'from_stop_id': 'MH-L-0', 'to_stop_id': 'MH-R-0', 'trip_id': '0-0-1', 'agency_name': 'Unknown'}, {'duration': 30, 'departure_time': 6900, 'arrival_time': 6930, 'day': 'current_day', 'from_stop_id': 'MH-R-0', 'to_stop_id': 'MH-R-2', 'trip_id': 'walking', 'agency_name': 'Unknown'}, {'duration': 570, 'departure_time': 7140, 'arrival_time': 7710, 'day': 'current_day', 'from_stop_id': 'MH-R-2', 'to_stop_id': '231-2', 'trip_id': '4-1-6', 'agency_name': 'Unknown'}]}"
54,189,7080,inter,left,211,[54],[189],0,0,0,0,7080,7140.0,11070.0,11130.0,3930.0,4.0,54,189,,,pt,4050.0,11130.0,4050.0,"{'duration': 3930, 'source_transfer_time': 0, 'waiting_time': 450, 'trip_time': 3480, 'num_transfers': 4, 'departure_time': 7140, 'departure_day': 'current_day', 'arrival_time': 11070, 'arrival_day': 'current_day', 'steps': [{'duration': 570, 'departure_time': 7590, 'arrival_time': 8160, 'day': 'current_day', 'from_stop_id': '54-1', 'to_stop_id': 'MH-L-1', 'trip_id': '1-0-8', 'agency_name': 'Unknown'}, {'duration': 30, 'departure_time': 8160, 'arrival_time': 8190, 'day': 'current_day', 'from_stop_id': 'MH-L-1', 'to_stop_id': 'MH-L-0', 'trip_id': 'walking', 'agency_name': 'Unknown'}, {'duration': 1500, 'departure_time': 9000, 'arrival_time': 10500, 'day': 'current_day', 'from_stop_id': 'MH-L-0', 'to_stop_id': 'MH-R-0', 'trip_id': '0-0-3', 'agency_name': 'Unknown'}, {'duration': 30, 'departure_time': 10500, 'arrival_time': 10530, 'day': 'current_day', 'from_stop_id': 'MH-R-0', 'to_stop_id': 'MH-R-4', 'trip_id': 'walking', 'agency_name': 'Unknown'}, {'duration': 330, 'departure_time': 10740, 'arrival_time': 11070, 'day': 'current_day', 'from_stop_id': 'MH-R-4', 'to_stop_id': '189-4', 'trip_id': '9-0-12', 'agency_name': 'Unknown'}]}"
22,210,13260,inter,left,212,[11; 23],[209],500,375,500,375,13635,13695.0,18270.0,18330.0,4575.0,4.0,11,209,,,pt,5445.0,18705.0,5445.0,"{'duration': 4575, 'source_transfer_time': 0, 'waiting_time': 15, 'trip_time': 4560, 'num_transfers': 4, 'departure_time': 13695, 'departure_day': 'current_day', 'arrival_time': 18270, 'arrival_day': 'current_day', 'steps': [{'duration': 1050, 'departure_time': 13710, 'arrival_time': 14760, 'day': 'current_day', 'from_stop_id': '11-4', 'to_stop_id': 'MH-L-4', 'trip_id': '7-0-19', 'agency_name': 'Unknown'}, {'duration': 30, 'departure_time': 14760, 'arrival_time': 14790, 'day': 'current_day', 'from_stop_id': 'MH-L-4', 'to_stop_id': 'MH-L-0', 'trip_id': 'walking', 'agency_name': 'Unknown'}, {'duration': 1500, 'departure_time': 16200, 'arrival_time': 17700, 'day': 'current_day', 'from_stop_id': 'MH-L-0', 'to_stop_id': 'MH-R-0', 'trip_id': '0-0-7', 'agency_name': 'Unknown'}, {'duration': 30, 'departure_time': 17700, 'arrival_time': 17730, 'day': 'current_day', 'from_stop_id': 'MH-R-0', 'to_stop_id': 'MH-R-2', 'trip_id': 'walking', 'agency_name': 'Unknown'}, {'duration': 330, 'departure_time': 17940, 'arrival_time': 18270, 'day': 'current_day', 'from_stop_id': 'MH-R-2', 'to_stop_id': '209-2', 'trip_id': '4-1-24', 'agency_name': 'Unknown'}]}"
105,234,5370,inter,left,213,[105],[212; 224; 236],0,0,1000,751,5370,5430.0,9630.0,9690.0,4200.0,4.0,105,212,,,pt,5071.0,10441.0,5071.0,"{'duration': 4200, 'source_transfer_time': 0, 'waiting_time': 360, 'trip_time': 3840, 'num_transfers': 4, 'departure_time': 5430, 'departure_day': 'current_day', 'arrival_time': 9630, 'arrival_day': 'current_day', 'steps': [{'duration': 1170, 'departure_time': 5790, 'arrival_time': 6960, 'day': 'current_day', 'from_stop_id': '105-5', 'to_stop_id': 'MH-L-5', 'trip_id': '8-1-6', 'agency_name': 'Unknown'}, {'duration': 30, 'departure_time': 6960, 'arrival_time': 6990, 'day': 'current_day', 'from_stop_id': 'MH-L-5', 'to_stop_id': 'MH-L-0', 'trip_id': 'walking', 'agency_name': 'Unknown'}, {'duration': 1500, 'departure_time': 7200, 'arrival_time': 8700, 'day': 'current_day', 'from_stop_id': 'MH-L-0', 'to_stop_id': 'MH-R-0', 'trip_id': '0-0-2', 'agency_name': 'Unknown'}, {'duration': 30, 'departure_time': 8700, 'arrival_time': 8730, 'day': 'current_day', 'from_stop_id': 'MH-R-0', 'to_stop_id': 'MH-R-4', 'trip_id': 'walking', 'agency_name': 'Unknown'}, {'duration': 690, 'departure_time': 8940, 'arrival_time': 9630, 'day': 'current_day', 'from_stop_id': 'MH-R-4', 'to_stop_id': '212-4', 'trip_id': '9-0-9', 'agency_name': 'Unknown'}]}"
17,170,12180,inter,left,214,[16],[170],500,375,0,0,12555,12615.0,16350.0,16410.0,3735.0,4.0,16,170,,,pt,4230.0,16410.0,4230.0,"{'duration': 3735, 'source_transfer_time': 0, 'waiting_time': 495, 'trip_time': 3240, 'num_transfers': 4, 'departure_time': 12615, 'departure_day': 'current_day', 'arrival_time': 16350, 'arrival_day': 'current_day', 'steps': [{'duration': 450, 'departure_time': 13110, 'arrival_time': 13560, 'day': 'current_day', 'from_stop_id': '16-2', 'to_stop_id': 'MH-L-2', 'trip_id': '2-1-17', 'agency_name': 'Unknown'}, {'duration': 30, 'departure_time': 13560, 'arrival_time': 13590, 'day': 'current_day', 'from_stop_id': 'MH-L-2', 'to_stop_id': 'MH-L-0', 'trip_id': 'walking', 'agency_name': 'Unknown'}, {'duration': 1500, 'departure_time': 14400, 'arrival_time': 15900, 'day': 'current_day', 'from_stop_id': 'MH-L-0', 'to_stop_id': 'MH-R-0', 'trip_id': '0-0-6', 'agency_name': 'Unknown'}, {'duration': 30, 'departure_time': 15900, 'arrival_time': 15930, 'day': 'current_day', 'from_stop_id': 'MH-R-0', 'to_stop_id': 'MH-R-5', 'trip_id': 'walking', 'agency_name': 'Unknown'}, {'duration': 210, 'departure_time': 16140, 'arrival_time': 16350, 'day': 'current_day', 'from_stop_id': 'MH-R-5', 'to_stop_id': '170-5', 'trip_id': '10-1-21', 'agency_name': 'Unknown'}]}"
60,216,10500,inter,left,215,[60],[216],0,0,0,0,10500,10560.0,15270.0,15330.0,4710.0,4.0,60,216,,,pt,4830.0,15330.0,4830.0,"{'duration': 4710, 'source_transfer_time': 0, 'waiting_time': 150, 'trip_time': 4560, 'num_transfers': 4, 'departure_time': 10560, 'departure_day': 'current_day', 'arrival_time': 15270, 'arrival_day': 'current_day', 'steps': [{'duration': 450, 'departure_time': 10710, 'arrival_time': 11160, 'day': 'current_day', 'from_stop_id': '60-1', 'to_stop_id': 'MH-L-1', 'trip_id': '1-1-13', 'agency_name': 'Unknown'}, {'duration': 30, 'departure_time': 11160, 'arrival_time': 11190, 'day': 'current_day', 'from_stop_id': 'MH-L-1', 'to_stop_id': 'MH-L-0', 'trip_id': 'walking', 'agency_name': 'Unknown'}, {'duration': 1500, 'departure_time': 12600, 'arrival_time': 14100, 'day': 'current_day', 'from_stop_id': 'MH-L-0', 'to_stop_id': 'MH-R-0', 'trip_id': '0-0-5', 'agency_name': 'Unknown'}, {'duration': 30, 'departure_time': 14100, 'arrival_time': 14130, 'day': 'current_day', 'from_stop_id': 'MH-R-0', 'to_stop_id': 'MH-R-5', 'trip_id': 'walking', 'agency_name': 'Unknown'}, {'duration': 930, 'departure_time': 14340, 'arrival_time': 15270, 'day': 'current_day', 'from_stop_id': 'MH-R-5', 'to_stop_id': '216-5', 'trip_id': '10-0-18', 'agency_name': 'Unknown'}]}"
63,145,12330,inter,left,216,[55],[145],500,375,0,0,12705,12765.0,16830.0,16890.0,4065.0,4.0,55,145,,,pt,4560.0,16890.0,4560.0,"{'duration': 4065, 'source_transfer_time': 0, 'waiting_time': 345, 'trip_time': 3720, 'num_transfers': 4, 'departure_time': 12765, 'departure_day': 'current_day', 'arrival_time': 16830, 'arrival_day': 'current_day', 'steps': [{'duration': 450, 'departure_time': 13110, 'arrival_time': 13560, 'day': 'current_day', 'from_stop_id': '55-1', 'to_stop_id': 'MH-L-1', 'trip_id': '1-0-17', 'agency_name': 'Unknown'}, {'duration': 30, 'departure_time': 13560, 'arrival_time': 13590, 'day': 'current_day', 'from_stop_id': 'MH-L-1', 'to_stop_id': 'MH-L-0', 'trip_id': 'walking', 'agency_name': 'Unknown'}, {'duration': 1500, 'departure_time': 14400, 'arrival_time': 15900, 'day': 'current_day', 'from_stop_id': 'MH-L-0', 'to_stop_id': 'MH-R-0', 'trip_id': '0-0-6', 'agency_name': 'Unknown'}, {'duration': 30, 'departure_time': 15900, 'arrival_time': 15930, 'day': 'current_day', 'from_stop_id': 'MH-R-0', 'to_stop_id': 'MH-R-4', 'trip_id': 'walking', 'agency_name': 'Unknown'}, {'duration': 690, 'departure_time': 16140, 'arrival_time': 16830, 'day': 'current_day', 'from_stop_id': 'MH-R-4', 'to_stop_id': '145-4', 'trip_id': '9-1-21', 'agency_name': 'Unknown'}]}"
82,195,10470,inter,left,217,[61; 80; 92; 104],[196; 206],1000,751,500,375,11221,11281.0,14790.0,14850.0,3509.0,4.0,61,196,,,pt,4755.0,15225.0,4755.0,"{'duration': 3509, 'source_transfer_time': 0, 'waiting_time': 509, 'trip_time': 3000, 'num_transfers': 4, 'departure_time': 11281, 'departure_day': 'current_day', 'arrival_time': 14790, 'arrival_day': 'current_day', 'steps': [{'duration': 570, 'departure_time': 11790, 'arrival_time': 12360, 'day': 'current_day', 'from_stop_id': '61-1', 'to_stop_id': 'MH-L-1', 'trip_id': '1-1-15', 'agency_name': 'Unknown'}, {'duration': 30, 'departure_time': 12360, 'arrival_time': 12390, 'day': 'current_day', 'from_stop_id': 'MH-L-1', 'to_stop_id': 'MH-L-0', 'trip_id': 'walking', 'agency_name': 'Unknown'}, {'duration': 1500, 'departure_time': 12600, 'arrival_time': 14100, 'day': 'current_day', 'from_stop_id': 'MH-L-0', 'to_stop_id': 'MH-R-0', 'trip_id': '0-0-5', 'agency_name': 'Unknown'}, {'duration': 30, 'departure_time': 14100, 'arrival_time': 14130, 'day': 'current_day', 'from_stop_id': 'MH-R-0', 'to_stop_id': 'MH-R-5', 'trip_id': 'walking', 'agency_name': 'Unknown'}, {'duration': 450, 'departure_time': 14340, 'arrival_time': 14790, 'day': 'current_day', 'from_stop_id': 'MH-R-5', 'to_stop_id': '196-5', 'trip_id': '10-0-18', 'agency_name': 'Unknown'}]}"
105,156,10830,inter,left,218,[105],[156],0,0,0,0,10830,10890.0,14910.0,14970.0,4020.0,4.0,105,156,,,pt,4140.0,14970.0,4140.0,"{'duration': 4020, 'source_transfer_time': 0, 'waiting_time': 300, 'trip_time': 3720, 'num_transfers': 4, 'departure_time': 10890, 'departure_day': 'current_day', 'arrival_time': 14910, 'arrival_day': 'current_day', 'steps': [{'duration': 1170, 'departure_time': 11190, 'arrival_time': 12360, 'day': 'current_day', 'from_stop_id': '105-5', 'to_stop_id': 'MH-L-5', 'trip_id': '8-1-15', 'agency_name': 'Unknown'}, {'duration': 30, 'departure_time': 12360, 'arrival_time': 12390, 'day': 'current_day', 'from_stop_id': 'MH-L-5', 'to_stop_id': 'MH-L-0', 'trip_id': 'walking', 'agency_name': 'Unknown'}, {'duration': 1500, 'departure_time': 12600, 'arrival_time': 14100, 'day': 'current_day', 'from_stop_id': 'MH-L-0', 'to_stop_id': 'MH-R-0', 'trip_id': '0-0-5', 'agency_name': 'Unknown'}, {'duration': 30, 'departure_time': 14100, 'arrival_time': 14130, 'day': 'current_day', 'from_stop_id': 'MH-R-0', 'to_stop_id': 'MH-R-4', 'trip_id': 'walking', 'agency_name': 'Unknown'}, {'duration': 570, 'departure_time': 14340, 'arrival_time': 14910, 'day': 'current_day', 'from_stop_id': 'MH-R-4', 'to_stop_id': '156-4', 'trip_id': '9-1-18', 'agency_name': 'Unknown'}]}"
99,203,13950,inter,left,219,[99],[182; 201; 213; 225],0,0,1000,751,13950,14010.0,18510.0,18570.0,4500.0,4.0,99,182,,,pt,5371.0,19321.0,5371.0,"{'duration': 4500, 'source_transfer_time': 0, 'waiting_time': 300, 'trip_time': 4200, 'num_transfers': 4, 'departure_time': 14010, 'departure_day': 'current_day', 'arrival_time': 18510, 'arrival_day': 'current_day', 'steps': [{'duration': 450, 'departure_time': 14310, 'arrival_time': 14760, 'day': 'current_day', 'from_stop_id': '99-2', 'to_stop_id': 'MH-L-2', 'trip_id': '2-0-19', 'agency_name': 'Unknown'}, {'duration': 30, 'departure_time': 14760, 'arrival_time': 14790, 'day': 'current_day', 'from_stop_id': 'MH-L-2', 'to_stop_id': 'MH-L-0', 'trip_id': 'walking', 'agency_name': 'Unknown'}, {'duration': 1500, 'departure_time': 16200, 'arrival_time': 17700, 'day': 'current_day', 'from_stop_id': 'MH-L-0', 'to_stop_id': 'MH-R-0', 'trip_id': '0-0-7', 'agency_name': 'Unknown'}, {'duration': 30, 'departure_time': 17700, 'arrival_time': 17730, 'day': 'current_day', 'from_stop_id': 'MH-R-0', 'to_stop_id': 'MH-R-1', 'trip_id': 'walking', 'agency_name': 'Unknown'}, {'duration': 570, 'departure_time': 17940, 'arrival_time': 18510, 'day': 'current_day', 'from_stop_id': 'MH-R-1', 'to_stop_id': '182-1', 'trip_id': '3-0-24', 'agency_name': 'Unknown'}]}"
108,132,6810,inter,left,220,[86; 96; 106; 110],[132],1000,751,0,0,7561,7621.0,11790.0,11850.0,4169.0,4.0,86,132,,,pt,5040.0,11850.0,5040.0,"{'duration': 4169, 'source_transfer_time': 0, 'waiting_time': 569, 'trip_time': 3600, 'num_transfers': 4, 'departure_time': 7621, 'departure_day': 'current_day', 'arrival_time': 11790, 'arrival_day': 'current_day', 'steps': [{'duration': 570, 'departure_time': 8190, 'arrival_time': 8760, 'day': 'current_day', 'from_stop_id': '86-5', 'to_stop_id': 'MH-L-5', 'trip_id': '8-1-9', 'agency_name': 'Unknown'}, {'duration': 30, 'departure_time': 8760, 'arrival_time': 8790, 'day': 'current_day', 'from_stop_id': 'MH-L-5', 'to_stop_id': 'MH-L-0', 'trip_id': 'walking', 'agency_name': 'Unknown'}, {'duration': 1500, 'departure_time': 9000, 'arrival_time': 10500, 'day': 'current_day', 'from_stop_id': 'MH-L-0', 'to_stop_id': 'MH-R-0', 'trip_id': '0-0-3', 'agency_name': 'Unknown'}, {'duration': 30, 'departure_time': 10500, 'arrival_time': 10530, 'day': 'current_day', 'from_stop_id': 'MH-R-0', 'to_stop_id': 'MH-R-4', 'trip_id': 'walking', 'agency_name': 'Unknown'}, {'duration': 1050, 'departure_time': 10740, 'arrival_time': 11790, 'day': 'current_day', 'from_stop_id': 'MH-R-4', 'to_stop_id': '132-4', 'trip_id': '9-1-12', 'agency_name': 'Unknown'}]}"
12,140,7530,inter,left,221,[12],[140],0,0,0,0,7530,7590.0,11550.0,11610.0,3960.0,4.0,12,140,,,pt,4080.0,11610.0,4080.0,"{'duration': 3960, 'source_transfer_time': 0, 'waiting_time': 240, 'trip_time': 3720, 'num_transfers': 4, 'departure_time': 7590, 'departure_day': 'current_day', 'arrival_time': 11550, 'arrival_day': 'current_day', 'steps': [{'duration': 930, 'departure_time': 7830, 'arrival_time': 8760, 'day': 'current_day', 'from_stop_id': '12-4', 'to_stop_id': 'MH-L-4', 'trip_id': '7-0-9', 'agency_name': 'Unknown'}, {'duration': 30, 'departure_time': 8760, 'arrival_time': 8790, 'day': 'current_day', 'from_stop_id': 'MH-L-4', 'to_stop_id': 'MH-L-0', 'trip_id': 'walking', 'agency_name': 'Unknown'}, {'duration': 1500, 'departure_time': 9000, 'arrival_time': 10500, 'day': 'current_day', 'from_stop_id': 'MH-L-0', 'to_stop_id': 'MH-R-0', 'trip_id': '0-0-3', 'agency_name': 'Unknown'}, {'duration': 30, 'departure_time': 10500, 'arrival_time': 10530, 'day': 'current_day', 'from_stop_id': 'MH-R-0', 'to_stop_id': 'MH-R-5', 'trip_id': 'walking', 'agency_name': 'Unknown'}, {'duration': 810, 'departure_time': 10740, 'arrival_time': 11550, 'day': 'current_day', 'from_stop_id': 'MH-R-5', 'to_stop_id': '140-5', 'trip_id': '10-1-12', 'agency_name': 'Unknown'}]}"
55,154,7050,inter,left,222,[55],[132; 144; 156; 175],0,0,1000,751,7050,7110.0,11310.0,11370.0,4200.0,4.0,55,156,,,pt,5071.0,12121.0,5071.0,"{'duration': 4200, 'source_transfer_time': 0, 'waiting_time': 0, 'trip_time': 4200, 'num_transfers': 4, 'departure_time': 7110, 'departure_day': 'current_day', 'arrival_time': 11310, 'arrival_day': 'current_day', 'steps': [{'duration': 450, 'departure_time': 7110, 'arrival_time': 7560, 'day': 'current_day', 'from_stop_id': '55-1', 'to_stop_id': 'MH-L-1', 'trip_id': '1-0-7', 'agency_name': 'Unknown'}, {'duration': 30, 'departure_time': 7560, 'arrival_time': 7590, 'day': 'current_day', 'from_stop_id': 'MH-L-1', 'to_stop_id': 'MH-L-0', 'trip_id': 'walking', 'agency_name': 'Unknown'}, {'duration': 1500, 'departure_time': 9000, 'arrival_time': 10500, 'day': 'current_day', 'from_stop_id': 'MH-L-0', 'to_stop_id': 'MH-R-0', 'trip_id': '0-0-3', 'agency_name': 'Unknown'}, {'duration': 30, 'departure_time': 10500, 'arrival_time': 10530, 'day': 'current_day', 'from_stop_id': 'MH-R-0', 'to_stop_id': 'MH-R-4', 'trip_id': 'walking', 'agency_name': 'Unknown'}, {'duration': 570, 'departure_time': 10740, 'arrival_time': 11310, 'day': 'current_day', 'from_stop_id': 'MH-R-4', 'to_stop_id': '156-4', 'trip_id': '9-1-12', 'agency_name': 'Unknown'}]}"
78,140,9030,inter,left,223,[67; 77; 79],[140],500,375,0,0,9405,9465.0,13350.0,13410.0,3885.0,4.0,67,140,,,pt,4380.0,13410.0,4380.0,"{'duration': 3885, 'source_transfer_time': 0, 'waiting_time': 285, 'trip_time': 3600, 'num_transfers': 4, 'departure_time': 9465, 'departure_day': 'current_day', 'arrival_time': 13350, 'arrival_day': 'current_day', 'steps': [{'duration': 210, 'departure_time': 9750, 'arrival_time': 9960, 'day': 'current_day', 'from_stop_id': '67-4', 'to_stop_id': 'MH-L-4', 'trip_id': '7-1-11', 'agency_name': 'Unknown'}, {'duration': 30, 'departure_time': 9960, 'arrival_time': 9990, 'day': 'current_day', 'from_stop_id': 'MH-L-4', 'to_stop_id': 'MH-L-0', 'trip_id': 'walking', 'agency_name': 'Unknown'}, {'duration': 1500, 'departure_time': 10800, 'arrival_time': 12300, 'day': 'current_day', 'from_stop_id': 'MH-L-0', 'to_stop_id': 'MH-R-0', 'trip_id': '0-0-4', 'agency_name': 'Unknown'}, {'duration': 30, 'departure_time': 12300, 'arrival_time': 12330, 'day': 'current_day', 'from_stop_id': 'MH-R-0', 'to_stop_id': 'MH-R-5', 'trip_id': 'walking', 'agency_name': 'Unknown'}, {'duration': 810, 'departure_time': 12540, 'arrival_time': 13350, 'day': 'current_day', 'from_stop_id': 'MH-R-5', 'to_stop_id': '140-5', 'trip_id': '10-1-15', 'agency_name': 'Unknown'}]}"
42,200,4020,inter,left,224,[20; 30; 40; 60],[200],1000,751,0,0,4771,4831.0,9390.0,9450.0,4559.0,4.0,20,200,,,pt,5430.0,9450.0,5430.0,"{'duration': 4559, 'source_transfer_time': 0, 'waiting_time': 599, 'trip_time': 3960, 'num_transfers': 4, 'departure_time': 4831, 'departure_day': 'current_day', 'arrival_time': 9390, 'arrival_day': 'current_day', 'steps': [{'duration': 930, 'departure_time': 5430, 'arrival_time': 6360, 'day': 'current_day', 'from_stop_id': '20-5', 'to_stop_id': 'MH-L-5', 'trip_id': '8-0-5', 'agency_name': 'Unknown'}, {'duration': 30, 'departure_time': 6360, 'arrival_time': 6390, 'day': 'current_day', 'from_stop_id': 'MH-L-5', 'to_stop_id': 'MH-L-0', 'trip_id': 'walking', 'agency_name': 'Unknown'}, {'duration': 1500, 'departure_time': 7200, 'arrival_time': 8700, 'day': 'current_day', 'from_stop_id': 'MH-L-0', 'to_stop_id': 'MH-R-0', 'trip_id': '0-0-2', 'agency_name': 'Unknown'}, {'duration': 30, 'departure_time': 8700, 'arrival_time': 8730, 'day': 'current_day', 'from_stop_id': 'MH-R-0', 'to_stop_id': 'MH-R-4', 'trip_id': 'walking', 'agency_name': 'Unknown'}, {'duration': 450, 'departure_time': 8940, 'arrival_time': 9390, 'day': 'current_day', 'from_stop_id': 'MH-R-4', 'to_stop_id': '200-4', 'trip_id': '9-0-9', 'agency_name': 'Unknown'}]}"
96,185,4230,inter,left,225,[96],[177],0,0,500,375,4230,4290.0,7470.0,7530.0,3180.0,4.0,96,177,,,pt,3675.0,7905.0,3675.0,"{'duration': 3180, 'source_transfer_time': 0, 'waiting_time': 60, 'trip_time': 3120, 'num_transfers': 4, 'departure_time': 4290, 'departure_day': 'current_day', 'arrival_time': 7470, 'arrival_day': 'current_day', 'steps': [{'duration': 810, 'departure_time': 4350, 'arrival_time': 5160, 'day': 'current_day', 'from_stop_id': '96-5', 'to_stop_id': 'MH-L-5', 'trip_id': '8-1-3', 'agency_name': 'Unknown'}, {'duration': 30, 'departure_time': 5160, 'arrival_time': 5190, 'day': 'current_day', 'from_stop_id': 'MH-L-5', 'to_stop_id': 'MH-L-0', 'trip_id': 'walking', 'agency_name': 'Unknown'}, {'duration': 1500, 'departure_time': 5400, 'arrival_time': 6900, 'day': 'current_day', 'from_stop_id': 'MH-L-0', 'to_stop_id': 'MH-R-0', 'trip_id': '0-0-1', 'agency_name': 'Unknown'}, {'duration': 30, 'departure_time': 6900, 'arrival_time': 6930, 'day': 'current_day', 'from_stop_id': 'MH-R-0', 'to_stop_id': 'MH-R-1', 'trip_id': 'walking', 'agency_name': 'Unknown'}, {'duration': 330, 'departure_time': 7140, 'arrival_time': 7470, 'day': 'current_day', 'from_stop_id': 'MH-R-1', 'to_stop_id': '177-1', 'trip_id': '3-1-6', 'agency_name': 'Unknown'}]}"
58,177,11970,inter,left,226,[58],[177],0,0,0,0,11970,12030.0,14670.0,14730.0,2640.0,4.0,58,177,,,pt,2760.0,14730.0,2760.0,"{'duration': 2640, 'source_transfer_time': 0, 'waiting_time': 120, 'trip_time': 2520, 'num_transfers': 4, 'departure_time': 12030, 'departure_day': 'current_day', 'arrival_time': 14670, 'arrival_day': 'current_day', 'steps': [{'duration': 210, 'departure_time': 12150, 'arrival_time': 12360, 'day': 'current_day', 'from_stop_id': '58-1', 'to_stop_id': 'MH-L-1', 'trip_id': '1-1-15', 'agency_name': 'Unknown'}, {'duration': 30, 'departure_time': 12360, 'arrival_time': 12390, 'day': 'current_day', 'from_stop_id': 'MH-L-1', 'to_stop_id': 'MH-L-0', 'trip_id': 'walking', 'agency_name': 'Unknown'}, {'duration': 1500, 'departure_time': 12600, 'arrival_time': 14100, 'day': 'current_day', 'from_stop_id': 'MH-L-0', 'to_stop_id': 'MH-R-0', 'trip_id': '0-0-5', 'agency_name': 'Unknown'}, {'duration': 30, 'departure_time': 14100, 'arrival_time': 14130, 'day': 'current_day', 'from_stop_id': 'MH-R-0', 'to_stop_id': 'MH-R-1', 'trip_id': 'walking', 'agency_name': 'Unknown'}, {'duration': 330, 'departure_time': 14340, 'arrival_time': 14670, 'day': 'current_day', 'from_stop_id': 'MH-R-1', 'to_stop_id': '177-1', 'trip_id': '3-1-18', 'agency_name': 'Unknown'}]}"
13,175,13590,inter,left,227,[12; 24],[175],500,375,0,0,13965,14025.0,18510.0,18570.0,4485.0,4.0,12,175,,,pt,4980.0,18570.0,4980.0,"{'duration': 4485, 'source_transfer_time': 0, 'waiting_time': 405, 'trip_time': 4080, 'num_transfers': 4, 'departure_time': 14025, 'departure_day': 'current_day', 'arrival_time': 18510, 'arrival_day': 'current_day', 'steps': [{'duration': 930, 'departure_time': 14430, 'arrival_time': 15360, 'day': 'current_day', 'from_stop_id': '12-4', 'to_stop_id': 'MH-L-4', 'trip_id': '7-0-20', 'agency_name': 'Unknown'}, {'duration': 30, 'departure_time': 15360, 'arrival_time': 15390, 'day': 'current_day', 'from_stop_id': 'MH-L-4', 'to_stop_id': 'MH-L-0', 'trip_id': 'walking', 'agency_name': 'Unknown'}, {'duration': 1500, 'departure_time': 16200, 'arrival_time': 17700, 'day': 'current_day', 'from_stop_id': 'MH-L-0', 'to_stop_id': 'MH-R-0', 'trip_id': '0-0-7', 'agency_name': 'Unknown'}, {'duration': 30, 'departure_time': 17700, 'arrival_time': 17730, 'day': 'current_day', 'from_stop_id': 'MH-R-0', 'to_stop_id': 'MH-R-1', 'trip_id': 'walking', 'agency_name': 'Unknown'}, {'duration': 570, 'departure_time': 17940, 'arrival_time': 18510, 'day': 'current_day', 'from_stop_id': 'MH-R-1', 'to_stop_id': '175-1', 'trip_id': '3-1-24', 'agency_name': 'Unknown'}]}"
93,218,7740,inter,left,228,[92; 104],[207; 217],500,375,500,375,8115,8175.0,13110.0,13170.0,4935.0,4.0,92,207,,,pt,5805.0,13545.0,5805.0,"{'duration': 4935, 'source_transfer_time': 0, 'waiting_time': 375, 'trip_time': 4560, 'num_transfers': 4, 'departure_time': 8175, 'departure_day': 'current_day', 'arrival_time': 13110, 'arrival_day': 'current_day', 'steps': [{'duration': 810, 'departure_time': 8550, 'arrival_time': 9360, 'day': 'current_day', 'from_stop_id': '92-4', 'to_stop_id': 'MH-L-4', 'trip_id': '7-1-10', 'agency_name': 'Unknown'}, {'duration': 30, 'departure_time': 9360, 'arrival_time': 9390, 'day': 'current_day', 'from_stop_id': 'MH-L-4', 'to_stop_id': 'MH-L-0', 'trip_id': 'walking', 'agency_name': 'Unknown'}, {'duration': 1500, 'departure_time': 10800, 'arrival_time': 12300, 'day': 'current_day', 'from_stop_id': 'MH-L-0', 'to_stop_id': 'MH-R-0', 'trip_id': '0-0-4', 'agency_name': 'Unknown'}, {'duration': 30, 'departure_time': 12300, 'arrival_time': 12330, 'day': 'current_day', 'from_stop_id': 'MH-R-0', 'to_stop_id': 'MH-R-5', 'trip_id': 'walking', 'agency_name': 'Unknown'}, {'duration': 570, 'departure_time': 12540, 'arrival_time': 13110, 'day': 'current_day', 'from_stop_id': 'MH-R-5', 'to_stop_id': '207-5', 'trip_id': '10-0-15', 'agency_name': 'Unknown'}]}"
84,152,9030,inter,left,229,[85; 95],[141; 151],500,375,500,375,9405,9465.0,13230.0,13290.0,3765.0,4.0,85,151,,,pt,4635.0,13665.0,4635.0,"{'duration': 3765, 'source_transfer_time': 0, 'waiting_time': 405, 'trip_time': 3360, 'num_transfers': 4, 'departure_time': 9465, 'departure_day': 'current_day', 'arrival_time': 13230, 'arrival_day': 'current_day', 'steps': [{'duration': 690, 'departure_time': 9870, 'arrival_time': 10560, 'day': 'current_day', 'from_stop_id': '85-5', 'to_stop_id': 'MH-L-5', 'trip_id': '8-1-12', 'agency_name': 'Unknown'}, {'duration': 30, 'departure_time': 10560, 'arrival_time': 10590, 'day': 'current_day', 'from_stop_id': 'MH-L-5', 'to_stop_id': 'MH-L-0', 'trip_id': 'walking', 'agency_name': 'Unknown'}, {'duration': 1500, 'departure_time': 10800, 'arrival_time': 12300, 'day': 'current_day', 'from_stop_id': 'MH-L-0', 'to_stop_id': 'MH-R-0', 'trip_id': '0-0-4', 'agency_name': 'Unknown'}, {'duration': 30, 'departure_time': 12300, 'arrival_time': 12330, 'day': 'current_day', 'from_stop_id': 'MH-R-0', 'to_stop_id': 'MH-R-5', 'trip_id': 'walking', 'agency_name': 'Unknown'}, {'duration': 690, 'departure_time': 12540, 'arrival_time': 13230, 'day': 'current_day', 'from_stop_id': 'MH-R-5', 'to_stop_id': '151-5', 'trip_id': '10-1-15', 'agency_name': 'Unknown'}]}"
49,143,10170,inter,left,230,[49],[132; 144],0,0,500,375,10170,10230.0,13350.0,13410.0,3120.0,4.0,49,144,,,pt,3615.0,13785.0,3615.0,"{'duration': 3120, 'source_transfer_time': 0, 'waiting_time': 120, 'trip_time': 3000, 'num_transfers': 4, 'departure_time': 10230, 'departure_day': 'current_day', 'arrival_time': 13350, 'arrival_day': 'current_day', 'steps': [{'duration': 210, 'departure_time': 10350, 'arrival_time': 10560, 'day': 'current_day', 'from_stop_id': '49-5', 'to_stop_id': 'MH-L-5', 'trip_id': '8-0-12', 'agency_name': 'Unknown'}, {'duration': 30, 'departure_time': 10560, 'arrival_time': 10590, 'day': 'current_day', 'from_stop_id': 'MH-L-5', 'to_stop_id': 'MH-L-0', 'trip_id': 'walking', 'agency_name': 'Unknown'}, {'duration': 1500, 'departure_time': 10800, 'arrival_time': 12300, 'day': 'current_day', 'from_stop_id': 'MH-L-0', 'to_stop_id': 'MH-R-0', 'trip_id': '0-0-4', 'agency_name': 'Unknown'}, {'duration': 30, 'departure_time': 12300, 'arrival_time': 12330, 'day': 'current_day', 'from_stop_id': 'MH-R-0', 'to_stop_id': 'MH-R-4', 'trip_id': 'walking', 'agency_name': 'Unknown'}, {'duration': 810, 'departure_time': 12540, 'arrival_time': 13350, 'day': 'current_day', 'from_stop_id': 'MH-R-4', 'to_stop_id': '144-4', 'trip_id': '9-1-15', 'agency_name': 'Unknown'}]}"
38,202,12420,inter,left,231,[38],[201; 213],0,0,500,375,12420,12480.0,16710.0,16770.0,4230.0,4.0,38,201,,,pt,4725.0,17145.0,4725.0,"{'duration': 4230, 'source_transfer_time': 0, 'waiting_time': 270, 'trip_time': 3960, 'num_transfers': 4, 'departure_time': 12480, 'departure_day': 'current_day', 'arrival_time': 16710, 'arrival_day': 'current_day', 'steps': [{'duration': 210, 'departure_time': 12750, 'arrival_time': 12960, 'day': 'current_day', 'from_stop_id': '38-2', 'to_stop_id': 'MH-L-2', 'trip_id': '2-1-16', 'agency_name': 'Unknown'}, {'duration': 30, 'departure_time': 12960, 'arrival_time': 12990, 'day': 'current_day', 'from_stop_id': 'MH-L-2', 'to_stop_id': 'MH-L-0', 'trip_id': 'walking', 'agency_name': 'Unknown'}, {'duration': 1500, 'departure_time': 14400, 'arrival_time': 15900, 'day': 'current_day', 'from_stop_id': 'MH-L-0', 'to_stop_id': 'MH-R-0', 'trip_id': '0-0-6', 'agency_name': 'Unknown'}, {'duration': 30, 'departure_time': 15900, 'arrival_time': 15930, 'day': 'current_day', 'from_stop_id': 'MH-R-0', 'to_stop_id': 'MH-R-4', 'trip_id': 'walking', 'agency_name': 'Unknown'}, {'duration': 570, 'departure_time': 16140, 'arrival_time': 16710, 'day': 'current_day', 'from_stop_id': 'MH-R-4', 'to_stop_id': '201-4', 'trip_id': '9-0-21', 'agency_name': 'Unknown'}]}"
5,133,5610,inter,left,232,[5],[133],0,0,0,0,5610,5670.0,9870.0,9930.0,4200.0,4.0,5,133,,,pt,4320.0,9930.0,4320.0,"{'duration': 4200, 'source_transfer_time': 0, 'waiting_time': 120, 'trip_time': 4080, 'num_transfers': 4, 'departure_time': 5670, 'departure_day': 'current_day', 'arrival_time': 9870, 'arrival_day': 'current_day', 'steps': [{'duration': 570, 'departure_time': 5790, 'arrival_time': 6360, 'day': 'current_day', 'from_stop_id': '5-2', 'to_stop_id': 'MH-L-2', 'trip_id': '2-1-5', 'agency_name': 'Unknown'}, {'duration': 30, 'departure_time': 6360, 'arrival_time': 6390, 'day': 'current_day', 'from_stop_id': 'MH-L-2', 'to_stop_id': 'MH-L-0', 'trip_id': 'walking', 'agency_name': 'Unknown'}, {'duration': 1500, 'departure_time': 7200, 'arrival_time': 8700, 'day': 'current_day', 'from_stop_id': 'MH-L-0', 'to_stop_id': 'MH-R-0', 'trip_id': '0-0-2', 'agency_name': 'Unknown'}, {'duration': 30, 'departure_time': 8700, 'arrival_time': 8730, 'day': 'current_day', 'from_stop_id': 'MH-R-0', 'to_stop_id': 'MH-R-4', 'trip_id': 'walking', 'agency_name': 'Unknown'}, {'duration': 930, 'departure_time': 8940, 'arrival_time': 9870, 'day': 'current_day', 'from_stop_id': 'MH-R-4', 'to_stop_id': '133-4', 'trip_id': '9-1-9', 'agency_name': 'Unknown'}]}"
18,216,11370,inter,left,233,[19; 29],[216],500,375,0,0,11745,11805.0,17070.0,17130.0,5265.0,4.0,19,216,,,pt,5760.0,17130.0,5760.0,"{'duration': 5265, 'source_transfer_time': 0, 'waiting_time': 345, 'trip_time': 4920, 'num_transfers': 4, 'departure_time': 11805, 'departure_day': 'current_day', 'arrival_time': 17070, 'arrival_day': 'current_day', 'steps': [{'duration': 810, 'departure_time': 12150, 'arrival_time': 12960, 'day': 'current_day', 'from_stop_id': '19-5', 'to_stop_id': 'MH-L-5', 'trip_id': '8-0-16', 'agency_name': 'Unknown'}, {'duration': 30, 'departure_time': 12960, 'arrival_time': 12990, 'day': 'current_day', 'from_stop_id': 'MH-L-5', 'to_stop_id': 'MH-L-0', 'trip_id': 'walking', 'agency_name': 'Unknown'}, {'duration': 1500, 'departure_time': 14400, 'arrival_time': 15900, 'day': 'current_day', 'from_stop_id': 'MH-L-0', 'to_stop_id': 'MH-R-0', 'trip_id': '0-0-6', 'agency_name': 'Unknown'}, {'duration': 30, 'departure_time': 15900, 'arrival_time': 15930, 'day': 'current_day', 'from_stop_id': 'MH-R-0', 'to_stop_id': 'MH-R-5', 'trip_id': 'walking', 'agency_name': 'Unknown'}, {'duration': 930, 'departure_time': 16140, 'arrival_time': 17070, 'day': 'current_day', 'from_stop_id': 'MH-R-5', 'to_stop_id': '216-5', 'trip_id': '10-0-21', 'agency_name': 'Unknown'}]}"
84,212,8160,inter,left,234,[85; 95],[212],500,375,0,0,8535,8595.0,13230.0,13290.0,4635.0,4.0,85,212,,,pt,5130.0,13290.0,5130.0,"{'duration': 4635, 'source_transfer_time': 0, 'waiting_time': 75, 'trip_time': 4560, 'num_transfers': 4, 'departure_time': 8595, 'departure_day': 'current_day', 'arrival_time': 13230, 'arrival_day': 'current_day', 'steps': [{'duration': 690, 'departure_time': 8670, 'arrival_time': 9360, 'day': 'current_day', 'from_stop_id': '85-5', 'to_stop_id': 'MH-L-5', 'trip_id': '8-1-10', 'agency_name': 'Unknown'}, {'duration': 30, 'departure_time': 9360, 'arrival_time': 9390, 'day': 'current_day', 'from_stop_id': 'MH-L-5', 'to_stop_id': 'MH-L-0', 'trip_id': 'walking', 'agency_name': 'Unknown'}, {'duration': 1500, 'departure_time': 10800, 'arrival_time': 12300, 'day': 'current_day', 'from_stop_id': 'MH-L-0', 'to_stop_id': 'MH-R-0', 'trip_id': '0-0-4', 'agency_name': 'Unknown'}, {'duration': 30, 'departure_time': 12300, 'arrival_time': 12330, 'day': 'current_day', 'from_stop_id': 'MH-R-0', 'to_stop_id': 'MH-R-4', 'trip_id': 'walking', 'agency_name': 'Unknown'}, {'duration': 690, 'departure_time': 12540, 'arrival_time': 13230, 'day': 'current_day', 'from_stop_id': 'MH-R-4', 'to_stop_id': '212-4', 'trip_id': '9-0-15', 'agency_name': 'Unknown'}]}"
62,183,14130,inter,left,235,[54],[175],500,375,500,375,14505,14565.0,18510.0,18570.0,3945.0,4.0,54,175,,,pt,4815.0,18945.0,4815.0,"{'duration': 3945, 'source_transfer_time': 0, 'waiting_time': 225, 'trip_time': 3720, 'num_transfers': 4, 'departure_time': 14565, 'departure_day': 'current_day', 'arrival_time': 18510, 'arrival_day': 'current_day', 'steps': [{'duration': 570, 'departure_time': 14790, 'arrival_time': 15360, 'day': 'current_day', 'from_stop_id': '54-1', 'to_stop_id': 'MH-L-1', 'trip_id': '1-0-20', 'agency_name': 'Unknown'}, {'duration': 30, 'departure_time': 15360, 'arrival_time': 15390, 'day': 'current_day', 'from_stop_id': 'MH-L-1', 'to_stop_id': 'MH-L-0', 'trip_id': 'walking', 'agency_name': 'Unknown'}, {'duration': 1500, 'departure_time': 16200, 'arrival_time': 17700, 'day': 'current_day', 'from_stop_id': 'MH-L-0', 'to_stop_id': 'MH-R-0', 'trip_id': '0-0-7', 'agency_name': 'Unknown'}, {'duration': 30, 'departure_time': 17700, 'arrival_time': 17730, 'day': 'current_day', 'from_stop_id': 'MH-R-0', 'to_stop_id': 'MH-R-1', 'trip_id': 'walking', 'agency_name': 'Unknown'}, {'duration': 570, 'departure_time': 17940, 'arrival_time': 18510, 'day': 'current_day', 'from_stop_id': 'MH-R-1', 'to_stop_id': '175-1', 'trip_id': '3-1-24', 'agency_name': 'Unknown'}]}"
4,219,6960,inter,left,236,[5],[220],500,375,500,375,7335,7395.0,11190.0,11250.0,3795.0,4.0,5,220,,,pt,4665.0,11625.0,4665.0,"{'duration': 3795, 'source_transfer_time': 0, 'waiting_time': 195, 'trip_time': 3600, 'num_transfers': 4, 'departure_time': 7395, 'departure_day': 'current_day', 'arrival_time': 11190, 'arrival_day': 'current_day', 'steps': [{'duration': 570, 'departure_time': 7590, 'arrival_time': 8160, 'day': 'current_day', 'from_stop_id': '5-2', 'to_stop_id': 'MH-L-2', 'trip_id': '2-1-8', 'agency_name': 'Unknown'}, {'duration': 30, 'departure_time': 8160, 'arrival_time': 8190, 'day': 'current_day', 'from_stop_id': 'MH-L-2', 'to_stop_id': 'MH-L-0', 'trip_id': 'walking', 'agency_name': 'Unknown'}, {'duration': 1500, 'departure_time': 9000, 'arrival_time': 10500, 'day': 'current_day', 'from_stop_id': 'MH-L-0', 'to_stop_id': 'MH-R-0', 'trip_id': '0-0-3', 'agency_name': 'Unknown'}, {'duration': 30, 'departure_time': 10500, 'arrival_time': 10530, 'day': 'current_day', 'from_stop_id': 'MH-R-0', 'to_stop_id': 'MH-R-2', 'trip_id': 'walking', 'agency_name': 'Unknown'}, {'duration': 450, 'departure_time': 10740, 'arrival_time': 11190, 'day': 'current_day', 'from_stop_id': 'MH-R-2', 'to_stop_id': '220-2', 'trip_id': '4-1-12', 'agency_name': 'Unknown'}]}"
98,210,4020,inter,left,237,[99],[209],500,375,500,375,4395,4455.0,7470.0,7530.0,3015.0,4.0,99,209,,,pt,3885.0,7905.0,3885.0,"{'duration': 3015, 'source_transfer_time': 0, 'waiting_time': 255, 'trip_time': 2760, 'num_transfers': 4, 'departure_time': 4455, 'departure_day': 'current_day', 'arrival_time': 7470, 'arrival_day': 'current_day', 'steps': [{'duration': 450, 'departure_time': 4710, 'arrival_time': 5160, 'day': 'current_day', 'from_stop_id': '99-2', 'to_stop_id': 'MH-L-2', 'trip_id': '2-0-3', 'agency_name': 'Unknown'}, {'duration': 30, 'departure_time': 5160, 'arrival_time': 5190, 'day': 'current_day', 'from_stop_id': 'MH-L-2', 'to_stop_id': 'MH-L-0', 'trip_id': 'walking', 'agency_name': 'Unknown'}, {'duration': 1500, 'departure_time': 5400, 'arrival_time': 6900, 'day': 'current_day', 'from_stop_id': 'MH-L-0', 'to_stop_id': 'MH-R-0', 'trip_id': '0-0-1', 'agency_name': 'Unknown'}, {'duration': 30, 'departure_time': 6900, 'arrival_time': 6930, 'day': 'current_day', 'from_stop_id': 'MH-R-0', 'to_stop_id': 'MH-R-2', 'trip_id': 'walking', 'agency_name': 'Unknown'}, {'duration': 330, 'departure_time': 7140, 'arrival_time': 7470, 'day': 'current_day', 'from_stop_id': 'MH-R-2', 'to_stop_id': '209-2', 'trip_id': '4-1-6', 'agency_name': 'Unknown'}]}"
64,145,10830,inter,left,238,[56],[145],500,375,0,0,11205,11265.0,15030.0,15090.0,3765.0,4.0,56,145,,,pt,4260.0,15090.0,4260.0,"{'duration': 3765, 'source_transfer_time': 0, 'waiting_time': 165, 'trip_time': 3600, 'num_transfers': 4, 'departure_time': 11265, 'departure_day': 'current_day', 'arrival_time': 15030, 'arrival_day': 'current_day', 'steps': [{'duration': 330, 'departure_time': 11430, 'arrival_time': 11760, 'day': 'current_day', 'from_stop_id': '56-1', 'to_stop_id': 'MH-L-1', 'trip_id': '1-0-14', 'agency_name': 'Unknown'}, {'duration': 30, 'departure_time': 11760, 'arrival_time': 11790, 'day': 'current_day', 'from_stop_id': 'MH-L-1', 'to_stop_id': 'MH-L-0', 'trip_id': 'walking', 'agency_name': 'Unknown'}, {'duration': 1500, 'departure_time': 12600, 'arrival_time': 14100, 'day': 'current_day', 'from_stop_id': 'MH-L-0', 'to_stop_id': 'MH-R-0', 'trip_id': '0-0-5', 'agency_name': 'Unknown'}, {'duration': 30, 'departure_time': 14100, 'arrival_time': 14130, 'day': 'current_day', 'from_stop_id': 'MH-R-0', 'to_stop_id': 'MH-R-4', 'trip_id': 'walking', 'agency_name': 'Unknown'}, {'duration': 690, 'departure_time': 14340, 'arrival_time': 15030, 'day': 'current_day', 'from_stop_id': 'MH-R-4', 'to_stop_id': '145-4', 'trip_id': '9-1-18', 'agency_name': 'Unknown'}]}"
31,164,12450,inter,left,239,[20; 30],[182],500,375,1000,751,12825,12885.0,16710.0,16770.0,3825.0,4.0,20,182,,,pt,5071.0,17521.0,5071.0,"{'duration': 3825, 'source_transfer_time': 0, 'waiting_time': 345, 'trip_time': 3480, 'num_transfers': 4, 'departure_time': 12885, 'departure_day': 'current_day', 'arrival_time': 16710, 'arrival_day': 'current_day', 'steps': [{'duration': 930, 'departure_time': 13230, 'arrival_time': 14160, 'day': 'current_day', 'from_stop_id': '20-5', 'to_stop_id': 'MH-L-5', 'trip_id': '8-0-18', 'agency_name': 'Unknown'}, {'duration': 30, 'departure_time': 14160, 'arrival_time': 14190, 'day': 'current_day', 'from_stop_id': 'MH-L-5', 'to_stop_id': 'MH-L-0', 'trip_id': 'walking', 'agency_name': 'Unknown'}, {'duration': 1500, 'departure_time': 14400, 'arrival_time': 15900, 'day': 'current_day', 'from_stop_id': 'MH-L-0', 'to_stop_id': 'MH-R-0', 'trip_id': '0-0-6', 'agency_name': 'Unknown'}, {'duration': 30, 'departure_time': 15900, 'arrival_time': 15930, 'day': 'current_day', 'from_stop_id': 'MH-R-0', 'to_stop_id': 'MH-R-1', 'trip_id': 'walking', 'agency_name': 'Unknown'}, {'duration': 570, 'departure_time': 16140, 'arrival_time': 16710, 'day': 'current_day', 'from_stop_id': 'MH-R-1', 'to_stop_id': '182-1', 'trip_id': '3-0-21', 'agency_name': 'Unknown'}]}"
28,123,10500,inter,left,240,[27; 29; 39],[121; 133; 145],500,375,1000,751,10875,10935.0,15030.0,15090.0,4095.0,4.0,27,145,,,pt,5341.0,15841.0,5341.0,"{'duration': 4095, 'source_transfer_time': 0, 'waiting_time': 495, 'trip_time': 3600, 'num_transfers': 4, 'departure_time': 10935, 'departure_day': 'current_day', 'arrival_time': 15030, 'arrival_day': 'current_day', 'steps': [{'duration': 330, 'departure_time': 11430, 'arrival_time': 11760, 'day': 'current_day', 'from_stop_id': '27-2', 'to_stop_id': 'MH-L-2', 'trip_id': '2-1-14', 'agency_name': 'Unknown'}, {'duration': 30, 'departure_time': 11760, 'arrival_time': 11790, 'day': 'current_day', 'from_stop_id': 'MH-L-2', 'to_stop_id': 'MH-L-0', 'trip_id': 'walking', 'agency_name': 'Unknown'}, {'duration': 1500, 'departure_time': 12600, 'arrival_time': 14100, 'day': 'current_day', 'from_stop_id': 'MH-L-0', 'to_stop_id': 'MH-R-0', 'trip_id': '0-0-5', 'agency_name': 'Unknown'}, {'duration': 30, 'departure_time': 14100, 'arrival_time': 14130, 'day': 'current_day', 'from_stop_id': 'MH-R-0', 'to_stop_id': 'MH-R-4', 'trip_id': 'walking', 'agency_name': 'Unknown'}, {'duration': 690, 'departure_time': 14340, 'arrival_time': 15030, 'day': 'current_day', 'from_stop_id': 'MH-R-4', 'to_stop_id': '145-4', 'trip_id': '9-1-18', 'agency_name': 'Unknown'}]}"
33,231,5970,inter,left,241,[11; 23; 35; 54],[231],1000,751,0,0,6721,6781.0,11310.0,11370.0,4529.0,4.0,11,231,,,pt,5400.0,11370.0,5400.0,"{'duration': 4529, 'source_transfer_time': 0, 'waiting_time': 329, 'trip_time': 4200, 'num_transfers': 4, 'departure_time': 6781, 'departure_day': 'current_day', 'arrival_time': 11310, 'arrival_day': 'current_day', 'steps': [{'duration': 1050, 'departure_time': 7110, 'arrival_time': 8160, 'day': 'current_day', 'from_stop_id': '11-4', 'to_stop_id': 'MH-L-4', 'trip_id': '7-0-8', 'agency_name': 'Unknown'}, {'duration': 30, 'departure_time': 8160, 'arrival_time': 8190, 'day': 'current_day', 'from_stop_id': 'MH-L-4', 'to_stop_id': 'MH-L-0', 'trip_id': 'walking', 'agency_name': 'Unknown'}, {'duration': 1500, 'departure_time': 9000, 'arrival_time': 10500, 'day': 'current_day', 'from_stop_id': 'MH-L-0', 'to_stop_id': 'MH-R-0', 'trip_id': '0-0-3', 'agency_name': 'Unknown'}, {'duration': 30, 'departure_time': 10500, 'arrival_time': 10530, 'day': 'current_day', 'from_stop_id': 'MH-R-0', 'to_stop_id': 'MH-R-2', 'trip_id': 'walking', 'agency_name': 'Unknown'}, {'duration': 570, 'departure_time': 10740, 'arrival_time': 11310, 'day': 'current_day', 'from_stop_id': 'MH-R-2', 'to_stop_id': '231-2', 'trip_id': '4-1-12', 'agency_name': 'Unknown'}]}"
6,175,7410,inter,left,242,[5],[175],500,375,0,0,7785,7845.0,11310.0,11370.0,3465.0,4.0,5,175,,,pt,3960.0,11370.0,3960.0,"{'duration': 3465, 'source_transfer_time': 0, 'waiting_time': 345, 'trip_time': 3120, 'num_transfers': 4, 'departure_time': 7845, 'departure_day': 'current_day', 'arrival_time': 11310, 'arrival_day': 'current_day', 'steps': [{'duration': 570, 'departure_time': 8190, 'arrival_time': 8760, 'day': 'current_day', 'from_stop_id': '5-2', 'to_stop_id': 'MH-L-2', 'trip_id': '2-1-9', 'agency_name': 'Unknown'}, {'duration': 30, 'departure_time': 8760, 'arrival_time': 8790, 'day': 'current_day', 'from_stop_id': 'MH-L-2', 'to_stop_id': 'MH-L-0', 'trip_id': 'walking', 'agency_name': 'Unknown'}, {'duration': 1500, 'departure_time': 9000, 'arrival_time': 10500, 'day': 'current_day', 'from_stop_id': 'MH-L-0', 'to_stop_id': 'MH-R-0', 'trip_id': '0-0-3', 'agency_name': 'Unknown'}, {'duration': 30, 'departure_time': 10500, 'arrival_time': 10530, 'day': 'current_day', 'from_stop_id': 'MH-R-0', 'to_stop_id': 'MH-R-1', 'trip_id': 'walking', 'agency_name': 'Unknown'}, {'duration': 570, 'departure_time': 10740, 'arrival_time': 11310, 'day': 'current_day', 'from_stop_id': 'MH-R-1', 'to_stop_id': '175-1', 'trip_id': '3-1-12', 'agency_name': 'Unknown'}]}"
0,198,4260,inter,left,243,[0],[198],0,0,0,0,4260,4320.0,9150.0,9210.0,4830.0,4.0,0,198,,,pt,4950.0,9210.0,4950.0,"{'duration': 4830, 'source_transfer_time': 0, 'waiting_time': 270, 'trip_time': 4560, 'num_transfers': 4, 'departure_time': 4320, 'departure_day': 'current_day', 'arrival_time': 9150, 'arrival_day': 'current_day', 'steps': [{'duration': 1170, 'departure_time': 4590, 'arrival_time': 5760, 'day': 'current_day', 'from_stop_id': '0-4', 'to_stop_id': 'MH-L-4', 'trip_id': '7-0-4', 'agency_name': 'Unknown'}, {'duration': 30, 'departure_time': 5760, 'arrival_time': 5790, 'day': 'current_day', 'from_stop_id': 'MH-L-4', 'to_stop_id': 'MH-L-0', 'trip_id': 'walking', 'agency_name': 'Unknown'}, {'duration': 1500, 'departure_time': 7200, 'arrival_time': 8700, 'day': 'current_day', 'from_stop_id': 'MH-L-0', 'to_stop_id': 'MH-R-0', 'trip_id': '0-0-2', 'agency_name': 'Unknown'}, {'duration': 30, 'departure_time': 8700, 'arrival_time': 8730, 'day': 'current_day', 'from_stop_id': 'MH-R-0', 'to_stop_id': 'MH-R-2', 'trip_id': 'walking', 'agency_name': 'Unknown'}, {'duration': 210, 'departure_time': 8940, 'arrival_time': 9150, 'day': 'current_day', 'from_stop_id': 'MH-R-2', 'to_stop_id': '198-2', 'trip_id': '4-1-9', 'agency_name': 'Unknown'}]}"
44,156,6750,inter,left,244,[54],[156],500,375,0,0,7125,7185.0,11310.0,11370.0,4125.0,4.0,54,156,,,pt,4620.0,11370.0,4620.0,"{'duration': 4125, 'source_transfer_time': 0, 'waiting_time': 405, 'trip_time': 3720, 'num_transfers': 4, 'departure_time': 7185, 'departure_day': 'current_day', 'arrival_time': 11310, 'arrival_day': 'current_day', 'steps': [{'duration': 570, 'departure_time': 7590, 'arrival_time': 8160, 'day': 'current_day', 'from_stop_id': '54-1', 'to_stop_id': 'MH-L-1', 'trip_id': '1-0-8', 'agency_name': 'Unknown'}, {'duration': 30, 'departure_time': 8160, 'arrival_time': 8190, 'day': 'current_day', 'from_stop_id': 'MH-L-1', 'to_stop_id': 'MH-L-0', 'trip_id': 'walking', 'agency_name': 'Unknown'}, {'duration': 1500, 'departure_time': 9000, 'arrival_time': 10500, 'day': 'current_day', 'from_stop_id': 'MH-L-0', 'to_stop_id': 'MH-R-0', 'trip_id': '0-0-3', 'agency_name': 'Unknown'}, {'duration': 30, 'departure_time': 10500, 'arrival_time': 10530, 'day': 'current_day', 'from_stop_id': 'MH-R-0', 'to_stop_id': 'MH-R-4', 'trip_id': 'walking', 'agency_name': 'Unknown'}, {'duration': 570, 'departure_time': 10740, 'arrival_time': 11310, 'day': 'current_day', 'from_stop_id': 'MH-R-4', 'to_stop_id': '156-4', 'trip_id': '9-1-12', 'agency_name': 'Unknown'}]}"
74,122,5250,inter,left,245,[75; 85],[121; 133],500,375,500,375,5625,5685.0,9870.0,9930.0,4185.0,4.0,75,133,,,pt,5055.0,10305.0,5055.0,"{'duration': 4185, 'source_transfer_time': 0, 'waiting_time': 225, 'trip_time': 3960, 'num_transfers': 4, 'departure_time': 5685, 'departure_day': 'current_day', 'arrival_time': 9870, 'arrival_day': 'current_day', 'steps': [{'duration': 450, 'departure_time': 5910, 'arrival_time': 6360, 'day': 'current_day', 'from_stop_id': '75-5', 'to_stop_id': 'MH-L-5', 'trip_id': '8-1-5', 'agency_name': 'Unknown'}, {'duration': 30, 'departure_time': 6360, 'arrival_time': 6390, 'day': 'current_day', 'from_stop_id': 'MH-L-5', 'to_stop_id': 'MH-L-0', 'trip_id': 'walking', 'agency_name': 'Unknown'}, {'duration': 1500, 'departure_time': 7200, 'arrival_time': 8700, 'day': 'current_day', 'from_stop_id': 'MH-L-0', 'to_stop_id': 'MH-R-0', 'trip_id': '0-0-2', 'agency_name': 'Unknown'}, {'duration': 30, 'departure_time': 8700, 'arrival_time': 8730, 'day': 'current_day', 'from_stop_id': 'MH-R-0', 'to_stop_id': 'MH-R-4', 'trip_id': 'walking', 'agency_name': 'Unknown'}, {'duration': 930, 'departure_time': 8940, 'arrival_time': 9870, 'day': 'current_day', 'from_stop_id': 'MH-R-4', 'to_stop_id': '133-4', 'trip_id': '9-1-9', 'agency_name': 'Unknown'}]}"
54,203,11910,inter,left,246,[54],[182; 201; 213; 225],0,0,1000,751,11910,11970.0,16710.0,16770.0,4740.0,4.0,54,182,,,pt,5611.0,17521.0,5611.0,"{'duration': 4740, 'source_transfer_time': 0, 'waiting_time': 420, 'trip_time': 4320, 'num_transfers': 4, 'departure_time': 11970, 'departure_day': 'current_day', 'arrival_time': 16710, 'arrival_day': 'current_day', 'steps': [{'duration': 570, 'departure_time': 12390, 'arrival_time': 12960, 'day': 'current_day', 'from_stop_id': '54-1', 'to_stop_id': 'MH-L-1', 'trip_id': '1-0-16', 'agency_name': 'Unknown'}, {'duration': 30, 'departure_time': 12960, 'arrival_time': 12990, 'day': 'current_day', 'from_stop_id': 'MH-L-1', 'to_stop_id': 'MH-L-0', 'trip_id': 'walking', 'agency_name': 'Unknown'}, {'duration': 1500, 'departure_time': 14400, 'arrival_time': 15900, 'day': 'current_day', 'from_stop_id': 'MH-L-0', 'to_stop_id': 'MH-R-0', 'trip_id': '0-0-6', 'agency_name': 'Unknown'}, {'duration': 30, 'departure_time': 15900, 'arrival_time': 15930, 'day': 'current_day', 'from_stop_id': 'MH-R-0', 'to_stop_id': 'MH-R-1', 'trip_id': 'walking', 'agency_name': 'Unknown'}, {'duration': 570, 'departure_time': 16140, 'arrival_time': 16710, 'day': 'current_day', 'from_stop_id': 'MH-R-1', 'to_stop_id': '182-1', 'trip_id': '3-0-21', 'agency_name': 'Unknown'}]}"
109,156,5010,inter,left,247,[110],[156],500,375,0,0,5385,5445.0,9510.0,9570.0,4065.0,4.0,110,156,,,pt,4560.0,9570.0,4560.0,"{'duration': 4065, 'source_transfer_time': 0, 'waiting_time': 345, 'trip_time': 3720, 'num_transfers': 4, 'departure_time': 5445, 'departure_day': 'current_day', 'arrival_time': 9510, 'arrival_day': 'current_day', 'steps': [{'duration': 570, 'departure_time': 5790, 'arrival_time': 6360, 'day': 'current_day', 'from_stop_id': '110-2', 'to_stop_id': 'MH-L-2', 'trip_id': '2-0-5', 'agency_name': 'Unknown'}, {'duration': 30, 'departure_time': 6360, 'arrival_time': 6390, 'day': 'current_day', 'from_stop_id': 'MH-L-2', 'to_stop_id': 'MH-L-0', 'trip_id': 'walking', 'agency_name': 'Unknown'}, {'duration': 1500, 'departure_time': 7200, 'arrival_time': 8700, 'day': 'current_day', 'from_stop_id': 'MH-L-0', 'to_stop_id': 'MH-R-0', 'trip_id': '0-0-2', 'agency_name': 'Unknown'}, {'duration': 30, 'departure_time': 8700, 'arrival_time': 8730, 'day': 'current_day', 'from_stop_id': 'MH-R-0', 'to_stop_id': 'MH-R-4', 'trip_id': 'walking', 'agency_name': 'Unknown'}, {'duration': 570, 'departure_time': 8940, 'arrival_time': 9510, 'day': 'current_day', 'from_stop_id': 'MH-R-4', 'to_stop_id': '156-4', 'trip_id': '9-1-9', 'agency_name': 'Unknown'}]}"
18,181,4590,inter,left,248,[19; 29],[181],500,375,0,0,4965,5025.0,9390.0,9450.0,4365.0,4.0,19,181,,,pt,4860.0,9450.0,4860.0,"{'duration': 4365, 'source_transfer_time': 0, 'waiting_time': 525, 'trip_time': 3840, 'num_transfers': 4, 'departure_time': 5025, 'departure_day': 'current_day', 'arrival_time': 9390, 'arrival_day': 'current_day', 'steps': [{'duration': 810, 'departure_time': 5550, 'arrival_time': 6360, 'day': 'current_day', 'from_stop_id': '19-5', 'to_stop_id': 'MH-L-5', 'trip_id': '8-0-5', 'agency_name': 'Unknown'}, {'duration': 30, 'departure_time': 6360, 'arrival_time': 6390, 'day': 'current_day', 'from_stop_id': 'MH-L-5', 'to_stop_id': 'MH-L-0', 'trip_id': 'walking', 'agency_name': 'Unknown'}, {'duration': 1500, 'departure_time': 7200, 'arrival_time': 8700, 'day': 'current_day', 'from_stop_id': 'MH-L-0', 'to_stop_id': 'MH-R-0', 'trip_id': '0-0-2', 'agency_name': 'Unknown'}, {'duration': 30, 'departure_time': 8700, 'arrival_time': 8730, 'day': 'current_day', 'from_stop_id': 'MH-R-0', 'to_stop_id': 'MH-R-1', 'trip_id': 'walking', 'agency_name': 'Unknown'}, {'duration': 450, 'departure_time': 8940, 'arrival_time': 9390, 'day': 'current_day', 'from_stop_id': 'MH-R-1', 'to_stop_id': '181-1', 'trip_id': '3-0-9', 'agency_name': 'Unknown'}]}"
62,234,12330,inter,left,249,[54],[212; 224; 236],500,375,1000,751,12705,12765.0,16830.0,16890.0,4065.0,4.0,54,212,,,pt,5311.0,17641.0,5311.0,"{'duration': 4065, 'source_transfer_time': 0, 'waiting_time': 225, 'trip_time': 3840, 'num_transfers': 4, 'departure_time': 12765, 'departure_day': 'current_day', 'arrival_time': 16830, 'arrival_day': 'current_day', 'steps': [{'duration': 570, 'departure_time': 12990, 'arrival_time': 13560, 'day': 'current_day', 'from_stop_id': '54-1', 'to_stop_id': 'MH-L-1', 'trip_id': '1-0-17', 'agency_name': 'Unknown'}, {'duration': 30, 'departure_time': 13560, 'arrival_time': 13590, 'day': 'current_day', 'from_stop_id': 'MH-L-1', 'to_stop_id': 'MH-L-0', 'trip_id': 'walking', 'agency_name': 'Unknown'}, {'duration': 1500, 'departure_time': 14400, 'arrival_time': 15900, 'day': 'current_day', 'from_stop_id': 'MH-L-0', 'to_stop_id': 'MH-R-0', 'trip_id': '0-0-6', 'agency_name': 'Unknown'}, {'duration': 30, 'departure_time': 15900, 'arrival_time': 15930, 'day': 'current_day', 'from_stop_id': 'MH-R-0', 'to_stop_id': 'MH-R-4', 'trip_id': 'walking', 'agency_name': 'Unknown'}, {'duration': 690, 'departure_time': 16140, 'arrival_time': 16830, 'day': 'current_day', 'from_stop_id': 'MH-R-4', 'to_stop_id': '212-4', 'trip_id': '9-0-21', 'agency_name': 'Unknown'}]}"
6,142,11760,inter,left,250,[5],[131; 141],500,375,500,375,12135,12195.0,17070.0,17130.0,4875.0,4.0,5,141,,,pt,5745.0,17505.0,5745.0,"{'duration': 4875, 'source_transfer_time': 0, 'waiting_time': 195, 'trip_time': 4680, 'num_transfers': 4, 'departure_time': 12195, 'departure_day': 'current_day', 'arrival_time': 17070, 'arrival_day': 'current_day', 'steps': [{'duration': 570, 'departure_time': 12390, 'arrival_time': 12960, 'day': 'current_day', 'from_stop_id': '5-2', 'to_stop_id': 'MH-L-2', 'trip_id': '2-1-16', 'agency_name': 'Unknown'}, {'duration': 30, 'departure_time': 12960, 'arrival_time': 12990, 'day': 'current_day', 'from_stop_id': 'MH-L-2', 'to_stop_id': 'MH-L-0', 'trip_id': 'walking', 'agency_name': 'Unknown'}, {'duration': 1500, 'departure_time': 14400, 'arrival_time': 15900, 'day': 'current_day', 'from_stop_id': 'MH-L-0', 'to_stop_id': 'MH-R-0', 'trip_id': '0-0-6', 'agency_name': 'Unknown'}, {'duration': 30, 'departure_time': 15900, 'arrival_time': 15930, 'day': 'current_day', 'from_stop_id': 'MH-R-0', 'to_stop_id': 'MH-R-5', 'trip_id': 'walking', 'agency_name': 'Unknown'}, {'duration': 930, 'departure_time': 16140, 'arrival_time': 17070, 'day': 'current_day', 'from_stop_id': 'MH-R-5', 'to_stop_id': '141-5', 'trip_id': '10-1-21', 'agency_name': 'Unknown'}]}"
87,139,11730,inter,left,251,[76; 86; 88],[140; 150],500,375,500,375,12105,12165.0,16710.0,16770.0,4545.0,4.0,76,150,,,pt,5415.0,17145.0,5415.0,"{'duration': 4545, 'source_transfer_time': 0, 'waiting_time': 465, 'trip_time': 4080, 'num_transfers': 4, 'departure_time': 12165, 'departure_day': 'current_day', 'arrival_time': 16710, 'arrival_day': 'current_day', 'steps': [{'duration': 330, 'departure_time': 12630, 'arrival_time': 12960, 'day': 'current_day', 'from_stop_id': '76-5', 'to_stop_id': 'MH-L-5', 'trip_id': '8-1-16', 'agency_name': 'Unknown'}, {'duration': 30, 'departure_time': 12960, 'arrival_time': 12990, 'day': 'current_day', 'from_stop_id': 'MH-L-5', 'to_stop_id': 'MH-L-0', 'trip_id': 'walking', 'agency_name': 'Unknown'}, {'duration': 1500, 'departure_time': 14400, 'arrival_time': 15900, 'day': 'current_day', 'from_stop_id': 'MH-L-0', 'to_stop_id': 'MH-R-0', 'trip_id': '0-0-6', 'agency_name': 'Unknown'}, {'duration': 30, 'departure_time': 15900, 'arrival_time': 15930, 'day': 'current_day', 'from_stop_id': 'MH-R-0', 'to_stop_id': 'MH-R-5', 'trip_id': 'walking', 'agency_name': 'Unknown'}, {'duration': 570, 'departure_time': 16140, 'arrival_time': 16710, 'day': 'current_day', 'from_stop_id': 'MH-R-5', 'to_stop_id': '150-5', 'trip_id': '10-1-21', 'agency_name': 'Unknown'}]}"
9,198,10020,inter,left,252,[9],[198],0,0,0,0,10020,10080.0,14550.0,14610.0,4470.0,4.0,9,198,,,pt,4590.0,14610.0,4590.0,"{'duration': 4470, 'source_transfer_time': 0, 'waiting_time': 30, 'trip_time': 4440, 'num_transfers': 4, 'departure_time': 10080, 'departure_day': 'current_day', 'arrival_time': 14550, 'arrival_day': 'current_day', 'steps': [{'duration': 1050, 'departure_time': 10110, 'arrival_time': 11160, 'day': 'current_day', 'from_stop_id': '9-5', 'to_stop_id': 'MH-L-5', 'trip_id': '8-0-13', 'agency_name': 'Unknown'}, {'duration': 30, 'departure_time': 11160, 'arrival_time': 11190, 'day': 'current_day', 'from_stop_id': 'MH-L-5', 'to_stop_id': 'MH-L-0', 'trip_id': 'walking', 'agency_name': 'Unknown'}, {'duration': 1500, 'departure_time': 12600, 'arrival_time': 14100, 'day': 'current_day', 'from_stop_id': 'MH-L-0', 'to_stop_id': 'MH-R-0', 'trip_id': '0-0-5', 'agency_name': 'Unknown'}, {'duration': 30, 'departure_time': 14100, 'arrival_time': 14130, 'day': 'current_day', 'from_stop_id': 'MH-R-0', 'to_stop_id': 'MH-R-2', 'trip_id': 'walking', 'agency_name': 'Unknown'}, {'duration': 210, 'departure_time': 14340, 'arrival_time': 14550, 'day': 'current_day', 'from_stop_id': 'MH-R-2', 'to_stop_id': '198-2', 'trip_id': '4-1-18', 'agency_name': 'Unknown'}]}"
91,197,9750,inter,left,253,[91],[197],0,0,0,0,9750,9810.0,12870.0,12930.0,3060.0,4.0,91,197,,,pt,3180.0,12930.0,3180.0,"{'duration': 3060, 'source_transfer_time': 0, 'waiting_time': 60, 'trip_time': 3000, 'num_transfers': 4, 'departure_time': 9810, 'departure_day': 'current_day', 'arrival_time': 12870, 'arrival_day': 'current_day', 'steps': [{'duration': 690, 'departure_time': 9870, 'arrival_time': 10560, 'day': 'current_day', 'from_stop_id': '91-4', 'to_stop_id': 'MH-L-4', 'trip_id': '7-1-12', 'agency_name': 'Unknown'}, {'duration': 30, 'departure_time': 10560, 'arrival_time': 10590, 'day': 'current_day', 'from_stop_id': 'MH-L-4', 'to_stop_id': 'MH-L-0', 'trip_id': 'walking', 'agency_name': 'Unknown'}, {'duration': 1500, 'departure_time': 10800, 'arrival_time': 12300, 'day': 'current_day', 'from_stop_id': 'MH-L-0', 'to_stop_id': 'MH-R-0', 'trip_id': '0-0-4', 'agency_name': 'Unknown'}, {'duration': 30, 'departure_time': 12300, 'arrival_time': 12330, 'day': 'current_day', 'from_stop_id': 'MH-R-0', 'to_stop_id': 'MH-R-5', 'trip_id': 'walking', 'agency_name': 'Unknown'}, {'duration': 330, 'departure_time': 12540, 'arrival_time': 12870, 'day': 'current_day', 'from_stop_id': 'MH-R-5', 'to_stop_id': '197-5', 'trip_id': '10-0-15', 'agency_name': 'Unknown'}]}"
34,189,5640,inter,left,254,[23; 35],[189],500,375,0,0,6015,6075.0,9270.0,9330.0,3195.0,4.0,23,189,,,pt,3690.0,9330.0,3690.0,"{'duration': 3195, 'source_transfer_time': 0, 'waiting_time': 75, 'trip_time': 3120, 'num_transfers': 4, 'departure_time': 6075, 'departure_day': 'current_day', 'arrival_time': 9270, 'arrival_day': 'current_day', 'steps': [{'duration': 810, 'departure_time': 6150, 'arrival_time': 6960, 'day': 'current_day', 'from_stop_id': '23-4', 'to_stop_id': 'MH-L-4', 'trip_id': '7-0-6', 'agency_name': 'Unknown'}, {'duration': 30, 'departure_time': 6960, 'arrival_time': 6990, 'day': 'current_day', 'from_stop_id': 'MH-L-4', 'to_stop_id': 'MH-L-0', 'trip_id': 'walking', 'agency_name': 'Unknown'}, {'duration': 1500, 'departure_time': 7200, 'arrival_time': 8700, 'day': 'current_day', 'from_stop_id': 'MH-L-0', 'to_stop_id': 'MH-R-0', 'trip_id': '0-0-2', 'agency_name': 'Unknown'}, {'duration': 30, 'departure_time': 8700, 'arrival_time': 8730, 'day': 'current_day', 'from_stop_id': 'MH-R-0', 'to_stop_id': 'MH-R-4', 'trip_id': 'walking', 'agency_name': 'Unknown'}, {'duration': 330, 'departure_time': 8940, 'arrival_time': 9270, 'day': 'current_day', 'from_stop_id': 'MH-R-4', 'to_stop_id': '189-4', 'trip_id': '9-0-9', 'agency_name': 'Unknown'}]}"
114,203,8760,inter,left,255,[103; 115],[182; 201; 213; 225],500,375,1000,751,9135,9195.0,13110.0,13170.0,3915.0,4.0,103,182,,,pt,5161.0,13921.0,5161.0,"{'duration': 3915, 'source_transfer_time': 0, 'waiting_time': 435, 'trip_time': 3480, 'num_transfers': 4, 'departure_time': 9195, 'departure_day': 'current_day', 'arrival_time': 13110, 'arrival_day': 'current_day', 'steps': [{'duration': 930, 'departure_time': 9630, 'arrival_time': 10560, 'day': 'current_day', 'from_stop_id': '103-4', 'to_stop_id': 'MH-L-4', 'trip_id': '7-1-12', 'agency_name': 'Unknown'}, {'duration': 30, 'departure_time': 10560, 'arrival_time': 10590, 'day': 'current_day', 'from_stop_id': 'MH-L-4', 'to_stop_id': 'MH-L-0', 'trip_id': 'walking', 'agency_name': 'Unknown'}, {'duration': 1500, 'departure_time': 10800, 'arrival_time': 12300, 'day': 'current_day', 'from_stop_id': 'MH-L-0', 'to_stop_id': 'MH-R-0', 'trip_id': '0-0-4', 'agency_name': 'Unknown'}, {'duration': 30, 'departure_time': 12300, 'arrival_time': 12330, 'day': 'current_day', 'from_stop_id': 'MH-R-0', 'to_stop_id': 'MH-R-1', 'trip_id': 'walking', 'agency_name': 'Unknown'}, {'duration': 570, 'departure_time': 12540, 'arrival_time': 13110, 'day': 'current_day', 'from_stop_id': 'MH-R-1', 'to_stop_id': '182-1', 'trip_id': '3-0-15', 'agency_name': 'Unknown'}]}"
91,174,10920,inter,left,256,[91],[182],0,0,500,375,10920,10980.0,14910.0,14970.0,3930.0,4.0,91,182,,,pt,4425.0,15345.0,4425.0,"{'duration': 3930, 'source_transfer_time': 0, 'waiting_time': 90, 'trip_time': 3840, 'num_transfers': 4, 'departure_time': 10980, 'departure_day': 'current_day', 'arrival_time': 14910, 'arrival_day': 'current_day', 'steps': [{'duration': 690, 'departure_time': 11070, 'arrival_time': 11760, 'day': 'current_day', 'from_stop_id': '91-4', 'to_stop_id': 'MH-L-4', 'trip_id': '7-1-14', 'agency_name': 'Unknown'}, {'duration': 30, 'departure_time': 11760, 'arrival_time': 11790, 'day': 'current_day', 'from_stop_id': 'MH-L-4', 'to_stop_id': 'MH-L-0', 'trip_id': 'walking', 'agency_name': 'Unknown'}, {'duration': 1500, 'departure_time': 12600, 'arrival_time': 14100, 'day': 'current_day', 'from_stop_id': 'MH-L-0', 'to_stop_id': 'MH-R-0', 'trip_id': '0-0-5', 'agency_name': 'Unknown'}, {'duration': 30, 'departure_time': 14100, 'arrival_time': 14130, 'day': 'current_day', 'from_stop_id': 'MH-R-0', 'to_stop_id': 'MH-R-1', 'trip_id': 'walking', 'agency_name': 'Unknown'}, {'duration': 570, 'departure_time': 14340, 'arrival_time': 14910, 'day': 'current_day', 'from_stop_id': 'MH-R-1', 'to_stop_id': '182-1', 'trip_id': '3-0-18', 'agency_name': 'Unknown'}]}"
99,223,10830,inter,left,257,[99],[212; 224],0,0,500,375,10830,10890.0,15030.0,15090.0,4140.0,4.0,99,212,,,pt,4635.0,15465.0,4635.0,"{'duration': 4140, 'source_transfer_time': 0, 'waiting_time': 420, 'trip_time': 3720, 'num_transfers': 4, 'departure_time': 10890, 'departure_day': 'current_day', 'arrival_time': 15030, 'arrival_day': 'current_day', 'steps': [{'duration': 450, 'departure_time': 11310, 'arrival_time': 11760, 'day': 'current_day', 'from_stop_id': '99-2', 'to_stop_id': 'MH-L-2', 'trip_id': '2-0-14', 'agency_name': 'Unknown'}, {'duration': 30, 'departure_time': 11760, 'arrival_time': 11790, 'day': 'current_day', 'from_stop_id': 'MH-L-2', 'to_stop_id': 'MH-L-0', 'trip_id': 'walking', 'agency_name': 'Unknown'}, {'duration': 1500, 'departure_time': 12600, 'arrival_time': 14100, 'day': 'current_day', 'from_stop_id': 'MH-L-0', 'to_stop_id': 'MH-R-0', 'trip_id': '0-0-5', 'agency_name': 'Unknown'}, {'duration': 30, 'departure_time': 14100, 'arrival_time': 14130, 'day': 'current_day', 'from_stop_id': 'MH-R-0', 'to_stop_id': 'MH-R-4', 'trip_id': 'walking', 'agency_name': 'Unknown'}, {'duration': 690, 'departure_time': 14340, 'arrival_time': 15030, 'day': 'current_day', 'from_stop_id': 'MH-R-4', 'to_stop_id': '212-4', 'trip_id': '9-0-18', 'agency_name': 'Unknown'}]}"
106,144,11400,inter,left,258,[106],[144],0,0,0,0,11400,11460.0,16950.0,17010.0,5490.0,4.0,106,144,,,pt,5610.0,17010.0,5610.0,"{'duration': 5490, 'source_transfer_time': 0, 'waiting_time': 450, 'trip_time': 5040, 'num_transfers': 4, 'departure_time': 11460, 'departure_day': 'current_day', 'arrival_time': 16950, 'arrival_day': 'current_day', 'steps': [{'duration': 1050, 'departure_time': 11910, 'arrival_time': 12960, 'day': 'current_day', 'from_stop_id': '106-5', 'to_stop_id': 'MH-L-5', 'trip_id': '8-1-16', 'agency_name': 'Unknown'}, {'duration': 30, 'departure_time': 12960, 'arrival_time': 12990, 'day': 'current_day', 'from_stop_id': 'MH-L-5', 'to_stop_id': 'MH-L-0', 'trip_id': 'walking', 'agency_name': 'Unknown'}, {'duration': 1500, 'departure_time': 14400, 'arrival_time': 15900, 'day': 'current_day', 'from_stop_id': 'MH-L-0', 'to_stop_id': 'MH-R-0', 'trip_id': '0-0-6', 'agency_name': 'Unknown'}, {'duration': 30, 'departure_time': 15900, 'arrival_time': 15930, 'day': 'current_day', 'from_stop_id': 'MH-R-0', 'to_stop_id': 'MH-R-4', 'trip_id': 'walking', 'agency_name': 'Unknown'}, {'duration': 810, 'departure_time': 16140, 'arrival_time': 16950, 'day': 'current_day', 'from_stop_id': 'MH-R-4', 'to_stop_id': '144-4', 'trip_id': '9-1-21', 'agency_name': 'Unknown'}]}"
46,191,6660,inter,left,259,[35; 47; 56],[181],500,375,500,375,7035,7095.0,11190.0,11250.0,4095.0,4.0,35,181,,,pt,4965.0,11625.0,4965.0,"{'duration': 4095, 'source_transfer_time': 0, 'waiting_time': 495, 'trip_time': 3600, 'num_transfers': 4, 'departure_time': 7095, 'departure_day': 'current_day', 'arrival_time': 11190, 'arrival_day': 'current_day', 'steps': [{'duration': 570, 'departure_time': 7590, 'arrival_time': 8160, 'day': 'current_day', 'from_stop_id': '35-4', 'to_stop_id': 'MH-L-4', 'trip_id': '7-0-8', 'agency_name': 'Unknown'}, {'duration': 30, 'departure_time': 8160, 'arrival_time': 8190, 'day': 'current_day', 'from_stop_id': 'MH-L-4', 'to_stop_id': 'MH-L-0', 'trip_id': 'walking', 'agency_name': 'Unknown'}, {'duration': 1500, 'departure_time': 9000, 'arrival_time': 10500, 'day': 'current_day', 'from_stop_id': 'MH-L-0', 'to_stop_id': 'MH-R-0', 'trip_id': '0-0-3', 'agency_name': 'Unknown'}, {'duration': 30, 'departure_time': 10500, 'arrival_time': 10530, 'day': 'current_day', 'from_stop_id': 'MH-R-0', 'to_stop_id': 'MH-R-1', 'trip_id': 'walking', 'agency_name': 'Unknown'}, {'duration': 450, 'departure_time': 10740, 'arrival_time': 11190, 'day': 'current_day', 'from_stop_id': 'MH-R-1', 'to_stop_id': '181-1', 'trip_id': '3-0-12', 'agency_name': 'Unknown'}]}"
77,210,4920,inter,left,260,[77],[209],0,0,500,375,4920,4980.0,9270.0,9330.0,4290.0,4.0,77,209,,,pt,4785.0,9705.0,4785.0,"{'duration': 4290, 'source_transfer_time': 0, 'waiting_time': 570, 'trip_time': 3720, 'num_transfers': 4, 'departure_time': 4980, 'departure_day': 'current_day', 'arrival_time': 9270, 'arrival_day': 'current_day', 'steps': [{'duration': 210, 'departure_time': 5550, 'arrival_time': 5760, 'day': 'current_day', 'from_stop_id': '77-2', 'to_stop_id': 'MH-L-2', 'trip_id': '2-0-4', 'agency_name': 'Unknown'}, {'duration': 30, 'departure_time': 5760, 'arrival_time': 5790, 'day': 'current_day', 'from_stop_id': 'MH-L-2', 'to_stop_id': 'MH-L-0', 'trip_id': 'walking', 'agency_name': 'Unknown'}, {'duration': 1500, 'departure_time': 7200, 'arrival_time': 8700, 'day': 'current_day', 'from_stop_id': 'MH-L-0', 'to_stop_id': 'MH-R-0', 'trip_id': '0-0-2', 'agency_name': 'Unknown'}, {'duration': 30, 'departure_time': 8700, 'arrival_time': 8730, 'day': 'current_day', 'from_stop_id': 'MH-R-0', 'to_stop_id': 'MH-R-2', 'trip_id': 'walking', 'agency_name': 'Unknown'}, {'duration': 330, 'departure_time': 8940, 'arrival_time': 9270, 'day': 'current_day', 'from_stop_id': 'MH-R-2', 'to_stop_id': '209-2', 'trip_id': '4-1-9', 'agency_name': 'Unknown'}]}"
78,143,6930,inter,left,261,[67; 77; 79],[132; 144],500,375,500,375,7305,7365.0,11550.0,11610.0,4185.0,4.0,67,144,,,pt,5055.0,11985.0,5055.0,"{'duration': 4185, 'source_transfer_time': 0, 'waiting_time': 585, 'trip_time': 3600, 'num_transfers': 4, 'departure_time': 7365, 'departure_day': 'current_day', 'arrival_time': 11550, 'arrival_day': 'current_day', 'steps': [{'duration': 210, 'departure_time': 7950, 'arrival_time': 8160, 'day': 'current_day', 'from_stop_id': '67-4', 'to_stop_id': 'MH-L-4', 'trip_id': '7-1-8', 'agency_name': 'Unknown'}, {'duration': 30, 'departure_time': 8160, 'arrival_time': 8190, 'day': 'current_day', 'from_stop_id': 'MH-L-4', 'to_stop_id': 'MH-L-0', 'trip_id': 'walking', 'agency_name': 'Unknown'}, {'duration': 1500, 'departure_time': 9000, 'arrival_time': 10500, 'day': 'current_day', 'from_stop_id': 'MH-L-0', 'to_stop_id': 'MH-R-0', 'trip_id': '0-0-3', 'agency_name': 'Unknown'}, {'duration': 30, 'departure_time': 10500, 'arrival_time': 10530, 'day': 'current_day', 'from_stop_id': 'MH-R-0', 'to_stop_id': 'MH-R-4', 'trip_id': 'walking', 'agency_name': 'Unknown'}, {'duration': 810, 'departure_time': 10740, 'arrival_time': 11550, 'day': 'current_day', 'from_stop_id': 'MH-R-4', 'to_stop_id': '144-4', 'trip_id': '9-1-12', 'agency_name': 'Unknown'}]}"
106,194,6870,inter,left,262,[106],[176; 196; 206; 216],0,0,1000,751,6870,6930.0,11190.0,11250.0,4260.0,4.0,106,176,,,pt,5131.0,12001.0,5131.0,"{'duration': 4260, 'source_transfer_time': 0, 'waiting_time': 180, 'trip_time': 4080, 'num_transfers': 4, 'departure_time': 6930, 'departure_day': 'current_day', 'arrival_time': 11190, 'arrival_day': 'current_day', 'steps': [{'duration': 1050, 'departure_time': 7110, 'arrival_time': 8160, 'day': 'current_day', 'from_stop_id': '106-5', 'to_stop_id': 'MH-L-5', 'trip_id': '8-1-8', 'agency_name': 'Unknown'}, {'duration': 30, 'departure_time': 8160, 'arrival_time': 8190, 'day': 'current_day', 'from_stop_id': 'MH-L-5', 'to_stop_id': 'MH-L-0', 'trip_id': 'walking', 'agency_name': 'Unknown'}, {'duration': 1500, 'departure_time': 9000, 'arrival_time': 10500, 'day': 'current_day', 'from_stop_id': 'MH-L-0', 'to_stop_id': 'MH-R-0', 'trip_id': '0-0-3', 'agency_name': 'Unknown'}, {'duration': 30, 'departure_time': 10500, 'arrival_time': 10530, 'day': 'current_day', 'from_stop_id': 'MH-R-0', 'to_stop_id': 'MH-R-1', 'trip_id': 'walking', 'agency_name': 'Unknown'}, {'duration': 450, 'departure_time': 10740, 'arrival_time': 11190, 'day': 'current_day', 'from_stop_id': 'MH-R-1', 'to_stop_id': '176-1', 'trip_id': '3-1-12', 'agency_name': 'Unknown'}]}"
78,139,11160,inter,left,263,[67; 77; 79],[140; 150],500,375,500,375,11535,11595.0,14910.0,14970.0,3315.0,4.0,67,150,,,pt,4185.0,15345.0,4185.0,"{'duration': 3315, 'source_transfer_time': 0, 'waiting_time': 555, 'trip_time': 2760, 'num_transfers': 4, 'departure_time': 11595, 'departure_day': 'current_day', 'arrival_time': 14910, 'arrival_day': 'current_day', 'steps': [{'duration': 210, 'departure_time': 12150, 'arrival_time': 12360, 'day': 'current_day', 'from_stop_id': '67-4', 'to_stop_id': 'MH-L-4', 'trip_id': '7-1-15', 'agency_name': 'Unknown'}, {'duration': 30, 'departure_time': 12360, 'arrival_time': 12390, 'day': 'current_day', 'from_stop_id': 'MH-L-4', 'to_stop_id': 'MH-L-0', 'trip_id': 'walking', 'agency_name': 'Unknown'}, {'duration': 1500, 'departure_time': 12600, 'arrival_time': 14100, 'day': 'current_day', 'from_stop_id': 'MH-L-0', 'to_stop_id': 'MH-R-0', 'trip_id': '0-0-5', 'agency_name': 'Unknown'}, {'duration': 30, 'departure_time': 14100, 'arrival_time': 14130, 'day': 'current_day', 'from_stop_id': 'MH-R-0', 'to_stop_id': 'MH-R-5', 'trip_id': 'walking', 'agency_name': 'Unknown'}, {'duration': 570, 'departure_time': 14340, 'arrival_time': 14910, 'day': 'current_day', 'from_stop_id': 'MH-R-5', 'to_stop_id': '150-5', 'trip_id': '10-1-18', 'agency_name': 'Unknown'}]}"
13,231,13170,inter,left,264,[12; 24],[231],500,375,0,0,13545,13605.0,18510.0,18570.0,4905.0,4.0,12,231,,,pt,5400.0,18570.0,5400.0,"{'duration': 4905, 'source_transfer_time': 0, 'waiting_time': 225, 'trip_time': 4680, 'num_transfers': 4, 'departure_time': 13605, 'departure_day': 'current_day', 'arrival_time': 18510, 'arrival_day': 'current_day', 'steps': [{'duration': 930, 'departure_time': 13830, 'arrival_time': 14760, 'day': 'current_day', 'from_stop_id': '12-4', 'to_stop_id': 'MH-L-4', 'trip_id': '7-0-19', 'agency_name': 'Unknown'}, {'duration': 30, 'departure_time': 14760, 'arrival_time': 14790, 'day': 'current_day', 'from_stop_id': 'MH-L-4', 'to_stop_id': 'MH-L-0', 'trip_id': 'walking', 'agency_name': 'Unknown'}, {'duration': 1500, 'departure_time': 16200, 'arrival_time': 17700, 'day': 'current_day', 'from_stop_id': 'MH-L-0', 'to_stop_id': 'MH-R-0', 'trip_id': '0-0-7', 'agency_name': 'Unknown'}, {'duration': 30, 'departure_time': 17700, 'arrival_time': 17730, 'day': 'current_day', 'from_stop_id': 'MH-R-0', 'to_stop_id': 'MH-R-2', 'trip_id': 'walking', 'agency_name': 'Unknown'}, {'duration': 570, 'departure_time': 17940, 'arrival_time': 18510, 'day': 'current_day', 'from_stop_id': 'MH-R-2', 'to_stop_id': '231-2', 'trip_id': '4-1-24', 'agency_name': 'Unknown'}]}"
36,177,9030,inter,left,265,[36],[177],0,0,0,0,9030,9090.0,12870.0,12930.0,3780.0,4.0,36,177,,,pt,3900.0,12930.0,3900.0,"{'duration': 3780, 'source_transfer_time': 0, 'waiting_time': 420, 'trip_time': 3360, 'num_transfers': 4, 'departure_time': 9090, 'departure_day': 'current_day', 'arrival_time': 12870, 'arrival_day': 'current_day', 'steps': [{'duration': 450, 'departure_time': 9510, 'arrival_time': 9960, 'day': 'current_day', 'from_stop_id': '36-4', 'to_stop_id': 'MH-L-4', 'trip_id': '7-0-11', 'agency_name': 'Unknown'}, {'duration': 30, 'departure_time': 9960, 'arrival_time': 9990, 'day': 'current_day', 'from_stop_id': 'MH-L-4', 'to_stop_id': 'MH-L-0', 'trip_id': 'walking', 'agency_name': 'Unknown'}, {'duration': 1500, 'departure_time': 10800, 'arrival_time': 12300, 'day': 'current_day', 'from_stop_id': 'MH-L-0', 'to_stop_id': 'MH-R-0', 'trip_id': '0-0-4', 'agency_name': 'Unknown'}, {'duration': 30, 'departure_time': 12300, 'arrival_time': 12330, 'day': 'current_day', 'from_stop_id': 'MH-R-0', 'to_stop_id': 'MH-R-1', 'trip_id': 'walking', 'agency_name': 'Unknown'}, {'duration': 330, 'departure_time': 12540, 'arrival_time': 12870, 'day': 'current_day', 'from_stop_id': 'MH-R-1', 'to_stop_id': '177-1', 'trip_id': '3-1-15', 'agency_name': 'Unknown'}]}"
101,147,11010,inter,left,266,[79; 91; 99; 103],[148],1000,751,500,375,11761,11821.0,14670.0,14730.0,2849.0,4.0,79,148,,,pt,4095.0,15105.0,4095.0,"{'duration': 2849, 'source_transfer_time': 0, 'waiting_time': 89, 'trip_time': 2760, 'num_transfers': 4, 'departure_time': 11821, 'departure_day': 'current_day', 'arrival_time': 14670, 'arrival_day': 'current_day', 'steps': [{'duration': 450, 'departure_time': 11910, 'arrival_time': 12360, 'day': 'current_day', 'from_stop_id': '79-4', 'to_stop_id': 'MH-L-4', 'trip_id': '7-1-15', 'agency_name': 'Unknown'}, {'duration': 30, 'departure_time': 12360, 'arrival_time': 12390, 'day': 'current_day', 'from_stop_id': 'MH-L-4', 'to_stop_id': 'MH-L-0', 'trip_id': 'walking', 'agency_name': 'Unknown'}, {'duration': 1500, 'departure_time': 12600, 'arrival_time': 14100, 'day': 'current_day', 'from_stop_id': 'MH-L-0', 'to_stop_id': 'MH-R-0', 'trip_id': '0-0-5', 'agency_name': 'Unknown'}, {'duration': 30, 'departure_time': 14100, 'arrival_time': 14130, 'day': 'current_day', 'from_stop_id': 'MH-R-0', 'to_stop_id': 'MH-R-2', 'trip_id': 'walking', 'agency_name': 'Unknown'}, {'duration': 330, 'departure_time': 14340, 'arrival_time': 14670, 'day': 'current_day', 'from_stop_id': 'MH-R-2', 'to_stop_id': '148-2', 'trip_id': '4-0-18', 'agency_name': 'Unknown'}]}"
42,136,11520,inter,left,267,[20; 30; 40; 60],[137],1000,751,500,375,12271,12331.0,16590.0,16650.0,4259.0,4.0,20,137,,,pt,5505.0,17025.0,5505.0,"{'duration': 4259, 'source_transfer_time': 0, 'waiting_time': 299, 'trip_time': 3960, 'num_transfers': 4, 'departure_time': 12331, 'departure_day': 'current_day', 'arrival_time': 16590, 'arrival_day': 'current_day', 'steps': [{'duration': 930, 'departure_time': 12630, 'arrival_time': 13560, 'day': 'current_day', 'from_stop_id': '20-5', 'to_stop_id': 'MH-L-5', 'trip_id': '8-0-17', 'agency_name': 'Unknown'}, {'duration': 30, 'departure_time': 13560, 'arrival_time': 13590, 'day': 'current_day', 'from_stop_id': 'MH-L-5', 'to_stop_id': 'MH-L-0', 'trip_id': 'walking', 'agency_name': 'Unknown'}, {'duration': 1500, 'departure_time': 14400, 'arrival_time': 15900, 'day': 'current_day', 'from_stop_id': 'MH-L-0', 'to_stop_id': 'MH-R-0', 'trip_id': '0-0-6', 'agency_name': 'Unknown'}, {'duration': 30, 'departure_time': 15900, 'arrival_time': 15930, 'day': 'current_day', 'from_stop_id': 'MH-R-0', 'to_stop_id': 'MH-R-2', 'trip_id': 'walking', 'agency_name': 'Unknown'}, {'duration': 450, 'departure_time': 16140, 'arrival_time': 16590, 'day': 'current_day', 'from_stop_id': 'MH-R-2', 'to_stop_id': '137-2', 'trip_id': '4-0-21', 'agency_name': 'Unknown'}]}"
56,228,8820,inter,left,268,[56],[217; 227],0,0,500,375,8820,8880.0,13350.0,13410.0,4470.0,4.0,56,217,,,pt,4965.0,13785.0,4965.0,"{'duration': 4470, 'source_transfer_time': 0, 'waiting_time': 150, 'trip_time': 4320, 'num_transfers': 4, 'departure_time': 8880, 'departure_day': 'current_day', 'arrival_time': 13350, 'arrival_day': 'current_day', 'steps': [{'duration': 330, 'departure_time': 9030, 'arrival_time': 9360, 'day': 'current_day', 'from_stop_id': '56-1', 'to_stop_id': 'MH-L-1', 'trip_id': '1-0-10', 'agency_name': 'Unknown'}, {'duration': 30, 'departure_time': 9360, 'arrival_time': 9390, 'day': 'current_day', 'from_stop_id': 'MH-L-1', 'to_stop_id': 'MH-L-0', 'trip_id': 'walking', 'agency_name': 'Unknown'}, {'duration': 1500, 'departure_time': 10800, 'arrival_time': 12300, 'day': 'current_day', 'from_stop_id': 'MH-L-0', 'to_stop_id': 'MH-R-0', 'trip_id': '0-0-4', 'agency_name': 'Unknown'}, {'duration': 30, 'departure_time': 12300, 'arrival_time': 12330, 'day': 'current_day', 'from_stop_id': 'MH-R-0', 'to_stop_id': 'MH-R-5', 'trip_id': 'walking', 'agency_name': 'Unknown'}, {'duration': 810, 'departure_time': 12540, 'arrival_time': 13350, 'day': 'current_day', 'from_stop_id': 'MH-R-5', 'to_stop_id': '217-5', 'trip_id': '10-0-15', 'agency_name': 'Unknown'}]}"
89,188,5970,inter,left,269,[88],[188],500,375,0,0,6345,6405.0,9150.0,9210.0,2745.0,4.0,88,188,,,pt,3240.0,9210.0,3240.0,"{'duration': 2745, 'source_transfer_time': 0, 'waiting_time': 225, 'trip_time': 2520, 'num_transfers': 4, 'departure_time': 6405, 'departure_day': 'current_day', 'arrival_time': 9150, 'arrival_day': 'current_day', 'steps': [{'duration': 330, 'departure_time': 6630, 'arrival_time': 6960, 'day': 'current_day', 'from_stop_id': '88-2', 'to_stop_id': 'MH-L-2', 'trip_id': '2-0-6', 'agency_name': 'Unknown'}, {'duration': 30, 'departure_time': 6960, 'arrival_time': 6990, 'day': 'current_day', 'from_stop_id': 'MH-L-2', 'to_stop_id': 'MH-L-0', 'trip_id': 'walking', 'agency_name': 'Unknown'}, {'duration': 1500, 'departure_time': 7200, 'arrival_time': 8700, 'day': 'current_day', 'from_stop_id': 'MH-L-0', 'to_stop_id': 'MH-R-0', 'trip_id': '0-0-2', 'agency_name': 'Unknown'}, {'duration': 30, 'departure_time': 8700, 'arrival_time': 8730, 'day': 'current_day', 'from_stop_id': 'MH-R-0', 'to_stop_id': 'MH-R-4', 'trip_id': 'walking', 'agency_name': 'Unknown'}, {'duration': 210, 'departure_time': 8940, 'arrival_time': 9150, 'day': 'current_day', 'from_stop_id': 'MH-R-4', 'to_stop_id': '188-4', 'trip_id': '9-0-9', 'agency_name': 'Unknown'}]}"
38,159,5910,inter,left,270,[38],[159],0,0,0,0,5910,5970.0,9150.0,9210.0,3180.0,4.0,38,159,,,pt,3300.0,9210.0,3300.0,"{'duration': 3180, 'source_transfer_time': 0, 'waiting_time': 180, 'trip_time': 3000, 'num_transfers': 4, 'departure_time': 5970, 'departure_day': 'current_day', 'arrival_time': 9150, 'arrival_day': 'current_day', 'steps': [{'duration': 210, 'departure_time': 6150, 'arrival_time': 6360, 'day': 'current_day', 'from_stop_id': '38-2', 'to_stop_id': 'MH-L-2', 'trip_id': '2-1-5', 'agency_name': 'Unknown'}, {'duration': 30, 'departure_time': 6360, 'arrival_time': 6390, 'day': 'current_day', 'from_stop_id': 'MH-L-2', 'to_stop_id': 'MH-L-0', 'trip_id': 'walking', 'agency_name': 'Unknown'}, {'duration': 1500, 'departure_time': 7200, 'arrival_time': 8700, 'day': 'current_day', 'from_stop_id': 'MH-L-0', 'to_stop_id': 'MH-R-0', 'trip_id': '0-0-2', 'agency_name': 'Unknown'}, {'duration': 30, 'departure_time': 8700, 'arrival_time': 8730, 'day': 'current_day', 'from_stop_id': 'MH-R-0', 'to_stop_id': 'MH-R-2', 'trip_id': 'walking', 'agency_name': 'Unknown'}, {'duration': 210, 'departure_time': 8940, 'arrival_time': 9150, 'day': 'current_day', 'from_stop_id': 'MH-R-2', 'to_stop_id': '159-2', 'trip_id': '4-0-9', 'agency_name': 'Unknown'}]}"
55,124,6780,inter,left,271,[55],[126],0,0,1000,751,6780,6840.0,11310.0,11370.0,4470.0,4.0,55,126,,,pt,5341.0,12121.0,5341.0,"{'duration': 4470, 'source_transfer_time': 0, 'waiting_time': 270, 'trip_time': 4200, 'num_transfers': 4, 'departure_time': 6840, 'departure_day': 'current_day', 'arrival_time': 11310, 'arrival_day': 'current_day', 'steps': [{'duration': 450, 'departure_time': 7110, 'arrival_time': 7560, 'day': 'current_day', 'from_stop_id': '55-1', 'to_stop_id': 'MH-L-1', 'trip_id': '1-0-7', 'agency_name': 'Unknown'}, {'duration': 30, 'departure_time': 7560, 'arrival_time': 7590, 'day': 'current_day', 'from_stop_id': 'MH-L-1', 'to_stop_id': 'MH-L-0', 'trip_id': 'walking', 'agency_name': 'Unknown'}, {'duration': 1500, 'departure_time': 9000, 'arrival_time': 10500, 'day': 'current_day', 'from_stop_id': 'MH-L-0', 'to_stop_id': 'MH-R-0', 'trip_id': '0-0-3', 'agency_name': 'Unknown'}, {'duration': 30, 'departure_time': 10500, 'arrival_time': 10530, 'day': 'current_day', 'from_stop_id': 'MH-R-0', 'to_stop_id': 'MH-R-2', 'trip_id': 'walking', 'agency_name': 'Unknown'}, {'duration': 570, 'departure_time': 10740, 'arrival_time': 11310, 'day': 'current_day', 'from_stop_id': 'MH-R-2', 'to_stop_id': '126-2', 'trip_id': '4-0-12', 'agency_name': 'Unknown'}]}"
46,185,3750,inter,left,272,[35; 47; 56],[177],500,375,500,375,4125,4185.0,7470.0,7530.0,3285.0,4.0,35,177,,,pt,4155.0,7905.0,4155.0,"{'duration': 3285, 'source_transfer_time': 0, 'waiting_time': 405, 'trip_time': 2880, 'num_transfers': 4, 'departure_time': 4185, 'departure_day': 'current_day', 'arrival_time': 7470, 'arrival_day': 'current_day', 'steps': [{'duration': 570, 'departure_time': 4590, 'arrival_time': 5160, 'day': 'current_day', 'from_stop_id': '35-4', 'to_stop_id': 'MH-L-4', 'trip_id': '7-0-3', 'agency_name': 'Unknown'}, {'duration': 30, 'departure_time': 5160, 'arrival_time': 5190, 'day': 'current_day', 'from_stop_id': 'MH-L-4', 'to_stop_id': 'MH-L-0', 'trip_id': 'walking', 'agency_name': 'Unknown'}, {'duration': 1500, 'departure_time': 5400, 'arrival_time': 6900, 'day': 'current_day', 'from_stop_id': 'MH-L-0', 'to_stop_id': 'MH-R-0', 'trip_id': '0-0-1', 'agency_name': 'Unknown'}, {'duration': 30, 'departure_time': 6900, 'arrival_time': 6930, 'day': 'current_day', 'from_stop_id': 'MH-R-0', 'to_stop_id': 'MH-R-1', 'trip_id': 'walking', 'agency_name': 'Unknown'}, {'duration': 330, 'departure_time': 7140, 'arrival_time': 7470, 'day': 'current_day', 'from_stop_id': 'MH-R-1', 'to_stop_id': '177-1', 'trip_id': '3-1-6', 'agency_name': 'Unknown'}]}"
77,162,8160,inter,left,273,[77],[151; 161],0,0,500,375,8160,8220.0,11190.0,11250.0,2970.0,4.0,77,161,,,pt,3465.0,11625.0,3465.0,"{'duration': 2970, 'source_transfer_time': 0, 'waiting_time': 330, 'trip_time': 2640, 'num_transfers': 4, 'departure_time': 8220, 'departure_day': 'current_day', 'arrival_time': 11190, 'arrival_day': 'current_day', 'steps': [{'duration': 210, 'departure_time': 8550, 'arrival_time': 8760, 'day': 'current_day', 'from_stop_id': '77-2', 'to_stop_id': 'MH-L-2', 'trip_id': '2-0-9', 'agency_name': 'Unknown'}, {'duration': 30, 'departure_time': 8760, 'arrival_time': 8790, 'day': 'current_day', 'from_stop_id': 'MH-L-2', 'to_stop_id': 'MH-L-0', 'trip_id': 'walking', 'agency_name': 'Unknown'}, {'duration': 1500, 'departure_time': 9000, 'arrival_time': 10500, 'day': 'current_day', 'from_stop_id': 'MH-L-0', 'to_stop_id': 'MH-R-0', 'trip_id': '0-0-3', 'agency_name': 'Unknown'}, {'duration': 30, 'departure_time': 10500, 'arrival_time': 10530, 'day': 'current_day', 'from_stop_id': 'MH-R-0', 'to_stop_id': 'MH-R-5', 'trip_id': 'walking', 'agency_name': 'Unknown'}, {'duration': 450, 'departure_time': 10740, 'arrival_time': 11190, 'day': 'current_day', 'from_stop_id': 'MH-R-5', 'to_stop_id': '161-5', 'trip_id': '10-1-12', 'agency_name': 'Unknown'}]}"
102,179,9930,inter,left,274,[91; 103],[179],500,375,0,0,10305,10365.0,14550.0,14610.0,4185.0,4.0,91,179,,,pt,4680.0,14610.0,4680.0,"{'duration': 4185, 'source_transfer_time': 0, 'waiting_time': 105, 'trip_time': 4080, 'num_transfers': 4, 'departure_time': 10365, 'departure_day': 'current_day', 'arrival_time': 14550, 'arrival_day': 'current_day', 'steps': [{'duration': 690, 'departure_time': 10470, 'arrival_time': 11160, 'day': 'current_day', 'from_stop_id': '91-4', 'to_stop_id': 'MH-L-4', 'trip_id': '7-1-13', 'agency_name': 'Unknown'}, {'duration': 30, 'departure_time': 11160, 'arrival_time': 11190, 'day': 'current_day', 'from_stop_id': 'MH-L-4', 'to_stop_id': 'MH-L-0', 'trip_id': 'walking', 'agency_name': 'Unknown'}, {'duration': 1500, 'departure_time': 12600, 'arrival_time': 14100, 'day': 'current_day', 'from_stop_id': 'MH-L-0', 'to_stop_id': 'MH-R-0', 'trip_id': '0-0-5', 'agency_name': 'Unknown'}, {'duration': 30, 'departure_time': 14100, 'arrival_time': 14130, 'day': 'current_day', 'from_stop_id': 'MH-R-0', 'to_stop_id': 'MH-R-1', 'trip_id': 'walking', 'agency_name': 'Unknown'}, {'duration': 210, 'departure_time': 14340, 'arrival_time': 14550, 'day': 'current_day', 'from_stop_id': 'MH-R-1', 'to_stop_id': '179-1', 'trip_id': '3-0-18', 'agency_name': 'Unknown'}]}"
41,197,10920,inter,left,275,[30; 40],[197],500,375,0,0,11295,11355.0,14670.0,14730.0,3315.0,4.0,30,197,,,pt,3810.0,14730.0,3810.0,"{'duration': 3315, 'source_transfer_time': 0, 'waiting_time': 315, 'trip_time': 3000, 'num_transfers': 4, 'departure_time': 11355, 'departure_day': 'current_day', 'arrival_time': 14670, 'arrival_day': 'current_day', 'steps': [{'duration': 690, 'departure_time': 11670, 'arrival_time': 12360, 'day': 'current_day', 'from_stop_id': '30-5', 'to_stop_id': 'MH-L-5', 'trip_id': '8-0-15', 'agency_name': 'Unknown'}, {'duration': 30, 'departure_time': 12360, 'arrival_time': 12390, 'day': 'current_day', 'from_stop_id': 'MH-L-5', 'to_stop_id': 'MH-L-0', 'trip_id': 'walking', 'agency_name': 'Unknown'}, {'duration': 1500, 'departure_time': 12600, 'arrival_time': 14100, 'day': 'current_day', 'from_stop_id': 'MH-L-0', 'to_stop_id': 'MH-R-0', 'trip_id': '0-0-5', 'agency_name': 'Unknown'}, {'duration': 30, 'departure_time': 14100, 'arrival_time': 14130, 'day': 'current_day', 'from_stop_id': 'MH-R-0', 'to_stop_id': 'MH-R-5', 'trip_id': 'walking', 'agency_name': 'Unknown'}, {'duration': 330, 'departure_time': 14340, 'arrival_time': 14670, 'day': 'current_day', 'from_stop_id': 'MH-R-5', 'to_stop_id': '197-5', 'trip_id': '10-0-18', 'agency_name': 'Unknown'}]}"
7,136,10380,inter,left,276,[5; 9; 19; 29],[137],1000,751,500,375,11131,11191.0,14790.0,14850.0,3599.0,4.0,5,137,,,pt,4845.0,15225.0,4845.0,"{'duration': 3599, 'source_transfer_time': 0, 'waiting_time': 599, 'trip_time': 3000, 'num_transfers': 4, 'departure_time': 11191, 'departure_day': 'current_day', 'arrival_time': 14790, 'arrival_day': 'current_day', 'steps': [{'duration': 570, 'departure_time': 11790, 'arrival_time': 12360, 'day': 'current_day', 'from_stop_id': '5-2', 'to_stop_id': 'MH-L-2', 'trip_id': '2-1-15', 'agency_name': 'Unknown'}, {'duration': 30, 'departure_time': 12360, 'arrival_time': 12390, 'day': 'current_day', 'from_stop_id': 'MH-L-2', 'to_stop_id': 'MH-L-0', 'trip_id': 'walking', 'agency_name': 'Unknown'}, {'duration': 1500, 'departure_time': 12600, 'arrival_time': 14100, 'day': 'current_day', 'from_stop_id': 'MH-L-0', 'to_stop_id': 'MH-R-0', 'trip_id': '0-0-5', 'agency_name': 'Unknown'}, {'duration': 30, 'departure_time': 14100, 'arrival_time': 14130, 'day': 'current_day', 'from_stop_id': 'MH-R-0', 'to_stop_id': 'MH-R-2', 'trip_id': 'walking', 'agency_name': 'Unknown'}, {'duration': 450, 'departure_time': 14340, 'arrival_time': 14790, 'day': 'current_day', 'from_stop_id': 'MH-R-2', 'to_stop_id': '137-2', 'trip_id': '4-0-18', 'agency_name': 'Unknown'}]}"
108,130,5160,inter,left,277,[86; 96; 106; 110],[130],1000,751,0,0,5911,5971.0,9990.0,10050.0,4019.0,4.0,86,130,,,pt,4890.0,10050.0,4890.0,"{'duration': 4019, 'source_transfer_time': 0, 'waiting_time': 419, 'trip_time': 3600, 'num_transfers': 4, 'departure_time': 5971, 'departure_day': 'current_day', 'arrival_time': 9990, 'arrival_day': 'current_day', 'steps': [{'duration': 570, 'departure_time': 6390, 'arrival_time': 6960, 'day': 'current_day', 'from_stop_id': '86-5', 'to_stop_id': 'MH-L-5', 'trip_id': '8-1-6', 'agency_name': 'Unknown'}, {'duration': 30, 'departure_time': 6960, 'arrival_time': 6990, 'day': 'current_day', 'from_stop_id': 'MH-L-5', 'to_stop_id': 'MH-L-0', 'trip_id': 'walking', 'agency_name': 'Unknown'}, {'duration': 1500, 'departure_time': 7200, 'arrival_time': 8700, 'day': 'current_day', 'from_stop_id': 'MH-L-0', 'to_stop_id': 'MH-R-0', 'trip_id': '0-0-2', 'agency_name': 'Unknown'}, {'duration': 30, 'departure_time': 8700, 'arrival_time': 8730, 'day': 'current_day', 'from_stop_id': 'MH-R-0', 'to_stop_id': 'MH-R-5', 'trip_id': 'walking', 'agency_name': 'Unknown'}, {'duration': 1050, 'departure_time': 8940, 'arrival_time': 9990, 'day': 'current_day', 'from_stop_id': 'MH-R-5', 'to_stop_id': '130-5', 'trip_id': '10-1-9', 'agency_name': 'Unknown'}]}"
64,233,14130,inter,left,278,[56],[231],500,375,1000,751,14505,14565.0,18510.0,18570.0,3945.0,4.0,56,231,,,pt,5191.0,19321.0,5191.0,"{'duration': 3945, 'source_transfer_time': 0, 'waiting_time': 465, 'trip_time': 3480, 'num_transfers': 4, 'departure_time': 14565, 'departure_day': 'current_day', 'arrival_time': 18510, 'arrival_day': 'current_day', 'steps': [{'duration': 330, 'departure_time': 15030, 'arrival_time': 15360, 'day': 'current_day', 'from_stop_id': '56-1', 'to_stop_id': 'MH-L-1', 'trip_id': '1-0-20', 'agency_name': 'Unknown'}, {'duration': 30, 'departure_time': 15360, 'arrival_time': 15390, 'day': 'current_day', 'from_stop_id': 'MH-L-1', 'to_stop_id': 'MH-L-0', 'trip_id': 'walking', 'agency_name': 'Unknown'}, {'duration': 1500, 'departure_time': 16200, 'arrival_time': 17700, 'day': 'current_day', 'from_stop_id': 'MH-L-0', 'to_stop_id': 'MH-R-0', 'trip_id': '0-0-7', 'agency_name': 'Unknown'}, {'duration': 30, 'departure_time': 17700, 'arrival_time': 17730, 'day': 'current_day', 'from_stop_id': 'MH-R-0', 'to_stop_id': 'MH-R-2', 'trip_id': 'walking', 'agency_name': 'Unknown'}, {'duration': 570, 'departure_time': 17940, 'arrival_time': 18510, 'day': 'current_day', 'from_stop_id': 'MH-R-2', 'to_stop_id': '231-2', 'trip_id': '4-1-24', 'agency_name': 'Unknown'}]}"
105,185,10860,inter,left,279,[105],[177],0,0,500,375,10860,10920.0,14670.0,14730.0,3750.0,4.0,105,177,,,pt,4245.0,15105.0,4245.0,"{'duration': 3750, 'source_transfer_time': 0, 'waiting_time': 270, 'trip_time': 3480, 'num_transfers': 4, 'departure_time': 10920, 'departure_day': 'current_day', 'arrival_time': 14670, 'arrival_day': 'current_day', 'steps': [{'duration': 1170, 'departure_time': 11190, 'arrival_time': 12360, 'day': 'current_day', 'from_stop_id': '105-5', 'to_stop_id': 'MH-L-5', 'trip_id': '8-1-15', 'agency_name': 'Unknown'}, {'duration': 30, 'departure_time': 12360, 'arrival_time': 12390, 'day': 'current_day', 'from_stop_id': 'MH-L-5', 'to_stop_id': 'MH-L-0', 'trip_id': 'walking', 'agency_name': 'Unknown'}, {'duration': 1500, 'departure_time': 12600, 'arrival_time': 14100, 'day': 'current_day', 'from_stop_id': 'MH-L-0', 'to_stop_id': 'MH-R-0', 'trip_id': '0-0-5', 'agency_name': 'Unknown'}, {'duration': 30, 'departure_time': 14100, 'arrival_time': 14130, 'day': 'current_day', 'from_stop_id': 'MH-R-0', 'to_stop_id': 'MH-R-1', 'trip_id': 'walking', 'agency_name': 'Unknown'}, {'duration': 330, 'departure_time': 14340, 'arrival_time': 14670, 'day': 'current_day', 'from_stop_id': 'MH-R-1', 'to_stop_id': '177-1', 'trip_id': '3-1-18', 'agency_name': 'Unknown'}]}"
20,187,7140,inter,left,280,[20],[187],0,0,0,0,7140,7200.0,10950.0,11010.0,3750.0,4.0,20,187,,,pt,3870.0,11010.0,3870.0,"{'duration': 3750, 'source_transfer_time': 0, 'waiting_time': 30, 'trip_time': 3720, 'num_transfers': 4, 'departure_time': 7200, 'departure_day': 'current_day', 'arrival_time': 10950, 'arrival_day': 'current_day', 'steps': [{'duration': 930, 'departure_time': 7230, 'arrival_time': 8160, 'day': 'current_day', 'from_stop_id': '20-5', 'to_stop_id': 'MH-L-5', 'trip_id': '8-0-8', 'agency_name': 'Unknown'}, {'duration': 30, 'departure_time': 8160, 'arrival_time': 8190, 'day': 'current_day', 'from_stop_id': 'MH-L-5', 'to_stop_id': 'MH-L-0', 'trip_id': 'walking', 'agency_name': 'Unknown'}, {'duration': 1500, 'departure_time': 9000, 'arrival_time': 10500, 'day': 'current_day', 'from_stop_id': 'MH-L-0', 'to_stop_id': 'MH-R-0', 'trip_id': '0-0-3', 'agency_name': 'Unknown'}, {'duration': 30, 'departure_time': 10500, 'arrival_time': 10530, 'day': 'current_day', 'from_stop_id': 'MH-R-0', 'to_stop_id': 'MH-R-5', 'trip_id': 'walking', 'agency_name': 'Unknown'}, {'duration': 210, 'departure_time': 10740, 'arrival_time': 10950, 'day': 'current_day', 'from_stop_id': 'MH-R-5', 'to_stop_id': '187-5', 'trip_id': '10-0-12', 'agency_name': 'Unknown'}]}"
80,129,8910,inter,left,281,[80],[130; 140],0,0,500,375,8910,8970.0,13350.0,13410.0,4380.0,4.0,80,140,,,pt,4875.0,13785.0,4875.0,"{'duration': 4380, 'source_transfer_time': 0, 'waiting_time': 420, 'trip_time': 3960, 'num_transfers': 4, 'departure_time': 8970, 'departure_day': 'current_day', 'arrival_time': 13350, 'arrival_day': 'current_day', 'steps': [{'duration': 570, 'departure_time': 9390, 'arrival_time': 9960, 'day': 'current_day', 'from_stop_id': '80-4', 'to_stop_id': 'MH-L-4', 'trip_id': '7-1-11', 'agency_name': 'Unknown'}, {'duration': 30, 'departure_time': 9960, 'arrival_time': 9990, 'day': 'current_day', 'from_stop_id': 'MH-L-4', 'to_stop_id': 'MH-L-0', 'trip_id': 'walking', 'agency_name': 'Unknown'}, {'duration': 1500, 'departure_time': 10800, 'arrival_time': 12300, 'day': 'current_day', 'from_stop_id': 'MH-L-0', 'to_stop_id': 'MH-R-0', 'trip_id': '0-0-4', 'agency_name': 'Unknown'}, {'duration': 30, 'departure_time': 12300, 'arrival_time': 12330, 'day': 'current_day', 'from_stop_id': 'MH-R-0', 'to_stop_id': 'MH-R-5', 'trip_id': 'walking', 'agency_name': 'Unknown'}, {'duration': 810, 'departure_time': 12540, 'arrival_time': 13350, 'day': 'current_day', 'from_stop_id': 'MH-R-5', 'to_stop_id': '140-5', 'trip_id': '10-1-15', 'agency_name': 'Unknown'}]}"
20,133,8190,inter,left,282,[20],[133],0,0,0,0,8190,8250.0,13470.0,13530.0,5220.0,4.0,20,133,,,pt,5340.0,13530.0,5340.0,"{'duration': 5220, 'source_transfer_time': 0, 'waiting_time': 180, 'trip_time': 5040, 'num_transfers': 4, 'departure_time': 8250, 'departure_day': 'current_day', 'arrival_time': 13470, 'arrival_day': 'current_day', 'steps': [{'duration': 930, 'departure_time': 8430, 'arrival_time': 9360, 'day': 'current_day', 'from_stop_id': '20-5', 'to_stop_id': 'MH-L-5', 'trip_id': '8-0-10', 'agency_name': 'Unknown'}, {'duration': 30, 'departure_time': 9360, 'arrival_time': 9390, 'day': 'current_day', 'from_stop_id': 'MH-L-5', 'to_stop_id': 'MH-L-0', 'trip_id': 'walking', 'agency_name': 'Unknown'}, {'duration': 1500, 'departure_time': 10800, 'arrival_time': 12300, 'day': 'current_day', 'from_stop_id': 'MH-L-0', 'to_stop_id': 'MH-R-0', 'trip_id': '0-0-4', 'agency_name': 'Unknown'}, {'duration': 30, 'departure_time': 12300, 'arrival_time': 12330, 'day': 'current_day', 'from_stop_id': 'MH-R-0', 'to_stop_id': 'MH-R-4', 'trip_id': 'walking', 'agency_name': 'Unknown'}, {'duration': 930, 'departure_time': 12540, 'arrival_time': 13470, 'day': 'current_day', 'from_stop_id': 'MH-R-4', 'to_stop_id': '133-4', 'trip_id': '9-1-15', 'agency_name': 'Unknown'}]}"
16,168,4770,inter,left,283,[16],[168],0,0,0,0,4770,4830.0,9270.0,9330.0,4440.0,4.0,16,168,,,pt,4560.0,9330.0,4560.0,"{'duration': 4440, 'source_transfer_time': 0, 'waiting_time': 480, 'trip_time': 3960, 'num_transfers': 4, 'departure_time': 4830, 'departure_day': 'current_day', 'arrival_time': 9270, 'arrival_day': 'current_day', 'steps': [{'duration': 450, 'departure_time': 5310, 'arrival_time': 5760, 'day': 'current_day', 'from_stop_id': '16-2', 'to_stop_id': 'MH-L-2', 'trip_id': '2-1-4', 'agency_name': 'Unknown'}, {'duration': 30, 'departure_time': 5760, 'arrival_time': 5790, 'day': 'current_day', 'from_stop_id': 'MH-L-2', 'to_stop_id': 'MH-L-0', 'trip_id': 'walking', 'agency_name': 'Unknown'}, {'duration': 1500, 'departure_time': 7200, 'arrival_time': 8700, 'day': 'current_day', 'from_stop_id': 'MH-L-0', 'to_stop_id': 'MH-R-0', 'trip_id': '0-0-2', 'agency_name': 'Unknown'}, {'duration': 30, 'departure_time': 8700, 'arrival_time': 8730, 'day': 'current_day', 'from_stop_id': 'MH-R-0', 'to_stop_id': 'MH-R-4', 'trip_id': 'walking', 'agency_name': 'Unknown'}, {'duration': 330, 'departure_time': 8940, 'arrival_time': 9270, 'day': 'current_day', 'from_stop_id': 'MH-R-4', 'to_stop_id': '168-4', 'trip_id': '9-1-9', 'agency_name': 'Unknown'}]}"
52,222,12750,inter,left,284,[60],[200; 212; 220; 224],500,375,1000,751,13125,13185.0,16590.0,16650.0,3405.0,4.0,60,200,,,pt,4651.0,17401.0,4651.0,"{'duration': 3405, 'source_transfer_time': 0, 'waiting_time': 525, 'trip_time': 2880, 'num_transfers': 4, 'departure_time': 13185, 'departure_day': 'current_day', 'arrival_time': 16590, 'arrival_day': 'current_day', 'steps': [{'duration': 450, 'departure_time': 13710, 'arrival_time': 14160, 'day': 'current_day', 'from_stop_id': '60-1', 'to_stop_id': 'MH-L-1', 'trip_id': '1-1-18', 'agency_name': 'Unknown'}, {'duration': 30, 'departure_time': 14160, 'arrival_time': 14190, 'day': 'current_day', 'from_stop_id': 'MH-L-1', 'to_stop_id': 'MH-L-0', 'trip_id': 'walking', 'agency_name': 'Unknown'}, {'duration': 1500, 'departure_time': 14400, 'arrival_time': 15900, 'day': 'current_day', 'from_stop_id': 'MH-L-0', 'to_stop_id': 'MH-R-0', 'trip_id': '0-0-6', 'agency_name': 'Unknown'}, {'duration': 30, 'departure_time': 15900, 'arrival_time': 15930, 'day': 'current_day', 'from_stop_id': 'MH-R-0', 'to_stop_id': 'MH-R-4', 'trip_id': 'walking', 'agency_name': 'Unknown'}, {'duration': 450, 'departure_time': 16140, 'arrival_time': 16590, 'day': 'current_day', 'from_stop_id': 'MH-R-4', 'to_stop_id': '200-4', 'trip_id': '9-0-21', 'agency_name': 'Unknown'}]}"
113,207,3750,inter,left,285,[91; 103; 115],[207],1000,751,0,0,4501,4561.0,9510.0,9570.0,4949.0,4.0,91,207,,,pt,5820.0,9570.0,5820.0,"{'duration': 4949, 'source_transfer_time': 0, 'waiting_time': 509, 'trip_time': 4440, 'num_transfers': 4, 'departure_time': 4561, 'departure_day': 'current_day', 'arrival_time': 9510, 'arrival_day': 'current_day', 'steps': [{'duration': 690, 'departure_time': 5070, 'arrival_time': 5760, 'day': 'current_day', 'from_stop_id': '91-4', 'to_stop_id': 'MH-L-4', 'trip_id': '7-1-4', 'agency_name': 'Unknown'}, {'duration': 30, 'departure_time': 5760, 'arrival_time': 5790, 'day': 'current_day', 'from_stop_id': 'MH-L-4', 'to_stop_id': 'MH-L-0', 'trip_id': 'walking', 'agency_name': 'Unknown'}, {'duration': 1500, 'departure_time': 7200, 'arrival_time': 8700, 'day': 'current_day', 'from_stop_id': 'MH-L-0', 'to_stop_id': 'MH-R-0', 'trip_id': '0-0-2', 'agency_name': 'Unknown'}, {'duration': 30, 'departure_time': 8700, 'arrival_time': 8730, 'day': 'current_day', 'from_stop_id': 'MH-R-0', 'to_stop_id': 'MH-R-5', 'trip_id': 'walking', 'agency_name': 'Unknown'}, {'duration': 570, 'departure_time': 8940, 'arrival_time': 9510, 'day': 'current_day', 'from_stop_id': 'MH-R-5', 'to_stop_id': '207-5', 'trip_id': '10-0-9', 'agency_name': 'Unknown'}]}"
101,175,7470,inter,left,286,[79; 91; 99; 103],[175],1000,751,0,0,8221,8281.0,11310.0,11370.0,3029.0,4.0,79,175,,,pt,3900.0,11370.0,3900.0,"{'duration': 3029, 'source_transfer_time': 0, 'waiting_time': 29, 'trip_time': 3000, 'num_transfers': 4, 'departure_time': 8281, 'departure_day': 'current_day', 'arrival_time': 11310, 'arrival_day': 'current_day', 'steps': [{'duration': 450, 'departure_time': 8310, 'arrival_time': 8760, 'day': 'current_day', 'from_stop_id': '79-4', 'to_stop_id': 'MH-L-4', 'trip_id': '7-1-9', 'agency_name': 'Unknown'}, {'duration': 30, 'departure_time': 8760, 'arrival_time': 8790, 'day': 'current_day', 'from_stop_id': 'MH-L-4', 'to_stop_id': 'MH-L-0', 'trip_id': 'walking', 'agency_name': 'Unknown'}, {'duration': 1500, 'departure_time': 9000, 'arrival_time': 10500, 'day': 'current_day', 'from_stop_id': 'MH-L-0', 'to_stop_id': 'MH-R-0', 'trip_id': '0-0-3', 'agency_name': 'Unknown'}, {'duration': 30, 'departure_time': 10500, 'arrival_time': 10530, 'day': 'current_day', 'from_stop_id': 'MH-R-0', 'to_stop_id': 'MH-R-1', 'trip_id': 'walking', 'agency_name': 'Unknown'}, {'duration': 570, 'departure_time': 10740, 'arrival_time': 11310, 'day': 'current_day', 'from_stop_id': 'MH-R-1', 'to_stop_id': '175-1', 'trip_id': '3-1-12', 'agency_name': 'Unknown'}]}"
0,173,12030,inter,left,287,[0],[181],0,0,500,375,12030,12090.0,16590.0,16650.0,4500.0,4.0,0,181,,,pt,4995.0,17025.0,4995.0,"{'duration': 4500, 'source_transfer_time': 0, 'waiting_time': 300, 'trip_time': 4200, 'num_transfers': 4, 'departure_time': 12090, 'departure_day': 'current_day', 'arrival_time': 16590, 'arrival_day': 'current_day', 'steps': [{'duration': 1170, 'departure_time': 12390, 'arrival_time': 13560, 'day': 'current_day', 'from_stop_id': '0-4', 'to_stop_id': 'MH-L-4', 'trip_id': '7-0-17', 'agency_name': 'Unknown'}, {'duration': 30, 'departure_time': 13560, 'arrival_time': 13590, 'day': 'current_day', 'from_stop_id': 'MH-L-4', 'to_stop_id': 'MH-L-0', 'trip_id': 'walking', 'agency_name': 'Unknown'}, {'duration': 1500, 'departure_time': 14400, 'arrival_time': 15900, 'day': 'current_day', 'from_stop_id': 'MH-L-0', 'to_stop_id': 'MH-R-0', 'trip_id': '0-0-6', 'agency_name': 'Unknown'}, {'duration': 30, 'departure_time': 15900, 'arrival_time': 15930, 'day': 'current_day', 'from_stop_id': 'MH-R-0', 'to_stop_id': 'MH-R-1', 'trip_id': 'walking', 'agency_name': 'Unknown'}, {'duration': 450, 'departure_time': 16140, 'arrival_time': 16590, 'day': 'current_day', 'from_stop_id': 'MH-R-1', 'to_stop_id': '181-1', 'trip_id': '3-0-21', 'agency_name': 'Unknown'}]}"
26,210,4950,inter,left,288,[27],[209],500,375,500,375,5325,5385.0,9270.0,9330.0,3885.0,4.0,27,209,,,pt,4755.0,9705.0,4755.0,"{'duration': 3885, 'source_transfer_time': 0, 'waiting_time': 45, 'trip_time': 3840, 'num_transfers': 4, 'departure_time': 5385, 'departure_day': 'current_day', 'arrival_time': 9270, 'arrival_day': 'current_day', 'steps': [{'duration': 330, 'departure_time': 5430, 'arrival_time': 5760, 'day': 'current_day', 'from_stop_id': '27-2', 'to_stop_id': 'MH-L-2', 'trip_id': '2-1-4', 'agency_name': 'Unknown'}, {'duration': 30, 'departure_time': 5760, 'arrival_time': 5790, 'day': 'current_day', 'from_stop_id': 'MH-L-2', 'to_stop_id': 'MH-L-0', 'trip_id': 'walking', 'agency_name': 'Unknown'}, {'duration': 1500, 'departure_time': 7200, 'arrival_time': 8700, 'day': 'current_day', 'from_stop_id': 'MH-L-0', 'to_stop_id': 'MH-R-0', 'trip_id': '0-0-2', 'agency_name': 'Unknown'}, {'duration': 30, 'departure_time': 8700, 'arrival_time': 8730, 'day': 'current_day', 'from_stop_id': 'MH-R-0', 'to_stop_id': 'MH-R-2', 'trip_id': 'walking', 'agency_name': 'Unknown'}, {'duration': 330, 'departure_time': 8940, 'arrival_time': 9270, 'day': 'current_day', 'from_stop_id': 'MH-R-2', 'to_stop_id': '209-2', 'trip_id': '4-1-9', 'agency_name': 'Unknown'}]}"
16,130,14010,inter,left,289,[16],[130],0,0,0,0,14010,14070.0,18990.0,19050.0,4920.0,4.0,16,130,,,pt,5040.0,19050.0,5040.0,"{'duration': 4920, 'source_transfer_time': 0, 'waiting_time': 240, 'trip_time': 4680, 'num_transfers': 4, 'departure_time': 14070, 'departure_day': 'current_day', 'arrival_time': 18990, 'arrival_day': 'current_day', 'steps': [{'duration': 450, 'departure_time': 14310, 'arrival_time': 14760, 'day': 'current_day', 'from_stop_id': '16-2', 'to_stop_id': 'MH-L-2', 'trip_id': '2-1-19', 'agency_name': 'Unknown'}, {'duration': 30, 'departure_time': 14760, 'arrival_time': 14790, 'day': 'current_day', 'from_stop_id': 'MH-L-2', 'to_stop_id': 'MH-L-0', 'trip_id': 'walking', 'agency_name': 'Unknown'}, {'duration': 1500, 'departure_time': 16200, 'arrival_time': 17700, 'day': 'current_day', 'from_stop_id': 'MH-L-0', 'to_stop_id': 'MH-R-0', 'trip_id': '0-0-7', 'agency_name': 'Unknown'}, {'duration': 30, 'departure_time': 17700, 'arrival_time': 17730, 'day': 'current_day', 'from_stop_id': 'MH-R-0', 'to_stop_id': 'MH-R-5', 'trip_id': 'walking', 'agency_name': 'Unknown'}, {'duration': 1050, 'departure_time': 17940, 'arrival_time': 18990, 'day': 'current_day', 'from_stop_id': 'MH-R-5', 'to_stop_id': '130-5', 'trip_id': '10-1-24', 'agency_name': 'Unknown'}]}"
44,190,12330,inter,left,290,[54],[180; 189; 201],500,375,500,375,12705,12765.0,16470.0,16530.0,3705.0,4.0,54,180,,,pt,4575.0,16905.0,4575.0,"{'duration': 3705, 'source_transfer_time': 0, 'waiting_time': 225, 'trip_time': 3480, 'num_transfers': 4, 'departure_time': 12765, 'departure_day': 'current_day', 'arrival_time': 16470, 'arrival_day': 'current_day', 'steps': [{'duration': 570, 'departure_time': 12990, 'arrival_time': 13560, 'day': 'current_day', 'from_stop_id': '54-1', 'to_stop_id': 'MH-L-1', 'trip_id': '1-0-17', 'agency_name': 'Unknown'}, {'duration': 30, 'departure_time': 13560, 'arrival_time': 13590, 'day': 'current_day', 'from_stop_id': 'MH-L-1', 'to_stop_id': 'MH-L-0', 'trip_id': 'walking', 'agency_name': 'Unknown'}, {'duration': 1500, 'departure_time': 14400, 'arrival_time': 15900, 'day': 'current_day', 'from_stop_id': 'MH-L-0', 'to_stop_id': 'MH-R-0', 'trip_id': '0-0-6', 'agency_name': 'Unknown'}, {'duration': 30, 'departure_time': 15900, 'arrival_time': 15930, 'day': 'current_day', 'from_stop_id': 'MH-R-0', 'to_stop_id': 'MH-R-1', 'trip_id': 'walking', 'agency_name': 'Unknown'}, {'duration': 330, 'departure_time': 16140, 'arrival_time': 16470, 'day': 'current_day', 'from_stop_id': 'MH-R-1', 'to_stop_id': '180-1', 'trip_id': '3-0-21', 'agency_name': 'Unknown'}]}"
71,155,6180,inter,left,291,[61],[144; 156],500,375,500,375,6555,6615.0,11310.0,11370.0,4695.0,4.0,61,156,,,pt,5565.0,11745.0,5565.0,"{'duration': 4695, 'source_transfer_time': 0, 'waiting_time': 375, 'trip_time': 4320, 'num_transfers': 4, 'departure_time': 6615, 'departure_day': 'current_day', 'arrival_time': 11310, 'arrival_day': 'current_day', 'steps': [{'duration': 570, 'departure_time': 6990, 'arrival_time': 7560, 'day': 'current_day', 'from_stop_id': '61-1', 'to_stop_id': 'MH-L-1', 'trip_id': '1-1-7', 'agency_name': 'Unknown'}, {'duration': 30, 'departure_time': 7560, 'arrival_time': 7590, 'day': 'current_day', 'from_stop_id': 'MH-L-1', 'to_stop_id': 'MH-L-0', 'trip_id': 'walking', 'agency_name': 'Unknown'}, {'duration': 1500, 'departure_time': 9000, 'arrival_time': 10500, 'day': 'current_day', 'from_stop_id': 'MH-L-0', 'to_stop_id': 'MH-R-0', 'trip_id': '0-0-3', 'agency_name': 'Unknown'}, {'duration': 30, 'departure_time': 10500, 'arrival_time': 10530, 'day': 'current_day', 'from_stop_id': 'MH-R-0', 'to_stop_id': 'MH-R-4', 'trip_id': 'walking', 'agency_name': 'Unknown'}, {'duration': 570, 'departure_time': 10740, 'arrival_time': 11310, 'day': 'current_day', 'from_stop_id': 'MH-R-4', 'to_stop_id': '156-4', 'trip_id': '9-1-12', 'agency_name': 'Unknown'}]}"
77,181,9240,inter,left,292,[77],[181],0,0,0,0,9240,9300.0,12990.0,13050.0,3690.0,4.0,77,181,,,pt,3810.0,13050.0,3810.0,"{'duration': 3690, 'source_transfer_time': 0, 'waiting_time': 450, 'trip_time': 3240, 'num_transfers': 4, 'departure_time': 9300, 'departure_day': 'current_day', 'arrival_time': 12990, 'arrival_day': 'current_day', 'steps': [{'duration': 210, 'departure_time': 9750, 'arrival_time': 9960, 'day': 'current_day', 'from_stop_id': '77-2', 'to_stop_id': 'MH-L-2', 'trip_id': '2-0-11', 'agency_name': 'Unknown'}, {'duration': 30, 'departure_time': 9960, 'arrival_time': 9990, 'day': 'current_day', 'from_stop_id': 'MH-L-2', 'to_stop_id': 'MH-L-0', 'trip_id': 'walking', 'agency_name': 'Unknown'}, {'duration': 1500, 'departure_time': 10800, 'arrival_time': 12300, 'day': 'current_day', 'from_stop_id': 'MH-L-0', 'to_stop_id': 'MH-R-0', 'trip_id': '0-0-4', 'agency_name': 'Unknown'}, {'duration': 30, 'departure_time': 12300, 'arrival_time': 12330, 'day': 'current_day', 'from_stop_id': 'MH-R-0', 'to_stop_id': 'MH-R-1', 'trip_id': 'walking', 'agency_name': 'Unknown'}, {'duration': 450, 'departure_time': 12540, 'arrival_time': 12990, 'day': 'current_day', 'from_stop_id': 'MH-R-1', 'to_stop_id': '181-1', 'trip_id': '3-0-15', 'agency_name': 'Unknown'}]}"
1,166,7590,inter,left,293,[0; 12],[176],500,375,500,375,7965,8025.0,12990.0,13050.0,4965.0,4.0,0,176,,,pt,5835.0,13425.0,5835.0,"{'duration': 4965, 'source_transfer_time': 0, 'waiting_time': 165, 'trip_time': 4800, 'num_transfers': 4, 'departure_time': 8025, 'departure_day': 'current_day', 'arrival_time': 12990, 'arrival_day': 'current_day', 'steps': [{'duration': 1170, 'departure_time': 8190, 'arrival_time': 9360, 'day': 'current_day', 'from_stop_id': '0-4', 'to_stop_id': 'MH-L-4', 'trip_id': '7-0-10', 'agency_name': 'Unknown'}, {'duration': 30, 'departure_time': 9360, 'arrival_time': 9390, 'day': 'current_day', 'from_stop_id': 'MH-L-4', 'to_stop_id': 'MH-L-0', 'trip_id': 'walking', 'agency_name': 'Unknown'}, {'duration': 1500, 'departure_time': 10800, 'arrival_time': 12300, 'day': 'current_day', 'from_stop_id': 'MH-L-0', 'to_stop_id': 'MH-R-0', 'trip_id': '0-0-4', 'agency_name': 'Unknown'}, {'duration': 30, 'departure_time': 12300, 'arrival_time': 12330, 'day': 'current_day', 'from_stop_id': 'MH-R-0', 'to_stop_id': 'MH-R-1', 'trip_id': 'walking', 'agency_name': 'Unknown'}, {'duration': 450, 'departure_time': 12540, 'arrival_time': 12990, 'day': 'current_day', 'from_stop_id': 'MH-R-1', 'to_stop_id': '176-1', 'trip_id': '3-1-15', 'agency_name': 'Unknown'}]}"
94,167,14400,inter,left,294,[95; 105],[156; 168; 177],500,375,500,375,14775,14835.0,18270.0,18330.0,3435.0,4.0,95,168,,,pt,4305.0,18705.0,4305.0,"{'duration': 3435, 'source_transfer_time': 0, 'waiting_time': 195, 'trip_time': 3240, 'num_transfers': 4, 'departure_time': 14835, 'departure_day': 'current_day', 'arrival_time': 18270, 'arrival_day': 'current_day', 'steps': [{'duration': 930, 'departure_time': 15030, 'arrival_time': 15960, 'day': 'current_day', 'from_stop_id': '95-5', 'to_stop_id': 'MH-L-5', 'trip_id': '8-1-21', 'agency_name': 'Unknown'}, {'duration': 30, 'departure_time': 15960, 'arrival_time': 15990, 'day': 'current_day', 'from_stop_id': 'MH-L-5', 'to_stop_id': 'MH-L-0', 'trip_id': 'walking', 'agency_name': 'Unknown'}, {'duration': 1500, 'departure_time': 16200, 'arrival_time': 17700, 'day': 'current_day', 'from_stop_id': 'MH-L-0', 'to_stop_id': 'MH-R-0', 'trip_id': '0-0-7', 'agency_name': 'Unknown'}, {'duration': 30, 'departure_time': 17700, 'arrival_time': 17730, 'day': 'current_day', 'from_stop_id': 'MH-R-0', 'to_stop_id': 'MH-R-4', 'trip_id': 'walking', 'agency_name': 'Unknown'}, {'duration': 330, 'departure_time': 17940, 'arrival_time': 18270, 'day': 'current_day', 'from_stop_id': 'MH-R-4', 'to_stop_id': '168-4', 'trip_id': '9-1-24', 'agency_name': 'Unknown'}]}"
54,129,13350,inter,left,295,[54],[130; 140],0,0,500,375,13350,13410.0,16950.0,17010.0,3540.0,4.0,54,140,,,pt,4035.0,17385.0,4035.0,"{'duration': 3540, 'source_transfer_time': 0, 'waiting_time': 180, 'trip_time': 3360, 'num_transfers': 4, 'departure_time': 13410, 'departure_day': 'current_day', 'arrival_time': 16950, 'arrival_day': 'current_day', 'steps': [{'duration': 570, 'departure_time': 13590, 'arrival_time': 14160, 'day': 'current_day', 'from_stop_id': '54-1', 'to_stop_id': 'MH-L-1', 'trip_id': '1-0-18', 'agency_name': 'Unknown'}, {'duration': 30, 'departure_time': 14160, 'arrival_time': 14190, 'day': 'current_day', 'from_stop_id': 'MH-L-1', 'to_stop_id': 'MH-L-0', 'trip_id': 'walking', 'agency_name': 'Unknown'}, {'duration': 1500, 'departure_time': 14400, 'arrival_time': 15900, 'day': 'current_day', 'from_stop_id': 'MH-L-0', 'to_stop_id': 'MH-R-0', 'trip_id': '0-0-6', 'agency_name': 'Unknown'}, {'duration': 30, 'departure_time': 15900, 'arrival_time': 15930, 'day': 'current_day', 'from_stop_id': 'MH-R-0', 'to_stop_id': 'MH-R-5', 'trip_id': 'walking', 'agency_name': 'Unknown'}, {'duration': 810, 'departure_time': 16140, 'arrival_time': 16950, 'day': 'current_day', 'from_stop_id': 'MH-R-5', 'to_stop_id': '140-5', 'trip_id': '10-1-21', 'agency_name': 'Unknown'}]}"
34,198,4650,inter,left,296,[23; 35],[198],500,375,0,0,5025,5085.0,9150.0,9210.0,4065.0,4.0,23,198,,,pt,4560.0,9210.0,4560.0,"{'duration': 4065, 'source_transfer_time': 0, 'waiting_time': 465, 'trip_time': 3600, 'num_transfers': 4, 'departure_time': 5085, 'departure_day': 'current_day', 'arrival_time': 9150, 'arrival_day': 'current_day', 'steps': [{'duration': 810, 'departure_time': 5550, 'arrival_time': 6360, 'day': 'current_day', 'from_stop_id': '23-4', 'to_stop_id': 'MH-L-4', 'trip_id': '7-0-5', 'agency_name': 'Unknown'}, {'duration': 30, 'departure_time': 6360, 'arrival_time': 6390, 'day': 'current_day', 'from_stop_id': 'MH-L-4', 'to_stop_id': 'MH-L-0', 'trip_id': 'walking', 'agency_name': 'Unknown'}, {'duration': 1500, 'departure_time': 7200, 'arrival_time': 8700, 'day': 'current_day', 'from_stop_id': 'MH-L-0', 'to_stop_id': 'MH-R-0', 'trip_id': '0-0-2', 'agency_name': 'Unknown'}, {'duration': 30, 'departure_time': 8700, 'arrival_time': 8730, 'day': 'current_day', 'from_stop_id': 'MH-R-0', 'to_stop_id': 'MH-R-2', 'trip_id': 'walking', 'agency_name': 'Unknown'}, {'duration': 210, 'departure_time': 8940, 'arrival_time': 9150, 'day': 'current_day', 'from_stop_id': 'MH-R-2', 'to_stop_id': '198-2', 'trip_id': '4-1-9', 'agency_name': 'Unknown'}]}"
40,188,7740,inter,left,297,[40],[188],0,0,0,0,7740,7800.0,10950.0,11010.0,3150.0,4.0,40,188,,,pt,3270.0,11010.0,3270.0,"{'duration': 3150, 'source_transfer_time': 0, 'waiting_time': 510, 'trip_time': 2640, 'num_transfers': 4, 'departure_time': 7800, 'departure_day': 'current_day', 'arrival_time': 10950, 'arrival_day': 'current_day', 'steps': [{'duration': 450, 'departure_time': 8310, 'arrival_time': 8760, 'day': 'current_day', 'from_stop_id': '40-5', 'to_stop_id': 'MH-L-5', 'trip_id': '8-0-9', 'agency_name': 'Unknown'}, {'duration': 30, 'departure_time': 8760, 'arrival_time': 8790, 'day': 'current_day', 'from_stop_id': 'MH-L-5', 'to_stop_id': 'MH-L-0', 'trip_id': 'walking', 'agency_name': 'Unknown'}, {'duration': 1500, 'departure_time': 9000, 'arrival_time': 10500, 'day': 'current_day', 'from_stop_id': 'MH-L-0', 'to_stop_id': 'MH-R-0', 'trip_id': '0-0-3', 'agency_name': 'Unknown'}, {'duration': 30, 'departure_time': 10500, 'arrival_time': 10530, 'day': 'current_day', 'from_stop_id': 'MH-R-0', 'to_stop_id': 'MH-R-4', 'trip_id': 'walking', 'agency_name': 'Unknown'}, {'duration': 210, 'departure_time': 10740, 'arrival_time': 10950, 'day': 'current_day', 'from_stop_id': 'MH-R-4', 'to_stop_id': '188-4', 'trip_id': '9-0-12', 'agency_name': 'Unknown'}]}"
55,224,10020,inter,left,298,[55],[224],0,0,0,0,10020,10080.0,13470.0,13530.0,3390.0,4.0,55,224,,,pt,3510.0,13530.0,3510.0,"{'duration': 3390, 'source_transfer_time': 0, 'waiting_time': 30, 'trip_time': 3360, 'num_transfers': 4, 'departure_time': 10080, 'departure_day': 'current_day', 'arrival_time': 13470, 'arrival_day': 'current_day', 'steps': [{'duration': 450, 'departure_time': 10110, 'arrival_time': 10560, 'day': 'current_day', 'from_stop_id': '55-1', 'to_stop_id': 'MH-L-1', 'trip_id': '1-0-12', 'agency_name': 'Unknown'}, {'duration': 30, 'departure_time': 10560, 'arrival_time': 10590, 'day': 'current_day', 'from_stop_id': 'MH-L-1', 'to_stop_id': 'MH-L-0', 'trip_id': 'walking', 'agency_name': 'Unknown'}, {'duration': 1500, 'departure_time': 10800, 'arrival_time': 12300, 'day': 'current_day', 'from_stop_id': 'MH-L-0', 'to_stop_id': 'MH-R-0', 'trip_id': '0-0-4', 'agency_name': 'Unknown'}, {'duration': 30, 'departure_time': 12300, 'arrival_time': 12330, 'day': 'current_day', 'from_stop_id': 'MH-R-0', 'to_stop_id': 'MH-R-4', 'trip_id': 'walking', 'agency_name': 'Unknown'}, {'duration': 930, 'departure_time': 12540, 'arrival_time': 13470, 'day': 'current_day', 'from_stop_id': 'MH-R-4', 'to_stop_id': '224-4', 'trip_id': '9-0-15', 'agency_name': 'Unknown'}]}"
114,213,8730,inter,left,299,[103; 115],[213],500,375,0,0,9105,9165.0,13350.0,13410.0,4185.0,4.0,103,213,,,pt,4680.0,13410.0,4680.0,"{'duration': 4185, 'source_transfer_time': 0, 'waiting_time': 465, 'trip_time': 3720, 'num_transfers': 4, 'departure_time': 9165, 'departure_day': 'current_day', 'arrival_time': 13350, 'arrival_day': 'current_day', 'steps': [{'duration': 930, 'departure_time': 9630, 'arrival_time': 10560, 'day': 'current_day', 'from_stop_id': '103-4', 'to_stop_id': 'MH-L-4', 'trip_id': '7-1-12', 'agency_name': 'Unknown'}, {'duration': 30, 'departure_time': 10560, 'arrival_time': 10590, 'day': 'current_day', 'from_stop_id': 'MH-L-4', 'to_stop_id': 'MH-L-0', 'trip_id': 'walking', 'agency_name': 'Unknown'}, {'duration': 1500, 'departure_time': 10800, 'arrival_time': 12300, 'day': 'current_day', 'from_stop_id': 'MH-L-0', 'to_stop_id': 'MH-R-0', 'trip_id': '0-0-4', 'agency_name': 'Unknown'}, {'duration': 30, 'departure_time': 12300, 'arrival_time': 12330, 'day': 'current_day', 'from_stop_id': 'MH-R-0', 'to_stop_id': 'MH-R-4', 'trip_id': 'walking', 'agency_name': 'Unknown'}, {'duration': 810, 'departure_time': 12540, 'arrival_time': 13350, 'day': 'current_day', 'from_stop_id': 'MH-R-4', 'to_stop_id': '213-4', 'trip_id': '9-0-15', 'agency_name': 'Unknown'}]}"
37,132,12600,inter,left,300,[36; 38; 48],[132],500,375,0,0,12975,13035.0,17190.0,17250.0,4155.0,4.0,36,132,,,pt,4650.0,17250.0,4650.0,"{'duration': 4155, 'source_transfer_time': 0, 'waiting_time': 75, 'trip_time': 4080, 'num_transfers': 4, 'departure_time': 13035, 'departure_day': 'current_day', 'arrival_time': 17190, 'arrival_day': 'current_day', 'steps': [{'duration': 450, 'departure_time': 13110, 'arrival_time': 13560, 'day': 'current_day', 'from_stop_id': '36-4', 'to_stop_id': 'MH-L-4', 'trip_id': '7-0-17', 'agency_name': 'Unknown'}, {'duration': 30, 'departure_time': 13560, 'arrival_time': 13590, 'day': 'current_day', 'from_stop_id': 'MH-L-4', 'to_stop_id': 'MH-L-0', 'trip_id': 'walking', 'agency_name': 'Unknown'}, {'duration': 1500, 'departure_time': 14400, 'arrival_time': 15900, 'day': 'current_day', 'from_stop_id': 'MH-L-0', 'to_stop_id': 'MH-R-0', 'trip_id': '0-0-6', 'agency_name': 'Unknown'}, {'duration': 30, 'departure_time': 15900, 'arrival_time': 15930, 'day': 'current_day', 'from_stop_id': 'MH-R-0', 'to_stop_id': 'MH-R-4', 'trip_id': 'walking', 'agency_name': 'Unknown'}, {'duration': 1050, 'departure_time': 16140, 'arrival_time': 17190, 'day': 'current_day', 'from_stop_id': 'MH-R-4', 'to_stop_id': '132-4', 'trip_id': '9-1-21', 'agency_name': 'Unknown'}]}"
8,152,4200,inter,left,301,[9; 19],[141; 151],500,375,500,375,4575,4635.0,9630.0,9690.0,4995.0,4.0,9,151,,,pt,5865.0,10065.0,5865.0,"{'duration': 4995, 'source_transfer_time': 0, 'waiting_time': 75, 'trip_time': 4920, 'num_transfers': 4, 'departure_time': 4635, 'departure_day': 'current_day', 'arrival_time': 9630, 'arrival_day': 'current_day', 'steps': [{'duration': 1050, 'departure_time': 4710, 'arrival_time': 5760, 'day': 'current_day', 'from_stop_id': '9-5', 'to_stop_id': 'MH-L-5', 'trip_id': '8-0-4', 'agency_name': 'Unknown'}, {'duration': 30, 'departure_time': 5760, 'arrival_time': 5790, 'day': 'current_day', 'from_stop_id': 'MH-L-5', 'to_stop_id': 'MH-L-0', 'trip_id': 'walking', 'agency_name': 'Unknown'}, {'duration': 1500, 'departure_time': 7200, 'arrival_time': 8700, 'day': 'current_day', 'from_stop_id': 'MH-L-0', 'to_stop_id': 'MH-R-0', 'trip_id': '0-0-2', 'agency_name': 'Unknown'}, {'duration': 30, 'departure_time': 8700, 'arrival_time': 8730, 'day': 'current_day', 'from_stop_id': 'MH-R-0', 'to_stop_id': 'MH-R-5', 'trip_id': 'walking', 'agency_name': 'Unknown'}, {'duration': 690, 'departure_time': 8940, 'arrival_time': 9630, 'day': 'current_day', 'from_stop_id': 'MH-R-5', 'to_stop_id': '151-5', 'trip_id': '10-1-9', 'agency_name': 'Unknown'}]}"
17,202,8430,inter,left,302,[16],[201; 213],500,375,500,375,8805,8865.0,13110.0,13170.0,4245.0,4.0,16,201,,,pt,5115.0,13545.0,5115.0,"{'duration': 4245, 'source_transfer_time': 0, 'waiting_time': 45, 'trip_time': 4200, 'num_transfers': 4, 'departure_time': 8865, 'departure_day': 'current_day', 'arrival_time': 13110, 'arrival_day': 'current_day', 'steps': [{'duration': 450, 'departure_time': 8910, 'arrival_time': 9360, 'day': 'current_day', 'from_stop_id': '16-2', 'to_stop_id': 'MH-L-2', 'trip_id': '2-1-10', 'agency_name': 'Unknown'}, {'duration': 30, 'departure_time': 9360, 'arrival_time': 9390, 'day': 'current_day', 'from_stop_id': 'MH-L-2', 'to_stop_id': 'MH-L-0', 'trip_id': 'walking', 'agency_name': 'Unknown'}, {'duration': 1500, 'departure_time': 10800, 'arrival_time': 12300, 'day': 'current_day', 'from_stop_id': 'MH-L-0', 'to_stop_id': 'MH-R-0', 'trip_id': '0-0-4', 'agency_name': 'Unknown'}, {'duration': 30, 'departure_time': 12300, 'arrival_time': 12330, 'day': 'current_day', 'from_stop_id': 'MH-R-0', 'to_stop_id': 'MH-R-4', 'trip_id': 'walking', 'agency_name': 'Unknown'}, {'duration': 570, 'departure_time': 12540, 'arrival_time': 13110, 'day': 'current_day', 'from_stop_id': 'MH-R-4', 'to_stop_id': '201-4', 'trip_id': '9-0-15', 'agency_name': 'Unknown'}]}"
67,219,3900,inter,left,303,[67],[220],0,0,500,375,3900,3960.0,7590.0,7650.0,3630.0,4.0,67,220,,,pt,4125.0,8025.0,4125.0,"{'duration': 3630, 'source_transfer_time': 0, 'waiting_time': 390, 'trip_time': 3240, 'num_transfers': 4, 'departure_time': 3960, 'departure_day': 'current_day', 'arrival_time': 7590, 'arrival_day': 'current_day', 'steps': [{'duration': 210, 'departure_time': 4350, 'arrival_time': 4560, 'day': 'current_day', 'from_stop_id': '67-4', 'to_stop_id': 'MH-L-4', 'trip_id': '7-1-2', 'agency_name': 'Unknown'}, {'duration': 30, 'departure_time': 4560, 'arrival_time': 4590, 'day': 'current_day', 'from_stop_id': 'MH-L-4', 'to_stop_id': 'MH-L-0', 'trip_id': 'walking', 'agency_name': 'Unknown'}, {'duration': 1500, 'departure_time': 5400, 'arrival_time': 6900, 'day': 'current_day', 'from_stop_id': 'MH-L-0', 'to_stop_id': 'MH-R-0', 'trip_id': '0-0-1', 'agency_name': 'Unknown'}, {'duration': 30, 'departure_time': 6900, 'arrival_time': 6930, 'day': 'current_day', 'from_stop_id': 'MH-R-0', 'to_stop_id': 'MH-R-2', 'trip_id': 'walking', 'agency_name': 'Unknown'}, {'duration': 450, 'departure_time': 7140, 'arrival_time': 7590, 'day': 'current_day', 'from_stop_id': 'MH-R-2', 'to_stop_id': '220-2', 'trip_id': '4-1-6', 'agency_name': 'Unknown'}]}"
54,172,8970,inter,left,304,[54],[180],0,0,500,375,8970,9030.0,12870.0,12930.0,3840.0,4.0,54,180,,,pt,4335.0,13305.0,4335.0,"{'duration': 3840, 'source_transfer_time': 0, 'waiting_time': 360, 'trip_time': 3480, 'num_transfers': 4, 'departure_time': 9030, 'departure_day': 'current_day', 'arrival_time': 12870, 'arrival_day': 'current_day', 'steps': [{'duration': 570, 'departure_time': 9390, 'arrival_time': 9960, 'day': 'current_day', 'from_stop_id': '54-1', 'to_stop_id': 'MH-L-1', 'trip_id': '1-0-11', 'agency_name': 'Unknown'}, {'duration': 30, 'departure_time': 9960, 'arrival_time': 9990, 'day': 'current_day', 'from_stop_id': 'MH-L-1', 'to_stop_id': 'MH-L-0', 'trip_id': 'walking', 'agency_name': 'Unknown'}, {'duration': 1500, 'departure_time': 10800, 'arrival_time': 12300, 'day': 'current_day', 'from_stop_id': 'MH-L-0', 'to_stop_id': 'MH-R-0', 'trip_id': '0-0-4', 'agency_name': 'Unknown'}, {'duration': 30, 'departure_time': 12300, 'arrival_time': 12330, 'day': 'current_day', 'from_stop_id': 'MH-R-0', 'to_stop_id': 'MH-R-1', 'trip_id': 'walking', 'agency_name': 'Unknown'}, {'duration': 330, 'departure_time': 12540, 'arrival_time': 12870, 'day': 'current_day', 'from_stop_id': 'MH-R-1', 'to_stop_id': '180-1', 'trip_id': '3-0-15', 'agency_name': 'Unknown'}]}"
13,129,4560,inter,left,305,[12; 24],[130; 140],500,375,500,375,4935,4995.0,9750.0,9810.0,4755.0,4.0,12,140,,,pt,5625.0,10185.0,5625.0,"{'duration': 4755, 'source_transfer_time': 0, 'waiting_time': 435, 'trip_time': 4320, 'num_transfers': 4, 'departure_time': 4995, 'departure_day': 'current_day', 'arrival_time': 9750, 'arrival_day': 'current_day', 'steps': [{'duration': 930, 'departure_time': 5430, 'arrival_time': 6360, 'day': 'current_day', 'from_stop_id': '12-4', 'to_stop_id': 'MH-L-4', 'trip_id': '7-0-5', 'agency_name': 'Unknown'}, {'duration': 30, 'departure_time': 6360, 'arrival_time': 6390, 'day': 'current_day', 'from_stop_id': 'MH-L-4', 'to_stop_id': 'MH-L-0', 'trip_id': 'walking', 'agency_name': 'Unknown'}, {'duration': 1500, 'departure_time': 7200, 'arrival_time': 8700, 'day': 'current_day', 'from_stop_id': 'MH-L-0', 'to_stop_id': 'MH-R-0', 'trip_id': '0-0-2', 'agency_name': 'Unknown'}, {'duration': 30, 'departure_time': 8700, 'arrival_time': 8730, 'day': 'current_day', 'from_stop_id': 'MH-R-0', 'to_stop_id': 'MH-R-5', 'trip_id': 'walking', 'agency_name': 'Unknown'}, {'duration': 810, 'departure_time': 8940, 'arrival_time': 9750, 'day': 'current_day', 'from_stop_id': 'MH-R-5', 'to_stop_id': '140-5', 'trip_id': '10-1-9', 'agency_name': 'Unknown'}]}"
53,182,4200,inter,left,306,[61],[182],500,375,0,0,4575,4635.0,9510.0,9570.0,4875.0,4.0,61,182,,,pt,5370.0,9570.0,5370.0,"{'duration': 4875, 'source_transfer_time': 0, 'waiting_time': 555, 'trip_time': 4320, 'num_transfers': 4, 'departure_time': 4635, 'departure_day': 'current_day', 'arrival_time': 9510, 'arrival_day': 'current_day', 'steps': [{'duration': 570, 'departure_time': 5190, 'arrival_time': 5760, 'day': 'current_day', 'from_stop_id': '61-1', 'to_stop_id': 'MH-L-1', 'trip_id': '1-1-4', 'agency_name': 'Unknown'}, {'duration': 30, 'departure_time': 5760, 'arrival_time': 5790, 'day': 'current_day', 'from_stop_id': 'MH-L-1', 'to_stop_id': 'MH-L-0', 'trip_id': 'walking', 'agency_name': 'Unknown'}, {'duration': 1500, 'departure_time': 7200, 'arrival_time': 8700, 'day': 'current_day', 'from_stop_id': 'MH-L-0', 'to_stop_id': 'MH-R-0', 'trip_id': '0-0-2', 'agency_name': 'Unknown'}, {'duration': 30, 'departure_time': 8700, 'arrival_time': 8730, 'day': 'current_day', 'from_stop_id': 'MH-R-0', 'to_stop_id': 'MH-R-1', 'trip_id': 'walking', 'agency_name': 'Unknown'}, {'duration': 570, 'departure_time': 8940, 'arrival_time': 9510, 'day': 'current_day', 'from_stop_id': 'MH-R-1', 'to_stop_id': '182-1', 'trip_id': '3-0-9', 'agency_name': 'Unknown'}]}"
66,218,4770,inter,left,307,[66],[207; 217],0,0,500,375,4770,4830.0,7710.0,7770.0,2880.0,4.0,66,207,,,pt,3375.0,8145.0,3375.0,"{'duration': 2880, 'source_transfer_time': 0, 'waiting_time': 120, 'trip_time': 2760, 'num_transfers': 4, 'departure_time': 4830, 'departure_day': 'current_day', 'arrival_time': 7710, 'arrival_day': 'current_day', 'steps': [{'duration': 210, 'departure_time': 4950, 'arrival_time': 5160, 'day': 'current_day', 'from_stop_id': '66-5', 'to_stop_id': 'MH-L-5', 'trip_id': '8-1-3', 'agency_name': 'Unknown'}, {'duration': 30, 'departure_time': 5160, 'arrival_time': 5190, 'day': 'current_day', 'from_stop_id': 'MH-L-5', 'to_stop_id': 'MH-L-0', 'trip_id': 'walking', 'agency_name': 'Unknown'}, {'duration': 1500, 'departure_time': 5400, 'arrival_time': 6900, 'day': 'current_day', 'from_stop_id': 'MH-L-0', 'to_stop_id': 'MH-R-0', 'trip_id': '0-0-1', 'agency_name': 'Unknown'}, {'duration': 30, 'departure_time': 6900, 'arrival_time': 6930, 'day': 'current_day', 'from_stop_id': 'MH-R-0', 'to_stop_id': 'MH-R-5', 'trip_id': 'walking', 'agency_name': 'Unknown'}, {'duration': 570, 'departure_time': 7140, 'arrival_time': 7710, 'day': 'current_day', 'from_stop_id': 'MH-R-5', 'to_stop_id': '207-5', 'trip_id': '10-0-6', 'agency_name': 'Unknown'}]}"
30,175,14400,inter,left,308,[30],[175],0,0,0,0,14400,14460.0,18510.0,18570.0,4050.0,4.0,30,175,,,pt,4170.0,18570.0,4170.0,"{'duration': 4050, 'source_transfer_time': 0, 'waiting_time': 210, 'trip_time': 3840, 'num_transfers': 4, 'departure_time': 14460, 'departure_day': 'current_day', 'arrival_time': 18510, 'arrival_day': 'current_day', 'steps': [{'duration': 690, 'departure_time': 14670, 'arrival_time': 15360, 'day': 'current_day', 'from_stop_id': '30-5', 'to_stop_id': 'MH-L-5', 'trip_id': '8-0-20', 'agency_name': 'Unknown'}, {'duration': 30, 'departure_time': 15360, 'arrival_time': 15390, 'day': 'current_day', 'from_stop_id': 'MH-L-5', 'to_stop_id': 'MH-L-0', 'trip_id': 'walking', 'agency_name': 'Unknown'}, {'duration': 1500, 'departure_time': 16200, 'arrival_time': 17700, 'day': 'current_day', 'from_stop_id': 'MH-L-0', 'to_stop_id': 'MH-R-0', 'trip_id': '0-0-7', 'agency_name': 'Unknown'}, {'duration': 30, 'departure_time': 17700, 'arrival_time': 17730, 'day': 'current_day', 'from_stop_id': 'MH-R-0', 'to_stop_id': 'MH-R-1', 'trip_id': 'walking', 'agency_name': 'Unknown'}, {'duration': 570, 'departure_time': 17940, 'arrival_time': 18510, 'day': 'current_day', 'from_stop_id': 'MH-R-1', 'to_stop_id': '175-1', 'trip_id': '3-1-24', 'agency_name': 'Unknown'}]}"
38,146,8880,inter,left,309,[38],[145; 157],0,0,500,375,8880,8940.0,12990.0,13050.0,4050.0,4.0,38,157,,,pt,4545.0,13425.0,4545.0,"{'duration': 4050, 'source_transfer_time': 0, 'waiting_time': 210, 'trip_time': 3840, 'num_transfers': 4, 'departure_time': 8940, 'departure_day': 'current_day', 'arrival_time': 12990, 'arrival_day': 'current_day', 'steps': [{'duration': 210, 'departure_time': 9150, 'arrival_time': 9360, 'day': 'current_day', 'from_stop_id': '38-2', 'to_stop_id': 'MH-L-2', 'trip_id': '2-1-10', 'agency_name': 'Unknown'}, {'duration': 30, 'departure_time': 9360, 'arrival_time': 9390, 'day': 'current_day', 'from_stop_id': 'MH-L-2', 'to_stop_id': 'MH-L-0', 'trip_id': 'walking', 'agency_name': 'Unknown'}, {'duration': 1500, 'departure_time': 10800, 'arrival_time': 12300, 'day': 'current_day', 'from_stop_id': 'MH-L-0', 'to_stop_id': 'MH-R-0', 'trip_id': '0-0-4', 'agency_name': 'Unknown'}, {'duration': 30, 'departure_time': 12300, 'arrival_time': 12330, 'day': 'current_day', 'from_stop_id': 'MH-R-0', 'to_stop_id': 'MH-R-4', 'trip_id': 'walking', 'agency_name': 'Unknown'}, {'duration': 450, 'departure_time': 12540, 'arrival_time': 12990, 'day': 'current_day', 'from_stop_id': 'MH-R-4', 'to_stop_id': '157-4', 'trip_id': '9-1-15', 'agency_name': 'Unknown'}]}"
27,146,12120,inter,left,310,[27],[145; 157],0,0,500,375,12120,12180.0,16590.0,16650.0,4410.0,4.0,27,157,,,pt,4905.0,17025.0,4905.0,"{'duration': 4410, 'source_transfer_time': 0, 'waiting_time': 450, 'trip_time': 3960, 'num_transfers': 4, 'departure_time': 12180, 'departure_day': 'current_day', 'arrival_time': 16590, 'arrival_day': 'current_day', 'steps': [{'duration': 330, 'departure_time': 12630, 'arrival_time': 12960, 'day': 'current_day', 'from_stop_id': '27-2', 'to_stop_id': 'MH-L-2', 'trip_id': '2-1-16', 'agency_name': 'Unknown'}, {'duration': 30, 'departure_time': 12960, 'arrival_time': 12990, 'day': 'current_day', 'from_stop_id': 'MH-L-2', 'to_stop_id': 'MH-L-0', 'trip_id': 'walking', 'agency_name': 'Unknown'}, {'duration': 1500, 'departure_time': 14400, 'arrival_time': 15900, 'day': 'current_day', 'from_stop_id': 'MH-L-0', 'to_stop_id': 'MH-R-0', 'trip_id': '0-0-6', 'agency_name': 'Unknown'}, {'duration': 30, 'departure_time': 15900, 'arrival_time': 15930, 'day': 'current_day', 'from_stop_id': 'MH-R-0', 'to_stop_id': 'MH-R-4', 'trip_id': 'walking', 'agency_name': 'Unknown'}, {'duration': 450, 'departure_time': 16140, 'arrival_time': 16590, 'day': 'current_day', 'from_stop_id': 'MH-R-4', 'to_stop_id': '157-4', 'trip_id': '9-1-21', 'agency_name': 'Unknown'}]}"
97,133,3930,inter,left,311,[86; 96],[133],500,375,0,0,4305,4365.0,8070.0,8130.0,3705.0,4.0,86,133,,,pt,4200.0,8130.0,4200.0,"{'duration': 3705, 'source_transfer_time': 0, 'waiting_time': 225, 'trip_time': 3480, 'num_transfers': 4, 'departure_time': 4365, 'departure_day': 'current_day', 'arrival_time': 8070, 'arrival_day': 'current_day', 'steps': [{'duration': 570, 'departure_time': 4590, 'arrival_time': 5160, 'day': 'current_day', 'from_stop_id': '86-5', 'to_stop_id': 'MH-L-5', 'trip_id': '8-1-3', 'agency_name': 'Unknown'}, {'duration': 30, 'departure_time': 5160, 'arrival_time': 5190, 'day': 'current_day', 'from_stop_id': 'MH-L-5', 'to_stop_id': 'MH-L-0', 'trip_id': 'walking', 'agency_name': 'Unknown'}, {'duration': 1500, 'departure_time': 5400, 'arrival_time': 6900, 'day': 'current_day', 'from_stop_id': 'MH-L-0', 'to_stop_id': 'MH-R-0', 'trip_id': '0-0-1', 'agency_name': 'Unknown'}, {'duration': 30, 'departure_time': 6900, 'arrival_time': 6930, 'day': 'current_day', 'from_stop_id': 'MH-R-0', 'to_stop_id': 'MH-R-4', 'trip_id': 'walking', 'agency_name': 'Unknown'}, {'duration': 930, 'departure_time': 7140, 'arrival_time': 8070, 'day': 'current_day', 'from_stop_id': 'MH-R-4', 'to_stop_id': '133-4', 'trip_id': '9-1-6', 'agency_name': 'Unknown'}]}"
86,128,5730,inter,left,312,[86],[126; 130; 140; 150],0,0,1000,751,5730,5790.0,9510.0,9570.0,3720.0,4.0,86,126,,,pt,4591.0,10321.0,4591.0,"{'duration': 3720, 'source_transfer_time': 0, 'waiting_time': 0, 'trip_time': 3720, 'num_transfers': 4, 'departure_time': 5790, 'departure_day': 'current_day', 'arrival_time': 9510, 'arrival_day': 'current_day', 'steps': [{'duration': 570, 'departure_time': 5790, 'arrival_time': 6360, 'day': 'current_day', 'from_stop_id': '86-5', 'to_stop_id': 'MH-L-5', 'trip_id': '8-1-5', 'agency_name': 'Unknown'}, {'duration': 30, 'departure_time': 6360, 'arrival_time': 6390, 'day': 'current_day', 'from_stop_id': 'MH-L-5', 'to_stop_id': 'MH-L-0', 'trip_id': 'walking', 'agency_name': 'Unknown'}, {'duration': 1500, 'departure_time': 7200, 'arrival_time': 8700, 'day': 'current_day', 'from_stop_id': 'MH-L-0', 'to_stop_id': 'MH-R-0', 'trip_id': '0-0-2', 'agency_name': 'Unknown'}, {'duration': 30, 'departure_time': 8700, 'arrival_time': 8730, 'day': 'current_day', 'from_stop_id': 'MH-R-0', 'to_stop_id': 'MH-R-2', 'trip_id': 'walking', 'agency_name': 'Unknown'}, {'duration': 570, 'departure_time': 8940, 'arrival_time': 9510, 'day': 'current_day', 'from_stop_id': 'MH-R-2', 'to_stop_id': '126-2', 'trip_id': '4-0-9', 'agency_name': 'Unknown'}]}"
24,169,13410,inter,left,313,[24],[169],0,0,0,0,13410,13470.0,16350.0,16410.0,2880.0,4.0,24,169,,,pt,3000.0,16410.0,3000.0,"{'duration': 2880, 'source_transfer_time': 0, 'waiting_time': 0, 'trip_time': 2880, 'num_transfers': 4, 'departure_time': 13470, 'departure_day': 'current_day', 'arrival_time': 16350, 'arrival_day': 'current_day', 'steps': [{'duration': 690, 'departure_time': 13470, 'arrival_time': 14160, 'day': 'current_day', 'from_stop_id': '24-4', 'to_stop_id': 'MH-L-4', 'trip_id': '7-0-18', 'agency_name': 'Unknown'}, {'duration': 30, 'departure_time': 14160, 'arrival_time': 14190, 'day': 'current_day', 'from_stop_id': 'MH-L-4', 'to_stop_id': 'MH-L-0', 'trip_id': 'walking', 'agency_name': 'Unknown'}, {'duration': 1500, 'departure_time': 14400, 'arrival_time': 15900, 'day': 'current_day', 'from_stop_id': 'MH-L-0', 'to_stop_id': 'MH-R-0', 'trip_id': '0-0-6', 'agency_name': 'Unknown'}, {'duration': 30, 'departure_time': 15900, 'arrival_time': 15930, 'day': 'current_day', 'from_stop_id': 'MH-R-0', 'to_stop_id': 'MH-R-4', 'trip_id': 'walking', 'agency_name': 'Unknown'}, {'duration': 210, 'departure_time': 16140, 'arrival_time': 16350, 'day': 'current_day', 'from_stop_id': 'MH-R-4', 'to_stop_id': '169-4', 'trip_id': '9-1-21', 'agency_name': 'Unknown'}]}"
14,200,7500,inter,left,314,[12; 16; 24; 36],[200],1000,751,0,0,8251,8311.0,12990.0,13050.0,4679.0,4.0,12,200,,,pt,5550.0,13050.0,5550.0,"{'duration': 4679, 'source_transfer_time': 0, 'waiting_time': 119, 'trip_time': 4560, 'num_transfers': 4, 'departure_time': 8311, 'departure_day': 'current_day', 'arrival_time': 12990, 'arrival_day': 'current_day', 'steps': [{'duration': 930, 'departure_time': 8430, 'arrival_time': 9360, 'day': 'current_day', 'from_stop_id': '12-4', 'to_stop_id': 'MH-L-4', 'trip_id': '7-0-10', 'agency_name': 'Unknown'}, {'duration': 30, 'departure_time': 9360, 'arrival_time': 9390, 'day': 'current_day', 'from_stop_id': 'MH-L-4', 'to_stop_id': 'MH-L-0', 'trip_id': 'walking', 'agency_name': 'Unknown'}, {'duration': 1500, 'departure_time': 10800, 'arrival_time': 12300, 'day': 'current_day', 'from_stop_id': 'MH-L-0', 'to_stop_id': 'MH-R-0', 'trip_id': '0-0-4', 'agency_name': 'Unknown'}, {'duration': 30, 'departure_time': 12300, 'arrival_time': 12330, 'day': 'current_day', 'from_stop_id': 'MH-R-0', 'to_stop_id': 'MH-R-4', 'trip_id': 'walking', 'agency_name': 'Unknown'}, {'duration': 450, 'departure_time': 12540, 'arrival_time': 12990, 'day': 'current_day', 'from_stop_id': 'MH-R-4', 'to_stop_id': '200-4', 'trip_id': '9-0-15', 'agency_name': 'Unknown'}]}"
15,162,6600,inter,left,315,[16],[151; 161],500,375,500,375,6975,7035.0,11190.0,11250.0,4155.0,4.0,16,161,,,pt,5025.0,11625.0,5025.0,"{'duration': 4155, 'source_transfer_time': 0, 'waiting_time': 75, 'trip_time': 4080, 'num_transfers': 4, 'departure_time': 7035, 'departure_day': 'current_day', 'arrival_time': 11190, 'arrival_day': 'current_day', 'steps': [{'duration': 450, 'departure_time': 7110, 'arrival_time': 7560, 'day': 'current_day', 'from_stop_id': '16-2', 'to_stop_id': 'MH-L-2', 'trip_id': '2-1-7', 'agency_name': 'Unknown'}, {'duration': 30, 'departure_time': 7560, 'arrival_time': 7590, 'day': 'current_day', 'from_stop_id': 'MH-L-2', 'to_stop_id': 'MH-L-0', 'trip_id': 'walking', 'agency_name': 'Unknown'}, {'duration': 1500, 'departure_time': 9000, 'arrival_time': 10500, 'day': 'current_day', 'from_stop_id': 'MH-L-0', 'to_stop_id': 'MH-R-0', 'trip_id': '0-0-3', 'agency_name': 'Unknown'}, {'duration': 30, 'departure_time': 10500, 'arrival_time': 10530, 'day': 'current_day', 'from_stop_id': 'MH-R-0', 'to_stop_id': 'MH-R-5', 'trip_id': 'walking', 'agency_name': 'Unknown'}, {'duration': 450, 'departure_time': 10740, 'arrival_time': 11190, 'day': 'current_day', 'from_stop_id': 'MH-R-5', 'to_stop_id': '161-5', 'trip_id': '10-1-12', 'agency_name': 'Unknown'}]}"
81,211,13860,inter,left,316,[80; 92],[200; 212],500,375,500,375,14235,14295.0,18390.0,18450.0,4095.0,4.0,80,200,,,pt,4965.0,18825.0,4965.0,"{'duration': 4095, 'source_transfer_time': 0, 'waiting_time': 495, 'trip_time': 3600, 'num_transfers': 4, 'departure_time': 14295, 'departure_day': 'current_day', 'arrival_time': 18390, 'arrival_day': 'current_day', 'steps': [{'duration': 570, 'departure_time': 14790, 'arrival_time': 15360, 'day': 'current_day', 'from_stop_id': '80-4', 'to_stop_id': 'MH-L-4', 'trip_id': '7-1-20', 'agency_name': 'Unknown'}, {'duration': 30, 'departure_time': 15360, 'arrival_time': 15390, 'day': 'current_day', 'from_stop_id': 'MH-L-4', 'to_stop_id': 'MH-L-0', 'trip_id': 'walking', 'agency_name': 'Unknown'}, {'duration': 1500, 'departure_time': 16200, 'arrival_time': 17700, 'day': 'current_day', 'from_stop_id': 'MH-L-0', 'to_stop_id': 'MH-R-0', 'trip_id': '0-0-7', 'agency_name': 'Unknown'}, {'duration': 30, 'departure_time': 17700, 'arrival_time': 17730, 'day': 'current_day', 'from_stop_id': 'MH-R-0', 'to_stop_id': 'MH-R-4', 'trip_id': 'walking', 'agency_name': 'Unknown'}, {'duration': 450, 'departure_time': 17940, 'arrival_time': 18390, 'day': 'current_day', 'from_stop_id': 'MH-R-4', 'to_stop_id': '200-4', 'trip_id': '9-0-24', 'agency_name': 'Unknown'}]}"
85,154,10110,inter,left,317,[85],[132; 144; 156; 175],0,0,1000,751,10110,10170.0,14910.0,14970.0,4740.0,4.0,85,156,,,pt,5611.0,15721.0,5611.0,"{'duration': 4740, 'source_transfer_time': 0, 'waiting_time': 300, 'trip_time': 4440, 'num_transfers': 4, 'departure_time': 10170, 'departure_day': 'current_day', 'arrival_time': 14910, 'arrival_day': 'current_day', 'steps': [{'duration': 690, 'departure_time': 10470, 'arrival_time': 11160, 'day': 'current_day', 'from_stop_id': '85-5', 'to_stop_id': 'MH-L-5', 'trip_id': '8-1-13', 'agency_name': 'Unknown'}, {'duration': 30, 'departure_time': 11160, 'arrival_time': 11190, 'day': 'current_day', 'from_stop_id': 'MH-L-5', 'to_stop_id': 'MH-L-0', 'trip_id': 'walking', 'agency_name': 'Unknown'}, {'duration': 1500, 'departure_time': 12600, 'arrival_time': 14100, 'day': 'current_day', 'from_stop_id': 'MH-L-0', 'to_stop_id': 'MH-R-0', 'trip_id': '0-0-5', 'agency_name': 'Unknown'}, {'duration': 30, 'departure_time': 14100, 'arrival_time': 14130, 'day': 'current_day', 'from_stop_id': 'MH-R-0', 'to_stop_id': 'MH-R-4', 'trip_id': 'walking', 'agency_name': 'Unknown'}, {'duration': 570, 'departure_time': 14340, 'arrival_time': 14910, 'day': 'current_day', 'from_stop_id': 'MH-R-4', 'to_stop_id': '156-4', 'trip_id': '9-1-18', 'agency_name': 'Unknown'}]}"
59,208,7830,inter,left,318,[59],[197; 207; 209],0,0,500,375,7830,7890.0,11070.0,11130.0,3180.0,4.0,59,197,,,pt,3675.0,11505.0,3675.0,"{'duration': 3180, 'source_transfer_time': 0, 'waiting_time': 540, 'trip_time': 2640, 'num_transfers': 4, 'departure_time': 7890, 'departure_day': 'current_day', 'arrival_time': 11070, 'arrival_day': 'current_day', 'steps': [{'duration': 330, 'departure_time': 8430, 'arrival_time': 8760, 'day': 'current_day', 'from_stop_id': '59-1', 'to_stop_id': 'MH-L-1', 'trip_id': '1-1-9', 'agency_name': 'Unknown'}, {'duration': 30, 'departure_time': 8760, 'arrival_time': 8790, 'day': 'current_day', 'from_stop_id': 'MH-L-1', 'to_stop_id': 'MH-L-0', 'trip_id': 'walking', 'agency_name': 'Unknown'}, {'duration': 1500, 'departure_time': 9000, 'arrival_time': 10500, 'day': 'current_day', 'from_stop_id': 'MH-L-0', 'to_stop_id': 'MH-R-0', 'trip_id': '0-0-3', 'agency_name': 'Unknown'}, {'duration': 30, 'departure_time': 10500, 'arrival_time': 10530, 'day': 'current_day', 'from_stop_id': 'MH-R-0', 'to_stop_id': 'MH-R-5', 'trip_id': 'walking', 'agency_name': 'Unknown'}, {'duration': 330, 'departure_time': 10740, 'arrival_time': 11070, 'day': 'current_day', 'from_stop_id': 'MH-R-5', 'to_stop_id': '197-5', 'trip_id': '10-0-12', 'agency_name': 'Unknown'}]}"
41,204,5040,inter,left,319,[30; 40],[206; 216; 226],500,375,1000,751,5415,5475.0,9630.0,9690.0,4155.0,4.0,30,206,,,pt,5401.0,10441.0,5401.0,"{'duration': 4155, 'source_transfer_time': 0, 'waiting_time': 195, 'trip_time': 3960, 'num_transfers': 4, 'departure_time': 5475, 'departure_day': 'current_day', 'arrival_time': 9630, 'arrival_day': 'current_day', 'steps': [{'duration': 690, 'departure_time': 5670, 'arrival_time': 6360, 'day': 'current_day', 'from_stop_id': '30-5', 'to_stop_id': 'MH-L-5', 'trip_id': '8-0-5', 'agency_name': 'Unknown'}, {'duration': 30, 'departure_time': 6360, 'arrival_time': 6390, 'day': 'current_day', 'from_stop_id': 'MH-L-5', 'to_stop_id': 'MH-L-0', 'trip_id': 'walking', 'agency_name': 'Unknown'}, {'duration': 1500, 'departure_time': 7200, 'arrival_time': 8700, 'day': 'current_day', 'from_stop_id': 'MH-L-0', 'to_stop_id': 'MH-R-0', 'trip_id': '0-0-2', 'agency_name': 'Unknown'}, {'duration': 30, 'departure_time': 8700, 'arrival_time': 8730, 'day': 'current_day', 'from_stop_id': 'MH-R-0', 'to_stop_id': 'MH-R-5', 'trip_id': 'walking', 'agency_name': 'Unknown'}, {'duration': 690, 'departure_time': 8940, 'arrival_time': 9630, 'day': 'current_day', 'from_stop_id': 'MH-R-5', 'to_stop_id': '206-5', 'trip_id': '10-0-9', 'agency_name': 'Unknown'}]}"
74,188,7440,inter,left,320,[75; 85],[188],500,375,0,0,7815,7875.0,10950.0,11010.0,3075.0,4.0,75,188,,,pt,3570.0,11010.0,3570.0,"{'duration': 3075, 'source_transfer_time': 0, 'waiting_time': 435, 'trip_time': 2640, 'num_transfers': 4, 'departure_time': 7875, 'departure_day': 'current_day', 'arrival_time': 10950, 'arrival_day': 'current_day', 'steps': [{'duration': 450, 'departure_time': 8310, 'arrival_time': 8760, 'day': 'current_day', 'from_stop_id': '75-5', 'to_stop_id': 'MH-L-5', 'trip_id': '8-1-9', 'agency_name': 'Unknown'}, {'duration': 30, 'departure_time': 8760, 'arrival_time': 8790, 'day': 'current_day', 'from_stop_id': 'MH-L-5', 'to_stop_id': 'MH-L-0', 'trip_id': 'walking', 'agency_name': 'Unknown'}, {'duration': 1500, 'departure_time': 9000, 'arrival_time': 10500, 'day': 'current_day', 'from_stop_id': 'MH-L-0', 'to_stop_id': 'MH-R-0', 'trip_id': '0-0-3', 'agency_name': 'Unknown'}, {'duration': 30, 'departure_time': 10500, 'arrival_time': 10530, 'day': 'current_day', 'from_stop_id': 'MH-R-0', 'to_stop_id': 'MH-R-4', 'trip_id': 'walking', 'agency_name': 'Unknown'}, {'duration': 210, 'departure_time': 10740, 'arrival_time': 10950, 'day': 'current_day', 'from_stop_id': 'MH-R-4', 'to_stop_id': '188-4', 'trip_id': '9-0-12', 'agency_name': 'Unknown'}]}"
14,209,7860,inter,left,321,[12; 16; 24; 36],[209],1000,751,0,0,8611,8671.0,12870.0,12930.0,4199.0,4.0,12,209,,,pt,5070.0,12930.0,5070.0,"{'duration': 4199, 'source_transfer_time': 0, 'waiting_time': 359, 'trip_time': 3840, 'num_transfers': 4, 'departure_time': 8671, 'departure_day': 'current_day', 'arrival_time': 12870, 'arrival_day': 'current_day', 'steps': [{'duration': 930, 'departure_time': 9030, 'arrival_time': 9960, 'day': 'current_day', 'from_stop_id': '12-4', 'to_stop_id': 'MH-L-4', 'trip_id': '7-0-11', 'agency_name': 'Unknown'}, {'duration': 30, 'departure_time': 9960, 'arrival_time': 9990, 'day': 'current_day', 'from_stop_id': 'MH-L-4', 'to_stop_id': 'MH-L-0', 'trip_id': 'walking', 'agency_name': 'Unknown'}, {'duration': 1500, 'departure_time': 10800, 'arrival_time': 12300, 'day': 'current_day', 'from_stop_id': 'MH-L-0', 'to_stop_id': 'MH-R-0', 'trip_id': '0-0-4', 'agency_name': 'Unknown'}, {'duration': 30, 'departure_time': 12300, 'arrival_time': 12330, 'day': 'current_day', 'from_stop_id': 'MH-R-0', 'to_stop_id': 'MH-R-2', 'trip_id': 'walking', 'agency_name': 'Unknown'}, {'duration': 330, 'departure_time': 12540, 'arrival_time': 12870, 'day': 'current_day', 'from_stop_id': 'MH-R-2', 'to_stop_id': '209-2', 'trip_id': '4-1-15', 'agency_name': 'Unknown'}]}"
108,231,11550,inter,left,322,[86; 96; 106; 110],[231],1000,751,0,0,12301,12361.0,16710.0,16770.0,4349.0,4.0,86,231,,,pt,5220.0,16770.0,5220.0,"{'duration': 4349, 'source_transfer_time': 0, 'waiting_time': 29, 'trip_time': 4320, 'num_transfers': 4, 'departure_time': 12361, 'departure_day': 'current_day', 'arrival_time': 16710, 'arrival_day': 'current_day', 'steps': [{'duration': 570, 'departure_time': 12390, 'arrival_time': 12960, 'day': 'current_day', 'from_stop_id': '86-5', 'to_stop_id': 'MH-L-5', 'trip_id': '8-1-16', 'agency_name': 'Unknown'}, {'duration': 30, 'departure_time': 12960, 'arrival_time': 12990, 'day': 'current_day', 'from_stop_id': 'MH-L-5', 'to_stop_id': 'MH-L-0', 'trip_id': 'walking', 'agency_name': 'Unknown'}, {'duration': 1500, 'departure_time': 14400, 'arrival_time': 15900, 'day': 'current_day', 'from_stop_id': 'MH-L-0', 'to_stop_id': 'MH-R-0', 'trip_id': '0-0-6', 'agency_name': 'Unknown'}, {'duration': 30, 'departure_time': 15900, 'arrival_time': 15930, 'day': 'current_day', 'from_stop_id': 'MH-R-0', 'to_stop_id': 'MH-R-2', 'trip_id': 'walking', 'agency_name': 'Unknown'}, {'duration': 570, 'departure_time': 16140, 'arrival_time': 16710, 'day': 'current_day', 'from_stop_id': 'MH-R-2', 'to_stop_id': '231-2', 'trip_id': '4-1-21', 'agency_name': 'Unknown'}]}"
45,196,5700,inter,left,323,[55],[196],500,375,0,0,6075,6135.0,9390.0,9450.0,3255.0,4.0,55,196,,,pt,3750.0,9450.0,3750.0,"{'duration': 3255, 'source_transfer_time': 0, 'waiting_time': 375, 'trip_time': 2880, 'num_transfers': 4, 'departure_time': 6135, 'departure_day': 'current_day', 'arrival_time': 9390, 'arrival_day': 'current_day', 'steps': [{'duration': 450, 'departure_time': 6510, 'arrival_time': 6960, 'day': 'current_day', 'from_stop_id': '55-1', 'to_stop_id': 'MH-L-1', 'trip_id': '1-0-6', 'agency_name': 'Unknown'}, {'duration': 30, 'departure_time': 6960, 'arrival_time': 6990, 'day': 'current_day', 'from_stop_id': 'MH-L-1', 'to_stop_id': 'MH-L-0', 'trip_id': 'walking', 'agency_name': 'Unknown'}, {'duration': 1500, 'departure_time': 7200, 'arrival_time': 8700, 'day': 'current_day', 'from_stop_id': 'MH-L-0', 'to_stop_id': 'MH-R-0', 'trip_id': '0-0-2', 'agency_name': 'Unknown'}, {'duration': 30, 'departure_time': 8700, 'arrival_time': 8730, 'day': 'current_day', 'from_stop_id': 'MH-R-0', 'to_stop_id': 'MH-R-5', 'trip_id': 'walking', 'agency_name': 'Unknown'}, {'duration': 450, 'departure_time': 8940, 'arrival_time': 9390, 'day': 'current_day', 'from_stop_id': 'MH-R-5', 'to_stop_id': '196-5', 'trip_id': '10-0-9', 'agency_name': 'Unknown'}]}"
0,171,11700,inter,left,324,[0],[161; 170; 179],0,0,500,375,11700,11760.0,16350.0,16410.0,4590.0,4.0,0,170,,,pt,5085.0,16785.0,5085.0,"{'duration': 4590, 'source_transfer_time': 0, 'waiting_time': 30, 'trip_time': 4560, 'num_transfers': 4, 'departure_time': 11760, 'departure_day': 'current_day', 'arrival_time': 16350, 'arrival_day': 'current_day', 'steps': [{'duration': 1170, 'departure_time': 11790, 'arrival_time': 12960, 'day': 'current_day', 'from_stop_id': '0-4', 'to_stop_id': 'MH-L-4', 'trip_id': '7-0-16', 'agency_name': 'Unknown'}, {'duration': 30, 'departure_time': 12960, 'arrival_time': 12990, 'day': 'current_day', 'from_stop_id': 'MH-L-4', 'to_stop_id': 'MH-L-0', 'trip_id': 'walking', 'agency_name': 'Unknown'}, {'duration': 1500, 'departure_time': 14400, 'arrival_time': 15900, 'day': 'current_day', 'from_stop_id': 'MH-L-0', 'to_stop_id': 'MH-R-0', 'trip_id': '0-0-6', 'agency_name': 'Unknown'}, {'duration': 30, 'departure_time': 15900, 'arrival_time': 15930, 'day': 'current_day', 'from_stop_id': 'MH-R-0', 'to_stop_id': 'MH-R-5', 'trip_id': 'walking', 'agency_name': 'Unknown'}, {'duration': 210, 'departure_time': 16140, 'arrival_time': 16350, 'day': 'current_day', 'from_stop_id': 'MH-R-5', 'to_stop_id': '170-5', 'trip_id': '10-1-21', 'agency_name': 'Unknown'}]}"
39,133,5250,inter,left,325,[39],[133],0,0,0,0,5250,5310.0,9870.0,9930.0,4560.0,4.0,39,133,,,pt,4680.0,9930.0,4680.0,"{'duration': 4560, 'source_transfer_time': 0, 'waiting_time': 120, 'trip_time': 4440, 'num_transfers': 4, 'departure_time': 5310, 'departure_day': 'current_day', 'arrival_time': 9870, 'arrival_day': 'current_day', 'steps': [{'duration': 330, 'departure_time': 5430, 'arrival_time': 5760, 'day': 'current_day', 'from_stop_id': '39-5', 'to_stop_id': 'MH-L-5', 'trip_id': '8-0-4', 'agency_name': 'Unknown'}, {'duration': 30, 'departure_time': 5760, 'arrival_time': 5790, 'day': 'current_day', 'from_stop_id': 'MH-L-5', 'to_stop_id': 'MH-L-0', 'trip_id': 'walking', 'agency_name': 'Unknown'}, {'duration': 1500, 'departure_time': 7200, 'arrival_time': 8700, 'day': 'current_day', 'from_stop_id': 'MH-L-0', 'to_stop_id': 'MH-R-0', 'trip_id': '0-0-2', 'agency_name': 'Unknown'}, {'duration': 30, 'departure_time': 8700, 'arrival_time': 8730, 'day': 'current_day', 'from_stop_id': 'MH-R-0', 'to_stop_id': 'MH-R-4', 'trip_id': 'walking', 'agency_name': 'Unknown'}, {'duration': 930, 'departure_time': 8940, 'arrival_time': 9870, 'day': 'current_day', 'from_stop_id': 'MH-R-4', 'to_stop_id': '133-4', 'trip_id': '9-1-9', 'agency_name': 'Unknown'}]}"
92,128,5520,inter,left,326,[92],[126; 130; 140; 150],0,0,1000,751,5520,5580.0,9510.0,9570.0,3930.0,4.0,92,126,,,pt,4801.0,10321.0,4801.0,"{'duration': 3930, 'source_transfer_time': 0, 'waiting_time': 570, 'trip_time': 3360, 'num_transfers': 4, 'departure_time': 5580, 'departure_day': 'current_day', 'arrival_time': 9510, 'arrival_day': 'current_day', 'steps': [{'duration': 810, 'departure_time': 6150, 'arrival_time': 6960, 'day': 'current_day', 'from_stop_id': '92-4', 'to_stop_id': 'MH-L-4', 'trip_id': '7-1-6', 'agency_name': 'Unknown'}, {'duration': 30, 'departure_time': 6960, 'arrival_time': 6990, 'day': 'current_day', 'from_stop_id': 'MH-L-4', 'to_stop_id': 'MH-L-0', 'trip_id': 'walking', 'agency_name': 'Unknown'}, {'duration': 1500, 'departure_time': 7200, 'arrival_time': 8700, 'day': 'current_day', 'from_stop_id': 'MH-L-0', 'to_stop_id': 'MH-R-0', 'trip_id': '0-0-2', 'agency_name': 'Unknown'}, {'duration': 30, 'departure_time': 8700, 'arrival_time': 8730, 'day': 'current_day', 'from_stop_id': 'MH-R-0', 'to_stop_id': 'MH-R-2', 'trip_id': 'walking', 'agency_name': 'Unknown'}, {'duration': 570, 'departure_time': 8940, 'arrival_time': 9510, 'day': 'current_day', 'from_stop_id': 'MH-R-2', 'to_stop_id': '126-2', 'trip_id': '4-0-9', 'agency_name': 'Unknown'}]}"
62,197,7950,inter,left,327,[54],[197],500,375,0,0,8325,8385.0,12870.0,12930.0,4485.0,4.0,54,197,,,pt,4980.0,12930.0,4980.0,"{'duration': 4485, 'source_transfer_time': 0, 'waiting_time': 405, 'trip_time': 4080, 'num_transfers': 4, 'departure_time': 8385, 'departure_day': 'current_day', 'arrival_time': 12870, 'arrival_day': 'current_day', 'steps': [{'duration': 570, 'departure_time': 8790, 'arrival_time': 9360, 'day': 'current_day', 'from_stop_id': '54-1', 'to_stop_id': 'MH-L-1', 'trip_id': '1-0-10', 'agency_name': 'Unknown'}, {'duration': 30, 'departure_time': 9360, 'arrival_time': 9390, 'day': 'current_day', 'from_stop_id': 'MH-L-1', 'to_stop_id': 'MH-L-0', 'trip_id': 'walking', 'agency_name': 'Unknown'}, {'duration': 1500, 'departure_time': 10800, 'arrival_time': 12300, 'day': 'current_day', 'from_stop_id': 'MH-L-0', 'to_stop_id': 'MH-R-0', 'trip_id': '0-0-4', 'agency_name': 'Unknown'}, {'duration': 30, 'departure_time': 12300, 'arrival_time': 12330, 'day': 'current_day', 'from_stop_id': 'MH-R-0', 'to_stop_id': 'MH-R-5', 'trip_id': 'walking', 'agency_name': 'Unknown'}, {'duration': 330, 'departure_time': 12540, 'arrival_time': 12870, 'day': 'current_day', 'from_stop_id': 'MH-R-5', 'to_stop_id': '197-5', 'trip_id': '10-0-15', 'agency_name': 'Unknown'}]}"
56,187,11850,inter,left,328,[56],[187],0,0,0,0,11850,11910.0,14550.0,14610.0,2640.0,4.0,56,187,,,pt,2760.0,14610.0,2760.0,"{'duration': 2640, 'source_transfer_time': 0, 'waiting_time': 120, 'trip_time': 2520, 'num_transfers': 4, 'departure_time': 11910, 'departure_day': 'current_day', 'arrival_time': 14550, 'arrival_day': 'current_day', 'steps': [{'duration': 330, 'departure_time': 12030, 'arrival_time': 12360, 'day': 'current_day', 'from_stop_id': '56-1', 'to_stop_id': 'MH-L-1', 'trip_id': '1-0-15', 'agency_name': 'Unknown'}, {'duration': 30, 'departure_time': 12360, 'arrival_time': 12390, 'day': 'current_day', 'from_stop_id': 'MH-L-1', 'to_stop_id': 'MH-L-0', 'trip_id': 'walking', 'agency_name': 'Unknown'}, {'duration': 1500, 'departure_time': 12600, 'arrival_time': 14100, 'day': 'current_day', 'from_stop_id': 'MH-L-0', 'to_stop_id': 'MH-R-0', 'trip_id': '0-0-5', 'agency_name': 'Unknown'}, {'duration': 30, 'departure_time': 14100, 'arrival_time': 14130, 'day': 'current_day', 'from_stop_id': 'MH-R-0', 'to_stop_id': 'MH-R-5', 'trip_id': 'walking', 'agency_name': 'Unknown'}, {'duration': 210, 'departure_time': 14340, 'arrival_time': 14550, 'day': 'current_day', 'from_stop_id': 'MH-R-5', 'to_stop_id': '187-5', 'trip_id': '10-0-18', 'agency_name': 'Unknown'}]}"
48,135,8610,inter,left,329,[48],[133; 137; 145; 157],0,0,1000,751,8610,8670.0,12990.0,13050.0,4320.0,4.0,48,137,,,pt,5191.0,13801.0,5191.0,"{'duration': 4320, 'source_transfer_time': 0, 'waiting_time': 480, 'trip_time': 3840, 'num_transfers': 4, 'departure_time': 8670, 'departure_day': 'current_day', 'arrival_time': 12990, 'arrival_day': 'current_day', 'steps': [{'duration': 210, 'departure_time': 9150, 'arrival_time': 9360, 'day': 'current_day', 'from_stop_id': '48-4', 'to_stop_id': 'MH-L-4', 'trip_id': '7-0-10', 'agency_name': 'Unknown'}, {'duration': 30, 'departure_time': 9360, 'arrival_time': 9390, 'day': 'current_day', 'from_stop_id': 'MH-L-4', 'to_stop_id': 'MH-L-0', 'trip_id': 'walking', 'agency_name': 'Unknown'}, {'duration': 1500, 'departure_time': 10800, 'arrival_time': 12300, 'day': 'current_day', 'from_stop_id': 'MH-L-0', 'to_stop_id': 'MH-R-0', 'trip_id': '0-0-4', 'agency_name': 'Unknown'}, {'duration': 30, 'departure_time': 12300, 'arrival_time': 12330, 'day': 'current_day', 'from_stop_id': 'MH-R-0', 'to_stop_id': 'MH-R-2', 'trip_id': 'walking', 'agency_name': 'Unknown'}, {'duration': 450, 'departure_time': 12540, 'arrival_time': 12990, 'day': 'current_day', 'from_stop_id': 'MH-R-2', 'to_stop_id': '137-2', 'trip_id': '4-0-15', 'agency_name': 'Unknown'}]}"
96,160,6390,inter,left,330,[96],[160],0,0,0,0,6390,6450.0,11070.0,11130.0,4620.0,4.0,96,160,,,pt,4740.0,11130.0,4740.0,"{'duration': 4620, 'source_transfer_time': 0, 'waiting_time': 300, 'trip_time': 4320, 'num_transfers': 4, 'departure_time': 6450, 'departure_day': 'current_day', 'arrival_time': 11070, 'arrival_day': 'current_day', 'steps': [{'duration': 810, 'departure_time': 6750, 'arrival_time': 7560, 'day': 'current_day', 'from_stop_id': '96-5', 'to_stop_id': 'MH-L-5', 'trip_id': '8-1-7', 'agency_name': 'Unknown'}, {'duration': 30, 'departure_time': 7560, 'arrival_time': 7590, 'day': 'current_day', 'from_stop_id': 'MH-L-5', 'to_stop_id': 'MH-L-0', 'trip_id': 'walking', 'agency_name': 'Unknown'}, {'duration': 1500, 'departure_time': 9000, 'arrival_time': 10500, 'day': 'current_day', 'from_stop_id': 'MH-L-0', 'to_stop_id': 'MH-R-0', 'trip_id': '0-0-3', 'agency_name': 'Unknown'}, {'duration': 30, 'departure_time': 10500, 'arrival_time': 10530, 'day': 'current_day', 'from_stop_id': 'MH-R-0', 'to_stop_id': 'MH-R-5', 'trip_id': 'walking', 'agency_name': 'Unknown'}, {'duration': 330, 'departure_time': 10740, 'arrival_time': 11070, 'day': 'current_day', 'from_stop_id': 'MH-R-5', 'to_stop_id': '160-5', 'trip_id': '10-1-12', 'agency_name': 'Unknown'}]}"
77,213,6060,inter,left,331,[77],[213],0,0,0,0,6060,6120.0,9750.0,9810.0,3630.0,4.0,77,213,,,pt,3750.0,9810.0,3750.0,"{'duration': 3630, 'source_transfer_time': 0, 'waiting_time': 30, 'trip_time': 3600, 'num_transfers': 4, 'departure_time': 6120, 'departure_day': 'current_day', 'arrival_time': 9750, 'arrival_day': 'current_day', 'steps': [{'duration': 210, 'departure_time': 6150, 'arrival_time': 6360, 'day': 'current_day', 'from_stop_id': '77-2', 'to_stop_id': 'MH-L-2', 'trip_id': '2-0-5', 'agency_name': 'Unknown'}, {'duration': 30, 'departure_time': 6360, 'arrival_time': 6390, 'day': 'current_day', 'from_stop_id': 'MH-L-2', 'to_stop_id': 'MH-L-0', 'trip_id': 'walking', 'agency_name': 'Unknown'}, {'duration': 1500, 'departure_time': 7200, 'arrival_time': 8700, 'day': 'current_day', 'from_stop_id': 'MH-L-0', 'to_stop_id': 'MH-R-0', 'trip_id': '0-0-2', 'agency_name': 'Unknown'}, {'duration': 30, 'departure_time': 8700, 'arrival_time': 8730, 'day': 'current_day', 'from_stop_id': 'MH-R-0', 'to_stop_id': 'MH-R-4', 'trip_id': 'walking', 'agency_name': 'Unknown'}, {'duration': 810, 'departure_time': 8940, 'arrival_time': 9750, 'day': 'current_day', 'from_stop_id': 'MH-R-4', 'to_stop_id': '213-4', 'trip_id': '9-0-9', 'agency_name': 'Unknown'}]}"
60,217,8760,inter,left,332,[60],[217],0,0,0,0,8760,8820.0,13350.0,13410.0,4530.0,4.0,60,217,,,pt,4650.0,13410.0,4650.0,"{'duration': 4530, 'source_transfer_time': 0, 'waiting_time': 90, 'trip_time': 4440, 'num_transfers': 4, 'departure_time': 8820, 'departure_day': 'current_day', 'arrival_time': 13350, 'arrival_day': 'current_day', 'steps': [{'duration': 450, 'departure_time': 8910, 'arrival_time': 9360, 'day': 'current_day', 'from_stop_id': '60-1', 'to_stop_id': 'MH-L-1', 'trip_id': '1-1-10', 'agency_name': 'Unknown'}, {'duration': 30, 'departure_time': 9360, 'arrival_time': 9390, 'day': 'current_day', 'from_stop_id': 'MH-L-1', 'to_stop_id': 'MH-L-0', 'trip_id': 'walking', 'agency_name': 'Unknown'}, {'duration': 1500, 'departure_time': 10800, 'arrival_time': 12300, 'day': 'current_day', 'from_stop_id': 'MH-L-0', 'to_stop_id': 'MH-R-0', 'trip_id': '0-0-4', 'agency_name': 'Unknown'}, {'duration': 30, 'departure_time': 12300, 'arrival_time': 12330, 'day': 'current_day', 'from_stop_id': 'MH-R-0', 'to_stop_id': 'MH-R-5', 'trip_id': 'walking', 'agency_name': 'Unknown'}, {'duration': 810, 'departure_time': 12540, 'arrival_time': 13350, 'day': 'current_day', 'from_stop_id': 'MH-R-5', 'to_stop_id': '217-5', 'trip_id': '10-0-15', 'agency_name': 'Unknown'}]}"
22,159,5400,inter,left,333,[11; 23],[159],500,375,0,0,5775,5835.0,9150.0,9210.0,3315.0,4.0,11,159,,,pt,3810.0,9210.0,3810.0,"{'duration': 3315, 'source_transfer_time': 0, 'waiting_time': 75, 'trip_time': 3240, 'num_transfers': 4, 'departure_time': 5835, 'departure_day': 'current_day', 'arrival_time': 9150, 'arrival_day': 'current_day', 'steps': [{'duration': 1050, 'departure_time': 5910, 'arrival_time': 6960, 'day': 'current_day', 'from_stop_id': '11-4', 'to_stop_id': 'MH-L-4', 'trip_id': '7-0-6', 'agency_name': 'Unknown'}, {'duration': 30, 'departure_time': 6960, 'arrival_time': 6990, 'day': 'current_day', 'from_stop_id': 'MH-L-4', 'to_stop_id': 'MH-L-0', 'trip_id': 'walking', 'agency_name': 'Unknown'}, {'duration': 1500, 'departure_time': 7200, 'arrival_time': 8700, 'day': 'current_day', 'from_stop_id': 'MH-L-0', 'to_stop_id': 'MH-R-0', 'trip_id': '0-0-2', 'agency_name': 'Unknown'}, {'duration': 30, 'departure_time': 8700, 'arrival_time': 8730, 'day': 'current_day', 'from_stop_id': 'MH-R-0', 'to_stop_id': 'MH-R-2', 'trip_id': 'walking', 'agency_name': 'Unknown'}, {'duration': 210, 'departure_time': 8940, 'arrival_time': 9150, 'day': 'current_day', 'from_stop_id': 'MH-R-2', 'to_stop_id': '159-2', 'trip_id': '4-0-9', 'agency_name': 'Unknown'}]}"
9,162,13860,inter,left,334,[9],[151; 161],0,0,500,375,13860,13920.0,18390.0,18450.0,4470.0,4.0,9,161,,,pt,4965.0,18825.0,4965.0,"{'duration': 4470, 'source_transfer_time': 0, 'waiting_time': 390, 'trip_time': 4080, 'num_transfers': 4, 'departure_time': 13920, 'departure_day': 'current_day', 'arrival_time': 18390, 'arrival_day': 'current_day', 'steps': [{'duration': 1050, 'departure_time': 14310, 'arrival_time': 15360, 'day': 'current_day', 'from_stop_id': '9-5', 'to_stop_id': 'MH-L-5', 'trip_id': '8-0-20', 'agency_name': 'Unknown'}, {'duration': 30, 'departure_time': 15360, 'arrival_time': 15390, 'day': 'current_day', 'from_stop_id': 'MH-L-5', 'to_stop_id': 'MH-L-0', 'trip_id': 'walking', 'agency_name': 'Unknown'}, {'duration': 1500, 'departure_time': 16200, 'arrival_time': 17700, 'day': 'current_day', 'from_stop_id': 'MH-L-0', 'to_stop_id': 'MH-R-0', 'trip_id': '0-0-7', 'agency_name': 'Unknown'}, {'duration': 30, 'departure_time': 17700, 'arrival_time': 17730, 'day': 'current_day', 'from_stop_id': 'MH-R-0', 'to_stop_id': 'MH-R-5', 'trip_id': 'walking', 'agency_name': 'Unknown'}, {'duration': 450, 'departure_time': 17940, 'arrival_time': 18390, 'day': 'current_day', 'from_stop_id': 'MH-R-5', 'to_stop_id': '161-5', 'trip_id': '10-1-24', 'agency_name': 'Unknown'}]}"
25,229,9270,inter,left,335,[24; 36],[207; 217; 227; 231],500,375,1000,751,9645,9705.0,13110.0,13170.0,3405.0,4.0,24,207,,,pt,4651.0,13921.0,4651.0,"{'duration': 3405, 'source_transfer_time': 0, 'waiting_time': 165, 'trip_time': 3240, 'num_transfers': 4, 'departure_time': 9705, 'departure_day': 'current_day', 'arrival_time': 13110, 'arrival_day': 'current_day', 'steps': [{'duration': 690, 'departure_time': 9870, 'arrival_time': 10560, 'day': 'current_day', 'from_stop_id': '24-4', 'to_stop_id': 'MH-L-4', 'trip_id': '7-0-12', 'agency_name': 'Unknown'}, {'duration': 30, 'departure_time': 10560, 'arrival_time': 10590, 'day': 'current_day', 'from_stop_id': 'MH-L-4', 'to_stop_id': 'MH-L-0', 'trip_id': 'walking', 'agency_name': 'Unknown'}, {'duration': 1500, 'departure_time': 10800, 'arrival_time': 12300, 'day': 'current_day', 'from_stop_id': 'MH-L-0', 'to_stop_id': 'MH-R-0', 'trip_id': '0-0-4', 'agency_name': 'Unknown'}, {'duration': 30, 'departure_time': 12300, 'arrival_time': 12330, 'day': 'current_day', 'from_stop_id': 'MH-R-0', 'to_stop_id': 'MH-R-5', 'trip_id': 'walking', 'agency_name': 'Unknown'}, {'duration': 570, 'departure_time': 12540, 'arrival_time': 13110, 'day': 'current_day', 'from_stop_id': 'MH-R-5', 'to_stop_id': '207-5', 'trip_id': '10-0-15', 'agency_name': 'Unknown'}]}"
92,160,12600,inter,left,336,[92],[160],0,0,0,0,12600,12660.0,16470.0,16530.0,3810.0,4.0,92,160,,,pt,3930.0,16530.0,3930.0,"{'duration': 3810, 'source_transfer_time': 0, 'waiting_time': 90, 'trip_time': 3720, 'num_transfers': 4, 'departure_time': 12660, 'departure_day': 'current_day', 'arrival_time': 16470, 'arrival_day': 'current_day', 'steps': [{'duration': 810, 'departure_time': 12750, 'arrival_time': 13560, 'day': 'current_day', 'from_stop_id': '92-4', 'to_stop_id': 'MH-L-4', 'trip_id': '7-1-17', 'agency_name': 'Unknown'}, {'duration': 30, 'departure_time': 13560, 'arrival_time': 13590, 'day': 'current_day', 'from_stop_id': 'MH-L-4', 'to_stop_id': 'MH-L-0', 'trip_id': 'walking', 'agency_name': 'Unknown'}, {'duration': 1500, 'departure_time': 14400, 'arrival_time': 15900, 'day': 'current_day', 'from_stop_id': 'MH-L-0', 'to_stop_id': 'MH-R-0', 'trip_id': '0-0-6', 'agency_name': 'Unknown'}, {'duration': 30, 'departure_time': 15900, 'arrival_time': 15930, 'day': 'current_day', 'from_stop_id': 'MH-R-0', 'to_stop_id': 'MH-R-5', 'trip_id': 'walking', 'agency_name': 'Unknown'}, {'duration': 330, 'departure_time': 16140, 'arrival_time': 16470, 'day': 'current_day', 'from_stop_id': 'MH-R-5', 'to_stop_id': '160-5', 'trip_id': '10-1-21', 'agency_name': 'Unknown'}]}"
49,149,12540,inter,left,337,[49],[148; 150; 160],0,0,500,375,12540,12600.0,16470.0,16530.0,3870.0,4.0,49,148,,,pt,4365.0,16905.0,4365.0,"{'duration': 3870, 'source_transfer_time': 0, 'waiting_time': 150, 'trip_time': 3720, 'num_transfers': 4, 'departure_time': 12600, 'departure_day': 'current_day', 'arrival_time': 16470, 'arrival_day': 'current_day', 'steps': [{'duration': 210, 'departure_time': 12750, 'arrival_time': 12960, 'day': 'current_day', 'from_stop_id': '49-5', 'to_stop_id': 'MH-L-5', 'trip_id': '8-0-16', 'agency_name': 'Unknown'}, {'duration': 30, 'departure_time': 12960, 'arrival_time': 12990, 'day': 'current_day', 'from_stop_id': 'MH-L-5', 'to_stop_id': 'MH-L-0', 'trip_id': 'walking', 'agency_name': 'Unknown'}, {'duration': 1500, 'departure_time': 14400, 'arrival_time': 15900, 'day': 'current_day', 'from_stop_id': 'MH-L-0', 'to_stop_id': 'MH-R-0', 'trip_id': '0-0-6', 'agency_name': 'Unknown'}, {'duration': 30, 'departure_time': 15900, 'arrival_time': 15930, 'day': 'current_day', 'from_stop_id': 'MH-R-0', 'to_stop_id': 'MH-R-2', 'trip_id': 'walking', 'agency_name': 'Unknown'}, {'duration': 330, 'departure_time': 16140, 'arrival_time': 16470, 'day': 'current_day', 'from_stop_id': 'MH-R-2', 'to_stop_id': '148-2', 'trip_id': '4-0-21', 'agency_name': 'Unknown'}]}"
54,156,9690,inter,left,338,[54],[156],0,0,0,0,9690,9750.0,13110.0,13170.0,3360.0,4.0,54,156,,,pt,3480.0,13170.0,3480.0,"{'duration': 3360, 'source_transfer_time': 0, 'waiting_time': 240, 'trip_time': 3120, 'num_transfers': 4, 'departure_time': 9750, 'departure_day': 'current_day', 'arrival_time': 13110, 'arrival_day': 'current_day', 'steps': [{'duration': 570, 'departure_time': 9990, 'arrival_time': 10560, 'day': 'current_day', 'from_stop_id': '54-1', 'to_stop_id': 'MH-L-1', 'trip_id': '1-0-12', 'agency_name': 'Unknown'}, {'duration': 30, 'departure_time': 10560, 'arrival_time': 10590, 'day': 'current_day', 'from_stop_id': 'MH-L-1', 'to_stop_id': 'MH-L-0', 'trip_id': 'walking', 'agency_name': 'Unknown'}, {'duration': 1500, 'departure_time': 10800, 'arrival_time': 12300, 'day': 'current_day', 'from_stop_id': 'MH-L-0', 'to_stop_id': 'MH-R-0', 'trip_id': '0-0-4', 'agency_name': 'Unknown'}, {'duration': 30, 'departure_time': 12300, 'arrival_time': 12330, 'day': 'current_day', 'from_stop_id': 'MH-R-0', 'to_stop_id': 'MH-R-4', 'trip_id': 'walking', 'agency_name': 'Unknown'}, {'duration': 570, 'departure_time': 12540, 'arrival_time': 13110, 'day': 'current_day', 'from_stop_id': 'MH-R-4', 'to_stop_id': '156-4', 'trip_id': '9-1-15', 'agency_name': 'Unknown'}]}"
44,169,11700,inter,left,339,[54],[169],500,375,0,0,12075,12135.0,16350.0,16410.0,4215.0,4.0,54,169,,,pt,4710.0,16410.0,4710.0,"{'duration': 4215, 'source_transfer_time': 0, 'waiting_time': 255, 'trip_time': 3960, 'num_transfers': 4, 'departure_time': 12135, 'departure_day': 'current_day', 'arrival_time': 16350, 'arrival_day': 'current_day', 'steps': [{'duration': 570, 'departure_time': 12390, 'arrival_time': 12960, 'day': 'current_day', 'from_stop_id': '54-1', 'to_stop_id': 'MH-L-1', 'trip_id': '1-0-16', 'agency_name': 'Unknown'}, {'duration': 30, 'departure_time': 12960, 'arrival_time': 12990, 'day': 'current_day', 'from_stop_id': 'MH-L-1', 'to_stop_id': 'MH-L-0', 'trip_id': 'walking', 'agency_name': 'Unknown'}, {'duration': 1500, 'departure_time': 14400, 'arrival_time': 15900, 'day': 'current_day', 'from_stop_id': 'MH-L-0', 'to_stop_id': 'MH-R-0', 'trip_id': '0-0-6', 'agency_name': 'Unknown'}, {'duration': 30, 'departure_time': 15900, 'arrival_time': 15930, 'day': 'current_day', 'from_stop_id': 'MH-R-0', 'to_stop_id': 'MH-R-4', 'trip_id': 'walking', 'agency_name': 'Unknown'}, {'duration': 210, 'departure_time': 16140, 'arrival_time': 16350, 'day': 'current_day', 'from_stop_id': 'MH-R-4', 'to_stop_id': '169-4', 'trip_id': '9-1-21', 'agency_name': 'Unknown'}]}"
49,224,9720,inter,left,340,[49],[224],0,0,0,0,9720,9780.0,13470.0,13530.0,3690.0,4.0,49,224,,,pt,3810.0,13530.0,3810.0,"{'duration': 3690, 'source_transfer_time': 0, 'waiting_time': 570, 'trip_time': 3120, 'num_transfers': 4, 'departure_time': 9780, 'departure_day': 'current_day', 'arrival_time': 13470, 'arrival_day': 'current_day', 'steps': [{'duration': 210, 'departure_time': 10350, 'arrival_time': 10560, 'day': 'current_day', 'from_stop_id': '49-5', 'to_stop_id': 'MH-L-5', 'trip_id': '8-0-12', 'agency_name': 'Unknown'}, {'duration': 30, 'departure_time': 10560, 'arrival_time': 10590, 'day': 'current_day', 'from_stop_id': 'MH-L-5', 'to_stop_id': 'MH-L-0', 'trip_id': 'walking', 'agency_name': 'Unknown'}, {'duration': 1500, 'departure_time': 10800, 'arrival_time': 12300, 'day': 'current_day', 'from_stop_id': 'MH-L-0', 'to_stop_id': 'MH-R-0', 'trip_id': '0-0-4', 'agency_name': 'Unknown'}, {'duration': 30, 'departure_time': 12300, 'arrival_time': 12330, 'day': 'current_day', 'from_stop_id': 'MH-R-0', 'to_stop_id': 'MH-R-4', 'trip_id': 'walking', 'agency_name': 'Unknown'}, {'duration': 930, 'departure_time': 12540, 'arrival_time': 13470, 'day': 'current_day', 'from_stop_id': 'MH-R-4', 'to_stop_id': '224-4', 'trip_id': '9-0-15', 'agency_name': 'Unknown'}]}"
105,123,9780,inter,left,341,[105],[121; 133; 145],0,0,1000,751,9780,9840.0,15030.0,15090.0,5190.0,4.0,105,145,,,pt,6061.0,15841.0,6061.0,"{'duration': 5190, 'source_transfer_time': 0, 'waiting_time': 150, 'trip_time': 5040, 'num_transfers': 4, 'departure_time': 9840, 'departure_day': 'current_day', 'arrival_time': 15030, 'arrival_day': 'current_day', 'steps': [{'duration': 1170, 'departure_time': 9990, 'arrival_time': 11160, 'day': 'current_day', 'from_stop_id': '105-5', 'to_stop_id': 'MH-L-5', 'trip_id': '8-1-13', 'agency_name': 'Unknown'}, {'duration': 30, 'departure_time': 11160, 'arrival_time': 11190, 'day': 'current_day', 'from_stop_id': 'MH-L-5', 'to_stop_id': 'MH-L-0', 'trip_id': 'walking', 'agency_name': 'Unknown'}, {'duration': 1500, 'departure_time': 12600, 'arrival_time': 14100, 'day': 'current_day', 'from_stop_id': 'MH-L-0', 'to_stop_id': 'MH-R-0', 'trip_id': '0-0-5', 'agency_name': 'Unknown'}, {'duration': 30, 'departure_time': 14100, 'arrival_time': 14130, 'day': 'current_day', 'from_stop_id': 'MH-R-0', 'to_stop_id': 'MH-R-4', 'trip_id': 'walking', 'agency_name': 'Unknown'}, {'duration': 690, 'departure_time': 14340, 'arrival_time': 15030, 'day': 'current_day', 'from_stop_id': 'MH-R-4', 'to_stop_id': '145-4', 'trip_id': '9-1-18', 'agency_name': 'Unknown'}]}"
7,202,4020,inter,left,342,[5; 9; 19; 29],[201; 213],1000,751,500,375,4771,4831.0,9510.0,9570.0,4679.0,4.0,5,201,,,pt,5925.0,9945.0,5925.0,"{'duration': 4679, 'source_transfer_time': 0, 'waiting_time': 359, 'trip_time': 4320, 'num_transfers': 4, 'departure_time': 4831, 'departure_day': 'current_day', 'arrival_time': 9510, 'arrival_day': 'current_day', 'steps': [{'duration': 570, 'departure_time': 5190, 'arrival_time': 5760, 'day': 'current_day', 'from_stop_id': '5-2', 'to_stop_id': 'MH-L-2', 'trip_id': '2-1-4', 'agency_name': 'Unknown'}, {'duration': 30, 'departure_time': 5760, 'arrival_time': 5790, 'day': 'current_day', 'from_stop_id': 'MH-L-2', 'to_stop_id': 'MH-L-0', 'trip_id': 'walking', 'agency_name': 'Unknown'}, {'duration': 1500, 'departure_time': 7200, 'arrival_time': 8700, 'day': 'current_day', 'from_stop_id': 'MH-L-0', 'to_stop_id': 'MH-R-0', 'trip_id': '0-0-2', 'agency_name': 'Unknown'}, {'duration': 30, 'departure_time': 8700, 'arrival_time': 8730, 'day': 'current_day', 'from_stop_id': 'MH-R-0', 'to_stop_id': 'MH-R-4', 'trip_id': 'walking', 'agency_name': 'Unknown'}, {'duration': 570, 'departure_time': 8940, 'arrival_time': 9510, 'day': 'current_day', 'from_stop_id': 'MH-R-4', 'to_stop_id': '201-4', 'trip_id': '9-0-9', 'agency_name': 'Unknown'}]}"
94,138,7560,inter,left,343,[95; 105],[137],500,375,500,375,7935,7995.0,12990.0,13050.0,4995.0,4.0,95,137,,,pt,5865.0,13425.0,5865.0,"{'duration': 4995, 'source_transfer_time': 0, 'waiting_time': 435, 'trip_time': 4560, 'num_transfers': 4, 'departure_time': 7995, 'departure_day': 'current_day', 'arrival_time': 12990, 'arrival_day': 'current_day', 'steps': [{'duration': 930, 'departure_time': 8430, 'arrival_time': 9360, 'day': 'current_day', 'from_stop_id': '95-5', 'to_stop_id': 'MH-L-5', 'trip_id': '8-1-10', 'agency_name': 'Unknown'}, {'duration': 30, 'departure_time': 9360, 'arrival_time': 9390, 'day': 'current_day', 'from_stop_id': 'MH-L-5', 'to_stop_id': 'MH-L-0', 'trip_id': 'walking', 'agency_name': 'Unknown'}, {'duration': 1500, 'departure_time': 10800, 'arrival_time': 12300, 'day': 'current_day', 'from_stop_id': 'MH-L-0', 'to_stop_id': 'MH-R-0', 'trip_id': '0-0-4', 'agency_name': 'Unknown'}, {'duration': 30, 'departure_time': 12300, 'arrival_time': 12330, 'day': 'current_day', 'from_stop_id': 'MH-R-0', 'to_stop_id': 'MH-R-2', 'trip_id': 'walking', 'agency_name': 'Unknown'}, {'duration': 450, 'departure_time': 12540, 'arrival_time': 12990, 'day': 'current_day', 'from_stop_id': 'MH-R-2', 'to_stop_id': '137-2', 'trip_id': '4-0-15', 'agency_name': 'Unknown'}]}"
69,208,12930,inter,left,344,[59; 68; 80],[197; 207; 209],500,375,500,375,13305,13365.0,16470.0,16530.0,3105.0,4.0,59,197,,,pt,3975.0,16905.0,3975.0,"{'duration': 3105, 'source_transfer_time': 0, 'waiting_time': 465, 'trip_time': 2640, 'num_transfers': 4, 'departure_time': 13365, 'departure_day': 'current_day', 'arrival_time': 16470, 'arrival_day': 'current_day', 'steps': [{'duration': 330, 'departure_time': 13830, 'arrival_time': 14160, 'day': 'current_day', 'from_stop_id': '59-1', 'to_stop_id': 'MH-L-1', 'trip_id': '1-1-18', 'agency_name': 'Unknown'}, {'duration': 30, 'departure_time': 14160, 'arrival_time': 14190, 'day': 'current_day', 'from_stop_id': 'MH-L-1', 'to_stop_id': 'MH-L-0', 'trip_id': 'walking', 'agency_name': 'Unknown'}, {'duration': 1500, 'departure_time': 14400, 'arrival_time': 15900, 'day': 'current_day', 'from_stop_id': 'MH-L-0', 'to_stop_id': 'MH-R-0', 'trip_id': '0-0-6', 'agency_name': 'Unknown'}, {'duration': 30, 'departure_time': 15900, 'arrival_time': 15930, 'day': 'current_day', 'from_stop_id': 'MH-R-0', 'to_stop_id': 'MH-R-5', 'trip_id': 'walking', 'agency_name': 'Unknown'}, {'duration': 330, 'departure_time': 16140, 'arrival_time': 16470, 'day': 'current_day', 'from_stop_id': 'MH-R-5', 'to_stop_id': '197-5', 'trip_id': '10-0-21', 'agency_name': 'Unknown'}]}"
102,129,7440,inter,left,345,[91; 103],[130; 140],500,375,500,375,7815,7875.0,11550.0,11610.0,3675.0,4.0,91,140,,,pt,4545.0,11985.0,4545.0,"{'duration': 3675, 'source_transfer_time': 0, 'waiting_time': 195, 'trip_time': 3480, 'num_transfers': 4, 'departure_time': 7875, 'departure_day': 'current_day', 'arrival_time': 11550, 'arrival_day': 'current_day', 'steps': [{'duration': 690, 'departure_time': 8070, 'arrival_time': 8760, 'day': 'current_day', 'from_stop_id': '91-4', 'to_stop_id': 'MH-L-4', 'trip_id': '7-1-9', 'agency_name': 'Unknown'}, {'duration': 30, 'departure_time': 8760, 'arrival_time': 8790, 'day': 'current_day', 'from_stop_id': 'MH-L-4', 'to_stop_id': 'MH-L-0', 'trip_id': 'walking', 'agency_name': 'Unknown'}, {'duration': 1500, 'departure_time': 9000, 'arrival_time': 10500, 'day': 'current_day', 'from_stop_id': 'MH-L-0', 'to_stop_id': 'MH-R-0', 'trip_id': '0-0-3', 'agency_name': 'Unknown'}, {'duration': 30, 'departure_time': 10500, 'arrival_time': 10530, 'day': 'current_day', 'from_stop_id': 'MH-R-0', 'to_stop_id': 'MH-R-5', 'trip_id': 'walking', 'agency_name': 'Unknown'}, {'duration': 810, 'departure_time': 10740, 'arrival_time': 11550, 'day': 'current_day', 'from_stop_id': 'MH-R-5', 'to_stop_id': '140-5', 'trip_id': '10-1-12', 'agency_name': 'Unknown'}]}"
80,235,12570,inter,left,346,[80],[224; 236],0,0,500,375,12570,12630.0,17070.0,17130.0,4440.0,4.0,80,224,,,pt,4935.0,17505.0,4935.0,"{'duration': 4440, 'source_transfer_time': 0, 'waiting_time': 360, 'trip_time': 4080, 'num_transfers': 4, 'departure_time': 12630, 'departure_day': 'current_day', 'arrival_time': 17070, 'arrival_day': 'current_day', 'steps': [{'duration': 570, 'departure_time': 12990, 'arrival_time': 13560, 'day': 'current_day', 'from_stop_id': '80-4', 'to_stop_id': 'MH-L-4', 'trip_id': '7-1-17', 'agency_name': 'Unknown'}, {'duration': 30, 'departure_time': 13560, 'arrival_time': 13590, 'day': 'current_day', 'from_stop_id': 'MH-L-4', 'to_stop_id': 'MH-L-0', 'trip_id': 'walking', 'agency_name': 'Unknown'}, {'duration': 1500, 'departure_time': 14400, 'arrival_time': 15900, 'day': 'current_day', 'from_stop_id': 'MH-L-0', 'to_stop_id': 'MH-R-0', 'trip_id': '0-0-6', 'agency_name': 'Unknown'}, {'duration': 30, 'departure_time': 15900, 'arrival_time': 15930, 'day': 'current_day', 'from_stop_id': 'MH-R-0', 'to_stop_id': 'MH-R-4', 'trip_id': 'walking', 'agency_name': 'Unknown'}, {'duration': 930, 'departure_time': 16140, 'arrival_time': 17070, 'day': 'current_day', 'from_stop_id': 'MH-R-4', 'to_stop_id': '224-4', 'trip_id': '9-0-21', 'agency_name': 'Unknown'}]}"
115,149,11880,inter,left,347,[115],[148; 150; 160],0,0,500,375,11880,11940.0,16470.0,16530.0,4530.0,4.0,115,148,,,pt,5025.0,16905.0,5025.0,"{'duration': 4530, 'source_transfer_time': 0, 'waiting_time': 450, 'trip_time': 4080, 'num_transfers': 4, 'departure_time': 11940, 'departure_day': 'current_day', 'arrival_time': 16470, 'arrival_day': 'current_day', 'steps': [{'duration': 1170, 'departure_time': 12390, 'arrival_time': 13560, 'day': 'current_day', 'from_stop_id': '115-4', 'to_stop_id': 'MH-L-4', 'trip_id': '7-1-17', 'agency_name': 'Unknown'}, {'duration': 30, 'departure_time': 13560, 'arrival_time': 13590, 'day': 'current_day', 'from_stop_id': 'MH-L-4', 'to_stop_id': 'MH-L-0', 'trip_id': 'walking', 'agency_name': 'Unknown'}, {'duration': 1500, 'departure_time': 14400, 'arrival_time': 15900, 'day': 'current_day', 'from_stop_id': 'MH-L-0', 'to_stop_id': 'MH-R-0', 'trip_id': '0-0-6', 'agency_name': 'Unknown'}, {'duration': 30, 'departure_time': 15900, 'arrival_time': 15930, 'day': 'current_day', 'from_stop_id': 'MH-R-0', 'to_stop_id': 'MH-R-2', 'trip_id': 'walking', 'agency_name': 'Unknown'}, {'duration': 330, 'departure_time': 16140, 'arrival_time': 16470, 'day': 'current_day', 'from_stop_id': 'MH-R-2', 'to_stop_id': '148-2', 'trip_id': '4-0-21', 'agency_name': 'Unknown'}]}"
99,214,8700,inter,left,348,[99],[213; 225],0,0,500,375,8700,8760.0,13350.0,13410.0,4590.0,4.0,99,213,,,pt,5085.0,13785.0,5085.0,"{'duration': 4590, 'source_transfer_time': 0, 'waiting_time': 150, 'trip_time': 4440, 'num_transfers': 4, 'departure_time': 8760, 'departure_day': 'current_day', 'arrival_time': 13350, 'arrival_day': 'current_day', 'steps': [{'duration': 450, 'departure_time': 8910, 'arrival_time': 9360, 'day': 'current_day', 'from_stop_id': '99-2', 'to_stop_id': 'MH-L-2', 'trip_id': '2-0-10', 'agency_name': 'Unknown'}, {'duration': 30, 'departure_time': 9360, 'arrival_time': 9390, 'day': 'current_day', 'from_stop_id': 'MH-L-2', 'to_stop_id': 'MH-L-0', 'trip_id': 'walking', 'agency_name': 'Unknown'}, {'duration': 1500, 'departure_time': 10800, 'arrival_time': 12300, 'day': 'current_day', 'from_stop_id': 'MH-L-0', 'to_stop_id': 'MH-R-0', 'trip_id': '0-0-4', 'agency_name': 'Unknown'}, {'duration': 30, 'departure_time': 12300, 'arrival_time': 12330, 'day': 'current_day', 'from_stop_id': 'MH-R-0', 'to_stop_id': 'MH-R-4', 'trip_id': 'walking', 'agency_name': 'Unknown'}, {'duration': 810, 'departure_time': 12540, 'arrival_time': 13350, 'day': 'current_day', 'from_stop_id': 'MH-R-4', 'to_stop_id': '213-4', 'trip_id': '9-0-15', 'agency_name': 'Unknown'}]}"
42,188,5400,inter,left,349,[20; 30; 40; 60],[188],1000,751,0,0,6151,6211.0,9150.0,9210.0,2939.0,4.0,30,188,,,pt,3810.0,9210.0,3810.0,"{'duration': 2939, 'source_transfer_time': 0, 'waiting_time': 59, 'trip_time': 2880, 'num_transfers': 4, 'departure_time': 6211, 'departure_day': 'current_day', 'arrival_time': 9150, 'arrival_day': 'current_day', 'steps': [{'duration': 690, 'departure_time': 6270, 'arrival_time': 6960, 'day': 'current_day', 'from_stop_id': '30-5', 'to_stop_id': 'MH-L-5', 'trip_id': '8-0-6', 'agency_name': 'Unknown'}, {'duration': 30, 'departure_time': 6960, 'arrival_time': 6990, 'day': 'current_day', 'from_stop_id': 'MH-L-5', 'to_stop_id': 'MH-L-0', 'trip_id': 'walking', 'agency_name': 'Unknown'}, {'duration': 1500, 'departure_time': 7200, 'arrival_time': 8700, 'day': 'current_day', 'from_stop_id': 'MH-L-0', 'to_stop_id': 'MH-R-0', 'trip_id': '0-0-2', 'agency_name': 'Unknown'}, {'duration': 30, 'departure_time': 8700, 'arrival_time': 8730, 'day': 'current_day', 'from_stop_id': 'MH-R-0', 'to_stop_id': 'MH-R-4', 'trip_id': 'walking', 'agency_name': 'Unknown'}, {'duration': 210, 'departure_time': 8940, 'arrival_time': 9150, 'day': 'current_day', 'from_stop_id': 'MH-R-4', 'to_stop_id': '188-4', 'trip_id': '9-0-9', 'agency_name': 'Unknown'}]}"
154,179,14340,intra,right,350,[132; 144; 156; 175],[179],1000,751,0,0,15091,15151.0,16350.0,16410.0,1199.0,4.0,156,179,3383.0,17723.0,pt,2070.0,16410.0,2070.0,"{'duration': 1199, 'source_transfer_time': 0, 'waiting_time': 239, 'trip_time': 960, 'num_transfers': 4, 'departure_time': 15151, 'departure_day': 'current_day', 'arrival_time': 16350, 'arrival_day': 'current_day', 'steps': [{'duration': 450, 'departure_time': 15390, 'arrival_time': 15840, 'day': 'current_day', 'from_stop_id': '156-4', 'to_stop_id': '238-4', 'trip_id': '9-0-21', 'agency_name': 'Unknown'}, {'duration': 30, 'departure_time': 15840, 'arrival_time': 15870, 'day': 'current_day', 'from_stop_id': '238-4', 'to_stop_id': '238-1', 'trip_id': 'walking', 'agency_name': 'Unknown'}, {'duration': 90, 'departure_time': 15870, 'arrival_time': 15960, 'day': 'current_day', 'from_stop_id': '238-1', 'to_stop_id': 'MH-R-1', 'trip_id': '3-0-21', 'agency_name': 'Unknown'}, {'duration': 90, 'departure_time': 16140, 'arrival_time': 16230, 'day': 'current_day', 'from_stop_id': 'MH-R-1', 'to_stop_id': '239-1', 'trip_id': '3-0-21', 'agency_name': 'Unknown'}, {'duration': 90, 'departure_time': 16260, 'arrival_time': 16350, 'day': 'current_day', 'from_stop_id': '239-1', 'to_stop_id': '179-1', 'trip_id': '3-0-21', 'agency_name': 'Unknown'}]}"
165,162,11250,intra,right,351,[175],[151; 161],500,375,500,375,11625,11685.0,12990.0,13050.0,1305.0,2.0,175,161,3383.0,14633.0,pt,2175.0,13425.0,2175.0,"{'duration': 1305, 'source_transfer_time': 0, 'waiting_time': 105, 'trip_time': 1200, 'num_transfers': 2, 'departure_time': 11685, 'departure_day': 'current_day', 'arrival_time': 12990, 'arrival_day': 'current_day', 'steps': [{'duration': 570, 'departure_time': 11790, 'arrival_time': 12360, 'day': 'current_day', 'from_stop_id': '175-1', 'to_stop_id': 'MH-R-1', 'trip_id': '3-0-15', 'agency_name': 'Unknown'}, {'duration': 30, 'departure_time': 12360, 'arrival_time': 12390, 'day': 'current_day', 'from_stop_id': 'MH-R-1', 'to_stop_id': 'MH-R-5', 'trip_id': 'walking', 'agency_name': 'Unknown'}, {'duration': 450, 'departure_time': 12540, 'arrival_time': 12990, 'day': 'current_day', 'from_stop_id': 'MH-R-5', 'to_stop_id': '161-5', 'trip_id': '10-1-15', 'agency_name': 'Unknown'}]}"
168,127,12210,intra,right,352,[168],[126],0,0,500,375,12210,12270.0,13710.0,13770.0,1440.0,2.0,168,126,2631.0,14841.0,pt,1935.0,14145.0,1935.0,"{'duration': 1440, 'source_transfer_time': 0, 'waiting_time': 360, 'trip_time': 1080, 'num_transfers': 2, 'departure_time': 12270, 'departure_day': 'current_day', 'arrival_time': 13710, 'arrival_day': 'current_day', 'steps': [{'duration': 330, 'departure_time': 12630, 'arrival_time': 12960, 'day': 'current_day', 'from_stop_id': '168-4', 'to_stop_id': 'MH-R-4', 'trip_id': '9-0-16', 'agency_name': 'Unknown'}, {'duration': 30, 'departure_time': 12960, 'arrival_time': 12990, 'day': 'current_day', 'from_stop_id': 'MH-R-4', 'to_stop_id': 'MH-R-2', 'trip_id': 'walking', 'agency_name': 'Unknown'}, {'duration': 570, 'departure_time': 13140, 'arrival_time': 13710, 'day': 'current_day', 'from_stop_id': 'MH-R-2', 'to_stop_id': '126-2', 'trip_id': '4-0-16', 'agency_name': 'Unknown'}]}"
172,155,11790,intra,right,353,[180],[144; 156],500,375,500,375,12165,12225.0,13710.0,13770.0,1485.0,2.0,180,156,3007.0,14797.0,pt,2355.0,14145.0,2355.0,"{'duration': 1485, 'source_transfer_time': 0, 'waiting_time': 405, 'trip_time': 1080, 'num_transfers': 2, 'departure_time': 12225, 'departure_day': 'current_day', 'arrival_time': 13710, 'arrival_day': 'current_day', 'steps': [{'duration': 210, 'departure_time': 12630, 'arrival_time': 12840, 'day': 'current_day', 'from_stop_id': '180-1', 'to_stop_id': '239-1', 'trip_id': '3-1-16', 'agency_name': 'Unknown'}, {'duration': 30, 'departure_time': 12840, 'arrival_time': 12870, 'day': 'current_day', 'from_stop_id': '239-1', 'to_stop_id': '239-4', 'trip_id': 'walking', 'agency_name': 'Unknown'}, {'duration': 840, 'departure_time': 12870, 'arrival_time': 13710, 'day': 'current_day', 'from_stop_id': '239-4', 'to_stop_id': '156-4', 'trip_id': '9-1-16', 'agency_name': 'Unknown'}]}"
173,134,9270,intra,right,354,[181],[133; 145],500,375,500,375,9645,9705.0,11430.0,11490.0,1725.0,2.0,181,145,3759.0,13029.0,pt,2595.0,11865.0,2595.0,"{'duration': 1725, 'source_transfer_time': 0, 'waiting_time': 405, 'trip_time': 1320, 'num_transfers': 2, 'departure_time': 9705, 'departure_day': 'current_day', 'arrival_time': 11430, 'arrival_day': 'current_day', 'steps': [{'duration': 330, 'departure_time': 10110, 'arrival_time': 10440, 'day': 'current_day', 'from_stop_id': '181-1', 'to_stop_id': '239-1', 'trip_id': '3-1-12', 'agency_name': 'Unknown'}, {'duration': 30, 'departure_time': 10440, 'arrival_time': 10470, 'day': 'current_day', 'from_stop_id': '239-1', 'to_stop_id': '239-4', 'trip_id': 'walking', 'agency_name': 'Unknown'}, {'duration': 960, 'departure_time': 10470, 'arrival_time': 11430, 'day': 'current_day', 'from_stop_id': '239-4', 'to_stop_id': '145-4', 'trip_id': '9-1-12', 'agency_name': 'Unknown'}]}"
185,202,11310,intra,right,355,[177],[201; 213],500,375,500,375,11685,11745.0,13110.0,13170.0,1365.0,2.0,177,201,3007.0,14317.0,pt,2235.0,13545.0,2235.0,"{'duration': 1365, 'source_transfer_time': 0, 'waiting_time': 285, 'trip_time': 1080, 'num_transfers': 2, 'departure_time': 11745, 'departure_day': 'current_day', 'arrival_time': 13110, 'arrival_day': 'current_day', 'steps': [{'duration': 210, 'departure_time': 12030, 'arrival_time': 12240, 'day': 'current_day', 'from_stop_id': '177-1', 'to_stop_id': '238-1', 'trip_id': '3-0-15', 'agency_name': 'Unknown'}, {'duration': 30, 'departure_time': 12240, 'arrival_time': 12270, 'day': 'current_day', 'from_stop_id': '238-1', 'to_stop_id': '238-4', 'trip_id': 'walking', 'agency_name': 'Unknown'}, {'duration': 840, 'departure_time': 12270, 'arrival_time': 13110, 'day': 'current_day', 'from_stop_id': '238-4', 'to_stop_id': '201-4', 'trip_id': '9-0-15', 'agency_name': 'Unknown'}]}"
132,219,7380,intra,right,356,[132],[220],0,0,500,375,7380,7440.0,9390.0,9450.0,1950.0,2.0,132,220,4511.0,11891.0,pt,2445.0,9825.0,2445.0,"{'duration': 1950, 'source_transfer_time': 0, 'waiting_time': 270, 'trip_time': 1680, 'num_transfers': 2, 'departure_time': 7440, 'departure_day': 'current_day', 'arrival_time': 9390, 'arrival_day': 'current_day', 'steps': [{'duration': 1050, 'departure_time': 7710, 'arrival_time': 8760, 'day': 'current_day', 'from_stop_id': '132-4', 'to_stop_id': 'MH-R-4', 'trip_id': '9-0-9', 'agency_name': 'Unknown'}, {'duration': 30, 'departure_time': 8760, 'arrival_time': 8790, 'day': 'current_day', 'from_stop_id': 'MH-R-4', 'to_stop_id': 'MH-R-2', 'trip_id': 'walking', 'agency_name': 'Unknown'}, {'duration': 450, 'departure_time': 8940, 'arrival_time': 9390, 'day': 'current_day', 'from_stop_id': 'MH-R-2', 'to_stop_id': '220-2', 'trip_id': '4-1-9', 'agency_name': 'Unknown'}]}"
176,137,10980,intra,right,357,[176],[137],0,0,0,0,10980,11040.0,12390.0,12450.0,1350.0,2.0,176,137,3007.0,13987.0,pt,1470.0,12450.0,1470.0,"{'duration': 1350, 'source_transfer_time': 0, 'waiting_time': 270, 'trip_time': 1080, 'num_transfers': 2, 'departure_time': 11040, 'departure_day': 'current_day', 'arrival_time': 12390, 'arrival_day': 'current_day', 'steps': [{'duration': 450, 'departure_time': 11310, 'arrival_time': 11760, 'day': 'current_day', 'from_stop_id': '176-1', 'to_stop_id': 'MH-R-1', 'trip_id': '3-0-14', 'agency_name': 'Unknown'}, {'duration': 30, 'departure_time': 11760, 'arrival_time': 11790, 'day': 'current_day', 'from_stop_id': 'MH-R-1', 'to_stop_id': 'MH-R-2', 'trip_id': 'walking', 'agency_name': 'Unknown'}, {'duration': 450, 'departure_time': 11940, 'arrival_time': 12390, 'day': 'current_day', 'from_stop_id': 'MH-R-2', 'to_stop_id': '137-2', 'trip_id': '4-0-14', 'agency_name': 'Unknown'}]}"
216,198,5130,intra,right,358,[216],[198],0,0,0,0,5130,5190.0,6750.0,6810.0,1560.0,2.0,216,198,2255.0,7385.0,pt,1680.0,6810.0,1680.0,"{'duration': 1560, 'source_transfer_time': 0, 'waiting_time': 240, 'trip_time': 1320, 'num_transfers': 2, 'departure_time': 5190, 'departure_day': 'current_day', 'arrival_time': 6750, 'arrival_day': 'current_day', 'steps': [{'duration': 810, 'departure_time': 5430, 'arrival_time': 6240, 'day': 'current_day', 'from_stop_id': '216-5', 'to_stop_id': '240-5', 'trip_id': '10-1-5', 'agency_name': 'Unknown'}, {'duration': 30, 'departure_time': 6240, 'arrival_time': 6270, 'day': 'current_day', 'from_stop_id': '240-5', 'to_stop_id': '240-2', 'trip_id': 'walking', 'agency_name': 'Unknown'}, {'duration': 90, 'departure_time': 6660, 'arrival_time': 6750, 'day': 'current_day', 'from_stop_id': '240-2', 'to_stop_id': '198-2', 'trip_id': '4-1-5', 'agency_name': 'Unknown'}]}"
125,208,3990,intra,right,359,[126],[197; 207; 209],500,375,500,375,4365,4425.0,5670.0,5730.0,1245.0,3.0,126,197,3007.0,6997.0,pt,2115.0,6105.0,2115.0,"{'duration': 1245, 'source_transfer_time': 0, 'waiting_time': 165, 'trip_time': 1080, 'num_transfers': 3, 'departure_time': 4425, 'departure_day': 'current_day', 'arrival_time': 5670, 'arrival_day': 'current_day', 'steps': [{'duration': 450, 'departure_time': 4590, 'arrival_time': 5040, 'day': 'current_day', 'from_stop_id': '126-2', 'to_stop_id': '237-2', 'trip_id': '4-1-3', 'agency_name': 'Unknown'}, {'duration': 30, 'departure_time': 5040, 'arrival_time': 5070, 'day': 'current_day', 'from_stop_id': '237-2', 'to_stop_id': '237-5', 'trip_id': 'walking', 'agency_name': 'Unknown'}, {'duration': 360, 'departure_time': 5070, 'arrival_time': 5430, 'day': 'current_day', 'from_stop_id': '237-5', 'to_stop_id': '240-5', 'trip_id': '10-0-3', 'agency_name': 'Unknown'}, {'duration': 210, 'departure_time': 5460, 'arrival_time': 5670, 'day': 'current_day', 'from_stop_id': '240-5', 'to_stop_id': '197-5', 'trip_id': '10-0-3', 'agency_name': 'Unknown'}]}"
229,184,10710,intra,right,360,[207; 217; 227; 231],[176],1000,751,500,375,11461,11521.0,12990.0,13050.0,1469.0,2.0,207,176,2255.0,12965.0,walking,2255.0,13425.0,2715.0,"{'duration': 1469, 'source_transfer_time': 0, 'waiting_time': 269, 'trip_time': 1200, 'num_transfers': 2, 'departure_time': 11521, 'departure_day': 'current_day', 'arrival_time': 12990, 'arrival_day': 'current_day', 'steps': [{'duration': 570, 'departure_time': 11790, 'arrival_time': 12360, 'day': 'current_day', 'from_stop_id': '207-5', 'to_stop_id': 'MH-R-5', 'trip_id': '10-1-15', 'agency_name': 'Unknown'}, {'duration': 30, 'departure_time': 12360, 'arrival_time': 12390, 'day': 'current_day', 'from_stop_id': 'MH-R-5', 'to_stop_id': 'MH-R-1', 'trip_id': 'walking', 'agency_name': 'Unknown'}, {'duration': 450, 'departure_time': 12540, 'arrival_time': 12990, 'day': 'current_day', 'from_stop_id': 'MH-R-1', 'to_stop_id': '176-1', 'trip_id': '3-1-15', 'agency_name': 'Unknown'}]}"
180,204,5400,intra,right,361,[180],[206; 216; 226],0,0,1000,751,5400,5460.0,7230.0,7290.0,1770.0,2.0,180,206,4135.0,9535.0,pt,2641.0,8041.0,2641.0,"{'duration': 1770, 'source_transfer_time': 0, 'waiting_time': 570, 'trip_time': 1200, 'num_transfers': 2, 'departure_time': 5460, 'departure_day': 'current_day', 'arrival_time': 7230, 'arrival_day': 'current_day', 'steps': [{'duration': 330, 'departure_time': 6030, 'arrival_time': 6360, 'day': 'current_day', 'from_stop_id': '180-1', 'to_stop_id': 'MH-R-1', 'trip_id': '3-1-5', 'agency_name': 'Unknown'}, {'duration': 30, 'departure_time': 6360, 'arrival_time': 6390, 'day': 'current_day', 'from_stop_id': 'MH-R-1', 'to_stop_id': 'MH-R-5', 'trip_id': 'walking', 'agency_name': 'Unknown'}, {'duration': 690, 'departure_time': 6540, 'arrival_time': 7230, 'day': 'current_day', 'from_stop_id': 'MH-R-5', 'to_stop_id': '206-5', 'trip_id': '10-0-5', 'agency_name': 'Unknown'}]}"
146,189,7350,intra,right,362,[145; 157],[189],500,375,0,0,7725,7785.0,9270.0,9330.0,1485.0,0.0,145,189,3007.0,10357.0,pt,1980.0,9330.0,1980.0,"{'duration': 1485, 'source_transfer_time': 0, 'waiting_time': 285, 'trip_time': 1200, 'num_transfers': 0, 'departure_time': 7785, 'departure_day': 'current_day', 'arrival_time': 9270, 'arrival_day': 'current_day', 'steps': [{'duration': 1200, 'departure_time': 8070, 'arrival_time': 9270, 'day': 'current_day', 'from_stop_id': '145-4', 'to_stop_id': '189-4', 'trip_id': '9-0-9', 'agency_name': 'Unknown'}]}"
168,129,13680,intra,right,363,[168],[130; 140],0,0,500,375,13680,13740.0,15150.0,15210.0,1410.0,2.0,168,140,3383.0,17063.0,pt,1905.0,15585.0,1905.0,"{'duration': 1410, 'source_transfer_time': 0, 'waiting_time': 90, 'trip_time': 1320, 'num_transfers': 2, 'departure_time': 13740, 'departure_day': 'current_day', 'arrival_time': 15150, 'arrival_day': 'current_day', 'steps': [{'duration': 330, 'departure_time': 13830, 'arrival_time': 14160, 'day': 'current_day', 'from_stop_id': '168-4', 'to_stop_id': 'MH-R-4', 'trip_id': '9-0-18', 'agency_name': 'Unknown'}, {'duration': 30, 'departure_time': 14160, 'arrival_time': 14190, 'day': 'current_day', 'from_stop_id': 'MH-R-4', 'to_stop_id': 'MH-R-5', 'trip_id': 'walking', 'agency_name': 'Unknown'}, {'duration': 810, 'departure_time': 14340, 'arrival_time': 15150, 'day': 'current_day', 'from_stop_id': 'MH-R-5', 'to_stop_id': '140-5', 'trip_id': '10-1-18', 'agency_name': 'Unknown'}]}"
201,168,9600,intra,right,364,[201],[168],0,0,0,0,9600,9660.0,11070.0,11130.0,1410.0,0.0,201,168,3007.0,12607.0,pt,1530.0,11130.0,1530.0,"{'duration': 1410, 'source_transfer_time': 0, 'waiting_time': 330, 'trip_time': 1080, 'num_transfers': 0, 'departure_time': 9660, 'departure_day': 'current_day', 'arrival_time': 11070, 'arrival_day': 'current_day', 'steps': [{'duration': 1080, 'departure_time': 9990, 'arrival_time': 11070, 'day': 'current_day', 'from_stop_id': '201-4', 'to_stop_id': '168-4', 'trip_id': '9-1-12', 'agency_name': 'Unknown'}]}"
165,211,8430,intra,right,365,[175],[200; 212],500,375,500,375,8805,8865.0,10590.0,10650.0,1725.0,2.0,175,200,4135.0,12565.0,pt,2595.0,11025.0,2595.0,"{'duration': 1725, 'source_transfer_time': 0, 'waiting_time': 525, 'trip_time': 1200, 'num_transfers': 2, 'departure_time': 8865, 'departure_day': 'current_day', 'arrival_time': 10590, 'arrival_day': 'current_day', 'steps': [{'duration': 450, 'departure_time': 9390, 'arrival_time': 9840, 'day': 'current_day', 'from_stop_id': '175-1', 'to_stop_id': '238-1', 'trip_id': '3-0-11', 'agency_name': 'Unknown'}, {'duration': 30, 'departure_time': 9840, 'arrival_time': 9870, 'day': 'current_day', 'from_stop_id': '238-1', 'to_stop_id': '238-4', 'trip_id': 'walking', 'agency_name': 'Unknown'}, {'duration': 720, 'departure_time': 9870, 'arrival_time': 10590, 'day': 'current_day', 'from_stop_id': '238-4', 'to_stop_id': '200-4', 'trip_id': '9-0-11', 'agency_name': 'Unknown'}]}"
129,195,4020,intra,right,366,[130; 140],[196; 206],500,375,500,375,4395,4455.0,6390.0,6450.0,1935.0,0.0,130,196,4887.0,8907.0,pt,2805.0,6825.0,2805.0,"{'duration': 1935, 'source_transfer_time': 0, 'waiting_time': 255, 'trip_time': 1680, 'num_transfers': 0, 'departure_time': 4455, 'departure_day': 'current_day', 'arrival_time': 6390, 'arrival_day': 'current_day', 'steps': [{'duration': 1680, 'departure_time': 4710, 'arrival_time': 6390, 'day': 'current_day', 'from_stop_id': '130-5', 'to_stop_id': '196-5', 'trip_id': '10-0-4', 'agency_name': 'Unknown'}]}"
174,185,4020,intra,right,367,[182],[177],500,375,500,375,4395,4455.0,5670.0,5730.0,1215.0,0.0,182,177,3759.0,7779.0,pt,2085.0,6105.0,2085.0,"{'duration': 1215, 'source_transfer_time': 0, 'waiting_time': 135, 'trip_time': 1080, 'num_transfers': 0, 'departure_time': 4455, 'departure_day': 'current_day', 'arrival_time': 5670, 'arrival_day': 'current_day', 'steps': [{'duration': 1080, 'departure_time': 4590, 'arrival_time': 5670, 'day': 'current_day', 'from_stop_id': '182-1', 'to_stop_id': '177-1', 'trip_id': '3-1-3', 'agency_name': 'Unknown'}]}"
131,207,5910,intra,right,368,[131],[207],0,0,0,0,5910,5970.0,8310.0,8370.0,2340.0,0.0,131,207,5639.0,11549.0,pt,2460.0,8370.0,2460.0,"{'duration': 2340, 'source_transfer_time': 0, 'waiting_time': 420, 'trip_time': 1920, 'num_transfers': 0, 'departure_time': 5970, 'departure_day': 'current_day', 'arrival_time': 8310, 'arrival_day': 'current_day', 'steps': [{'duration': 1920, 'departure_time': 6390, 'arrival_time': 8310, 'day': 'current_day', 'from_stop_id': '131-5', 'to_stop_id': '207-5', 'trip_id': '10-0-7', 'agency_name': 'Unknown'}]}"
215,151,5370,intra,right,369,[216; 226],[151],500,375,0,0,5745,5805.0,7830.0,7890.0,2025.0,0.0,216,151,5639.0,11009.0,pt,2520.0,7890.0,2520.0,"{'duration': 2025, 'source_transfer_time': 0, 'waiting_time': 225, 'trip_time': 1800, 'num_transfers': 0, 'departure_time': 5805, 'departure_day': 'current_day', 'arrival_time': 7830, 'arrival_day': 'current_day', 'steps': [{'duration': 1800, 'departure_time': 6030, 'arrival_time': 7830, 'day': 'current_day', 'from_stop_id': '216-5', 'to_stop_id': '151-5', 'trip_id': '10-1-6', 'agency_name': 'Unknown'}]}"
165,182,11460,intra,right,370,[175],[182],500,375,0,0,11835,11895.0,13710.0,13770.0,1815.0,0.0,175,182,4135.0,15595.0,pt,2310.0,13770.0,2310.0,"{'duration': 1815, 'source_transfer_time': 0, 'waiting_time': 495, 'trip_time': 1320, 'num_transfers': 0, 'departure_time': 11895, 'departure_day': 'current_day', 'arrival_time': 13710, 'arrival_day': 'current_day', 'steps': [{'duration': 1320, 'departure_time': 12390, 'arrival_time': 13710, 'day': 'current_day', 'from_stop_id': '175-1', 'to_stop_id': '182-1', 'trip_id': '3-0-16', 'agency_name': 'Unknown'}]}"
211,137,12540,intra,right,371,[200; 212],[137],500,375,0,0,12915,12975.0,14190.0,14250.0,1215.0,2.0,200,137,3383.0,15923.0,pt,1710.0,14250.0,1710.0,"{'duration': 1215, 'source_transfer_time': 0, 'waiting_time': 135, 'trip_time': 1080, 'num_transfers': 2, 'departure_time': 12975, 'departure_day': 'current_day', 'arrival_time': 14190, 'arrival_day': 'current_day', 'steps': [{'duration': 450, 'departure_time': 13110, 'arrival_time': 13560, 'day': 'current_day', 'from_stop_id': '200-4', 'to_stop_id': 'MH-R-4', 'trip_id': '9-1-17', 'agency_name': 'Unknown'}, {'duration': 30, 'departure_time': 13560, 'arrival_time': 13590, 'day': 'current_day', 'from_stop_id': 'MH-R-4', 'to_stop_id': 'MH-R-2', 'trip_id': 'walking', 'agency_name': 'Unknown'}, {'duration': 450, 'departure_time': 13740, 'arrival_time': 14190, 'day': 'current_day', 'from_stop_id': 'MH-R-2', 'to_stop_id': '137-2', 'trip_id': '4-0-17', 'agency_name': 'Unknown'}]}"
239,195,10650,intra,right,372,[239],[196; 206],0,0,500,375,10650,10710.0,11790.0,11850.0,1080.0,2.0,239,196,2255.0,12905.0,pt,1575.0,12225.0,1575.0,"{'duration': 1080, 'source_transfer_time': 0, 'waiting_time': 360, 'trip_time': 720, 'num_transfers': 2, 'departure_time': 10710, 'departure_day': 'current_day', 'arrival_time': 11790, 'arrival_day': 'current_day', 'steps': [{'duration': 90, 'departure_time': 11070, 'arrival_time': 11160, 'day': 'current_day', 'from_stop_id': '239-1', 'to_stop_id': 'MH-R-1', 'trip_id': '3-1-13', 'agency_name': 'Unknown'}, {'duration': 30, 'departure_time': 11160, 'arrival_time': 11190, 'day': 'current_day', 'from_stop_id': 'MH-R-1', 'to_stop_id': 'MH-R-5', 'trip_id': 'walking', 'agency_name': 'Unknown'}, {'duration': 450, 'departure_time': 11340, 'arrival_time': 11790, 'day': 'current_day', 'from_stop_id': 'MH-R-5', 'to_stop_id': '196-5', 'trip_id': '10-0-13', 'agency_name': 'Unknown'}]}"
139,183,3660,intra,right,373,[140; 150],[175],500,375,500,375,4035,4095.0,5910.0,5970.0,1815.0,2.0,140,175,4511.0,8171.0,pt,2685.0,6345.0,2685.0,"{'duration': 1815, 'source_transfer_time': 0, 'waiting_time': 255, 'trip_time': 1560, 'num_transfers': 2, 'departure_time': 4095, 'departure_day': 'current_day', 'arrival_time': 5910, 'arrival_day': 'current_day', 'steps': [{'duration': 810, 'departure_time': 4350, 'arrival_time': 5160, 'day': 'current_day', 'from_stop_id': '140-5', 'to_stop_id': 'MH-R-5', 'trip_id': '10-0-3', 'agency_name': 'Unknown'}, {'duration': 30, 'departure_time': 5160, 'arrival_time': 5190, 'day': 'current_day', 'from_stop_id': 'MH-R-5', 'to_stop_id': 'MH-R-1', 'trip_id': 'walking', 'agency_name': 'Unknown'}, {'duration': 570, 'departure_time': 5340, 'arrival_time': 5910, 'day': 'current_day', 'from_stop_id': 'MH-R-1', 'to_stop_id': '175-1', 'trip_id': '3-1-3', 'agency_name': 'Unknown'}]}"
240,142,11400,intra,right,374,[240],[131; 141],0,0,500,375,11400,11460.0,12870.0,12930.0,1410.0,0.0,240,141,3759.0,15159.0,pt,1905.0,13305.0,1905.0,"{'duration': 1410, 'source_transfer_time': 0, 'waiting_time': 210, 'trip_time': 1200, 'num_transfers': 0, 'departure_time': 11460, 'departure_day': 'current_day', 'arrival_time': 12870, 'arrival_day': 'current_day', 'steps': [{'duration': 1200, 'departure_time': 11670, 'arrival_time': 12870, 'day': 'current_day', 'from_stop_id': '240-5', 'to_stop_id': '141-5', 'trip_id': '10-1-14', 'agency_name': 'Unknown'}]}"
205,147,9120,intra,right,375,[206; 216],[148],500,375,500,375,9495,9555.0,11070.0,11130.0,1515.0,2.0,206,148,3383.0,12503.0,pt,2385.0,11505.0,2385.0,"{'duration': 1515, 'source_transfer_time': 0, 'waiting_time': 315, 'trip_time': 1200, 'num_transfers': 2, 'departure_time': 9555, 'departure_day': 'current_day', 'arrival_time': 11070, 'arrival_day': 'current_day', 'steps': [{'duration': 570, 'departure_time': 9870, 'arrival_time': 10440, 'day': 'current_day', 'from_stop_id': '206-5', 'to_stop_id': '240-5', 'trip_id': '10-1-12', 'agency_name': 'Unknown'}, {'duration': 30, 'departure_time': 10440, 'arrival_time': 10470, 'day': 'current_day', 'from_stop_id': '240-5', 'to_stop_id': '240-2', 'trip_id': 'walking', 'agency_name': 'Unknown'}, {'duration': 600, 'departure_time': 10470, 'arrival_time': 11070, 'day': 'current_day', 'from_stop_id': '240-2', 'to_stop_id': '148-2', 'trip_id': '4-0-12', 'agency_name': 'Unknown'}]}"
161,236,6600,intra,right,376,[161],[236],0,0,0,0,6600,6660.0,8910.0,8970.0,2250.0,2.0,161,236,3759.0,10359.0,pt,2370.0,8970.0,2370.0,"{'duration': 2250, 'source_transfer_time': 0, 'waiting_time': 450, 'trip_time': 1800, 'num_transfers': 2, 'departure_time': 6660, 'departure_day': 'current_day', 'arrival_time': 8910, 'arrival_day': 'current_day', 'steps': [{'duration': 450, 'departure_time': 7110, 'arrival_time': 7560, 'day': 'current_day', 'from_stop_id': '161-5', 'to_stop_id': 'MH-R-5', 'trip_id': '10-0-7', 'agency_name': 'Unknown'}, {'duration': 30, 'departure_time': 7560, 'arrival_time': 7590, 'day': 'current_day', 'from_stop_id': 'MH-R-5', 'to_stop_id': 'MH-R-4', 'trip_id': 'walking', 'agency_name': 'Unknown'}, {'duration': 1170, 'departure_time': 7740, 'arrival_time': 8910, 'day': 'current_day', 'from_stop_id': 'MH-R-4', 'to_stop_id': '236-4', 'trip_id': '9-0-7', 'agency_name': 'Unknown'}]}"
235,197,8280,intra,right,377,[224; 236],[197],500,375,0,0,8655,8715.0,10470.0,10530.0,1755.0,2.0,224,197,3007.0,11287.0,pt,2250.0,10530.0,2250.0,"{'duration': 1755, 'source_transfer_time': 0, 'waiting_time': 315, 'trip_time': 1440, 'num_transfers': 2, 'departure_time': 8715, 'departure_day': 'current_day', 'arrival_time': 10470, 'arrival_day': 'current_day', 'steps': [{'duration': 930, 'departure_time': 9030, 'arrival_time': 9960, 'day': 'current_day', 'from_stop_id': '224-4', 'to_stop_id': 'MH-R-4', 'trip_id': '9-1-11', 'agency_name': 'Unknown'}, {'duration': 30, 'departure_time': 9960, 'arrival_time': 9990, 'day': 'current_day', 'from_stop_id': 'MH-R-4', 'to_stop_id': 'MH-R-5', 'trip_id': 'walking', 'agency_name': 'Unknown'}, {'duration': 330, 'departure_time': 10140, 'arrival_time': 10470, 'day': 'current_day', 'from_stop_id': 'MH-R-5', 'to_stop_id': '197-5', 'trip_id': '10-0-11', 'agency_name': 'Unknown'}]}"
170,130,3870,intra,right,378,[170],[130],0,0,0,0,3870,3930.0,5190.0,5250.0,1260.0,0.0,170,130,2631.0,6501.0,pt,1380.0,5250.0,1380.0,"{'duration': 1260, 'source_transfer_time': 0, 'waiting_time': 450, 'trip_time': 810, 'num_transfers': 0, 'departure_time': 3930, 'departure_day': 'current_day', 'arrival_time': 5190, 'arrival_day': 'current_day', 'steps': [{'duration': 810, 'departure_time': 4380, 'arrival_time': 5190, 'day': 'current_day', 'from_stop_id': '170-5', 'to_stop_id': '130-5', 'trip_id': '10-1-1', 'agency_name': 'Unknown'}]}"
212,160,12000,intra,right,379,[212],[160],0,0,0,0,12000,12060.0,13470.0,13530.0,1410.0,2.0,212,160,2631.0,14631.0,pt,1530.0,13530.0,1530.0,"{'duration': 1410, 'source_transfer_time': 0, 'waiting_time': 210, 'trip_time': 1200, 'num_transfers': 2, 'departure_time': 12060, 'departure_day': 'current_day', 'arrival_time': 13470, 'arrival_day': 'current_day', 'steps': [{'duration': 690, 'departure_time': 12270, 'arrival_time': 12960, 'day': 'current_day', 'from_stop_id': '212-4', 'to_stop_id': 'MH-R-4', 'trip_id': '9-1-16', 'agency_name': 'Unknown'}, {'duration': 30, 'departure_time': 12960, 'arrival_time': 12990, 'day': 'current_day', 'from_stop_id': 'MH-R-4', 'to_stop_id': 'MH-R-5', 'trip_id': 'walking', 'agency_name': 'Unknown'}, {'duration': 330, 'departure_time': 13140, 'arrival_time': 13470, 'day': 'current_day', 'from_stop_id': 'MH-R-5', 'to_stop_id': '160-5', 'trip_id': '10-1-16', 'agency_name': 'Unknown'}]}"
130,235,5970,intra,right,380,[130],[224; 236],0,0,500,375,5970,6030.0,8670.0,8730.0,2640.0,2.0,130,224,3759.0,9729.0,pt,3135.0,9105.0,3135.0,"{'duration': 2640, 'source_transfer_time': 0, 'waiting_time': 480, 'trip_time': 2160, 'num_transfers': 2, 'departure_time': 6030, 'departure_day': 'current_day', 'arrival_time': 8670, 'arrival_day': 'current_day', 'steps': [{'duration': 1050, 'departure_time': 6510, 'arrival_time': 7560, 'day': 'current_day', 'from_stop_id': '130-5', 'to_stop_id': 'MH-R-5', 'trip_id': '10-0-7', 'agency_name': 'Unknown'}, {'duration': 30, 'departure_time': 7560, 'arrival_time': 7590, 'day': 'current_day', 'from_stop_id': 'MH-R-5', 'to_stop_id': 'MH-R-4', 'trip_id': 'walking', 'agency_name': 'Unknown'}, {'duration': 930, 'departure_time': 7740, 'arrival_time': 8670, 'day': 'current_day', 'from_stop_id': 'MH-R-4', 'to_stop_id': '224-4', 'trip_id': '9-0-7', 'agency_name': 'Unknown'}]}"
194,162,11100,intra,right,381,[176; 196; 206; 216],[151; 161],1000,751,500,375,11851,11911.0,13590.0,13650.0,1679.0,2.0,176,161,4135.0,15235.0,pt,2925.0,14025.0,2925.0,"{'duration': 1679, 'source_transfer_time': 0, 'waiting_time': 599, 'trip_time': 1080, 'num_transfers': 2, 'departure_time': 11911, 'departure_day': 'current_day', 'arrival_time': 13590, 'arrival_day': 'current_day', 'steps': [{'duration': 450, 'departure_time': 12510, 'arrival_time': 12960, 'day': 'current_day', 'from_stop_id': '176-1', 'to_stop_id': 'MH-R-1', 'trip_id': '3-0-16', 'agency_name': 'Unknown'}, {'duration': 30, 'departure_time': 12960, 'arrival_time': 12990, 'day': 'current_day', 'from_stop_id': 'MH-R-1', 'to_stop_id': 'MH-R-5', 'trip_id': 'walking', 'agency_name': 'Unknown'}, {'duration': 450, 'departure_time': 13140, 'arrival_time': 13590, 'day': 'current_day', 'from_stop_id': 'MH-R-5', 'to_stop_id': '161-5', 'trip_id': '10-1-16', 'agency_name': 'Unknown'}]}"
206,212,11250,intra,right,382,[206],[212],0,0,0,0,11250,11310.0,13230.0,13290.0,1920.0,2.0,206,212,2255.0,13505.0,pt,2040.0,13290.0,2040.0,"{'duration': 1920, 'source_transfer_time': 0, 'waiting_time': 360, 'trip_time': 1560, 'num_transfers': 2, 'departure_time': 11310, 'departure_day': 'current_day', 'arrival_time': 13230, 'arrival_day': 'current_day', 'steps': [{'duration': 690, 'departure_time': 11670, 'arrival_time': 12360, 'day': 'current_day', 'from_stop_id': '206-5', 'to_stop_id': 'MH-R-5', 'trip_id': '10-1-15', 'agency_name': 'Unknown'}, {'duration': 30, 'departure_time': 12360, 'arrival_time': 12390, 'day': 'current_day', 'from_stop_id': 'MH-R-5', 'to_stop_id': 'MH-R-4', 'trip_id': 'walking', 'agency_name': 'Unknown'}, {'duration': 690, 'departure_time': 12540, 'arrival_time': 13230, 'day': 'current_day', 'from_stop_id': 'MH-R-4', 'to_stop_id': '212-4', 'trip_id': '9-0-15', 'agency_name': 'Unknown'}]}"
159,207,10050,intra,right,383,[159],[207],0,0,0,0,10050,10110.0,11310.0,11370.0,1200.0,3.0,159,207,2631.0,12681.0,pt,1320.0,11370.0,1320.0,"{'duration': 1200, 'source_transfer_time': 0, 'waiting_time': 240, 'trip_time': 960, 'num_transfers': 3, 'departure_time': 10110, 'departure_day': 'current_day', 'arrival_time': 11310, 'arrival_day': 'current_day', 'steps': [{'duration': 90, 'departure_time': 10350, 'arrival_time': 10440, 'day': 'current_day', 'from_stop_id': '159-2', 'to_stop_id': '237-2', 'trip_id': '4-1-12', 'agency_name': 'Unknown'}, {'duration': 30, 'departure_time': 10440, 'arrival_time': 10470, 'day': 'current_day', 'from_stop_id': '237-2', 'to_stop_id': '237-5', 'trip_id': 'walking', 'agency_name': 'Unknown'}, {'duration': 360, 'departure_time': 10470, 'arrival_time': 10830, 'day': 'current_day', 'from_stop_id': '237-5', 'to_stop_id': '240-5', 'trip_id': '10-0-12', 'agency_name': 'Unknown'}, {'duration': 450, 'departure_time': 10860, 'arrival_time': 11310, 'day': 'current_day', 'from_stop_id': '240-5', 'to_stop_id': '207-5', 'trip_id': '10-0-12', 'agency_name': 'Unknown'}]}"
220,183,11400,intra,right,384,[220],[175],0,0,500,375,11400,11460.0,13110.0,13170.0,1650.0,2.0,220,175,3007.0,14407.0,pt,2145.0,13545.0,2145.0,"{'duration': 1650, 'source_transfer_time': 0, 'waiting_time': 450, 'trip_time': 1200, 'num_transfers': 2, 'departure_time': 11460, 'departure_day': 'current_day', 'arrival_time': 13110, 'arrival_day': 'current_day', 'steps': [{'duration': 450, 'departure_time': 11910, 'arrival_time': 12360, 'day': 'current_day', 'from_stop_id': '220-2', 'to_stop_id': 'MH-R-2', 'trip_id': '4-0-15', 'agency_name': 'Unknown'}, {'duration': 30, 'departure_time': 12360, 'arrival_time': 12390, 'day': 'current_day', 'from_stop_id': 'MH-R-2', 'to_stop_id': 'MH-R-1', 'trip_id': 'walking', 'agency_name': 'Unknown'}, {'duration': 570, 'departure_time': 12540, 'arrival_time': 13110, 'day': 'current_day', 'from_stop_id': 'MH-R-1', 'to_stop_id': '175-1', 'trip_id': '3-1-15', 'agency_name': 'Unknown'}]}"
122,225,8460,intra,right,385,[121; 133],[225],500,375,0,0,8835,8895.0,11190.0,11250.0,2295.0,0.0,133,225,6766.0,15226.0,pt,2790.0,11250.0,2790.0,"{'duration': 2295, 'source_transfer_time': 0, 'waiting_time': 135, 'trip_time': 2160, 'num_transfers': 0, 'departure_time': 8895, 'departure_day': 'current_day', 'arrival_time': 11190, 'arrival_day': 'current_day', 'steps': [{'duration': 2160, 'departure_time': 9030, 'arrival_time': 11190, 'day': 'current_day', 'from_stop_id': '133-4', 'to_stop_id': '225-4', 'trip_id': '9-0-11', 'agency_name': 'Unknown'}]}"
121,208,4950,intra,right,386,[121],[197; 207; 209],0,0,500,375,4950,5010.0,6870.0,6930.0,1860.0,2.0,121,197,4511.0,9461.0,pt,2355.0,7305.0,2355.0,"{'duration': 1860, 'source_transfer_time': 0, 'waiting_time': 180, 'trip_time': 1680, 'num_transfers': 2, 'departure_time': 5010, 'departure_day': 'current_day', 'arrival_time': 6870, 'arrival_day': 'current_day', 'steps': [{'duration': 1170, 'departure_time': 5190, 'arrival_time': 6360, 'day': 'current_day', 'from_stop_id': '121-4', 'to_stop_id': 'MH-R-4', 'trip_id': '9-0-5', 'agency_name': 'Unknown'}, {'duration': 30, 'departure_time': 6360, 'arrival_time': 6390, 'day': 'current_day', 'from_stop_id': 'MH-R-4', 'to_stop_id': 'MH-R-5', 'trip_id': 'walking', 'agency_name': 'Unknown'}, {'duration': 330, 'departure_time': 6540, 'arrival_time': 6870, 'day': 'current_day', 'from_stop_id': 'MH-R-5', 'to_stop_id': '197-5', 'trip_id': '10-0-5', 'agency_name': 'Unknown'}]}"
203,216,7260,intra,right,387,[182; 201; 213; 225],[216],1000,751,0,0,8011,8071.0,9870.0,9930.0,1799.0,2.0,182,216,4135.0,11395.0,pt,2670.0,9930.0,2670.0,"{'duration': 1799, 'source_transfer_time': 0, 'waiting_time': 119, 'trip_time': 1680, 'num_transfers': 2, 'departure_time': 8071, 'departure_day': 'current_day', 'arrival_time': 9870, 'arrival_day': 'current_day', 'steps': [{'duration': 570, 'departure_time': 8190, 'arrival_time': 8760, 'day': 'current_day', 'from_stop_id': '182-1', 'to_stop_id': 'MH-R-1', 'trip_id': '3-1-9', 'agency_name': 'Unknown'}, {'duration': 30, 'departure_time': 8760, 'arrival_time': 8790, 'day': 'current_day', 'from_stop_id': 'MH-R-1', 'to_stop_id': 'MH-R-5', 'trip_id': 'walking', 'agency_name': 'Unknown'}, {'duration': 930, 'departure_time': 8940, 'arrival_time': 9870, 'day': 'current_day', 'from_stop_id': 'MH-R-5', 'to_stop_id': '216-5', 'trip_id': '10-0-9', 'agency_name': 'Unknown'}]}"
228,123,11370,intra,right,388,[217; 227],[121; 133; 145],500,375,1000,751,11745,11805.0,13830.0,13890.0,2025.0,2.0,217,145,3759.0,15129.0,pt,3271.0,14641.0,3271.0,"{'duration': 2025, 'source_transfer_time': 0, 'waiting_time': 345, 'trip_time': 1680, 'num_transfers': 2, 'departure_time': 11805, 'departure_day': 'current_day', 'arrival_time': 13830, 'arrival_day': 'current_day', 'steps': [{'duration': 810, 'departure_time': 12150, 'arrival_time': 12960, 'day': 'current_day', 'from_stop_id': '217-5', 'to_stop_id': 'MH-R-5', 'trip_id': '10-1-16', 'agency_name': 'Unknown'}, {'duration': 30, 'departure_time': 12960, 'arrival_time': 12990, 'day': 'current_day', 'from_stop_id': 'MH-R-5', 'to_stop_id': 'MH-R-4', 'trip_id': 'walking', 'agency_name': 'Unknown'}, {'duration': 690, 'departure_time': 13140, 'arrival_time': 13830, 'day': 'current_day', 'from_stop_id': 'MH-R-4', 'to_stop_id': '145-4', 'trip_id': '9-1-16', 'agency_name': 'Unknown'}]}"
216,173,8520,intra,right,389,[216],[181],0,0,500,375,8520,8580.0,10590.0,10650.0,2010.0,2.0,216,181,4887.0,13407.0,pt,2505.0,11025.0,2505.0,"{'duration': 2010, 'source_transfer_time': 0, 'waiting_time': 450, 'trip_time': 1560, 'num_transfers': 2, 'departure_time': 8580, 'departure_day': 'current_day', 'arrival_time': 10590, 'arrival_day': 'current_day', 'steps': [{'duration': 930, 'departure_time': 9030, 'arrival_time': 9960, 'day': 'current_day', 'from_stop_id': '216-5', 'to_stop_id': 'MH-R-5', 'trip_id': '10-1-11', 'agency_name': 'Unknown'}, {'duration': 30, 'departure_time': 9960, 'arrival_time': 9990, 'day': 'current_day', 'from_stop_id': 'MH-R-5', 'to_stop_id': 'MH-R-1', 'trip_id': 'walking', 'agency_name': 'Unknown'}, {'duration': 450, 'departure_time': 10140, 'arrival_time': 10590, 'day': 'current_day', 'from_stop_id': 'MH-R-1', 'to_stop_id': '181-1', 'trip_id': '3-0-11', 'agency_name': 'Unknown'}]}"
173,146,8010,intra,right,390,[181],[145; 157],500,375,500,375,8385,8445.0,9990.0,10050.0,1545.0,2.0,181,157,3007.0,11017.0,pt,2415.0,10425.0,2415.0,"{'duration': 1545, 'source_transfer_time': 0, 'waiting_time': 465, 'trip_time': 1080, 'num_transfers': 2, 'departure_time': 8445, 'departure_day': 'current_day', 'arrival_time': 9990, 'arrival_day': 'current_day', 'steps': [{'duration': 330, 'departure_time': 8910, 'arrival_time': 9240, 'day': 'current_day', 'from_stop_id': '181-1', 'to_stop_id': '239-1', 'trip_id': '3-1-10', 'agency_name': 'Unknown'}, {'duration': 30, 'departure_time': 9240, 'arrival_time': 9270, 'day': 'current_day', 'from_stop_id': '239-1', 'to_stop_id': '239-4', 'trip_id': 'walking', 'agency_name': 'Unknown'}, {'duration': 720, 'departure_time': 9270, 'arrival_time': 9990, 'day': 'current_day', 'from_stop_id': '239-4', 'to_stop_id': '157-4', 'trip_id': '9-1-10', 'agency_name': 'Unknown'}]}"
219,173,5610,intra,right,391,[220],[181],500,375,500,375,5985,6045.0,7590.0,7650.0,1545.0,2.0,220,181,3759.0,9369.0,pt,2415.0,8025.0,2415.0,"{'duration': 1545, 'source_transfer_time': 0, 'waiting_time': 465, 'trip_time': 1080, 'num_transfers': 2, 'departure_time': 6045, 'departure_day': 'current_day', 'arrival_time': 7590, 'arrival_day': 'current_day', 'steps': [{'duration': 450, 'departure_time': 6510, 'arrival_time': 6960, 'day': 'current_day', 'from_stop_id': '220-2', 'to_stop_id': 'MH-R-2', 'trip_id': '4-0-6', 'agency_name': 'Unknown'}, {'duration': 30, 'departure_time': 6960, 'arrival_time': 6990, 'day': 'current_day', 'from_stop_id': 'MH-R-2', 'to_stop_id': 'MH-R-1', 'trip_id': 'walking', 'agency_name': 'Unknown'}, {'duration': 450, 'departure_time': 7140, 'arrival_time': 7590, 'day': 'current_day', 'from_stop_id': 'MH-R-1', 'to_stop_id': '181-1', 'trip_id': '3-0-6', 'agency_name': 'Unknown'}]}"
167,216,4650,intra,right,392,[156; 168; 177],[216],500,375,0,0,5025,5085.0,6870.0,6930.0,1785.0,2.0,156,216,2255.0,6905.0,walking,2255.0,6930.0,2280.0,"{'duration': 1785, 'source_transfer_time': 0, 'waiting_time': 105, 'trip_time': 1680, 'num_transfers': 2, 'departure_time': 5085, 'departure_day': 'current_day', 'arrival_time': 6870, 'arrival_day': 'current_day', 'steps': [{'duration': 570, 'departure_time': 5190, 'arrival_time': 5760, 'day': 'current_day', 'from_stop_id': '156-4', 'to_stop_id': 'MH-R-4', 'trip_id': '9-0-4', 'agency_name': 'Unknown'}, {'duration': 30, 'departure_time': 5760, 'arrival_time': 5790, 'day': 'current_day', 'from_stop_id': 'MH-R-4', 'to_stop_id': 'MH-R-5', 'trip_id': 'walking', 'agency_name': 'Unknown'}, {'duration': 930, 'departure_time': 5940, 'arrival_time': 6870, 'day': 'current_day', 'from_stop_id': 'MH-R-5', 'to_stop_id': '216-5', 'trip_id': '10-0-4', 'agency_name': 'Unknown'}]}"
166,149,4680,intra,right,393,[176],[148; 150; 160],500,375,500,375,5055,5115.0,6270.0,6330.0,1155.0,2.0,176,148,2631.0,7311.0,pt,2025.0,6705.0,2025.0,"{'duration': 1155, 'source_transfer_time': 0, 'waiting_time': 195, 'trip_time': 960, 'num_transfers': 2, 'departure_time': 5115, 'departure_day': 'current_day', 'arrival_time': 6270, 'arrival_day': 'current_day', 'steps': [{'duration': 450, 'departure_time': 5310, 'arrival_time': 5760, 'day': 'current_day', 'from_stop_id': '176-1', 'to_stop_id': 'MH-R-1', 'trip_id': '3-0-4', 'agency_name': 'Unknown'}, {'duration': 30, 'departure_time': 5760, 'arrival_time': 5790, 'day': 'current_day', 'from_stop_id': 'MH-R-1', 'to_stop_id': 'MH-R-2', 'trip_id': 'walking', 'agency_name': 'Unknown'}, {'duration': 330, 'departure_time': 5940, 'arrival_time': 6270, 'day': 'current_day', 'from_stop_id': 'MH-R-2', 'to_stop_id': '148-2', 'trip_id': '4-0-4', 'agency_name': 'Unknown'}]}"
176,139,13290,intra,right,394,[176],[140; 150],0,0,500,375,13290,13350.0,14910.0,14970.0,1560.0,2.0,176,150,3759.0,17049.0,pt,2055.0,15345.0,2055.0,"{'duration': 1560, 'source_transfer_time': 0, 'waiting_time': 360, 'trip_time': 1200, 'num_transfers': 2, 'departure_time': 13350, 'departure_day': 'current_day', 'arrival_time': 14910, 'arrival_day': 'current_day', 'steps': [{'duration': 450, 'departure_time': 13710, 'arrival_time': 14160, 'day': 'current_day', 'from_stop_id': '176-1', 'to_stop_id': 'MH-R-1', 'trip_id': '3-0-18', 'agency_name': 'Unknown'}, {'duration': 30, 'departure_time': 14160, 'arrival_time': 14190, 'day': 'current_day', 'from_stop_id': 'MH-R-1', 'to_stop_id': 'MH-R-5', 'trip_id': 'walking', 'agency_name': 'Unknown'}, {'duration': 570, 'departure_time': 14340, 'arrival_time': 14910, 'day': 'current_day', 'from_stop_id': 'MH-R-5', 'to_stop_id': '150-5', 'trip_id': '10-1-18', 'agency_name': 'Unknown'}]}"
237,229,5220,intra,right,395,[237],[207; 217; 227; 231],0,0,1000,751,5220,5280.0,6510.0,6570.0,1230.0,0.0,237,207,3007.0,8227.0,pt,2101.0,7321.0,2101.0,"{'duration': 1230, 'source_transfer_time': 0, 'waiting_time': 390, 'trip_time': 840, 'num_transfers': 0, 'departure_time': 5280, 'departure_day': 'current_day', 'arrival_time': 6510, 'arrival_day': 'current_day', 'steps': [{'duration': 840, 'departure_time': 5670, 'arrival_time': 6510, 'day': 'current_day', 'from_stop_id': '237-5', 'to_stop_id': '207-5', 'trip_id': '10-0-4', 'agency_name': 'Unknown'}]}"
206,192,3810,intra,right,396,[206],[182],0,0,500,375,3810,3870.0,5310.0,5370.0,1440.0,2.0,206,182,3759.0,7569.0,pt,1935.0,5745.0,1935.0,"{'duration': 1440, 'source_transfer_time': 0, 'waiting_time': 0, 'trip_time': 1440, 'num_transfers': 2, 'departure_time': 3870, 'departure_day': 'current_day', 'arrival_time': 5310, 'arrival_day': 'current_day', 'steps': [{'duration': 690, 'departure_time': 3870, 'arrival_time': 4560, 'day': 'current_day', 'from_stop_id': '206-5', 'to_stop_id': 'MH-R-5', 'trip_id': '10-1-2', 'agency_name': 'Unknown'}, {'duration': 30, 'departure_time': 4560, 'arrival_time': 4590, 'day': 'current_day', 'from_stop_id': 'MH-R-5', 'to_stop_id': 'MH-R-1', 'trip_id': 'walking', 'agency_name': 'Unknown'}, {'duration': 570, 'departure_time': 4740, 'arrival_time': 5310, 'day': 'current_day', 'from_stop_id': 'MH-R-1', 'to_stop_id': '182-1', 'trip_id': '3-0-2', 'agency_name': 'Unknown'}]}"
168,210,8220,intra,right,397,[168],[209],0,0,500,375,8220,8280.0,9270.0,9330.0,990.0,2.0,168,209,2631.0,10851.0,pt,1485.0,9705.0,1485.0,"{'duration': 990, 'source_transfer_time': 0, 'waiting_time': 150, 'trip_time': 840, 'num_transfers': 2, 'departure_time': 8280, 'departure_day': 'current_day', 'arrival_time': 9270, 'arrival_day': 'current_day', 'steps': [{'duration': 330, 'departure_time': 8430, 'arrival_time': 8760, 'day': 'current_day', 'from_stop_id': '168-4', 'to_stop_id': 'MH-R-4', 'trip_id': '9-0-9', 'agency_name': 'Unknown'}, {'duration': 30, 'departure_time': 8760, 'arrival_time': 8790, 'day': 'current_day', 'from_stop_id': 'MH-R-4', 'to_stop_id': 'MH-R-2', 'trip_id': 'walking', 'agency_name': 'Unknown'}, {'duration': 330, 'departure_time': 8940, 'arrival_time': 9270, 'day': 'current_day', 'from_stop_id': 'MH-R-2', 'to_stop_id': '209-2', 'trip_id': '4-1-9', 'agency_name': 'Unknown'}]}"
222,123,6600,intra,right,398,[200; 212; 220; 224],[121; 133; 145],1000,751,1000,751,7351,7411.0,9030.0,9090.0,1619.0,0.0,200,145,5263.0,11863.0,pt,3241.0,9841.0,3241.0,"{'duration': 1619, 'source_transfer_time': 0, 'waiting_time': 299, 'trip_time': 1320, 'num_transfers': 0, 'departure_time': 7411, 'departure_day': 'current_day', 'arrival_time': 9030, 'arrival_day': 'current_day', 'steps': [{'duration': 1320, 'departure_time': 7710, 'arrival_time': 9030, 'day': 'current_day', 'from_stop_id': '200-4', 'to_stop_id': '145-4', 'trip_id': '9-1-8', 'agency_name': 'Unknown'}]}"
191,144,11220,intra,right,399,[181],[144],500,375,0,0,11595,11655.0,13350.0,13410.0,1695.0,2.0,181,144,4511.0,15731.0,pt,2190.0,13410.0,2190.0,"{'duration': 1695, 'source_transfer_time': 0, 'waiting_time': 255, 'trip_time': 1440, 'num_transfers': 2, 'departure_time': 11655, 'departure_day': 'current_day', 'arrival_time': 13350, 'arrival_day': 'current_day', 'steps': [{'duration': 330, 'departure_time': 11910, 'arrival_time': 12240, 'day': 'current_day', 'from_stop_id': '181-1', 'to_stop_id': '239-1', 'trip_id': '3-1-15', 'agency_name': 'Unknown'}, {'duration': 30, 'departure_time': 12240, 'arrival_time': 12270, 'day': 'current_day', 'from_stop_id': '239-1', 'to_stop_id': '239-4', 'trip_id': 'walking', 'agency_name': 'Unknown'}, {'duration': 1080, 'departure_time': 12270, 'arrival_time': 13350, 'day': 'current_day', 'from_stop_id': '239-4', 'to_stop_id': '144-4', 'trip_id': '9-1-15', 'agency_name': 'Unknown'}]}"
201,231,13620,intra,right,400,[201],[231],0,0,0,0,13620,13680.0,15510.0,15570.0,1830.0,2.0,201,231,2255.0,15875.0,pt,1950.0,15570.0,1950.0,"{'duration': 1830, 'source_transfer_time': 0, 'waiting_time': 510, 'trip_time': 1320, 'num_transfers': 2, 'departure_time': 13680, 'departure_day': 'current_day', 'arrival_time': 15510, 'arrival_day': 'current_day', 'steps': [{'duration': 570, 'departure_time': 14190, 'arrival_time': 14760, 'day': 'current_day', 'from_stop_id': '201-4', 'to_stop_id': 'MH-R-4', 'trip_id': '9-1-19', 'agency_name': 'Unknown'}, {'duration': 30, 'departure_time': 14760, 'arrival_time': 14790, 'day': 'current_day', 'from_stop_id': 'MH-R-4', 'to_stop_id': 'MH-R-2', 'trip_id': 'walking', 'agency_name': 'Unknown'}, {'duration': 570, 'departure_time': 14940, 'arrival_time': 15510, 'day': 'current_day', 'from_stop_id': 'MH-R-2', 'to_stop_id': '231-2', 'trip_id': '4-1-19', 'agency_name': 'Unknown'}]}"
224,156,13020,intra,right,401,[224],[156],0,0,0,0,13020,13080.0,14910.0,14970.0,1830.0,0.0,224,156,4887.0,17907.0,pt,1950.0,14970.0,1950.0,"{'duration': 1830, 'source_transfer_time': 0, 'waiting_time': 150, 'trip_time': 1680, 'num_transfers': 0, 'departure_time': 13080, 'departure_day': 'current_day', 'arrival_time': 14910, 'arrival_day': 'current_day', 'steps': [{'duration': 1680, 'departure_time': 13230, 'arrival_time': 14910, 'day': 'current_day', 'from_stop_id': '224-4', 'to_stop_id': '156-4', 'trip_id': '9-1-18', 'agency_name': 'Unknown'}]}"
154,191,11130,intra,right,402,[132; 144; 156; 175],[181],1000,751,500,375,11881,11941.0,13590.0,13650.0,1649.0,3.0,144,181,4511.0,15641.0,pt,2895.0,14025.0,2895.0,"{'duration': 1649, 'source_transfer_time': 0, 'waiting_time': 209, 'trip_time': 1440, 'num_transfers': 3, 'departure_time': 11941, 'departure_day': 'current_day', 'arrival_time': 13590, 'arrival_day': 'current_day', 'steps': [{'duration': 690, 'departure_time': 12150, 'arrival_time': 12840, 'day': 'current_day', 'from_stop_id': '144-4', 'to_stop_id': '238-4', 'trip_id': '9-0-16', 'agency_name': 'Unknown'}, {'duration': 30, 'departure_time': 12840, 'arrival_time': 12870, 'day': 'current_day', 'from_stop_id': '238-4', 'to_stop_id': '238-1', 'trip_id': 'walking', 'agency_name': 'Unknown'}, {'duration': 90, 'departure_time': 12870, 'arrival_time': 12960, 'day': 'current_day', 'from_stop_id': '238-1', 'to_stop_id': 'MH-R-1', 'trip_id': '3-0-16', 'agency_name': 'Unknown'}, {'duration': 450, 'departure_time': 13140, 'arrival_time': 13590, 'day': 'current_day', 'from_stop_id': 'MH-R-1', 'to_stop_id': '181-1', 'trip_id': '3-0-16', 'agency_name': 'Unknown'}]}"
190,167,4560,intra,right,403,[180; 189; 201],[156; 168; 177],500,375,500,375,4935,4995.0,6270.0,6330.0,1275.0,2.0,180,168,3007.0,7567.0,pt,2145.0,6705.0,2145.0,"{'duration': 1275, 'source_transfer_time': 0, 'waiting_time': 435, 'trip_time': 840, 'num_transfers': 2, 'departure_time': 4995, 'departure_day': 'current_day', 'arrival_time': 6270, 'arrival_day': 'current_day', 'steps': [{'duration': 210, 'departure_time': 5430, 'arrival_time': 5640, 'day': 'current_day', 'from_stop_id': '180-1', 'to_stop_id': '239-1', 'trip_id': '3-1-4', 'agency_name': 'Unknown'}, {'duration': 30, 'departure_time': 5640, 'arrival_time': 5670, 'day': 'current_day', 'from_stop_id': '239-1', 'to_stop_id': '239-4', 'trip_id': 'walking', 'agency_name': 'Unknown'}, {'duration': 600, 'departure_time': 5670, 'arrival_time': 6270, 'day': 'current_day', 'from_stop_id': '239-4', 'to_stop_id': '168-4', 'trip_id': '9-1-4', 'agency_name': 'Unknown'}]}"
136,195,5760,intra,right,404,[137],[196; 206],500,375,500,375,6135,6195.0,7590.0,7650.0,1395.0,3.0,137,196,3007.0,8767.0,pt,2265.0,8025.0,2265.0,"{'duration': 1395, 'source_transfer_time': 0, 'waiting_time': 315, 'trip_time': 1080, 'num_transfers': 3, 'departure_time': 6195, 'departure_day': 'current_day', 'arrival_time': 7590, 'arrival_day': 'current_day', 'steps': [{'duration': 330, 'departure_time': 6510, 'arrival_time': 6840, 'day': 'current_day', 'from_stop_id': '137-2', 'to_stop_id': '237-2', 'trip_id': '4-1-6', 'agency_name': 'Unknown'}, {'duration': 30, 'departure_time': 6840, 'arrival_time': 6870, 'day': 'current_day', 'from_stop_id': '237-2', 'to_stop_id': '237-5', 'trip_id': 'walking', 'agency_name': 'Unknown'}, {'duration': 360, 'departure_time': 6870, 'arrival_time': 7230, 'day': 'current_day', 'from_stop_id': '237-5', 'to_stop_id': '240-5', 'trip_id': '10-0-6', 'agency_name': 'Unknown'}, {'duration': 330, 'departure_time': 7260, 'arrival_time': 7590, 'day': 'current_day', 'from_stop_id': '240-5', 'to_stop_id': '196-5', 'trip_id': '10-0-6', 'agency_name': 'Unknown'}]}"
218,156,7560,intra,right,405,[207; 217],[156],500,375,0,0,7935,7995.0,9510.0,9570.0,1515.0,2.0,207,156,2631.0,10191.0,pt,2010.0,9570.0,2010.0,"{'duration': 1515, 'source_transfer_time': 0, 'waiting_time': 195, 'trip_time': 1320, 'num_transfers': 2, 'departure_time': 7995, 'departure_day': 'current_day', 'arrival_time': 9510, 'arrival_day': 'current_day', 'steps': [{'duration': 570, 'departure_time': 8190, 'arrival_time': 8760, 'day': 'current_day', 'from_stop_id': '207-5', 'to_stop_id': 'MH-R-5', 'trip_id': '10-1-9', 'agency_name': 'Unknown'}, {'duration': 30, 'departure_time': 8760, 'arrival_time': 8790, 'day': 'current_day', 'from_stop_id': 'MH-R-5', 'to_stop_id': 'MH-R-4', 'trip_id': 'walking', 'agency_name': 'Unknown'}, {'duration': 570, 'departure_time': 8940, 'arrival_time': 9510, 'day': 'current_day', 'from_stop_id': 'MH-R-4', 'to_stop_id': '156-4', 'trip_id': '9-1-9', 'agency_name': 'Unknown'}]}"
200,168,7770,intra,right,406,[200],[168],0,0,0,0,7770,7830.0,9270.0,9330.0,1440.0,0.0,200,168,2631.0,10401.0,pt,1560.0,9330.0,1560.0,"{'duration': 1440, 'source_transfer_time': 0, 'waiting_time': 480, 'trip_time': 960, 'num_transfers': 0, 'departure_time': 7830, 'departure_day': 'current_day', 'arrival_time': 9270, 'arrival_day': 'current_day', 'steps': [{'duration': 960, 'departure_time': 8310, 'arrival_time': 9270, 'day': 'current_day', 'from_stop_id': '200-4', 'to_stop_id': '168-4', 'trip_id': '9-1-9', 'agency_name': 'Unknown'}]}"
188,226,10320,intra,right,407,[188],[226],0,0,0,0,10320,10380.0,12510.0,12570.0,2130.0,2.0,188,226,3759.0,14079.0,pt,2250.0,12570.0,2250.0,"{'duration': 2130, 'source_transfer_time': 0, 'waiting_time': 570, 'trip_time': 1560, 'num_transfers': 2, 'departure_time': 10380, 'departure_day': 'current_day', 'arrival_time': 12510, 'arrival_day': 'current_day', 'steps': [{'duration': 210, 'departure_time': 10950, 'arrival_time': 11160, 'day': 'current_day', 'from_stop_id': '188-4', 'to_stop_id': 'MH-R-4', 'trip_id': '9-1-13', 'agency_name': 'Unknown'}, {'duration': 30, 'departure_time': 11160, 'arrival_time': 11190, 'day': 'current_day', 'from_stop_id': 'MH-R-4', 'to_stop_id': 'MH-R-5', 'trip_id': 'walking', 'agency_name': 'Unknown'}, {'duration': 1170, 'departure_time': 11340, 'arrival_time': 12510, 'day': 'current_day', 'from_stop_id': 'MH-R-5', 'to_stop_id': '226-5', 'trip_id': '10-0-13', 'agency_name': 'Unknown'}]}"
161,227,13200,intra,right,408,[161],[227],0,0,0,0,13200,13260.0,15390.0,15450.0,2130.0,0.0,161,227,4887.0,18087.0,pt,2250.0,15450.0,2250.0,"{'duration': 2130, 'source_transfer_time': 0, 'waiting_time': 450, 'trip_time': 1680, 'num_transfers': 0, 'departure_time': 13260, 'departure_day': 'current_day', 'arrival_time': 15390, 'arrival_day': 'current_day', 'steps': [{'duration': 1680, 'departure_time': 13710, 'arrival_time': 15390, 'day': 'current_day', 'from_stop_id': '161-5', 'to_stop_id': '227-5', 'trip_id': '10-0-18', 'agency_name': 'Unknown'}]}"
221,139,6450,intra,right,409,[220],[140; 150],500,375,500,375,6825,6885.0,8310.0,8370.0,1425.0,2.0,220,150,3383.0,9833.0,pt,2295.0,8745.0,2295.0,"{'duration': 1425, 'source_transfer_time': 0, 'waiting_time': 225, 'trip_time': 1200, 'num_transfers': 2, 'departure_time': 6885, 'departure_day': 'current_day', 'arrival_time': 8310, 'arrival_day': 'current_day', 'steps': [{'duration': 330, 'departure_time': 7110, 'arrival_time': 7440, 'day': 'current_day', 'from_stop_id': '220-2', 'to_stop_id': '240-2', 'trip_id': '4-0-7', 'agency_name': 'Unknown'}, {'duration': 30, 'departure_time': 7440, 'arrival_time': 7470, 'day': 'current_day', 'from_stop_id': '240-2', 'to_stop_id': '240-5', 'trip_id': 'walking', 'agency_name': 'Unknown'}, {'duration': 840, 'departure_time': 7470, 'arrival_time': 8310, 'day': 'current_day', 'from_stop_id': '240-5', 'to_stop_id': '150-5', 'trip_id': '10-1-7', 'agency_name': 'Unknown'}]}"
135,163,12480,intra,right,410,[133; 137; 145; 157],[141; 151; 161; 181],1000,751,1000,751,13231,13291.0,14790.0,14850.0,1499.0,2.0,137,161,3007.0,15487.0,walking,3007.0,15601.0,3121.0,"{'duration': 1499, 'source_transfer_time': 0, 'waiting_time': 419, 'trip_time': 1080, 'num_transfers': 2, 'departure_time': 13291, 'departure_day': 'current_day', 'arrival_time': 14790, 'arrival_day': 'current_day', 'steps': [{'duration': 330, 'departure_time': 13710, 'arrival_time': 14040, 'day': 'current_day', 'from_stop_id': '137-2', 'to_stop_id': '237-2', 'trip_id': '4-1-18', 'agency_name': 'Unknown'}, {'duration': 30, 'departure_time': 14040, 'arrival_time': 14070, 'day': 'current_day', 'from_stop_id': '237-2', 'to_stop_id': '237-5', 'trip_id': 'walking', 'agency_name': 'Unknown'}, {'duration': 330, 'departure_time': 14460, 'arrival_time': 14790, 'day': 'current_day', 'from_stop_id': '237-5', 'to_stop_id': '161-5', 'trip_id': '10-1-18', 'agency_name': 'Unknown'}]}"
161,184,5850,intra,right,411,[161],[176],0,0,500,375,5850,5910.0,6990.0,7050.0,1080.0,2.0,161,176,3383.0,9233.0,pt,1575.0,7425.0,1575.0,"{'duration': 1080, 'source_transfer_time': 0, 'waiting_time': 0, 'trip_time': 1080, 'num_transfers': 2, 'departure_time': 5910, 'departure_day': 'current_day', 'arrival_time': 6990, 'arrival_day': 'current_day', 'steps': [{'duration': 450, 'departure_time': 5910, 'arrival_time': 6360, 'day': 'current_day', 'from_stop_id': '161-5', 'to_stop_id': 'MH-R-5', 'trip_id': '10-0-5', 'agency_name': 'Unknown'}, {'duration': 30, 'departure_time': 6360, 'arrival_time': 6390, 'day': 'current_day', 'from_stop_id': 'MH-R-5', 'to_stop_id': 'MH-R-1', 'trip_id': 'walking', 'agency_name': 'Unknown'}, {'duration': 450, 'departure_time': 6540, 'arrival_time': 6990, 'day': 'current_day', 'from_stop_id': 'MH-R-1', 'to_stop_id': '176-1', 'trip_id': '3-1-5', 'agency_name': 'Unknown'}]}"
174,149,10020,intra,right,412,[182],[148; 150; 160],500,375,500,375,10395,10455.0,11670.0,11730.0,1215.0,2.0,182,148,2255.0,12275.0,pt,2085.0,12105.0,2085.0,"{'duration': 1215, 'source_transfer_time': 0, 'waiting_time': 135, 'trip_time': 1080, 'num_transfers': 2, 'departure_time': 10455, 'departure_day': 'current_day', 'arrival_time': 11670, 'arrival_day': 'current_day', 'steps': [{'duration': 570, 'departure_time': 10590, 'arrival_time': 11160, 'day': 'current_day', 'from_stop_id': '182-1', 'to_stop_id': 'MH-R-1', 'trip_id': '3-1-13', 'agency_name': 'Unknown'}, {'duration': 30, 'departure_time': 11160, 'arrival_time': 11190, 'day': 'current_day', 'from_stop_id': 'MH-R-1', 'to_stop_id': 'MH-R-2', 'trip_id': 'walking', 'agency_name': 'Unknown'}, {'duration': 330, 'departure_time': 11340, 'arrival_time': 11670, 'day': 'current_day', 'from_stop_id': 'MH-R-2', 'to_stop_id': '148-2', 'trip_id': '4-0-13', 'agency_name': 'Unknown'}]}"
192,183,12780,intra,right,413,[182],[175],500,375,500,375,13155,13215.0,14910.0,14970.0,1695.0,0.0,182,175,3759.0,16539.0,pt,2565.0,15345.0,2565.0,"{'duration': 1695, 'source_transfer_time': 0, 'waiting_time': 375, 'trip_time': 1320, 'num_transfers': 0, 'departure_time': 13215, 'departure_day': 'current_day', 'arrival_time': 14910, 'arrival_day': 'current_day', 'steps': [{'duration': 1320, 'departure_time': 13590, 'arrival_time': 14910, 'day': 'current_day', 'from_stop_id': '182-1', 'to_stop_id': '175-1', 'trip_id': '3-1-18', 'agency_name': 'Unknown'}]}"
239,224,14400,intra,right,414,[239],[224],0,0,0,0,14400,14460.0,15270.0,15330.0,810.0,0.0,239,224,2631.0,17031.0,pt,930.0,15330.0,930.0,"{'duration': 810, 'source_transfer_time': 0, 'waiting_time': 0, 'trip_time': 810, 'num_transfers': 0, 'departure_time': 14460, 'departure_day': 'current_day', 'arrival_time': 15270, 'arrival_day': 'current_day', 'steps': [{'duration': 810, 'departure_time': 14460, 'arrival_time': 15270, 'day': 'current_day', 'from_stop_id': '239-4', 'to_stop_id': '224-4', 'trip_id': '9-0-18', 'agency_name': 'Unknown'}]}"
131,155,13740,intra,right,415,[131],[144; 156],0,0,500,375,13740,13800.0,16110.0,16170.0,2310.0,2.0,131,156,4511.0,18251.0,pt,2805.0,16545.0,2805.0,"{'duration': 2310, 'source_transfer_time': 0, 'waiting_time': 390, 'trip_time': 1920, 'num_transfers': 2, 'departure_time': 13800, 'departure_day': 'current_day', 'arrival_time': 16110, 'arrival_day': 'current_day', 'steps': [{'duration': 1170, 'departure_time': 14190, 'arrival_time': 15360, 'day': 'current_day', 'from_stop_id': '131-5', 'to_stop_id': 'MH-R-5', 'trip_id': '10-0-20', 'agency_name': 'Unknown'}, {'duration': 30, 'departure_time': 15360, 'arrival_time': 15390, 'day': 'current_day', 'from_stop_id': 'MH-R-5', 'to_stop_id': 'MH-R-4', 'trip_id': 'walking', 'agency_name': 'Unknown'}, {'duration': 570, 'departure_time': 15540, 'arrival_time': 16110, 'day': 'current_day', 'from_stop_id': 'MH-R-4', 'to_stop_id': '156-4', 'trip_id': '9-1-20', 'agency_name': 'Unknown'}]}"
183,201,3930,intra,right,416,[175],[201],500,375,0,0,4305,4365.0,5910.0,5970.0,1545.0,2.0,175,201,3383.0,7313.0,pt,2040.0,5970.0,2040.0,"{'duration': 1545, 'source_transfer_time': 0, 'waiting_time': 225, 'trip_time': 1320, 'num_transfers': 2, 'departure_time': 4365, 'departure_day': 'current_day', 'arrival_time': 5910, 'arrival_day': 'current_day', 'steps': [{'duration': 450, 'departure_time': 4590, 'arrival_time': 5040, 'day': 'current_day', 'from_stop_id': '175-1', 'to_stop_id': '238-1', 'trip_id': '3-0-3', 'agency_name': 'Unknown'}, {'duration': 30, 'departure_time': 5040, 'arrival_time': 5070, 'day': 'current_day', 'from_stop_id': '238-1', 'to_stop_id': '238-4', 'trip_id': 'walking', 'agency_name': 'Unknown'}, {'duration': 840, 'departure_time': 5070, 'arrival_time': 5910, 'day': 'current_day', 'from_stop_id': '238-4', 'to_stop_id': '201-4', 'trip_id': '9-0-3', 'agency_name': 'Unknown'}]}"
238,221,11550,intra,right,417,[238],[220],0,0,500,375,11550,11610.0,12390.0,12450.0,780.0,2.0,238,220,2255.0,13805.0,pt,1275.0,12825.0,1275.0,"{'duration': 780, 'source_transfer_time': 0, 'waiting_time': 60, 'trip_time': 720, 'num_transfers': 2, 'departure_time': 11610, 'departure_day': 'current_day', 'arrival_time': 12390, 'arrival_day': 'current_day', 'steps': [{'duration': 90, 'departure_time': 11670, 'arrival_time': 11760, 'day': 'current_day', 'from_stop_id': '238-1', 'to_stop_id': 'MH-R-1', 'trip_id': '3-0-14', 'agency_name': 'Unknown'}, {'duration': 30, 'departure_time': 11760, 'arrival_time': 11790, 'day': 'current_day', 'from_stop_id': 'MH-R-1', 'to_stop_id': 'MH-R-2', 'trip_id': 'walking', 'agency_name': 'Unknown'}, {'duration': 450, 'departure_time': 11940, 'arrival_time': 12390, 'day': 'current_day', 'from_stop_id': 'MH-R-2', 'to_stop_id': '220-2', 'trip_id': '4-1-14', 'agency_name': 'Unknown'}]}"
171,203,13710,intra,right,418,[161; 170; 179],[182; 201; 213; 225],500,375,1000,751,14085,14145.0,14910.0,14970.0,765.0,0.0,179,182,2255.0,15965.0,pt,2011.0,15721.0,2011.0,"{'duration': 765, 'source_transfer_time': 0, 'waiting_time': 435, 'trip_time': 330, 'num_transfers': 0, 'departure_time': 14145, 'departure_day': 'current_day', 'arrival_time': 14910, 'arrival_day': 'current_day', 'steps': [{'duration': 330, 'departure_time': 14580, 'arrival_time': 14910, 'day': 'current_day', 'from_stop_id': '179-1', 'to_stop_id': '182-1', 'trip_id': '3-0-18', 'agency_name': 'Unknown'}]}"
185,190,12780,intra,right,419,[177],[180; 189; 201],500,375,500,375,13155,13215.0,14070.0,14130.0,855.0,0.0,177,180,2255.0,15035.0,pt,1725.0,14505.0,1725.0,"{'duration': 855, 'source_transfer_time': 0, 'waiting_time': 15, 'trip_time': 840, 'num_transfers': 0, 'departure_time': 13215, 'departure_day': 'current_day', 'arrival_time': 14070, 'arrival_day': 'current_day', 'steps': [{'duration': 840, 'departure_time': 13230, 'arrival_time': 14070, 'day': 'current_day', 'from_stop_id': '177-1', 'to_stop_id': '180-1', 'trip_id': '3-0-17', 'agency_name': 'Unknown'}]}"
235,86,9630,inter,right,420,[224; 236],[86],500,375,0,0,10005,10065.0,14910.0,14970.0,4845.0,4.0,224,86,,,pt,5340.0,14970.0,5340.0,"{'duration': 4845, 'source_transfer_time': 0, 'waiting_time': 165, 'trip_time': 4680, 'num_transfers': 4, 'departure_time': 10065, 'departure_day': 'current_day', 'arrival_time': 14910, 'arrival_day': 'current_day', 'steps': [{'duration': 930, 'departure_time': 10230, 'arrival_time': 11160, 'day': 'current_day', 'from_stop_id': '224-4', 'to_stop_id': 'MH-R-4', 'trip_id': '9-1-13', 'agency_name': 'Unknown'}, {'duration': 30, 'departure_time': 11160, 'arrival_time': 11190, 'day': 'current_day', 'from_stop_id': 'MH-R-4', 'to_stop_id': 'MH-R-0', 'trip_id': 'walking', 'agency_name': 'Unknown'}, {'duration': 1500, 'departure_time': 12600, 'arrival_time': 14100, 'day': 'current_day', 'from_stop_id': 'MH-R-0', 'to_stop_id': 'MH-L-0', 'trip_id': '0-1-5', 'agency_name': 'Unknown'}, {'duration': 30, 'departure_time': 14100, 'arrival_time': 14130, 'day': 'current_day', 'from_stop_id': 'MH-L-0', 'to_stop_id': 'MH-L-5', 'trip_id': 'walking', 'agency_name': 'Unknown'}, {'duration': 570, 'departure_time': 14340, 'arrival_time': 14910, 'day': 'current_day', 'from_stop_id': 'MH-L-5', 'to_stop_id': '86-5', 'trip_id': '8-0-18', 'agency_name': 'Unknown'}]}"
168,75,11340,inter,right,421,[168],[75],0,0,0,0,11340,11400.0,14790.0,14850.0,3390.0,4.0,168,75,,,pt,3510.0,14850.0,3510.0,"{'duration': 3390, 'source_transfer_time': 0, 'waiting_time': 30, 'trip_time': 3360, 'num_transfers': 4, 'departure_time': 11400, 'departure_day': 'current_day', 'arrival_time': 14790, 'arrival_day': 'current_day', 'steps': [{'duration': 330, 'departure_time': 11430, 'arrival_time': 11760, 'day': 'current_day', 'from_stop_id': '168-4', 'to_stop_id': 'MH-R-4', 'trip_id': '9-0-14', 'agency_name': 'Unknown'}, {'duration': 30, 'departure_time': 11760, 'arrival_time': 11790, 'day': 'current_day', 'from_stop_id': 'MH-R-4', 'to_stop_id': 'MH-R-0', 'trip_id': 'walking', 'agency_name': 'Unknown'}, {'duration': 1500, 'departure_time': 12600, 'arrival_time': 14100, 'day': 'current_day', 'from_stop_id': 'MH-R-0', 'to_stop_id': 'MH-L-0', 'trip_id': '0-1-5', 'agency_name': 'Unknown'}, {'duration': 30, 'departure_time': 14100, 'arrival_time': 14130, 'day': 'current_day', 'from_stop_id': 'MH-L-0', 'to_stop_id': 'MH-L-5', 'trip_id': 'walking', 'agency_name': 'Unknown'}, {'duration': 450, 'departure_time': 14340, 'arrival_time': 14790, 'day': 'current_day', 'from_stop_id': 'MH-L-5', 'to_stop_id': '75-5', 'trip_id': '8-0-18', 'agency_name': 'Unknown'}]}"
151,53,13770,inter,right,422,[151],[61],0,0,500,375,13770,13830.0,18510.0,18570.0,4680.0,4.0,151,61,,,pt,5175.0,18945.0,5175.0,"{'duration': 4680, 'source_transfer_time': 0, 'waiting_time': 240, 'trip_time': 4440, 'num_transfers': 4, 'departure_time': 13830, 'departure_day': 'current_day', 'arrival_time': 18510, 'arrival_day': 'current_day', 'steps': [{'duration': 690, 'departure_time': 14070, 'arrival_time': 14760, 'day': 'current_day', 'from_stop_id': '151-5', 'to_stop_id': 'MH-R-5', 'trip_id': '10-0-19', 'agency_name': 'Unknown'}, {'duration': 30, 'departure_time': 14760, 'arrival_time': 14790, 'day': 'current_day', 'from_stop_id': 'MH-R-5', 'to_stop_id': 'MH-R-0', 'trip_id': 'walking', 'agency_name': 'Unknown'}, {'duration': 1500, 'departure_time': 16200, 'arrival_time': 17700, 'day': 'current_day', 'from_stop_id': 'MH-R-0', 'to_stop_id': 'MH-L-0', 'trip_id': '0-1-7', 'agency_name': 'Unknown'}, {'duration': 30, 'departure_time': 17700, 'arrival_time': 17730, 'day': 'current_day', 'from_stop_id': 'MH-L-0', 'to_stop_id': 'MH-L-1', 'trip_id': 'walking', 'agency_name': 'Unknown'}, {'duration': 570, 'departure_time': 17940, 'arrival_time': 18510, 'day': 'current_day', 'from_stop_id': 'MH-L-1', 'to_stop_id': '61-1', 'trip_id': '1-0-24', 'agency_name': 'Unknown'}]}"
181,39,9270,inter,right,423,[181],[39],0,0,0,0,9270,9330.0,12870.0,12930.0,3540.0,4.0,181,39,,,pt,3660.0,12930.0,3660.0,"{'duration': 3540, 'source_transfer_time': 0, 'waiting_time': 180, 'trip_time': 3360, 'num_transfers': 4, 'departure_time': 9330, 'departure_day': 'current_day', 'arrival_time': 12870, 'arrival_day': 'current_day', 'steps': [{'duration': 450, 'departure_time': 9510, 'arrival_time': 9960, 'day': 'current_day', 'from_stop_id': '181-1', 'to_stop_id': 'MH-R-1', 'trip_id': '3-1-11', 'agency_name': 'Unknown'}, {'duration': 30, 'departure_time': 9960, 'arrival_time': 9990, 'day': 'current_day', 'from_stop_id': 'MH-R-1', 'to_stop_id': 'MH-R-0', 'trip_id': 'walking', 'agency_name': 'Unknown'}, {'duration': 1500, 'departure_time': 10800, 'arrival_time': 12300, 'day': 'current_day', 'from_stop_id': 'MH-R-0', 'to_stop_id': 'MH-L-0', 'trip_id': '0-1-4', 'agency_name': 'Unknown'}, {'duration': 30, 'departure_time': 12300, 'arrival_time': 12330, 'day': 'current_day', 'from_stop_id': 'MH-L-0', 'to_stop_id': 'MH-L-5', 'trip_id': 'walking', 'agency_name': 'Unknown'}, {'duration': 330, 'departure_time': 12540, 'arrival_time': 12870, 'day': 'current_day', 'from_stop_id': 'MH-L-5', 'to_stop_id': '39-5', 'trip_id': '8-1-15', 'agency_name': 'Unknown'}]}"
227,30,12210,inter,right,424,[227],[30],0,0,0,0,12210,12270.0,16830.0,16890.0,4560.0,4.0,227,30,,,pt,4680.0,16890.0,4680.0,"{'duration': 4560, 'source_transfer_time': 0, 'waiting_time': 240, 'trip_time': 4320, 'num_transfers': 4, 'departure_time': 12270, 'departure_day': 'current_day', 'arrival_time': 16830, 'arrival_day': 'current_day', 'steps': [{'duration': 1050, 'departure_time': 12510, 'arrival_time': 13560, 'day': 'current_day', 'from_stop_id': '227-5', 'to_stop_id': 'MH-R-5', 'trip_id': '10-1-17', 'agency_name': 'Unknown'}, {'duration': 30, 'departure_time': 13560, 'arrival_time': 13590, 'day': 'current_day', 'from_stop_id': 'MH-R-5', 'to_stop_id': 'MH-R-0', 'trip_id': 'walking', 'agency_name': 'Unknown'}, {'duration': 1500, 'departure_time': 14400, 'arrival_time': 15900, 'day': 'current_day', 'from_stop_id': 'MH-R-0', 'to_stop_id': 'MH-L-0', 'trip_id': '0-1-6', 'agency_name': 'Unknown'}, {'duration': 30, 'departure_time': 15900, 'arrival_time': 15930, 'day': 'current_day', 'from_stop_id': 'MH-L-0', 'to_stop_id': 'MH-L-5', 'trip_id': 'walking', 'agency_name': 'Unknown'}, {'duration': 690, 'departure_time': 16140, 'arrival_time': 16830, 'day': 'current_day', 'from_stop_id': 'MH-L-5', 'to_stop_id': '30-5', 'trip_id': '8-1-21', 'agency_name': 'Unknown'}]}"
203,89,12630,inter,right,425,[182; 201; 213; 225],[88],1000,751,500,375,13381,13441.0,16470.0,16530.0,3029.0,4.0,182,88,,,pt,4275.0,16905.0,4275.0,"{'duration': 3029, 'source_transfer_time': 0, 'waiting_time': 149, 'trip_time': 2880, 'num_transfers': 4, 'departure_time': 13441, 'departure_day': 'current_day', 'arrival_time': 16470, 'arrival_day': 'current_day', 'steps': [{'duration': 570, 'departure_time': 13590, 'arrival_time': 14160, 'day': 'current_day', 'from_stop_id': '182-1', 'to_stop_id': 'MH-R-1', 'trip_id': '3-1-18', 'agency_name': 'Unknown'}, {'duration': 30, 'departure_time': 14160, 'arrival_time': 14190, 'day': 'current_day', 'from_stop_id': 'MH-R-1', 'to_stop_id': 'MH-R-0', 'trip_id': 'walking', 'agency_name': 'Unknown'}, {'duration': 1500, 'departure_time': 14400, 'arrival_time': 15900, 'day': 'current_day', 'from_stop_id': 'MH-R-0', 'to_stop_id': 'MH-L-0', 'trip_id': '0-1-6', 'agency_name': 'Unknown'}, {'duration': 30, 'departure_time': 15900, 'arrival_time': 15930, 'day': 'current_day', 'from_stop_id': 'MH-L-0', 'to_stop_id': 'MH-L-2', 'trip_id': 'walking', 'agency_name': 'Unknown'}, {'duration': 330, 'departure_time': 16140, 'arrival_time': 16470, 'day': 'current_day', 'from_stop_id': 'MH-L-2', 'to_stop_id': '88-2', 'trip_id': '2-1-21', 'agency_name': 'Unknown'}]}"
211,54,13350,inter,right,426,[200; 212],[54],500,375,0,0,13725,13785.0,18510.0,18570.0,4725.0,4.0,200,54,,,pt,5220.0,18570.0,5220.0,"{'duration': 4725, 'source_transfer_time': 0, 'waiting_time': 525, 'trip_time': 4200, 'num_transfers': 4, 'departure_time': 13785, 'departure_day': 'current_day', 'arrival_time': 18510, 'arrival_day': 'current_day', 'steps': [{'duration': 450, 'departure_time': 14310, 'arrival_time': 14760, 'day': 'current_day', 'from_stop_id': '200-4', 'to_stop_id': 'MH-R-4', 'trip_id': '9-1-19', 'agency_name': 'Unknown'}, {'duration': 30, 'departure_time': 14760, 'arrival_time': 14790, 'day': 'current_day', 'from_stop_id': 'MH-R-4', 'to_stop_id': 'MH-R-0', 'trip_id': 'walking', 'agency_name': 'Unknown'}, {'duration': 1500, 'departure_time': 16200, 'arrival_time': 17700, 'day': 'current_day', 'from_stop_id': 'MH-R-0', 'to_stop_id': 'MH-L-0', 'trip_id': '0-1-7', 'agency_name': 'Unknown'}, {'duration': 30, 'departure_time': 17700, 'arrival_time': 17730, 'day': 'current_day', 'from_stop_id': 'MH-L-0', 'to_stop_id': 'MH-L-1', 'trip_id': 'walking', 'agency_name': 'Unknown'}, {'duration': 570, 'departure_time': 17940, 'arrival_time': 18510, 'day': 'current_day', 'from_stop_id': 'MH-L-1', 'to_stop_id': '54-1', 'trip_id': '1-1-24', 'agency_name': 'Unknown'}]}"
196,91,12960,inter,right,427,[196],[91],0,0,0,0,12960,13020.0,16830.0,16890.0,3810.0,4.0,196,91,,,pt,3930.0,16890.0,3930.0,"{'duration': 3810, 'source_transfer_time': 0, 'waiting_time': 90, 'trip_time': 3720, 'num_transfers': 4, 'departure_time': 13020, 'departure_day': 'current_day', 'arrival_time': 16830, 'arrival_day': 'current_day', 'steps': [{'duration': 450, 'departure_time': 13110, 'arrival_time': 13560, 'day': 'current_day', 'from_stop_id': '196-5', 'to_stop_id': 'MH-R-5', 'trip_id': '10-1-17', 'agency_name': 'Unknown'}, {'duration': 30, 'departure_time': 13560, 'arrival_time': 13590, 'day': 'current_day', 'from_stop_id': 'MH-R-5', 'to_stop_id': 'MH-R-0', 'trip_id': 'walking', 'agency_name': 'Unknown'}, {'duration': 1500, 'departure_time': 14400, 'arrival_time': 15900, 'day': 'current_day', 'from_stop_id': 'MH-R-0', 'to_stop_id': 'MH-L-0', 'trip_id': '0-1-6', 'agency_name': 'Unknown'}, {'duration': 30, 'departure_time': 15900, 'arrival_time': 15930, 'day': 'current_day', 'from_stop_id': 'MH-L-0', 'to_stop_id': 'MH-L-4', 'trip_id': 'walking', 'agency_name': 'Unknown'}, {'duration': 690, 'departure_time': 16140, 'arrival_time': 16830, 'day': 'current_day', 'from_stop_id': 'MH-L-4', 'to_stop_id': '91-4', 'trip_id': '7-0-21', 'agency_name': 'Unknown'}]}"
217,72,8160,inter,right,428,[217],[54],0,0,1000,751,8160,8220.0,13110.0,13170.0,4890.0,4.0,217,54,,,pt,5761.0,13921.0,5761.0,"{'duration': 4890, 'source_transfer_time': 0, 'waiting_time': 330, 'trip_time': 4560, 'num_transfers': 4, 'departure_time': 8220, 'departure_day': 'current_day', 'arrival_time': 13110, 'arrival_day': 'current_day', 'steps': [{'duration': 810, 'departure_time': 8550, 'arrival_time': 9360, 'day': 'current_day', 'from_stop_id': '217-5', 'to_stop_id': 'MH-R-5', 'trip_id': '10-1-10', 'agency_name': 'Unknown'}, {'duration': 30, 'departure_time': 9360, 'arrival_time': 9390, 'day': 'current_day', 'from_stop_id': 'MH-R-5', 'to_stop_id': 'MH-R-0', 'trip_id': 'walking', 'agency_name': 'Unknown'}, {'duration': 1500, 'departure_time': 10800, 'arrival_time': 12300, 'day': 'current_day', 'from_stop_id': 'MH-R-0', 'to_stop_id': 'MH-L-0', 'trip_id': '0-1-4', 'agency_name': 'Unknown'}, {'duration': 30, 'departure_time': 12300, 'arrival_time': 12330, 'day': 'current_day', 'from_stop_id': 'MH-L-0', 'to_stop_id': 'MH-L-1', 'trip_id': 'walking', 'agency_name': 'Unknown'}, {'duration': 570, 'departure_time': 12540, 'arrival_time': 13110, 'day': 'current_day', 'from_stop_id': 'MH-L-1', 'to_stop_id': '54-1', 'trip_id': '1-1-15', 'agency_name': 'Unknown'}]}"
201,27,5010,inter,right,429,[201],[27],0,0,0,0,5010,5070.0,9270.0,9330.0,4200.0,4.0,201,27,,,pt,4320.0,9330.0,4320.0,"{'duration': 4200, 'source_transfer_time': 0, 'waiting_time': 120, 'trip_time': 4080, 'num_transfers': 4, 'departure_time': 5070, 'departure_day': 'current_day', 'arrival_time': 9270, 'arrival_day': 'current_day', 'steps': [{'duration': 570, 'departure_time': 5190, 'arrival_time': 5760, 'day': 'current_day', 'from_stop_id': '201-4', 'to_stop_id': 'MH-R-4', 'trip_id': '9-1-4', 'agency_name': 'Unknown'}, {'duration': 30, 'departure_time': 5760, 'arrival_time': 5790, 'day': 'current_day', 'from_stop_id': 'MH-R-4', 'to_stop_id': 'MH-R-0', 'trip_id': 'walking', 'agency_name': 'Unknown'}, {'duration': 1500, 'departure_time': 7200, 'arrival_time': 8700, 'day': 'current_day', 'from_stop_id': 'MH-R-0', 'to_stop_id': 'MH-L-0', 'trip_id': '0-1-2', 'agency_name': 'Unknown'}, {'duration': 30, 'departure_time': 8700, 'arrival_time': 8730, 'day': 'current_day', 'from_stop_id': 'MH-L-0', 'to_stop_id': 'MH-L-2', 'trip_id': 'walking', 'agency_name': 'Unknown'}, {'duration': 330, 'departure_time': 8940, 'arrival_time': 9270, 'day': 'current_day', 'from_stop_id': 'MH-L-2', 'to_stop_id': '27-2', 'trip_id': '2-0-9', 'agency_name': 'Unknown'}]}"
153,99,5850,inter,right,430,[131; 141; 151],[99],1000,751,0,0,6601,6661.0,11190.0,11250.0,4529.0,4.0,131,99,,,pt,5400.0,11250.0,5400.0,"{'duration': 4529, 'source_transfer_time': 0, 'waiting_time': 329, 'trip_time': 4200, 'num_transfers': 4, 'departure_time': 6661, 'departure_day': 'current_day', 'arrival_time': 11190, 'arrival_day': 'current_day', 'steps': [{'duration': 1170, 'departure_time': 6990, 'arrival_time': 8160, 'day': 'current_day', 'from_stop_id': '131-5', 'to_stop_id': 'MH-R-5', 'trip_id': '10-0-8', 'agency_name': 'Unknown'}, {'duration': 30, 'departure_time': 8160, 'arrival_time': 8190, 'day': 'current_day', 'from_stop_id': 'MH-R-5', 'to_stop_id': 'MH-R-0', 'trip_id': 'walking', 'agency_name': 'Unknown'}, {'duration': 1500, 'departure_time': 9000, 'arrival_time': 10500, 'day': 'current_day', 'from_stop_id': 'MH-R-0', 'to_stop_id': 'MH-L-0', 'trip_id': '0-1-3', 'agency_name': 'Unknown'}, {'duration': 30, 'departure_time': 10500, 'arrival_time': 10530, 'day': 'current_day', 'from_stop_id': 'MH-L-0', 'to_stop_id': 'MH-L-2', 'trip_id': 'walking', 'agency_name': 'Unknown'}, {'duration': 450, 'departure_time': 10740, 'arrival_time': 11190, 'day': 'current_day', 'from_stop_id': 'MH-L-2', 'to_stop_id': '99-2', 'trip_id': '2-1-12', 'agency_name': 'Unknown'}]}"
167,70,14160,inter,right,431,[156; 168; 177],[60],500,375,500,375,14535,14595.0,18390.0,18450.0,3795.0,4.0,156,60,,,pt,4665.0,18825.0,4665.0,"{'duration': 3795, 'source_transfer_time': 0, 'waiting_time': 195, 'trip_time': 3600, 'num_transfers': 4, 'departure_time': 14595, 'departure_day': 'current_day', 'arrival_time': 18390, 'arrival_day': 'current_day', 'steps': [{'duration': 570, 'departure_time': 14790, 'arrival_time': 15360, 'day': 'current_day', 'from_stop_id': '156-4', 'to_stop_id': 'MH-R-4', 'trip_id': '9-0-20', 'agency_name': 'Unknown'}, {'duration': 30, 'departure_time': 15360, 'arrival_time': 15390, 'day': 'current_day', 'from_stop_id': 'MH-R-4', 'to_stop_id': 'MH-R-0', 'trip_id': 'walking', 'agency_name': 'Unknown'}, {'duration': 1500, 'departure_time': 16200, 'arrival_time': 17700, 'day': 'current_day', 'from_stop_id': 'MH-R-0', 'to_stop_id': 'MH-L-0', 'trip_id': '0-1-7', 'agency_name': 'Unknown'}, {'duration': 30, 'departure_time': 17700, 'arrival_time': 17730, 'day': 'current_day', 'from_stop_id': 'MH-L-0', 'to_stop_id': 'MH-L-1', 'trip_id': 'walking', 'agency_name': 'Unknown'}, {'duration': 450, 'departure_time': 17940, 'arrival_time': 18390, 'day': 'current_day', 'from_stop_id': 'MH-L-1', 'to_stop_id': '60-1', 'trip_id': '1-0-24', 'agency_name': 'Unknown'}]}"
224,94,12360,inter,right,432,[224],[95; 105],0,0,500,375,12360,12420.0,17070.0,17130.0,4650.0,4.0,224,95,,,pt,5145.0,17505.0,5145.0,"{'duration': 4650, 'source_transfer_time': 0, 'waiting_time': 210, 'trip_time': 4440, 'num_transfers': 4, 'departure_time': 12420, 'departure_day': 'current_day', 'arrival_time': 17070, 'arrival_day': 'current_day', 'steps': [{'duration': 930, 'departure_time': 12630, 'arrival_time': 13560, 'day': 'current_day', 'from_stop_id': '224-4', 'to_stop_id': 'MH-R-4', 'trip_id': '9-1-17', 'agency_name': 'Unknown'}, {'duration': 30, 'departure_time': 13560, 'arrival_time': 13590, 'day': 'current_day', 'from_stop_id': 'MH-R-4', 'to_stop_id': 'MH-R-0', 'trip_id': 'walking', 'agency_name': 'Unknown'}, {'duration': 1500, 'departure_time': 14400, 'arrival_time': 15900, 'day': 'current_day', 'from_stop_id': 'MH-R-0', 'to_stop_id': 'MH-L-0', 'trip_id': '0-1-6', 'agency_name': 'Unknown'}, {'duration': 30, 'departure_time': 15900, 'arrival_time': 15930, 'day': 'current_day', 'from_stop_id': 'MH-L-0', 'to_stop_id': 'MH-L-5', 'trip_id': 'walking', 'agency_name': 'Unknown'}, {'duration': 930, 'departure_time': 16140, 'arrival_time': 17070, 'day': 'current_day', 'from_stop_id': 'MH-L-5', 'to_stop_id': '95-5', 'trip_id': '8-0-21', 'agency_name': 'Unknown'}]}"
163,63,9330,inter,right,433,[141; 151; 161; 181],[55],1000,751,500,375,10081,10141.0,14790.0,14850.0,4649.0,4.0,141,55,,,pt,5895.0,15225.0,5895.0,"{'duration': 4649, 'source_transfer_time': 0, 'waiting_time': 89, 'trip_time': 4560, 'num_transfers': 4, 'departure_time': 10141, 'departure_day': 'current_day', 'arrival_time': 14790, 'arrival_day': 'current_day', 'steps': [{'duration': 930, 'departure_time': 10230, 'arrival_time': 11160, 'day': 'current_day', 'from_stop_id': '141-5', 'to_stop_id': 'MH-R-5', 'trip_id': '10-0-13', 'agency_name': 'Unknown'}, {'duration': 30, 'departure_time': 11160, 'arrival_time': 11190, 'day': 'current_day', 'from_stop_id': 'MH-R-5', 'to_stop_id': 'MH-R-0', 'trip_id': 'walking', 'agency_name': 'Unknown'}, {'duration': 1500, 'departure_time': 12600, 'arrival_time': 14100, 'day': 'current_day', 'from_stop_id': 'MH-R-0', 'to_stop_id': 'MH-L-0', 'trip_id': '0-1-5', 'agency_name': 'Unknown'}, {'duration': 30, 'departure_time': 14100, 'arrival_time': 14130, 'day': 'current_day', 'from_stop_id': 'MH-L-0', 'to_stop_id': 'MH-L-1', 'trip_id': 'walking', 'agency_name': 'Unknown'}, {'duration': 450, 'departure_time': 14340, 'arrival_time': 14790, 'day': 'current_day', 'from_stop_id': 'MH-L-1', 'to_stop_id': '55-1', 'trip_id': '1-1-18', 'agency_name': 'Unknown'}]}"
169,75,12570,inter,right,434,[169],[75],0,0,0,0,12570,12630.0,16590.0,16650.0,3960.0,4.0,169,75,,,pt,4080.0,16650.0,4080.0,"{'duration': 3960, 'source_transfer_time': 0, 'waiting_time': 120, 'trip_time': 3840, 'num_transfers': 4, 'departure_time': 12630, 'departure_day': 'current_day', 'arrival_time': 16590, 'arrival_day': 'current_day', 'steps': [{'duration': 210, 'departure_time': 12750, 'arrival_time': 12960, 'day': 'current_day', 'from_stop_id': '169-4', 'to_stop_id': 'MH-R-4', 'trip_id': '9-0-16', 'agency_name': 'Unknown'}, {'duration': 30, 'departure_time': 12960, 'arrival_time': 12990, 'day': 'current_day', 'from_stop_id': 'MH-R-4', 'to_stop_id': 'MH-R-0', 'trip_id': 'walking', 'agency_name': 'Unknown'}, {'duration': 1500, 'departure_time': 14400, 'arrival_time': 15900, 'day': 'current_day', 'from_stop_id': 'MH-R-0', 'to_stop_id': 'MH-L-0', 'trip_id': '0-1-6', 'agency_name': 'Unknown'}, {'duration': 30, 'departure_time': 15900, 'arrival_time': 15930, 'day': 'current_day', 'from_stop_id': 'MH-L-0', 'to_stop_id': 'MH-L-5', 'trip_id': 'walking', 'agency_name': 'Unknown'}, {'duration': 450, 'departure_time': 16140, 'arrival_time': 16590, 'day': 'current_day', 'from_stop_id': 'MH-L-5', 'to_stop_id': '75-5', 'trip_id': '8-0-21', 'agency_name': 'Unknown'}]}"
184,63,3870,inter,right,435,[176],[55],500,375,500,375,4245,4305.0,7590.0,7650.0,3285.0,4.0,176,55,,,pt,4155.0,8025.0,4155.0,"{'duration': 3285, 'source_transfer_time': 0, 'waiting_time': 405, 'trip_time': 2880, 'num_transfers': 4, 'departure_time': 4305, 'departure_day': 'current_day', 'arrival_time': 7590, 'arrival_day': 'current_day', 'steps': [{'duration': 450, 'departure_time': 4710, 'arrival_time': 5160, 'day': 'current_day', 'from_stop_id': '176-1', 'to_stop_id': 'MH-R-1', 'trip_id': '3-0-3', 'agency_name': 'Unknown'}, {'duration': 30, 'departure_time': 5160, 'arrival_time': 5190, 'day': 'current_day', 'from_stop_id': 'MH-R-1', 'to_stop_id': 'MH-R-0', 'trip_id': 'walking', 'agency_name': 'Unknown'}, {'duration': 1500, 'departure_time': 5400, 'arrival_time': 6900, 'day': 'current_day', 'from_stop_id': 'MH-R-0', 'to_stop_id': 'MH-L-0', 'trip_id': '0-1-1', 'agency_name': 'Unknown'}, {'duration': 30, 'departure_time': 6900, 'arrival_time': 6930, 'day': 'current_day', 'from_stop_id': 'MH-L-0', 'to_stop_id': 'MH-L-1', 'trip_id': 'walking', 'agency_name': 'Unknown'}, {'duration': 450, 'departure_time': 7140, 'arrival_time': 7590, 'day': 'current_day', 'from_stop_id': 'MH-L-1', 'to_stop_id': '55-1', 'trip_id': '1-1-6', 'agency_name': 'Unknown'}]}"
131,89,5340,inter,right,436,[131],[88],0,0,500,375,5340,5400.0,9270.0,9330.0,3870.0,4.0,131,88,,,pt,4365.0,9705.0,4365.0,"{'duration': 3870, 'source_transfer_time': 0, 'waiting_time': 390, 'trip_time': 3480, 'num_transfers': 4, 'departure_time': 5400, 'departure_day': 'current_day', 'arrival_time': 9270, 'arrival_day': 'current_day', 'steps': [{'duration': 1170, 'departure_time': 5790, 'arrival_time': 6960, 'day': 'current_day', 'from_stop_id': '131-5', 'to_stop_id': 'MH-R-5', 'trip_id': '10-0-6', 'agency_name': 'Unknown'}, {'duration': 30, 'departure_time': 6960, 'arrival_time': 6990, 'day': 'current_day', 'from_stop_id': 'MH-R-5', 'to_stop_id': 'MH-R-0', 'trip_id': 'walking', 'agency_name': 'Unknown'}, {'duration': 1500, 'departure_time': 7200, 'arrival_time': 8700, 'day': 'current_day', 'from_stop_id': 'MH-R-0', 'to_stop_id': 'MH-L-0', 'trip_id': '0-1-2', 'agency_name': 'Unknown'}, {'duration': 30, 'departure_time': 8700, 'arrival_time': 8730, 'day': 'current_day', 'from_stop_id': 'MH-L-0', 'to_stop_id': 'MH-L-2', 'trip_id': 'walking', 'agency_name': 'Unknown'}, {'duration': 330, 'departure_time': 8940, 'arrival_time': 9270, 'day': 'current_day', 'from_stop_id': 'MH-L-2', 'to_stop_id': '88-2', 'trip_id': '2-1-9', 'agency_name': 'Unknown'}]}"
146,60,10050,inter,right,437,[145; 157],[60],500,375,0,0,10425,10485.0,14790.0,14850.0,4305.0,4.0,145,60,,,pt,4800.0,14850.0,4800.0,"{'duration': 4305, 'source_transfer_time': 0, 'waiting_time': 585, 'trip_time': 3720, 'num_transfers': 4, 'departure_time': 10485, 'departure_day': 'current_day', 'arrival_time': 14790, 'arrival_day': 'current_day', 'steps': [{'duration': 690, 'departure_time': 11070, 'arrival_time': 11760, 'day': 'current_day', 'from_stop_id': '145-4', 'to_stop_id': 'MH-R-4', 'trip_id': '9-0-14', 'agency_name': 'Unknown'}, {'duration': 30, 'departure_time': 11760, 'arrival_time': 11790, 'day': 'current_day', 'from_stop_id': 'MH-R-4', 'to_stop_id': 'MH-R-0', 'trip_id': 'walking', 'agency_name': 'Unknown'}, {'duration': 1500, 'departure_time': 12600, 'arrival_time': 14100, 'day': 'current_day', 'from_stop_id': 'MH-R-0', 'to_stop_id': 'MH-L-0', 'trip_id': '0-1-5', 'agency_name': 'Unknown'}, {'duration': 30, 'departure_time': 14100, 'arrival_time': 14130, 'day': 'current_day', 'from_stop_id': 'MH-L-0', 'to_stop_id': 'MH-L-1', 'trip_id': 'walking', 'agency_name': 'Unknown'}, {'duration': 450, 'departure_time': 14340, 'arrival_time': 14790, 'day': 'current_day', 'from_stop_id': 'MH-L-1', 'to_stop_id': '60-1', 'trip_id': '1-0-18', 'agency_name': 'Unknown'}]}"
212,51,13710,inter,right,438,[212],[59],0,0,500,375,13710,13770.0,18270.0,18330.0,4500.0,4.0,212,59,,,pt,4995.0,18705.0,4995.0,"{'duration': 4500, 'source_transfer_time': 0, 'waiting_time': 300, 'trip_time': 4200, 'num_transfers': 4, 'departure_time': 13770, 'departure_day': 'current_day', 'arrival_time': 18270, 'arrival_day': 'current_day', 'steps': [{'duration': 690, 'departure_time': 14070, 'arrival_time': 14760, 'day': 'current_day', 'from_stop_id': '212-4', 'to_stop_id': 'MH-R-4', 'trip_id': '9-1-19', 'agency_name': 'Unknown'}, {'duration': 30, 'departure_time': 14760, 'arrival_time': 14790, 'day': 'current_day', 'from_stop_id': 'MH-R-4', 'to_stop_id': 'MH-R-0', 'trip_id': 'walking', 'agency_name': 'Unknown'}, {'duration': 1500, 'departure_time': 16200, 'arrival_time': 17700, 'day': 'current_day', 'from_stop_id': 'MH-R-0', 'to_stop_id': 'MH-L-0', 'trip_id': '0-1-7', 'agency_name': 'Unknown'}, {'duration': 30, 'departure_time': 17700, 'arrival_time': 17730, 'day': 'current_day', 'from_stop_id': 'MH-L-0', 'to_stop_id': 'MH-L-1', 'trip_id': 'walking', 'agency_name': 'Unknown'}, {'duration': 330, 'departure_time': 17940, 'arrival_time': 18270, 'day': 'current_day', 'from_stop_id': 'MH-L-1', 'to_stop_id': '59-1', 'trip_id': '1-0-24', 'agency_name': 'Unknown'}]}"
162,52,13500,inter,right,439,[151; 161],[60],500,375,500,375,13875,13935.0,18390.0,18450.0,4455.0,4.0,151,60,,,pt,5325.0,18825.0,5325.0,"{'duration': 4455, 'source_transfer_time': 0, 'waiting_time': 135, 'trip_time': 4320, 'num_transfers': 4, 'departure_time': 13935, 'departure_day': 'current_day', 'arrival_time': 18390, 'arrival_day': 'current_day', 'steps': [{'duration': 690, 'departure_time': 14070, 'arrival_time': 14760, 'day': 'current_day', 'from_stop_id': '151-5', 'to_stop_id': 'MH-R-5', 'trip_id': '10-0-19', 'agency_name': 'Unknown'}, {'duration': 30, 'departure_time': 14760, 'arrival_time': 14790, 'day': 'current_day', 'from_stop_id': 'MH-R-5', 'to_stop_id': 'MH-R-0', 'trip_id': 'walking', 'agency_name': 'Unknown'}, {'duration': 1500, 'departure_time': 16200, 'arrival_time': 17700, 'day': 'current_day', 'from_stop_id': 'MH-R-0', 'to_stop_id': 'MH-L-0', 'trip_id': '0-1-7', 'agency_name': 'Unknown'}, {'duration': 30, 'departure_time': 17700, 'arrival_time': 17730, 'day': 'current_day', 'from_stop_id': 'MH-L-0', 'to_stop_id': 'MH-L-1', 'trip_id': 'walking', 'agency_name': 'Unknown'}, {'duration': 450, 'departure_time': 17940, 'arrival_time': 18390, 'day': 'current_day', 'from_stop_id': 'MH-L-1', 'to_stop_id': '60-1', 'trip_id': '1-0-24', 'agency_name': 'Unknown'}]}"
216,30,4050,inter,right,440,[216],[30],0,0,0,0,4050,4110.0,7830.0,7890.0,3720.0,4.0,216,30,,,pt,3840.0,7890.0,3840.0,"{'duration': 3720, 'source_transfer_time': 0, 'waiting_time': 120, 'trip_time': 3600, 'num_transfers': 4, 'departure_time': 4110, 'departure_day': 'current_day', 'arrival_time': 7830, 'arrival_day': 'current_day', 'steps': [{'duration': 930, 'departure_time': 4230, 'arrival_time': 5160, 'day': 'current_day', 'from_stop_id': '216-5', 'to_stop_id': 'MH-R-5', 'trip_id': '10-1-3', 'agency_name': 'Unknown'}, {'duration': 30, 'departure_time': 5160, 'arrival_time': 5190, 'day': 'current_day', 'from_stop_id': 'MH-R-5', 'to_stop_id': 'MH-R-0', 'trip_id': 'walking', 'agency_name': 'Unknown'}, {'duration': 1500, 'departure_time': 5400, 'arrival_time': 6900, 'day': 'current_day', 'from_stop_id': 'MH-R-0', 'to_stop_id': 'MH-L-0', 'trip_id': '0-1-1', 'agency_name': 'Unknown'}, {'duration': 30, 'departure_time': 6900, 'arrival_time': 6930, 'day': 'current_day', 'from_stop_id': 'MH-L-0', 'to_stop_id': 'MH-L-5', 'trip_id': 'walking', 'agency_name': 'Unknown'}, {'duration': 690, 'departure_time': 7140, 'arrival_time': 7830, 'day': 'current_day', 'from_stop_id': 'MH-L-5', 'to_stop_id': '30-5', 'trip_id': '8-1-6', 'agency_name': 'Unknown'}]}"
158,8,14190,inter,right,441,[157; 159; 169],[9; 19],500,375,500,375,14565,14625.0,18750.0,18810.0,4125.0,4.0,157,19,,,pt,4995.0,19185.0,4995.0,"{'duration': 4125, 'source_transfer_time': 0, 'waiting_time': 285, 'trip_time': 3840, 'num_transfers': 4, 'departure_time': 14625, 'departure_day': 'current_day', 'arrival_time': 18750, 'arrival_day': 'current_day', 'steps': [{'duration': 450, 'departure_time': 14910, 'arrival_time': 15360, 'day': 'current_day', 'from_stop_id': '157-4', 'to_stop_id': 'MH-R-4', 'trip_id': '9-0-20', 'agency_name': 'Unknown'}, {'duration': 30, 'departure_time': 15360, 'arrival_time': 15390, 'day': 'current_day', 'from_stop_id': 'MH-R-4', 'to_stop_id': 'MH-R-0', 'trip_id': 'walking', 'agency_name': 'Unknown'}, {'duration': 1500, 'departure_time': 16200, 'arrival_time': 17700, 'day': 'current_day', 'from_stop_id': 'MH-R-0', 'to_stop_id': 'MH-L-0', 'trip_id': '0-1-7', 'agency_name': 'Unknown'}, {'duration': 30, 'departure_time': 17700, 'arrival_time': 17730, 'day': 'current_day', 'from_stop_id': 'MH-L-0', 'to_stop_id': 'MH-L-5', 'trip_id': 'walking', 'agency_name': 'Unknown'}, {'duration': 810, 'departure_time': 17940, 'arrival_time': 18750, 'day': 'current_day', 'from_stop_id': 'MH-L-5', 'to_stop_id': '19-5', 'trip_id': '8-1-24', 'agency_name': 'Unknown'}]}"
207,115,12780,inter,right,442,[207],[115],0,0,0,0,12780,12840.0,17310.0,17370.0,4470.0,4.0,207,115,,,pt,4590.0,17370.0,4590.0,"{'duration': 4470, 'source_transfer_time': 0, 'waiting_time': 150, 'trip_time': 4320, 'num_transfers': 4, 'departure_time': 12840, 'departure_day': 'current_day', 'arrival_time': 17310, 'arrival_day': 'current_day', 'steps': [{'duration': 570, 'departure_time': 12990, 'arrival_time': 13560, 'day': 'current_day', 'from_stop_id': '207-5', 'to_stop_id': 'MH-R-5', 'trip_id': '10-1-17', 'agency_name': 'Unknown'}, {'duration': 30, 'departure_time': 13560, 'arrival_time': 13590, 'day': 'current_day', 'from_stop_id': 'MH-R-5', 'to_stop_id': 'MH-R-0', 'trip_id': 'walking', 'agency_name': 'Unknown'}, {'duration': 1500, 'departure_time': 14400, 'arrival_time': 15900, 'day': 'current_day', 'from_stop_id': 'MH-R-0', 'to_stop_id': 'MH-L-0', 'trip_id': '0-1-6', 'agency_name': 'Unknown'}, {'duration': 30, 'departure_time': 15900, 'arrival_time': 15930, 'day': 'current_day', 'from_stop_id': 'MH-L-0', 'to_stop_id': 'MH-L-4', 'trip_id': 'walking', 'agency_name': 'Unknown'}, {'duration': 1170, 'departure_time': 16140, 'arrival_time': 17310, 'day': 'current_day', 'from_stop_id': 'MH-L-4', 'to_stop_id': '115-4', 'trip_id': '7-0-21', 'agency_name': 'Unknown'}]}"
146,83,12420,inter,right,443,[145; 157],[85; 95; 105],500,375,1000,751,12795,12855.0,16830.0,16890.0,3975.0,4.0,145,85,,,pt,5221.0,17641.0,5221.0,"{'duration': 3975, 'source_transfer_time': 0, 'waiting_time': 15, 'trip_time': 3960, 'num_transfers': 4, 'departure_time': 12855, 'departure_day': 'current_day', 'arrival_time': 16830, 'arrival_day': 'current_day', 'steps': [{'duration': 690, 'departure_time': 12870, 'arrival_time': 13560, 'day': 'current_day', 'from_stop_id': '145-4', 'to_stop_id': 'MH-R-4', 'trip_id': '9-0-17', 'agency_name': 'Unknown'}, {'duration': 30, 'departure_time': 13560, 'arrival_time': 13590, 'day': 'current_day', 'from_stop_id': 'MH-R-4', 'to_stop_id': 'MH-R-0', 'trip_id': 'walking', 'agency_name': 'Unknown'}, {'duration': 1500, 'departure_time': 14400, 'arrival_time': 15900, 'day': 'current_day', 'from_stop_id': 'MH-R-0', 'to_stop_id': 'MH-L-0', 'trip_id': '0-1-6', 'agency_name': 'Unknown'}, {'duration': 30, 'departure_time': 15900, 'arrival_time': 15930, 'day': 'current_day', 'from_stop_id': 'MH-L-0', 'to_stop_id': 'MH-L-5', 'trip_id': 'walking', 'agency_name': 'Unknown'}, {'duration': 690, 'departure_time': 16140, 'arrival_time': 16830, 'day': 'current_day', 'from_stop_id': 'MH-L-5', 'to_stop_id': '85-5', 'trip_id': '8-0-21', 'agency_name': 'Unknown'}]}"
157,48,7980,inter,right,444,[157],[48],0,0,0,0,7980,8040.0,10950.0,11010.0,2910.0,4.0,157,48,,,pt,3030.0,11010.0,3030.0,"{'duration': 2910, 'source_transfer_time': 0, 'waiting_time': 270, 'trip_time': 2640, 'num_transfers': 4, 'departure_time': 8040, 'departure_day': 'current_day', 'arrival_time': 10950, 'arrival_day': 'current_day', 'steps': [{'duration': 450, 'departure_time': 8310, 'arrival_time': 8760, 'day': 'current_day', 'from_stop_id': '157-4', 'to_stop_id': 'MH-R-4', 'trip_id': '9-0-9', 'agency_name': 'Unknown'}, {'duration': 30, 'departure_time': 8760, 'arrival_time': 8790, 'day': 'current_day', 'from_stop_id': 'MH-R-4', 'to_stop_id': 'MH-R-0', 'trip_id': 'walking', 'agency_name': 'Unknown'}, {'duration': 1500, 'departure_time': 9000, 'arrival_time': 10500, 'day': 'current_day', 'from_stop_id': 'MH-R-0', 'to_stop_id': 'MH-L-0', 'trip_id': '0-1-3', 'agency_name': 'Unknown'}, {'duration': 30, 'departure_time': 10500, 'arrival_time': 10530, 'day': 'current_day', 'from_stop_id': 'MH-L-0', 'to_stop_id': 'MH-L-4', 'trip_id': 'walking', 'agency_name': 'Unknown'}, {'duration': 210, 'departure_time': 10740, 'arrival_time': 10950, 'day': 'current_day', 'from_stop_id': 'MH-L-4', 'to_stop_id': '48-4', 'trip_id': '7-1-12', 'agency_name': 'Unknown'}]}"
181,72,4170,inter,right,445,[181],[54],0,0,1000,751,4170,4230.0,7710.0,7770.0,3480.0,4.0,181,54,,,pt,4351.0,8521.0,4351.0,"{'duration': 3480, 'source_transfer_time': 0, 'waiting_time': 480, 'trip_time': 3000, 'num_transfers': 4, 'departure_time': 4230, 'departure_day': 'current_day', 'arrival_time': 7710, 'arrival_day': 'current_day', 'steps': [{'duration': 450, 'departure_time': 4710, 'arrival_time': 5160, 'day': 'current_day', 'from_stop_id': '181-1', 'to_stop_id': 'MH-R-1', 'trip_id': '3-1-3', 'agency_name': 'Unknown'}, {'duration': 30, 'departure_time': 5160, 'arrival_time': 5190, 'day': 'current_day', 'from_stop_id': 'MH-R-1', 'to_stop_id': 'MH-R-0', 'trip_id': 'walking', 'agency_name': 'Unknown'}, {'duration': 1500, 'departure_time': 5400, 'arrival_time': 6900, 'day': 'current_day', 'from_stop_id': 'MH-R-0', 'to_stop_id': 'MH-L-0', 'trip_id': '0-1-1', 'agency_name': 'Unknown'}, {'duration': 30, 'departure_time': 6900, 'arrival_time': 6930, 'day': 'current_day', 'from_stop_id': 'MH-L-0', 'to_stop_id': 'MH-L-1', 'trip_id': 'walking', 'agency_name': 'Unknown'}, {'duration': 570, 'departure_time': 7140, 'arrival_time': 7710, 'day': 'current_day', 'from_stop_id': 'MH-L-1', 'to_stop_id': '54-1', 'trip_id': '1-1-6', 'agency_name': 'Unknown'}]}"
121,28,11070,inter,right,446,[121],[27; 29; 39],0,0,500,375,11070,11130.0,14670.0,14730.0,3540.0,4.0,121,27,,,pt,4035.0,15105.0,4035.0,"{'duration': 3540, 'source_transfer_time': 0, 'waiting_time': 60, 'trip_time': 3480, 'num_transfers': 4, 'departure_time': 11130, 'departure_day': 'current_day', 'arrival_time': 14670, 'arrival_day': 'current_day', 'steps': [{'duration': 1170, 'departure_time': 11190, 'arrival_time': 12360, 'day': 'current_day', 'from_stop_id': '121-4', 'to_stop_id': 'MH-R-4', 'trip_id': '9-0-15', 'agency_name': 'Unknown'}, {'duration': 30, 'departure_time': 12360, 'arrival_time': 12390, 'day': 'current_day', 'from_stop_id': 'MH-R-4', 'to_stop_id': 'MH-R-0', 'trip_id': 'walking', 'agency_name': 'Unknown'}, {'duration': 1500, 'departure_time': 12600, 'arrival_time': 14100, 'day': 'current_day', 'from_stop_id': 'MH-R-0', 'to_stop_id': 'MH-L-0', 'trip_id': '0-1-5', 'agency_name': 'Unknown'}, {'duration': 30, 'departure_time': 14100, 'arrival_time': 14130, 'day': 'current_day', 'from_stop_id': 'MH-L-0', 'to_stop_id': 'MH-L-2', 'trip_id': 'walking', 'agency_name': 'Unknown'}, {'duration': 330, 'departure_time': 14340, 'arrival_time': 14670, 'day': 'current_day', 'from_stop_id': 'MH-L-2', 'to_stop_id': '27-2', 'trip_id': '2-0-18', 'agency_name': 'Unknown'}]}"
215,45,5310,inter,right,447,[216; 226],[55],500,375,500,375,5685,5745.0,9390.0,9450.0,3645.0,4.0,216,55,,,pt,4515.0,9825.0,4515.0,"{'duration': 3645, 'source_transfer_time': 0, 'waiting_time': 285, 'trip_time': 3360, 'num_transfers': 4, 'departure_time': 5745, 'departure_day': 'current_day', 'arrival_time': 9390, 'arrival_day': 'current_day', 'steps': [{'duration': 930, 'departure_time': 6030, 'arrival_time': 6960, 'day': 'current_day', 'from_stop_id': '216-5', 'to_stop_id': 'MH-R-5', 'trip_id': '10-1-6', 'agency_name': 'Unknown'}, {'duration': 30, 'departure_time': 6960, 'arrival_time': 6990, 'day': 'current_day', 'from_stop_id': 'MH-R-5', 'to_stop_id': 'MH-R-0', 'trip_id': 'walking', 'agency_name': 'Unknown'}, {'duration': 1500, 'departure_time': 7200, 'arrival_time': 8700, 'day': 'current_day', 'from_stop_id': 'MH-R-0', 'to_stop_id': 'MH-L-0', 'trip_id': '0-1-2', 'agency_name': 'Unknown'}, {'duration': 30, 'departure_time': 8700, 'arrival_time': 8730, 'day': 'current_day', 'from_stop_id': 'MH-L-0', 'to_stop_id': 'MH-L-1', 'trip_id': 'walking', 'agency_name': 'Unknown'}, {'duration': 450, 'departure_time': 8940, 'arrival_time': 9390, 'day': 'current_day', 'from_stop_id': 'MH-L-1', 'to_stop_id': '55-1', 'trip_id': '1-1-9', 'agency_name': 'Unknown'}]}"
127,19,10650,inter,right,448,[126],[19],500,375,0,0,11025,11085.0,15150.0,15210.0,4065.0,4.0,126,19,,,pt,4560.0,15210.0,4560.0,"{'duration': 4065, 'source_transfer_time': 0, 'waiting_time': 105, 'trip_time': 3960, 'num_transfers': 4, 'departure_time': 11085, 'departure_day': 'current_day', 'arrival_time': 15150, 'arrival_day': 'current_day', 'steps': [{'duration': 570, 'departure_time': 11190, 'arrival_time': 11760, 'day': 'current_day', 'from_stop_id': '126-2', 'to_stop_id': 'MH-R-2', 'trip_id': '4-1-14', 'agency_name': 'Unknown'}, {'duration': 30, 'departure_time': 11760, 'arrival_time': 11790, 'day': 'current_day', 'from_stop_id': 'MH-R-2', 'to_stop_id': 'MH-R-0', 'trip_id': 'walking', 'agency_name': 'Unknown'}, {'duration': 1500, 'departure_time': 12600, 'arrival_time': 14100, 'day': 'current_day', 'from_stop_id': 'MH-R-0', 'to_stop_id': 'MH-L-0', 'trip_id': '0-1-5', 'agency_name': 'Unknown'}, {'duration': 30, 'departure_time': 14100, 'arrival_time': 14130, 'day': 'current_day', 'from_stop_id': 'MH-L-0', 'to_stop_id': 'MH-L-5', 'trip_id': 'walking', 'agency_name': 'Unknown'}, {'duration': 810, 'departure_time': 14340, 'arrival_time': 15150, 'day': 'current_day', 'from_stop_id': 'MH-L-5', 'to_stop_id': '19-5', 'trip_id': '8-1-18', 'agency_name': 'Unknown'}]}"
209,93,11070,inter,right,449,[209],[92; 104],0,0,500,375,11070,11130.0,15150.0,15210.0,4020.0,4.0,209,92,,,pt,4515.0,15585.0,4515.0,"{'duration': 4020, 'source_transfer_time': 0, 'waiting_time': 300, 'trip_time': 3720, 'num_transfers': 4, 'departure_time': 11130, 'departure_day': 'current_day', 'arrival_time': 15150, 'arrival_day': 'current_day', 'steps': [{'duration': 330, 'departure_time': 11430, 'arrival_time': 11760, 'day': 'current_day', 'from_stop_id': '209-2', 'to_stop_id': 'MH-R-2', 'trip_id': '4-0-14', 'agency_name': 'Unknown'}, {'duration': 30, 'departure_time': 11760, 'arrival_time': 11790, 'day': 'current_day', 'from_stop_id': 'MH-R-2', 'to_stop_id': 'MH-R-0', 'trip_id': 'walking', 'agency_name': 'Unknown'}, {'duration': 1500, 'departure_time': 12600, 'arrival_time': 14100, 'day': 'current_day', 'from_stop_id': 'MH-R-0', 'to_stop_id': 'MH-L-0', 'trip_id': '0-1-5', 'agency_name': 'Unknown'}, {'duration': 30, 'departure_time': 14100, 'arrival_time': 14130, 'day': 'current_day', 'from_stop_id': 'MH-L-0', 'to_stop_id': 'MH-L-4', 'trip_id': 'walking', 'agency_name': 'Unknown'}, {'duration': 810, 'departure_time': 14340, 'arrival_time': 15150, 'day': 'current_day', 'from_stop_id': 'MH-L-4', 'to_stop_id': '92-4', 'trip_id': '7-0-18', 'agency_name': 'Unknown'}]}"
145,59,12180,inter,right,450,[145],[59],0,0,0,0,12180,12240.0,16470.0,16530.0,4230.0,4.0,145,59,,,pt,4350.0,16530.0,4350.0,"{'duration': 4230, 'source_transfer_time': 0, 'waiting_time': 30, 'trip_time': 4200, 'num_transfers': 4, 'departure_time': 12240, 'departure_day': 'current_day', 'arrival_time': 16470, 'arrival_day': 'current_day', 'steps': [{'duration': 690, 'departure_time': 12270, 'arrival_time': 12960, 'day': 'current_day', 'from_stop_id': '145-4', 'to_stop_id': 'MH-R-4', 'trip_id': '9-0-16', 'agency_name': 'Unknown'}, {'duration': 30, 'departure_time': 12960, 'arrival_time': 12990, 'day': 'current_day', 'from_stop_id': 'MH-R-4', 'to_stop_id': 'MH-R-0', 'trip_id': 'walking', 'agency_name': 'Unknown'}, {'duration': 1500, 'departure_time': 14400, 'arrival_time': 15900, 'day': 'current_day', 'from_stop_id': 'MH-R-0', 'to_stop_id': 'MH-L-0', 'trip_id': '0-1-6', 'agency_name': 'Unknown'}, {'duration': 30, 'departure_time': 15900, 'arrival_time': 15930, 'day': 'current_day', 'from_stop_id': 'MH-L-0', 'to_stop_id': 'MH-L-1', 'trip_id': 'walking', 'agency_name': 'Unknown'}, {'duration': 330, 'departure_time': 16140, 'arrival_time': 16470, 'day': 'current_day', 'from_stop_id': 'MH-L-1', 'to_stop_id': '59-1', 'trip_id': '1-0-21', 'agency_name': 'Unknown'}]}"
217,103,9150,inter,right,451,[217],[103],0,0,0,0,9150,9210.0,13470.0,13530.0,4260.0,4.0,217,103,,,pt,4380.0,13530.0,4380.0,"{'duration': 4260, 'source_transfer_time': 0, 'waiting_time': 540, 'trip_time': 3720, 'num_transfers': 4, 'departure_time': 9210, 'departure_day': 'current_day', 'arrival_time': 13470, 'arrival_day': 'current_day', 'steps': [{'duration': 810, 'departure_time': 9750, 'arrival_time': 10560, 'day': 'current_day', 'from_stop_id': '217-5', 'to_stop_id': 'MH-R-5', 'trip_id': '10-1-12', 'agency_name': 'Unknown'}, {'duration': 30, 'departure_time': 10560, 'arrival_time': 10590, 'day': 'current_day', 'from_stop_id': 'MH-R-5', 'to_stop_id': 'MH-R-0', 'trip_id': 'walking', 'agency_name': 'Unknown'}, {'duration': 1500, 'departure_time': 10800, 'arrival_time': 12300, 'day': 'current_day', 'from_stop_id': 'MH-R-0', 'to_stop_id': 'MH-L-0', 'trip_id': '0-1-4', 'agency_name': 'Unknown'}, {'duration': 30, 'departure_time': 12300, 'arrival_time': 12330, 'day': 'current_day', 'from_stop_id': 'MH-L-0', 'to_stop_id': 'MH-L-4', 'trip_id': 'walking', 'agency_name': 'Unknown'}, {'duration': 930, 'departure_time': 12540, 'arrival_time': 13470, 'day': 'current_day', 'from_stop_id': 'MH-L-4', 'to_stop_id': '103-4', 'trip_id': '7-0-15', 'agency_name': 'Unknown'}]}"
175,102,11430,inter,right,452,[175],[91; 103],0,0,500,375,11430,11490.0,15030.0,15090.0,3540.0,4.0,175,91,,,pt,4035.0,15465.0,4035.0,"{'duration': 3540, 'source_transfer_time': 0, 'waiting_time': 300, 'trip_time': 3240, 'num_transfers': 4, 'departure_time': 11490, 'departure_day': 'current_day', 'arrival_time': 15030, 'arrival_day': 'current_day', 'steps': [{'duration': 570, 'departure_time': 11790, 'arrival_time': 12360, 'day': 'current_day', 'from_stop_id': '175-1', 'to_stop_id': 'MH-R-1', 'trip_id': '3-0-15', 'agency_name': 'Unknown'}, {'duration': 30, 'departure_time': 12360, 'arrival_time': 12390, 'day': 'current_day', 'from_stop_id': 'MH-R-1', 'to_stop_id': 'MH-R-0', 'trip_id': 'walking', 'agency_name': 'Unknown'}, {'duration': 1500, 'departure_time': 12600, 'arrival_time': 14100, 'day': 'current_day', 'from_stop_id': 'MH-R-0', 'to_stop_id': 'MH-L-0', 'trip_id': '0-1-5', 'agency_name': 'Unknown'}, {'duration': 30, 'departure_time': 14100, 'arrival_time': 14130, 'day': 'current_day', 'from_stop_id': 'MH-L-0', 'to_stop_id': 'MH-L-4', 'trip_id': 'walking', 'agency_name': 'Unknown'}, {'duration': 690, 'departure_time': 14340, 'arrival_time': 15030, 'day': 'current_day', 'from_stop_id': 'MH-L-4', 'to_stop_id': '91-4', 'trip_id': '7-0-18', 'agency_name': 'Unknown'}]}"
236,53,6360,inter,right,453,[236],[61],0,0,500,375,6360,6420.0,11310.0,11370.0,4890.0,4.0,236,61,,,pt,5385.0,11745.0,5385.0,"{'duration': 4890, 'source_transfer_time': 0, 'waiting_time': 570, 'trip_time': 4320, 'num_transfers': 4, 'departure_time': 6420, 'departure_day': 'current_day', 'arrival_time': 11310, 'arrival_day': 'current_day', 'steps': [{'duration': 1170, 'departure_time': 6990, 'arrival_time': 8160, 'day': 'current_day', 'from_stop_id': '236-4', 'to_stop_id': 'MH-R-4', 'trip_id': '9-1-8', 'agency_name': 'Unknown'}, {'duration': 30, 'departure_time': 8160, 'arrival_time': 8190, 'day': 'current_day', 'from_stop_id': 'MH-R-4', 'to_stop_id': 'MH-R-0', 'trip_id': 'walking', 'agency_name': 'Unknown'}, {'duration': 1500, 'departure_time': 9000, 'arrival_time': 10500, 'day': 'current_day', 'from_stop_id': 'MH-R-0', 'to_stop_id': 'MH-L-0', 'trip_id': '0-1-3', 'agency_name': 'Unknown'}, {'duration': 30, 'departure_time': 10500, 'arrival_time': 10530, 'day': 'current_day', 'from_stop_id': 'MH-L-0', 'to_stop_id': 'MH-L-1', 'trip_id': 'walking', 'agency_name': 'Unknown'}, {'duration': 570, 'departure_time': 10740, 'arrival_time': 11310, 'day': 'current_day', 'from_stop_id': 'MH-L-1', 'to_stop_id': '61-1', 'trip_id': '1-0-12', 'agency_name': 'Unknown'}]}"
227,44,3750,inter,right,454,[227],[54],0,0,500,375,3750,3810.0,7710.0,7770.0,3900.0,4.0,227,54,,,pt,4395.0,8145.0,4395.0,"{'duration': 3900, 'source_transfer_time': 0, 'waiting_time': 300, 'trip_time': 3600, 'num_transfers': 4, 'departure_time': 3810, 'departure_day': 'current_day', 'arrival_time': 7710, 'arrival_day': 'current_day', 'steps': [{'duration': 1050, 'departure_time': 4110, 'arrival_time': 5160, 'day': 'current_day', 'from_stop_id': '227-5', 'to_stop_id': 'MH-R-5', 'trip_id': '10-1-3', 'agency_name': 'Unknown'}, {'duration': 30, 'departure_time': 5160, 'arrival_time': 5190, 'day': 'current_day', 'from_stop_id': 'MH-R-5', 'to_stop_id': 'MH-R-0', 'trip_id': 'walking', 'agency_name': 'Unknown'}, {'duration': 1500, 'departure_time': 5400, 'arrival_time': 6900, 'day': 'current_day', 'from_stop_id': 'MH-R-0', 'to_stop_id': 'MH-L-0', 'trip_id': '0-1-1', 'agency_name': 'Unknown'}, {'duration': 30, 'departure_time': 6900, 'arrival_time': 6930, 'day': 'current_day', 'from_stop_id': 'MH-L-0', 'to_stop_id': 'MH-L-1', 'trip_id': 'walking', 'agency_name': 'Unknown'}, {'duration': 570, 'departure_time': 7140, 'arrival_time': 7710, 'day': 'current_day', 'from_stop_id': 'MH-L-1', 'to_stop_id': '54-1', 'trip_id': '1-1-6', 'agency_name': 'Unknown'}]}"
188,39,14160,inter,right,455,[188],[39],0,0,0,0,14160,14220.0,18270.0,18330.0,4050.0,4.0,188,39,,,pt,4170.0,18330.0,4170.0,"{'duration': 4050, 'source_transfer_time': 0, 'waiting_time': 330, 'trip_time': 3720, 'num_transfers': 4, 'departure_time': 14220, 'departure_day': 'current_day', 'arrival_time': 18270, 'arrival_day': 'current_day', 'steps': [{'duration': 210, 'departure_time': 14550, 'arrival_time': 14760, 'day': 'current_day', 'from_stop_id': '188-4', 'to_stop_id': 'MH-R-4', 'trip_id': '9-1-19', 'agency_name': 'Unknown'}, {'duration': 30, 'departure_time': 14760, 'arrival_time': 14790, 'day': 'current_day', 'from_stop_id': 'MH-R-4', 'to_stop_id': 'MH-R-0', 'trip_id': 'walking', 'agency_name': 'Unknown'}, {'duration': 1500, 'departure_time': 16200, 'arrival_time': 17700, 'day': 'current_day', 'from_stop_id': 'MH-R-0', 'to_stop_id': 'MH-L-0', 'trip_id': '0-1-7', 'agency_name': 'Unknown'}, {'duration': 30, 'departure_time': 17700, 'arrival_time': 17730, 'day': 'current_day', 'from_stop_id': 'MH-L-0', 'to_stop_id': 'MH-L-5', 'trip_id': 'walking', 'agency_name': 'Unknown'}, {'duration': 330, 'departure_time': 17940, 'arrival_time': 18270, 'day': 'current_day', 'from_stop_id': 'MH-L-5', 'to_stop_id': '39-5', 'trip_id': '8-1-24', 'agency_name': 'Unknown'}]}"
219,26,4050,inter,right,456,[220],[27],500,375,500,375,4425,4485.0,7470.0,7530.0,2985.0,4.0,220,27,,,pt,3855.0,7905.0,3855.0,"{'duration': 2985, 'source_transfer_time': 0, 'waiting_time': 225, 'trip_time': 2760, 'num_transfers': 4, 'departure_time': 4485, 'departure_day': 'current_day', 'arrival_time': 7470, 'arrival_day': 'current_day', 'steps': [{'duration': 450, 'departure_time': 4710, 'arrival_time': 5160, 'day': 'current_day', 'from_stop_id': '220-2', 'to_stop_id': 'MH-R-2', 'trip_id': '4-0-3', 'agency_name': 'Unknown'}, {'duration': 30, 'departure_time': 5160, 'arrival_time': 5190, 'day': 'current_day', 'from_stop_id': 'MH-R-2', 'to_stop_id': 'MH-R-0', 'trip_id': 'walking', 'agency_name': 'Unknown'}, {'duration': 1500, 'departure_time': 5400, 'arrival_time': 6900, 'day': 'current_day', 'from_stop_id': 'MH-R-0', 'to_stop_id': 'MH-L-0', 'trip_id': '0-1-1', 'agency_name': 'Unknown'}, {'duration': 30, 'departure_time': 6900, 'arrival_time': 6930, 'day': 'current_day', 'from_stop_id': 'MH-L-0', 'to_stop_id': 'MH-L-2', 'trip_id': 'walking', 'agency_name': 'Unknown'}, {'duration': 330, 'departure_time': 7140, 'arrival_time': 7470, 'day': 'current_day', 'from_stop_id': 'MH-L-2', 'to_stop_id': '27-2', 'trip_id': '2-0-6', 'agency_name': 'Unknown'}]}"
167,60,13080,inter,right,457,[156; 168; 177],[60],500,375,0,0,13455,13515.0,16590.0,16650.0,3075.0,4.0,156,60,,,pt,3570.0,16650.0,3570.0,"{'duration': 3075, 'source_transfer_time': 0, 'waiting_time': 75, 'trip_time': 3000, 'num_transfers': 4, 'departure_time': 13515, 'departure_day': 'current_day', 'arrival_time': 16590, 'arrival_day': 'current_day', 'steps': [{'duration': 570, 'departure_time': 13590, 'arrival_time': 14160, 'day': 'current_day', 'from_stop_id': '156-4', 'to_stop_id': 'MH-R-4', 'trip_id': '9-0-18', 'agency_name': 'Unknown'}, {'duration': 30, 'departure_time': 14160, 'arrival_time': 14190, 'day': 'current_day', 'from_stop_id': 'MH-R-4', 'to_stop_id': 'MH-R-0', 'trip_id': 'walking', 'agency_name': 'Unknown'}, {'duration': 1500, 'departure_time': 14400, 'arrival_time': 15900, 'day': 'current_day', 'from_stop_id': 'MH-R-0', 'to_stop_id': 'MH-L-0', 'trip_id': '0-1-6', 'agency_name': 'Unknown'}, {'duration': 30, 'departure_time': 15900, 'arrival_time': 15930, 'day': 'current_day', 'from_stop_id': 'MH-L-0', 'to_stop_id': 'MH-L-1', 'trip_id': 'walking', 'agency_name': 'Unknown'}, {'duration': 450, 'departure_time': 16140, 'arrival_time': 16590, 'day': 'current_day', 'from_stop_id': 'MH-L-1', 'to_stop_id': '60-1', 'trip_id': '1-0-21', 'agency_name': 'Unknown'}]}"
182,86,5820,inter,right,458,[182],[86],0,0,0,0,5820,5880.0,9510.0,9570.0,3630.0,4.0,182,86,,,pt,3750.0,9570.0,3750.0,"{'duration': 3630, 'source_transfer_time': 0, 'waiting_time': 510, 'trip_time': 3120, 'num_transfers': 4, 'departure_time': 5880, 'departure_day': 'current_day', 'arrival_time': 9510, 'arrival_day': 'current_day', 'steps': [{'duration': 570, 'departure_time': 6390, 'arrival_time': 6960, 'day': 'current_day', 'from_stop_id': '182-1', 'to_stop_id': 'MH-R-1', 'trip_id': '3-1-6', 'agency_name': 'Unknown'}, {'duration': 30, 'departure_time': 6960, 'arrival_time': 6990, 'day': 'current_day', 'from_stop_id': 'MH-R-1', 'to_stop_id': 'MH-R-0', 'trip_id': 'walking', 'agency_name': 'Unknown'}, {'duration': 1500, 'departure_time': 7200, 'arrival_time': 8700, 'day': 'current_day', 'from_stop_id': 'MH-R-0', 'to_stop_id': 'MH-L-0', 'trip_id': '0-1-2', 'agency_name': 'Unknown'}, {'duration': 30, 'departure_time': 8700, 'arrival_time': 8730, 'day': 'current_day', 'from_stop_id': 'MH-L-0', 'to_stop_id': 'MH-L-5', 'trip_id': 'walking', 'agency_name': 'Unknown'}, {'duration': 570, 'departure_time': 8940, 'arrival_time': 9510, 'day': 'current_day', 'from_stop_id': 'MH-L-5', 'to_stop_id': '86-5', 'trip_id': '8-0-9', 'agency_name': 'Unknown'}]}"
159,47,11160,inter,right,459,[159],[47],0,0,0,0,11160,11220.0,14670.0,14730.0,3450.0,4.0,159,47,,,pt,3570.0,14730.0,3570.0,"{'duration': 3450, 'source_transfer_time': 0, 'waiting_time': 330, 'trip_time': 3120, 'num_transfers': 4, 'departure_time': 11220, 'departure_day': 'current_day', 'arrival_time': 14670, 'arrival_day': 'current_day', 'steps': [{'duration': 210, 'departure_time': 11550, 'arrival_time': 11760, 'day': 'current_day', 'from_stop_id': '159-2', 'to_stop_id': 'MH-R-2', 'trip_id': '4-1-14', 'agency_name': 'Unknown'}, {'duration': 30, 'departure_time': 11760, 'arrival_time': 11790, 'day': 'current_day', 'from_stop_id': 'MH-R-2', 'to_stop_id': 'MH-R-0', 'trip_id': 'walking', 'agency_name': 'Unknown'}, {'duration': 1500, 'departure_time': 12600, 'arrival_time': 14100, 'day': 'current_day', 'from_stop_id': 'MH-R-0', 'to_stop_id': 'MH-L-0', 'trip_id': '0-1-5', 'agency_name': 'Unknown'}, {'duration': 30, 'departure_time': 14100, 'arrival_time': 14130, 'day': 'current_day', 'from_stop_id': 'MH-L-0', 'to_stop_id': 'MH-L-4', 'trip_id': 'walking', 'agency_name': 'Unknown'}, {'duration': 330, 'departure_time': 14340, 'arrival_time': 14670, 'day': 'current_day', 'from_stop_id': 'MH-L-4', 'to_stop_id': '47-4', 'trip_id': '7-1-18', 'agency_name': 'Unknown'}]}"
122,8,7890,inter,right,460,[121; 133],[9; 19],500,375,500,375,8265,8325.0,13350.0,13410.0,5025.0,4.0,121,19,,,pt,5895.0,13785.0,5895.0,"{'duration': 5025, 'source_transfer_time': 0, 'waiting_time': 465, 'trip_time': 4560, 'num_transfers': 4, 'departure_time': 8325, 'departure_day': 'current_day', 'arrival_time': 13350, 'arrival_day': 'current_day', 'steps': [{'duration': 1170, 'departure_time': 8790, 'arrival_time': 9960, 'day': 'current_day', 'from_stop_id': '121-4', 'to_stop_id': 'MH-R-4', 'trip_id': '9-0-11', 'agency_name': 'Unknown'}, {'duration': 30, 'departure_time': 9960, 'arrival_time': 9990, 'day': 'current_day', 'from_stop_id': 'MH-R-4', 'to_stop_id': 'MH-R-0', 'trip_id': 'walking', 'agency_name': 'Unknown'}, {'duration': 1500, 'departure_time': 10800, 'arrival_time': 12300, 'day': 'current_day', 'from_stop_id': 'MH-R-0', 'to_stop_id': 'MH-L-0', 'trip_id': '0-1-4', 'agency_name': 'Unknown'}, {'duration': 30, 'departure_time': 12300, 'arrival_time': 12330, 'day': 'current_day', 'from_stop_id': 'MH-L-0', 'to_stop_id': 'MH-L-5', 'trip_id': 'walking', 'agency_name': 'Unknown'}, {'duration': 810, 'departure_time': 12540, 'arrival_time': 13350, 'day': 'current_day', 'from_stop_id': 'MH-L-5', 'to_stop_id': '19-5', 'trip_id': '8-1-15', 'agency_name': 'Unknown'}]}"
126,105,13020,inter,right,461,[126],[105],0,0,0,0,13020,13080.0,17310.0,17370.0,4230.0,4.0,126,105,,,pt,4350.0,17370.0,4350.0,"{'duration': 4230, 'source_transfer_time': 0, 'waiting_time': 510, 'trip_time': 3720, 'num_transfers': 4, 'departure_time': 13080, 'departure_day': 'current_day', 'arrival_time': 17310, 'arrival_day': 'current_day', 'steps': [{'duration': 570, 'departure_time': 13590, 'arrival_time': 14160, 'day': 'current_day', 'from_stop_id': '126-2', 'to_stop_id': 'MH-R-2', 'trip_id': '4-1-18', 'agency_name': 'Unknown'}, {'duration': 30, 'departure_time': 14160, 'arrival_time': 14190, 'day': 'current_day', 'from_stop_id': 'MH-R-2', 'to_stop_id': 'MH-R-0', 'trip_id': 'walking', 'agency_name': 'Unknown'}, {'duration': 1500, 'departure_time': 14400, 'arrival_time': 15900, 'day': 'current_day', 'from_stop_id': 'MH-R-0', 'to_stop_id': 'MH-L-0', 'trip_id': '0-1-6', 'agency_name': 'Unknown'}, {'duration': 30, 'departure_time': 15900, 'arrival_time': 15930, 'day': 'current_day', 'from_stop_id': 'MH-L-0', 'to_stop_id': 'MH-L-5', 'trip_id': 'walking', 'agency_name': 'Unknown'}, {'duration': 1170, 'departure_time': 16140, 'arrival_time': 17310, 'day': 'current_day', 'from_stop_id': 'MH-L-5', 'to_stop_id': '105-5', 'trip_id': '8-0-21', 'agency_name': 'Unknown'}]}"
193,71,9180,inter,right,462,[175],[61],1000,751,500,375,9931,9991.0,14910.0,14970.0,4919.0,4.0,175,61,,,pt,6165.0,15345.0,6165.0,"{'duration': 4919, 'source_transfer_time': 0, 'waiting_time': 599, 'trip_time': 4320, 'num_transfers': 4, 'departure_time': 9991, 'departure_day': 'current_day', 'arrival_time': 14910, 'arrival_day': 'current_day', 'steps': [{'duration': 570, 'departure_time': 10590, 'arrival_time': 11160, 'day': 'current_day', 'from_stop_id': '175-1', 'to_stop_id': 'MH-R-1', 'trip_id': '3-0-13', 'agency_name': 'Unknown'}, {'duration': 30, 'departure_time': 11160, 'arrival_time': 11190, 'day': 'current_day', 'from_stop_id': 'MH-R-1', 'to_stop_id': 'MH-R-0', 'trip_id': 'walking', 'agency_name': 'Unknown'}, {'duration': 1500, 'departure_time': 12600, 'arrival_time': 14100, 'day': 'current_day', 'from_stop_id': 'MH-R-0', 'to_stop_id': 'MH-L-0', 'trip_id': '0-1-5', 'agency_name': 'Unknown'}, {'duration': 30, 'departure_time': 14100, 'arrival_time': 14130, 'day': 'current_day', 'from_stop_id': 'MH-L-0', 'to_stop_id': 'MH-L-1', 'trip_id': 'walking', 'agency_name': 'Unknown'}, {'duration': 570, 'departure_time': 14340, 'arrival_time': 14910, 'day': 'current_day', 'from_stop_id': 'MH-L-1', 'to_stop_id': '61-1', 'trip_id': '1-0-18', 'agency_name': 'Unknown'}]}"
123,52,14160,inter,right,463,[121; 133; 145],[60],1000,751,500,375,14911,14971.0,18390.0,18450.0,3419.0,4.0,133,60,,,pt,4665.0,18825.0,4665.0,"{'duration': 3419, 'source_transfer_time': 0, 'waiting_time': 59, 'trip_time': 3360, 'num_transfers': 4, 'departure_time': 14971, 'departure_day': 'current_day', 'arrival_time': 18390, 'arrival_day': 'current_day', 'steps': [{'duration': 930, 'departure_time': 15030, 'arrival_time': 15960, 'day': 'current_day', 'from_stop_id': '133-4', 'to_stop_id': 'MH-R-4', 'trip_id': '9-0-21', 'agency_name': 'Unknown'}, {'duration': 30, 'departure_time': 15960, 'arrival_time': 15990, 'day': 'current_day', 'from_stop_id': 'MH-R-4', 'to_stop_id': 'MH-R-0', 'trip_id': 'walking', 'agency_name': 'Unknown'}, {'duration': 1500, 'departure_time': 16200, 'arrival_time': 17700, 'day': 'current_day', 'from_stop_id': 'MH-R-0', 'to_stop_id': 'MH-L-0', 'trip_id': '0-1-7', 'agency_name': 'Unknown'}, {'duration': 30, 'departure_time': 17700, 'arrival_time': 17730, 'day': 'current_day', 'from_stop_id': 'MH-L-0', 'to_stop_id': 'MH-L-1', 'trip_id': 'walking', 'agency_name': 'Unknown'}, {'duration': 450, 'departure_time': 17940, 'arrival_time': 18390, 'day': 'current_day', 'from_stop_id': 'MH-L-1', 'to_stop_id': '60-1', 'trip_id': '1-0-24', 'agency_name': 'Unknown'}]}"
195,17,6660,inter,right,464,[196; 206],[16],500,375,500,375,7035,7095.0,11190.0,11250.0,4095.0,4.0,196,16,,,pt,4965.0,11625.0,4965.0,"{'duration': 4095, 'source_transfer_time': 0, 'waiting_time': 15, 'trip_time': 4080, 'num_transfers': 4, 'departure_time': 7095, 'departure_day': 'current_day', 'arrival_time': 11190, 'arrival_day': 'current_day', 'steps': [{'duration': 450, 'departure_time': 7110, 'arrival_time': 7560, 'day': 'current_day', 'from_stop_id': '196-5', 'to_stop_id': 'MH-R-5', 'trip_id': '10-1-7', 'agency_name': 'Unknown'}, {'duration': 30, 'departure_time': 7560, 'arrival_time': 7590, 'day': 'current_day', 'from_stop_id': 'MH-R-5', 'to_stop_id': 'MH-R-0', 'trip_id': 'walking', 'agency_name': 'Unknown'}, {'duration': 1500, 'departure_time': 9000, 'arrival_time': 10500, 'day': 'current_day', 'from_stop_id': 'MH-R-0', 'to_stop_id': 'MH-L-0', 'trip_id': '0-1-3', 'agency_name': 'Unknown'}, {'duration': 30, 'departure_time': 10500, 'arrival_time': 10530, 'day': 'current_day', 'from_stop_id': 'MH-L-0', 'to_stop_id': 'MH-L-2', 'trip_id': 'walking', 'agency_name': 'Unknown'}, {'duration': 450, 'departure_time': 10740, 'arrival_time': 11190, 'day': 'current_day', 'from_stop_id': 'MH-L-2', 'to_stop_id': '16-2', 'trip_id': '2-0-12', 'agency_name': 'Unknown'}]}"
218,102,9000,inter,right,465,[207; 217],[91; 103],500,375,500,375,9375,9435.0,13230.0,13290.0,3795.0,4.0,207,91,,,pt,4665.0,13665.0,4665.0,"{'duration': 3795, 'source_transfer_time': 0, 'waiting_time': 555, 'trip_time': 3240, 'num_transfers': 4, 'departure_time': 9435, 'departure_day': 'current_day', 'arrival_time': 13230, 'arrival_day': 'current_day', 'steps': [{'duration': 570, 'departure_time': 9990, 'arrival_time': 10560, 'day': 'current_day', 'from_stop_id': '207-5', 'to_stop_id': 'MH-R-5', 'trip_id': '10-1-12', 'agency_name': 'Unknown'}, {'duration': 30, 'departure_time': 10560, 'arrival_time': 10590, 'day': 'current_day', 'from_stop_id': 'MH-R-5', 'to_stop_id': 'MH-R-0', 'trip_id': 'walking', 'agency_name': 'Unknown'}, {'duration': 1500, 'departure_time': 10800, 'arrival_time': 12300, 'day': 'current_day', 'from_stop_id': 'MH-R-0', 'to_stop_id': 'MH-L-0', 'trip_id': '0-1-4', 'agency_name': 'Unknown'}, {'duration': 30, 'departure_time': 12300, 'arrival_time': 12330, 'day': 'current_day', 'from_stop_id': 'MH-L-0', 'to_stop_id': 'MH-L-4', 'trip_id': 'walking', 'agency_name': 'Unknown'}, {'duration': 690, 'departure_time': 12540, 'arrival_time': 13230, 'day': 'current_day', 'from_stop_id': 'MH-L-4', 'to_stop_id': '91-4', 'trip_id': '7-0-15', 'agency_name': 'Unknown'}]}"
236,88,12210,inter,right,466,[236],[88],0,0,0,0,12210,12270.0,16470.0,16530.0,4200.0,4.0,236,88,,,pt,4320.0,16530.0,4320.0,"{'duration': 4200, 'source_transfer_time': 0, 'waiting_time': 120, 'trip_time': 4080, 'num_transfers': 4, 'departure_time': 12270, 'departure_day': 'current_day', 'arrival_time': 16470, 'arrival_day': 'current_day', 'steps': [{'duration': 1170, 'departure_time': 12390, 'arrival_time': 13560, 'day': 'current_day', 'from_stop_id': '236-4', 'to_stop_id': 'MH-R-4', 'trip_id': '9-1-17', 'agency_name': 'Unknown'}, {'duration': 30, 'departure_time': 13560, 'arrival_time': 13590, 'day': 'current_day', 'from_stop_id': 'MH-R-4', 'to_stop_id': 'MH-R-0', 'trip_id': 'walking', 'agency_name': 'Unknown'}, {'duration': 1500, 'departure_time': 14400, 'arrival_time': 15900, 'day': 'current_day', 'from_stop_id': 'MH-R-0', 'to_stop_id': 'MH-L-0', 'trip_id': '0-1-6', 'agency_name': 'Unknown'}, {'duration': 30, 'departure_time': 15900, 'arrival_time': 15930, 'day': 'current_day', 'from_stop_id': 'MH-L-0', 'to_stop_id': 'MH-L-2', 'trip_id': 'walking', 'agency_name': 'Unknown'}, {'duration': 330, 'departure_time': 16140, 'arrival_time': 16470, 'day': 'current_day', 'from_stop_id': 'MH-L-2', 'to_stop_id': '88-2', 'trip_id': '2-1-21', 'agency_name': 'Unknown'}]}"
127,76,12180,inter,right,467,[126],[76],500,375,0,0,12555,12615.0,16470.0,16530.0,3855.0,4.0,126,76,,,pt,4350.0,16530.0,4350.0,"{'duration': 3855, 'source_transfer_time': 0, 'waiting_time': 375, 'trip_time': 3480, 'num_transfers': 4, 'departure_time': 12615, 'departure_day': 'current_day', 'arrival_time': 16470, 'arrival_day': 'current_day', 'steps': [{'duration': 570, 'departure_time': 12990, 'arrival_time': 13560, 'day': 'current_day', 'from_stop_id': '126-2', 'to_stop_id': 'MH-R-2', 'trip_id': '4-1-17', 'agency_name': 'Unknown'}, {'duration': 30, 'departure_time': 13560, 'arrival_time': 13590, 'day': 'current_day', 'from_stop_id': 'MH-R-2', 'to_stop_id': 'MH-R-0', 'trip_id': 'walking', 'agency_name': 'Unknown'}, {'duration': 1500, 'departure_time': 14400, 'arrival_time': 15900, 'day': 'current_day', 'from_stop_id': 'MH-R-0', 'to_stop_id': 'MH-L-0', 'trip_id': '0-1-6', 'agency_name': 'Unknown'}, {'duration': 30, 'departure_time': 15900, 'arrival_time': 15930, 'day': 'current_day', 'from_stop_id': 'MH-L-0', 'to_stop_id': 'MH-L-5', 'trip_id': 'walking', 'agency_name': 'Unknown'}, {'duration': 330, 'departure_time': 16140, 'arrival_time': 16470, 'day': 'current_day', 'from_stop_id': 'MH-L-5', 'to_stop_id': '76-5', 'trip_id': '8-0-21', 'agency_name': 'Unknown'}]}"
224,90,13890,inter,right,468,[224],[79; 91],0,0,500,375,13890,13950.0,18390.0,18450.0,4440.0,4.0,224,79,,,pt,4935.0,18825.0,4935.0,"{'duration': 4440, 'source_transfer_time': 0, 'waiting_time': 480, 'trip_time': 3960, 'num_transfers': 4, 'departure_time': 13950, 'departure_day': 'current_day', 'arrival_time': 18390, 'arrival_day': 'current_day', 'steps': [{'duration': 930, 'departure_time': 14430, 'arrival_time': 15360, 'day': 'current_day', 'from_stop_id': '224-4', 'to_stop_id': 'MH-R-4', 'trip_id': '9-1-20', 'agency_name': 'Unknown'}, {'duration': 30, 'departure_time': 15360, 'arrival_time': 15390, 'day': 'current_day', 'from_stop_id': 'MH-R-4', 'to_stop_id': 'MH-R-0', 'trip_id': 'walking', 'agency_name': 'Unknown'}, {'duration': 1500, 'departure_time': 16200, 'arrival_time': 17700, 'day': 'current_day', 'from_stop_id': 'MH-R-0', 'to_stop_id': 'MH-L-0', 'trip_id': '0-1-7', 'agency_name': 'Unknown'}, {'duration': 30, 'departure_time': 17700, 'arrival_time': 17730, 'day': 'current_day', 'from_stop_id': 'MH-L-0', 'to_stop_id': 'MH-L-4', 'trip_id': 'walking', 'agency_name': 'Unknown'}, {'duration': 450, 'departure_time': 17940, 'arrival_time': 18390, 'day': 'current_day', 'from_stop_id': 'MH-L-4', 'to_stop_id': '79-4', 'trip_id': '7-0-24', 'agency_name': 'Unknown'}]}"
180,30,8970,inter,right,469,[180],[30],0,0,0,0,8970,9030.0,13230.0,13290.0,4200.0,4.0,180,30,,,pt,4320.0,13290.0,4320.0,"{'duration': 4200, 'source_transfer_time': 0, 'waiting_time': 0, 'trip_time': 4200, 'num_transfers': 4, 'departure_time': 9030, 'departure_day': 'current_day', 'arrival_time': 13230, 'arrival_day': 'current_day', 'steps': [{'duration': 330, 'departure_time': 9030, 'arrival_time': 9360, 'day': 'current_day', 'from_stop_id': '180-1', 'to_stop_id': 'MH-R-1', 'trip_id': '3-1-10', 'agency_name': 'Unknown'}, {'duration': 30, 'departure_time': 9360, 'arrival_time': 9390, 'day': 'current_day', 'from_stop_id': 'MH-R-1', 'to_stop_id': 'MH-R-0', 'trip_id': 'walking', 'agency_name': 'Unknown'}, {'duration': 1500, 'departure_time': 10800, 'arrival_time': 12300, 'day': 'current_day', 'from_stop_id': 'MH-R-0', 'to_stop_id': 'MH-L-0', 'trip_id': '0-1-4', 'agency_name': 'Unknown'}, {'duration': 30, 'departure_time': 12300, 'arrival_time': 12330, 'day': 'current_day', 'from_stop_id': 'MH-L-0', 'to_stop_id': 'MH-L-5', 'trip_id': 'walking', 'agency_name': 'Unknown'}, {'duration': 690, 'departure_time': 12540, 'arrival_time': 13230, 'day': 'current_day', 'from_stop_id': 'MH-L-5', 'to_stop_id': '30-5', 'trip_id': '8-1-15', 'agency_name': 'Unknown'}]}"
168,8,8760,inter,right,470,[168],[9; 19],0,0,500,375,8760,8820.0,13350.0,13410.0,4530.0,4.0,168,19,,,pt,5025.0,13785.0,5025.0,"{'duration': 4530, 'source_transfer_time': 0, 'waiting_time': 210, 'trip_time': 4320, 'num_transfers': 4, 'departure_time': 8820, 'departure_day': 'current_day', 'arrival_time': 13350, 'arrival_day': 'current_day', 'steps': [{'duration': 330, 'departure_time': 9030, 'arrival_time': 9360, 'day': 'current_day', 'from_stop_id': '168-4', 'to_stop_id': 'MH-R-4', 'trip_id': '9-0-10', 'agency_name': 'Unknown'}, {'duration': 30, 'departure_time': 9360, 'arrival_time': 9390, 'day': 'current_day', 'from_stop_id': 'MH-R-4', 'to_stop_id': 'MH-R-0', 'trip_id': 'walking', 'agency_name': 'Unknown'}, {'duration': 1500, 'departure_time': 10800, 'arrival_time': 12300, 'day': 'current_day', 'from_stop_id': 'MH-R-0', 'to_stop_id': 'MH-L-0', 'trip_id': '0-1-4', 'agency_name': 'Unknown'}, {'duration': 30, 'departure_time': 12300, 'arrival_time': 12330, 'day': 'current_day', 'from_stop_id': 'MH-L-0', 'to_stop_id': 'MH-L-5', 'trip_id': 'walking', 'agency_name': 'Unknown'}, {'duration': 810, 'departure_time': 12540, 'arrival_time': 13350, 'day': 'current_day', 'from_stop_id': 'MH-L-5', 'to_stop_id': '19-5', 'trip_id': '8-1-15', 'agency_name': 'Unknown'}]}"
225,67,6990,inter,right,471,[225],[67],0,0,0,0,6990,7050.0,10950.0,11010.0,3900.0,4.0,225,67,,,pt,4020.0,11010.0,4020.0,"{'duration': 3900, 'source_transfer_time': 0, 'waiting_time': 60, 'trip_time': 3840, 'num_transfers': 4, 'departure_time': 7050, 'departure_day': 'current_day', 'arrival_time': 10950, 'arrival_day': 'current_day', 'steps': [{'duration': 1050, 'departure_time': 7110, 'arrival_time': 8160, 'day': 'current_day', 'from_stop_id': '225-4', 'to_stop_id': 'MH-R-4', 'trip_id': '9-1-8', 'agency_name': 'Unknown'}, {'duration': 30, 'departure_time': 8160, 'arrival_time': 8190, 'day': 'current_day', 'from_stop_id': 'MH-R-4', 'to_stop_id': 'MH-R-0', 'trip_id': 'walking', 'agency_name': 'Unknown'}, {'duration': 1500, 'departure_time': 9000, 'arrival_time': 10500, 'day': 'current_day', 'from_stop_id': 'MH-R-0', 'to_stop_id': 'MH-L-0', 'trip_id': '0-1-3', 'agency_name': 'Unknown'}, {'duration': 30, 'departure_time': 10500, 'arrival_time': 10530, 'day': 'current_day', 'from_stop_id': 'MH-L-0', 'to_stop_id': 'MH-L-4', 'trip_id': 'walking', 'agency_name': 'Unknown'}, {'duration': 210, 'departure_time': 10740, 'arrival_time': 10950, 'day': 'current_day', 'from_stop_id': 'MH-L-4', 'to_stop_id': '67-4', 'trip_id': '7-0-12', 'agency_name': 'Unknown'}]}"
200,1,6480,inter,right,472,[200],[0; 12],0,0,500,375,6480,6540.0,11670.0,11730.0,5130.0,4.0,200,12,,,pt,5625.0,12105.0,5625.0,"{'duration': 5130, 'source_transfer_time': 0, 'waiting_time': 570, 'trip_time': 4560, 'num_transfers': 4, 'departure_time': 6540, 'departure_day': 'current_day', 'arrival_time': 11670, 'arrival_day': 'current_day', 'steps': [{'duration': 450, 'departure_time': 7110, 'arrival_time': 7560, 'day': 'current_day', 'from_stop_id': '200-4', 'to_stop_id': 'MH-R-4', 'trip_id': '9-1-7', 'agency_name': 'Unknown'}, {'duration': 30, 'departure_time': 7560, 'arrival_time': 7590, 'day': 'current_day', 'from_stop_id': 'MH-R-4', 'to_stop_id': 'MH-R-0', 'trip_id': 'walking', 'agency_name': 'Unknown'}, {'duration': 1500, 'departure_time': 9000, 'arrival_time': 10500, 'day': 'current_day', 'from_stop_id': 'MH-R-0', 'to_stop_id': 'MH-L-0', 'trip_id': '0-1-3', 'agency_name': 'Unknown'}, {'duration': 30, 'departure_time': 10500, 'arrival_time': 10530, 'day': 'current_day', 'from_stop_id': 'MH-L-0', 'to_stop_id': 'MH-L-4', 'trip_id': 'walking', 'agency_name': 'Unknown'}, {'duration': 930, 'departure_time': 10740, 'arrival_time': 11670, 'day': 'current_day', 'from_stop_id': 'MH-L-4', 'to_stop_id': '12-4', 'trip_id': '7-1-12', 'agency_name': 'Unknown'}]}"
156,23,8940,inter,right,473,[156],[23],0,0,0,0,8940,9000.0,13350.0,13410.0,4350.0,4.0,156,23,,,pt,4470.0,13410.0,4470.0,"{'duration': 4350, 'source_transfer_time': 0, 'waiting_time': 390, 'trip_time': 3960, 'num_transfers': 4, 'departure_time': 9000, 'departure_day': 'current_day', 'arrival_time': 13350, 'arrival_day': 'current_day', 'steps': [{'duration': 570, 'departure_time': 9390, 'arrival_time': 9960, 'day': 'current_day', 'from_stop_id': '156-4', 'to_stop_id': 'MH-R-4', 'trip_id': '9-0-11', 'agency_name': 'Unknown'}, {'duration': 30, 'departure_time': 9960, 'arrival_time': 9990, 'day': 'current_day', 'from_stop_id': 'MH-R-4', 'to_stop_id': 'MH-R-0', 'trip_id': 'walking', 'agency_name': 'Unknown'}, {'duration': 1500, 'departure_time': 10800, 'arrival_time': 12300, 'day': 'current_day', 'from_stop_id': 'MH-R-0', 'to_stop_id': 'MH-L-0', 'trip_id': '0-1-4', 'agency_name': 'Unknown'}, {'duration': 30, 'departure_time': 12300, 'arrival_time': 12330, 'day': 'current_day', 'from_stop_id': 'MH-L-0', 'to_stop_id': 'MH-L-4', 'trip_id': 'walking', 'agency_name': 'Unknown'}, {'duration': 810, 'departure_time': 12540, 'arrival_time': 13350, 'day': 'current_day', 'from_stop_id': 'MH-L-4', 'to_stop_id': '23-4', 'trip_id': '7-1-15', 'agency_name': 'Unknown'}]}"
155,28,12270,inter,right,474,[144; 156],[27; 29; 39],500,375,500,375,12645,12705.0,16470.0,16530.0,3765.0,4.0,144,27,,,pt,4635.0,16905.0,4635.0,"{'duration': 3765, 'source_transfer_time': 0, 'waiting_time': 45, 'trip_time': 3720, 'num_transfers': 4, 'departure_time': 12705, 'departure_day': 'current_day', 'arrival_time': 16470, 'arrival_day': 'current_day', 'steps': [{'duration': 810, 'departure_time': 12750, 'arrival_time': 13560, 'day': 'current_day', 'from_stop_id': '144-4', 'to_stop_id': 'MH-R-4', 'trip_id': '9-0-17', 'agency_name': 'Unknown'}, {'duration': 30, 'departure_time': 13560, 'arrival_time': 13590, 'day': 'current_day', 'from_stop_id': 'MH-R-4', 'to_stop_id': 'MH-R-0', 'trip_id': 'walking', 'agency_name': 'Unknown'}, {'duration': 1500, 'departure_time': 14400, 'arrival_time': 15900, 'day': 'current_day', 'from_stop_id': 'MH-R-0', 'to_stop_id': 'MH-L-0', 'trip_id': '0-1-6', 'agency_name': 'Unknown'}, {'duration': 30, 'departure_time': 15900, 'arrival_time': 15930, 'day': 'current_day', 'from_stop_id': 'MH-L-0', 'to_stop_id': 'MH-L-2', 'trip_id': 'walking', 'agency_name': 'Unknown'}, {'duration': 330, 'departure_time': 16140, 'arrival_time': 16470, 'day': 'current_day', 'from_stop_id': 'MH-L-2', 'to_stop_id': '27-2', 'trip_id': '2-0-21', 'agency_name': 'Unknown'}]}"
145,97,4110,inter,right,475,[145],[86; 96],0,0,500,375,4110,4170.0,7710.0,7770.0,3540.0,4.0,145,86,,,pt,4035.0,8145.0,4035.0,"{'duration': 3540, 'source_transfer_time': 0, 'waiting_time': 300, 'trip_time': 3240, 'num_transfers': 4, 'departure_time': 4170, 'departure_day': 'current_day', 'arrival_time': 7710, 'arrival_day': 'current_day', 'steps': [{'duration': 690, 'departure_time': 4470, 'arrival_time': 5160, 'day': 'current_day', 'from_stop_id': '145-4', 'to_stop_id': 'MH-R-4', 'trip_id': '9-0-3', 'agency_name': 'Unknown'}, {'duration': 30, 'departure_time': 5160, 'arrival_time': 5190, 'day': 'current_day', 'from_stop_id': 'MH-R-4', 'to_stop_id': 'MH-R-0', 'trip_id': 'walking', 'agency_name': 'Unknown'}, {'duration': 1500, 'departure_time': 5400, 'arrival_time': 6900, 'day': 'current_day', 'from_stop_id': 'MH-R-0', 'to_stop_id': 'MH-L-0', 'trip_id': '0-1-1', 'agency_name': 'Unknown'}, {'duration': 30, 'departure_time': 6900, 'arrival_time': 6930, 'day': 'current_day', 'from_stop_id': 'MH-L-0', 'to_stop_id': 'MH-L-5', 'trip_id': 'walking', 'agency_name': 'Unknown'}, {'duration': 570, 'departure_time': 7140, 'arrival_time': 7710, 'day': 'current_day', 'from_stop_id': 'MH-L-5', 'to_stop_id': '86-5', 'trip_id': '8-0-6', 'agency_name': 'Unknown'}]}"
131,101,7920,inter,right,476,[131],[79; 91; 99; 103],0,0,1000,751,7920,7980.0,12990.0,13050.0,5010.0,4.0,131,79,,,pt,5881.0,13801.0,5881.0,"{'duration': 5010, 'source_transfer_time': 0, 'waiting_time': 210, 'trip_time': 4800, 'num_transfers': 4, 'departure_time': 7980, 'departure_day': 'current_day', 'arrival_time': 12990, 'arrival_day': 'current_day', 'steps': [{'duration': 1170, 'departure_time': 8190, 'arrival_time': 9360, 'day': 'current_day', 'from_stop_id': '131-5', 'to_stop_id': 'MH-R-5', 'trip_id': '10-0-10', 'agency_name': 'Unknown'}, {'duration': 30, 'departure_time': 9360, 'arrival_time': 9390, 'day': 'current_day', 'from_stop_id': 'MH-R-5', 'to_stop_id': 'MH-R-0', 'trip_id': 'walking', 'agency_name': 'Unknown'}, {'duration': 1500, 'departure_time': 10800, 'arrival_time': 12300, 'day': 'current_day', 'from_stop_id': 'MH-R-0', 'to_stop_id': 'MH-L-0', 'trip_id': '0-1-4', 'agency_name': 'Unknown'}, {'duration': 30, 'departure_time': 12300, 'arrival_time': 12330, 'day': 'current_day', 'from_stop_id': 'MH-L-0', 'to_stop_id': 'MH-L-4', 'trip_id': 'walking', 'agency_name': 'Unknown'}, {'duration': 450, 'departure_time': 12540, 'arrival_time': 12990, 'day': 'current_day', 'from_stop_id': 'MH-L-4', 'to_stop_id': '79-4', 'trip_id': '7-0-15', 'agency_name': 'Unknown'}]}"
236,81,4860,inter,right,477,[236],[80; 92],0,0,500,375,4860,4920.0,9510.0,9570.0,4590.0,4.0,236,80,,,pt,5085.0,9945.0,5085.0,"{'duration': 4590, 'source_transfer_time': 0, 'waiting_time': 270, 'trip_time': 4320, 'num_transfers': 4, 'departure_time': 4920, 'departure_day': 'current_day', 'arrival_time': 9510, 'arrival_day': 'current_day', 'steps': [{'duration': 1170, 'departure_time': 5190, 'arrival_time': 6360, 'day': 'current_day', 'from_stop_id': '236-4', 'to_stop_id': 'MH-R-4', 'trip_id': '9-1-5', 'agency_name': 'Unknown'}, {'duration': 30, 'departure_time': 6360, 'arrival_time': 6390, 'day': 'current_day', 'from_stop_id': 'MH-R-4', 'to_stop_id': 'MH-R-0', 'trip_id': 'walking', 'agency_name': 'Unknown'}, {'duration': 1500, 'departure_time': 7200, 'arrival_time': 8700, 'day': 'current_day', 'from_stop_id': 'MH-R-0', 'to_stop_id': 'MH-L-0', 'trip_id': '0-1-2', 'agency_name': 'Unknown'}, {'duration': 30, 'departure_time': 8700, 'arrival_time': 8730, 'day': 'current_day', 'from_stop_id': 'MH-L-0', 'to_stop_id': 'MH-L-4', 'trip_id': 'walking', 'agency_name': 'Unknown'}, {'duration': 570, 'departure_time': 8940, 'arrival_time': 9510, 'day': 'current_day', 'from_stop_id': 'MH-L-4', 'to_stop_id': '80-4', 'trip_id': '7-0-9', 'agency_name': 'Unknown'}]}"
233,34,9810,inter,right,478,[231],[23; 35],1000,751,500,375,10561,10621.0,14910.0,14970.0,4289.0,4.0,231,35,,,pt,5535.0,15345.0,5535.0,"{'duration': 4289, 'source_transfer_time': 0, 'waiting_time': 569, 'trip_time': 3720, 'num_transfers': 4, 'departure_time': 10621, 'departure_day': 'current_day', 'arrival_time': 14910, 'arrival_day': 'current_day', 'steps': [{'duration': 570, 'departure_time': 11190, 'arrival_time': 11760, 'day': 'current_day', 'from_stop_id': '231-2', 'to_stop_id': 'MH-R-2', 'trip_id': '4-0-14', 'agency_name': 'Unknown'}, {'duration': 30, 'departure_time': 11760, 'arrival_time': 11790, 'day': 'current_day', 'from_stop_id': 'MH-R-2', 'to_stop_id': 'MH-R-0', 'trip_id': 'walking', 'agency_name': 'Unknown'}, {'duration': 1500, 'departure_time': 12600, 'arrival_time': 14100, 'day': 'current_day', 'from_stop_id': 'MH-R-0', 'to_stop_id': 'MH-L-0', 'trip_id': '0-1-5', 'agency_name': 'Unknown'}, {'duration': 30, 'departure_time': 14100, 'arrival_time': 14130, 'day': 'current_day', 'from_stop_id': 'MH-L-0', 'to_stop_id': 'MH-L-4', 'trip_id': 'walking', 'agency_name': 'Unknown'}, {'duration': 570, 'departure_time': 14340, 'arrival_time': 14910, 'day': 'current_day', 'from_stop_id': 'MH-L-4', 'to_stop_id': '35-4', 'trip_id': '7-1-18', 'agency_name': 'Unknown'}]}"
129,59,5400,inter,right,479,[130; 140],[59],500,375,0,0,5775,5835.0,9270.0,9330.0,3435.0,4.0,130,59,,,pt,3930.0,9330.0,3930.0,"{'duration': 3435, 'source_transfer_time': 0, 'waiting_time': 75, 'trip_time': 3360, 'num_transfers': 4, 'departure_time': 5835, 'departure_day': 'current_day', 'arrival_time': 9270, 'arrival_day': 'current_day', 'steps': [{'duration': 1050, 'departure_time': 5910, 'arrival_time': 6960, 'day': 'current_day', 'from_stop_id': '130-5', 'to_stop_id': 'MH-R-5', 'trip_id': '10-0-6', 'agency_name': 'Unknown'}, {'duration': 30, 'departure_time': 6960, 'arrival_time': 6990, 'day': 'current_day', 'from_stop_id': 'MH-R-5', 'to_stop_id': 'MH-R-0', 'trip_id': 'walking', 'agency_name': 'Unknown'}, {'duration': 1500, 'departure_time': 7200, 'arrival_time': 8700, 'day': 'current_day', 'from_stop_id': 'MH-R-0', 'to_stop_id': 'MH-L-0', 'trip_id': '0-1-2', 'agency_name': 'Unknown'}, {'duration': 30, 'departure_time': 8700, 'arrival_time': 8730, 'day': 'current_day', 'from_stop_id': 'MH-L-0', 'to_stop_id': 'MH-L-1', 'trip_id': 'walking', 'agency_name': 'Unknown'}, {'duration': 330, 'departure_time': 8940, 'arrival_time': 9270, 'day': 'current_day', 'from_stop_id': 'MH-L-1', 'to_stop_id': '59-1', 'trip_id': '1-0-9', 'agency_name': 'Unknown'}]}"
215,56,13740,inter,right,480,[216; 226],[56],500,375,0,0,14115,14175.0,18270.0,18330.0,4095.0,4.0,216,56,,,pt,4590.0,18330.0,4590.0,"{'duration': 4095, 'source_transfer_time': 0, 'waiting_time': 255, 'trip_time': 3840, 'num_transfers': 4, 'departure_time': 14175, 'departure_day': 'current_day', 'arrival_time': 18270, 'arrival_day': 'current_day', 'steps': [{'duration': 930, 'departure_time': 14430, 'arrival_time': 15360, 'day': 'current_day', 'from_stop_id': '216-5', 'to_stop_id': 'MH-R-5', 'trip_id': '10-1-20', 'agency_name': 'Unknown'}, {'duration': 30, 'departure_time': 15360, 'arrival_time': 15390, 'day': 'current_day', 'from_stop_id': 'MH-R-5', 'to_stop_id': 'MH-R-0', 'trip_id': 'walking', 'agency_name': 'Unknown'}, {'duration': 1500, 'departure_time': 16200, 'arrival_time': 17700, 'day': 'current_day', 'from_stop_id': 'MH-R-0', 'to_stop_id': 'MH-L-0', 'trip_id': '0-1-7', 'agency_name': 'Unknown'}, {'duration': 30, 'departure_time': 17700, 'arrival_time': 17730, 'day': 'current_day', 'from_stop_id': 'MH-L-0', 'to_stop_id': 'MH-L-1', 'trip_id': 'walking', 'agency_name': 'Unknown'}, {'duration': 330, 'departure_time': 17940, 'arrival_time': 18270, 'day': 'current_day', 'from_stop_id': 'MH-L-1', 'to_stop_id': '56-1', 'trip_id': '1-1-24', 'agency_name': 'Unknown'}]}"
140,87,11460,inter,right,481,[140],[76; 86; 88],0,0,500,375,11460,11520.0,14670.0,14730.0,3150.0,4.0,140,76,,,pt,3645.0,15105.0,3645.0,"{'duration': 3150, 'source_transfer_time': 0, 'waiting_time': 30, 'trip_time': 3120, 'num_transfers': 4, 'departure_time': 11520, 'departure_day': 'current_day', 'arrival_time': 14670, 'arrival_day': 'current_day', 'steps': [{'duration': 810, 'departure_time': 11550, 'arrival_time': 12360, 'day': 'current_day', 'from_stop_id': '140-5', 'to_stop_id': 'MH-R-5', 'trip_id': '10-0-15', 'agency_name': 'Unknown'}, {'duration': 30, 'departure_time': 12360, 'arrival_time': 12390, 'day': 'current_day', 'from_stop_id': 'MH-R-5', 'to_stop_id': 'MH-R-0', 'trip_id': 'walking', 'agency_name': 'Unknown'}, {'duration': 1500, 'departure_time': 12600, 'arrival_time': 14100, 'day': 'current_day', 'from_stop_id': 'MH-R-0', 'to_stop_id': 'MH-L-0', 'trip_id': '0-1-5', 'agency_name': 'Unknown'}, {'duration': 30, 'departure_time': 14100, 'arrival_time': 14130, 'day': 'current_day', 'from_stop_id': 'MH-L-0', 'to_stop_id': 'MH-L-5', 'trip_id': 'walking', 'agency_name': 'Unknown'}, {'duration': 330, 'departure_time': 14340, 'arrival_time': 14670, 'day': 'current_day', 'from_stop_id': 'MH-L-5', 'to_stop_id': '76-5', 'trip_id': '8-0-18', 'agency_name': 'Unknown'}]}"
149,44,10650,inter,right,482,[148; 150; 160],[54],500,375,500,375,11025,11085.0,14910.0,14970.0,3825.0,4.0,148,54,,,pt,4695.0,15345.0,4695.0,"{'duration': 3825, 'source_transfer_time': 0, 'waiting_time': 345, 'trip_time': 3480, 'num_transfers': 4, 'departure_time': 11085, 'departure_day': 'current_day', 'arrival_time': 14910, 'arrival_day': 'current_day', 'steps': [{'duration': 330, 'departure_time': 11430, 'arrival_time': 11760, 'day': 'current_day', 'from_stop_id': '148-2', 'to_stop_id': 'MH-R-2', 'trip_id': '4-1-14', 'agency_name': 'Unknown'}, {'duration': 30, 'departure_time': 11760, 'arrival_time': 11790, 'day': 'current_day', 'from_stop_id': 'MH-R-2', 'to_stop_id': 'MH-R-0', 'trip_id': 'walking', 'agency_name': 'Unknown'}, {'duration': 1500, 'departure_time': 12600, 'arrival_time': 14100, 'day': 'current_day', 'from_stop_id': 'MH-R-0', 'to_stop_id': 'MH-L-0', 'trip_id': '0-1-5', 'agency_name': 'Unknown'}, {'duration': 30, 'departure_time': 14100, 'arrival_time': 14130, 'day': 'current_day', 'from_stop_id': 'MH-L-0', 'to_stop_id': 'MH-L-1', 'trip_id': 'walking', 'agency_name': 'Unknown'}, {'duration': 570, 'departure_time': 14340, 'arrival_time': 14910, 'day': 'current_day', 'from_stop_id': 'MH-L-1', 'to_stop_id': '54-1', 'trip_id': '1-1-18', 'agency_name': 'Unknown'}]}"
194,3,9270,inter,right,483,[176; 196; 206; 216],[5],1000,751,1000,751,10021,10081.0,13110.0,13170.0,3029.0,4.0,176,5,,,pt,4651.0,13921.0,4651.0,"{'duration': 3029, 'source_transfer_time': 0, 'waiting_time': 29, 'trip_time': 3000, 'num_transfers': 4, 'departure_time': 10081, 'departure_day': 'current_day', 'arrival_time': 13110, 'arrival_day': 'current_day', 'steps': [{'duration': 450, 'departure_time': 10110, 'arrival_time': 10560, 'day': 'current_day', 'from_stop_id': '176-1', 'to_stop_id': 'MH-R-1', 'trip_id': '3-0-12', 'agency_name': 'Unknown'}, {'duration': 30, 'departure_time': 10560, 'arrival_time': 10590, 'day': 'current_day', 'from_stop_id': 'MH-R-1', 'to_stop_id': 'MH-R-0', 'trip_id': 'walking', 'agency_name': 'Unknown'}, {'duration': 1500, 'departure_time': 10800, 'arrival_time': 12300, 'day': 'current_day', 'from_stop_id': 'MH-R-0', 'to_stop_id': 'MH-L-0', 'trip_id': '0-1-4', 'agency_name': 'Unknown'}, {'duration': 30, 'departure_time': 12300, 'arrival_time': 12330, 'day': 'current_day', 'from_stop_id': 'MH-L-0', 'to_stop_id': 'MH-L-2', 'trip_id': 'walking', 'agency_name': 'Unknown'}, {'duration': 570, 'departure_time': 12540, 'arrival_time': 13110, 'day': 'current_day', 'from_stop_id': 'MH-L-2', 'to_stop_id': '5-2', 'trip_id': '2-0-15', 'agency_name': 'Unknown'}]}"
147,76,7410,inter,right,484,[148],[76],500,375,0,0,7785,7845.0,11070.0,11130.0,3225.0,4.0,148,76,,,pt,3720.0,11130.0,3720.0,"{'duration': 3225, 'source_transfer_time': 0, 'waiting_time': 585, 'trip_time': 2640, 'num_transfers': 4, 'departure_time': 7845, 'departure_day': 'current_day', 'arrival_time': 11070, 'arrival_day': 'current_day', 'steps': [{'duration': 330, 'departure_time': 8430, 'arrival_time': 8760, 'day': 'current_day', 'from_stop_id': '148-2', 'to_stop_id': 'MH-R-2', 'trip_id': '4-1-9', 'agency_name': 'Unknown'}, {'duration': 30, 'departure_time': 8760, 'arrival_time': 8790, 'day': 'current_day', 'from_stop_id': 'MH-R-2', 'to_stop_id': 'MH-R-0', 'trip_id': 'walking', 'agency_name': 'Unknown'}, {'duration': 1500, 'departure_time': 9000, 'arrival_time': 10500, 'day': 'current_day', 'from_stop_id': 'MH-R-0', 'to_stop_id': 'MH-L-0', 'trip_id': '0-1-3', 'agency_name': 'Unknown'}, {'duration': 30, 'departure_time': 10500, 'arrival_time': 10530, 'day': 'current_day', 'from_stop_id': 'MH-L-0', 'to_stop_id': 'MH-L-5', 'trip_id': 'walking', 'agency_name': 'Unknown'}, {'duration': 330, 'departure_time': 10740, 'arrival_time': 11070, 'day': 'current_day', 'from_stop_id': 'MH-L-5', 'to_stop_id': '76-5', 'trip_id': '8-0-12', 'agency_name': 'Unknown'}]}"
177,7,6060,inter,right,485,[177],[5; 9; 19; 29],0,0,1000,751,6060,6120.0,9510.0,9570.0,3390.0,4.0,177,5,,,pt,4261.0,10321.0,4261.0,"{'duration': 3390, 'source_transfer_time': 0, 'waiting_time': 510, 'trip_time': 2880, 'num_transfers': 4, 'departure_time': 6120, 'departure_day': 'current_day', 'arrival_time': 9510, 'arrival_day': 'current_day', 'steps': [{'duration': 330, 'departure_time': 6630, 'arrival_time': 6960, 'day': 'current_day', 'from_stop_id': '177-1', 'to_stop_id': 'MH-R-1', 'trip_id': '3-0-6', 'agency_name': 'Unknown'}, {'duration': 30, 'departure_time': 6960, 'arrival_time': 6990, 'day': 'current_day', 'from_stop_id': 'MH-R-1', 'to_stop_id': 'MH-R-0', 'trip_id': 'walking', 'agency_name': 'Unknown'}, {'duration': 1500, 'departure_time': 7200, 'arrival_time': 8700, 'day': 'current_day', 'from_stop_id': 'MH-R-0', 'to_stop_id': 'MH-L-0', 'trip_id': '0-1-2', 'agency_name': 'Unknown'}, {'duration': 30, 'departure_time': 8700, 'arrival_time': 8730, 'day': 'current_day', 'from_stop_id': 'MH-L-0', 'to_stop_id': 'MH-L-2', 'trip_id': 'walking', 'agency_name': 'Unknown'}, {'duration': 570, 'departure_time': 8940, 'arrival_time': 9510, 'day': 'current_day', 'from_stop_id': 'MH-L-2', 'to_stop_id': '5-2', 'trip_id': '2-0-9', 'agency_name': 'Unknown'}]}"
178,6,6360,inter,right,486,[178],[5],0,0,500,375,6360,6420.0,9510.0,9570.0,3090.0,4.0,178,5,,,pt,3585.0,9945.0,3585.0,"{'duration': 3090, 'source_transfer_time': 0, 'waiting_time': 330, 'trip_time': 2760, 'num_transfers': 4, 'departure_time': 6420, 'departure_day': 'current_day', 'arrival_time': 9510, 'arrival_day': 'current_day', 'steps': [{'duration': 210, 'departure_time': 6750, 'arrival_time': 6960, 'day': 'current_day', 'from_stop_id': '178-1', 'to_stop_id': 'MH-R-1', 'trip_id': '3-0-6', 'agency_name': 'Unknown'}, {'duration': 30, 'departure_time': 6960, 'arrival_time': 6990, 'day': 'current_day', 'from_stop_id': 'MH-R-1', 'to_stop_id': 'MH-R-0', 'trip_id': 'walking', 'agency_name': 'Unknown'}, {'duration': 1500, 'departure_time': 7200, 'arrival_time': 8700, 'day': 'current_day', 'from_stop_id': 'MH-R-0', 'to_stop_id': 'MH-L-0', 'trip_id': '0-1-2', 'agency_name': 'Unknown'}, {'duration': 30, 'departure_time': 8700, 'arrival_time': 8730, 'day': 'current_day', 'from_stop_id': 'MH-L-0', 'to_stop_id': 'MH-L-2', 'trip_id': 'walking', 'agency_name': 'Unknown'}, {'duration': 570, 'departure_time': 8940, 'arrival_time': 9510, 'day': 'current_day', 'from_stop_id': 'MH-L-2', 'to_stop_id': '5-2', 'trip_id': '2-0-9', 'agency_name': 'Unknown'}]}"
199,95,9210,inter,right,487,[188; 198; 200],[95],500,375,0,0,9585,9645.0,13470.0,13530.0,3825.0,4.0,188,95,,,pt,4320.0,13530.0,4320.0,"{'duration': 3825, 'source_transfer_time': 0, 'waiting_time': 105, 'trip_time': 3720, 'num_transfers': 4, 'departure_time': 9645, 'departure_day': 'current_day', 'arrival_time': 13470, 'arrival_day': 'current_day', 'steps': [{'duration': 210, 'departure_time': 9750, 'arrival_time': 9960, 'day': 'current_day', 'from_stop_id': '188-4', 'to_stop_id': 'MH-R-4', 'trip_id': '9-1-11', 'agency_name': 'Unknown'}, {'duration': 30, 'departure_time': 9960, 'arrival_time': 9990, 'day': 'current_day', 'from_stop_id': 'MH-R-4', 'to_stop_id': 'MH-R-0', 'trip_id': 'walking', 'agency_name': 'Unknown'}, {'duration': 1500, 'departure_time': 10800, 'arrival_time': 12300, 'day': 'current_day', 'from_stop_id': 'MH-R-0', 'to_stop_id': 'MH-L-0', 'trip_id': '0-1-4', 'agency_name': 'Unknown'}, {'duration': 30, 'departure_time': 12300, 'arrival_time': 12330, 'day': 'current_day', 'from_stop_id': 'MH-L-0', 'to_stop_id': 'MH-L-5', 'trip_id': 'walking', 'agency_name': 'Unknown'}, {'duration': 930, 'departure_time': 12540, 'arrival_time': 13470, 'day': 'current_day', 'from_stop_id': 'MH-L-5', 'to_stop_id': '95-5', 'trip_id': '8-0-15', 'agency_name': 'Unknown'}]}"
128,113,6600,inter,right,488,[126; 130; 140; 150],[91; 103; 115],1000,751,1000,751,7351,7411.0,11430.0,11490.0,4019.0,4.0,126,91,,,pt,5641.0,12241.0,5641.0,"{'duration': 4019, 'source_transfer_time': 0, 'waiting_time': 179, 'trip_time': 3840, 'num_transfers': 4, 'departure_time': 7411, 'departure_day': 'current_day', 'arrival_time': 11430, 'arrival_day': 'current_day', 'steps': [{'duration': 570, 'departure_time': 7590, 'arrival_time': 8160, 'day': 'current_day', 'from_stop_id': '126-2', 'to_stop_id': 'MH-R-2', 'trip_id': '4-1-8', 'agency_name': 'Unknown'}, {'duration': 30, 'departure_time': 8160, 'arrival_time': 8190, 'day': 'current_day', 'from_stop_id': 'MH-R-2', 'to_stop_id': 'MH-R-0', 'trip_id': 'walking', 'agency_name': 'Unknown'}, {'duration': 1500, 'departure_time': 9000, 'arrival_time': 10500, 'day': 'current_day', 'from_stop_id': 'MH-R-0', 'to_stop_id': 'MH-L-0', 'trip_id': '0-1-3', 'agency_name': 'Unknown'}, {'duration': 30, 'departure_time': 10500, 'arrival_time': 10530, 'day': 'current_day', 'from_stop_id': 'MH-L-0', 'to_stop_id': 'MH-L-4', 'trip_id': 'walking', 'agency_name': 'Unknown'}, {'duration': 690, 'departure_time': 10740, 'arrival_time': 11430, 'day': 'current_day', 'from_stop_id': 'MH-L-4', 'to_stop_id': '91-4', 'trip_id': '7-0-12', 'agency_name': 'Unknown'}]}"
145,40,9900,inter,right,489,[145],[40],0,0,0,0,9900,9960.0,14790.0,14850.0,4830.0,4.0,145,40,,,pt,4950.0,14850.0,4950.0,"{'duration': 4830, 'source_transfer_time': 0, 'waiting_time': 510, 'trip_time': 4320, 'num_transfers': 4, 'departure_time': 9960, 'departure_day': 'current_day', 'arrival_time': 14790, 'arrival_day': 'current_day', 'steps': [{'duration': 690, 'departure_time': 10470, 'arrival_time': 11160, 'day': 'current_day', 'from_stop_id': '145-4', 'to_stop_id': 'MH-R-4', 'trip_id': '9-0-13', 'agency_name': 'Unknown'}, {'duration': 30, 'departure_time': 11160, 'arrival_time': 11190, 'day': 'current_day', 'from_stop_id': 'MH-R-4', 'to_stop_id': 'MH-R-0', 'trip_id': 'walking', 'agency_name': 'Unknown'}, {'duration': 1500, 'departure_time': 12600, 'arrival_time': 14100, 'day': 'current_day', 'from_stop_id': 'MH-R-0', 'to_stop_id': 'MH-L-0', 'trip_id': '0-1-5', 'agency_name': 'Unknown'}, {'duration': 30, 'departure_time': 14100, 'arrival_time': 14130, 'day': 'current_day', 'from_stop_id': 'MH-L-0', 'to_stop_id': 'MH-L-5', 'trip_id': 'walking', 'agency_name': 'Unknown'}, {'duration': 450, 'departure_time': 14340, 'arrival_time': 14790, 'day': 'current_day', 'from_stop_id': 'MH-L-5', 'to_stop_id': '40-5', 'trip_id': '8-1-18', 'agency_name': 'Unknown'}]}"
164,107,4830,inter,right,490,[182],[96; 106],1000,751,500,375,5581,5641.0,9750.0,9810.0,4109.0,4.0,182,96,,,pt,5355.0,10185.0,5355.0,"{'duration': 4109, 'source_transfer_time': 0, 'waiting_time': 149, 'trip_time': 3960, 'num_transfers': 4, 'departure_time': 5641, 'departure_day': 'current_day', 'arrival_time': 9750, 'arrival_day': 'current_day', 'steps': [{'duration': 570, 'departure_time': 5790, 'arrival_time': 6360, 'day': 'current_day', 'from_stop_id': '182-1', 'to_stop_id': 'MH-R-1', 'trip_id': '3-1-5', 'agency_name': 'Unknown'}, {'duration': 30, 'departure_time': 6360, 'arrival_time': 6390, 'day': 'current_day', 'from_stop_id': 'MH-R-1', 'to_stop_id': 'MH-R-0', 'trip_id': 'walking', 'agency_name': 'Unknown'}, {'duration': 1500, 'departure_time': 7200, 'arrival_time': 8700, 'day': 'current_day', 'from_stop_id': 'MH-R-0', 'to_stop_id': 'MH-L-0', 'trip_id': '0-1-2', 'agency_name': 'Unknown'}, {'duration': 30, 'departure_time': 8700, 'arrival_time': 8730, 'day': 'current_day', 'from_stop_id': 'MH-L-0', 'to_stop_id': 'MH-L-5', 'trip_id': 'walking', 'agency_name': 'Unknown'}, {'duration': 810, 'departure_time': 8940, 'arrival_time': 9750, 'day': 'current_day', 'from_stop_id': 'MH-L-5', 'to_stop_id': '96-5', 'trip_id': '8-0-9', 'agency_name': 'Unknown'}]}"
148,46,13860,inter,right,491,[148],[35; 47; 56],0,0,500,375,13860,13920.0,18270.0,18330.0,4350.0,4.0,148,47,,,pt,4845.0,18705.0,4845.0,"{'duration': 4350, 'source_transfer_time': 0, 'waiting_time': 510, 'trip_time': 3840, 'num_transfers': 4, 'departure_time': 13920, 'departure_day': 'current_day', 'arrival_time': 18270, 'arrival_day': 'current_day', 'steps': [{'duration': 330, 'departure_time': 14430, 'arrival_time': 14760, 'day': 'current_day', 'from_stop_id': '148-2', 'to_stop_id': 'MH-R-2', 'trip_id': '4-1-19', 'agency_name': 'Unknown'}, {'duration': 30, 'departure_time': 14760, 'arrival_time': 14790, 'day': 'current_day', 'from_stop_id': 'MH-R-2', 'to_stop_id': 'MH-R-0', 'trip_id': 'walking', 'agency_name': 'Unknown'}, {'duration': 1500, 'departure_time': 16200, 'arrival_time': 17700, 'day': 'current_day', 'from_stop_id': 'MH-R-0', 'to_stop_id': 'MH-L-0', 'trip_id': '0-1-7', 'agency_name': 'Unknown'}, {'duration': 30, 'departure_time': 17700, 'arrival_time': 17730, 'day': 'current_day', 'from_stop_id': 'MH-L-0', 'to_stop_id': 'MH-L-4', 'trip_id': 'walking', 'agency_name': 'Unknown'}, {'duration': 330, 'departure_time': 17940, 'arrival_time': 18270, 'day': 'current_day', 'from_stop_id': 'MH-L-4', 'to_stop_id': '47-4', 'trip_id': '7-1-24', 'agency_name': 'Unknown'}]}"
140,65,10920,inter,right,492,[140],[57; 66; 75],0,0,500,375,10920,10980.0,14550.0,14610.0,3570.0,4.0,140,57,,,pt,4065.0,14985.0,4065.0,"{'duration': 3570, 'source_transfer_time': 0, 'waiting_time': 570, 'trip_time': 3000, 'num_transfers': 4, 'departure_time': 10980, 'departure_day': 'current_day', 'arrival_time': 14550, 'arrival_day': 'current_day', 'steps': [{'duration': 810, 'departure_time': 11550, 'arrival_time': 12360, 'day': 'current_day', 'from_stop_id': '140-5', 'to_stop_id': 'MH-R-5', 'trip_id': '10-0-15', 'agency_name': 'Unknown'}, {'duration': 30, 'departure_time': 12360, 'arrival_time': 12390, 'day': 'current_day', 'from_stop_id': 'MH-R-5', 'to_stop_id': 'MH-R-0', 'trip_id': 'walking', 'agency_name': 'Unknown'}, {'duration': 1500, 'departure_time': 12600, 'arrival_time': 14100, 'day': 'current_day', 'from_stop_id': 'MH-R-0', 'to_stop_id': 'MH-L-0', 'trip_id': '0-1-5', 'agency_name': 'Unknown'}, {'duration': 30, 'departure_time': 14100, 'arrival_time': 14130, 'day': 'current_day', 'from_stop_id': 'MH-L-0', 'to_stop_id': 'MH-L-1', 'trip_id': 'walking', 'agency_name': 'Unknown'}, {'duration': 210, 'departure_time': 14340, 'arrival_time': 14550, 'day': 'current_day', 'from_stop_id': 'MH-L-1', 'to_stop_id': '57-1', 'trip_id': '1-1-18', 'agency_name': 'Unknown'}]}"
180,70,11820,inter,right,493,[180],[60],0,0,500,375,11820,11880.0,14790.0,14850.0,2910.0,4.0,180,60,,,pt,3405.0,15225.0,3405.0,"{'duration': 2910, 'source_transfer_time': 0, 'waiting_time': 150, 'trip_time': 2760, 'num_transfers': 4, 'departure_time': 11880, 'departure_day': 'current_day', 'arrival_time': 14790, 'arrival_day': 'current_day', 'steps': [{'duration': 330, 'departure_time': 12030, 'arrival_time': 12360, 'day': 'current_day', 'from_stop_id': '180-1', 'to_stop_id': 'MH-R-1', 'trip_id': '3-1-15', 'agency_name': 'Unknown'}, {'duration': 30, 'departure_time': 12360, 'arrival_time': 12390, 'day': 'current_day', 'from_stop_id': 'MH-R-1', 'to_stop_id': 'MH-R-0', 'trip_id': 'walking', 'agency_name': 'Unknown'}, {'duration': 1500, 'departure_time': 12600, 'arrival_time': 14100, 'day': 'current_day', 'from_stop_id': 'MH-R-0', 'to_stop_id': 'MH-L-0', 'trip_id': '0-1-5', 'agency_name': 'Unknown'}, {'duration': 30, 'departure_time': 14100, 'arrival_time': 14130, 'day': 'current_day', 'from_stop_id': 'MH-L-0', 'to_stop_id': 'MH-L-1', 'trip_id': 'walking', 'agency_name': 'Unknown'}, {'duration': 450, 'departure_time': 14340, 'arrival_time': 14790, 'day': 'current_day', 'from_stop_id': 'MH-L-1', 'to_stop_id': '60-1', 'trip_id': '1-0-18', 'agency_name': 'Unknown'}]}"
226,113,13950,inter,right,494,[226],[91; 103; 115],0,0,1000,751,13950,14010.0,18630.0,18690.0,4620.0,4.0,226,91,,,pt,5491.0,19441.0,5491.0,"{'duration': 4620, 'source_transfer_time': 0, 'waiting_time': 180, 'trip_time': 4440, 'num_transfers': 4, 'departure_time': 14010, 'departure_day': 'current_day', 'arrival_time': 18630, 'arrival_day': 'current_day', 'steps': [{'duration': 1170, 'departure_time': 14190, 'arrival_time': 15360, 'day': 'current_day', 'from_stop_id': '226-5', 'to_stop_id': 'MH-R-5', 'trip_id': '10-1-20', 'agency_name': 'Unknown'}, {'duration': 30, 'departure_time': 15360, 'arrival_time': 15390, 'day': 'current_day', 'from_stop_id': 'MH-R-5', 'to_stop_id': 'MH-R-0', 'trip_id': 'walking', 'agency_name': 'Unknown'}, {'duration': 1500, 'departure_time': 16200, 'arrival_time': 17700, 'day': 'current_day', 'from_stop_id': 'MH-R-0', 'to_stop_id': 'MH-L-0', 'trip_id': '0-1-7', 'agency_name': 'Unknown'}, {'duration': 30, 'departure_time': 17700, 'arrival_time': 17730, 'day': 'current_day', 'from_stop_id': 'MH-L-0', 'to_stop_id': 'MH-L-4', 'trip_id': 'walking', 'agency_name': 'Unknown'}, {'duration': 690, 'departure_time': 17940, 'arrival_time': 18630, 'day': 'current_day', 'from_stop_id': 'MH-L-4', 'to_stop_id': '91-4', 'trip_id': '7-0-24', 'agency_name': 'Unknown'}]}"
163,85,5610,inter,right,495,[141; 151; 161; 181],[85],1000,751,0,0,6361,6421.0,9630.0,9690.0,3209.0,4.0,161,85,,,pt,4080.0,9690.0,4080.0,"{'duration': 3209, 'source_transfer_time': 0, 'waiting_time': 89, 'trip_time': 3120, 'num_transfers': 4, 'departure_time': 6421, 'departure_day': 'current_day', 'arrival_time': 9630, 'arrival_day': 'current_day', 'steps': [{'duration': 450, 'departure_time': 6510, 'arrival_time': 6960, 'day': 'current_day', 'from_stop_id': '161-5', 'to_stop_id': 'MH-R-5', 'trip_id': '10-0-6', 'agency_name': 'Unknown'}, {'duration': 30, 'departure_time': 6960, 'arrival_time': 6990, 'day': 'current_day', 'from_stop_id': 'MH-R-5', 'to_stop_id': 'MH-R-0', 'trip_id': 'walking', 'agency_name': 'Unknown'}, {'duration': 1500, 'departure_time': 7200, 'arrival_time': 8700, 'day': 'current_day', 'from_stop_id': 'MH-R-0', 'to_stop_id': 'MH-L-0', 'trip_id': '0-1-2', 'agency_name': 'Unknown'}, {'duration': 30, 'departure_time': 8700, 'arrival_time': 8730, 'day': 'current_day', 'from_stop_id': 'MH-L-0', 'to_stop_id': 'MH-L-5', 'trip_id': 'walking', 'agency_name': 'Unknown'}, {'duration': 690, 'departure_time': 8940, 'arrival_time': 9630, 'day': 'current_day', 'from_stop_id': 'MH-L-5', 'to_stop_id': '85-5', 'trip_id': '8-0-9', 'agency_name': 'Unknown'}]}"
149,22,13410,inter,right,496,[148; 150; 160],[11; 23],500,375,500,375,13785,13845.0,18750.0,18810.0,4905.0,4.0,148,23,,,pt,5775.0,19185.0,5775.0,"{'duration': 4905, 'source_transfer_time': 0, 'waiting_time': 585, 'trip_time': 4320, 'num_transfers': 4, 'departure_time': 13845, 'departure_day': 'current_day', 'arrival_time': 18750, 'arrival_day': 'current_day', 'steps': [{'duration': 330, 'departure_time': 14430, 'arrival_time': 14760, 'day': 'current_day', 'from_stop_id': '148-2', 'to_stop_id': 'MH-R-2', 'trip_id': '4-1-19', 'agency_name': 'Unknown'}, {'duration': 30, 'departure_time': 14760, 'arrival_time': 14790, 'day': 'current_day', 'from_stop_id': 'MH-R-2', 'to_stop_id': 'MH-R-0', 'trip_id': 'walking', 'agency_name': 'Unknown'}, {'duration': 1500, 'departure_time': 16200, 'arrival_time': 17700, 'day': 'current_day', 'from_stop_id': 'MH-R-0', 'to_stop_id': 'MH-L-0', 'trip_id': '0-1-7', 'agency_name': 'Unknown'}, {'duration': 30, 'departure_time': 17700, 'arrival_time': 17730, 'day': 'current_day', 'from_stop_id': 'MH-L-0', 'to_stop_id': 'MH-L-4', 'trip_id': 'walking', 'agency_name': 'Unknown'}, {'duration': 810, 'departure_time': 17940, 'arrival_time': 18750, 'day': 'current_day', 'from_stop_id': 'MH-L-4', 'to_stop_id': '23-4', 'trip_id': '7-1-24', 'agency_name': 'Unknown'}]}"
156,92,11160,inter,right,497,[156],[92],0,0,0,0,11160,11220.0,15150.0,15210.0,3930.0,4.0,156,92,,,pt,4050.0,15210.0,4050.0,"{'duration': 3930, 'source_transfer_time': 0, 'waiting_time': 570, 'trip_time': 3360, 'num_transfers': 4, 'departure_time': 11220, 'departure_day': 'current_day', 'arrival_time': 15150, 'arrival_day': 'current_day', 'steps': [{'duration': 570, 'departure_time': 11790, 'arrival_time': 12360, 'day': 'current_day', 'from_stop_id': '156-4', 'to_stop_id': 'MH-R-4', 'trip_id': '9-0-15', 'agency_name': 'Unknown'}, {'duration': 30, 'departure_time': 12360, 'arrival_time': 12390, 'day': 'current_day', 'from_stop_id': 'MH-R-4', 'to_stop_id': 'MH-R-0', 'trip_id': 'walking', 'agency_name': 'Unknown'}, {'duration': 1500, 'departure_time': 12600, 'arrival_time': 14100, 'day': 'current_day', 'from_stop_id': 'MH-R-0', 'to_stop_id': 'MH-L-0', 'trip_id': '0-1-5', 'agency_name': 'Unknown'}, {'duration': 30, 'departure_time': 14100, 'arrival_time': 14130, 'day': 'current_day', 'from_stop_id': 'MH-L-0', 'to_stop_id': 'MH-L-4', 'trip_id': 'walking', 'agency_name': 'Unknown'}, {'duration': 810, 'departure_time': 14340, 'arrival_time': 15150, 'day': 'current_day', 'from_stop_id': 'MH-L-4', 'to_stop_id': '92-4', 'trip_id': '7-0-18', 'agency_name': 'Unknown'}]}"
191,58,12060,inter,right,498,[181],[58],500,375,0,0,12435,12495.0,16350.0,16410.0,3855.0,4.0,181,58,,,pt,4350.0,16410.0,4350.0,"{'duration': 3855, 'source_transfer_time': 0, 'waiting_time': 15, 'trip_time': 3840, 'num_transfers': 4, 'departure_time': 12495, 'departure_day': 'current_day', 'arrival_time': 16350, 'arrival_day': 'current_day', 'steps': [{'duration': 450, 'departure_time': 12510, 'arrival_time': 12960, 'day': 'current_day', 'from_stop_id': '181-1', 'to_stop_id': 'MH-R-1', 'trip_id': '3-1-16', 'agency_name': 'Unknown'}, {'duration': 30, 'departure_time': 12960, 'arrival_time': 12990, 'day': 'current_day', 'from_stop_id': 'MH-R-1', 'to_stop_id': 'MH-R-0', 'trip_id': 'walking', 'agency_name': 'Unknown'}, {'duration': 1500, 'departure_time': 14400, 'arrival_time': 15900, 'day': 'current_day', 'from_stop_id': 'MH-R-0', 'to_stop_id': 'MH-L-0', 'trip_id': '0-1-6', 'agency_name': 'Unknown'}, {'duration': 30, 'departure_time': 15900, 'arrival_time': 15930, 'day': 'current_day', 'from_stop_id': 'MH-L-0', 'to_stop_id': 'MH-L-1', 'trip_id': 'walking', 'agency_name': 'Unknown'}, {'duration': 210, 'departure_time': 16140, 'arrival_time': 16350, 'day': 'current_day', 'from_stop_id': 'MH-L-1', 'to_stop_id': '58-1', 'trip_id': '1-0-21', 'agency_name': 'Unknown'}]}"
131,42,7380,inter,right,499,[131],[20; 30; 40; 60],0,0,1000,751,7380,7440.0,11190.0,11250.0,3750.0,4.0,131,40,,,pt,4621.0,12001.0,4621.0,"{'duration': 3750, 'source_transfer_time': 0, 'waiting_time': 150, 'trip_time': 3600, 'num_transfers': 4, 'departure_time': 7440, 'departure_day': 'current_day', 'arrival_time': 11190, 'arrival_day': 'current_day', 'steps': [{'duration': 1170, 'departure_time': 7590, 'arrival_time': 8760, 'day': 'current_day', 'from_stop_id': '131-5', 'to_stop_id': 'MH-R-5', 'trip_id': '10-0-9', 'agency_name': 'Unknown'}, {'duration': 30, 'departure_time': 8760, 'arrival_time': 8790, 'day': 'current_day', 'from_stop_id': 'MH-R-5', 'to_stop_id': 'MH-R-0', 'trip_id': 'walking', 'agency_name': 'Unknown'}, {'duration': 1500, 'departure_time': 9000, 'arrival_time': 10500, 'day': 'current_day', 'from_stop_id': 'MH-R-0', 'to_stop_id': 'MH-L-0', 'trip_id': '0-1-3', 'agency_name': 'Unknown'}, {'duration': 30, 'departure_time': 10500, 'arrival_time': 10530, 'day': 'current_day', 'from_stop_id': 'MH-L-0', 'to_stop_id': 'MH-L-5', 'trip_id': 'walking', 'agency_name': 'Unknown'}, {'duration': 450, 'departure_time': 10740, 'arrival_time': 11190, 'day': 'current_day', 'from_stop_id': 'MH-L-5', 'to_stop_id': '40-5', 'trip_id': '8-1-12', 'agency_name': 'Unknown'}]}"
225,3,14070,inter,right,500,[225],[5],0,0,1000,751,14070,14130.0,18510.0,18570.0,4380.0,4.0,225,5,,,pt,5251.0,19321.0,5251.0,"{'duration': 4380, 'source_transfer_time': 0, 'waiting_time': 180, 'trip_time': 4200, 'num_transfers': 4, 'departure_time': 14130, 'departure_day': 'current_day', 'arrival_time': 18510, 'arrival_day': 'current_day', 'steps': [{'duration': 1050, 'departure_time': 14310, 'arrival_time': 15360, 'day': 'current_day', 'from_stop_id': '225-4', 'to_stop_id': 'MH-R-4', 'trip_id': '9-1-20', 'agency_name': 'Unknown'}, {'duration': 30, 'departure_time': 15360, 'arrival_time': 15390, 'day': 'current_day', 'from_stop_id': 'MH-R-4', 'to_stop_id': 'MH-R-0', 'trip_id': 'walking', 'agency_name': 'Unknown'}, {'duration': 1500, 'departure_time': 16200, 'arrival_time': 17700, 'day': 'current_day', 'from_stop_id': 'MH-R-0', 'to_stop_id': 'MH-L-0', 'trip_id': '0-1-7', 'agency_name': 'Unknown'}, {'duration': 30, 'departure_time': 17700, 'arrival_time': 17730, 'day': 'current_day', 'from_stop_id': 'MH-L-0', 'to_stop_id': 'MH-L-2', 'trip_id': 'walking', 'agency_name': 'Unknown'}, {'duration': 570, 'departure_time': 17940, 'arrival_time': 18510, 'day': 'current_day', 'from_stop_id': 'MH-L-2', 'to_stop_id': '5-2', 'trip_id': '2-0-24', 'agency_name': 'Unknown'}]}"
198,34,12750,inter,right,501,[198],[23; 35],0,0,500,375,12750,12810.0,16710.0,16770.0,3900.0,4.0,198,35,,,pt,4395.0,17145.0,4395.0,"{'duration': 3900, 'source_transfer_time': 0, 'waiting_time': 540, 'trip_time': 3360, 'num_transfers': 4, 'departure_time': 12810, 'departure_day': 'current_day', 'arrival_time': 16710, 'arrival_day': 'current_day', 'steps': [{'duration': 210, 'departure_time': 13350, 'arrival_time': 13560, 'day': 'current_day', 'from_stop_id': '198-2', 'to_stop_id': 'MH-R-2', 'trip_id': '4-0-17', 'agency_name': 'Unknown'}, {'duration': 30, 'departure_time': 13560, 'arrival_time': 13590, 'day': 'current_day', 'from_stop_id': 'MH-R-2', 'to_stop_id': 'MH-R-0', 'trip_id': 'walking', 'agency_name': 'Unknown'}, {'duration': 1500, 'departure_time': 14400, 'arrival_time': 15900, 'day': 'current_day', 'from_stop_id': 'MH-R-0', 'to_stop_id': 'MH-L-0', 'trip_id': '0-1-6', 'agency_name': 'Unknown'}, {'duration': 30, 'departure_time': 15900, 'arrival_time': 15930, 'day': 'current_day', 'from_stop_id': 'MH-L-0', 'to_stop_id': 'MH-L-4', 'trip_id': 'walking', 'agency_name': 'Unknown'}, {'duration': 570, 'departure_time': 16140, 'arrival_time': 16710, 'day': 'current_day', 'from_stop_id': 'MH-L-4', 'to_stop_id': '35-4', 'trip_id': '7-1-21', 'agency_name': 'Unknown'}]}"
135,1,14310,inter,right,502,[133; 137; 145; 157],[0; 12],1000,751,500,375,15061,15121.0,18870.0,18930.0,3749.0,4.0,137,12,,,pt,4995.0,19305.0,4995.0,"{'duration': 3749, 'source_transfer_time': 0, 'waiting_time': 389, 'trip_time': 3360, 'num_transfers': 4, 'departure_time': 15121, 'departure_day': 'current_day', 'arrival_time': 18870, 'arrival_day': 'current_day', 'steps': [{'duration': 450, 'departure_time': 15510, 'arrival_time': 15960, 'day': 'current_day', 'from_stop_id': '137-2', 'to_stop_id': 'MH-R-2', 'trip_id': '4-1-21', 'agency_name': 'Unknown'}, {'duration': 30, 'departure_time': 15960, 'arrival_time': 15990, 'day': 'current_day', 'from_stop_id': 'MH-R-2', 'to_stop_id': 'MH-R-0', 'trip_id': 'walking', 'agency_name': 'Unknown'}, {'duration': 1500, 'departure_time': 16200, 'arrival_time': 17700, 'day': 'current_day', 'from_stop_id': 'MH-R-0', 'to_stop_id': 'MH-L-0', 'trip_id': '0-1-7', 'agency_name': 'Unknown'}, {'duration': 30, 'departure_time': 17700, 'arrival_time': 17730, 'day': 'current_day', 'from_stop_id': 'MH-L-0', 'to_stop_id': 'MH-L-4', 'trip_id': 'walking', 'agency_name': 'Unknown'}, {'duration': 930, 'departure_time': 17940, 'arrival_time': 18870, 'day': 'current_day', 'from_stop_id': 'MH-L-4', 'to_stop_id': '12-4', 'trip_id': '7-1-24', 'agency_name': 'Unknown'}]}"
208,107,10050,inter,right,503,[197; 207; 209],[96; 106],500,375,500,375,10425,10485.0,15150.0,15210.0,4665.0,4.0,197,96,,,pt,5535.0,15585.0,5535.0,"{'duration': 4665, 'source_transfer_time': 0, 'waiting_time': 345, 'trip_time': 4320, 'num_transfers': 4, 'departure_time': 10485, 'departure_day': 'current_day', 'arrival_time': 15150, 'arrival_day': 'current_day', 'steps': [{'duration': 330, 'departure_time': 10830, 'arrival_time': 11160, 'day': 'current_day', 'from_stop_id': '197-5', 'to_stop_id': 'MH-R-5', 'trip_id': '10-1-13', 'agency_name': 'Unknown'}, {'duration': 30, 'departure_time': 11160, 'arrival_time': 11190, 'day': 'current_day', 'from_stop_id': 'MH-R-5', 'to_stop_id': 'MH-R-0', 'trip_id': 'walking', 'agency_name': 'Unknown'}, {'duration': 1500, 'departure_time': 12600, 'arrival_time': 14100, 'day': 'current_day', 'from_stop_id': 'MH-R-0', 'to_stop_id': 'MH-L-0', 'trip_id': '0-1-5', 'agency_name': 'Unknown'}, {'duration': 30, 'departure_time': 14100, 'arrival_time': 14130, 'day': 'current_day', 'from_stop_id': 'MH-L-0', 'to_stop_id': 'MH-L-5', 'trip_id': 'walking', 'agency_name': 'Unknown'}, {'duration': 810, 'departure_time': 14340, 'arrival_time': 15150, 'day': 'current_day', 'from_stop_id': 'MH-L-5', 'to_stop_id': '96-5', 'trip_id': '8-0-18', 'agency_name': 'Unknown'}]}"
169,92,11700,inter,right,504,[169],[92],0,0,0,0,11700,11760.0,15150.0,15210.0,3390.0,4.0,169,92,,,pt,3510.0,15210.0,3510.0,"{'duration': 3390, 'source_transfer_time': 0, 'waiting_time': 390, 'trip_time': 3000, 'num_transfers': 4, 'departure_time': 11760, 'departure_day': 'current_day', 'arrival_time': 15150, 'arrival_day': 'current_day', 'steps': [{'duration': 210, 'departure_time': 12150, 'arrival_time': 12360, 'day': 'current_day', 'from_stop_id': '169-4', 'to_stop_id': 'MH-R-4', 'trip_id': '9-0-15', 'agency_name': 'Unknown'}, {'duration': 30, 'departure_time': 12360, 'arrival_time': 12390, 'day': 'current_day', 'from_stop_id': 'MH-R-4', 'to_stop_id': 'MH-R-0', 'trip_id': 'walking', 'agency_name': 'Unknown'}, {'duration': 1500, 'departure_time': 12600, 'arrival_time': 14100, 'day': 'current_day', 'from_stop_id': 'MH-R-0', 'to_stop_id': 'MH-L-0', 'trip_id': '0-1-5', 'agency_name': 'Unknown'}, {'duration': 30, 'departure_time': 14100, 'arrival_time': 14130, 'day': 'current_day', 'from_stop_id': 'MH-L-0', 'to_stop_id': 'MH-L-4', 'trip_id': 'walking', 'agency_name': 'Unknown'}, {'duration': 810, 'departure_time': 14340, 'arrival_time': 15150, 'day': 'current_day', 'from_stop_id': 'MH-L-4', 'to_stop_id': '92-4', 'trip_id': '7-0-18', 'agency_name': 'Unknown'}]}"
194,35,13800,inter,right,505,[176; 196; 206; 216],[35],1000,751,0,0,14551,14611.0,18510.0,18570.0,3899.0,4.0,176,35,,,pt,4770.0,18570.0,4770.0,"{'duration': 3899, 'source_transfer_time': 0, 'waiting_time': 299, 'trip_time': 3600, 'num_transfers': 4, 'departure_time': 14611, 'departure_day': 'current_day', 'arrival_time': 18510, 'arrival_day': 'current_day', 'steps': [{'duration': 450, 'departure_time': 14910, 'arrival_time': 15360, 'day': 'current_day', 'from_stop_id': '176-1', 'to_stop_id': 'MH-R-1', 'trip_id': '3-0-20', 'agency_name': 'Unknown'}, {'duration': 30, 'departure_time': 15360, 'arrival_time': 15390, 'day': 'current_day', 'from_stop_id': 'MH-R-1', 'to_stop_id': 'MH-R-0', 'trip_id': 'walking', 'agency_name': 'Unknown'}, {'duration': 1500, 'departure_time': 16200, 'arrival_time': 17700, 'day': 'current_day', 'from_stop_id': 'MH-R-0', 'to_stop_id': 'MH-L-0', 'trip_id': '0-1-7', 'agency_name': 'Unknown'}, {'duration': 30, 'departure_time': 17700, 'arrival_time': 17730, 'day': 'current_day', 'from_stop_id': 'MH-L-0', 'to_stop_id': 'MH-L-4', 'trip_id': 'walking', 'agency_name': 'Unknown'}, {'duration': 570, 'departure_time': 17940, 'arrival_time': 18510, 'day': 'current_day', 'from_stop_id': 'MH-L-4', 'to_stop_id': '35-4', 'trip_id': '7-1-24', 'agency_name': 'Unknown'}]}"
232,95,10560,inter,right,506,[231],[95],500,375,0,0,10935,10995.0,15270.0,15330.0,4275.0,4.0,231,95,,,pt,4770.0,15330.0,4770.0,"{'duration': 4275, 'source_transfer_time': 0, 'waiting_time': 195, 'trip_time': 4080, 'num_transfers': 4, 'departure_time': 10995, 'departure_day': 'current_day', 'arrival_time': 15270, 'arrival_day': 'current_day', 'steps': [{'duration': 570, 'departure_time': 11190, 'arrival_time': 11760, 'day': 'current_day', 'from_stop_id': '231-2', 'to_stop_id': 'MH-R-2', 'trip_id': '4-0-14', 'agency_name': 'Unknown'}, {'duration': 30, 'departure_time': 11760, 'arrival_time': 11790, 'day': 'current_day', 'from_stop_id': 'MH-R-2', 'to_stop_id': 'MH-R-0', 'trip_id': 'walking', 'agency_name': 'Unknown'}, {'duration': 1500, 'departure_time': 12600, 'arrival_time': 14100, 'day': 'current_day', 'from_stop_id': 'MH-R-0', 'to_stop_id': 'MH-L-0', 'trip_id': '0-1-5', 'agency_name': 'Unknown'}, {'duration': 30, 'departure_time': 14100, 'arrival_time': 14130, 'day': 'current_day', 'from_stop_id': 'MH-L-0', 'to_stop_id': 'MH-L-5', 'trip_id': 'walking', 'agency_name': 'Unknown'}, {'duration': 930, 'departure_time': 14340, 'arrival_time': 15270, 'day': 'current_day', 'from_stop_id': 'MH-L-5', 'to_stop_id': '95-5', 'trip_id': '8-0-18', 'agency_name': 'Unknown'}]}"
126,17,11730,inter,right,507,[126],[16],0,0,500,375,11730,11790.0,14790.0,14850.0,3000.0,4.0,126,16,,,pt,3495.0,15225.0,3495.0,"{'duration': 3000, 'source_transfer_time': 0, 'waiting_time': 0, 'trip_time': 3000, 'num_transfers': 4, 'departure_time': 11790, 'departure_day': 'current_day', 'arrival_time': 14790, 'arrival_day': 'current_day', 'steps': [{'duration': 570, 'departure_time': 11790, 'arrival_time': 12360, 'day': 'current_day', 'from_stop_id': '126-2', 'to_stop_id': 'MH-R-2', 'trip_id': '4-1-15', 'agency_name': 'Unknown'}, {'duration': 30, 'departure_time': 12360, 'arrival_time': 12390, 'day': 'current_day', 'from_stop_id': 'MH-R-2', 'to_stop_id': 'MH-R-0', 'trip_id': 'walking', 'agency_name': 'Unknown'}, {'duration': 1500, 'departure_time': 12600, 'arrival_time': 14100, 'day': 'current_day', 'from_stop_id': 'MH-R-0', 'to_stop_id': 'MH-L-0', 'trip_id': '0-1-5', 'agency_name': 'Unknown'}, {'duration': 30, 'departure_time': 14100, 'arrival_time': 14130, 'day': 'current_day', 'from_stop_id': 'MH-L-0', 'to_stop_id': 'MH-L-2', 'trip_id': 'walking', 'agency_name': 'Unknown'}, {'duration': 450, 'departure_time': 14340, 'arrival_time': 14790, 'day': 'current_day', 'from_stop_id': 'MH-L-2', 'to_stop_id': '16-2', 'trip_id': '2-0-18', 'agency_name': 'Unknown'}]}"
185,6,6810,inter,right,508,[177],[5],500,375,500,375,7185,7245.0,11310.0,11370.0,4065.0,4.0,177,5,,,pt,4935.0,11745.0,4935.0,"{'duration': 4065, 'source_transfer_time': 0, 'waiting_time': 585, 'trip_time': 3480, 'num_transfers': 4, 'departure_time': 7245, 'departure_day': 'current_day', 'arrival_time': 11310, 'arrival_day': 'current_day', 'steps': [{'duration': 330, 'departure_time': 7830, 'arrival_time': 8160, 'day': 'current_day', 'from_stop_id': '177-1', 'to_stop_id': 'MH-R-1', 'trip_id': '3-0-8', 'agency_name': 'Unknown'}, {'duration': 30, 'departure_time': 8160, 'arrival_time': 8190, 'day': 'current_day', 'from_stop_id': 'MH-R-1', 'to_stop_id': 'MH-R-0', 'trip_id': 'walking', 'agency_name': 'Unknown'}, {'duration': 1500, 'departure_time': 9000, 'arrival_time': 10500, 'day': 'current_day', 'from_stop_id': 'MH-R-0', 'to_stop_id': 'MH-L-0', 'trip_id': '0-1-3', 'agency_name': 'Unknown'}, {'duration': 30, 'departure_time': 10500, 'arrival_time': 10530, 'day': 'current_day', 'from_stop_id': 'MH-L-0', 'to_stop_id': 'MH-L-2', 'trip_id': 'walking', 'agency_name': 'Unknown'}, {'duration': 570, 'departure_time': 10740, 'arrival_time': 11310, 'day': 'current_day', 'from_stop_id': 'MH-L-2', 'to_stop_id': '5-2', 'trip_id': '2-0-12', 'agency_name': 'Unknown'}]}"
234,53,5580,inter,right,509,[212; 224; 236],[61],1000,751,500,375,6331,6391.0,11310.0,11370.0,4919.0,4.0,212,61,,,pt,6165.0,11745.0,6165.0,"{'duration': 4919, 'source_transfer_time': 0, 'waiting_time': 479, 'trip_time': 4440, 'num_transfers': 4, 'departure_time': 6391, 'departure_day': 'current_day', 'arrival_time': 11310, 'arrival_day': 'current_day', 'steps': [{'duration': 690, 'departure_time': 6870, 'arrival_time': 7560, 'day': 'current_day', 'from_stop_id': '212-4', 'to_stop_id': 'MH-R-4', 'trip_id': '9-1-7', 'agency_name': 'Unknown'}, {'duration': 30, 'departure_time': 7560, 'arrival_time': 7590, 'day': 'current_day', 'from_stop_id': 'MH-R-4', 'to_stop_id': 'MH-R-0', 'trip_id': 'walking', 'agency_name': 'Unknown'}, {'duration': 1500, 'departure_time': 9000, 'arrival_time': 10500, 'day': 'current_day', 'from_stop_id': 'MH-R-0', 'to_stop_id': 'MH-L-0', 'trip_id': '0-1-3', 'agency_name': 'Unknown'}, {'duration': 30, 'departure_time': 10500, 'arrival_time': 10530, 'day': 'current_day', 'from_stop_id': 'MH-L-0', 'to_stop_id': 'MH-L-1', 'trip_id': 'walking', 'agency_name': 'Unknown'}, {'duration': 570, 'departure_time': 10740, 'arrival_time': 11310, 'day': 'current_day', 'from_stop_id': 'MH-L-1', 'to_stop_id': '61-1', 'trip_id': '1-0-12', 'agency_name': 'Unknown'}]}"
158,82,6930,inter,right,510,[157; 159; 169],[61; 80; 92; 104],500,375,1000,751,7305,7365.0,11310.0,11370.0,3945.0,4.0,157,61,,,pt,5191.0,12121.0,5191.0,"{'duration': 3945, 'source_transfer_time': 0, 'waiting_time': 345, 'trip_time': 3600, 'num_transfers': 4, 'departure_time': 7365, 'departure_day': 'current_day', 'arrival_time': 11310, 'arrival_day': 'current_day', 'steps': [{'duration': 450, 'departure_time': 7710, 'arrival_time': 8160, 'day': 'current_day', 'from_stop_id': '157-4', 'to_stop_id': 'MH-R-4', 'trip_id': '9-0-8', 'agency_name': 'Unknown'}, {'duration': 30, 'departure_time': 8160, 'arrival_time': 8190, 'day': 'current_day', 'from_stop_id': 'MH-R-4', 'to_stop_id': 'MH-R-0', 'trip_id': 'walking', 'agency_name': 'Unknown'}, {'duration': 1500, 'departure_time': 9000, 'arrival_time': 10500, 'day': 'current_day', 'from_stop_id': 'MH-R-0', 'to_stop_id': 'MH-L-0', 'trip_id': '0-1-3', 'agency_name': 'Unknown'}, {'duration': 30, 'departure_time': 10500, 'arrival_time': 10530, 'day': 'current_day', 'from_stop_id': 'MH-L-0', 'to_stop_id': 'MH-L-1', 'trip_id': 'walking', 'agency_name': 'Unknown'}, {'duration': 570, 'departure_time': 10740, 'arrival_time': 11310, 'day': 'current_day', 'from_stop_id': 'MH-L-1', 'to_stop_id': '61-1', 'trip_id': '1-0-12', 'agency_name': 'Unknown'}]}"
211,106,9840,inter,right,511,[200; 212],[106],500,375,0,0,10215,10275.0,15390.0,15450.0,5115.0,4.0,200,106,,,pt,5610.0,15450.0,5610.0,"{'duration': 5115, 'source_transfer_time': 0, 'waiting_time': 435, 'trip_time': 4680, 'num_transfers': 4, 'departure_time': 10275, 'departure_day': 'current_day', 'arrival_time': 15390, 'arrival_day': 'current_day', 'steps': [{'duration': 450, 'departure_time': 10710, 'arrival_time': 11160, 'day': 'current_day', 'from_stop_id': '200-4', 'to_stop_id': 'MH-R-4', 'trip_id': '9-1-13', 'agency_name': 'Unknown'}, {'duration': 30, 'departure_time': 11160, 'arrival_time': 11190, 'day': 'current_day', 'from_stop_id': 'MH-R-4', 'to_stop_id': 'MH-R-0', 'trip_id': 'walking', 'agency_name': 'Unknown'}, {'duration': 1500, 'departure_time': 12600, 'arrival_time': 14100, 'day': 'current_day', 'from_stop_id': 'MH-R-0', 'to_stop_id': 'MH-L-0', 'trip_id': '0-1-5', 'agency_name': 'Unknown'}, {'duration': 30, 'departure_time': 14100, 'arrival_time': 14130, 'day': 'current_day', 'from_stop_id': 'MH-L-0', 'to_stop_id': 'MH-L-5', 'trip_id': 'walking', 'agency_name': 'Unknown'}, {'duration': 1050, 'departure_time': 14340, 'arrival_time': 15390, 'day': 'current_day', 'from_stop_id': 'MH-L-5', 'to_stop_id': '106-5', 'trip_id': '8-0-18', 'agency_name': 'Unknown'}]}"
183,52,12840,inter,right,512,[175],[60],500,375,500,375,13215,13275.0,16590.0,16650.0,3315.0,4.0,175,60,,,pt,4185.0,17025.0,4185.0,"{'duration': 3315, 'source_transfer_time': 0, 'waiting_time': 315, 'trip_time': 3000, 'num_transfers': 4, 'departure_time': 13275, 'departure_day': 'current_day', 'arrival_time': 16590, 'arrival_day': 'current_day', 'steps': [{'duration': 570, 'departure_time': 13590, 'arrival_time': 14160, 'day': 'current_day', 'from_stop_id': '175-1', 'to_stop_id': 'MH-R-1', 'trip_id': '3-0-18', 'agency_name': 'Unknown'}, {'duration': 30, 'departure_time': 14160, 'arrival_time': 14190, 'day': 'current_day', 'from_stop_id': 'MH-R-1', 'to_stop_id': 'MH-R-0', 'trip_id': 'walking', 'agency_name': 'Unknown'}, {'duration': 1500, 'departure_time': 14400, 'arrival_time': 15900, 'day': 'current_day', 'from_stop_id': 'MH-R-0', 'to_stop_id': 'MH-L-0', 'trip_id': '0-1-6', 'agency_name': 'Unknown'}, {'duration': 30, 'departure_time': 15900, 'arrival_time': 15930, 'day': 'current_day', 'from_stop_id': 'MH-L-0', 'to_stop_id': 'MH-L-1', 'trip_id': 'walking', 'agency_name': 'Unknown'}, {'duration': 450, 'departure_time': 16140, 'arrival_time': 16590, 'day': 'current_day', 'from_stop_id': 'MH-L-1', 'to_stop_id': '60-1', 'trip_id': '1-0-21', 'agency_name': 'Unknown'}]}"
133,40,7230,inter,right,513,[133],[40],0,0,0,0,7230,7290.0,11190.0,11250.0,3900.0,4.0,133,40,,,pt,4020.0,11250.0,4020.0,"{'duration': 3900, 'source_transfer_time': 0, 'waiting_time': 540, 'trip_time': 3360, 'num_transfers': 4, 'departure_time': 7290, 'departure_day': 'current_day', 'arrival_time': 11190, 'arrival_day': 'current_day', 'steps': [{'duration': 930, 'departure_time': 7830, 'arrival_time': 8760, 'day': 'current_day', 'from_stop_id': '133-4', 'to_stop_id': 'MH-R-4', 'trip_id': '9-0-9', 'agency_name': 'Unknown'}, {'duration': 30, 'departure_time': 8760, 'arrival_time': 8790, 'day': 'current_day', 'from_stop_id': 'MH-R-4', 'to_stop_id': 'MH-R-0', 'trip_id': 'walking', 'agency_name': 'Unknown'}, {'duration': 1500, 'departure_time': 9000, 'arrival_time': 10500, 'day': 'current_day', 'from_stop_id': 'MH-R-0', 'to_stop_id': 'MH-L-0', 'trip_id': '0-1-3', 'agency_name': 'Unknown'}, {'duration': 30, 'departure_time': 10500, 'arrival_time': 10530, 'day': 'current_day', 'from_stop_id': 'MH-L-0', 'to_stop_id': 'MH-L-5', 'trip_id': 'walking', 'agency_name': 'Unknown'}, {'duration': 450, 'departure_time': 10740, 'arrival_time': 11190, 'day': 'current_day', 'from_stop_id': 'MH-L-5', 'to_stop_id': '40-5', 'trip_id': '8-1-12', 'agency_name': 'Unknown'}]}"
124,12,4500,inter,right,514,[126],[12],1000,751,0,0,5251,5311.0,9870.0,9930.0,4559.0,4.0,126,12,,,pt,5430.0,9930.0,5430.0,"{'duration': 4559, 'source_transfer_time': 0, 'waiting_time': 479, 'trip_time': 4080, 'num_transfers': 4, 'departure_time': 5311, 'departure_day': 'current_day', 'arrival_time': 9870, 'arrival_day': 'current_day', 'steps': [{'duration': 570, 'departure_time': 5790, 'arrival_time': 6360, 'day': 'current_day', 'from_stop_id': '126-2', 'to_stop_id': 'MH-R-2', 'trip_id': '4-1-5', 'agency_name': 'Unknown'}, {'duration': 30, 'departure_time': 6360, 'arrival_time': 6390, 'day': 'current_day', 'from_stop_id': 'MH-R-2', 'to_stop_id': 'MH-R-0', 'trip_id': 'walking', 'agency_name': 'Unknown'}, {'duration': 1500, 'departure_time': 7200, 'arrival_time': 8700, 'day': 'current_day', 'from_stop_id': 'MH-R-0', 'to_stop_id': 'MH-L-0', 'trip_id': '0-1-2', 'agency_name': 'Unknown'}, {'duration': 30, 'departure_time': 8700, 'arrival_time': 8730, 'day': 'current_day', 'from_stop_id': 'MH-L-0', 'to_stop_id': 'MH-L-4', 'trip_id': 'walking', 'agency_name': 'Unknown'}, {'duration': 930, 'departure_time': 8940, 'arrival_time': 9870, 'day': 'current_day', 'from_stop_id': 'MH-L-4', 'to_stop_id': '12-4', 'trip_id': '7-1-9', 'agency_name': 'Unknown'}]}"
153,41,11610,inter,right,515,[131; 141; 151],[30; 40],1000,751,500,375,12361,12421.0,16590.0,16650.0,4169.0,4.0,131,40,,,pt,5415.0,17025.0,5415.0,"{'duration': 4169, 'source_transfer_time': 0, 'waiting_time': 569, 'trip_time': 3600, 'num_transfers': 4, 'departure_time': 12421, 'departure_day': 'current_day', 'arrival_time': 16590, 'arrival_day': 'current_day', 'steps': [{'duration': 1170, 'departure_time': 12990, 'arrival_time': 14160, 'day': 'current_day', 'from_stop_id': '131-5', 'to_stop_id': 'MH-R-5', 'trip_id': '10-0-18', 'agency_name': 'Unknown'}, {'duration': 30, 'departure_time': 14160, 'arrival_time': 14190, 'day': 'current_day', 'from_stop_id': 'MH-R-5', 'to_stop_id': 'MH-R-0', 'trip_id': 'walking', 'agency_name': 'Unknown'}, {'duration': 1500, 'departure_time': 14400, 'arrival_time': 15900, 'day': 'current_day', 'from_stop_id': 'MH-R-0', 'to_stop_id': 'MH-L-0', 'trip_id': '0-1-6', 'agency_name': 'Unknown'}, {'duration': 30, 'departure_time': 15900, 'arrival_time': 15930, 'day': 'current_day', 'from_stop_id': 'MH-L-0', 'to_stop_id': 'MH-L-5', 'trip_id': 'walking', 'agency_name': 'Unknown'}, {'duration': 450, 'departure_time': 16140, 'arrival_time': 16590, 'day': 'current_day', 'from_stop_id': 'MH-L-5', 'to_stop_id': '40-5', 'trip_id': '8-1-21', 'agency_name': 'Unknown'}]}"
227,27,4110,inter,right,516,[227],[27],0,0,0,0,4110,4170.0,9270.0,9330.0,5100.0,4.0,227,27,,,pt,5220.0,9330.0,5220.0,"{'duration': 5100, 'source_transfer_time': 0, 'waiting_time': 540, 'trip_time': 4560, 'num_transfers': 4, 'departure_time': 4170, 'departure_day': 'current_day', 'arrival_time': 9270, 'arrival_day': 'current_day', 'steps': [{'duration': 1050, 'departure_time': 4710, 'arrival_time': 5760, 'day': 'current_day', 'from_stop_id': '227-5', 'to_stop_id': 'MH-R-5', 'trip_id': '10-1-4', 'agency_name': 'Unknown'}, {'duration': 30, 'departure_time': 5760, 'arrival_time': 5790, 'day': 'current_day', 'from_stop_id': 'MH-R-5', 'to_stop_id': 'MH-R-0', 'trip_id': 'walking', 'agency_name': 'Unknown'}, {'duration': 1500, 'departure_time': 7200, 'arrival_time': 8700, 'day': 'current_day', 'from_stop_id': 'MH-R-0', 'to_stop_id': 'MH-L-0', 'trip_id': '0-1-2', 'agency_name': 'Unknown'}, {'duration': 30, 'departure_time': 8700, 'arrival_time': 8730, 'day': 'current_day', 'from_stop_id': 'MH-L-0', 'to_stop_id': 'MH-L-2', 'trip_id': 'walking', 'agency_name': 'Unknown'}, {'duration': 330, 'departure_time': 8940, 'arrival_time': 9270, 'day': 'current_day', 'from_stop_id': 'MH-L-2', 'to_stop_id': '27-2', 'trip_id': '2-0-9', 'agency_name': 'Unknown'}]}"
181,38,8370,inter,right,517,[181],[38],0,0,0,0,8370,8430.0,12750.0,12810.0,4320.0,4.0,181,38,,,pt,4440.0,12810.0,4440.0,"{'duration': 4320, 'source_transfer_time': 0, 'waiting_time': 480, 'trip_time': 3840, 'num_transfers': 4, 'departure_time': 8430, 'departure_day': 'current_day', 'arrival_time': 12750, 'arrival_day': 'current_day', 'steps': [{'duration': 450, 'departure_time': 8910, 'arrival_time': 9360, 'day': 'current_day', 'from_stop_id': '181-1', 'to_stop_id': 'MH-R-1', 'trip_id': '3-1-10', 'agency_name': 'Unknown'}, {'duration': 30, 'departure_time': 9360, 'arrival_time': 9390, 'day': 'current_day', 'from_stop_id': 'MH-R-1', 'to_stop_id': 'MH-R-0', 'trip_id': 'walking', 'agency_name': 'Unknown'}, {'duration': 1500, 'departure_time': 10800, 'arrival_time': 12300, 'day': 'current_day', 'from_stop_id': 'MH-R-0', 'to_stop_id': 'MH-L-0', 'trip_id': '0-1-4', 'agency_name': 'Unknown'}, {'duration': 30, 'departure_time': 12300, 'arrival_time': 12330, 'day': 'current_day', 'from_stop_id': 'MH-L-0', 'to_stop_id': 'MH-L-2', 'trip_id': 'walking', 'agency_name': 'Unknown'}, {'duration': 210, 'departure_time': 12540, 'arrival_time': 12750, 'day': 'current_day', 'from_stop_id': 'MH-L-2', 'to_stop_id': '38-2', 'trip_id': '2-0-15', 'agency_name': 'Unknown'}]}"
231,17,6510,inter,right,518,[231],[16],0,0,500,375,6510,6570.0,11190.0,11250.0,4620.0,4.0,231,16,,,pt,5115.0,11625.0,5115.0,"{'duration': 4620, 'source_transfer_time': 0, 'waiting_time': 420, 'trip_time': 4200, 'num_transfers': 4, 'departure_time': 6570, 'departure_day': 'current_day', 'arrival_time': 11190, 'arrival_day': 'current_day', 'steps': [{'duration': 570, 'departure_time': 6990, 'arrival_time': 7560, 'day': 'current_day', 'from_stop_id': '231-2', 'to_stop_id': 'MH-R-2', 'trip_id': '4-0-7', 'agency_name': 'Unknown'}, {'duration': 30, 'departure_time': 7560, 'arrival_time': 7590, 'day': 'current_day', 'from_stop_id': 'MH-R-2', 'to_stop_id': 'MH-R-0', 'trip_id': 'walking', 'agency_name': 'Unknown'}, {'duration': 1500, 'departure_time': 9000, 'arrival_time': 10500, 'day': 'current_day', 'from_stop_id': 'MH-R-0', 'to_stop_id': 'MH-L-0', 'trip_id': '0-1-3', 'agency_name': 'Unknown'}, {'duration': 30, 'departure_time': 10500, 'arrival_time': 10530, 'day': 'current_day', 'from_stop_id': 'MH-L-0', 'to_stop_id': 'MH-L-2', 'trip_id': 'walking', 'agency_name': 'Unknown'}, {'duration': 450, 'departure_time': 10740, 'arrival_time': 11190, 'day': 'current_day', 'from_stop_id': 'MH-L-2', 'to_stop_id': '16-2', 'trip_id': '2-0-12', 'agency_name': 'Unknown'}]}"
215,99,13320,inter,right,519,[216; 226],[99],500,375,0,0,13695,13755.0,18390.0,18450.0,4635.0,4.0,216,99,,,pt,5130.0,18450.0,5130.0,"{'duration': 4635, 'source_transfer_time': 0, 'waiting_time': 75, 'trip_time': 4560, 'num_transfers': 4, 'departure_time': 13755, 'departure_day': 'current_day', 'arrival_time': 18390, 'arrival_day': 'current_day', 'steps': [{'duration': 930, 'departure_time': 13830, 'arrival_time': 14760, 'day': 'current_day', 'from_stop_id': '216-5', 'to_stop_id': 'MH-R-5', 'trip_id': '10-1-19', 'agency_name': 'Unknown'}, {'duration': 30, 'departure_time': 14760, 'arrival_time': 14790, 'day': 'current_day', 'from_stop_id': 'MH-R-5', 'to_stop_id': 'MH-R-0', 'trip_id': 'walking', 'agency_name': 'Unknown'}, {'duration': 1500, 'departure_time': 16200, 'arrival_time': 17700, 'day': 'current_day', 'from_stop_id': 'MH-R-0', 'to_stop_id': 'MH-L-0', 'trip_id': '0-1-7', 'agency_name': 'Unknown'}, {'duration': 30, 'departure_time': 17700, 'arrival_time': 17730, 'day': 'current_day', 'from_stop_id': 'MH-L-0', 'to_stop_id': 'MH-L-2', 'trip_id': 'walking', 'agency_name': 'Unknown'}, {'duration': 450, 'departure_time': 17940, 'arrival_time': 18390, 'day': 'current_day', 'from_stop_id': 'MH-L-2', 'to_stop_id': '99-2', 'trip_id': '2-1-24', 'agency_name': 'Unknown'}]}"
178,71,6720,inter,right,520,[178],[61],0,0,500,375,6720,6780.0,11310.0,11370.0,4530.0,4.0,178,61,,,pt,5025.0,11745.0,5025.0,"{'duration': 4530, 'source_transfer_time': 0, 'waiting_time': 570, 'trip_time': 3960, 'num_transfers': 4, 'departure_time': 6780, 'departure_day': 'current_day', 'arrival_time': 11310, 'arrival_day': 'current_day', 'steps': [{'duration': 210, 'departure_time': 7350, 'arrival_time': 7560, 'day': 'current_day', 'from_stop_id': '178-1', 'to_stop_id': 'MH-R-1', 'trip_id': '3-0-7', 'agency_name': 'Unknown'}, {'duration': 30, 'departure_time': 7560, 'arrival_time': 7590, 'day': 'current_day', 'from_stop_id': 'MH-R-1', 'to_stop_id': 'MH-R-0', 'trip_id': 'walking', 'agency_name': 'Unknown'}, {'duration': 1500, 'departure_time': 9000, 'arrival_time': 10500, 'day': 'current_day', 'from_stop_id': 'MH-R-0', 'to_stop_id': 'MH-L-0', 'trip_id': '0-1-3', 'agency_name': 'Unknown'}, {'duration': 30, 'departure_time': 10500, 'arrival_time': 10530, 'day': 'current_day', 'from_stop_id': 'MH-L-0', 'to_stop_id': 'MH-L-1', 'trip_id': 'walking', 'agency_name': 'Unknown'}, {'duration': 570, 'departure_time': 10740, 'arrival_time': 11310, 'day': 'current_day', 'from_stop_id': 'MH-L-1', 'to_stop_id': '61-1', 'trip_id': '1-0-12', 'agency_name': 'Unknown'}]}"
213,75,8490,inter,right,521,[213],[75],0,0,0,0,8490,8550.0,12990.0,13050.0,4440.0,4.0,213,75,,,pt,4560.0,13050.0,4560.0,"{'duration': 4440, 'source_transfer_time': 0, 'waiting_time': 0, 'trip_time': 4440, 'num_transfers': 4, 'departure_time': 8550, 'departure_day': 'current_day', 'arrival_time': 12990, 'arrival_day': 'current_day', 'steps': [{'duration': 810, 'departure_time': 8550, 'arrival_time': 9360, 'day': 'current_day', 'from_stop_id': '213-4', 'to_stop_id': 'MH-R-4', 'trip_id': '9-1-10', 'agency_name': 'Unknown'}, {'duration': 30, 'departure_time': 9360, 'arrival_time': 9390, 'day': 'current_day', 'from_stop_id': 'MH-R-4', 'to_stop_id': 'MH-R-0', 'trip_id': 'walking', 'agency_name': 'Unknown'}, {'duration': 1500, 'departure_time': 10800, 'arrival_time': 12300, 'day': 'current_day', 'from_stop_id': 'MH-R-0', 'to_stop_id': 'MH-L-0', 'trip_id': '0-1-4', 'agency_name': 'Unknown'}, {'duration': 30, 'departure_time': 12300, 'arrival_time': 12330, 'day': 'current_day', 'from_stop_id': 'MH-L-0', 'to_stop_id': 'MH-L-5', 'trip_id': 'walking', 'agency_name': 'Unknown'}, {'duration': 450, 'departure_time': 12540, 'arrival_time': 12990, 'day': 'current_day', 'from_stop_id': 'MH-L-5', 'to_stop_id': '75-5', 'trip_id': '8-0-15', 'agency_name': 'Unknown'}]}"
196,23,9690,inter,right,522,[196],[23],0,0,0,0,9690,9750.0,13350.0,13410.0,3600.0,4.0,196,23,,,pt,3720.0,13410.0,3720.0,"{'duration': 3600, 'source_transfer_time': 0, 'waiting_time': 360, 'trip_time': 3240, 'num_transfers': 4, 'departure_time': 9750, 'departure_day': 'current_day', 'arrival_time': 13350, 'arrival_day': 'current_day', 'steps': [{'duration': 450, 'departure_time': 10110, 'arrival_time': 10560, 'day': 'current_day', 'from_stop_id': '196-5', 'to_stop_id': 'MH-R-5', 'trip_id': '10-1-12', 'agency_name': 'Unknown'}, {'duration': 30, 'departure_time': 10560, 'arrival_time': 10590, 'day': 'current_day', 'from_stop_id': 'MH-R-5', 'to_stop_id': 'MH-R-0', 'trip_id': 'walking', 'agency_name': 'Unknown'}, {'duration': 1500, 'departure_time': 10800, 'arrival_time': 12300, 'day': 'current_day', 'from_stop_id': 'MH-R-0', 'to_stop_id': 'MH-L-0', 'trip_id': '0-1-4', 'agency_name': 'Unknown'}, {'duration': 30, 'departure_time': 12300, 'arrival_time': 12330, 'day': 'current_day', 'from_stop_id': 'MH-L-0', 'to_stop_id': 'MH-L-4', 'trip_id': 'walking', 'agency_name': 'Unknown'}, {'duration': 810, 'departure_time': 12540, 'arrival_time': 13350, 'day': 'current_day', 'from_stop_id': 'MH-L-4', 'to_stop_id': '23-4', 'trip_id': '7-1-15', 'agency_name': 'Unknown'}]}"
143,2,11010,inter,right,523,[132; 144],[0; 12; 24],500,375,1000,751,11385,11445.0,15030.0,15090.0,3585.0,4.0,144,24,,,pt,4831.0,15841.0,4831.0,"{'duration': 3585, 'source_transfer_time': 0, 'waiting_time': 105, 'trip_time': 3480, 'num_transfers': 4, 'departure_time': 11445, 'departure_day': 'current_day', 'arrival_time': 15030, 'arrival_day': 'current_day', 'steps': [{'duration': 810, 'departure_time': 11550, 'arrival_time': 12360, 'day': 'current_day', 'from_stop_id': '144-4', 'to_stop_id': 'MH-R-4', 'trip_id': '9-0-15', 'agency_name': 'Unknown'}, {'duration': 30, 'departure_time': 12360, 'arrival_time': 12390, 'day': 'current_day', 'from_stop_id': 'MH-R-4', 'to_stop_id': 'MH-R-0', 'trip_id': 'walking', 'agency_name': 'Unknown'}, {'duration': 1500, 'departure_time': 12600, 'arrival_time': 14100, 'day': 'current_day', 'from_stop_id': 'MH-R-0', 'to_stop_id': 'MH-L-0', 'trip_id': '0-1-5', 'agency_name': 'Unknown'}, {'duration': 30, 'departure_time': 14100, 'arrival_time': 14130, 'day': 'current_day', 'from_stop_id': 'MH-L-0', 'to_stop_id': 'MH-L-4', 'trip_id': 'walking', 'agency_name': 'Unknown'}, {'duration': 690, 'departure_time': 14340, 'arrival_time': 15030, 'day': 'current_day', 'from_stop_id': 'MH-L-4', 'to_stop_id': '24-4', 'trip_id': '7-1-18', 'agency_name': 'Unknown'}]}"
129,92,10680,inter,right,524,[130; 140],[92],500,375,0,0,11055,11115.0,15150.0,15210.0,4035.0,4.0,130,92,,,pt,4530.0,15210.0,4530.0,"{'duration': 4035, 'source_transfer_time': 0, 'waiting_time': 195, 'trip_time': 3840, 'num_transfers': 4, 'departure_time': 11115, 'departure_day': 'current_day', 'arrival_time': 15150, 'arrival_day': 'current_day', 'steps': [{'duration': 1050, 'departure_time': 11310, 'arrival_time': 12360, 'day': 'current_day', 'from_stop_id': '130-5', 'to_stop_id': 'MH-R-5', 'trip_id': '10-0-15', 'agency_name': 'Unknown'}, {'duration': 30, 'departure_time': 12360, 'arrival_time': 12390, 'day': 'current_day', 'from_stop_id': 'MH-R-5', 'to_stop_id': 'MH-R-0', 'trip_id': 'walking', 'agency_name': 'Unknown'}, {'duration': 1500, 'departure_time': 12600, 'arrival_time': 14100, 'day': 'current_day', 'from_stop_id': 'MH-R-0', 'to_stop_id': 'MH-L-0', 'trip_id': '0-1-5', 'agency_name': 'Unknown'}, {'duration': 30, 'departure_time': 14100, 'arrival_time': 14130, 'day': 'current_day', 'from_stop_id': 'MH-L-0', 'to_stop_id': 'MH-L-4', 'trip_id': 'walking', 'agency_name': 'Unknown'}, {'duration': 810, 'departure_time': 14340, 'arrival_time': 15150, 'day': 'current_day', 'from_stop_id': 'MH-L-4', 'to_stop_id': '92-4', 'trip_id': '7-0-18', 'agency_name': 'Unknown'}]}"
162,111,12300,inter,right,525,[151; 161],[110],500,375,500,375,12675,12735.0,16710.0,16770.0,3975.0,4.0,151,110,,,pt,4845.0,17145.0,4845.0,"{'duration': 3975, 'source_transfer_time': 0, 'waiting_time': 135, 'trip_time': 3840, 'num_transfers': 4, 'departure_time': 12735, 'departure_day': 'current_day', 'arrival_time': 16710, 'arrival_day': 'current_day', 'steps': [{'duration': 690, 'departure_time': 12870, 'arrival_time': 13560, 'day': 'current_day', 'from_stop_id': '151-5', 'to_stop_id': 'MH-R-5', 'trip_id': '10-0-17', 'agency_name': 'Unknown'}, {'duration': 30, 'departure_time': 13560, 'arrival_time': 13590, 'day': 'current_day', 'from_stop_id': 'MH-R-5', 'to_stop_id': 'MH-R-0', 'trip_id': 'walking', 'agency_name': 'Unknown'}, {'duration': 1500, 'departure_time': 14400, 'arrival_time': 15900, 'day': 'current_day', 'from_stop_id': 'MH-R-0', 'to_stop_id': 'MH-L-0', 'trip_id': '0-1-6', 'agency_name': 'Unknown'}, {'duration': 30, 'departure_time': 15900, 'arrival_time': 15930, 'day': 'current_day', 'from_stop_id': 'MH-L-0', 'to_stop_id': 'MH-L-2', 'trip_id': 'walking', 'agency_name': 'Unknown'}, {'duration': 570, 'departure_time': 16140, 'arrival_time': 16710, 'day': 'current_day', 'from_stop_id': 'MH-L-2', 'to_stop_id': '110-2', 'trip_id': '2-1-21', 'agency_name': 'Unknown'}]}"
193,0,10440,inter,right,526,[175],[0],1000,751,0,0,11191,11251.0,15510.0,15570.0,4259.0,4.0,175,0,,,pt,5130.0,15570.0,5130.0,"{'duration': 4259, 'source_transfer_time': 0, 'waiting_time': 539, 'trip_time': 3720, 'num_transfers': 4, 'departure_time': 11251, 'departure_day': 'current_day', 'arrival_time': 15510, 'arrival_day': 'current_day', 'steps': [{'duration': 570, 'departure_time': 11790, 'arrival_time': 12360, 'day': 'current_day', 'from_stop_id': '175-1', 'to_stop_id': 'MH-R-1', 'trip_id': '3-0-15', 'agency_name': 'Unknown'}, {'duration': 30, 'departure_time': 12360, 'arrival_time': 12390, 'day': 'current_day', 'from_stop_id': 'MH-R-1', 'to_stop_id': 'MH-R-0', 'trip_id': 'walking', 'agency_name': 'Unknown'}, {'duration': 1500, 'departure_time': 12600, 'arrival_time': 14100, 'day': 'current_day', 'from_stop_id': 'MH-R-0', 'to_stop_id': 'MH-L-0', 'trip_id': '0-1-5', 'agency_name': 'Unknown'}, {'duration': 30, 'departure_time': 14100, 'arrival_time': 14130, 'day': 'current_day', 'from_stop_id': 'MH-L-0', 'to_stop_id': 'MH-L-4', 'trip_id': 'walking', 'agency_name': 'Unknown'}, {'duration': 1170, 'departure_time': 14340, 'arrival_time': 15510, 'day': 'current_day', 'from_stop_id': 'MH-L-4', 'to_stop_id': '0-4', 'trip_id': '7-1-18', 'agency_name': 'Unknown'}]}"
221,27,11940,inter,right,527,[220],[27],500,375,0,0,12315,12375.0,16470.0,16530.0,4095.0,4.0,220,27,,,pt,4590.0,16530.0,4590.0,"{'duration': 4095, 'source_transfer_time': 0, 'waiting_time': 135, 'trip_time': 3960, 'num_transfers': 4, 'departure_time': 12375, 'departure_day': 'current_day', 'arrival_time': 16470, 'arrival_day': 'current_day', 'steps': [{'duration': 450, 'departure_time': 12510, 'arrival_time': 12960, 'day': 'current_day', 'from_stop_id': '220-2', 'to_stop_id': 'MH-R-2', 'trip_id': '4-0-16', 'agency_name': 'Unknown'}, {'duration': 30, 'departure_time': 12960, 'arrival_time': 12990, 'day': 'current_day', 'from_stop_id': 'MH-R-2', 'to_stop_id': 'MH-R-0', 'trip_id': 'walking', 'agency_name': 'Unknown'}, {'duration': 1500, 'departure_time': 14400, 'arrival_time': 15900, 'day': 'current_day', 'from_stop_id': 'MH-R-0', 'to_stop_id': 'MH-L-0', 'trip_id': '0-1-6', 'agency_name': 'Unknown'}, {'duration': 30, 'departure_time': 15900, 'arrival_time': 15930, 'day': 'current_day', 'from_stop_id': 'MH-L-0', 'to_stop_id': 'MH-L-2', 'trip_id': 'walking', 'agency_name': 'Unknown'}, {'duration': 330, 'departure_time': 16140, 'arrival_time': 16470, 'day': 'current_day', 'from_stop_id': 'MH-L-2', 'to_stop_id': '27-2', 'trip_id': '2-0-21', 'agency_name': 'Unknown'}]}"
219,30,7020,inter,right,528,[220],[30],500,375,0,0,7395,7455.0,11430.0,11490.0,3975.0,4.0,220,30,,,pt,4470.0,11490.0,4470.0,"{'duration': 3975, 'source_transfer_time': 0, 'waiting_time': 255, 'trip_time': 3720, 'num_transfers': 4, 'departure_time': 7455, 'departure_day': 'current_day', 'arrival_time': 11430, 'arrival_day': 'current_day', 'steps': [{'duration': 450, 'departure_time': 7710, 'arrival_time': 8160, 'day': 'current_day', 'from_stop_id': '220-2', 'to_stop_id': 'MH-R-2', 'trip_id': '4-0-8', 'agency_name': 'Unknown'}, {'duration': 30, 'departure_time': 8160, 'arrival_time': 8190, 'day': 'current_day', 'from_stop_id': 'MH-R-2', 'to_stop_id': 'MH-R-0', 'trip_id': 'walking', 'agency_name': 'Unknown'}, {'duration': 1500, 'departure_time': 9000, 'arrival_time': 10500, 'day': 'current_day', 'from_stop_id': 'MH-R-0', 'to_stop_id': 'MH-L-0', 'trip_id': '0-1-3', 'agency_name': 'Unknown'}, {'duration': 30, 'departure_time': 10500, 'arrival_time': 10530, 'day': 'current_day', 'from_stop_id': 'MH-L-0', 'to_stop_id': 'MH-L-5', 'trip_id': 'walking', 'agency_name': 'Unknown'}, {'duration': 690, 'departure_time': 10740, 'arrival_time': 11430, 'day': 'current_day', 'from_stop_id': 'MH-L-5', 'to_stop_id': '30-5', 'trip_id': '8-1-12', 'agency_name': 'Unknown'}]}"
231,63,10500,inter,right,529,[231],[55],0,0,500,375,10500,10560.0,14790.0,14850.0,4230.0,4.0,231,55,,,pt,4725.0,15225.0,4725.0,"{'duration': 4230, 'source_transfer_time': 0, 'waiting_time': 30, 'trip_time': 4200, 'num_transfers': 4, 'departure_time': 10560, 'departure_day': 'current_day', 'arrival_time': 14790, 'arrival_day': 'current_day', 'steps': [{'duration': 570, 'departure_time': 10590, 'arrival_time': 11160, 'day': 'current_day', 'from_stop_id': '231-2', 'to_stop_id': 'MH-R-2', 'trip_id': '4-0-13', 'agency_name': 'Unknown'}, {'duration': 30, 'departure_time': 11160, 'arrival_time': 11190, 'day': 'current_day', 'from_stop_id': 'MH-R-2', 'to_stop_id': 'MH-R-0', 'trip_id': 'walking', 'agency_name': 'Unknown'}, {'duration': 1500, 'departure_time': 12600, 'arrival_time': 14100, 'day': 'current_day', 'from_stop_id': 'MH-R-0', 'to_stop_id': 'MH-L-0', 'trip_id': '0-1-5', 'agency_name': 'Unknown'}, {'duration': 30, 'departure_time': 14100, 'arrival_time': 14130, 'day': 'current_day', 'from_stop_id': 'MH-L-0', 'to_stop_id': 'MH-L-1', 'trip_id': 'walking', 'agency_name': 'Unknown'}, {'duration': 450, 'departure_time': 14340, 'arrival_time': 14790, 'day': 'current_day', 'from_stop_id': 'MH-L-1', 'to_stop_id': '55-1', 'trip_id': '1-1-18', 'agency_name': 'Unknown'}]}"
209,48,6930,inter,right,530,[209],[48],0,0,0,0,6930,6990.0,10950.0,11010.0,3960.0,4.0,209,48,,,pt,4080.0,11010.0,4080.0,"{'duration': 3960, 'source_transfer_time': 0, 'waiting_time': 240, 'trip_time': 3720, 'num_transfers': 4, 'departure_time': 6990, 'departure_day': 'current_day', 'arrival_time': 10950, 'arrival_day': 'current_day', 'steps': [{'duration': 330, 'departure_time': 7230, 'arrival_time': 7560, 'day': 'current_day', 'from_stop_id': '209-2', 'to_stop_id': 'MH-R-2', 'trip_id': '4-0-7', 'agency_name': 'Unknown'}, {'duration': 30, 'departure_time': 7560, 'arrival_time': 7590, 'day': 'current_day', 'from_stop_id': 'MH-R-2', 'to_stop_id': 'MH-R-0', 'trip_id': 'walking', 'agency_name': 'Unknown'}, {'duration': 1500, 'departure_time': 9000, 'arrival_time': 10500, 'day': 'current_day', 'from_stop_id': 'MH-R-0', 'to_stop_id': 'MH-L-0', 'trip_id': '0-1-3', 'agency_name': 'Unknown'}, {'duration': 30, 'departure_time': 10500, 'arrival_time': 10530, 'day': 'current_day', 'from_stop_id': 'MH-L-0', 'to_stop_id': 'MH-L-4', 'trip_id': 'walking', 'agency_name': 'Unknown'}, {'duration': 210, 'departure_time': 10740, 'arrival_time': 10950, 'day': 'current_day', 'from_stop_id': 'MH-L-4', 'to_stop_id': '48-4', 'trip_id': '7-1-12', 'agency_name': 'Unknown'}]}"
236,43,6840,inter,right,531,[236],[61],0,0,1000,751,6840,6900.0,11310.0,11370.0,4410.0,4.0,236,61,,,pt,5281.0,12121.0,5281.0,"{'duration': 4410, 'source_transfer_time': 0, 'waiting_time': 90, 'trip_time': 4320, 'num_transfers': 4, 'departure_time': 6900, 'departure_day': 'current_day', 'arrival_time': 11310, 'arrival_day': 'current_day', 'steps': [{'duration': 1170, 'departure_time': 6990, 'arrival_time': 8160, 'day': 'current_day', 'from_stop_id': '236-4', 'to_stop_id': 'MH-R-4', 'trip_id': '9-1-8', 'agency_name': 'Unknown'}, {'duration': 30, 'departure_time': 8160, 'arrival_time': 8190, 'day': 'current_day', 'from_stop_id': 'MH-R-4', 'to_stop_id': 'MH-R-0', 'trip_id': 'walking', 'agency_name': 'Unknown'}, {'duration': 1500, 'departure_time': 9000, 'arrival_time': 10500, 'day': 'current_day', 'from_stop_id': 'MH-R-0', 'to_stop_id': 'MH-L-0', 'trip_id': '0-1-3', 'agency_name': 'Unknown'}, {'duration': 30, 'departure_time': 10500, 'arrival_time': 10530, 'day': 'current_day', 'from_stop_id': 'MH-L-0', 'to_stop_id': 'MH-L-1', 'trip_id': 'walking', 'agency_name': 'Unknown'}, {'duration': 570, 'departure_time': 10740, 'arrival_time': 11310, 'day': 'current_day', 'from_stop_id': 'MH-L-1', 'to_stop_id': '61-1', 'trip_id': '1-0-12', 'agency_name': 'Unknown'}]}"
232,93,12090,inter,right,532,[231],[92; 104],500,375,500,375,12465,12525.0,16950.0,17010.0,4425.0,4.0,231,92,,,pt,5295.0,17385.0,5295.0,"{'duration': 4425, 'source_transfer_time': 0, 'waiting_time': 465, 'trip_time': 3960, 'num_transfers': 4, 'departure_time': 12525, 'departure_day': 'current_day', 'arrival_time': 16950, 'arrival_day': 'current_day', 'steps': [{'duration': 570, 'departure_time': 12990, 'arrival_time': 13560, 'day': 'current_day', 'from_stop_id': '231-2', 'to_stop_id': 'MH-R-2', 'trip_id': '4-0-17', 'agency_name': 'Unknown'}, {'duration': 30, 'departure_time': 13560, 'arrival_time': 13590, 'day': 'current_day', 'from_stop_id': 'MH-R-2', 'to_stop_id': 'MH-R-0', 'trip_id': 'walking', 'agency_name': 'Unknown'}, {'duration': 1500, 'departure_time': 14400, 'arrival_time': 15900, 'day': 'current_day', 'from_stop_id': 'MH-R-0', 'to_stop_id': 'MH-L-0', 'trip_id': '0-1-6', 'agency_name': 'Unknown'}, {'duration': 30, 'departure_time': 15900, 'arrival_time': 15930, 'day': 'current_day', 'from_stop_id': 'MH-L-0', 'to_stop_id': 'MH-L-4', 'trip_id': 'walking', 'agency_name': 'Unknown'}, {'duration': 810, 'departure_time': 16140, 'arrival_time': 16950, 'day': 'current_day', 'from_stop_id': 'MH-L-4', 'to_stop_id': '92-4', 'trip_id': '7-0-21', 'agency_name': 'Unknown'}]}"
134,4,12180,inter,right,533,[133; 145],[5],500,375,500,375,12555,12615.0,16710.0,16770.0,4095.0,4.0,133,5,,,pt,4965.0,17145.0,4965.0,"{'duration': 4095, 'source_transfer_time': 0, 'waiting_time': 15, 'trip_time': 4080, 'num_transfers': 4, 'departure_time': 12615, 'departure_day': 'current_day', 'arrival_time': 16710, 'arrival_day': 'current_day', 'steps': [{'duration': 930, 'departure_time': 12630, 'arrival_time': 13560, 'day': 'current_day', 'from_stop_id': '133-4', 'to_stop_id': 'MH-R-4', 'trip_id': '9-0-17', 'agency_name': 'Unknown'}, {'duration': 30, 'departure_time': 13560, 'arrival_time': 13590, 'day': 'current_day', 'from_stop_id': 'MH-R-4', 'to_stop_id': 'MH-R-0', 'trip_id': 'walking', 'agency_name': 'Unknown'}, {'duration': 1500, 'departure_time': 14400, 'arrival_time': 15900, 'day': 'current_day', 'from_stop_id': 'MH-R-0', 'to_stop_id': 'MH-L-0', 'trip_id': '0-1-6', 'agency_name': 'Unknown'}, {'duration': 30, 'departure_time': 15900, 'arrival_time': 15930, 'day': 'current_day', 'from_stop_id': 'MH-L-0', 'to_stop_id': 'MH-L-2', 'trip_id': 'walking', 'agency_name': 'Unknown'}, {'duration': 570, 'departure_time': 16140, 'arrival_time': 16710, 'day': 'current_day', 'from_stop_id': 'MH-L-2', 'to_stop_id': '5-2', 'trip_id': '2-0-21', 'agency_name': 'Unknown'}]}"
192,25,4800,inter,right,534,[182],[24; 36],500,375,500,375,5175,5235.0,9390.0,9450.0,4155.0,4.0,182,36,,,pt,5025.0,9825.0,5025.0,"{'duration': 4155, 'source_transfer_time': 0, 'waiting_time': 555, 'trip_time': 3600, 'num_transfers': 4, 'departure_time': 5235, 'departure_day': 'current_day', 'arrival_time': 9390, 'arrival_day': 'current_day', 'steps': [{'duration': 570, 'departure_time': 5790, 'arrival_time': 6360, 'day': 'current_day', 'from_stop_id': '182-1', 'to_stop_id': 'MH-R-1', 'trip_id': '3-1-5', 'agency_name': 'Unknown'}, {'duration': 30, 'departure_time': 6360, 'arrival_time': 6390, 'day': 'current_day', 'from_stop_id': 'MH-R-1', 'to_stop_id': 'MH-R-0', 'trip_id': 'walking', 'agency_name': 'Unknown'}, {'duration': 1500, 'departure_time': 7200, 'arrival_time': 8700, 'day': 'current_day', 'from_stop_id': 'MH-R-0', 'to_stop_id': 'MH-L-0', 'trip_id': '0-1-2', 'agency_name': 'Unknown'}, {'duration': 30, 'departure_time': 8700, 'arrival_time': 8730, 'day': 'current_day', 'from_stop_id': 'MH-L-0', 'to_stop_id': 'MH-L-4', 'trip_id': 'walking', 'agency_name': 'Unknown'}, {'duration': 450, 'departure_time': 8940, 'arrival_time': 9390, 'day': 'current_day', 'from_stop_id': 'MH-L-4', 'to_stop_id': '36-4', 'trip_id': '7-1-9', 'agency_name': 'Unknown'}]}"
210,26,10740,inter,right,535,[209],[27],500,375,500,375,11115,11175.0,14670.0,14730.0,3495.0,4.0,209,27,,,pt,4365.0,15105.0,4365.0,"{'duration': 3495, 'source_transfer_time': 0, 'waiting_time': 255, 'trip_time': 3240, 'num_transfers': 4, 'departure_time': 11175, 'departure_day': 'current_day', 'arrival_time': 14670, 'arrival_day': 'current_day', 'steps': [{'duration': 330, 'departure_time': 11430, 'arrival_time': 11760, 'day': 'current_day', 'from_stop_id': '209-2', 'to_stop_id': 'MH-R-2', 'trip_id': '4-0-14', 'agency_name': 'Unknown'}, {'duration': 30, 'departure_time': 11760, 'arrival_time': 11790, 'day': 'current_day', 'from_stop_id': 'MH-R-2', 'to_stop_id': 'MH-R-0', 'trip_id': 'walking', 'agency_name': 'Unknown'}, {'duration': 1500, 'departure_time': 12600, 'arrival_time': 14100, 'day': 'current_day', 'from_stop_id': 'MH-R-0', 'to_stop_id': 'MH-L-0', 'trip_id': '0-1-5', 'agency_name': 'Unknown'}, {'duration': 30, 'departure_time': 14100, 'arrival_time': 14130, 'day': 'current_day', 'from_stop_id': 'MH-L-0', 'to_stop_id': 'MH-L-2', 'trip_id': 'walking', 'agency_name': 'Unknown'}, {'duration': 330, 'departure_time': 14340, 'arrival_time': 14670, 'day': 'current_day', 'from_stop_id': 'MH-L-2', 'to_stop_id': '27-2', 'trip_id': '2-0-18', 'agency_name': 'Unknown'}]}"
122,73,8550,inter,right,536,[121; 133],[55; 75; 85; 95],500,375,1000,751,8925,8985.0,12990.0,13050.0,4005.0,4.0,121,55,,,pt,5251.0,13801.0,5251.0,"{'duration': 4005, 'source_transfer_time': 0, 'waiting_time': 405, 'trip_time': 3600, 'num_transfers': 4, 'departure_time': 8985, 'departure_day': 'current_day', 'arrival_time': 12990, 'arrival_day': 'current_day', 'steps': [{'duration': 1170, 'departure_time': 9390, 'arrival_time': 10560, 'day': 'current_day', 'from_stop_id': '121-4', 'to_stop_id': 'MH-R-4', 'trip_id': '9-0-12', 'agency_name': 'Unknown'}, {'duration': 30, 'departure_time': 10560, 'arrival_time': 10590, 'day': 'current_day', 'from_stop_id': 'MH-R-4', 'to_stop_id': 'MH-R-0', 'trip_id': 'walking', 'agency_name': 'Unknown'}, {'duration': 1500, 'departure_time': 10800, 'arrival_time': 12300, 'day': 'current_day', 'from_stop_id': 'MH-R-0', 'to_stop_id': 'MH-L-0', 'trip_id': '0-1-4', 'agency_name': 'Unknown'}, {'duration': 30, 'departure_time': 12300, 'arrival_time': 12330, 'day': 'current_day', 'from_stop_id': 'MH-L-0', 'to_stop_id': 'MH-L-1', 'trip_id': 'walking', 'agency_name': 'Unknown'}, {'duration': 450, 'departure_time': 12540, 'arrival_time': 12990, 'day': 'current_day', 'from_stop_id': 'MH-L-1', 'to_stop_id': '55-1', 'trip_id': '1-1-15', 'agency_name': 'Unknown'}]}"
200,61,3900,inter,right,537,[200],[61],0,0,0,0,3900,3960.0,7710.0,7770.0,3750.0,4.0,200,61,,,pt,3870.0,7770.0,3870.0,"{'duration': 3750, 'source_transfer_time': 0, 'waiting_time': 150, 'trip_time': 3600, 'num_transfers': 4, 'departure_time': 3960, 'departure_day': 'current_day', 'arrival_time': 7710, 'arrival_day': 'current_day', 'steps': [{'duration': 450, 'departure_time': 4110, 'arrival_time': 4560, 'day': 'current_day', 'from_stop_id': '200-4', 'to_stop_id': 'MH-R-4', 'trip_id': '9-1-2', 'agency_name': 'Unknown'}, {'duration': 30, 'departure_time': 4560, 'arrival_time': 4590, 'day': 'current_day', 'from_stop_id': 'MH-R-4', 'to_stop_id': 'MH-R-0', 'trip_id': 'walking', 'agency_name': 'Unknown'}, {'duration': 1500, 'departure_time': 5400, 'arrival_time': 6900, 'day': 'current_day', 'from_stop_id': 'MH-R-0', 'to_stop_id': 'MH-L-0', 'trip_id': '0-1-1', 'agency_name': 'Unknown'}, {'duration': 30, 'departure_time': 6900, 'arrival_time': 6930, 'day': 'current_day', 'from_stop_id': 'MH-L-0', 'to_stop_id': 'MH-L-1', 'trip_id': 'walking', 'agency_name': 'Unknown'}, {'duration': 570, 'departure_time': 7140, 'arrival_time': 7710, 'day': 'current_day', 'from_stop_id': 'MH-L-1', 'to_stop_id': '61-1', 'trip_id': '1-0-6', 'agency_name': 'Unknown'}]}"
170,96,7320,inter,right,538,[170],[96],0,0,0,0,7320,7380.0,11550.0,11610.0,4170.0,4.0,170,96,,,pt,4290.0,11610.0,4290.0,"{'duration': 4170, 'source_transfer_time': 0, 'waiting_time': 570, 'trip_time': 3600, 'num_transfers': 4, 'departure_time': 7380, 'departure_day': 'current_day', 'arrival_time': 11550, 'arrival_day': 'current_day', 'steps': [{'duration': 210, 'departure_time': 7950, 'arrival_time': 8160, 'day': 'current_day', 'from_stop_id': '170-5', 'to_stop_id': 'MH-R-5', 'trip_id': '10-0-8', 'agency_name': 'Unknown'}, {'duration': 30, 'departure_time': 8160, 'arrival_time': 8190, 'day': 'current_day', 'from_stop_id': 'MH-R-5', 'to_stop_id': 'MH-R-0', 'trip_id': 'walking', 'agency_name': 'Unknown'}, {'duration': 1500, 'departure_time': 9000, 'arrival_time': 10500, 'day': 'current_day', 'from_stop_id': 'MH-R-0', 'to_stop_id': 'MH-L-0', 'trip_id': '0-1-3', 'agency_name': 'Unknown'}, {'duration': 30, 'departure_time': 10500, 'arrival_time': 10530, 'day': 'current_day', 'from_stop_id': 'MH-L-0', 'to_stop_id': 'MH-L-5', 'trip_id': 'walking', 'agency_name': 'Unknown'}, {'duration': 810, 'departure_time': 10740, 'arrival_time': 11550, 'day': 'current_day', 'from_stop_id': 'MH-L-5', 'to_stop_id': '96-5', 'trip_id': '8-0-12', 'agency_name': 'Unknown'}]}"
146,92,7140,inter,right,539,[145; 157],[92],500,375,0,0,7515,7575.0,11550.0,11610.0,3975.0,4.0,145,92,,,pt,4470.0,11610.0,4470.0,"{'duration': 3975, 'source_transfer_time': 0, 'waiting_time': 495, 'trip_time': 3480, 'num_transfers': 4, 'departure_time': 7575, 'departure_day': 'current_day', 'arrival_time': 11550, 'arrival_day': 'current_day', 'steps': [{'duration': 690, 'departure_time': 8070, 'arrival_time': 8760, 'day': 'current_day', 'from_stop_id': '145-4', 'to_stop_id': 'MH-R-4', 'trip_id': '9-0-9', 'agency_name': 'Unknown'}, {'duration': 30, 'departure_time': 8760, 'arrival_time': 8790, 'day': 'current_day', 'from_stop_id': 'MH-R-4', 'to_stop_id': 'MH-R-0', 'trip_id': 'walking', 'agency_name': 'Unknown'}, {'duration': 1500, 'departure_time': 9000, 'arrival_time': 10500, 'day': 'current_day', 'from_stop_id': 'MH-R-0', 'to_stop_id': 'MH-L-0', 'trip_id': '0-1-3', 'agency_name': 'Unknown'}, {'duration': 30, 'departure_time': 10500, 'arrival_time': 10530, 'day': 'current_day', 'from_stop_id': 'MH-L-0', 'to_stop_id': 'MH-L-4', 'trip_id': 'walking', 'agency_name': 'Unknown'}, {'duration': 810, 'departure_time': 10740, 'arrival_time': 11550, 'day': 'current_day', 'from_stop_id': 'MH-L-4', 'to_stop_id': '92-4', 'trip_id': '7-0-12', 'agency_name': 'Unknown'}]}"
195,34,6300,inter,right,540,[196; 206],[23; 35],500,375,500,375,6675,6735.0,11310.0,11370.0,4575.0,4.0,196,35,,,pt,5445.0,11745.0,5445.0,"{'duration': 4575, 'source_transfer_time': 0, 'waiting_time': 375, 'trip_time': 4200, 'num_transfers': 4, 'departure_time': 6735, 'departure_day': 'current_day', 'arrival_time': 11310, 'arrival_day': 'current_day', 'steps': [{'duration': 450, 'departure_time': 7110, 'arrival_time': 7560, 'day': 'current_day', 'from_stop_id': '196-5', 'to_stop_id': 'MH-R-5', 'trip_id': '10-1-7', 'agency_name': 'Unknown'}, {'duration': 30, 'departure_time': 7560, 'arrival_time': 7590, 'day': 'current_day', 'from_stop_id': 'MH-R-5', 'to_stop_id': 'MH-R-0', 'trip_id': 'walking', 'agency_name': 'Unknown'}, {'duration': 1500, 'departure_time': 9000, 'arrival_time': 10500, 'day': 'current_day', 'from_stop_id': 'MH-R-0', 'to_stop_id': 'MH-L-0', 'trip_id': '0-1-3', 'agency_name': 'Unknown'}, {'duration': 30, 'departure_time': 10500, 'arrival_time': 10530, 'day': 'current_day', 'from_stop_id': 'MH-L-0', 'to_stop_id': 'MH-L-4', 'trip_id': 'walking', 'agency_name': 'Unknown'}, {'duration': 570, 'departure_time': 10740, 'arrival_time': 11310, 'day': 'current_day', 'from_stop_id': 'MH-L-4', 'to_stop_id': '35-4', 'trip_id': '7-1-12', 'agency_name': 'Unknown'}]}"
163,102,10020,inter,right,541,[141; 151; 161; 181],[91; 103],1000,751,500,375,10771,10831.0,15030.0,15090.0,4199.0,4.0,141,91,,,pt,5445.0,15465.0,5445.0,"{'duration': 4199, 'source_transfer_time': 0, 'waiting_time': 599, 'trip_time': 3600, 'num_transfers': 4, 'departure_time': 10831, 'departure_day': 'current_day', 'arrival_time': 15030, 'arrival_day': 'current_day', 'steps': [{'duration': 930, 'departure_time': 11430, 'arrival_time': 12360, 'day': 'current_day', 'from_stop_id': '141-5', 'to_stop_id': 'MH-R-5', 'trip_id': '10-0-15', 'agency_name': 'Unknown'}, {'duration': 30, 'departure_time': 12360, 'arrival_time': 12390, 'day': 'current_day', 'from_stop_id': 'MH-R-5', 'to_stop_id': 'MH-R-0', 'trip_id': 'walking', 'agency_name': 'Unknown'}, {'duration': 1500, 'departure_time': 12600, 'arrival_time': 14100, 'day': 'current_day', 'from_stop_id': 'MH-R-0', 'to_stop_id': 'MH-L-0', 'trip_id': '0-1-5', 'agency_name': 'Unknown'}, {'duration': 30, 'departure_time': 14100, 'arrival_time': 14130, 'day': 'current_day', 'from_stop_id': 'MH-L-0', 'to_stop_id': 'MH-L-4', 'trip_id': 'walking', 'agency_name': 'Unknown'}, {'duration': 690, 'departure_time': 14340, 'arrival_time': 15030, 'day': 'current_day', 'from_stop_id': 'MH-L-4', 'to_stop_id': '91-4', 'trip_id': '7-0-18', 'agency_name': 'Unknown'}]}"
226,19,6300,inter,right,542,[226],[19],0,0,0,0,6300,6360.0,11550.0,11610.0,5190.0,4.0,226,19,,,pt,5310.0,11610.0,5310.0,"{'duration': 5190, 'source_transfer_time': 0, 'waiting_time': 30, 'trip_time': 5160, 'num_transfers': 4, 'departure_time': 6360, 'departure_day': 'current_day', 'arrival_time': 11550, 'arrival_day': 'current_day', 'steps': [{'duration': 1170, 'departure_time': 6390, 'arrival_time': 7560, 'day': 'current_day', 'from_stop_id': '226-5', 'to_stop_id': 'MH-R-5', 'trip_id': '10-1-7', 'agency_name': 'Unknown'}, {'duration': 30, 'departure_time': 7560, 'arrival_time': 7590, 'day': 'current_day', 'from_stop_id': 'MH-R-5', 'to_stop_id': 'MH-R-0', 'trip_id': 'walking', 'agency_name': 'Unknown'}, {'duration': 1500, 'departure_time': 9000, 'arrival_time': 10500, 'day': 'current_day', 'from_stop_id': 'MH-R-0', 'to_stop_id': 'MH-L-0', 'trip_id': '0-1-3', 'agency_name': 'Unknown'}, {'duration': 30, 'departure_time': 10500, 'arrival_time': 10530, 'day': 'current_day', 'from_stop_id': 'MH-L-0', 'to_stop_id': 'MH-L-5', 'trip_id': 'walking', 'agency_name': 'Unknown'}, {'duration': 810, 'departure_time': 10740, 'arrival_time': 11550, 'day': 'current_day', 'from_stop_id': 'MH-L-5', 'to_stop_id': '19-5', 'trip_id': '8-1-12', 'agency_name': 'Unknown'}]}"
198,76,13080,inter,right,543,[198],[76],0,0,0,0,13080,13140.0,16470.0,16530.0,3330.0,4.0,198,76,,,pt,3450.0,16530.0,3450.0,"{'duration': 3330, 'source_transfer_time': 0, 'waiting_time': 210, 'trip_time': 3120, 'num_transfers': 4, 'departure_time': 13140, 'departure_day': 'current_day', 'arrival_time': 16470, 'arrival_day': 'current_day', 'steps': [{'duration': 210, 'departure_time': 13350, 'arrival_time': 13560, 'day': 'current_day', 'from_stop_id': '198-2', 'to_stop_id': 'MH-R-2', 'trip_id': '4-0-17', 'agency_name': 'Unknown'}, {'duration': 30, 'departure_time': 13560, 'arrival_time': 13590, 'day': 'current_day', 'from_stop_id': 'MH-R-2', 'to_stop_id': 'MH-R-0', 'trip_id': 'walking', 'agency_name': 'Unknown'}, {'duration': 1500, 'departure_time': 14400, 'arrival_time': 15900, 'day': 'current_day', 'from_stop_id': 'MH-R-0', 'to_stop_id': 'MH-L-0', 'trip_id': '0-1-6', 'agency_name': 'Unknown'}, {'duration': 30, 'departure_time': 15900, 'arrival_time': 15930, 'day': 'current_day', 'from_stop_id': 'MH-L-0', 'to_stop_id': 'MH-L-5', 'trip_id': 'walking', 'agency_name': 'Unknown'}, {'duration': 330, 'departure_time': 16140, 'arrival_time': 16470, 'day': 'current_day', 'from_stop_id': 'MH-L-5', 'to_stop_id': '76-5', 'trip_id': '8-0-21', 'agency_name': 'Unknown'}]}"
144,102,6870,inter,right,544,[144],[91; 103],0,0,500,375,6870,6930.0,11430.0,11490.0,4500.0,4.0,144,91,,,pt,4995.0,11865.0,4995.0,"{'duration': 4500, 'source_transfer_time': 0, 'waiting_time': 420, 'trip_time': 4080, 'num_transfers': 4, 'departure_time': 6930, 'departure_day': 'current_day', 'arrival_time': 11430, 'arrival_day': 'current_day', 'steps': [{'duration': 810, 'departure_time': 7350, 'arrival_time': 8160, 'day': 'current_day', 'from_stop_id': '144-4', 'to_stop_id': 'MH-R-4', 'trip_id': '9-0-8', 'agency_name': 'Unknown'}, {'duration': 30, 'departure_time': 8160, 'arrival_time': 8190, 'day': 'current_day', 'from_stop_id': 'MH-R-4', 'to_stop_id': 'MH-R-0', 'trip_id': 'walking', 'agency_name': 'Unknown'}, {'duration': 1500, 'departure_time': 9000, 'arrival_time': 10500, 'day': 'current_day', 'from_stop_id': 'MH-R-0', 'to_stop_id': 'MH-L-0', 'trip_id': '0-1-3', 'agency_name': 'Unknown'}, {'duration': 30, 'departure_time': 10500, 'arrival_time': 10530, 'day': 'current_day', 'from_stop_id': 'MH-L-0', 'to_stop_id': 'MH-L-4', 'trip_id': 'walking', 'agency_name': 'Unknown'}, {'duration': 690, 'departure_time': 10740, 'arrival_time': 11430, 'day': 'current_day', 'from_stop_id': 'MH-L-4', 'to_stop_id': '91-4', 'trip_id': '7-0-12', 'agency_name': 'Unknown'}]}"
175,7,13140,inter,right,545,[175],[5; 9; 19; 29],0,0,1000,751,13140,13200.0,16710.0,16770.0,3510.0,4.0,175,5,,,pt,4381.0,17521.0,4381.0,"{'duration': 3510, 'source_transfer_time': 0, 'waiting_time': 390, 'trip_time': 3120, 'num_transfers': 4, 'departure_time': 13200, 'departure_day': 'current_day', 'arrival_time': 16710, 'arrival_day': 'current_day', 'steps': [{'duration': 570, 'departure_time': 13590, 'arrival_time': 14160, 'day': 'current_day', 'from_stop_id': '175-1', 'to_stop_id': 'MH-R-1', 'trip_id': '3-0-18', 'agency_name': 'Unknown'}, {'duration': 30, 'departure_time': 14160, 'arrival_time': 14190, 'day': 'current_day', 'from_stop_id': 'MH-R-1', 'to_stop_id': 'MH-R-0', 'trip_id': 'walking', 'agency_name': 'Unknown'}, {'duration': 1500, 'departure_time': 14400, 'arrival_time': 15900, 'day': 'current_day', 'from_stop_id': 'MH-R-0', 'to_stop_id': 'MH-L-0', 'trip_id': '0-1-6', 'agency_name': 'Unknown'}, {'duration': 30, 'departure_time': 15900, 'arrival_time': 15930, 'day': 'current_day', 'from_stop_id': 'MH-L-0', 'to_stop_id': 'MH-L-2', 'trip_id': 'walking', 'agency_name': 'Unknown'}, {'duration': 570, 'departure_time': 16140, 'arrival_time': 16710, 'day': 'current_day', 'from_stop_id': 'MH-L-2', 'to_stop_id': '5-2', 'trip_id': '2-0-21', 'agency_name': 'Unknown'}]}"
153,104,6360,inter,right,546,[131; 141; 151],[104],1000,751,0,0,7111,7171.0,11790.0,11850.0,4619.0,4.0,131,104,,,pt,5490.0,11850.0,5490.0,"{'duration': 4619, 'source_transfer_time': 0, 'waiting_time': 419, 'trip_time': 4200, 'num_transfers': 4, 'departure_time': 7171, 'departure_day': 'current_day', 'arrival_time': 11790, 'arrival_day': 'current_day', 'steps': [{'duration': 1170, 'departure_time': 7590, 'arrival_time': 8760, 'day': 'current_day', 'from_stop_id': '131-5', 'to_stop_id': 'MH-R-5', 'trip_id': '10-0-9', 'agency_name': 'Unknown'}, {'duration': 30, 'departure_time': 8760, 'arrival_time': 8790, 'day': 'current_day', 'from_stop_id': 'MH-R-5', 'to_stop_id': 'MH-R-0', 'trip_id': 'walking', 'agency_name': 'Unknown'}, {'duration': 1500, 'departure_time': 9000, 'arrival_time': 10500, 'day': 'current_day', 'from_stop_id': 'MH-R-0', 'to_stop_id': 'MH-L-0', 'trip_id': '0-1-3', 'agency_name': 'Unknown'}, {'duration': 30, 'departure_time': 10500, 'arrival_time': 10530, 'day': 'current_day', 'from_stop_id': 'MH-L-0', 'to_stop_id': 'MH-L-4', 'trip_id': 'walking', 'agency_name': 'Unknown'}, {'duration': 1050, 'departure_time': 10740, 'arrival_time': 11790, 'day': 'current_day', 'from_stop_id': 'MH-L-4', 'to_stop_id': '104-4', 'trip_id': '7-0-12', 'agency_name': 'Unknown'}]}"
141,23,14130,inter,right,547,[141],[23],0,0,0,0,14130,14190.0,18750.0,18810.0,4560.0,4.0,141,23,,,pt,4680.0,18810.0,4680.0,"{'duration': 4560, 'source_transfer_time': 0, 'waiting_time': 240, 'trip_time': 4320, 'num_transfers': 4, 'departure_time': 14190, 'departure_day': 'current_day', 'arrival_time': 18750, 'arrival_day': 'current_day', 'steps': [{'duration': 930, 'departure_time': 14430, 'arrival_time': 15360, 'day': 'current_day', 'from_stop_id': '141-5', 'to_stop_id': 'MH-R-5', 'trip_id': '10-0-20', 'agency_name': 'Unknown'}, {'duration': 30, 'departure_time': 15360, 'arrival_time': 15390, 'day': 'current_day', 'from_stop_id': 'MH-R-5', 'to_stop_id': 'MH-R-0', 'trip_id': 'walking', 'agency_name': 'Unknown'}, {'duration': 1500, 'departure_time': 16200, 'arrival_time': 17700, 'day': 'current_day', 'from_stop_id': 'MH-R-0', 'to_stop_id': 'MH-L-0', 'trip_id': '0-1-7', 'agency_name': 'Unknown'}, {'duration': 30, 'departure_time': 17700, 'arrival_time': 17730, 'day': 'current_day', 'from_stop_id': 'MH-L-0', 'to_stop_id': 'MH-L-4', 'trip_id': 'walking', 'agency_name': 'Unknown'}, {'duration': 810, 'departure_time': 17940, 'arrival_time': 18750, 'day': 'current_day', 'from_stop_id': 'MH-L-4', 'to_stop_id': '23-4', 'trip_id': '7-1-24', 'agency_name': 'Unknown'}]}"
186,45,11100,inter,right,548,[178; 187; 196],[55],500,375,500,375,11475,11535.0,14790.0,14850.0,3255.0,4.0,178,55,,,pt,4125.0,15225.0,4125.0,"{'duration': 3255, 'source_transfer_time': 0, 'waiting_time': 15, 'trip_time': 3240, 'num_transfers': 4, 'departure_time': 11535, 'departure_day': 'current_day', 'arrival_time': 14790, 'arrival_day': 'current_day', 'steps': [{'duration': 210, 'departure_time': 11550, 'arrival_time': 11760, 'day': 'current_day', 'from_stop_id': '178-1', 'to_stop_id': 'MH-R-1', 'trip_id': '3-0-14', 'agency_name': 'Unknown'}, {'duration': 30, 'departure_time': 11760, 'arrival_time': 11790, 'day': 'current_day', 'from_stop_id': 'MH-R-1', 'to_stop_id': 'MH-R-0', 'trip_id': 'walking', 'agency_name': 'Unknown'}, {'duration': 1500, 'departure_time': 12600, 'arrival_time': 14100, 'day': 'current_day', 'from_stop_id': 'MH-R-0', 'to_stop_id': 'MH-L-0', 'trip_id': '0-1-5', 'agency_name': 'Unknown'}, {'duration': 30, 'departure_time': 14100, 'arrival_time': 14130, 'day': 'current_day', 'from_stop_id': 'MH-L-0', 'to_stop_id': 'MH-L-1', 'trip_id': 'walking', 'agency_name': 'Unknown'}, {'duration': 450, 'departure_time': 14340, 'arrival_time': 14790, 'day': 'current_day', 'from_stop_id': 'MH-L-1', 'to_stop_id': '55-1', 'trip_id': '1-1-18', 'agency_name': 'Unknown'}]}"
128,97,6330,inter,right,549,[126; 130; 140; 150],[86; 96],1000,751,500,375,7081,7141.0,11310.0,11370.0,4169.0,4.0,126,86,,,pt,5415.0,11745.0,5415.0,"{'duration': 4169, 'source_transfer_time': 0, 'waiting_time': 449, 'trip_time': 3720, 'num_transfers': 4, 'departure_time': 7141, 'departure_day': 'current_day', 'arrival_time': 11310, 'arrival_day': 'current_day', 'steps': [{'duration': 570, 'departure_time': 7590, 'arrival_time': 8160, 'day': 'current_day', 'from_stop_id': '126-2', 'to_stop_id': 'MH-R-2', 'trip_id': '4-1-8', 'agency_name': 'Unknown'}, {'duration': 30, 'departure_time': 8160, 'arrival_time': 8190, 'day': 'current_day', 'from_stop_id': 'MH-R-2', 'to_stop_id': 'MH-R-0', 'trip_id': 'walking', 'agency_name': 'Unknown'}, {'duration': 1500, 'departure_time': 9000, 'arrival_time': 10500, 'day': 'current_day', 'from_stop_id': 'MH-R-0', 'to_stop_id': 'MH-L-0', 'trip_id': '0-1-3', 'agency_name': 'Unknown'}, {'duration': 30, 'departure_time': 10500, 'arrival_time': 10530, 'day': 'current_day', 'from_stop_id': 'MH-L-0', 'to_stop_id': 'MH-L-5', 'trip_id': 'walking', 'agency_name': 'Unknown'}, {'duration': 570, 'departure_time': 10740, 'arrival_time': 11310, 'day': 'current_day', 'from_stop_id': 'MH-L-5', 'to_stop_id': '86-5', 'trip_id': '8-0-12', 'agency_name': 'Unknown'}]}"
208,88,9360,inter,right,550,[197; 207; 209],[88],500,375,0,0,9735,9795.0,12870.0,12930.0,3075.0,4.0,197,88,,,pt,3570.0,12930.0,3570.0,"{'duration': 3075, 'source_transfer_time': 0, 'waiting_time': 435, 'trip_time': 2640, 'num_transfers': 4, 'departure_time': 9795, 'departure_day': 'current_day', 'arrival_time': 12870, 'arrival_day': 'current_day', 'steps': [{'duration': 330, 'departure_time': 10230, 'arrival_time': 10560, 'day': 'current_day', 'from_stop_id': '197-5', 'to_stop_id': 'MH-R-5', 'trip_id': '10-1-12', 'agency_name': 'Unknown'}, {'duration': 30, 'departure_time': 10560, 'arrival_time': 10590, 'day': 'current_day', 'from_stop_id': 'MH-R-5', 'to_stop_id': 'MH-R-0', 'trip_id': 'walking', 'agency_name': 'Unknown'}, {'duration': 1500, 'departure_time': 10800, 'arrival_time': 12300, 'day': 'current_day', 'from_stop_id': 'MH-R-0', 'to_stop_id': 'MH-L-0', 'trip_id': '0-1-4', 'agency_name': 'Unknown'}, {'duration': 30, 'departure_time': 12300, 'arrival_time': 12330, 'day': 'current_day', 'from_stop_id': 'MH-L-0', 'to_stop_id': 'MH-L-2', 'trip_id': 'walking', 'agency_name': 'Unknown'}, {'duration': 330, 'departure_time': 12540, 'arrival_time': 12870, 'day': 'current_day', 'from_stop_id': 'MH-L-2', 'to_stop_id': '88-2', 'trip_id': '2-1-15', 'agency_name': 'Unknown'}]}"
232,108,6720,inter,right,551,[231],[86; 96; 106; 110],500,375,1000,751,7095,7155.0,11310.0,11370.0,4155.0,4.0,231,86,,,pt,5401.0,12121.0,5401.0,"{'duration': 4155, 'source_transfer_time': 0, 'waiting_time': 435, 'trip_time': 3720, 'num_transfers': 4, 'departure_time': 7155, 'departure_day': 'current_day', 'arrival_time': 11310, 'arrival_day': 'current_day', 'steps': [{'duration': 570, 'departure_time': 7590, 'arrival_time': 8160, 'day': 'current_day', 'from_stop_id': '231-2', 'to_stop_id': 'MH-R-2', 'trip_id': '4-0-8', 'agency_name': 'Unknown'}, {'duration': 30, 'departure_time': 8160, 'arrival_time': 8190, 'day': 'current_day', 'from_stop_id': 'MH-R-2', 'to_stop_id': 'MH-R-0', 'trip_id': 'walking', 'agency_name': 'Unknown'}, {'duration': 1500, 'departure_time': 9000, 'arrival_time': 10500, 'day': 'current_day', 'from_stop_id': 'MH-R-0', 'to_stop_id': 'MH-L-0', 'trip_id': '0-1-3', 'agency_name': 'Unknown'}, {'duration': 30, 'departure_time': 10500, 'arrival_time': 10530, 'day': 'current_day', 'from_stop_id': 'MH-L-0', 'to_stop_id': 'MH-L-5', 'trip_id': 'walking', 'agency_name': 'Unknown'}, {'duration': 570, 'departure_time': 10740, 'arrival_time': 11310, 'day': 'current_day', 'from_stop_id': 'MH-L-5', 'to_stop_id': '86-5', 'trip_id': '8-0-12', 'agency_name': 'Unknown'}]}"
189,6,12360,inter,right,552,[189],[5],0,0,500,375,12360,12420.0,16710.0,16770.0,4290.0,4.0,189,5,,,pt,4785.0,17145.0,4785.0,"{'duration': 4290, 'source_transfer_time': 0, 'waiting_time': 210, 'trip_time': 4080, 'num_transfers': 4, 'departure_time': 12420, 'departure_day': 'current_day', 'arrival_time': 16710, 'arrival_day': 'current_day', 'steps': [{'duration': 330, 'departure_time': 12630, 'arrival_time': 12960, 'day': 'current_day', 'from_stop_id': '189-4', 'to_stop_id': 'MH-R-4', 'trip_id': '9-1-16', 'agency_name': 'Unknown'}, {'duration': 30, 'departure_time': 12960, 'arrival_time': 12990, 'day': 'current_day', 'from_stop_id': 'MH-R-4', 'to_stop_id': 'MH-R-0', 'trip_id': 'walking', 'agency_name': 'Unknown'}, {'duration': 1500, 'departure_time': 14400, 'arrival_time': 15900, 'day': 'current_day', 'from_stop_id': 'MH-R-0', 'to_stop_id': 'MH-L-0', 'trip_id': '0-1-6', 'agency_name': 'Unknown'}, {'duration': 30, 'departure_time': 15900, 'arrival_time': 15930, 'day': 'current_day', 'from_stop_id': 'MH-L-0', 'to_stop_id': 'MH-L-2', 'trip_id': 'walking', 'agency_name': 'Unknown'}, {'duration': 570, 'departure_time': 16140, 'arrival_time': 16710, 'day': 'current_day', 'from_stop_id': 'MH-L-2', 'to_stop_id': '5-2', 'trip_id': '2-0-21', 'agency_name': 'Unknown'}]}"
170,95,13710,inter,right,553,[170],[95],0,0,0,0,13710,13770.0,17070.0,17130.0,3300.0,4.0,170,95,,,pt,3420.0,17130.0,3420.0,"{'duration': 3300, 'source_transfer_time': 0, 'waiting_time': 180, 'trip_time': 3120, 'num_transfers': 4, 'departure_time': 13770, 'departure_day': 'current_day', 'arrival_time': 17070, 'arrival_day': 'current_day', 'steps': [{'duration': 210, 'departure_time': 13950, 'arrival_time': 14160, 'day': 'current_day', 'from_stop_id': '170-5', 'to_stop_id': 'MH-R-5', 'trip_id': '10-0-18', 'agency_name': 'Unknown'}, {'duration': 30, 'departure_time': 14160, 'arrival_time': 14190, 'day': 'current_day', 'from_stop_id': 'MH-R-5', 'to_stop_id': 'MH-R-0', 'trip_id': 'walking', 'agency_name': 'Unknown'}, {'duration': 1500, 'departure_time': 14400, 'arrival_time': 15900, 'day': 'current_day', 'from_stop_id': 'MH-R-0', 'to_stop_id': 'MH-L-0', 'trip_id': '0-1-6', 'agency_name': 'Unknown'}, {'duration': 30, 'departure_time': 15900, 'arrival_time': 15930, 'day': 'current_day', 'from_stop_id': 'MH-L-0', 'to_stop_id': 'MH-L-5', 'trip_id': 'walking', 'agency_name': 'Unknown'}, {'duration': 930, 'departure_time': 16140, 'arrival_time': 17070, 'day': 'current_day', 'from_stop_id': 'MH-L-5', 'to_stop_id': '95-5', 'trip_id': '8-0-21', 'agency_name': 'Unknown'}]}"
224,32,7200,inter,right,554,[224],[10; 20; 30],0,0,1000,751,7200,7260.0,11430.0,11490.0,4170.0,4.0,224,30,,,pt,5041.0,12241.0,5041.0,"{'duration': 4170, 'source_transfer_time': 0, 'waiting_time': 570, 'trip_time': 3600, 'num_transfers': 4, 'departure_time': 7260, 'departure_day': 'current_day', 'arrival_time': 11430, 'arrival_day': 'current_day', 'steps': [{'duration': 930, 'departure_time': 7830, 'arrival_time': 8760, 'day': 'current_day', 'from_stop_id': '224-4', 'to_stop_id': 'MH-R-4', 'trip_id': '9-1-9', 'agency_name': 'Unknown'}, {'duration': 30, 'departure_time': 8760, 'arrival_time': 8790, 'day': 'current_day', 'from_stop_id': 'MH-R-4', 'to_stop_id': 'MH-R-0', 'trip_id': 'walking', 'agency_name': 'Unknown'}, {'duration': 1500, 'departure_time': 9000, 'arrival_time': 10500, 'day': 'current_day', 'from_stop_id': 'MH-R-0', 'to_stop_id': 'MH-L-0', 'trip_id': '0-1-3', 'agency_name': 'Unknown'}, {'duration': 30, 'departure_time': 10500, 'arrival_time': 10530, 'day': 'current_day', 'from_stop_id': 'MH-L-0', 'to_stop_id': 'MH-L-5', 'trip_id': 'walking', 'agency_name': 'Unknown'}, {'duration': 690, 'departure_time': 10740, 'arrival_time': 11430, 'day': 'current_day', 'from_stop_id': 'MH-L-5', 'to_stop_id': '30-5', 'trip_id': '8-1-12', 'agency_name': 'Unknown'}]}"
230,88,10350,inter,right,555,[231],[88],500,375,0,0,10725,10785.0,14670.0,14730.0,3885.0,4.0,231,88,,,pt,4380.0,14730.0,4380.0,"{'duration': 3885, 'source_transfer_time': 0, 'waiting_time': 405, 'trip_time': 3480, 'num_transfers': 4, 'departure_time': 10785, 'departure_day': 'current_day', 'arrival_time': 14670, 'arrival_day': 'current_day', 'steps': [{'duration': 570, 'departure_time': 11190, 'arrival_time': 11760, 'day': 'current_day', 'from_stop_id': '231-2', 'to_stop_id': 'MH-R-2', 'trip_id': '4-0-14', 'agency_name': 'Unknown'}, {'duration': 30, 'departure_time': 11760, 'arrival_time': 11790, 'day': 'current_day', 'from_stop_id': 'MH-R-2', 'to_stop_id': 'MH-R-0', 'trip_id': 'walking', 'agency_name': 'Unknown'}, {'duration': 1500, 'departure_time': 12600, 'arrival_time': 14100, 'day': 'current_day', 'from_stop_id': 'MH-R-0', 'to_stop_id': 'MH-L-0', 'trip_id': '0-1-5', 'agency_name': 'Unknown'}, {'duration': 30, 'departure_time': 14100, 'arrival_time': 14130, 'day': 'current_day', 'from_stop_id': 'MH-L-0', 'to_stop_id': 'MH-L-2', 'trip_id': 'walking', 'agency_name': 'Unknown'}, {'duration': 330, 'departure_time': 14340, 'arrival_time': 14670, 'day': 'current_day', 'from_stop_id': 'MH-L-2', 'to_stop_id': '88-2', 'trip_id': '2-1-18', 'agency_name': 'Unknown'}]}"
160,75,4590,inter,right,556,[160],[75],0,0,0,0,4590,4650.0,7590.0,7650.0,2940.0,4.0,160,75,,,pt,3060.0,7650.0,3060.0,"{'duration': 2940, 'source_transfer_time': 0, 'waiting_time': 180, 'trip_time': 2760, 'num_transfers': 4, 'departure_time': 4650, 'departure_day': 'current_day', 'arrival_time': 7590, 'arrival_day': 'current_day', 'steps': [{'duration': 330, 'departure_time': 4830, 'arrival_time': 5160, 'day': 'current_day', 'from_stop_id': '160-5', 'to_stop_id': 'MH-R-5', 'trip_id': '10-0-3', 'agency_name': 'Unknown'}, {'duration': 30, 'departure_time': 5160, 'arrival_time': 5190, 'day': 'current_day', 'from_stop_id': 'MH-R-5', 'to_stop_id': 'MH-R-0', 'trip_id': 'walking', 'agency_name': 'Unknown'}, {'duration': 1500, 'departure_time': 5400, 'arrival_time': 6900, 'day': 'current_day', 'from_stop_id': 'MH-R-0', 'to_stop_id': 'MH-L-0', 'trip_id': '0-1-1', 'agency_name': 'Unknown'}, {'duration': 30, 'departure_time': 6900, 'arrival_time': 6930, 'day': 'current_day', 'from_stop_id': 'MH-L-0', 'to_stop_id': 'MH-L-5', 'trip_id': 'walking', 'agency_name': 'Unknown'}, {'duration': 450, 'departure_time': 7140, 'arrival_time': 7590, 'day': 'current_day', 'from_stop_id': 'MH-L-5', 'to_stop_id': '75-5', 'trip_id': '8-0-6', 'agency_name': 'Unknown'}]}"
223,23,6000,inter,right,557,[212; 224],[23],500,375,0,0,6375,6435.0,11550.0,11610.0,5115.0,4.0,212,23,,,pt,5610.0,11610.0,5610.0,"{'duration': 5115, 'source_transfer_time': 0, 'waiting_time': 435, 'trip_time': 4680, 'num_transfers': 4, 'departure_time': 6435, 'departure_day': 'current_day', 'arrival_time': 11550, 'arrival_day': 'current_day', 'steps': [{'duration': 690, 'departure_time': 6870, 'arrival_time': 7560, 'day': 'current_day', 'from_stop_id': '212-4', 'to_stop_id': 'MH-R-4', 'trip_id': '9-1-7', 'agency_name': 'Unknown'}, {'duration': 30, 'departure_time': 7560, 'arrival_time': 7590, 'day': 'current_day', 'from_stop_id': 'MH-R-4', 'to_stop_id': 'MH-R-0', 'trip_id': 'walking', 'agency_name': 'Unknown'}, {'duration': 1500, 'departure_time': 9000, 'arrival_time': 10500, 'day': 'current_day', 'from_stop_id': 'MH-R-0', 'to_stop_id': 'MH-L-0', 'trip_id': '0-1-3', 'agency_name': 'Unknown'}, {'duration': 30, 'departure_time': 10500, 'arrival_time': 10530, 'day': 'current_day', 'from_stop_id': 'MH-L-0', 'to_stop_id': 'MH-L-4', 'trip_id': 'walking', 'agency_name': 'Unknown'}, {'duration': 810, 'departure_time': 10740, 'arrival_time': 11550, 'day': 'current_day', 'from_stop_id': 'MH-L-4', 'to_stop_id': '23-4', 'trip_id': '7-1-12', 'agency_name': 'Unknown'}]}"
235,95,14070,inter,right,558,[224; 236],[95],500,375,0,0,14445,14505.0,18870.0,18930.0,4365.0,4.0,224,95,,,pt,4860.0,18930.0,4860.0,"{'duration': 4365, 'source_transfer_time': 0, 'waiting_time': 525, 'trip_time': 3840, 'num_transfers': 4, 'departure_time': 14505, 'departure_day': 'current_day', 'arrival_time': 18870, 'arrival_day': 'current_day', 'steps': [{'duration': 930, 'departure_time': 15030, 'arrival_time': 15960, 'day': 'current_day', 'from_stop_id': '224-4', 'to_stop_id': 'MH-R-4', 'trip_id': '9-1-21', 'agency_name': 'Unknown'}, {'duration': 30, 'departure_time': 15960, 'arrival_time': 15990, 'day': 'current_day', 'from_stop_id': 'MH-R-4', 'to_stop_id': 'MH-R-0', 'trip_id': 'walking', 'agency_name': 'Unknown'}, {'duration': 1500, 'departure_time': 16200, 'arrival_time': 17700, 'day': 'current_day', 'from_stop_id': 'MH-R-0', 'to_stop_id': 'MH-L-0', 'trip_id': '0-1-7', 'agency_name': 'Unknown'}, {'duration': 30, 'departure_time': 17700, 'arrival_time': 17730, 'day': 'current_day', 'from_stop_id': 'MH-L-0', 'to_stop_id': 'MH-L-5', 'trip_id': 'walking', 'agency_name': 'Unknown'}, {'duration': 930, 'departure_time': 17940, 'arrival_time': 18870, 'day': 'current_day', 'from_stop_id': 'MH-L-5', 'to_stop_id': '95-5', 'trip_id': '8-0-24', 'agency_name': 'Unknown'}]}"
221,41,12270,inter,right,559,[220],[30; 40],500,375,500,375,12645,12705.0,16590.0,16650.0,3885.0,4.0,220,40,,,pt,4755.0,17025.0,4755.0,"{'duration': 3885, 'source_transfer_time': 0, 'waiting_time': 405, 'trip_time': 3480, 'num_transfers': 4, 'departure_time': 12705, 'departure_day': 'current_day', 'arrival_time': 16590, 'arrival_day': 'current_day', 'steps': [{'duration': 450, 'departure_time': 13110, 'arrival_time': 13560, 'day': 'current_day', 'from_stop_id': '220-2', 'to_stop_id': 'MH-R-2', 'trip_id': '4-0-17', 'agency_name': 'Unknown'}, {'duration': 30, 'departure_time': 13560, 'arrival_time': 13590, 'day': 'current_day', 'from_stop_id': 'MH-R-2', 'to_stop_id': 'MH-R-0', 'trip_id': 'walking', 'agency_name': 'Unknown'}, {'duration': 1500, 'departure_time': 14400, 'arrival_time': 15900, 'day': 'current_day', 'from_stop_id': 'MH-R-0', 'to_stop_id': 'MH-L-0', 'trip_id': '0-1-6', 'agency_name': 'Unknown'}, {'duration': 30, 'departure_time': 15900, 'arrival_time': 15930, 'day': 'current_day', 'from_stop_id': 'MH-L-0', 'to_stop_id': 'MH-L-5', 'trip_id': 'walking', 'agency_name': 'Unknown'}, {'duration': 450, 'departure_time': 16140, 'arrival_time': 16590, 'day': 'current_day', 'from_stop_id': 'MH-L-5', 'to_stop_id': '40-5', 'trip_id': '8-1-21', 'agency_name': 'Unknown'}]}"
220,50,4710,inter,right,560,[220],[40; 49; 58],0,0,500,375,4710,4770.0,9150.0,9210.0,4380.0,4.0,220,49,,,pt,4875.0,9585.0,4875.0,"{'duration': 4380, 'source_transfer_time': 0, 'waiting_time': 540, 'trip_time': 3840, 'num_transfers': 4, 'departure_time': 4770, 'departure_day': 'current_day', 'arrival_time': 9150, 'arrival_day': 'current_day', 'steps': [{'duration': 450, 'departure_time': 5310, 'arrival_time': 5760, 'day': 'current_day', 'from_stop_id': '220-2', 'to_stop_id': 'MH-R-2', 'trip_id': '4-0-4', 'agency_name': 'Unknown'}, {'duration': 30, 'departure_time': 5760, 'arrival_time': 5790, 'day': 'current_day', 'from_stop_id': 'MH-R-2', 'to_stop_id': 'MH-R-0', 'trip_id': 'walking', 'agency_name': 'Unknown'}, {'duration': 1500, 'departure_time': 7200, 'arrival_time': 8700, 'day': 'current_day', 'from_stop_id': 'MH-R-0', 'to_stop_id': 'MH-L-0', 'trip_id': '0-1-2', 'agency_name': 'Unknown'}, {'duration': 30, 'departure_time': 8700, 'arrival_time': 8730, 'day': 'current_day', 'from_stop_id': 'MH-L-0', 'to_stop_id': 'MH-L-5', 'trip_id': 'walking', 'agency_name': 'Unknown'}, {'duration': 210, 'departure_time': 8940, 'arrival_time': 9150, 'day': 'current_day', 'from_stop_id': 'MH-L-5', 'to_stop_id': '49-5', 'trip_id': '8-1-9', 'agency_name': 'Unknown'}]}"
189,32,6870,inter,right,561,[189],[10; 20; 30],0,0,1000,751,6870,6930.0,11430.0,11490.0,4500.0,4.0,189,30,,,pt,5371.0,12241.0,5371.0,"{'duration': 4500, 'source_transfer_time': 0, 'waiting_time': 300, 'trip_time': 4200, 'num_transfers': 4, 'departure_time': 6930, 'departure_day': 'current_day', 'arrival_time': 11430, 'arrival_day': 'current_day', 'steps': [{'duration': 330, 'departure_time': 7230, 'arrival_time': 7560, 'day': 'current_day', 'from_stop_id': '189-4', 'to_stop_id': 'MH-R-4', 'trip_id': '9-1-7', 'agency_name': 'Unknown'}, {'duration': 30, 'departure_time': 7560, 'arrival_time': 7590, 'day': 'current_day', 'from_stop_id': 'MH-R-4', 'to_stop_id': 'MH-R-0', 'trip_id': 'walking', 'agency_name': 'Unknown'}, {'duration': 1500, 'departure_time': 9000, 'arrival_time': 10500, 'day': 'current_day', 'from_stop_id': 'MH-R-0', 'to_stop_id': 'MH-L-0', 'trip_id': '0-1-3', 'agency_name': 'Unknown'}, {'duration': 30, 'departure_time': 10500, 'arrival_time': 10530, 'day': 'current_day', 'from_stop_id': 'MH-L-0', 'to_stop_id': 'MH-L-5', 'trip_id': 'walking', 'agency_name': 'Unknown'}, {'duration': 690, 'departure_time': 10740, 'arrival_time': 11430, 'day': 'current_day', 'from_stop_id': 'MH-L-5', 'to_stop_id': '30-5', 'trip_id': '8-1-12', 'agency_name': 'Unknown'}]}"
210,96,8550,inter,right,562,[209],[96],500,375,0,0,8925,8985.0,13350.0,13410.0,4365.0,4.0,209,96,,,pt,4860.0,13410.0,4860.0,"{'duration': 4365, 'source_transfer_time': 0, 'waiting_time': 45, 'trip_time': 4320, 'num_transfers': 4, 'departure_time': 8985, 'departure_day': 'current_day', 'arrival_time': 13350, 'arrival_day': 'current_day', 'steps': [{'duration': 330, 'departure_time': 9030, 'arrival_time': 9360, 'day': 'current_day', 'from_stop_id': '209-2', 'to_stop_id': 'MH-R-2', 'trip_id': '4-0-10', 'agency_name': 'Unknown'}, {'duration': 30, 'departure_time': 9360, 'arrival_time': 9390, 'day': 'current_day', 'from_stop_id': 'MH-R-2', 'to_stop_id': 'MH-R-0', 'trip_id': 'walking', 'agency_name': 'Unknown'}, {'duration': 1500, 'departure_time': 10800, 'arrival_time': 12300, 'day': 'current_day', 'from_stop_id': 'MH-R-0', 'to_stop_id': 'MH-L-0', 'trip_id': '0-1-4', 'agency_name': 'Unknown'}, {'duration': 30, 'departure_time': 12300, 'arrival_time': 12330, 'day': 'current_day', 'from_stop_id': 'MH-L-0', 'to_stop_id': 'MH-L-5', 'trip_id': 'walking', 'agency_name': 'Unknown'}, {'duration': 810, 'departure_time': 12540, 'arrival_time': 13350, 'day': 'current_day', 'from_stop_id': 'MH-L-5', 'to_stop_id': '96-5', 'trip_id': '8-0-15', 'agency_name': 'Unknown'}]}"
187,80,10320,inter,right,563,[187],[80],0,0,0,0,10320,10380.0,14910.0,14970.0,4530.0,4.0,187,80,,,pt,4650.0,14970.0,4650.0,"{'duration': 4530, 'source_transfer_time': 0, 'waiting_time': 570, 'trip_time': 3960, 'num_transfers': 4, 'departure_time': 10380, 'departure_day': 'current_day', 'arrival_time': 14910, 'arrival_day': 'current_day', 'steps': [{'duration': 210, 'departure_time': 10950, 'arrival_time': 11160, 'day': 'current_day', 'from_stop_id': '187-5', 'to_stop_id': 'MH-R-5', 'trip_id': '10-1-13', 'agency_name': 'Unknown'}, {'duration': 30, 'departure_time': 11160, 'arrival_time': 11190, 'day': 'current_day', 'from_stop_id': 'MH-R-5', 'to_stop_id': 'MH-R-0', 'trip_id': 'walking', 'agency_name': 'Unknown'}, {'duration': 1500, 'departure_time': 12600, 'arrival_time': 14100, 'day': 'current_day', 'from_stop_id': 'MH-R-0', 'to_stop_id': 'MH-L-0', 'trip_id': '0-1-5', 'agency_name': 'Unknown'}, {'duration': 30, 'departure_time': 14100, 'arrival_time': 14130, 'day': 'current_day', 'from_stop_id': 'MH-L-0', 'to_stop_id': 'MH-L-4', 'trip_id': 'walking', 'agency_name': 'Unknown'}, {'duration': 570, 'departure_time': 14340, 'arrival_time': 14910, 'day': 'current_day', 'from_stop_id': 'MH-L-4', 'to_stop_id': '80-4', 'trip_id': '7-0-18', 'agency_name': 'Unknown'}]}"
219,25,11580,inter,right,564,[220],[24; 36],500,375,500,375,11955,12015.0,16590.0,16650.0,4575.0,4.0,220,36,,,pt,5445.0,17025.0,5445.0,"{'duration': 4575, 'source_transfer_time': 0, 'waiting_time': 495, 'trip_time': 4080, 'num_transfers': 4, 'departure_time': 12015, 'departure_day': 'current_day', 'arrival_time': 16590, 'arrival_day': 'current_day', 'steps': [{'duration': 450, 'departure_time': 12510, 'arrival_time': 12960, 'day': 'current_day', 'from_stop_id': '220-2', 'to_stop_id': 'MH-R-2', 'trip_id': '4-0-16', 'agency_name': 'Unknown'}, {'duration': 30, 'departure_time': 12960, 'arrival_time': 12990, 'day': 'current_day', 'from_stop_id': 'MH-R-2', 'to_stop_id': 'MH-R-0', 'trip_id': 'walking', 'agency_name': 'Unknown'}, {'duration': 1500, 'departure_time': 14400, 'arrival_time': 15900, 'day': 'current_day', 'from_stop_id': 'MH-R-0', 'to_stop_id': 'MH-L-0', 'trip_id': '0-1-6', 'agency_name': 'Unknown'}, {'duration': 30, 'departure_time': 15900, 'arrival_time': 15930, 'day': 'current_day', 'from_stop_id': 'MH-L-0', 'to_stop_id': 'MH-L-4', 'trip_id': 'walking', 'agency_name': 'Unknown'}, {'duration': 450, 'departure_time': 16140, 'arrival_time': 16590, 'day': 'current_day', 'from_stop_id': 'MH-L-4', 'to_stop_id': '36-4', 'trip_id': '7-1-21', 'agency_name': 'Unknown'}]}"
173,46,8970,inter,right,565,[181],[35; 47; 56],500,375,500,375,9345,9405.0,12870.0,12930.0,3465.0,4.0,181,47,,,pt,4335.0,13305.0,4335.0,"{'duration': 3465, 'source_transfer_time': 0, 'waiting_time': 105, 'trip_time': 3360, 'num_transfers': 4, 'departure_time': 9405, 'departure_day': 'current_day', 'arrival_time': 12870, 'arrival_day': 'current_day', 'steps': [{'duration': 450, 'departure_time': 9510, 'arrival_time': 9960, 'day': 'current_day', 'from_stop_id': '181-1', 'to_stop_id': 'MH-R-1', 'trip_id': '3-1-11', 'agency_name': 'Unknown'}, {'duration': 30, 'departure_time': 9960, 'arrival_time': 9990, 'day': 'current_day', 'from_stop_id': 'MH-R-1', 'to_stop_id': 'MH-R-0', 'trip_id': 'walking', 'agency_name': 'Unknown'}, {'duration': 1500, 'departure_time': 10800, 'arrival_time': 12300, 'day': 'current_day', 'from_stop_id': 'MH-R-0', 'to_stop_id': 'MH-L-0', 'trip_id': '0-1-4', 'agency_name': 'Unknown'}, {'duration': 30, 'departure_time': 12300, 'arrival_time': 12330, 'day': 'current_day', 'from_stop_id': 'MH-L-0', 'to_stop_id': 'MH-L-4', 'trip_id': 'walking', 'agency_name': 'Unknown'}, {'duration': 330, 'departure_time': 12540, 'arrival_time': 12870, 'day': 'current_day', 'from_stop_id': 'MH-L-4', 'to_stop_id': '47-4', 'trip_id': '7-1-15', 'agency_name': 'Unknown'}]}"
181,86,5100,inter,right,566,[181],[86],0,0,0,0,5100,5160.0,9510.0,9570.0,4350.0,4.0,181,86,,,pt,4470.0,9570.0,4470.0,"{'duration': 4350, 'source_transfer_time': 0, 'waiting_time': 150, 'trip_time': 4200, 'num_transfers': 4, 'departure_time': 5160, 'departure_day': 'current_day', 'arrival_time': 9510, 'arrival_day': 'current_day', 'steps': [{'duration': 450, 'departure_time': 5310, 'arrival_time': 5760, 'day': 'current_day', 'from_stop_id': '181-1', 'to_stop_id': 'MH-R-1', 'trip_id': '3-1-4', 'agency_name': 'Unknown'}, {'duration': 30, 'departure_time': 5760, 'arrival_time': 5790, 'day': 'current_day', 'from_stop_id': 'MH-R-1', 'to_stop_id': 'MH-R-0', 'trip_id': 'walking', 'agency_name': 'Unknown'}, {'duration': 1500, 'departure_time': 7200, 'arrival_time': 8700, 'day': 'current_day', 'from_stop_id': 'MH-R-0', 'to_stop_id': 'MH-L-0', 'trip_id': '0-1-2', 'agency_name': 'Unknown'}, {'duration': 30, 'departure_time': 8700, 'arrival_time': 8730, 'day': 'current_day', 'from_stop_id': 'MH-L-0', 'to_stop_id': 'MH-L-5', 'trip_id': 'walking', 'agency_name': 'Unknown'}, {'duration': 570, 'departure_time': 8940, 'arrival_time': 9510, 'day': 'current_day', 'from_stop_id': 'MH-L-5', 'to_stop_id': '86-5', 'trip_id': '8-0-9', 'agency_name': 'Unknown'}]}"
178,107,6360,inter,right,567,[178],[96; 106],0,0,500,375,6360,6420.0,9750.0,9810.0,3330.0,4.0,178,96,,,pt,3825.0,10185.0,3825.0,"{'duration': 3330, 'source_transfer_time': 0, 'waiting_time': 330, 'trip_time': 3000, 'num_transfers': 4, 'departure_time': 6420, 'departure_day': 'current_day', 'arrival_time': 9750, 'arrival_day': 'current_day', 'steps': [{'duration': 210, 'departure_time': 6750, 'arrival_time': 6960, 'day': 'current_day', 'from_stop_id': '178-1', 'to_stop_id': 'MH-R-1', 'trip_id': '3-0-6', 'agency_name': 'Unknown'}, {'duration': 30, 'departure_time': 6960, 'arrival_time': 6990, 'day': 'current_day', 'from_stop_id': 'MH-R-1', 'to_stop_id': 'MH-R-0', 'trip_id': 'walking', 'agency_name': 'Unknown'}, {'duration': 1500, 'departure_time': 7200, 'arrival_time': 8700, 'day': 'current_day', 'from_stop_id': 'MH-R-0', 'to_stop_id': 'MH-L-0', 'trip_id': '0-1-2', 'agency_name': 'Unknown'}, {'duration': 30, 'departure_time': 8700, 'arrival_time': 8730, 'day': 'current_day', 'from_stop_id': 'MH-L-0', 'to_stop_id': 'MH-L-5', 'trip_id': 'walking', 'agency_name': 'Unknown'}, {'duration': 810, 'departure_time': 8940, 'arrival_time': 9750, 'day': 'current_day', 'from_stop_id': 'MH-L-5', 'to_stop_id': '96-5', 'trip_id': '8-0-9', 'agency_name': 'Unknown'}]}"
193,5,7710,inter,right,568,[175],[5],1000,751,0,0,8461,8521.0,13110.0,13170.0,4589.0,4.0,175,5,,,pt,5460.0,13170.0,5460.0,"{'duration': 4589, 'source_transfer_time': 0, 'waiting_time': 269, 'trip_time': 4320, 'num_transfers': 4, 'departure_time': 8521, 'departure_day': 'current_day', 'arrival_time': 13110, 'arrival_day': 'current_day', 'steps': [{'duration': 570, 'departure_time': 8790, 'arrival_time': 9360, 'day': 'current_day', 'from_stop_id': '175-1', 'to_stop_id': 'MH-R-1', 'trip_id': '3-0-10', 'agency_name': 'Unknown'}, {'duration': 30, 'departure_time': 9360, 'arrival_time': 9390, 'day': 'current_day', 'from_stop_id': 'MH-R-1', 'to_stop_id': 'MH-R-0', 'trip_id': 'walking', 'agency_name': 'Unknown'}, {'duration': 1500, 'departure_time': 10800, 'arrival_time': 12300, 'day': 'current_day', 'from_stop_id': 'MH-R-0', 'to_stop_id': 'MH-L-0', 'trip_id': '0-1-4', 'agency_name': 'Unknown'}, {'duration': 30, 'departure_time': 12300, 'arrival_time': 12330, 'day': 'current_day', 'from_stop_id': 'MH-L-0', 'to_stop_id': 'MH-L-2', 'trip_id': 'walking', 'agency_name': 'Unknown'}, {'duration': 570, 'departure_time': 12540, 'arrival_time': 13110, 'day': 'current_day', 'from_stop_id': 'MH-L-2', 'to_stop_id': '5-2', 'trip_id': '2-0-15', 'agency_name': 'Unknown'}]}"
205,114,11880,inter,right,569,[206; 216],[103; 115],500,375,500,375,12255,12315.0,17070.0,17130.0,4755.0,4.0,206,103,,,pt,5625.0,17505.0,5625.0,"{'duration': 4755, 'source_transfer_time': 0, 'waiting_time': 555, 'trip_time': 4200, 'num_transfers': 4, 'departure_time': 12315, 'departure_day': 'current_day', 'arrival_time': 17070, 'arrival_day': 'current_day', 'steps': [{'duration': 690, 'departure_time': 12870, 'arrival_time': 13560, 'day': 'current_day', 'from_stop_id': '206-5', 'to_stop_id': 'MH-R-5', 'trip_id': '10-1-17', 'agency_name': 'Unknown'}, {'duration': 30, 'departure_time': 13560, 'arrival_time': 13590, 'day': 'current_day', 'from_stop_id': 'MH-R-5', 'to_stop_id': 'MH-R-0', 'trip_id': 'walking', 'agency_name': 'Unknown'}, {'duration': 1500, 'departure_time': 14400, 'arrival_time': 15900, 'day': 'current_day', 'from_stop_id': 'MH-R-0', 'to_stop_id': 'MH-L-0', 'trip_id': '0-1-6', 'agency_name': 'Unknown'}, {'duration': 30, 'departure_time': 15900, 'arrival_time': 15930, 'day': 'current_day', 'from_stop_id': 'MH-L-0', 'to_stop_id': 'MH-L-4', 'trip_id': 'walking', 'agency_name': 'Unknown'}, {'duration': 930, 'departure_time': 16140, 'arrival_time': 17070, 'day': 'current_day', 'from_stop_id': 'MH-L-4', 'to_stop_id': '103-4', 'trip_id': '7-0-21', 'agency_name': 'Unknown'}]}"
221,53,13620,inter,right,570,[220],[61],500,375,500,375,13995,14055.0,18510.0,18570.0,4455.0,4.0,220,61,,,pt,5325.0,18945.0,5325.0,"{'duration': 4455, 'source_transfer_time': 0, 'waiting_time': 255, 'trip_time': 4200, 'num_transfers': 4, 'departure_time': 14055, 'departure_day': 'current_day', 'arrival_time': 18510, 'arrival_day': 'current_day', 'steps': [{'duration': 450, 'departure_time': 14310, 'arrival_time': 14760, 'day': 'current_day', 'from_stop_id': '220-2', 'to_stop_id': 'MH-R-2', 'trip_id': '4-0-19', 'agency_name': 'Unknown'}, {'duration': 30, 'departure_time': 14760, 'arrival_time': 14790, 'day': 'current_day', 'from_stop_id': 'MH-R-2', 'to_stop_id': 'MH-R-0', 'trip_id': 'walking', 'agency_name': 'Unknown'}, {'duration': 1500, 'departure_time': 16200, 'arrival_time': 17700, 'day': 'current_day', 'from_stop_id': 'MH-R-0', 'to_stop_id': 'MH-L-0', 'trip_id': '0-1-7', 'agency_name': 'Unknown'}, {'duration': 30, 'departure_time': 17700, 'arrival_time': 17730, 'day': 'current_day', 'from_stop_id': 'MH-L-0', 'to_stop_id': 'MH-L-1', 'trip_id': 'walking', 'agency_name': 'Unknown'}, {'duration': 570, 'departure_time': 17940, 'arrival_time': 18510, 'day': 'current_day', 'from_stop_id': 'MH-L-1', 'to_stop_id': '61-1', 'trip_id': '1-0-24', 'agency_name': 'Unknown'}]}"
208,55,13350,inter,right,571,[197; 207; 209],[55],500,375,0,0,13725,13785.0,16590.0,16650.0,2805.0,4.0,197,55,,,pt,3300.0,16650.0,3300.0,"{'duration': 2805, 'source_transfer_time': 0, 'waiting_time': 45, 'trip_time': 2760, 'num_transfers': 4, 'departure_time': 13785, 'departure_day': 'current_day', 'arrival_time': 16590, 'arrival_day': 'current_day', 'steps': [{'duration': 330, 'departure_time': 13830, 'arrival_time': 14160, 'day': 'current_day', 'from_stop_id': '197-5', 'to_stop_id': 'MH-R-5', 'trip_id': '10-1-18', 'agency_name': 'Unknown'}, {'duration': 30, 'departure_time': 14160, 'arrival_time': 14190, 'day': 'current_day', 'from_stop_id': 'MH-R-5', 'to_stop_id': 'MH-R-0', 'trip_id': 'walking', 'agency_name': 'Unknown'}, {'duration': 1500, 'departure_time': 14400, 'arrival_time': 15900, 'day': 'current_day', 'from_stop_id': 'MH-R-0', 'to_stop_id': 'MH-L-0', 'trip_id': '0-1-6', 'agency_name': 'Unknown'}, {'duration': 30, 'departure_time': 15900, 'arrival_time': 15930, 'day': 'current_day', 'from_stop_id': 'MH-L-0', 'to_stop_id': 'MH-L-1', 'trip_id': 'walking', 'agency_name': 'Unknown'}, {'duration': 450, 'departure_time': 16140, 'arrival_time': 16590, 'day': 'current_day', 'from_stop_id': 'MH-L-1', 'to_stop_id': '55-1', 'trip_id': '1-1-21', 'agency_name': 'Unknown'}]}"
229,32,8850,inter,right,572,[207; 217; 227; 231],[10; 20; 30],1000,751,1000,751,9601,9661.0,13230.0,13290.0,3569.0,4.0,207,30,,,pt,5191.0,14041.0,5191.0,"{'duration': 3569, 'source_transfer_time': 0, 'waiting_time': 329, 'trip_time': 3240, 'num_transfers': 4, 'departure_time': 9661, 'departure_day': 'current_day', 'arrival_time': 13230, 'arrival_day': 'current_day', 'steps': [{'duration': 570, 'departure_time': 9990, 'arrival_time': 10560, 'day': 'current_day', 'from_stop_id': '207-5', 'to_stop_id': 'MH-R-5', 'trip_id': '10-1-12', 'agency_name': 'Unknown'}, {'duration': 30, 'departure_time': 10560, 'arrival_time': 10590, 'day': 'current_day', 'from_stop_id': 'MH-R-5', 'to_stop_id': 'MH-R-0', 'trip_id': 'walking', 'agency_name': 'Unknown'}, {'duration': 1500, 'departure_time': 10800, 'arrival_time': 12300, 'day': 'current_day', 'from_stop_id': 'MH-R-0', 'to_stop_id': 'MH-L-0', 'trip_id': '0-1-4', 'agency_name': 'Unknown'}, {'duration': 30, 'departure_time': 12300, 'arrival_time': 12330, 'day': 'current_day', 'from_stop_id': 'MH-L-0', 'to_stop_id': 'MH-L-5', 'trip_id': 'walking', 'agency_name': 'Unknown'}, {'duration': 690, 'departure_time': 12540, 'arrival_time': 13230, 'day': 'current_day', 'from_stop_id': 'MH-L-5', 'to_stop_id': '30-5', 'trip_id': '8-1-15', 'agency_name': 'Unknown'}]}"
157,49,13530,inter,right,573,[157],[49],0,0,0,0,13530,13590.0,16350.0,16410.0,2760.0,4.0,157,49,,,pt,2880.0,16410.0,2880.0,"{'duration': 2760, 'source_transfer_time': 0, 'waiting_time': 120, 'trip_time': 2640, 'num_transfers': 4, 'departure_time': 13590, 'departure_day': 'current_day', 'arrival_time': 16350, 'arrival_day': 'current_day', 'steps': [{'duration': 450, 'departure_time': 13710, 'arrival_time': 14160, 'day': 'current_day', 'from_stop_id': '157-4', 'to_stop_id': 'MH-R-4', 'trip_id': '9-0-18', 'agency_name': 'Unknown'}, {'duration': 30, 'departure_time': 14160, 'arrival_time': 14190, 'day': 'current_day', 'from_stop_id': 'MH-R-4', 'to_stop_id': 'MH-R-0', 'trip_id': 'walking', 'agency_name': 'Unknown'}, {'duration': 1500, 'departure_time': 14400, 'arrival_time': 15900, 'day': 'current_day', 'from_stop_id': 'MH-R-0', 'to_stop_id': 'MH-L-0', 'trip_id': '0-1-6', 'agency_name': 'Unknown'}, {'duration': 30, 'departure_time': 15900, 'arrival_time': 15930, 'day': 'current_day', 'from_stop_id': 'MH-L-0', 'to_stop_id': 'MH-L-5', 'trip_id': 'walking', 'agency_name': 'Unknown'}, {'duration': 210, 'departure_time': 16140, 'arrival_time': 16350, 'day': 'current_day', 'from_stop_id': 'MH-L-5', 'to_stop_id': '49-5', 'trip_id': '8-1-21', 'agency_name': 'Unknown'}]}"
221,105,12360,inter,right,574,[220],[105],500,375,0,0,12735,12795.0,17310.0,17370.0,4515.0,4.0,220,105,,,pt,5010.0,17370.0,5010.0,"{'duration': 4515, 'source_transfer_time': 0, 'waiting_time': 315, 'trip_time': 4200, 'num_transfers': 4, 'departure_time': 12795, 'departure_day': 'current_day', 'arrival_time': 17310, 'arrival_day': 'current_day', 'steps': [{'duration': 450, 'departure_time': 13110, 'arrival_time': 13560, 'day': 'current_day', 'from_stop_id': '220-2', 'to_stop_id': 'MH-R-2', 'trip_id': '4-0-17', 'agency_name': 'Unknown'}, {'duration': 30, 'departure_time': 13560, 'arrival_time': 13590, 'day': 'current_day', 'from_stop_id': 'MH-R-2', 'to_stop_id': 'MH-R-0', 'trip_id': 'walking', 'agency_name': 'Unknown'}, {'duration': 1500, 'departure_time': 14400, 'arrival_time': 15900, 'day': 'current_day', 'from_stop_id': 'MH-R-0', 'to_stop_id': 'MH-L-0', 'trip_id': '0-1-6', 'agency_name': 'Unknown'}, {'duration': 30, 'departure_time': 15900, 'arrival_time': 15930, 'day': 'current_day', 'from_stop_id': 'MH-L-0', 'to_stop_id': 'MH-L-5', 'trip_id': 'walking', 'agency_name': 'Unknown'}, {'duration': 1170, 'departure_time': 16140, 'arrival_time': 17310, 'day': 'current_day', 'from_stop_id': 'MH-L-5', 'to_stop_id': '105-5', 'trip_id': '8-0-21', 'agency_name': 'Unknown'}]}"
157,23,11250,inter,right,575,[157],[23],0,0,0,0,11250,11310.0,15150.0,15210.0,3840.0,4.0,157,23,,,pt,3960.0,15210.0,3960.0,"{'duration': 3840, 'source_transfer_time': 0, 'waiting_time': 0, 'trip_time': 3840, 'num_transfers': 4, 'departure_time': 11310, 'departure_day': 'current_day', 'arrival_time': 15150, 'arrival_day': 'current_day', 'steps': [{'duration': 450, 'departure_time': 11310, 'arrival_time': 11760, 'day': 'current_day', 'from_stop_id': '157-4', 'to_stop_id': 'MH-R-4', 'trip_id': '9-0-14', 'agency_name': 'Unknown'}, {'duration': 30, 'departure_time': 11760, 'arrival_time': 11790, 'day': 'current_day', 'from_stop_id': 'MH-R-4', 'to_stop_id': 'MH-R-0', 'trip_id': 'walking', 'agency_name': 'Unknown'}, {'duration': 1500, 'departure_time': 12600, 'arrival_time': 14100, 'day': 'current_day', 'from_stop_id': 'MH-R-0', 'to_stop_id': 'MH-L-0', 'trip_id': '0-1-5', 'agency_name': 'Unknown'}, {'duration': 30, 'departure_time': 14100, 'arrival_time': 14130, 'day': 'current_day', 'from_stop_id': 'MH-L-0', 'to_stop_id': 'MH-L-4', 'trip_id': 'walking', 'agency_name': 'Unknown'}, {'duration': 810, 'departure_time': 14340, 'arrival_time': 15150, 'day': 'current_day', 'from_stop_id': 'MH-L-4', 'to_stop_id': '23-4', 'trip_id': '7-1-18', 'agency_name': 'Unknown'}]}"
182,88,13800,inter,right,576,[182],[88],0,0,0,0,13800,13860.0,18270.0,18330.0,4410.0,4.0,182,88,,,pt,4530.0,18330.0,4530.0,"{'duration': 4410, 'source_transfer_time': 0, 'waiting_time': 330, 'trip_time': 4080, 'num_transfers': 4, 'departure_time': 13860, 'departure_day': 'current_day', 'arrival_time': 18270, 'arrival_day': 'current_day', 'steps': [{'duration': 570, 'departure_time': 14190, 'arrival_time': 14760, 'day': 'current_day', 'from_stop_id': '182-1', 'to_stop_id': 'MH-R-1', 'trip_id': '3-1-19', 'agency_name': 'Unknown'}, {'duration': 30, 'departure_time': 14760, 'arrival_time': 14790, 'day': 'current_day', 'from_stop_id': 'MH-R-1', 'to_stop_id': 'MH-R-0', 'trip_id': 'walking', 'agency_name': 'Unknown'}, {'duration': 1500, 'departure_time': 16200, 'arrival_time': 17700, 'day': 'current_day', 'from_stop_id': 'MH-R-0', 'to_stop_id': 'MH-L-0', 'trip_id': '0-1-7', 'agency_name': 'Unknown'}, {'duration': 30, 'departure_time': 17700, 'arrival_time': 17730, 'day': 'current_day', 'from_stop_id': 'MH-L-0', 'to_stop_id': 'MH-L-2', 'trip_id': 'walking', 'agency_name': 'Unknown'}, {'duration': 330, 'departure_time': 17940, 'arrival_time': 18270, 'day': 'current_day', 'from_stop_id': 'MH-L-2', 'to_stop_id': '88-2', 'trip_id': '2-1-24', 'agency_name': 'Unknown'}]}"
220,44,12450,inter,right,577,[220],[54],0,0,500,375,12450,12510.0,16710.0,16770.0,4200.0,4.0,220,54,,,pt,4695.0,17145.0,4695.0,"{'duration': 4200, 'source_transfer_time': 0, 'waiting_time': 0, 'trip_time': 4200, 'num_transfers': 4, 'departure_time': 12510, 'departure_day': 'current_day', 'arrival_time': 16710, 'arrival_day': 'current_day', 'steps': [{'duration': 450, 'departure_time': 12510, 'arrival_time': 12960, 'day': 'current_day', 'from_stop_id': '220-2', 'to_stop_id': 'MH-R-2', 'trip_id': '4-0-16', 'agency_name': 'Unknown'}, {'duration': 30, 'departure_time': 12960, 'arrival_time': 12990, 'day': 'current_day', 'from_stop_id': 'MH-R-2', 'to_stop_id': 'MH-R-0', 'trip_id': 'walking', 'agency_name': 'Unknown'}, {'duration': 1500, 'departure_time': 14400, 'arrival_time': 15900, 'day': 'current_day', 'from_stop_id': 'MH-R-0', 'to_stop_id': 'MH-L-0', 'trip_id': '0-1-6', 'agency_name': 'Unknown'}, {'duration': 30, 'departure_time': 15900, 'arrival_time': 15930, 'day': 'current_day', 'from_stop_id': 'MH-L-0', 'to_stop_id': 'MH-L-1', 'trip_id': 'walking', 'agency_name': 'Unknown'}, {'duration': 570, 'departure_time': 16140, 'arrival_time': 16710, 'day': 'current_day', 'from_stop_id': 'MH-L-1', 'to_stop_id': '54-1', 'trip_id': '1-1-21', 'agency_name': 'Unknown'}]}"
204,57,5280,inter,right,578,[206; 216; 226],[57],1000,751,0,0,6031,6091.0,9150.0,9210.0,3059.0,4.0,206,57,,,pt,3930.0,9210.0,3930.0,"{'duration': 3059, 'source_transfer_time': 0, 'waiting_time': 179, 'trip_time': 2880, 'num_transfers': 4, 'departure_time': 6091, 'departure_day': 'current_day', 'arrival_time': 9150, 'arrival_day': 'current_day', 'steps': [{'duration': 690, 'departure_time': 6270, 'arrival_time': 6960, 'day': 'current_day', 'from_stop_id': '206-5', 'to_stop_id': 'MH-R-5', 'trip_id': '10-1-6', 'agency_name': 'Unknown'}, {'duration': 30, 'departure_time': 6960, 'arrival_time': 6990, 'day': 'current_day', 'from_stop_id': 'MH-R-5', 'to_stop_id': 'MH-R-0', 'trip_id': 'walking', 'agency_name': 'Unknown'}, {'duration': 1500, 'departure_time': 7200, 'arrival_time': 8700, 'day': 'current_day', 'from_stop_id': 'MH-R-0', 'to_stop_id': 'MH-L-0', 'trip_id': '0-1-2', 'agency_name': 'Unknown'}, {'duration': 30, 'departure_time': 8700, 'arrival_time': 8730, 'day': 'current_day', 'from_stop_id': 'MH-L-0', 'to_stop_id': 'MH-L-1', 'trip_id': 'walking', 'agency_name': 'Unknown'}, {'duration': 210, 'departure_time': 8940, 'arrival_time': 9150, 'day': 'current_day', 'from_stop_id': 'MH-L-1', 'to_stop_id': '57-1', 'trip_id': '1-1-9', 'agency_name': 'Unknown'}]}"
131,103,4500,inter,right,579,[131],[103],0,0,0,0,4500,4560.0,9870.0,9930.0,5310.0,4.0,131,103,,,pt,5430.0,9930.0,5430.0,"{'duration': 5310, 'source_transfer_time': 0, 'waiting_time': 30, 'trip_time': 5280, 'num_transfers': 4, 'departure_time': 4560, 'departure_day': 'current_day', 'arrival_time': 9870, 'arrival_day': 'current_day', 'steps': [{'duration': 1170, 'departure_time': 4590, 'arrival_time': 5760, 'day': 'current_day', 'from_stop_id': '131-5', 'to_stop_id': 'MH-R-5', 'trip_id': '10-0-4', 'agency_name': 'Unknown'}, {'duration': 30, 'departure_time': 5760, 'arrival_time': 5790, 'day': 'current_day', 'from_stop_id': 'MH-R-5', 'to_stop_id': 'MH-R-0', 'trip_id': 'walking', 'agency_name': 'Unknown'}, {'duration': 1500, 'departure_time': 7200, 'arrival_time': 8700, 'day': 'current_day', 'from_stop_id': 'MH-R-0', 'to_stop_id': 'MH-L-0', 'trip_id': '0-1-2', 'agency_name': 'Unknown'}, {'duration': 30, 'departure_time': 8700, 'arrival_time': 8730, 'day': 'current_day', 'from_stop_id': 'MH-L-0', 'to_stop_id': 'MH-L-4', 'trip_id': 'walking', 'agency_name': 'Unknown'}, {'duration': 930, 'departure_time': 8940, 'arrival_time': 9870, 'day': 'current_day', 'from_stop_id': 'MH-L-4', 'to_stop_id': '103-4', 'trip_id': '7-0-9', 'agency_name': 'Unknown'}]}"
211,25,8040,inter,right,580,[200; 212],[24; 36],500,375,500,375,8415,8475.0,12990.0,13050.0,4515.0,4.0,200,36,,,pt,5385.0,13425.0,5385.0,"{'duration': 4515, 'source_transfer_time': 0, 'waiting_time': 435, 'trip_time': 4080, 'num_transfers': 4, 'departure_time': 8475, 'departure_day': 'current_day', 'arrival_time': 12990, 'arrival_day': 'current_day', 'steps': [{'duration': 450, 'departure_time': 8910, 'arrival_time': 9360, 'day': 'current_day', 'from_stop_id': '200-4', 'to_stop_id': 'MH-R-4', 'trip_id': '9-1-10', 'agency_name': 'Unknown'}, {'duration': 30, 'departure_time': 9360, 'arrival_time': 9390, 'day': 'current_day', 'from_stop_id': 'MH-R-4', 'to_stop_id': 'MH-R-0', 'trip_id': 'walking', 'agency_name': 'Unknown'}, {'duration': 1500, 'departure_time': 10800, 'arrival_time': 12300, 'day': 'current_day', 'from_stop_id': 'MH-R-0', 'to_stop_id': 'MH-L-0', 'trip_id': '0-1-4', 'agency_name': 'Unknown'}, {'duration': 30, 'departure_time': 12300, 'arrival_time': 12330, 'day': 'current_day', 'from_stop_id': 'MH-L-0', 'to_stop_id': 'MH-L-4', 'trip_id': 'walking', 'agency_name': 'Unknown'}, {'duration': 450, 'departure_time': 12540, 'arrival_time': 12990, 'day': 'current_day', 'from_stop_id': 'MH-L-4', 'to_stop_id': '36-4', 'trip_id': '7-1-15', 'agency_name': 'Unknown'}]}"
164,100,9210,inter,right,581,[182],[99],1000,751,500,375,9961,10021.0,14790.0,14850.0,4769.0,4.0,182,99,,,pt,6015.0,15225.0,6015.0,"{'duration': 4769, 'source_transfer_time': 0, 'waiting_time': 569, 'trip_time': 4200, 'num_transfers': 4, 'departure_time': 10021, 'departure_day': 'current_day', 'arrival_time': 14790, 'arrival_day': 'current_day', 'steps': [{'duration': 570, 'departure_time': 10590, 'arrival_time': 11160, 'day': 'current_day', 'from_stop_id': '182-1', 'to_stop_id': 'MH-R-1', 'trip_id': '3-1-13', 'agency_name': 'Unknown'}, {'duration': 30, 'departure_time': 11160, 'arrival_time': 11190, 'day': 'current_day', 'from_stop_id': 'MH-R-1', 'to_stop_id': 'MH-R-0', 'trip_id': 'walking', 'agency_name': 'Unknown'}, {'duration': 1500, 'departure_time': 12600, 'arrival_time': 14100, 'day': 'current_day', 'from_stop_id': 'MH-R-0', 'to_stop_id': 'MH-L-0', 'trip_id': '0-1-5', 'agency_name': 'Unknown'}, {'duration': 30, 'departure_time': 14100, 'arrival_time': 14130, 'day': 'current_day', 'from_stop_id': 'MH-L-0', 'to_stop_id': 'MH-L-2', 'trip_id': 'walking', 'agency_name': 'Unknown'}, {'duration': 450, 'departure_time': 14340, 'arrival_time': 14790, 'day': 'current_day', 'from_stop_id': 'MH-L-2', 'to_stop_id': '99-2', 'trip_id': '2-1-18', 'agency_name': 'Unknown'}]}"
142,28,4980,inter,right,582,[131; 141],[27; 29; 39],500,375,500,375,5355,5415.0,9270.0,9330.0,3855.0,4.0,131,27,,,pt,4725.0,9705.0,4725.0,"{'duration': 3855, 'source_transfer_time': 0, 'waiting_time': 375, 'trip_time': 3480, 'num_transfers': 4, 'departure_time': 5415, 'departure_day': 'current_day', 'arrival_time': 9270, 'arrival_day': 'current_day', 'steps': [{'duration': 1170, 'departure_time': 5790, 'arrival_time': 6960, 'day': 'current_day', 'from_stop_id': '131-5', 'to_stop_id': 'MH-R-5', 'trip_id': '10-0-6', 'agency_name': 'Unknown'}, {'duration': 30, 'departure_time': 6960, 'arrival_time': 6990, 'day': 'current_day', 'from_stop_id': 'MH-R-5', 'to_stop_id': 'MH-R-0', 'trip_id': 'walking', 'agency_name': 'Unknown'}, {'duration': 1500, 'departure_time': 7200, 'arrival_time': 8700, 'day': 'current_day', 'from_stop_id': 'MH-R-0', 'to_stop_id': 'MH-L-0', 'trip_id': '0-1-2', 'agency_name': 'Unknown'}, {'duration': 30, 'departure_time': 8700, 'arrival_time': 8730, 'day': 'current_day', 'from_stop_id': 'MH-L-0', 'to_stop_id': 'MH-L-2', 'trip_id': 'walking', 'agency_name': 'Unknown'}, {'duration': 330, 'departure_time': 8940, 'arrival_time': 9270, 'day': 'current_day', 'from_stop_id': 'MH-L-2', 'to_stop_id': '27-2', 'trip_id': '2-0-9', 'agency_name': 'Unknown'}]}"
196,1,12690,inter,right,583,[196],[0; 12],0,0,500,375,12690,12750.0,17070.0,17130.0,4320.0,4.0,196,12,,,pt,4815.0,17505.0,4815.0,"{'duration': 4320, 'source_transfer_time': 0, 'waiting_time': 360, 'trip_time': 3960, 'num_transfers': 4, 'departure_time': 12750, 'departure_day': 'current_day', 'arrival_time': 17070, 'arrival_day': 'current_day', 'steps': [{'duration': 450, 'departure_time': 13110, 'arrival_time': 13560, 'day': 'current_day', 'from_stop_id': '196-5', 'to_stop_id': 'MH-R-5', 'trip_id': '10-1-17', 'agency_name': 'Unknown'}, {'duration': 30, 'departure_time': 13560, 'arrival_time': 13590, 'day': 'current_day', 'from_stop_id': 'MH-R-5', 'to_stop_id': 'MH-R-0', 'trip_id': 'walking', 'agency_name': 'Unknown'}, {'duration': 1500, 'departure_time': 14400, 'arrival_time': 15900, 'day': 'current_day', 'from_stop_id': 'MH-R-0', 'to_stop_id': 'MH-L-0', 'trip_id': '0-1-6', 'agency_name': 'Unknown'}, {'duration': 30, 'departure_time': 15900, 'arrival_time': 15930, 'day': 'current_day', 'from_stop_id': 'MH-L-0', 'to_stop_id': 'MH-L-4', 'trip_id': 'walking', 'agency_name': 'Unknown'}, {'duration': 930, 'departure_time': 16140, 'arrival_time': 17070, 'day': 'current_day', 'from_stop_id': 'MH-L-4', 'to_stop_id': '12-4', 'trip_id': '7-1-21', 'agency_name': 'Unknown'}]}"
150,69,4560,inter,right,584,[150],[59; 68; 80],0,0,500,375,4560,4620.0,9270.0,9330.0,4650.0,4.0,150,59,,,pt,5145.0,9705.0,5145.0,"{'duration': 4650, 'source_transfer_time': 0, 'waiting_time': 570, 'trip_time': 4080, 'num_transfers': 4, 'departure_time': 4620, 'departure_day': 'current_day', 'arrival_time': 9270, 'arrival_day': 'current_day', 'steps': [{'duration': 570, 'departure_time': 5190, 'arrival_time': 5760, 'day': 'current_day', 'from_stop_id': '150-5', 'to_stop_id': 'MH-R-5', 'trip_id': '10-0-4', 'agency_name': 'Unknown'}, {'duration': 30, 'departure_time': 5760, 'arrival_time': 5790, 'day': 'current_day', 'from_stop_id': 'MH-R-5', 'to_stop_id': 'MH-R-0', 'trip_id': 'walking', 'agency_name': 'Unknown'}, {'duration': 1500, 'departure_time': 7200, 'arrival_time': 8700, 'day': 'current_day', 'from_stop_id': 'MH-R-0', 'to_stop_id': 'MH-L-0', 'trip_id': '0-1-2', 'agency_name': 'Unknown'}, {'duration': 30, 'departure_time': 8700, 'arrival_time': 8730, 'day': 'current_day', 'from_stop_id': 'MH-L-0', 'to_stop_id': 'MH-L-1', 'trip_id': 'walking', 'agency_name': 'Unknown'}, {'duration': 330, 'departure_time': 8940, 'arrival_time': 9270, 'day': 'current_day', 'from_stop_id': 'MH-L-1', 'to_stop_id': '59-1', 'trip_id': '1-0-9', 'agency_name': 'Unknown'}]}"
143,41,6570,inter,right,585,[132; 144],[30; 40],500,375,500,375,6945,7005.0,11190.0,11250.0,4185.0,4.0,132,40,,,pt,5055.0,11625.0,5055.0,"{'duration': 4185, 'source_transfer_time': 0, 'waiting_time': 105, 'trip_time': 4080, 'num_transfers': 4, 'departure_time': 7005, 'departure_day': 'current_day', 'arrival_time': 11190, 'arrival_day': 'current_day', 'steps': [{'duration': 1050, 'departure_time': 7110, 'arrival_time': 8160, 'day': 'current_day', 'from_stop_id': '132-4', 'to_stop_id': 'MH-R-4', 'trip_id': '9-0-8', 'agency_name': 'Unknown'}, {'duration': 30, 'departure_time': 8160, 'arrival_time': 8190, 'day': 'current_day', 'from_stop_id': 'MH-R-4', 'to_stop_id': 'MH-R-0', 'trip_id': 'walking', 'agency_name': 'Unknown'}, {'duration': 1500, 'departure_time': 9000, 'arrival_time': 10500, 'day': 'current_day', 'from_stop_id': 'MH-R-0', 'to_stop_id': 'MH-L-0', 'trip_id': '0-1-3', 'agency_name': 'Unknown'}, {'duration': 30, 'departure_time': 10500, 'arrival_time': 10530, 'day': 'current_day', 'from_stop_id': 'MH-L-0', 'to_stop_id': 'MH-L-5', 'trip_id': 'walking', 'agency_name': 'Unknown'}, {'duration': 450, 'departure_time': 10740, 'arrival_time': 11190, 'day': 'current_day', 'from_stop_id': 'MH-L-5', 'to_stop_id': '40-5', 'trip_id': '8-1-12', 'agency_name': 'Unknown'}]}"
136,48,6270,inter,right,586,[137],[48],500,375,0,0,6645,6705.0,10950.0,11010.0,4245.0,4.0,137,48,,,pt,4740.0,11010.0,4740.0,"{'duration': 4245, 'source_transfer_time': 0, 'waiting_time': 405, 'trip_time': 3840, 'num_transfers': 4, 'departure_time': 6705, 'departure_day': 'current_day', 'arrival_time': 10950, 'arrival_day': 'current_day', 'steps': [{'duration': 450, 'departure_time': 7110, 'arrival_time': 7560, 'day': 'current_day', 'from_stop_id': '137-2', 'to_stop_id': 'MH-R-2', 'trip_id': '4-1-7', 'agency_name': 'Unknown'}, {'duration': 30, 'departure_time': 7560, 'arrival_time': 7590, 'day': 'current_day', 'from_stop_id': 'MH-R-2', 'to_stop_id': 'MH-R-0', 'trip_id': 'walking', 'agency_name': 'Unknown'}, {'duration': 1500, 'departure_time': 9000, 'arrival_time': 10500, 'day': 'current_day', 'from_stop_id': 'MH-R-0', 'to_stop_id': 'MH-L-0', 'trip_id': '0-1-3', 'agency_name': 'Unknown'}, {'duration': 30, 'departure_time': 10500, 'arrival_time': 10530, 'day': 'current_day', 'from_stop_id': 'MH-L-0', 'to_stop_id': 'MH-L-4', 'trip_id': 'walking', 'agency_name': 'Unknown'}, {'duration': 210, 'departure_time': 10740, 'arrival_time': 10950, 'day': 'current_day', 'from_stop_id': 'MH-L-4', 'to_stop_id': '48-4', 'trip_id': '7-1-12', 'agency_name': 'Unknown'}]}"
140,113,6720,inter,right,587,[140],[91; 103; 115],0,0,1000,751,6720,6780.0,11430.0,11490.0,4650.0,4.0,140,91,,,pt,5521.0,12241.0,5521.0,"{'duration': 4650, 'source_transfer_time': 0, 'waiting_time': 570, 'trip_time': 4080, 'num_transfers': 4, 'departure_time': 6780, 'departure_day': 'current_day', 'arrival_time': 11430, 'arrival_day': 'current_day', 'steps': [{'duration': 810, 'departure_time': 7350, 'arrival_time': 8160, 'day': 'current_day', 'from_stop_id': '140-5', 'to_stop_id': 'MH-R-5', 'trip_id': '10-0-8', 'agency_name': 'Unknown'}, {'duration': 30, 'departure_time': 8160, 'arrival_time': 8190, 'day': 'current_day', 'from_stop_id': 'MH-R-5', 'to_stop_id': 'MH-R-0', 'trip_id': 'walking', 'agency_name': 'Unknown'}, {'duration': 1500, 'departure_time': 9000, 'arrival_time': 10500, 'day': 'current_day', 'from_stop_id': 'MH-R-0', 'to_stop_id': 'MH-L-0', 'trip_id': '0-1-3', 'agency_name': 'Unknown'}, {'duration': 30, 'departure_time': 10500, 'arrival_time': 10530, 'day': 'current_day', 'from_stop_id': 'MH-L-0', 'to_stop_id': 'MH-L-4', 'trip_id': 'walking', 'agency_name': 'Unknown'}, {'duration': 690, 'departure_time': 10740, 'arrival_time': 11430, 'day': 'current_day', 'from_stop_id': 'MH-L-4', 'to_stop_id': '91-4', 'trip_id': '7-0-12', 'agency_name': 'Unknown'}]}"
157,93,9030,inter,right,588,[157],[92; 104],0,0,500,375,9030,9090.0,13350.0,13410.0,4260.0,4.0,157,92,,,pt,4755.0,13785.0,4755.0,"{'duration': 4260, 'source_transfer_time': 0, 'waiting_time': 420, 'trip_time': 3840, 'num_transfers': 4, 'departure_time': 9090, 'departure_day': 'current_day', 'arrival_time': 13350, 'arrival_day': 'current_day', 'steps': [{'duration': 450, 'departure_time': 9510, 'arrival_time': 9960, 'day': 'current_day', 'from_stop_id': '157-4', 'to_stop_id': 'MH-R-4', 'trip_id': '9-0-11', 'agency_name': 'Unknown'}, {'duration': 30, 'departure_time': 9960, 'arrival_time': 9990, 'day': 'current_day', 'from_stop_id': 'MH-R-4', 'to_stop_id': 'MH-R-0', 'trip_id': 'walking', 'agency_name': 'Unknown'}, {'duration': 1500, 'departure_time': 10800, 'arrival_time': 12300, 'day': 'current_day', 'from_stop_id': 'MH-R-0', 'to_stop_id': 'MH-L-0', 'trip_id': '0-1-4', 'agency_name': 'Unknown'}, {'duration': 30, 'departure_time': 12300, 'arrival_time': 12330, 'day': 'current_day', 'from_stop_id': 'MH-L-0', 'to_stop_id': 'MH-L-4', 'trip_id': 'walking', 'agency_name': 'Unknown'}, {'duration': 810, 'departure_time': 12540, 'arrival_time': 13350, 'day': 'current_day', 'from_stop_id': 'MH-L-4', 'to_stop_id': '92-4', 'trip_id': '7-0-15', 'agency_name': 'Unknown'}]}"
129,109,7470,inter,right,589,[130; 140],[110],500,375,500,375,7845,7905.0,11310.0,11370.0,3405.0,4.0,140,110,,,pt,4275.0,11745.0,4275.0,"{'duration': 3405, 'source_transfer_time': 0, 'waiting_time': 45, 'trip_time': 3360, 'num_transfers': 4, 'departure_time': 7905, 'departure_day': 'current_day', 'arrival_time': 11310, 'arrival_day': 'current_day', 'steps': [{'duration': 810, 'departure_time': 7950, 'arrival_time': 8760, 'day': 'current_day', 'from_stop_id': '140-5', 'to_stop_id': 'MH-R-5', 'trip_id': '10-0-9', 'agency_name': 'Unknown'}, {'duration': 30, 'departure_time': 8760, 'arrival_time': 8790, 'day': 'current_day', 'from_stop_id': 'MH-R-5', 'to_stop_id': 'MH-R-0', 'trip_id': 'walking', 'agency_name': 'Unknown'}, {'duration': 1500, 'departure_time': 9000, 'arrival_time': 10500, 'day': 'current_day', 'from_stop_id': 'MH-R-0', 'to_stop_id': 'MH-L-0', 'trip_id': '0-1-3', 'agency_name': 'Unknown'}, {'duration': 30, 'departure_time': 10500, 'arrival_time': 10530, 'day': 'current_day', 'from_stop_id': 'MH-L-0', 'to_stop_id': 'MH-L-2', 'trip_id': 'walking', 'agency_name': 'Unknown'}, {'duration': 570, 'departure_time': 10740, 'arrival_time': 11310, 'day': 'current_day', 'from_stop_id': 'MH-L-2', 'to_stop_id': '110-2', 'trip_id': '2-1-12', 'agency_name': 'Unknown'}]}"
144,57,8610,inter,right,590,[144],[57],0,0,0,0,8610,8670.0,12750.0,12810.0,4080.0,4.0,144,57,,,pt,4200.0,12810.0,4200.0,"{'duration': 4080, 'source_transfer_time': 0, 'waiting_time': 480, 'trip_time': 3600, 'num_transfers': 4, 'departure_time': 8670, 'departure_day': 'current_day', 'arrival_time': 12750, 'arrival_day': 'current_day', 'steps': [{'duration': 810, 'departure_time': 9150, 'arrival_time': 9960, 'day': 'current_day', 'from_stop_id': '144-4', 'to_stop_id': 'MH-R-4', 'trip_id': '9-0-11', 'agency_name': 'Unknown'}, {'duration': 30, 'departure_time': 9960, 'arrival_time': 9990, 'day': 'current_day', 'from_stop_id': 'MH-R-4', 'to_stop_id': 'MH-R-0', 'trip_id': 'walking', 'agency_name': 'Unknown'}, {'duration': 1500, 'departure_time': 10800, 'arrival_time': 12300, 'day': 'current_day', 'from_stop_id': 'MH-R-0', 'to_stop_id': 'MH-L-0', 'trip_id': '0-1-4', 'agency_name': 'Unknown'}, {'duration': 30, 'departure_time': 12300, 'arrival_time': 12330, 'day': 'current_day', 'from_stop_id': 'MH-L-0', 'to_stop_id': 'MH-L-1', 'trip_id': 'walking', 'agency_name': 'Unknown'}, {'duration': 210, 'departure_time': 12540, 'arrival_time': 12750, 'day': 'current_day', 'from_stop_id': 'MH-L-1', 'to_stop_id': '57-1', 'trip_id': '1-1-15', 'agency_name': 'Unknown'}]}"
160,82,10500,inter,right,591,[160],[61; 80; 92; 104],0,0,1000,751,10500,10560.0,14910.0,14970.0,4350.0,4.0,160,61,,,pt,5221.0,15721.0,5221.0,"{'duration': 4350, 'source_transfer_time': 0, 'waiting_time': 270, 'trip_time': 4080, 'num_transfers': 4, 'departure_time': 10560, 'departure_day': 'current_day', 'arrival_time': 14910, 'arrival_day': 'current_day', 'steps': [{'duration': 330, 'departure_time': 10830, 'arrival_time': 11160, 'day': 'current_day', 'from_stop_id': '160-5', 'to_stop_id': 'MH-R-5', 'trip_id': '10-0-13', 'agency_name': 'Unknown'}, {'duration': 30, 'departure_time': 11160, 'arrival_time': 11190, 'day': 'current_day', 'from_stop_id': 'MH-R-5', 'to_stop_id': 'MH-R-0', 'trip_id': 'walking', 'agency_name': 'Unknown'}, {'duration': 1500, 'departure_time': 12600, 'arrival_time': 14100, 'day': 'current_day', 'from_stop_id': 'MH-R-0', 'to_stop_id': 'MH-L-0', 'trip_id': '0-1-5', 'agency_name': 'Unknown'}, {'duration': 30, 'departure_time': 14100, 'arrival_time': 14130, 'day': 'current_day', 'from_stop_id': 'MH-L-0', 'to_stop_id': 'MH-L-1', 'trip_id': 'walking', 'agency_name': 'Unknown'}, {'duration': 570, 'departure_time': 14340, 'arrival_time': 14910, 'day': 'current_day', 'from_stop_id': 'MH-L-1', 'to_stop_id': '61-1', 'trip_id': '1-0-18', 'agency_name': 'Unknown'}]}"
165,106,14220,inter,right,592,[175],[106],500,375,0,0,14595,14655.0,18990.0,19050.0,4335.0,4.0,175,106,,,pt,4830.0,19050.0,4830.0,"{'duration': 4335, 'source_transfer_time': 0, 'waiting_time': 135, 'trip_time': 4200, 'num_transfers': 4, 'departure_time': 14655, 'departure_day': 'current_day', 'arrival_time': 18990, 'arrival_day': 'current_day', 'steps': [{'duration': 570, 'departure_time': 14790, 'arrival_time': 15360, 'day': 'current_day', 'from_stop_id': '175-1', 'to_stop_id': 'MH-R-1', 'trip_id': '3-0-20', 'agency_name': 'Unknown'}, {'duration': 30, 'departure_time': 15360, 'arrival_time': 15390, 'day': 'current_day', 'from_stop_id': 'MH-R-1', 'to_stop_id': 'MH-R-0', 'trip_id': 'walking', 'agency_name': 'Unknown'}, {'duration': 1500, 'departure_time': 16200, 'arrival_time': 17700, 'day': 'current_day', 'from_stop_id': 'MH-R-0', 'to_stop_id': 'MH-L-0', 'trip_id': '0-1-7', 'agency_name': 'Unknown'}, {'duration': 30, 'departure_time': 17700, 'arrival_time': 17730, 'day': 'current_day', 'from_stop_id': 'MH-L-0', 'to_stop_id': 'MH-L-5', 'trip_id': 'walking', 'agency_name': 'Unknown'}, {'duration': 1050, 'departure_time': 17940, 'arrival_time': 18990, 'day': 'current_day', 'from_stop_id': 'MH-L-5', 'to_stop_id': '106-5', 'trip_id': '8-0-24', 'agency_name': 'Unknown'}]}"
218,2,7350,inter,right,593,[207; 217],[0; 12; 24],500,375,1000,751,7725,7785.0,11430.0,11490.0,3645.0,4.0,207,24,,,pt,4891.0,12241.0,4891.0,"{'duration': 3645, 'source_transfer_time': 0, 'waiting_time': 405, 'trip_time': 3240, 'num_transfers': 4, 'departure_time': 7785, 'departure_day': 'current_day', 'arrival_time': 11430, 'arrival_day': 'current_day', 'steps': [{'duration': 570, 'departure_time': 8190, 'arrival_time': 8760, 'day': 'current_day', 'from_stop_id': '207-5', 'to_stop_id': 'MH-R-5', 'trip_id': '10-1-9', 'agency_name': 'Unknown'}, {'duration': 30, 'departure_time': 8760, 'arrival_time': 8790, 'day': 'current_day', 'from_stop_id': 'MH-R-5', 'to_stop_id': 'MH-R-0', 'trip_id': 'walking', 'agency_name': 'Unknown'}, {'duration': 1500, 'departure_time': 9000, 'arrival_time': 10500, 'day': 'current_day', 'from_stop_id': 'MH-R-0', 'to_stop_id': 'MH-L-0', 'trip_id': '0-1-3', 'agency_name': 'Unknown'}, {'duration': 30, 'departure_time': 10500, 'arrival_time': 10530, 'day': 'current_day', 'from_stop_id': 'MH-L-0', 'to_stop_id': 'MH-L-4', 'trip_id': 'walking', 'agency_name': 'Unknown'}, {'duration': 690, 'departure_time': 10740, 'arrival_time': 11430, 'day': 'current_day', 'from_stop_id': 'MH-L-4', 'to_stop_id': '24-4', 'trip_id': '7-1-12', 'agency_name': 'Unknown'}]}"
224,106,9840,inter,right,594,[224],[106],0,0,0,0,9840,9900.0,15390.0,15450.0,5490.0,4.0,224,106,,,pt,5610.0,15450.0,5610.0,"{'duration': 5490, 'source_transfer_time': 0, 'waiting_time': 330, 'trip_time': 5160, 'num_transfers': 4, 'departure_time': 9900, 'departure_day': 'current_day', 'arrival_time': 15390, 'arrival_day': 'current_day', 'steps': [{'duration': 930, 'departure_time': 10230, 'arrival_time': 11160, 'day': 'current_day', 'from_stop_id': '224-4', 'to_stop_id': 'MH-R-4', 'trip_id': '9-1-13', 'agency_name': 'Unknown'}, {'duration': 30, 'departure_time': 11160, 'arrival_time': 11190, 'day': 'current_day', 'from_stop_id': 'MH-R-4', 'to_stop_id': 'MH-R-0', 'trip_id': 'walking', 'agency_name': 'Unknown'}, {'duration': 1500, 'departure_time': 12600, 'arrival_time': 14100, 'day': 'current_day', 'from_stop_id': 'MH-R-0', 'to_stop_id': 'MH-L-0', 'trip_id': '0-1-5', 'agency_name': 'Unknown'}, {'duration': 30, 'departure_time': 14100, 'arrival_time': 14130, 'day': 'current_day', 'from_stop_id': 'MH-L-0', 'to_stop_id': 'MH-L-5', 'trip_id': 'walking', 'agency_name': 'Unknown'}, {'duration': 1050, 'departure_time': 14340, 'arrival_time': 15390, 'day': 'current_day', 'from_stop_id': 'MH-L-5', 'to_stop_id': '106-5', 'trip_id': '8-0-18', 'agency_name': 'Unknown'}]}"
174,31,6750,inter,right,595,[182],[20; 30],500,375,500,375,7125,7185.0,11430.0,11490.0,4245.0,4.0,182,30,,,pt,5115.0,11865.0,5115.0,"{'duration': 4245, 'source_transfer_time': 0, 'waiting_time': 405, 'trip_time': 3840, 'num_transfers': 4, 'departure_time': 7185, 'departure_day': 'current_day', 'arrival_time': 11430, 'arrival_day': 'current_day', 'steps': [{'duration': 570, 'departure_time': 7590, 'arrival_time': 8160, 'day': 'current_day', 'from_stop_id': '182-1', 'to_stop_id': 'MH-R-1', 'trip_id': '3-1-8', 'agency_name': 'Unknown'}, {'duration': 30, 'departure_time': 8160, 'arrival_time': 8190, 'day': 'current_day', 'from_stop_id': 'MH-R-1', 'to_stop_id': 'MH-R-0', 'trip_id': 'walking', 'agency_name': 'Unknown'}, {'duration': 1500, 'departure_time': 9000, 'arrival_time': 10500, 'day': 'current_day', 'from_stop_id': 'MH-R-0', 'to_stop_id': 'MH-L-0', 'trip_id': '0-1-3', 'agency_name': 'Unknown'}, {'duration': 30, 'departure_time': 10500, 'arrival_time': 10530, 'day': 'current_day', 'from_stop_id': 'MH-L-0', 'to_stop_id': 'MH-L-5', 'trip_id': 'walking', 'agency_name': 'Unknown'}, {'duration': 690, 'departure_time': 10740, 'arrival_time': 11430, 'day': 'current_day', 'from_stop_id': 'MH-L-5', 'to_stop_id': '30-5', 'trip_id': '8-1-12', 'agency_name': 'Unknown'}]}"
202,85,8310,inter,right,596,[201; 213],[85],500,375,0,0,8685,8745.0,13230.0,13290.0,4485.0,4.0,201,85,,,pt,4980.0,13290.0,4980.0,"{'duration': 4485, 'source_transfer_time': 0, 'waiting_time': 45, 'trip_time': 4440, 'num_transfers': 4, 'departure_time': 8745, 'departure_day': 'current_day', 'arrival_time': 13230, 'arrival_day': 'current_day', 'steps': [{'duration': 570, 'departure_time': 8790, 'arrival_time': 9360, 'day': 'current_day', 'from_stop_id': '201-4', 'to_stop_id': 'MH-R-4', 'trip_id': '9-1-10', 'agency_name': 'Unknown'}, {'duration': 30, 'departure_time': 9360, 'arrival_time': 9390, 'day': 'current_day', 'from_stop_id': 'MH-R-4', 'to_stop_id': 'MH-R-0', 'trip_id': 'walking', 'agency_name': 'Unknown'}, {'duration': 1500, 'departure_time': 10800, 'arrival_time': 12300, 'day': 'current_day', 'from_stop_id': 'MH-R-0', 'to_stop_id': 'MH-L-0', 'trip_id': '0-1-4', 'agency_name': 'Unknown'}, {'duration': 30, 'departure_time': 12300, 'arrival_time': 12330, 'day': 'current_day', 'from_stop_id': 'MH-L-0', 'to_stop_id': 'MH-L-5', 'trip_id': 'walking', 'agency_name': 'Unknown'}, {'duration': 690, 'departure_time': 12540, 'arrival_time': 13230, 'day': 'current_day', 'from_stop_id': 'MH-L-5', 'to_stop_id': '85-5', 'trip_id': '8-0-15', 'agency_name': 'Unknown'}]}"
204,12,11700,inter,right,597,[206; 216; 226],[12],1000,751,0,0,12451,12511.0,17070.0,17130.0,4559.0,4.0,206,12,,,pt,5430.0,17130.0,5430.0,"{'duration': 4559, 'source_transfer_time': 0, 'waiting_time': 359, 'trip_time': 4200, 'num_transfers': 4, 'departure_time': 12511, 'departure_day': 'current_day', 'arrival_time': 17070, 'arrival_day': 'current_day', 'steps': [{'duration': 690, 'departure_time': 12870, 'arrival_time': 13560, 'day': 'current_day', 'from_stop_id': '206-5', 'to_stop_id': 'MH-R-5', 'trip_id': '10-1-17', 'agency_name': 'Unknown'}, {'duration': 30, 'departure_time': 13560, 'arrival_time': 13590, 'day': 'current_day', 'from_stop_id': 'MH-R-5', 'to_stop_id': 'MH-R-0', 'trip_id': 'walking', 'agency_name': 'Unknown'}, {'duration': 1500, 'departure_time': 14400, 'arrival_time': 15900, 'day': 'current_day', 'from_stop_id': 'MH-R-0', 'to_stop_id': 'MH-L-0', 'trip_id': '0-1-6', 'agency_name': 'Unknown'}, {'duration': 30, 'departure_time': 15900, 'arrival_time': 15930, 'day': 'current_day', 'from_stop_id': 'MH-L-0', 'to_stop_id': 'MH-L-4', 'trip_id': 'walking', 'agency_name': 'Unknown'}, {'duration': 930, 'departure_time': 16140, 'arrival_time': 17070, 'day': 'current_day', 'from_stop_id': 'MH-L-4', 'to_stop_id': '12-4', 'trip_id': '7-1-21', 'agency_name': 'Unknown'}]}"
174,10,10110,inter,right,598,[182],[10],500,375,0,0,10485,10545.0,15510.0,15570.0,4965.0,4.0,182,10,,,pt,5460.0,15570.0,5460.0,"{'duration': 4965, 'source_transfer_time': 0, 'waiting_time': 45, 'trip_time': 4920, 'num_transfers': 4, 'departure_time': 10545, 'departure_day': 'current_day', 'arrival_time': 15510, 'arrival_day': 'current_day', 'steps': [{'duration': 570, 'departure_time': 10590, 'arrival_time': 11160, 'day': 'current_day', 'from_stop_id': '182-1', 'to_stop_id': 'MH-R-1', 'trip_id': '3-1-13', 'agency_name': 'Unknown'}, {'duration': 30, 'departure_time': 11160, 'arrival_time': 11190, 'day': 'current_day', 'from_stop_id': 'MH-R-1', 'to_stop_id': 'MH-R-0', 'trip_id': 'walking', 'agency_name': 'Unknown'}, {'duration': 1500, 'departure_time': 12600, 'arrival_time': 14100, 'day': 'current_day', 'from_stop_id': 'MH-R-0', 'to_stop_id': 'MH-L-0', 'trip_id': '0-1-5', 'agency_name': 'Unknown'}, {'duration': 30, 'departure_time': 14100, 'arrival_time': 14130, 'day': 'current_day', 'from_stop_id': 'MH-L-0', 'to_stop_id': 'MH-L-5', 'trip_id': 'walking', 'agency_name': 'Unknown'}, {'duration': 1170, 'departure_time': 14340, 'arrival_time': 15510, 'day': 'current_day', 'from_stop_id': 'MH-L-5', 'to_stop_id': '10-5', 'trip_id': '8-1-18', 'agency_name': 'Unknown'}]}"
218,46,12540,inter,right,599,[207; 217],[35; 47; 56],500,375,500,375,12915,12975.0,16470.0,16530.0,3495.0,4.0,207,47,,,pt,4365.0,16905.0,4365.0,"{'duration': 3495, 'source_transfer_time': 0, 'waiting_time': 15, 'trip_time': 3480, 'num_transfers': 4, 'departure_time': 12975, 'departure_day': 'current_day', 'arrival_time': 16470, 'arrival_day': 'current_day', 'steps': [{'duration': 570, 'departure_time': 12990, 'arrival_time': 13560, 'day': 'current_day', 'from_stop_id': '207-5', 'to_stop_id': 'MH-R-5', 'trip_id': '10-1-17', 'agency_name': 'Unknown'}, {'duration': 30, 'departure_time': 13560, 'arrival_time': 13590, 'day': 'current_day', 'from_stop_id': 'MH-R-5', 'to_stop_id': 'MH-R-0', 'trip_id': 'walking', 'agency_name': 'Unknown'}, {'duration': 1500, 'departure_time': 14400, 'arrival_time': 15900, 'day': 'current_day', 'from_stop_id': 'MH-R-0', 'to_stop_id': 'MH-L-0', 'trip_id': '0-1-6', 'agency_name': 'Unknown'}, {'duration': 30, 'departure_time': 15900, 'arrival_time': 15930, 'day': 'current_day', 'from_stop_id': 'MH-L-0', 'to_stop_id': 'MH-L-4', 'trip_id': 'walking', 'agency_name': 'Unknown'}, {'duration': 330, 'departure_time': 16140, 'arrival_time': 16470, 'day': 'current_day', 'from_stop_id': 'MH-L-4', 'to_stop_id': '47-4', 'trip_id': '7-1-21', 'agency_name': 'Unknown'}]}"
150,46,10380,inter,right,600,[150],[35; 47; 56],0,0,500,375,10380,10440.0,14670.0,14730.0,4230.0,4.0,150,47,,,pt,4725.0,15105.0,4725.0,"{'duration': 4230, 'source_transfer_time': 0, 'waiting_time': 150, 'trip_time': 4080, 'num_transfers': 4, 'departure_time': 10440, 'departure_day': 'current_day', 'arrival_time': 14670, 'arrival_day': 'current_day', 'steps': [{'duration': 570, 'departure_time': 10590, 'arrival_time': 11160, 'day': 'current_day', 'from_stop_id': '150-5', 'to_stop_id': 'MH-R-5', 'trip_id': '10-0-13', 'agency_name': 'Unknown'}, {'duration': 30, 'departure_time': 11160, 'arrival_time': 11190, 'day': 'current_day', 'from_stop_id': 'MH-R-5', 'to_stop_id': 'MH-R-0', 'trip_id': 'walking', 'agency_name': 'Unknown'}, {'duration': 1500, 'departure_time': 12600, 'arrival_time': 14100, 'day': 'current_day', 'from_stop_id': 'MH-R-0', 'to_stop_id': 'MH-L-0', 'trip_id': '0-1-5', 'agency_name': 'Unknown'}, {'duration': 30, 'departure_time': 14100, 'arrival_time': 14130, 'day': 'current_day', 'from_stop_id': 'MH-L-0', 'to_stop_id': 'MH-L-4', 'trip_id': 'walking', 'agency_name': 'Unknown'}, {'duration': 330, 'departure_time': 14340, 'arrival_time': 14670, 'day': 'current_day', 'from_stop_id': 'MH-L-4', 'to_stop_id': '47-4', 'trip_id': '7-1-18', 'agency_name': 'Unknown'}]}"
218,46,4260,inter,right,601,[207; 217],[35; 47; 56],500,375,500,375,4635,4695.0,9270.0,9330.0,4575.0,4.0,207,47,,,pt,5445.0,9705.0,5445.0,"{'duration': 4575, 'source_transfer_time': 0, 'waiting_time': 495, 'trip_time': 4080, 'num_transfers': 4, 'departure_time': 4695, 'departure_day': 'current_day', 'arrival_time': 9270, 'arrival_day': 'current_day', 'steps': [{'duration': 570, 'departure_time': 5190, 'arrival_time': 5760, 'day': 'current_day', 'from_stop_id': '207-5', 'to_stop_id': 'MH-R-5', 'trip_id': '10-1-4', 'agency_name': 'Unknown'}, {'duration': 30, 'departure_time': 5760, 'arrival_time': 5790, 'day': 'current_day', 'from_stop_id': 'MH-R-5', 'to_stop_id': 'MH-R-0', 'trip_id': 'walking', 'agency_name': 'Unknown'}, {'duration': 1500, 'departure_time': 7200, 'arrival_time': 8700, 'day': 'current_day', 'from_stop_id': 'MH-R-0', 'to_stop_id': 'MH-L-0', 'trip_id': '0-1-2', 'agency_name': 'Unknown'}, {'duration': 30, 'departure_time': 8700, 'arrival_time': 8730, 'day': 'current_day', 'from_stop_id': 'MH-L-0', 'to_stop_id': 'MH-L-4', 'trip_id': 'walking', 'agency_name': 'Unknown'}, {'duration': 330, 'departure_time': 8940, 'arrival_time': 9270, 'day': 'current_day', 'from_stop_id': 'MH-L-4', 'to_stop_id': '47-4', 'trip_id': '7-1-9', 'agency_name': 'Unknown'}]}"
236,43,10290,inter,right,602,[236],[61],0,0,1000,751,10290,10350.0,14910.0,14970.0,4560.0,4.0,236,61,,,pt,5431.0,15721.0,5431.0,"{'duration': 4560, 'source_transfer_time': 0, 'waiting_time': 240, 'trip_time': 4320, 'num_transfers': 4, 'departure_time': 10350, 'departure_day': 'current_day', 'arrival_time': 14910, 'arrival_day': 'current_day', 'steps': [{'duration': 1170, 'departure_time': 10590, 'arrival_time': 11760, 'day': 'current_day', 'from_stop_id': '236-4', 'to_stop_id': 'MH-R-4', 'trip_id': '9-1-14', 'agency_name': 'Unknown'}, {'duration': 30, 'departure_time': 11760, 'arrival_time': 11790, 'day': 'current_day', 'from_stop_id': 'MH-R-4', 'to_stop_id': 'MH-R-0', 'trip_id': 'walking', 'agency_name': 'Unknown'}, {'duration': 1500, 'departure_time': 12600, 'arrival_time': 14100, 'day': 'current_day', 'from_stop_id': 'MH-R-0', 'to_stop_id': 'MH-L-0', 'trip_id': '0-1-5', 'agency_name': 'Unknown'}, {'duration': 30, 'departure_time': 14100, 'arrival_time': 14130, 'day': 'current_day', 'from_stop_id': 'MH-L-0', 'to_stop_id': 'MH-L-1', 'trip_id': 'walking', 'agency_name': 'Unknown'}, {'duration': 570, 'departure_time': 14340, 'arrival_time': 14910, 'day': 'current_day', 'from_stop_id': 'MH-L-1', 'to_stop_id': '61-1', 'trip_id': '1-0-18', 'agency_name': 'Unknown'}]}"
171,71,7470,inter,right,603,[161; 170; 179],[61],500,375,500,375,7845,7905.0,11310.0,11370.0,3405.0,4.0,161,61,,,pt,4275.0,11745.0,4275.0,"{'duration': 3405, 'source_transfer_time': 0, 'waiting_time': 405, 'trip_time': 3000, 'num_transfers': 4, 'departure_time': 7905, 'departure_day': 'current_day', 'arrival_time': 11310, 'arrival_day': 'current_day', 'steps': [{'duration': 450, 'departure_time': 8310, 'arrival_time': 8760, 'day': 'current_day', 'from_stop_id': '161-5', 'to_stop_id': 'MH-R-5', 'trip_id': '10-0-9', 'agency_name': 'Unknown'}, {'duration': 30, 'departure_time': 8760, 'arrival_time': 8790, 'day': 'current_day', 'from_stop_id': 'MH-R-5', 'to_stop_id': 'MH-R-0', 'trip_id': 'walking', 'agency_name': 'Unknown'}, {'duration': 1500, 'departure_time': 9000, 'arrival_time': 10500, 'day': 'current_day', 'from_stop_id': 'MH-R-0', 'to_stop_id': 'MH-L-0', 'trip_id': '0-1-3', 'agency_name': 'Unknown'}, {'duration': 30, 'departure_time': 10500, 'arrival_time': 10530, 'day': 'current_day', 'from_stop_id': 'MH-L-0', 'to_stop_id': 'MH-L-1', 'trip_id': 'walking', 'agency_name': 'Unknown'}, {'duration': 570, 'departure_time': 10740, 'arrival_time': 11310, 'day': 'current_day', 'from_stop_id': 'MH-L-1', 'to_stop_id': '61-1', 'trip_id': '1-0-12', 'agency_name': 'Unknown'}]}"
214,24,7710,inter,right,604,[213; 225],[24],500,375,0,0,8085,8145.0,13230.0,13290.0,5085.0,4.0,213,24,,,pt,5580.0,13290.0,5580.0,"{'duration': 5085, 'source_transfer_time': 0, 'waiting_time': 405, 'trip_time': 4680, 'num_transfers': 4, 'departure_time': 8145, 'departure_day': 'current_day', 'arrival_time': 13230, 'arrival_day': 'current_day', 'steps': [{'duration': 810, 'departure_time': 8550, 'arrival_time': 9360, 'day': 'current_day', 'from_stop_id': '213-4', 'to_stop_id': 'MH-R-4', 'trip_id': '9-1-10', 'agency_name': 'Unknown'}, {'duration': 30, 'departure_time': 9360, 'arrival_time': 9390, 'day': 'current_day', 'from_stop_id': 'MH-R-4', 'to_stop_id': 'MH-R-0', 'trip_id': 'walking', 'agency_name': 'Unknown'}, {'duration': 1500, 'departure_time': 10800, 'arrival_time': 12300, 'day': 'current_day', 'from_stop_id': 'MH-R-0', 'to_stop_id': 'MH-L-0', 'trip_id': '0-1-4', 'agency_name': 'Unknown'}, {'duration': 30, 'departure_time': 12300, 'arrival_time': 12330, 'day': 'current_day', 'from_stop_id': 'MH-L-0', 'to_stop_id': 'MH-L-4', 'trip_id': 'walking', 'agency_name': 'Unknown'}, {'duration': 690, 'departure_time': 12540, 'arrival_time': 13230, 'day': 'current_day', 'from_stop_id': 'MH-L-4', 'to_stop_id': '24-4', 'trip_id': '7-1-15', 'agency_name': 'Unknown'}]}"
223,92,11700,inter,right,605,[212; 224],[92],500,375,0,0,12075,12135.0,16950.0,17010.0,4815.0,4.0,212,92,,,pt,5310.0,17010.0,5310.0,"{'duration': 4815, 'source_transfer_time': 0, 'waiting_time': 135, 'trip_time': 4680, 'num_transfers': 4, 'departure_time': 12135, 'departure_day': 'current_day', 'arrival_time': 16950, 'arrival_day': 'current_day', 'steps': [{'duration': 690, 'departure_time': 12270, 'arrival_time': 12960, 'day': 'current_day', 'from_stop_id': '212-4', 'to_stop_id': 'MH-R-4', 'trip_id': '9-1-16', 'agency_name': 'Unknown'}, {'duration': 30, 'departure_time': 12960, 'arrival_time': 12990, 'day': 'current_day', 'from_stop_id': 'MH-R-4', 'to_stop_id': 'MH-R-0', 'trip_id': 'walking', 'agency_name': 'Unknown'}, {'duration': 1500, 'departure_time': 14400, 'arrival_time': 15900, 'day': 'current_day', 'from_stop_id': 'MH-R-0', 'to_stop_id': 'MH-L-0', 'trip_id': '0-1-6', 'agency_name': 'Unknown'}, {'duration': 30, 'departure_time': 15900, 'arrival_time': 15930, 'day': 'current_day', 'from_stop_id': 'MH-L-0', 'to_stop_id': 'MH-L-4', 'trip_id': 'walking', 'agency_name': 'Unknown'}, {'duration': 810, 'departure_time': 16140, 'arrival_time': 16950, 'day': 'current_day', 'from_stop_id': 'MH-L-4', 'to_stop_id': '92-4', 'trip_id': '7-0-21', 'agency_name': 'Unknown'}]}"
188,108,9390,inter,right,606,[188],[86; 96; 106; 110],0,0,1000,751,9390,9450.0,13110.0,13170.0,3660.0,4.0,188,86,,,pt,4531.0,13921.0,4531.0,"{'duration': 3660, 'source_transfer_time': 0, 'waiting_time': 300, 'trip_time': 3360, 'num_transfers': 4, 'departure_time': 9450, 'departure_day': 'current_day', 'arrival_time': 13110, 'arrival_day': 'current_day', 'steps': [{'duration': 210, 'departure_time': 9750, 'arrival_time': 9960, 'day': 'current_day', 'from_stop_id': '188-4', 'to_stop_id': 'MH-R-4', 'trip_id': '9-1-11', 'agency_name': 'Unknown'}, {'duration': 30, 'departure_time': 9960, 'arrival_time': 9990, 'day': 'current_day', 'from_stop_id': 'MH-R-4', 'to_stop_id': 'MH-R-0', 'trip_id': 'walking', 'agency_name': 'Unknown'}, {'duration': 1500, 'departure_time': 10800, 'arrival_time': 12300, 'day': 'current_day', 'from_stop_id': 'MH-R-0', 'to_stop_id': 'MH-L-0', 'trip_id': '0-1-4', 'agency_name': 'Unknown'}, {'duration': 30, 'departure_time': 12300, 'arrival_time': 12330, 'day': 'current_day', 'from_stop_id': 'MH-L-0', 'to_stop_id': 'MH-L-5', 'trip_id': 'walking', 'agency_name': 'Unknown'}, {'duration': 570, 'departure_time': 12540, 'arrival_time': 13110, 'day': 'current_day', 'from_stop_id': 'MH-L-5', 'to_stop_id': '86-5', 'trip_id': '8-0-15', 'agency_name': 'Unknown'}]}"
121,35,11550,inter,right,607,[121],[35],0,0,0,0,11550,11610.0,16710.0,16770.0,5100.0,4.0,121,35,,,pt,5220.0,16770.0,5220.0,"{'duration': 5100, 'source_transfer_time': 0, 'waiting_time': 180, 'trip_time': 4920, 'num_transfers': 4, 'departure_time': 11610, 'departure_day': 'current_day', 'arrival_time': 16710, 'arrival_day': 'current_day', 'steps': [{'duration': 1170, 'departure_time': 11790, 'arrival_time': 12960, 'day': 'current_day', 'from_stop_id': '121-4', 'to_stop_id': 'MH-R-4', 'trip_id': '9-0-16', 'agency_name': 'Unknown'}, {'duration': 30, 'departure_time': 12960, 'arrival_time': 12990, 'day': 'current_day', 'from_stop_id': 'MH-R-4', 'to_stop_id': 'MH-R-0', 'trip_id': 'walking', 'agency_name': 'Unknown'}, {'duration': 1500, 'departure_time': 14400, 'arrival_time': 15900, 'day': 'current_day', 'from_stop_id': 'MH-R-0', 'to_stop_id': 'MH-L-0', 'trip_id': '0-1-6', 'agency_name': 'Unknown'}, {'duration': 30, 'departure_time': 15900, 'arrival_time': 15930, 'day': 'current_day', 'from_stop_id': 'MH-L-0', 'to_stop_id': 'MH-L-4', 'trip_id': 'walking', 'agency_name': 'Unknown'}, {'duration': 570, 'departure_time': 16140, 'arrival_time': 16710, 'day': 'current_day', 'from_stop_id': 'MH-L-4', 'to_stop_id': '35-4', 'trip_id': '7-1-21', 'agency_name': 'Unknown'}]}"
201,46,7290,inter,right,608,[201],[35; 47; 56],0,0,500,375,7290,7350.0,11070.0,11130.0,3720.0,4.0,201,47,,,pt,4215.0,11505.0,4215.0,"{'duration': 3720, 'source_transfer_time': 0, 'waiting_time': 240, 'trip_time': 3480, 'num_transfers': 4, 'departure_time': 7350, 'departure_day': 'current_day', 'arrival_time': 11070, 'arrival_day': 'current_day', 'steps': [{'duration': 570, 'departure_time': 7590, 'arrival_time': 8160, 'day': 'current_day', 'from_stop_id': '201-4', 'to_stop_id': 'MH-R-4', 'trip_id': '9-1-8', 'agency_name': 'Unknown'}, {'duration': 30, 'departure_time': 8160, 'arrival_time': 8190, 'day': 'current_day', 'from_stop_id': 'MH-R-4', 'to_stop_id': 'MH-R-0', 'trip_id': 'walking', 'agency_name': 'Unknown'}, {'duration': 1500, 'departure_time': 9000, 'arrival_time': 10500, 'day': 'current_day', 'from_stop_id': 'MH-R-0', 'to_stop_id': 'MH-L-0', 'trip_id': '0-1-3', 'agency_name': 'Unknown'}, {'duration': 30, 'departure_time': 10500, 'arrival_time': 10530, 'day': 'current_day', 'from_stop_id': 'MH-L-0', 'to_stop_id': 'MH-L-4', 'trip_id': 'walking', 'agency_name': 'Unknown'}, {'duration': 330, 'departure_time': 10740, 'arrival_time': 11070, 'day': 'current_day', 'from_stop_id': 'MH-L-4', 'to_stop_id': '47-4', 'trip_id': '7-1-12', 'agency_name': 'Unknown'}]}"
155,35,4860,inter,right,609,[144; 156],[35],500,375,0,0,5235,5295.0,9510.0,9570.0,4215.0,4.0,144,35,,,pt,4710.0,9570.0,4710.0,"{'duration': 4215, 'source_transfer_time': 0, 'waiting_time': 255, 'trip_time': 3960, 'num_transfers': 4, 'departure_time': 5295, 'departure_day': 'current_day', 'arrival_time': 9510, 'arrival_day': 'current_day', 'steps': [{'duration': 810, 'departure_time': 5550, 'arrival_time': 6360, 'day': 'current_day', 'from_stop_id': '144-4', 'to_stop_id': 'MH-R-4', 'trip_id': '9-0-5', 'agency_name': 'Unknown'}, {'duration': 30, 'departure_time': 6360, 'arrival_time': 6390, 'day': 'current_day', 'from_stop_id': 'MH-R-4', 'to_stop_id': 'MH-R-0', 'trip_id': 'walking', 'agency_name': 'Unknown'}, {'duration': 1500, 'departure_time': 7200, 'arrival_time': 8700, 'day': 'current_day', 'from_stop_id': 'MH-R-0', 'to_stop_id': 'MH-L-0', 'trip_id': '0-1-2', 'agency_name': 'Unknown'}, {'duration': 30, 'departure_time': 8700, 'arrival_time': 8730, 'day': 'current_day', 'from_stop_id': 'MH-L-0', 'to_stop_id': 'MH-L-4', 'trip_id': 'walking', 'agency_name': 'Unknown'}, {'duration': 570, 'departure_time': 8940, 'arrival_time': 9510, 'day': 'current_day', 'from_stop_id': 'MH-L-4', 'to_stop_id': '35-4', 'trip_id': '7-1-9', 'agency_name': 'Unknown'}]}"
146,115,12120,inter,right,610,[145; 157],[115],500,375,0,0,12495,12555.0,17310.0,17370.0,4755.0,4.0,145,115,,,pt,5250.0,17370.0,5250.0,"{'duration': 4755, 'source_transfer_time': 0, 'waiting_time': 315, 'trip_time': 4440, 'num_transfers': 4, 'departure_time': 12555, 'departure_day': 'current_day', 'arrival_time': 17310, 'arrival_day': 'current_day', 'steps': [{'duration': 690, 'departure_time': 12870, 'arrival_time': 13560, 'day': 'current_day', 'from_stop_id': '145-4', 'to_stop_id': 'MH-R-4', 'trip_id': '9-0-17', 'agency_name': 'Unknown'}, {'duration': 30, 'departure_time': 13560, 'arrival_time': 13590, 'day': 'current_day', 'from_stop_id': 'MH-R-4', 'to_stop_id': 'MH-R-0', 'trip_id': 'walking', 'agency_name': 'Unknown'}, {'duration': 1500, 'departure_time': 14400, 'arrival_time': 15900, 'day': 'current_day', 'from_stop_id': 'MH-R-0', 'to_stop_id': 'MH-L-0', 'trip_id': '0-1-6', 'agency_name': 'Unknown'}, {'duration': 30, 'departure_time': 15900, 'arrival_time': 15930, 'day': 'current_day', 'from_stop_id': 'MH-L-0', 'to_stop_id': 'MH-L-4', 'trip_id': 'walking', 'agency_name': 'Unknown'}, {'duration': 1170, 'departure_time': 16140, 'arrival_time': 17310, 'day': 'current_day', 'from_stop_id': 'MH-L-4', 'to_stop_id': '115-4', 'trip_id': '7-0-21', 'agency_name': 'Unknown'}]}"
182,85,10920,inter,right,611,[182],[85],0,0,0,0,10920,10980.0,15030.0,15090.0,4050.0,4.0,182,85,,,pt,4170.0,15090.0,4170.0,"{'duration': 4050, 'source_transfer_time': 0, 'waiting_time': 210, 'trip_time': 3840, 'num_transfers': 4, 'departure_time': 10980, 'departure_day': 'current_day', 'arrival_time': 15030, 'arrival_day': 'current_day', 'steps': [{'duration': 570, 'departure_time': 11190, 'arrival_time': 11760, 'day': 'current_day', 'from_stop_id': '182-1', 'to_stop_id': 'MH-R-1', 'trip_id': '3-1-14', 'agency_name': 'Unknown'}, {'duration': 30, 'departure_time': 11760, 'arrival_time': 11790, 'day': 'current_day', 'from_stop_id': 'MH-R-1', 'to_stop_id': 'MH-R-0', 'trip_id': 'walking', 'agency_name': 'Unknown'}, {'duration': 1500, 'departure_time': 12600, 'arrival_time': 14100, 'day': 'current_day', 'from_stop_id': 'MH-R-0', 'to_stop_id': 'MH-L-0', 'trip_id': '0-1-5', 'agency_name': 'Unknown'}, {'duration': 30, 'departure_time': 14100, 'arrival_time': 14130, 'day': 'current_day', 'from_stop_id': 'MH-L-0', 'to_stop_id': 'MH-L-5', 'trip_id': 'walking', 'agency_name': 'Unknown'}, {'duration': 690, 'departure_time': 14340, 'arrival_time': 15030, 'day': 'current_day', 'from_stop_id': 'MH-L-5', 'to_stop_id': '85-5', 'trip_id': '8-0-18', 'agency_name': 'Unknown'}]}"
218,68,5820,inter,right,612,[207; 217],[68],500,375,0,0,6195,6255.0,9270.0,9330.0,3015.0,4.0,207,68,,,pt,3510.0,9330.0,3510.0,"{'duration': 3015, 'source_transfer_time': 0, 'waiting_time': 135, 'trip_time': 2880, 'num_transfers': 4, 'departure_time': 6255, 'departure_day': 'current_day', 'arrival_time': 9270, 'arrival_day': 'current_day', 'steps': [{'duration': 570, 'departure_time': 6390, 'arrival_time': 6960, 'day': 'current_day', 'from_stop_id': '207-5', 'to_stop_id': 'MH-R-5', 'trip_id': '10-1-6', 'agency_name': 'Unknown'}, {'duration': 30, 'departure_time': 6960, 'arrival_time': 6990, 'day': 'current_day', 'from_stop_id': 'MH-R-5', 'to_stop_id': 'MH-R-0', 'trip_id': 'walking', 'agency_name': 'Unknown'}, {'duration': 1500, 'departure_time': 7200, 'arrival_time': 8700, 'day': 'current_day', 'from_stop_id': 'MH-R-0', 'to_stop_id': 'MH-L-0', 'trip_id': '0-1-2', 'agency_name': 'Unknown'}, {'duration': 30, 'departure_time': 8700, 'arrival_time': 8730, 'day': 'current_day', 'from_stop_id': 'MH-L-0', 'to_stop_id': 'MH-L-4', 'trip_id': 'walking', 'agency_name': 'Unknown'}, {'duration': 330, 'departure_time': 8940, 'arrival_time': 9270, 'day': 'current_day', 'from_stop_id': 'MH-L-4', 'to_stop_id': '68-4', 'trip_id': '7-0-9', 'agency_name': 'Unknown'}]}"
231,69,10560,inter,right,613,[231],[59; 68; 80],0,0,500,375,10560,10620.0,14670.0,14730.0,4050.0,4.0,231,59,,,pt,4545.0,15105.0,4545.0,"{'duration': 4050, 'source_transfer_time': 0, 'waiting_time': 570, 'trip_time': 3480, 'num_transfers': 4, 'departure_time': 10620, 'departure_day': 'current_day', 'arrival_time': 14670, 'arrival_day': 'current_day', 'steps': [{'duration': 570, 'departure_time': 11190, 'arrival_time': 11760, 'day': 'current_day', 'from_stop_id': '231-2', 'to_stop_id': 'MH-R-2', 'trip_id': '4-0-14', 'agency_name': 'Unknown'}, {'duration': 30, 'departure_time': 11760, 'arrival_time': 11790, 'day': 'current_day', 'from_stop_id': 'MH-R-2', 'to_stop_id': 'MH-R-0', 'trip_id': 'walking', 'agency_name': 'Unknown'}, {'duration': 1500, 'departure_time': 12600, 'arrival_time': 14100, 'day': 'current_day', 'from_stop_id': 'MH-R-0', 'to_stop_id': 'MH-L-0', 'trip_id': '0-1-5', 'agency_name': 'Unknown'}, {'duration': 30, 'departure_time': 14100, 'arrival_time': 14130, 'day': 'current_day', 'from_stop_id': 'MH-L-0', 'to_stop_id': 'MH-L-1', 'trip_id': 'walking', 'agency_name': 'Unknown'}, {'duration': 330, 'departure_time': 14340, 'arrival_time': 14670, 'day': 'current_day', 'from_stop_id': 'MH-L-1', 'to_stop_id': '59-1', 'trip_id': '1-0-18', 'agency_name': 'Unknown'}]}"
134,30,10230,inter,right,614,[133; 145],[30],500,375,0,0,10605,10665.0,15030.0,15090.0,4365.0,4.0,133,30,,,pt,4860.0,15090.0,4860.0,"{'duration': 4365, 'source_transfer_time': 0, 'waiting_time': 165, 'trip_time': 4200, 'num_transfers': 4, 'departure_time': 10665, 'departure_day': 'current_day', 'arrival_time': 15030, 'arrival_day': 'current_day', 'steps': [{'duration': 930, 'departure_time': 10830, 'arrival_time': 11760, 'day': 'current_day', 'from_stop_id': '133-4', 'to_stop_id': 'MH-R-4', 'trip_id': '9-0-14', 'agency_name': 'Unknown'}, {'duration': 30, 'departure_time': 11760, 'arrival_time': 11790, 'day': 'current_day', 'from_stop_id': 'MH-R-4', 'to_stop_id': 'MH-R-0', 'trip_id': 'walking', 'agency_name': 'Unknown'}, {'duration': 1500, 'departure_time': 12600, 'arrival_time': 14100, 'day': 'current_day', 'from_stop_id': 'MH-R-0', 'to_stop_id': 'MH-L-0', 'trip_id': '0-1-5', 'agency_name': 'Unknown'}, {'duration': 30, 'departure_time': 14100, 'arrival_time': 14130, 'day': 'current_day', 'from_stop_id': 'MH-L-0', 'to_stop_id': 'MH-L-5', 'trip_id': 'walking', 'agency_name': 'Unknown'}, {'duration': 690, 'departure_time': 14340, 'arrival_time': 15030, 'day': 'current_day', 'from_stop_id': 'MH-L-5', 'to_stop_id': '30-5', 'trip_id': '8-1-18', 'agency_name': 'Unknown'}]}"
207,73,6180,inter,right,615,[207],[55; 75; 85; 95],0,0,1000,751,6180,6240.0,9390.0,9450.0,3150.0,4.0,207,55,,,pt,4021.0,10201.0,4021.0,"{'duration': 3150, 'source_transfer_time': 0, 'waiting_time': 150, 'trip_time': 3000, 'num_transfers': 4, 'departure_time': 6240, 'departure_day': 'current_day', 'arrival_time': 9390, 'arrival_day': 'current_day', 'steps': [{'duration': 570, 'departure_time': 6390, 'arrival_time': 6960, 'day': 'current_day', 'from_stop_id': '207-5', 'to_stop_id': 'MH-R-5', 'trip_id': '10-1-6', 'agency_name': 'Unknown'}, {'duration': 30, 'departure_time': 6960, 'arrival_time': 6990, 'day': 'current_day', 'from_stop_id': 'MH-R-5', 'to_stop_id': 'MH-R-0', 'trip_id': 'walking', 'agency_name': 'Unknown'}, {'duration': 1500, 'departure_time': 7200, 'arrival_time': 8700, 'day': 'current_day', 'from_stop_id': 'MH-R-0', 'to_stop_id': 'MH-L-0', 'trip_id': '0-1-2', 'agency_name': 'Unknown'}, {'duration': 30, 'departure_time': 8700, 'arrival_time': 8730, 'day': 'current_day', 'from_stop_id': 'MH-L-0', 'to_stop_id': 'MH-L-1', 'trip_id': 'walking', 'agency_name': 'Unknown'}, {'duration': 450, 'departure_time': 8940, 'arrival_time': 9390, 'day': 'current_day', 'from_stop_id': 'MH-L-1', 'to_stop_id': '55-1', 'trip_id': '1-1-9', 'agency_name': 'Unknown'}]}"
176,37,6660,inter,right,616,[176],[36; 38; 48],0,0,500,375,6660,6720.0,10950.0,11010.0,4230.0,4.0,176,38,,,pt,4725.0,11385.0,4725.0,"{'duration': 4230, 'source_transfer_time': 0, 'waiting_time': 390, 'trip_time': 3840, 'num_transfers': 4, 'departure_time': 6720, 'departure_day': 'current_day', 'arrival_time': 10950, 'arrival_day': 'current_day', 'steps': [{'duration': 450, 'departure_time': 7110, 'arrival_time': 7560, 'day': 'current_day', 'from_stop_id': '176-1', 'to_stop_id': 'MH-R-1', 'trip_id': '3-0-7', 'agency_name': 'Unknown'}, {'duration': 30, 'departure_time': 7560, 'arrival_time': 7590, 'day': 'current_day', 'from_stop_id': 'MH-R-1', 'to_stop_id': 'MH-R-0', 'trip_id': 'walking', 'agency_name': 'Unknown'}, {'duration': 1500, 'departure_time': 9000, 'arrival_time': 10500, 'day': 'current_day', 'from_stop_id': 'MH-R-0', 'to_stop_id': 'MH-L-0', 'trip_id': '0-1-3', 'agency_name': 'Unknown'}, {'duration': 30, 'departure_time': 10500, 'arrival_time': 10530, 'day': 'current_day', 'from_stop_id': 'MH-L-0', 'to_stop_id': 'MH-L-2', 'trip_id': 'walking', 'agency_name': 'Unknown'}, {'duration': 210, 'departure_time': 10740, 'arrival_time': 10950, 'day': 'current_day', 'from_stop_id': 'MH-L-2', 'to_stop_id': '38-2', 'trip_id': '2-0-12', 'agency_name': 'Unknown'}]}"
140,83,4470,inter,right,617,[140],[85; 95; 105],0,0,1000,751,4470,4530.0,9630.0,9690.0,5100.0,4.0,140,85,,,pt,5971.0,10441.0,5971.0,"{'duration': 5100, 'source_transfer_time': 0, 'waiting_time': 420, 'trip_time': 4680, 'num_transfers': 4, 'departure_time': 4530, 'departure_day': 'current_day', 'arrival_time': 9630, 'arrival_day': 'current_day', 'steps': [{'duration': 810, 'departure_time': 4950, 'arrival_time': 5760, 'day': 'current_day', 'from_stop_id': '140-5', 'to_stop_id': 'MH-R-5', 'trip_id': '10-0-4', 'agency_name': 'Unknown'}, {'duration': 30, 'departure_time': 5760, 'arrival_time': 5790, 'day': 'current_day', 'from_stop_id': 'MH-R-5', 'to_stop_id': 'MH-R-0', 'trip_id': 'walking', 'agency_name': 'Unknown'}, {'duration': 1500, 'departure_time': 7200, 'arrival_time': 8700, 'day': 'current_day', 'from_stop_id': 'MH-R-0', 'to_stop_id': 'MH-L-0', 'trip_id': '0-1-2', 'agency_name': 'Unknown'}, {'duration': 30, 'departure_time': 8700, 'arrival_time': 8730, 'day': 'current_day', 'from_stop_id': 'MH-L-0', 'to_stop_id': 'MH-L-5', 'trip_id': 'walking', 'agency_name': 'Unknown'}, {'duration': 690, 'departure_time': 8940, 'arrival_time': 9630, 'day': 'current_day', 'from_stop_id': 'MH-L-5', 'to_stop_id': '85-5', 'trip_id': '8-0-9', 'agency_name': 'Unknown'}]}"
234,78,10950,inter,right,618,[212; 224; 236],[67; 77; 79],1000,751,500,375,11701,11761.0,16350.0,16410.0,4589.0,4.0,212,67,,,pt,5835.0,16785.0,5835.0,"{'duration': 4589, 'source_transfer_time': 0, 'waiting_time': 509, 'trip_time': 4080, 'num_transfers': 4, 'departure_time': 11761, 'departure_day': 'current_day', 'arrival_time': 16350, 'arrival_day': 'current_day', 'steps': [{'duration': 690, 'departure_time': 12270, 'arrival_time': 12960, 'day': 'current_day', 'from_stop_id': '212-4', 'to_stop_id': 'MH-R-4', 'trip_id': '9-1-16', 'agency_name': 'Unknown'}, {'duration': 30, 'departure_time': 12960, 'arrival_time': 12990, 'day': 'current_day', 'from_stop_id': 'MH-R-4', 'to_stop_id': 'MH-R-0', 'trip_id': 'walking', 'agency_name': 'Unknown'}, {'duration': 1500, 'departure_time': 14400, 'arrival_time': 15900, 'day': 'current_day', 'from_stop_id': 'MH-R-0', 'to_stop_id': 'MH-L-0', 'trip_id': '0-1-6', 'agency_name': 'Unknown'}, {'duration': 30, 'departure_time': 15900, 'arrival_time': 15930, 'day': 'current_day', 'from_stop_id': 'MH-L-0', 'to_stop_id': 'MH-L-4', 'trip_id': 'walking', 'agency_name': 'Unknown'}, {'duration': 210, 'departure_time': 16140, 'arrival_time': 16350, 'day': 'current_day', 'from_stop_id': 'MH-L-4', 'to_stop_id': '67-4', 'trip_id': '7-0-21', 'agency_name': 'Unknown'}]}"
144,94,6000,inter,right,619,[144],[95; 105],0,0,500,375,6000,6060.0,9870.0,9930.0,3810.0,4.0,144,95,,,pt,4305.0,10305.0,4305.0,"{'duration': 3810, 'source_transfer_time': 0, 'waiting_time': 90, 'trip_time': 3720, 'num_transfers': 4, 'departure_time': 6060, 'departure_day': 'current_day', 'arrival_time': 9870, 'arrival_day': 'current_day', 'steps': [{'duration': 810, 'departure_time': 6150, 'arrival_time': 6960, 'day': 'current_day', 'from_stop_id': '144-4', 'to_stop_id': 'MH-R-4', 'trip_id': '9-0-6', 'agency_name': 'Unknown'}, {'duration': 30, 'departure_time': 6960, 'arrival_time': 6990, 'day': 'current_day', 'from_stop_id': 'MH-R-4', 'to_stop_id': 'MH-R-0', 'trip_id': 'walking', 'agency_name': 'Unknown'}, {'duration': 1500, 'departure_time': 7200, 'arrival_time': 8700, 'day': 'current_day', 'from_stop_id': 'MH-R-0', 'to_stop_id': 'MH-L-0', 'trip_id': '0-1-2', 'agency_name': 'Unknown'}, {'duration': 30, 'departure_time': 8700, 'arrival_time': 8730, 'day': 'current_day', 'from_stop_id': 'MH-L-0', 'to_stop_id': 'MH-L-5', 'trip_id': 'walking', 'agency_name': 'Unknown'}, {'duration': 930, 'departure_time': 8940, 'arrival_time': 9870, 'day': 'current_day', 'from_stop_id': 'MH-L-5', 'to_stop_id': '95-5', 'trip_id': '8-0-9', 'agency_name': 'Unknown'}]}"
201,91,7500,inter,right,620,[201],[91],0,0,0,0,7500,7560.0,11430.0,11490.0,3870.0,4.0,201,91,,,pt,3990.0,11490.0,3990.0,"{'duration': 3870, 'source_transfer_time': 0, 'waiting_time': 30, 'trip_time': 3840, 'num_transfers': 4, 'departure_time': 7560, 'departure_day': 'current_day', 'arrival_time': 11430, 'arrival_day': 'current_day', 'steps': [{'duration': 570, 'departure_time': 7590, 'arrival_time': 8160, 'day': 'current_day', 'from_stop_id': '201-4', 'to_stop_id': 'MH-R-4', 'trip_id': '9-1-8', 'agency_name': 'Unknown'}, {'duration': 30, 'departure_time': 8160, 'arrival_time': 8190, 'day': 'current_day', 'from_stop_id': 'MH-R-4', 'to_stop_id': 'MH-R-0', 'trip_id': 'walking', 'agency_name': 'Unknown'}, {'duration': 1500, 'departure_time': 9000, 'arrival_time': 10500, 'day': 'current_day', 'from_stop_id': 'MH-R-0', 'to_stop_id': 'MH-L-0', 'trip_id': '0-1-3', 'agency_name': 'Unknown'}, {'duration': 30, 'departure_time': 10500, 'arrival_time': 10530, 'day': 'current_day', 'from_stop_id': 'MH-L-0', 'to_stop_id': 'MH-L-4', 'trip_id': 'walking', 'agency_name': 'Unknown'}, {'duration': 690, 'departure_time': 10740, 'arrival_time': 11430, 'day': 'current_day', 'from_stop_id': 'MH-L-4', 'to_stop_id': '91-4', 'trip_id': '7-0-12', 'agency_name': 'Unknown'}]}"
150,36,6510,inter,right,621,[150],[36],0,0,0,0,6510,6570.0,11190.0,11250.0,4620.0,4.0,150,36,,,pt,4740.0,11250.0,4740.0,"{'duration': 4620, 'source_transfer_time': 0, 'waiting_time': 420, 'trip_time': 4200, 'num_transfers': 4, 'departure_time': 6570, 'departure_day': 'current_day', 'arrival_time': 11190, 'arrival_day': 'current_day', 'steps': [{'duration': 570, 'departure_time': 6990, 'arrival_time': 7560, 'day': 'current_day', 'from_stop_id': '150-5', 'to_stop_id': 'MH-R-5', 'trip_id': '10-0-7', 'agency_name': 'Unknown'}, {'duration': 30, 'departure_time': 7560, 'arrival_time': 7590, 'day': 'current_day', 'from_stop_id': 'MH-R-5', 'to_stop_id': 'MH-R-0', 'trip_id': 'walking', 'agency_name': 'Unknown'}, {'duration': 1500, 'departure_time': 9000, 'arrival_time': 10500, 'day': 'current_day', 'from_stop_id': 'MH-R-0', 'to_stop_id': 'MH-L-0', 'trip_id': '0-1-3', 'agency_name': 'Unknown'}, {'duration': 30, 'departure_time': 10500, 'arrival_time': 10530, 'day': 'current_day', 'from_stop_id': 'MH-L-0', 'to_stop_id': 'MH-L-4', 'trip_id': 'walking', 'agency_name': 'Unknown'}, {'duration': 450, 'departure_time': 10740, 'arrival_time': 11190, 'day': 'current_day', 'from_stop_id': 'MH-L-4', 'to_stop_id': '36-4', 'trip_id': '7-1-12', 'agency_name': 'Unknown'}]}"
188,52,6630,inter,right,622,[188],[60],0,0,500,375,6630,6690.0,9390.0,9450.0,2700.0,4.0,188,60,,,pt,3195.0,9825.0,3195.0,"{'duration': 2700, 'source_transfer_time': 0, 'waiting_time': 60, 'trip_time': 2640, 'num_transfers': 4, 'departure_time': 6690, 'departure_day': 'current_day', 'arrival_time': 9390, 'arrival_day': 'current_day', 'steps': [{'duration': 210, 'departure_time': 6750, 'arrival_time': 6960, 'day': 'current_day', 'from_stop_id': '188-4', 'to_stop_id': 'MH-R-4', 'trip_id': '9-1-6', 'agency_name': 'Unknown'}, {'duration': 30, 'departure_time': 6960, 'arrival_time': 6990, 'day': 'current_day', 'from_stop_id': 'MH-R-4', 'to_stop_id': 'MH-R-0', 'trip_id': 'walking', 'agency_name': 'Unknown'}, {'duration': 1500, 'departure_time': 7200, 'arrival_time': 8700, 'day': 'current_day', 'from_stop_id': 'MH-R-0', 'to_stop_id': 'MH-L-0', 'trip_id': '0-1-2', 'agency_name': 'Unknown'}, {'duration': 30, 'departure_time': 8700, 'arrival_time': 8730, 'day': 'current_day', 'from_stop_id': 'MH-L-0', 'to_stop_id': 'MH-L-1', 'trip_id': 'walking', 'agency_name': 'Unknown'}, {'duration': 450, 'departure_time': 8940, 'arrival_time': 9390, 'day': 'current_day', 'from_stop_id': 'MH-L-1', 'to_stop_id': '60-1', 'trip_id': '1-0-9', 'agency_name': 'Unknown'}]}"
148,5,3720,inter,right,623,[148],[5],0,0,0,0,3720,3780.0,7710.0,7770.0,3930.0,4.0,148,5,,,pt,4050.0,7770.0,4050.0,"{'duration': 3930, 'source_transfer_time': 0, 'waiting_time': 450, 'trip_time': 3480, 'num_transfers': 4, 'departure_time': 3780, 'departure_day': 'current_day', 'arrival_time': 7710, 'arrival_day': 'current_day', 'steps': [{'duration': 330, 'departure_time': 4230, 'arrival_time': 4560, 'day': 'current_day', 'from_stop_id': '148-2', 'to_stop_id': 'MH-R-2', 'trip_id': '4-1-2', 'agency_name': 'Unknown'}, {'duration': 30, 'departure_time': 4560, 'arrival_time': 4590, 'day': 'current_day', 'from_stop_id': 'MH-R-2', 'to_stop_id': 'MH-R-0', 'trip_id': 'walking', 'agency_name': 'Unknown'}, {'duration': 1500, 'departure_time': 5400, 'arrival_time': 6900, 'day': 'current_day', 'from_stop_id': 'MH-R-0', 'to_stop_id': 'MH-L-0', 'trip_id': '0-1-1', 'agency_name': 'Unknown'}, {'duration': 30, 'departure_time': 6900, 'arrival_time': 6930, 'day': 'current_day', 'from_stop_id': 'MH-L-0', 'to_stop_id': 'MH-L-2', 'trip_id': 'walking', 'agency_name': 'Unknown'}, {'duration': 570, 'departure_time': 7140, 'arrival_time': 7710, 'day': 'current_day', 'from_stop_id': 'MH-L-2', 'to_stop_id': '5-2', 'trip_id': '2-0-6', 'agency_name': 'Unknown'}]}"
230,90,10620,inter,right,624,[231],[79; 91],500,375,500,375,10995,11055.0,14790.0,14850.0,3735.0,4.0,231,79,,,pt,4605.0,15225.0,4605.0,"{'duration': 3735, 'source_transfer_time': 0, 'waiting_time': 135, 'trip_time': 3600, 'num_transfers': 4, 'departure_time': 11055, 'departure_day': 'current_day', 'arrival_time': 14790, 'arrival_day': 'current_day', 'steps': [{'duration': 570, 'departure_time': 11190, 'arrival_time': 11760, 'day': 'current_day', 'from_stop_id': '231-2', 'to_stop_id': 'MH-R-2', 'trip_id': '4-0-14', 'agency_name': 'Unknown'}, {'duration': 30, 'departure_time': 11760, 'arrival_time': 11790, 'day': 'current_day', 'from_stop_id': 'MH-R-2', 'to_stop_id': 'MH-R-0', 'trip_id': 'walking', 'agency_name': 'Unknown'}, {'duration': 1500, 'departure_time': 12600, 'arrival_time': 14100, 'day': 'current_day', 'from_stop_id': 'MH-R-0', 'to_stop_id': 'MH-L-0', 'trip_id': '0-1-5', 'agency_name': 'Unknown'}, {'duration': 30, 'departure_time': 14100, 'arrival_time': 14130, 'day': 'current_day', 'from_stop_id': 'MH-L-0', 'to_stop_id': 'MH-L-4', 'trip_id': 'walking', 'agency_name': 'Unknown'}, {'duration': 450, 'departure_time': 14340, 'arrival_time': 14790, 'day': 'current_day', 'from_stop_id': 'MH-L-4', 'to_stop_id': '79-4', 'trip_id': '7-0-18', 'agency_name': 'Unknown'}]}"
143,65,12510,inter,right,625,[132; 144],[57; 66; 75],500,375,500,375,12885,12945.0,16350.0,16410.0,3405.0,4.0,132,57,,,pt,4275.0,16785.0,4275.0,"{'duration': 3405, 'source_transfer_time': 0, 'waiting_time': 165, 'trip_time': 3240, 'num_transfers': 4, 'departure_time': 12945, 'departure_day': 'current_day', 'arrival_time': 16350, 'arrival_day': 'current_day', 'steps': [{'duration': 1050, 'departure_time': 13110, 'arrival_time': 14160, 'day': 'current_day', 'from_stop_id': '132-4', 'to_stop_id': 'MH-R-4', 'trip_id': '9-0-18', 'agency_name': 'Unknown'}, {'duration': 30, 'departure_time': 14160, 'arrival_time': 14190, 'day': 'current_day', 'from_stop_id': 'MH-R-4', 'to_stop_id': 'MH-R-0', 'trip_id': 'walking', 'agency_name': 'Unknown'}, {'duration': 1500, 'departure_time': 14400, 'arrival_time': 15900, 'day': 'current_day', 'from_stop_id': 'MH-R-0', 'to_stop_id': 'MH-L-0', 'trip_id': '0-1-6', 'agency_name': 'Unknown'}, {'duration': 30, 'departure_time': 15900, 'arrival_time': 15930, 'day': 'current_day', 'from_stop_id': 'MH-L-0', 'to_stop_id': 'MH-L-1', 'trip_id': 'walking', 'agency_name': 'Unknown'}, {'duration': 210, 'departure_time': 16140, 'arrival_time': 16350, 'day': 'current_day', 'from_stop_id': 'MH-L-1', 'to_stop_id': '57-1', 'trip_id': '1-1-21', 'agency_name': 'Unknown'}]}"
191,91,11310,inter,right,626,[181],[91],500,375,0,0,11685,11745.0,15030.0,15090.0,3285.0,4.0,181,91,,,pt,3780.0,15090.0,3780.0,"{'duration': 3285, 'source_transfer_time': 0, 'waiting_time': 165, 'trip_time': 3120, 'num_transfers': 4, 'departure_time': 11745, 'departure_day': 'current_day', 'arrival_time': 15030, 'arrival_day': 'current_day', 'steps': [{'duration': 450, 'departure_time': 11910, 'arrival_time': 12360, 'day': 'current_day', 'from_stop_id': '181-1', 'to_stop_id': 'MH-R-1', 'trip_id': '3-1-15', 'agency_name': 'Unknown'}, {'duration': 30, 'departure_time': 12360, 'arrival_time': 12390, 'day': 'current_day', 'from_stop_id': 'MH-R-1', 'to_stop_id': 'MH-R-0', 'trip_id': 'walking', 'agency_name': 'Unknown'}, {'duration': 1500, 'departure_time': 12600, 'arrival_time': 14100, 'day': 'current_day', 'from_stop_id': 'MH-R-0', 'to_stop_id': 'MH-L-0', 'trip_id': '0-1-5', 'agency_name': 'Unknown'}, {'duration': 30, 'departure_time': 14100, 'arrival_time': 14130, 'day': 'current_day', 'from_stop_id': 'MH-L-0', 'to_stop_id': 'MH-L-4', 'trip_id': 'walking', 'agency_name': 'Unknown'}, {'duration': 690, 'departure_time': 14340, 'arrival_time': 15030, 'day': 'current_day', 'from_stop_id': 'MH-L-4', 'to_stop_id': '91-4', 'trip_id': '7-0-18', 'agency_name': 'Unknown'}]}"
137,49,12960,inter,right,627,[137],[49],0,0,0,0,12960,13020.0,16350.0,16410.0,3330.0,4.0,137,49,,,pt,3450.0,16410.0,3450.0,"{'duration': 3330, 'source_transfer_time': 0, 'waiting_time': 90, 'trip_time': 3240, 'num_transfers': 4, 'departure_time': 13020, 'departure_day': 'current_day', 'arrival_time': 16350, 'arrival_day': 'current_day', 'steps': [{'duration': 450, 'departure_time': 13110, 'arrival_time': 13560, 'day': 'current_day', 'from_stop_id': '137-2', 'to_stop_id': 'MH-R-2', 'trip_id': '4-1-17', 'agency_name': 'Unknown'}, {'duration': 30, 'departure_time': 13560, 'arrival_time': 13590, 'day': 'current_day', 'from_stop_id': 'MH-R-2', 'to_stop_id': 'MH-R-0', 'trip_id': 'walking', 'agency_name': 'Unknown'}, {'duration': 1500, 'departure_time': 14400, 'arrival_time': 15900, 'day': 'current_day', 'from_stop_id': 'MH-R-0', 'to_stop_id': 'MH-L-0', 'trip_id': '0-1-6', 'agency_name': 'Unknown'}, {'duration': 30, 'departure_time': 15900, 'arrival_time': 15930, 'day': 'current_day', 'from_stop_id': 'MH-L-0', 'to_stop_id': 'MH-L-5', 'trip_id': 'walking', 'agency_name': 'Unknown'}, {'duration': 210, 'departure_time': 16140, 'arrival_time': 16350, 'day': 'current_day', 'from_stop_id': 'MH-L-5', 'to_stop_id': '49-5', 'trip_id': '8-1-21', 'agency_name': 'Unknown'}]}"
128,25,10830,inter,right,628,[126; 130; 140; 150],[24; 36],1000,751,500,375,11581,11641.0,14790.0,14850.0,3149.0,4.0,126,36,,,pt,4395.0,15225.0,4395.0,"{'duration': 3149, 'source_transfer_time': 0, 'waiting_time': 149, 'trip_time': 3000, 'num_transfers': 4, 'departure_time': 11641, 'departure_day': 'current_day', 'arrival_time': 14790, 'arrival_day': 'current_day', 'steps': [{'duration': 570, 'departure_time': 11790, 'arrival_time': 12360, 'day': 'current_day', 'from_stop_id': '126-2', 'to_stop_id': 'MH-R-2', 'trip_id': '4-1-15', 'agency_name': 'Unknown'}, {'duration': 30, 'departure_time': 12360, 'arrival_time': 12390, 'day': 'current_day', 'from_stop_id': 'MH-R-2', 'to_stop_id': 'MH-R-0', 'trip_id': 'walking', 'agency_name': 'Unknown'}, {'duration': 1500, 'departure_time': 12600, 'arrival_time': 14100, 'day': 'current_day', 'from_stop_id': 'MH-R-0', 'to_stop_id': 'MH-L-0', 'trip_id': '0-1-5', 'agency_name': 'Unknown'}, {'duration': 30, 'departure_time': 14100, 'arrival_time': 14130, 'day': 'current_day', 'from_stop_id': 'MH-L-0', 'to_stop_id': 'MH-L-4', 'trip_id': 'walking', 'agency_name': 'Unknown'}, {'duration': 450, 'departure_time': 14340, 'arrival_time': 14790, 'day': 'current_day', 'from_stop_id': 'MH-L-4', 'to_stop_id': '36-4', 'trip_id': '7-1-18', 'agency_name': 'Unknown'}]}"
200,64,4050,inter,right,629,[200],[56],0,0,500,375,4050,4110.0,7470.0,7530.0,3360.0,4.0,200,56,,,pt,3855.0,7905.0,3855.0,"{'duration': 3360, 'source_transfer_time': 0, 'waiting_time': 0, 'trip_time': 3360, 'num_transfers': 4, 'departure_time': 4110, 'departure_day': 'current_day', 'arrival_time': 7470, 'arrival_day': 'current_day', 'steps': [{'duration': 450, 'departure_time': 4110, 'arrival_time': 4560, 'day': 'current_day', 'from_stop_id': '200-4', 'to_stop_id': 'MH-R-4', 'trip_id': '9-1-2', 'agency_name': 'Unknown'}, {'duration': 30, 'departure_time': 4560, 'arrival_time': 4590, 'day': 'current_day', 'from_stop_id': 'MH-R-4', 'to_stop_id': 'MH-R-0', 'trip_id': 'walking', 'agency_name': 'Unknown'}, {'duration': 1500, 'departure_time': 5400, 'arrival_time': 6900, 'day': 'current_day', 'from_stop_id': 'MH-R-0', 'to_stop_id': 'MH-L-0', 'trip_id': '0-1-1', 'agency_name': 'Unknown'}, {'duration': 30, 'departure_time': 6900, 'arrival_time': 6930, 'day': 'current_day', 'from_stop_id': 'MH-L-0', 'to_stop_id': 'MH-L-1', 'trip_id': 'walking', 'agency_name': 'Unknown'}, {'duration': 330, 'departure_time': 7140, 'arrival_time': 7470, 'day': 'current_day', 'from_stop_id': 'MH-L-1', 'to_stop_id': '56-1', 'trip_id': '1-1-6', 'agency_name': 'Unknown'}]}"
231,106,7050,inter,right,630,[231],[106],0,0,0,0,7050,7110.0,11790.0,11850.0,4680.0,4.0,231,106,,,pt,4800.0,11850.0,4800.0,"{'duration': 4680, 'source_transfer_time': 0, 'waiting_time': 480, 'trip_time': 4200, 'num_transfers': 4, 'departure_time': 7110, 'departure_day': 'current_day', 'arrival_time': 11790, 'arrival_day': 'current_day', 'steps': [{'duration': 570, 'departure_time': 7590, 'arrival_time': 8160, 'day': 'current_day', 'from_stop_id': '231-2', 'to_stop_id': 'MH-R-2', 'trip_id': '4-0-8', 'agency_name': 'Unknown'}, {'duration': 30, 'departure_time': 8160, 'arrival_time': 8190, 'day': 'current_day', 'from_stop_id': 'MH-R-2', 'to_stop_id': 'MH-R-0', 'trip_id': 'walking', 'agency_name': 'Unknown'}, {'duration': 1500, 'departure_time': 9000, 'arrival_time': 10500, 'day': 'current_day', 'from_stop_id': 'MH-R-0', 'to_stop_id': 'MH-L-0', 'trip_id': '0-1-3', 'agency_name': 'Unknown'}, {'duration': 30, 'departure_time': 10500, 'arrival_time': 10530, 'day': 'current_day', 'from_stop_id': 'MH-L-0', 'to_stop_id': 'MH-L-5', 'trip_id': 'walking', 'agency_name': 'Unknown'}, {'duration': 1050, 'departure_time': 10740, 'arrival_time': 11790, 'day': 'current_day', 'from_stop_id': 'MH-L-5', 'to_stop_id': '106-5', 'trip_id': '8-0-12', 'agency_name': 'Unknown'}]}"
211,91,7170,inter,right,631,[200; 212],[91],500,375,0,0,7545,7605.0,11430.0,11490.0,3825.0,4.0,200,91,,,pt,4320.0,11490.0,4320.0,"{'duration': 3825, 'source_transfer_time': 0, 'waiting_time': 105, 'trip_time': 3720, 'num_transfers': 4, 'departure_time': 7605, 'departure_day': 'current_day', 'arrival_time': 11430, 'arrival_day': 'current_day', 'steps': [{'duration': 450, 'departure_time': 7710, 'arrival_time': 8160, 'day': 'current_day', 'from_stop_id': '200-4', 'to_stop_id': 'MH-R-4', 'trip_id': '9-1-8', 'agency_name': 'Unknown'}, {'duration': 30, 'departure_time': 8160, 'arrival_time': 8190, 'day': 'current_day', 'from_stop_id': 'MH-R-4', 'to_stop_id': 'MH-R-0', 'trip_id': 'walking', 'agency_name': 'Unknown'}, {'duration': 1500, 'departure_time': 9000, 'arrival_time': 10500, 'day': 'current_day', 'from_stop_id': 'MH-R-0', 'to_stop_id': 'MH-L-0', 'trip_id': '0-1-3', 'agency_name': 'Unknown'}, {'duration': 30, 'departure_time': 10500, 'arrival_time': 10530, 'day': 'current_day', 'from_stop_id': 'MH-L-0', 'to_stop_id': 'MH-L-4', 'trip_id': 'walking', 'agency_name': 'Unknown'}, {'duration': 690, 'departure_time': 10740, 'arrival_time': 11430, 'day': 'current_day', 'from_stop_id': 'MH-L-4', 'to_stop_id': '91-4', 'trip_id': '7-0-12', 'agency_name': 'Unknown'}]}"
170,72,9030,inter,right,632,[170],[54],0,0,1000,751,9030,9090.0,13110.0,13170.0,4020.0,4.0,170,54,,,pt,4891.0,13921.0,4891.0,"{'duration': 4020, 'source_transfer_time': 0, 'waiting_time': 60, 'trip_time': 3960, 'num_transfers': 4, 'departure_time': 9090, 'departure_day': 'current_day', 'arrival_time': 13110, 'arrival_day': 'current_day', 'steps': [{'duration': 210, 'departure_time': 9150, 'arrival_time': 9360, 'day': 'current_day', 'from_stop_id': '170-5', 'to_stop_id': 'MH-R-5', 'trip_id': '10-0-10', 'agency_name': 'Unknown'}, {'duration': 30, 'departure_time': 9360, 'arrival_time': 9390, 'day': 'current_day', 'from_stop_id': 'MH-R-5', 'to_stop_id': 'MH-R-0', 'trip_id': 'walking', 'agency_name': 'Unknown'}, {'duration': 1500, 'departure_time': 10800, 'arrival_time': 12300, 'day': 'current_day', 'from_stop_id': 'MH-R-0', 'to_stop_id': 'MH-L-0', 'trip_id': '0-1-4', 'agency_name': 'Unknown'}, {'duration': 30, 'departure_time': 12300, 'arrival_time': 12330, 'day': 'current_day', 'from_stop_id': 'MH-L-0', 'to_stop_id': 'MH-L-1', 'trip_id': 'walking', 'agency_name': 'Unknown'}, {'duration': 570, 'departure_time': 12540, 'arrival_time': 13110, 'day': 'current_day', 'from_stop_id': 'MH-L-1', 'to_stop_id': '54-1', 'trip_id': '1-1-15', 'agency_name': 'Unknown'}]}"
208,16,7230,inter,right,633,[197; 207; 209],[16],500,375,0,0,7605,7665.0,11190.0,11250.0,3525.0,4.0,197,16,,,pt,4020.0,11250.0,4020.0,"{'duration': 3525, 'source_transfer_time': 0, 'waiting_time': 165, 'trip_time': 3360, 'num_transfers': 4, 'departure_time': 7665, 'departure_day': 'current_day', 'arrival_time': 11190, 'arrival_day': 'current_day', 'steps': [{'duration': 330, 'departure_time': 7830, 'arrival_time': 8160, 'day': 'current_day', 'from_stop_id': '197-5', 'to_stop_id': 'MH-R-5', 'trip_id': '10-1-8', 'agency_name': 'Unknown'}, {'duration': 30, 'departure_time': 8160, 'arrival_time': 8190, 'day': 'current_day', 'from_stop_id': 'MH-R-5', 'to_stop_id': 'MH-R-0', 'trip_id': 'walking', 'agency_name': 'Unknown'}, {'duration': 1500, 'departure_time': 9000, 'arrival_time': 10500, 'day': 'current_day', 'from_stop_id': 'MH-R-0', 'to_stop_id': 'MH-L-0', 'trip_id': '0-1-3', 'agency_name': 'Unknown'}, {'duration': 30, 'departure_time': 10500, 'arrival_time': 10530, 'day': 'current_day', 'from_stop_id': 'MH-L-0', 'to_stop_id': 'MH-L-2', 'trip_id': 'walking', 'agency_name': 'Unknown'}, {'duration': 450, 'departure_time': 10740, 'arrival_time': 11190, 'day': 'current_day', 'from_stop_id': 'MH-L-2', 'to_stop_id': '16-2', 'trip_id': '2-0-12', 'agency_name': 'Unknown'}]}"
164,60,7470,inter,right,634,[182],[60],1000,751,0,0,8221,8281.0,12990.0,13050.0,4709.0,4.0,182,60,,,pt,5580.0,13050.0,5580.0,"{'duration': 4709, 'source_transfer_time': 0, 'waiting_time': 509, 'trip_time': 4200, 'num_transfers': 4, 'departure_time': 8281, 'departure_day': 'current_day', 'arrival_time': 12990, 'arrival_day': 'current_day', 'steps': [{'duration': 570, 'departure_time': 8790, 'arrival_time': 9360, 'day': 'current_day', 'from_stop_id': '182-1', 'to_stop_id': 'MH-R-1', 'trip_id': '3-1-10', 'agency_name': 'Unknown'}, {'duration': 30, 'departure_time': 9360, 'arrival_time': 9390, 'day': 'current_day', 'from_stop_id': 'MH-R-1', 'to_stop_id': 'MH-R-0', 'trip_id': 'walking', 'agency_name': 'Unknown'}, {'duration': 1500, 'departure_time': 10800, 'arrival_time': 12300, 'day': 'current_day', 'from_stop_id': 'MH-R-0', 'to_stop_id': 'MH-L-0', 'trip_id': '0-1-4', 'agency_name': 'Unknown'}, {'duration': 30, 'departure_time': 12300, 'arrival_time': 12330, 'day': 'current_day', 'from_stop_id': 'MH-L-0', 'to_stop_id': 'MH-L-1', 'trip_id': 'walking', 'agency_name': 'Unknown'}, {'duration': 450, 'departure_time': 12540, 'arrival_time': 12990, 'day': 'current_day', 'from_stop_id': 'MH-L-1', 'to_stop_id': '60-1', 'trip_id': '1-0-15', 'agency_name': 'Unknown'}]}"
124,8,11070,inter,right,635,[126],[9; 19],1000,751,500,375,11821,11881.0,16950.0,17010.0,5069.0,4.0,126,19,,,pt,6315.0,17385.0,6315.0,"{'duration': 5069, 'source_transfer_time': 0, 'waiting_time': 509, 'trip_time': 4560, 'num_transfers': 4, 'departure_time': 11881, 'departure_day': 'current_day', 'arrival_time': 16950, 'arrival_day': 'current_day', 'steps': [{'duration': 570, 'departure_time': 12390, 'arrival_time': 12960, 'day': 'current_day', 'from_stop_id': '126-2', 'to_stop_id': 'MH-R-2', 'trip_id': '4-1-16', 'agency_name': 'Unknown'}, {'duration': 30, 'departure_time': 12960, 'arrival_time': 12990, 'day': 'current_day', 'from_stop_id': 'MH-R-2', 'to_stop_id': 'MH-R-0', 'trip_id': 'walking', 'agency_name': 'Unknown'}, {'duration': 1500, 'departure_time': 14400, 'arrival_time': 15900, 'day': 'current_day', 'from_stop_id': 'MH-R-0', 'to_stop_id': 'MH-L-0', 'trip_id': '0-1-6', 'agency_name': 'Unknown'}, {'duration': 30, 'departure_time': 15900, 'arrival_time': 15930, 'day': 'current_day', 'from_stop_id': 'MH-L-0', 'to_stop_id': 'MH-L-5', 'trip_id': 'walking', 'agency_name': 'Unknown'}, {'duration': 810, 'departure_time': 16140, 'arrival_time': 16950, 'day': 'current_day', 'from_stop_id': 'MH-L-5', 'to_stop_id': '19-5', 'trip_id': '8-1-21', 'agency_name': 'Unknown'}]}"
226,47,4710,inter,right,636,[226],[47],0,0,0,0,4710,4770.0,9270.0,9330.0,4500.0,4.0,226,47,,,pt,4620.0,9330.0,4620.0,"{'duration': 4500, 'source_transfer_time': 0, 'waiting_time': 420, 'trip_time': 4080, 'num_transfers': 4, 'departure_time': 4770, 'departure_day': 'current_day', 'arrival_time': 9270, 'arrival_day': 'current_day', 'steps': [{'duration': 1170, 'departure_time': 5190, 'arrival_time': 6360, 'day': 'current_day', 'from_stop_id': '226-5', 'to_stop_id': 'MH-R-5', 'trip_id': '10-1-5', 'agency_name': 'Unknown'}, {'duration': 30, 'departure_time': 6360, 'arrival_time': 6390, 'day': 'current_day', 'from_stop_id': 'MH-R-5', 'to_stop_id': 'MH-R-0', 'trip_id': 'walking', 'agency_name': 'Unknown'}, {'duration': 1500, 'departure_time': 7200, 'arrival_time': 8700, 'day': 'current_day', 'from_stop_id': 'MH-R-0', 'to_stop_id': 'MH-L-0', 'trip_id': '0-1-2', 'agency_name': 'Unknown'}, {'duration': 30, 'departure_time': 8700, 'arrival_time': 8730, 'day': 'current_day', 'from_stop_id': 'MH-L-0', 'to_stop_id': 'MH-L-4', 'trip_id': 'walking', 'agency_name': 'Unknown'}, {'duration': 330, 'departure_time': 8940, 'arrival_time': 9270, 'day': 'current_day', 'from_stop_id': 'MH-L-4', 'to_stop_id': '47-4', 'trip_id': '7-1-9', 'agency_name': 'Unknown'}]}"
155,98,7470,inter,right,637,[144; 156],[99],500,375,500,375,7845,7905.0,11190.0,11250.0,3285.0,4.0,144,99,,,pt,4155.0,11625.0,4155.0,"{'duration': 3285, 'source_transfer_time': 0, 'waiting_time': 45, 'trip_time': 3240, 'num_transfers': 4, 'departure_time': 7905, 'departure_day': 'current_day', 'arrival_time': 11190, 'arrival_day': 'current_day', 'steps': [{'duration': 810, 'departure_time': 7950, 'arrival_time': 8760, 'day': 'current_day', 'from_stop_id': '144-4', 'to_stop_id': 'MH-R-4', 'trip_id': '9-0-9', 'agency_name': 'Unknown'}, {'duration': 30, 'departure_time': 8760, 'arrival_time': 8790, 'day': 'current_day', 'from_stop_id': 'MH-R-4', 'to_stop_id': 'MH-R-0', 'trip_id': 'walking', 'agency_name': 'Unknown'}, {'duration': 1500, 'departure_time': 9000, 'arrival_time': 10500, 'day': 'current_day', 'from_stop_id': 'MH-R-0', 'to_stop_id': 'MH-L-0', 'trip_id': '0-1-3', 'agency_name': 'Unknown'}, {'duration': 30, 'departure_time': 10500, 'arrival_time': 10530, 'day': 'current_day', 'from_stop_id': 'MH-L-0', 'to_stop_id': 'MH-L-2', 'trip_id': 'walking', 'agency_name': 'Unknown'}, {'duration': 450, 'departure_time': 10740, 'arrival_time': 11190, 'day': 'current_day', 'from_stop_id': 'MH-L-2', 'to_stop_id': '99-2', 'trip_id': '2-1-12', 'agency_name': 'Unknown'}]}"
128,18,13050,inter,right,638,[126; 130; 140; 150],[19; 29],1000,751,500,375,13801,13861.0,18510.0,18570.0,4649.0,4.0,126,29,,,pt,5895.0,18945.0,5895.0,"{'duration': 4649, 'source_transfer_time': 0, 'waiting_time': 329, 'trip_time': 4320, 'num_transfers': 4, 'departure_time': 13861, 'departure_day': 'current_day', 'arrival_time': 18510, 'arrival_day': 'current_day', 'steps': [{'duration': 570, 'departure_time': 14190, 'arrival_time': 14760, 'day': 'current_day', 'from_stop_id': '126-2', 'to_stop_id': 'MH-R-2', 'trip_id': '4-1-19', 'agency_name': 'Unknown'}, {'duration': 30, 'departure_time': 14760, 'arrival_time': 14790, 'day': 'current_day', 'from_stop_id': 'MH-R-2', 'to_stop_id': 'MH-R-0', 'trip_id': 'walking', 'agency_name': 'Unknown'}, {'duration': 1500, 'departure_time': 16200, 'arrival_time': 17700, 'day': 'current_day', 'from_stop_id': 'MH-R-0', 'to_stop_id': 'MH-L-0', 'trip_id': '0-1-7', 'agency_name': 'Unknown'}, {'duration': 30, 'departure_time': 17700, 'arrival_time': 17730, 'day': 'current_day', 'from_stop_id': 'MH-L-0', 'to_stop_id': 'MH-L-5', 'trip_id': 'walking', 'agency_name': 'Unknown'}, {'duration': 570, 'departure_time': 17940, 'arrival_time': 18510, 'day': 'current_day', 'from_stop_id': 'MH-L-5', 'to_stop_id': '29-5', 'trip_id': '8-1-24', 'agency_name': 'Unknown'}]}"
158,35,11610,inter,right,639,[157; 159; 169],[35],500,375,0,0,11985,12045.0,14910.0,14970.0,2865.0,4.0,159,35,,,pt,3360.0,14970.0,3360.0,"{'duration': 2865, 'source_transfer_time': 0, 'waiting_time': 105, 'trip_time': 2760, 'num_transfers': 4, 'departure_time': 12045, 'departure_day': 'current_day', 'arrival_time': 14910, 'arrival_day': 'current_day', 'steps': [{'duration': 210, 'departure_time': 12150, 'arrival_time': 12360, 'day': 'current_day', 'from_stop_id': '159-2', 'to_stop_id': 'MH-R-2', 'trip_id': '4-1-15', 'agency_name': 'Unknown'}, {'duration': 30, 'departure_time': 12360, 'arrival_time': 12390, 'day': 'current_day', 'from_stop_id': 'MH-R-2', 'to_stop_id': 'MH-R-0', 'trip_id': 'walking', 'agency_name': 'Unknown'}, {'duration': 1500, 'departure_time': 12600, 'arrival_time': 14100, 'day': 'current_day', 'from_stop_id': 'MH-R-0', 'to_stop_id': 'MH-L-0', 'trip_id': '0-1-5', 'agency_name': 'Unknown'}, {'duration': 30, 'departure_time': 14100, 'arrival_time': 14130, 'day': 'current_day', 'from_stop_id': 'MH-L-0', 'to_stop_id': 'MH-L-4', 'trip_id': 'walking', 'agency_name': 'Unknown'}, {'duration': 570, 'departure_time': 14340, 'arrival_time': 14910, 'day': 'current_day', 'from_stop_id': 'MH-L-4', 'to_stop_id': '35-4', 'trip_id': '7-1-18', 'agency_name': 'Unknown'}]}"
153,21,11760,inter,right,640,[131; 141; 151],[10; 20],1000,751,500,375,12511,12571.0,17070.0,17130.0,4499.0,4.0,131,20,,,pt,5745.0,17505.0,5745.0,"{'duration': 4499, 'source_transfer_time': 0, 'waiting_time': 419, 'trip_time': 4080, 'num_transfers': 4, 'departure_time': 12571, 'departure_day': 'current_day', 'arrival_time': 17070, 'arrival_day': 'current_day', 'steps': [{'duration': 1170, 'departure_time': 12990, 'arrival_time': 14160, 'day': 'current_day', 'from_stop_id': '131-5', 'to_stop_id': 'MH-R-5', 'trip_id': '10-0-18', 'agency_name': 'Unknown'}, {'duration': 30, 'departure_time': 14160, 'arrival_time': 14190, 'day': 'current_day', 'from_stop_id': 'MH-R-5', 'to_stop_id': 'MH-R-0', 'trip_id': 'walking', 'agency_name': 'Unknown'}, {'duration': 1500, 'departure_time': 14400, 'arrival_time': 15900, 'day': 'current_day', 'from_stop_id': 'MH-R-0', 'to_stop_id': 'MH-L-0', 'trip_id': '0-1-6', 'agency_name': 'Unknown'}, {'duration': 30, 'departure_time': 15900, 'arrival_time': 15930, 'day': 'current_day', 'from_stop_id': 'MH-L-0', 'to_stop_id': 'MH-L-5', 'trip_id': 'walking', 'agency_name': 'Unknown'}, {'duration': 930, 'departure_time': 16140, 'arrival_time': 17070, 'day': 'current_day', 'from_stop_id': 'MH-L-5', 'to_stop_id': '20-5', 'trip_id': '8-1-21', 'agency_name': 'Unknown'}]}"
139,15,9300,inter,right,641,[140; 150],[16],500,375,500,375,9675,9735.0,12990.0,13050.0,3255.0,4.0,140,16,,,pt,4125.0,13425.0,4125.0,"{'duration': 3255, 'source_transfer_time': 0, 'waiting_time': 15, 'trip_time': 3240, 'num_transfers': 4, 'departure_time': 9735, 'departure_day': 'current_day', 'arrival_time': 12990, 'arrival_day': 'current_day', 'steps': [{'duration': 810, 'departure_time': 9750, 'arrival_time': 10560, 'day': 'current_day', 'from_stop_id': '140-5', 'to_stop_id': 'MH-R-5', 'trip_id': '10-0-12', 'agency_name': 'Unknown'}, {'duration': 30, 'departure_time': 10560, 'arrival_time': 10590, 'day': 'current_day', 'from_stop_id': 'MH-R-5', 'to_stop_id': 'MH-R-0', 'trip_id': 'walking', 'agency_name': 'Unknown'}, {'duration': 1500, 'departure_time': 10800, 'arrival_time': 12300, 'day': 'current_day', 'from_stop_id': 'MH-R-0', 'to_stop_id': 'MH-L-0', 'trip_id': '0-1-4', 'agency_name': 'Unknown'}, {'duration': 30, 'departure_time': 12300, 'arrival_time': 12330, 'day': 'current_day', 'from_stop_id': 'MH-L-0', 'to_stop_id': 'MH-L-2', 'trip_id': 'walking', 'agency_name': 'Unknown'}, {'duration': 450, 'departure_time': 12540, 'arrival_time': 12990, 'day': 'current_day', 'from_stop_id': 'MH-L-2', 'to_stop_id': '16-2', 'trip_id': '2-0-15', 'agency_name': 'Unknown'}]}"
165,28,6810,inter,right,642,[175],[27; 29; 39],500,375,500,375,7185,7245.0,11070.0,11130.0,3825.0,4.0,175,27,,,pt,4695.0,11505.0,4695.0,"{'duration': 3825, 'source_transfer_time': 0, 'waiting_time': 345, 'trip_time': 3480, 'num_transfers': 4, 'departure_time': 7245, 'departure_day': 'current_day', 'arrival_time': 11070, 'arrival_day': 'current_day', 'steps': [{'duration': 570, 'departure_time': 7590, 'arrival_time': 8160, 'day': 'current_day', 'from_stop_id': '175-1', 'to_stop_id': 'MH-R-1', 'trip_id': '3-0-8', 'agency_name': 'Unknown'}, {'duration': 30, 'departure_time': 8160, 'arrival_time': 8190, 'day': 'current_day', 'from_stop_id': 'MH-R-1', 'to_stop_id': 'MH-R-0', 'trip_id': 'walking', 'agency_name': 'Unknown'}, {'duration': 1500, 'departure_time': 9000, 'arrival_time': 10500, 'day': 'current_day', 'from_stop_id': 'MH-R-0', 'to_stop_id': 'MH-L-0', 'trip_id': '0-1-3', 'agency_name': 'Unknown'}, {'duration': 30, 'departure_time': 10500, 'arrival_time': 10530, 'day': 'current_day', 'from_stop_id': 'MH-L-0', 'to_stop_id': 'MH-L-2', 'trip_id': 'walking', 'agency_name': 'Unknown'}, {'duration': 330, 'departure_time': 10740, 'arrival_time': 11070, 'day': 'current_day', 'from_stop_id': 'MH-L-2', 'to_stop_id': '27-2', 'trip_id': '2-0-12', 'agency_name': 'Unknown'}]}"
174,64,11730,inter,right,643,[182],[56],500,375,500,375,12105,12165.0,16470.0,16530.0,4305.0,4.0,182,56,,,pt,5175.0,16905.0,5175.0,"{'duration': 4305, 'source_transfer_time': 0, 'waiting_time': 225, 'trip_time': 4080, 'num_transfers': 4, 'departure_time': 12165, 'departure_day': 'current_day', 'arrival_time': 16470, 'arrival_day': 'current_day', 'steps': [{'duration': 570, 'departure_time': 12390, 'arrival_time': 12960, 'day': 'current_day', 'from_stop_id': '182-1', 'to_stop_id': 'MH-R-1', 'trip_id': '3-1-16', 'agency_name': 'Unknown'}, {'duration': 30, 'departure_time': 12960, 'arrival_time': 12990, 'day': 'current_day', 'from_stop_id': 'MH-R-1', 'to_stop_id': 'MH-R-0', 'trip_id': 'walking', 'agency_name': 'Unknown'}, {'duration': 1500, 'departure_time': 14400, 'arrival_time': 15900, 'day': 'current_day', 'from_stop_id': 'MH-R-0', 'to_stop_id': 'MH-L-0', 'trip_id': '0-1-6', 'agency_name': 'Unknown'}, {'duration': 30, 'departure_time': 15900, 'arrival_time': 15930, 'day': 'current_day', 'from_stop_id': 'MH-L-0', 'to_stop_id': 'MH-L-1', 'trip_id': 'walking', 'agency_name': 'Unknown'}, {'duration': 330, 'departure_time': 16140, 'arrival_time': 16470, 'day': 'current_day', 'from_stop_id': 'MH-L-1', 'to_stop_id': '56-1', 'trip_id': '1-1-21', 'agency_name': 'Unknown'}]}"
172,92,6450,inter,right,644,[180],[92],500,375,0,0,6825,6885.0,11550.0,11610.0,4665.0,4.0,180,92,,,pt,5160.0,11610.0,5160.0,"{'duration': 4665, 'source_transfer_time': 0, 'waiting_time': 345, 'trip_time': 4320, 'num_transfers': 4, 'departure_time': 6885, 'departure_day': 'current_day', 'arrival_time': 11550, 'arrival_day': 'current_day', 'steps': [{'duration': 330, 'departure_time': 7230, 'arrival_time': 7560, 'day': 'current_day', 'from_stop_id': '180-1', 'to_stop_id': 'MH-R-1', 'trip_id': '3-1-7', 'agency_name': 'Unknown'}, {'duration': 30, 'departure_time': 7560, 'arrival_time': 7590, 'day': 'current_day', 'from_stop_id': 'MH-R-1', 'to_stop_id': 'MH-R-0', 'trip_id': 'walking', 'agency_name': 'Unknown'}, {'duration': 1500, 'departure_time': 9000, 'arrival_time': 10500, 'day': 'current_day', 'from_stop_id': 'MH-R-0', 'to_stop_id': 'MH-L-0', 'trip_id': '0-1-3', 'agency_name': 'Unknown'}, {'duration': 30, 'departure_time': 10500, 'arrival_time': 10530, 'day': 'current_day', 'from_stop_id': 'MH-L-0', 'to_stop_id': 'MH-L-4', 'trip_id': 'walking', 'agency_name': 'Unknown'}, {'duration': 810, 'departure_time': 10740, 'arrival_time': 11550, 'day': 'current_day', 'from_stop_id': 'MH-L-4', 'to_stop_id': '92-4', 'trip_id': '7-0-12', 'agency_name': 'Unknown'}]}"
126,113,8820,inter,right,645,[126],[91; 103; 115],0,0,1000,751,8820,8880.0,13230.0,13290.0,4350.0,4.0,126,91,,,pt,5221.0,14041.0,5221.0,"{'duration': 4350, 'source_transfer_time': 0, 'waiting_time': 510, 'trip_time': 3840, 'num_transfers': 4, 'departure_time': 8880, 'departure_day': 'current_day', 'arrival_time': 13230, 'arrival_day': 'current_day', 'steps': [{'duration': 570, 'departure_time': 9390, 'arrival_time': 9960, 'day': 'current_day', 'from_stop_id': '126-2', 'to_stop_id': 'MH-R-2', 'trip_id': '4-1-11', 'agency_name': 'Unknown'}, {'duration': 30, 'departure_time': 9960, 'arrival_time': 9990, 'day': 'current_day', 'from_stop_id': 'MH-R-2', 'to_stop_id': 'MH-R-0', 'trip_id': 'walking', 'agency_name': 'Unknown'}, {'duration': 1500, 'departure_time': 10800, 'arrival_time': 12300, 'day': 'current_day', 'from_stop_id': 'MH-R-0', 'to_stop_id': 'MH-L-0', 'trip_id': '0-1-4', 'agency_name': 'Unknown'}, {'duration': 30, 'departure_time': 12300, 'arrival_time': 12330, 'day': 'current_day', 'from_stop_id': 'MH-L-0', 'to_stop_id': 'MH-L-4', 'trip_id': 'walking', 'agency_name': 'Unknown'}, {'duration': 690, 'departure_time': 12540, 'arrival_time': 13230, 'day': 'current_day', 'from_stop_id': 'MH-L-4', 'to_stop_id': '91-4', 'trip_id': '7-0-15', 'agency_name': 'Unknown'}]}"
218,50,7560,inter,right,646,[207; 217],[40; 49; 58],500,375,500,375,7935,7995.0,10950.0,11010.0,2955.0,4.0,207,49,,,pt,3825.0,11385.0,3825.0,"{'duration': 2955, 'source_transfer_time': 0, 'waiting_time': 195, 'trip_time': 2760, 'num_transfers': 4, 'departure_time': 7995, 'departure_day': 'current_day', 'arrival_time': 10950, 'arrival_day': 'current_day', 'steps': [{'duration': 570, 'departure_time': 8190, 'arrival_time': 8760, 'day': 'current_day', 'from_stop_id': '207-5', 'to_stop_id': 'MH-R-5', 'trip_id': '10-1-9', 'agency_name': 'Unknown'}, {'duration': 30, 'departure_time': 8760, 'arrival_time': 8790, 'day': 'current_day', 'from_stop_id': 'MH-R-5', 'to_stop_id': 'MH-R-0', 'trip_id': 'walking', 'agency_name': 'Unknown'}, {'duration': 1500, 'departure_time': 9000, 'arrival_time': 10500, 'day': 'current_day', 'from_stop_id': 'MH-R-0', 'to_stop_id': 'MH-L-0', 'trip_id': '0-1-3', 'agency_name': 'Unknown'}, {'duration': 30, 'departure_time': 10500, 'arrival_time': 10530, 'day': 'current_day', 'from_stop_id': 'MH-L-0', 'to_stop_id': 'MH-L-5', 'trip_id': 'walking', 'agency_name': 'Unknown'}, {'duration': 210, 'departure_time': 10740, 'arrival_time': 10950, 'day': 'current_day', 'from_stop_id': 'MH-L-5', 'to_stop_id': '49-5', 'trip_id': '8-1-12', 'agency_name': 'Unknown'}]}"
235,44,7200,inter,right,647,[224; 236],[54],500,375,500,375,7575,7635.0,11310.0,11370.0,3675.0,4.0,224,54,,,pt,4545.0,11745.0,4545.0,"{'duration': 3675, 'source_transfer_time': 0, 'waiting_time': 195, 'trip_time': 3480, 'num_transfers': 4, 'departure_time': 7635, 'departure_day': 'current_day', 'arrival_time': 11310, 'arrival_day': 'current_day', 'steps': [{'duration': 930, 'departure_time': 7830, 'arrival_time': 8760, 'day': 'current_day', 'from_stop_id': '224-4', 'to_stop_id': 'MH-R-4', 'trip_id': '9-1-9', 'agency_name': 'Unknown'}, {'duration': 30, 'departure_time': 8760, 'arrival_time': 8790, 'day': 'current_day', 'from_stop_id': 'MH-R-4', 'to_stop_id': 'MH-R-0', 'trip_id': 'walking', 'agency_name': 'Unknown'}, {'duration': 1500, 'departure_time': 9000, 'arrival_time': 10500, 'day': 'current_day', 'from_stop_id': 'MH-R-0', 'to_stop_id': 'MH-L-0', 'trip_id': '0-1-3', 'agency_name': 'Unknown'}, {'duration': 30, 'departure_time': 10500, 'arrival_time': 10530, 'day': 'current_day', 'from_stop_id': 'MH-L-0', 'to_stop_id': 'MH-L-1', 'trip_id': 'walking', 'agency_name': 'Unknown'}, {'duration': 570, 'departure_time': 10740, 'arrival_time': 11310, 'day': 'current_day', 'from_stop_id': 'MH-L-1', 'to_stop_id': '54-1', 'trip_id': '1-1-12', 'agency_name': 'Unknown'}]}"
200,35,8130,inter,right,648,[200],[35],0,0,0,0,8130,8190.0,11310.0,11370.0,3120.0,4.0,200,35,,,pt,3240.0,11370.0,3240.0,"{'duration': 3120, 'source_transfer_time': 0, 'waiting_time': 120, 'trip_time': 3000, 'num_transfers': 4, 'departure_time': 8190, 'departure_day': 'current_day', 'arrival_time': 11310, 'arrival_day': 'current_day', 'steps': [{'duration': 450, 'departure_time': 8310, 'arrival_time': 8760, 'day': 'current_day', 'from_stop_id': '200-4', 'to_stop_id': 'MH-R-4', 'trip_id': '9-1-9', 'agency_name': 'Unknown'}, {'duration': 30, 'departure_time': 8760, 'arrival_time': 8790, 'day': 'current_day', 'from_stop_id': 'MH-R-4', 'to_stop_id': 'MH-R-0', 'trip_id': 'walking', 'agency_name': 'Unknown'}, {'duration': 1500, 'departure_time': 9000, 'arrival_time': 10500, 'day': 'current_day', 'from_stop_id': 'MH-R-0', 'to_stop_id': 'MH-L-0', 'trip_id': '0-1-3', 'agency_name': 'Unknown'}, {'duration': 30, 'departure_time': 10500, 'arrival_time': 10530, 'day': 'current_day', 'from_stop_id': 'MH-L-0', 'to_stop_id': 'MH-L-4', 'trip_id': 'walking', 'agency_name': 'Unknown'}, {'duration': 570, 'departure_time': 10740, 'arrival_time': 11310, 'day': 'current_day', 'from_stop_id': 'MH-L-4', 'to_stop_id': '35-4', 'trip_id': '7-1-12', 'agency_name': 'Unknown'}]}"
205,27,10500,inter,right,649,[206; 216],[27],500,375,0,0,10875,10935.0,14670.0,14730.0,3735.0,4.0,206,27,,,pt,4230.0,14730.0,4230.0,"{'duration': 3735, 'source_transfer_time': 0, 'waiting_time': 135, 'trip_time': 3600, 'num_transfers': 4, 'departure_time': 10935, 'departure_day': 'current_day', 'arrival_time': 14670, 'arrival_day': 'current_day', 'steps': [{'duration': 690, 'departure_time': 11070, 'arrival_time': 11760, 'day': 'current_day', 'from_stop_id': '206-5', 'to_stop_id': 'MH-R-5', 'trip_id': '10-1-14', 'agency_name': 'Unknown'}, {'duration': 30, 'departure_time': 11760, 'arrival_time': 11790, 'day': 'current_day', 'from_stop_id': 'MH-R-5', 'to_stop_id': 'MH-R-0', 'trip_id': 'walking', 'agency_name': 'Unknown'}, {'duration': 1500, 'departure_time': 12600, 'arrival_time': 14100, 'day': 'current_day', 'from_stop_id': 'MH-R-0', 'to_stop_id': 'MH-L-0', 'trip_id': '0-1-5', 'agency_name': 'Unknown'}, {'duration': 30, 'departure_time': 14100, 'arrival_time': 14130, 'day': 'current_day', 'from_stop_id': 'MH-L-0', 'to_stop_id': 'MH-L-2', 'trip_id': 'walking', 'agency_name': 'Unknown'}, {'duration': 330, 'departure_time': 14340, 'arrival_time': 14670, 'day': 'current_day', 'from_stop_id': 'MH-L-2', 'to_stop_id': '27-2', 'trip_id': '2-0-18', 'agency_name': 'Unknown'}]}"
133,43,4740,inter,right,650,[133],[61],0,0,1000,751,4740,4800.0,9510.0,9570.0,4710.0,4.0,133,61,,,pt,5581.0,10321.0,5581.0,"{'duration': 4710, 'source_transfer_time': 0, 'waiting_time': 30, 'trip_time': 4680, 'num_transfers': 4, 'departure_time': 4800, 'departure_day': 'current_day', 'arrival_time': 9510, 'arrival_day': 'current_day', 'steps': [{'duration': 930, 'departure_time': 4830, 'arrival_time': 5760, 'day': 'current_day', 'from_stop_id': '133-4', 'to_stop_id': 'MH-R-4', 'trip_id': '9-0-4', 'agency_name': 'Unknown'}, {'duration': 30, 'departure_time': 5760, 'arrival_time': 5790, 'day': 'current_day', 'from_stop_id': 'MH-R-4', 'to_stop_id': 'MH-R-0', 'trip_id': 'walking', 'agency_name': 'Unknown'}, {'duration': 1500, 'departure_time': 7200, 'arrival_time': 8700, 'day': 'current_day', 'from_stop_id': 'MH-R-0', 'to_stop_id': 'MH-L-0', 'trip_id': '0-1-2', 'agency_name': 'Unknown'}, {'duration': 30, 'departure_time': 8700, 'arrival_time': 8730, 'day': 'current_day', 'from_stop_id': 'MH-L-0', 'to_stop_id': 'MH-L-1', 'trip_id': 'walking', 'agency_name': 'Unknown'}, {'duration': 570, 'departure_time': 8940, 'arrival_time': 9510, 'day': 'current_day', 'from_stop_id': 'MH-L-1', 'to_stop_id': '61-1', 'trip_id': '1-0-9', 'agency_name': 'Unknown'}]}"
146,115,13230,inter,right,651,[145; 157],[115],500,375,0,0,13605,13665.0,17310.0,17370.0,3645.0,4.0,157,115,,,pt,4140.0,17370.0,4140.0,"{'duration': 3645, 'source_transfer_time': 0, 'waiting_time': 45, 'trip_time': 3600, 'num_transfers': 4, 'departure_time': 13665, 'departure_day': 'current_day', 'arrival_time': 17310, 'arrival_day': 'current_day', 'steps': [{'duration': 450, 'departure_time': 13710, 'arrival_time': 14160, 'day': 'current_day', 'from_stop_id': '157-4', 'to_stop_id': 'MH-R-4', 'trip_id': '9-0-18', 'agency_name': 'Unknown'}, {'duration': 30, 'departure_time': 14160, 'arrival_time': 14190, 'day': 'current_day', 'from_stop_id': 'MH-R-4', 'to_stop_id': 'MH-R-0', 'trip_id': 'walking', 'agency_name': 'Unknown'}, {'duration': 1500, 'departure_time': 14400, 'arrival_time': 15900, 'day': 'current_day', 'from_stop_id': 'MH-R-0', 'to_stop_id': 'MH-L-0', 'trip_id': '0-1-6', 'agency_name': 'Unknown'}, {'duration': 30, 'departure_time': 15900, 'arrival_time': 15930, 'day': 'current_day', 'from_stop_id': 'MH-L-0', 'to_stop_id': 'MH-L-4', 'trip_id': 'walking', 'agency_name': 'Unknown'}, {'duration': 1170, 'departure_time': 16140, 'arrival_time': 17310, 'day': 'current_day', 'from_stop_id': 'MH-L-4', 'to_stop_id': '115-4', 'trip_id': '7-0-21', 'agency_name': 'Unknown'}]}"
203,69,12810,inter,right,652,[182; 201; 213; 225],[59; 68; 80],1000,751,500,375,13561,13621.0,18270.0,18330.0,4649.0,4.0,182,59,,,pt,5895.0,18705.0,5895.0,"{'duration': 4649, 'source_transfer_time': 0, 'waiting_time': 569, 'trip_time': 4080, 'num_transfers': 4, 'departure_time': 13621, 'departure_day': 'current_day', 'arrival_time': 18270, 'arrival_day': 'current_day', 'steps': [{'duration': 570, 'departure_time': 14190, 'arrival_time': 14760, 'day': 'current_day', 'from_stop_id': '182-1', 'to_stop_id': 'MH-R-1', 'trip_id': '3-1-19', 'agency_name': 'Unknown'}, {'duration': 30, 'departure_time': 14760, 'arrival_time': 14790, 'day': 'current_day', 'from_stop_id': 'MH-R-1', 'to_stop_id': 'MH-R-0', 'trip_id': 'walking', 'agency_name': 'Unknown'}, {'duration': 1500, 'departure_time': 16200, 'arrival_time': 17700, 'day': 'current_day', 'from_stop_id': 'MH-R-0', 'to_stop_id': 'MH-L-0', 'trip_id': '0-1-7', 'agency_name': 'Unknown'}, {'duration': 30, 'departure_time': 17700, 'arrival_time': 17730, 'day': 'current_day', 'from_stop_id': 'MH-L-0', 'to_stop_id': 'MH-L-1', 'trip_id': 'walking', 'agency_name': 'Unknown'}, {'duration': 330, 'departure_time': 17940, 'arrival_time': 18270, 'day': 'current_day', 'from_stop_id': 'MH-L-1', 'to_stop_id': '59-1', 'trip_id': '1-0-24', 'agency_name': 'Unknown'}]}"
195,61,10110,inter,right,653,[196; 206],[61],500,375,0,0,10485,10545.0,14910.0,14970.0,4365.0,4.0,196,61,,,pt,4860.0,14970.0,4860.0,"{'duration': 4365, 'source_transfer_time': 0, 'waiting_time': 165, 'trip_time': 4200, 'num_transfers': 4, 'departure_time': 10545, 'departure_day': 'current_day', 'arrival_time': 14910, 'arrival_day': 'current_day', 'steps': [{'duration': 450, 'departure_time': 10710, 'arrival_time': 11160, 'day': 'current_day', 'from_stop_id': '196-5', 'to_stop_id': 'MH-R-5', 'trip_id': '10-1-13', 'agency_name': 'Unknown'}, {'duration': 30, 'departure_time': 11160, 'arrival_time': 11190, 'day': 'current_day', 'from_stop_id': 'MH-R-5', 'to_stop_id': 'MH-R-0', 'trip_id': 'walking', 'agency_name': 'Unknown'}, {'duration': 1500, 'departure_time': 12600, 'arrival_time': 14100, 'day': 'current_day', 'from_stop_id': 'MH-R-0', 'to_stop_id': 'MH-L-0', 'trip_id': '0-1-5', 'agency_name': 'Unknown'}, {'duration': 30, 'departure_time': 14100, 'arrival_time': 14130, 'day': 'current_day', 'from_stop_id': 'MH-L-0', 'to_stop_id': 'MH-L-1', 'trip_id': 'walking', 'agency_name': 'Unknown'}, {'duration': 570, 'departure_time': 14340, 'arrival_time': 14910, 'day': 'current_day', 'from_stop_id': 'MH-L-1', 'to_stop_id': '61-1', 'trip_id': '1-0-18', 'agency_name': 'Unknown'}]}"
171,1,4140,inter,right,654,[161; 170; 179],[0; 12],500,375,500,375,4515,4575.0,8070.0,8130.0,3495.0,4.0,161,12,,,pt,4365.0,8505.0,4365.0,"{'duration': 3495, 'source_transfer_time': 0, 'waiting_time': 135, 'trip_time': 3360, 'num_transfers': 4, 'departure_time': 4575, 'departure_day': 'current_day', 'arrival_time': 8070, 'arrival_day': 'current_day', 'steps': [{'duration': 450, 'departure_time': 4710, 'arrival_time': 5160, 'day': 'current_day', 'from_stop_id': '161-5', 'to_stop_id': 'MH-R-5', 'trip_id': '10-0-3', 'agency_name': 'Unknown'}, {'duration': 30, 'departure_time': 5160, 'arrival_time': 5190, 'day': 'current_day', 'from_stop_id': 'MH-R-5', 'to_stop_id': 'MH-R-0', 'trip_id': 'walking', 'agency_name': 'Unknown'}, {'duration': 1500, 'departure_time': 5400, 'arrival_time': 6900, 'day': 'current_day', 'from_stop_id': 'MH-R-0', 'to_stop_id': 'MH-L-0', 'trip_id': '0-1-1', 'agency_name': 'Unknown'}, {'duration': 30, 'departure_time': 6900, 'arrival_time': 6930, 'day': 'current_day', 'from_stop_id': 'MH-L-0', 'to_stop_id': 'MH-L-4', 'trip_id': 'walking', 'agency_name': 'Unknown'}, {'duration': 930, 'departure_time': 7140, 'arrival_time': 8070, 'day': 'current_day', 'from_stop_id': 'MH-L-4', 'to_stop_id': '12-4', 'trip_id': '7-1-6', 'agency_name': 'Unknown'}]}"
144,61,7440,inter,right,655,[144],[61],0,0,0,0,7440,7500.0,11310.0,11370.0,3810.0,4.0,144,61,,,pt,3930.0,11370.0,3930.0,"{'duration': 3810, 'source_transfer_time': 0, 'waiting_time': 450, 'trip_time': 3360, 'num_transfers': 4, 'departure_time': 7500, 'departure_day': 'current_day', 'arrival_time': 11310, 'arrival_day': 'current_day', 'steps': [{'duration': 810, 'departure_time': 7950, 'arrival_time': 8760, 'day': 'current_day', 'from_stop_id': '144-4', 'to_stop_id': 'MH-R-4', 'trip_id': '9-0-9', 'agency_name': 'Unknown'}, {'duration': 30, 'departure_time': 8760, 'arrival_time': 8790, 'day': 'current_day', 'from_stop_id': 'MH-R-4', 'to_stop_id': 'MH-R-0', 'trip_id': 'walking', 'agency_name': 'Unknown'}, {'duration': 1500, 'departure_time': 9000, 'arrival_time': 10500, 'day': 'current_day', 'from_stop_id': 'MH-R-0', 'to_stop_id': 'MH-L-0', 'trip_id': '0-1-3', 'agency_name': 'Unknown'}, {'duration': 30, 'departure_time': 10500, 'arrival_time': 10530, 'day': 'current_day', 'from_stop_id': 'MH-L-0', 'to_stop_id': 'MH-L-1', 'trip_id': 'walking', 'agency_name': 'Unknown'}, {'duration': 570, 'departure_time': 10740, 'arrival_time': 11310, 'day': 'current_day', 'from_stop_id': 'MH-L-1', 'to_stop_id': '61-1', 'trip_id': '1-0-12', 'agency_name': 'Unknown'}]}"
211,70,11160,inter,right,656,[200; 212],[60],500,375,500,375,11535,11595.0,14790.0,14850.0,3195.0,4.0,200,60,,,pt,4065.0,15225.0,4065.0,"{'duration': 3195, 'source_transfer_time': 0, 'waiting_time': 315, 'trip_time': 2880, 'num_transfers': 4, 'departure_time': 11595, 'departure_day': 'current_day', 'arrival_time': 14790, 'arrival_day': 'current_day', 'steps': [{'duration': 450, 'departure_time': 11910, 'arrival_time': 12360, 'day': 'current_day', 'from_stop_id': '200-4', 'to_stop_id': 'MH-R-4', 'trip_id': '9-1-15', 'agency_name': 'Unknown'}, {'duration': 30, 'departure_time': 12360, 'arrival_time': 12390, 'day': 'current_day', 'from_stop_id': 'MH-R-4', 'to_stop_id': 'MH-R-0', 'trip_id': 'walking', 'agency_name': 'Unknown'}, {'duration': 1500, 'departure_time': 12600, 'arrival_time': 14100, 'day': 'current_day', 'from_stop_id': 'MH-R-0', 'to_stop_id': 'MH-L-0', 'trip_id': '0-1-5', 'agency_name': 'Unknown'}, {'duration': 30, 'departure_time': 14100, 'arrival_time': 14130, 'day': 'current_day', 'from_stop_id': 'MH-L-0', 'to_stop_id': 'MH-L-1', 'trip_id': 'walking', 'agency_name': 'Unknown'}, {'duration': 450, 'departure_time': 14340, 'arrival_time': 14790, 'day': 'current_day', 'from_stop_id': 'MH-L-1', 'to_stop_id': '60-1', 'trip_id': '1-0-18', 'agency_name': 'Unknown'}]}"
198,36,11340,inter,right,657,[198],[36],0,0,0,0,11340,11400.0,14790.0,14850.0,3390.0,4.0,198,36,,,pt,3510.0,14850.0,3510.0,"{'duration': 3390, 'source_transfer_time': 0, 'waiting_time': 150, 'trip_time': 3240, 'num_transfers': 4, 'departure_time': 11400, 'departure_day': 'current_day', 'arrival_time': 14790, 'arrival_day': 'current_day', 'steps': [{'duration': 210, 'departure_time': 11550, 'arrival_time': 11760, 'day': 'current_day', 'from_stop_id': '198-2', 'to_stop_id': 'MH-R-2', 'trip_id': '4-0-14', 'agency_name': 'Unknown'}, {'duration': 30, 'departure_time': 11760, 'arrival_time': 11790, 'day': 'current_day', 'from_stop_id': 'MH-R-2', 'to_stop_id': 'MH-R-0', 'trip_id': 'walking', 'agency_name': 'Unknown'}, {'duration': 1500, 'departure_time': 12600, 'arrival_time': 14100, 'day': 'current_day', 'from_stop_id': 'MH-R-0', 'to_stop_id': 'MH-L-0', 'trip_id': '0-1-5', 'agency_name': 'Unknown'}, {'duration': 30, 'departure_time': 14100, 'arrival_time': 14130, 'day': 'current_day', 'from_stop_id': 'MH-L-0', 'to_stop_id': 'MH-L-4', 'trip_id': 'walking', 'agency_name': 'Unknown'}, {'duration': 450, 'departure_time': 14340, 'arrival_time': 14790, 'day': 'current_day', 'from_stop_id': 'MH-L-4', 'to_stop_id': '36-4', 'trip_id': '7-1-18', 'agency_name': 'Unknown'}]}"
148,30,9690,inter,right,658,[148],[30],0,0,0,0,9690,9750.0,13230.0,13290.0,3480.0,4.0,148,30,,,pt,3600.0,13290.0,3600.0,"{'duration': 3480, 'source_transfer_time': 0, 'waiting_time': 480, 'trip_time': 3000, 'num_transfers': 4, 'departure_time': 9750, 'departure_day': 'current_day', 'arrival_time': 13230, 'arrival_day': 'current_day', 'steps': [{'duration': 330, 'departure_time': 10230, 'arrival_time': 10560, 'day': 'current_day', 'from_stop_id': '148-2', 'to_stop_id': 'MH-R-2', 'trip_id': '4-1-12', 'agency_name': 'Unknown'}, {'duration': 30, 'departure_time': 10560, 'arrival_time': 10590, 'day': 'current_day', 'from_stop_id': 'MH-R-2', 'to_stop_id': 'MH-R-0', 'trip_id': 'walking', 'agency_name': 'Unknown'}, {'duration': 1500, 'departure_time': 10800, 'arrival_time': 12300, 'day': 'current_day', 'from_stop_id': 'MH-R-0', 'to_stop_id': 'MH-L-0', 'trip_id': '0-1-4', 'agency_name': 'Unknown'}, {'duration': 30, 'departure_time': 12300, 'arrival_time': 12330, 'day': 'current_day', 'from_stop_id': 'MH-L-0', 'to_stop_id': 'MH-L-5', 'trip_id': 'walking', 'agency_name': 'Unknown'}, {'duration': 690, 'departure_time': 12540, 'arrival_time': 13230, 'day': 'current_day', 'from_stop_id': 'MH-L-5', 'to_stop_id': '30-5', 'trip_id': '8-1-15', 'agency_name': 'Unknown'}]}"
229,80,7860,inter,right,659,[207; 217; 227; 231],[80],1000,751,0,0,8611,8671.0,13110.0,13170.0,4439.0,4.0,207,80,,,pt,5310.0,13170.0,5310.0,"{'duration': 4439, 'source_transfer_time': 0, 'waiting_time': 119, 'trip_time': 4320, 'num_transfers': 4, 'departure_time': 8671, 'departure_day': 'current_day', 'arrival_time': 13110, 'arrival_day': 'current_day', 'steps': [{'duration': 570, 'departure_time': 8790, 'arrival_time': 9360, 'day': 'current_day', 'from_stop_id': '207-5', 'to_stop_id': 'MH-R-5', 'trip_id': '10-1-10', 'agency_name': 'Unknown'}, {'duration': 30, 'departure_time': 9360, 'arrival_time': 9390, 'day': 'current_day', 'from_stop_id': 'MH-R-5', 'to_stop_id': 'MH-R-0', 'trip_id': 'walking', 'agency_name': 'Unknown'}, {'duration': 1500, 'departure_time': 10800, 'arrival_time': 12300, 'day': 'current_day', 'from_stop_id': 'MH-R-0', 'to_stop_id': 'MH-L-0', 'trip_id': '0-1-4', 'agency_name': 'Unknown'}, {'duration': 30, 'departure_time': 12300, 'arrival_time': 12330, 'day': 'current_day', 'from_stop_id': 'MH-L-0', 'to_stop_id': 'MH-L-4', 'trip_id': 'walking', 'agency_name': 'Unknown'}, {'duration': 570, 'departure_time': 12540, 'arrival_time': 13110, 'day': 'current_day', 'from_stop_id': 'MH-L-4', 'to_stop_id': '80-4', 'trip_id': '7-0-15', 'agency_name': 'Unknown'}]}"
128,108,5490,inter,right,660,[126; 130; 140; 150],[86; 96; 106; 110],1000,751,1000,751,6241,6301.0,9510.0,9570.0,3209.0,4.0,126,86,,,pt,4831.0,10321.0,4831.0,"{'duration': 3209, 'source_transfer_time': 0, 'waiting_time': 89, 'trip_time': 3120, 'num_transfers': 4, 'departure_time': 6301, 'departure_day': 'current_day', 'arrival_time': 9510, 'arrival_day': 'current_day', 'steps': [{'duration': 570, 'departure_time': 6390, 'arrival_time': 6960, 'day': 'current_day', 'from_stop_id': '126-2', 'to_stop_id': 'MH-R-2', 'trip_id': '4-1-6', 'agency_name': 'Unknown'}, {'duration': 30, 'departure_time': 6960, 'arrival_time': 6990, 'day': 'current_day', 'from_stop_id': 'MH-R-2', 'to_stop_id': 'MH-R-0', 'trip_id': 'walking', 'agency_name': 'Unknown'}, {'duration': 1500, 'departure_time': 7200, 'arrival_time': 8700, 'day': 'current_day', 'from_stop_id': 'MH-R-0', 'to_stop_id': 'MH-L-0', 'trip_id': '0-1-2', 'agency_name': 'Unknown'}, {'duration': 30, 'departure_time': 8700, 'arrival_time': 8730, 'day': 'current_day', 'from_stop_id': 'MH-L-0', 'to_stop_id': 'MH-L-5', 'trip_id': 'walking', 'agency_name': 'Unknown'}, {'duration': 570, 'departure_time': 8940, 'arrival_time': 9510, 'day': 'current_day', 'from_stop_id': 'MH-L-5', 'to_stop_id': '86-5', 'trip_id': '8-0-9', 'agency_name': 'Unknown'}]}"
220,2,11760,inter,right,661,[220],[0; 12; 24],0,0,1000,751,11760,11820.0,15030.0,15090.0,3210.0,4.0,220,24,,,pt,4081.0,15841.0,4081.0,"{'duration': 3210, 'source_transfer_time': 0, 'waiting_time': 90, 'trip_time': 3120, 'num_transfers': 4, 'departure_time': 11820, 'departure_day': 'current_day', 'arrival_time': 15030, 'arrival_day': 'current_day', 'steps': [{'duration': 450, 'departure_time': 11910, 'arrival_time': 12360, 'day': 'current_day', 'from_stop_id': '220-2', 'to_stop_id': 'MH-R-2', 'trip_id': '4-0-15', 'agency_name': 'Unknown'}, {'duration': 30, 'departure_time': 12360, 'arrival_time': 12390, 'day': 'current_day', 'from_stop_id': 'MH-R-2', 'to_stop_id': 'MH-R-0', 'trip_id': 'walking', 'agency_name': 'Unknown'}, {'duration': 1500, 'departure_time': 12600, 'arrival_time': 14100, 'day': 'current_day', 'from_stop_id': 'MH-R-0', 'to_stop_id': 'MH-L-0', 'trip_id': '0-1-5', 'agency_name': 'Unknown'}, {'duration': 30, 'departure_time': 14100, 'arrival_time': 14130, 'day': 'current_day', 'from_stop_id': 'MH-L-0', 'to_stop_id': 'MH-L-4', 'trip_id': 'walking', 'agency_name': 'Unknown'}, {'duration': 690, 'departure_time': 14340, 'arrival_time': 15030, 'day': 'current_day', 'from_stop_id': 'MH-L-4', 'to_stop_id': '24-4', 'trip_id': '7-1-18', 'agency_name': 'Unknown'}]}"
231,103,11760,inter,right,662,[231],[103],0,0,0,0,11760,11820.0,17070.0,17130.0,5250.0,4.0,231,103,,,pt,5370.0,17130.0,5370.0,"{'duration': 5250, 'source_transfer_time': 0, 'waiting_time': 570, 'trip_time': 4680, 'num_transfers': 4, 'departure_time': 11820, 'departure_day': 'current_day', 'arrival_time': 17070, 'arrival_day': 'current_day', 'steps': [{'duration': 570, 'departure_time': 12390, 'arrival_time': 12960, 'day': 'current_day', 'from_stop_id': '231-2', 'to_stop_id': 'MH-R-2', 'trip_id': '4-0-16', 'agency_name': 'Unknown'}, {'duration': 30, 'departure_time': 12960, 'arrival_time': 12990, 'day': 'current_day', 'from_stop_id': 'MH-R-2', 'to_stop_id': 'MH-R-0', 'trip_id': 'walking', 'agency_name': 'Unknown'}, {'duration': 1500, 'departure_time': 14400, 'arrival_time': 15900, 'day': 'current_day', 'from_stop_id': 'MH-R-0', 'to_stop_id': 'MH-L-0', 'trip_id': '0-1-6', 'agency_name': 'Unknown'}, {'duration': 30, 'departure_time': 15900, 'arrival_time': 15930, 'day': 'current_day', 'from_stop_id': 'MH-L-0', 'to_stop_id': 'MH-L-4', 'trip_id': 'walking', 'agency_name': 'Unknown'}, {'duration': 930, 'departure_time': 16140, 'arrival_time': 17070, 'day': 'current_day', 'from_stop_id': 'MH-L-4', 'to_stop_id': '103-4', 'trip_id': '7-0-21', 'agency_name': 'Unknown'}]}"
201,21,10410,inter,right,663,[201],[10; 20],0,0,500,375,10410,10470.0,15270.0,15330.0,4800.0,4.0,201,20,,,pt,5295.0,15705.0,5295.0,"{'duration': 4800, 'source_transfer_time': 0, 'waiting_time': 120, 'trip_time': 4680, 'num_transfers': 4, 'departure_time': 10470, 'departure_day': 'current_day', 'arrival_time': 15270, 'arrival_day': 'current_day', 'steps': [{'duration': 570, 'departure_time': 10590, 'arrival_time': 11160, 'day': 'current_day', 'from_stop_id': '201-4', 'to_stop_id': 'MH-R-4', 'trip_id': '9-1-13', 'agency_name': 'Unknown'}, {'duration': 30, 'departure_time': 11160, 'arrival_time': 11190, 'day': 'current_day', 'from_stop_id': 'MH-R-4', 'to_stop_id': 'MH-R-0', 'trip_id': 'walking', 'agency_name': 'Unknown'}, {'duration': 1500, 'departure_time': 12600, 'arrival_time': 14100, 'day': 'current_day', 'from_stop_id': 'MH-R-0', 'to_stop_id': 'MH-L-0', 'trip_id': '0-1-5', 'agency_name': 'Unknown'}, {'duration': 30, 'departure_time': 14100, 'arrival_time': 14130, 'day': 'current_day', 'from_stop_id': 'MH-L-0', 'to_stop_id': 'MH-L-5', 'trip_id': 'walking', 'agency_name': 'Unknown'}, {'duration': 930, 'departure_time': 14340, 'arrival_time': 15270, 'day': 'current_day', 'from_stop_id': 'MH-L-5', 'to_stop_id': '20-5', 'trip_id': '8-1-18', 'agency_name': 'Unknown'}]}"
230,27,4710,inter,right,664,[231],[27],500,375,0,0,5085,5145.0,9270.0,9330.0,4125.0,4.0,231,27,,,pt,4620.0,9330.0,4620.0,"{'duration': 4125, 'source_transfer_time': 0, 'waiting_time': 45, 'trip_time': 4080, 'num_transfers': 4, 'departure_time': 5145, 'departure_day': 'current_day', 'arrival_time': 9270, 'arrival_day': 'current_day', 'steps': [{'duration': 570, 'departure_time': 5190, 'arrival_time': 5760, 'day': 'current_day', 'from_stop_id': '231-2', 'to_stop_id': 'MH-R-2', 'trip_id': '4-0-4', 'agency_name': 'Unknown'}, {'duration': 30, 'departure_time': 5760, 'arrival_time': 5790, 'day': 'current_day', 'from_stop_id': 'MH-R-2', 'to_stop_id': 'MH-R-0', 'trip_id': 'walking', 'agency_name': 'Unknown'}, {'duration': 1500, 'departure_time': 7200, 'arrival_time': 8700, 'day': 'current_day', 'from_stop_id': 'MH-R-0', 'to_stop_id': 'MH-L-0', 'trip_id': '0-1-2', 'agency_name': 'Unknown'}, {'duration': 30, 'departure_time': 8700, 'arrival_time': 8730, 'day': 'current_day', 'from_stop_id': 'MH-L-0', 'to_stop_id': 'MH-L-2', 'trip_id': 'walking', 'agency_name': 'Unknown'}, {'duration': 330, 'departure_time': 8940, 'arrival_time': 9270, 'day': 'current_day', 'from_stop_id': 'MH-L-2', 'to_stop_id': '27-2', 'trip_id': '2-0-9', 'agency_name': 'Unknown'}]}"
165,101,6420,inter,right,665,[175],[79; 91; 99; 103],500,375,1000,751,6795,6855.0,11190.0,11250.0,4335.0,4.0,175,79,,,pt,5581.0,12001.0,5581.0,"{'duration': 4335, 'source_transfer_time': 0, 'waiting_time': 135, 'trip_time': 4200, 'num_transfers': 4, 'departure_time': 6855, 'departure_day': 'current_day', 'arrival_time': 11190, 'arrival_day': 'current_day', 'steps': [{'duration': 570, 'departure_time': 6990, 'arrival_time': 7560, 'day': 'current_day', 'from_stop_id': '175-1', 'to_stop_id': 'MH-R-1', 'trip_id': '3-0-7', 'agency_name': 'Unknown'}, {'duration': 30, 'departure_time': 7560, 'arrival_time': 7590, 'day': 'current_day', 'from_stop_id': 'MH-R-1', 'to_stop_id': 'MH-R-0', 'trip_id': 'walking', 'agency_name': 'Unknown'}, {'duration': 1500, 'departure_time': 9000, 'arrival_time': 10500, 'day': 'current_day', 'from_stop_id': 'MH-R-0', 'to_stop_id': 'MH-L-0', 'trip_id': '0-1-3', 'agency_name': 'Unknown'}, {'duration': 30, 'departure_time': 10500, 'arrival_time': 10530, 'day': 'current_day', 'from_stop_id': 'MH-L-0', 'to_stop_id': 'MH-L-4', 'trip_id': 'walking', 'agency_name': 'Unknown'}, {'duration': 450, 'departure_time': 10740, 'arrival_time': 11190, 'day': 'current_day', 'from_stop_id': 'MH-L-4', 'to_stop_id': '79-4', 'trip_id': '7-0-12', 'agency_name': 'Unknown'}]}"
212,80,11040,inter,right,666,[212],[80],0,0,0,0,11040,11100.0,14910.0,14970.0,3810.0,4.0,212,80,,,pt,3930.0,14970.0,3930.0,"{'duration': 3810, 'source_transfer_time': 0, 'waiting_time': 570, 'trip_time': 3240, 'num_transfers': 4, 'departure_time': 11100, 'departure_day': 'current_day', 'arrival_time': 14910, 'arrival_day': 'current_day', 'steps': [{'duration': 690, 'departure_time': 11670, 'arrival_time': 12360, 'day': 'current_day', 'from_stop_id': '212-4', 'to_stop_id': 'MH-R-4', 'trip_id': '9-1-15', 'agency_name': 'Unknown'}, {'duration': 30, 'departure_time': 12360, 'arrival_time': 12390, 'day': 'current_day', 'from_stop_id': 'MH-R-4', 'to_stop_id': 'MH-R-0', 'trip_id': 'walking', 'agency_name': 'Unknown'}, {'duration': 1500, 'departure_time': 12600, 'arrival_time': 14100, 'day': 'current_day', 'from_stop_id': 'MH-R-0', 'to_stop_id': 'MH-L-0', 'trip_id': '0-1-5', 'agency_name': 'Unknown'}, {'duration': 30, 'departure_time': 14100, 'arrival_time': 14130, 'day': 'current_day', 'from_stop_id': 'MH-L-0', 'to_stop_id': 'MH-L-4', 'trip_id': 'walking', 'agency_name': 'Unknown'}, {'duration': 570, 'departure_time': 14340, 'arrival_time': 14910, 'day': 'current_day', 'from_stop_id': 'MH-L-4', 'to_stop_id': '80-4', 'trip_id': '7-0-18', 'agency_name': 'Unknown'}]}"
139,52,4890,inter,right,667,[140; 150],[60],500,375,500,375,5265,5325.0,9390.0,9450.0,4065.0,4.0,140,60,,,pt,4935.0,9825.0,4935.0,"{'duration': 4065, 'source_transfer_time': 0, 'waiting_time': 225, 'trip_time': 3840, 'num_transfers': 4, 'departure_time': 5325, 'departure_day': 'current_day', 'arrival_time': 9390, 'arrival_day': 'current_day', 'steps': [{'duration': 810, 'departure_time': 5550, 'arrival_time': 6360, 'day': 'current_day', 'from_stop_id': '140-5', 'to_stop_id': 'MH-R-5', 'trip_id': '10-0-5', 'agency_name': 'Unknown'}, {'duration': 30, 'departure_time': 6360, 'arrival_time': 6390, 'day': 'current_day', 'from_stop_id': 'MH-R-5', 'to_stop_id': 'MH-R-0', 'trip_id': 'walking', 'agency_name': 'Unknown'}, {'duration': 1500, 'departure_time': 7200, 'arrival_time': 8700, 'day': 'current_day', 'from_stop_id': 'MH-R-0', 'to_stop_id': 'MH-L-0', 'trip_id': '0-1-2', 'agency_name': 'Unknown'}, {'duration': 30, 'departure_time': 8700, 'arrival_time': 8730, 'day': 'current_day', 'from_stop_id': 'MH-L-0', 'to_stop_id': 'MH-L-1', 'trip_id': 'walking', 'agency_name': 'Unknown'}, {'duration': 450, 'departure_time': 8940, 'arrival_time': 9390, 'day': 'current_day', 'from_stop_id': 'MH-L-1', 'to_stop_id': '60-1', 'trip_id': '1-0-9', 'agency_name': 'Unknown'}]}"
176,49,3660,inter,right,668,[176],[49],0,0,0,0,3660,3720.0,7350.0,7410.0,3630.0,4.0,176,49,,,pt,3750.0,7410.0,3750.0,"{'duration': 3630, 'source_transfer_time': 0, 'waiting_time': 390, 'trip_time': 3240, 'num_transfers': 4, 'departure_time': 3720, 'departure_day': 'current_day', 'arrival_time': 7350, 'arrival_day': 'current_day', 'steps': [{'duration': 450, 'departure_time': 4110, 'arrival_time': 4560, 'day': 'current_day', 'from_stop_id': '176-1', 'to_stop_id': 'MH-R-1', 'trip_id': '3-0-2', 'agency_name': 'Unknown'}, {'duration': 30, 'departure_time': 4560, 'arrival_time': 4590, 'day': 'current_day', 'from_stop_id': 'MH-R-1', 'to_stop_id': 'MH-R-0', 'trip_id': 'walking', 'agency_name': 'Unknown'}, {'duration': 1500, 'departure_time': 5400, 'arrival_time': 6900, 'day': 'current_day', 'from_stop_id': 'MH-R-0', 'to_stop_id': 'MH-L-0', 'trip_id': '0-1-1', 'agency_name': 'Unknown'}, {'duration': 30, 'departure_time': 6900, 'arrival_time': 6930, 'day': 'current_day', 'from_stop_id': 'MH-L-0', 'to_stop_id': 'MH-L-5', 'trip_id': 'walking', 'agency_name': 'Unknown'}, {'duration': 210, 'departure_time': 7140, 'arrival_time': 7350, 'day': 'current_day', 'from_stop_id': 'MH-L-5', 'to_stop_id': '49-5', 'trip_id': '8-1-6', 'agency_name': 'Unknown'}]}"
197,114,12090,inter,right,669,[197],[103; 115],0,0,500,375,12090,12150.0,17070.0,17130.0,4920.0,4.0,197,103,,,pt,5415.0,17505.0,5415.0,"{'duration': 4920, 'source_transfer_time': 0, 'waiting_time': 480, 'trip_time': 4440, 'num_transfers': 4, 'departure_time': 12150, 'departure_day': 'current_day', 'arrival_time': 17070, 'arrival_day': 'current_day', 'steps': [{'duration': 330, 'departure_time': 12630, 'arrival_time': 12960, 'day': 'current_day', 'from_stop_id': '197-5', 'to_stop_id': 'MH-R-5', 'trip_id': '10-1-16', 'agency_name': 'Unknown'}, {'duration': 30, 'departure_time': 12960, 'arrival_time': 12990, 'day': 'current_day', 'from_stop_id': 'MH-R-5', 'to_stop_id': 'MH-R-0', 'trip_id': 'walking', 'agency_name': 'Unknown'}, {'duration': 1500, 'departure_time': 14400, 'arrival_time': 15900, 'day': 'current_day', 'from_stop_id': 'MH-R-0', 'to_stop_id': 'MH-L-0', 'trip_id': '0-1-6', 'agency_name': 'Unknown'}, {'duration': 30, 'departure_time': 15900, 'arrival_time': 15930, 'day': 'current_day', 'from_stop_id': 'MH-L-0', 'to_stop_id': 'MH-L-4', 'trip_id': 'walking', 'agency_name': 'Unknown'}, {'duration': 930, 'departure_time': 16140, 'arrival_time': 17070, 'day': 'current_day', 'from_stop_id': 'MH-L-4', 'to_stop_id': '103-4', 'trip_id': '7-0-21', 'agency_name': 'Unknown'}]}"
219,100,5340,inter,right,670,[220],[99],500,375,500,375,5715,5775.0,9390.0,9450.0,3615.0,4.0,220,99,,,pt,4485.0,9825.0,4485.0,"{'duration': 3615, 'source_transfer_time': 0, 'waiting_time': 135, 'trip_time': 3480, 'num_transfers': 4, 'departure_time': 5775, 'departure_day': 'current_day', 'arrival_time': 9390, 'arrival_day': 'current_day', 'steps': [{'duration': 450, 'departure_time': 5910, 'arrival_time': 6360, 'day': 'current_day', 'from_stop_id': '220-2', 'to_stop_id': 'MH-R-2', 'trip_id': '4-0-5', 'agency_name': 'Unknown'}, {'duration': 30, 'departure_time': 6360, 'arrival_time': 6390, 'day': 'current_day', 'from_stop_id': 'MH-R-2', 'to_stop_id': 'MH-R-0', 'trip_id': 'walking', 'agency_name': 'Unknown'}, {'duration': 1500, 'departure_time': 7200, 'arrival_time': 8700, 'day': 'current_day', 'from_stop_id': 'MH-R-0', 'to_stop_id': 'MH-L-0', 'trip_id': '0-1-2', 'agency_name': 'Unknown'}, {'duration': 30, 'departure_time': 8700, 'arrival_time': 8730, 'day': 'current_day', 'from_stop_id': 'MH-L-0', 'to_stop_id': 'MH-L-2', 'trip_id': 'walking', 'agency_name': 'Unknown'}, {'duration': 450, 'departure_time': 8940, 'arrival_time': 9390, 'day': 'current_day', 'from_stop_id': 'MH-L-2', 'to_stop_id': '99-2', 'trip_id': '2-1-9', 'agency_name': 'Unknown'}]}"
186,67,12570,inter,right,671,[178; 187; 196],[67],500,375,0,0,12945,13005.0,16350.0,16410.0,3345.0,4.0,178,67,,,pt,3840.0,16410.0,3840.0,"{'duration': 3345, 'source_transfer_time': 0, 'waiting_time': 345, 'trip_time': 3000, 'num_transfers': 4, 'departure_time': 13005, 'departure_day': 'current_day', 'arrival_time': 16350, 'arrival_day': 'current_day', 'steps': [{'duration': 210, 'departure_time': 13350, 'arrival_time': 13560, 'day': 'current_day', 'from_stop_id': '178-1', 'to_stop_id': 'MH-R-1', 'trip_id': '3-0-17', 'agency_name': 'Unknown'}, {'duration': 30, 'departure_time': 13560, 'arrival_time': 13590, 'day': 'current_day', 'from_stop_id': 'MH-R-1', 'to_stop_id': 'MH-R-0', 'trip_id': 'walking', 'agency_name': 'Unknown'}, {'duration': 1500, 'departure_time': 14400, 'arrival_time': 15900, 'day': 'current_day', 'from_stop_id': 'MH-R-0', 'to_stop_id': 'MH-L-0', 'trip_id': '0-1-6', 'agency_name': 'Unknown'}, {'duration': 30, 'departure_time': 15900, 'arrival_time': 15930, 'day': 'current_day', 'from_stop_id': 'MH-L-0', 'to_stop_id': 'MH-L-4', 'trip_id': 'walking', 'agency_name': 'Unknown'}, {'duration': 210, 'departure_time': 16140, 'arrival_time': 16350, 'day': 'current_day', 'from_stop_id': 'MH-L-4', 'to_stop_id': '67-4', 'trip_id': '7-0-21', 'agency_name': 'Unknown'}]}"
235,32,10830,inter,right,672,[224; 236],[10; 20; 30],500,375,1000,751,11205,11265.0,15030.0,15090.0,3765.0,4.0,224,30,,,pt,5011.0,15841.0,5011.0,"{'duration': 3765, 'source_transfer_time': 0, 'waiting_time': 165, 'trip_time': 3600, 'num_transfers': 4, 'departure_time': 11265, 'departure_day': 'current_day', 'arrival_time': 15030, 'arrival_day': 'current_day', 'steps': [{'duration': 930, 'departure_time': 11430, 'arrival_time': 12360, 'day': 'current_day', 'from_stop_id': '224-4', 'to_stop_id': 'MH-R-4', 'trip_id': '9-1-15', 'agency_name': 'Unknown'}, {'duration': 30, 'departure_time': 12360, 'arrival_time': 12390, 'day': 'current_day', 'from_stop_id': 'MH-R-4', 'to_stop_id': 'MH-R-0', 'trip_id': 'walking', 'agency_name': 'Unknown'}, {'duration': 1500, 'departure_time': 12600, 'arrival_time': 14100, 'day': 'current_day', 'from_stop_id': 'MH-R-0', 'to_stop_id': 'MH-L-0', 'trip_id': '0-1-5', 'agency_name': 'Unknown'}, {'duration': 30, 'departure_time': 14100, 'arrival_time': 14130, 'day': 'current_day', 'from_stop_id': 'MH-L-0', 'to_stop_id': 'MH-L-5', 'trip_id': 'walking', 'agency_name': 'Unknown'}, {'duration': 690, 'departure_time': 14340, 'arrival_time': 15030, 'day': 'current_day', 'from_stop_id': 'MH-L-5', 'to_stop_id': '30-5', 'trip_id': '8-1-18', 'agency_name': 'Unknown'}]}"
137,40,14220,inter,right,673,[137],[40],0,0,0,0,14220,14280.0,18390.0,18450.0,4110.0,4.0,137,40,,,pt,4230.0,18450.0,4230.0,"{'duration': 4110, 'source_transfer_time': 0, 'waiting_time': 30, 'trip_time': 4080, 'num_transfers': 4, 'departure_time': 14280, 'departure_day': 'current_day', 'arrival_time': 18390, 'arrival_day': 'current_day', 'steps': [{'duration': 450, 'departure_time': 14310, 'arrival_time': 14760, 'day': 'current_day', 'from_stop_id': '137-2', 'to_stop_id': 'MH-R-2', 'trip_id': '4-1-19', 'agency_name': 'Unknown'}, {'duration': 30, 'departure_time': 14760, 'arrival_time': 14790, 'day': 'current_day', 'from_stop_id': 'MH-R-2', 'to_stop_id': 'MH-R-0', 'trip_id': 'walking', 'agency_name': 'Unknown'}, {'duration': 1500, 'departure_time': 16200, 'arrival_time': 17700, 'day': 'current_day', 'from_stop_id': 'MH-R-0', 'to_stop_id': 'MH-L-0', 'trip_id': '0-1-7', 'agency_name': 'Unknown'}, {'duration': 30, 'departure_time': 17700, 'arrival_time': 17730, 'day': 'current_day', 'from_stop_id': 'MH-L-0', 'to_stop_id': 'MH-L-5', 'trip_id': 'walking', 'agency_name': 'Unknown'}, {'duration': 450, 'departure_time': 17940, 'arrival_time': 18390, 'day': 'current_day', 'from_stop_id': 'MH-L-5', 'to_stop_id': '40-5', 'trip_id': '8-1-24', 'agency_name': 'Unknown'}]}"
129,14,8250,inter,right,674,[130; 140],[12; 16; 24; 36],500,375,1000,751,8625,8685.0,12990.0,13050.0,4305.0,4.0,130,16,,,pt,5551.0,13801.0,5551.0,"{'duration': 4305, 'source_transfer_time': 0, 'waiting_time': 225, 'trip_time': 4080, 'num_transfers': 4, 'departure_time': 8685, 'departure_day': 'current_day', 'arrival_time': 12990, 'arrival_day': 'current_day', 'steps': [{'duration': 1050, 'departure_time': 8910, 'arrival_time': 9960, 'day': 'current_day', 'from_stop_id': '130-5', 'to_stop_id': 'MH-R-5', 'trip_id': '10-0-11', 'agency_name': 'Unknown'}, {'duration': 30, 'departure_time': 9960, 'arrival_time': 9990, 'day': 'current_day', 'from_stop_id': 'MH-R-5', 'to_stop_id': 'MH-R-0', 'trip_id': 'walking', 'agency_name': 'Unknown'}, {'duration': 1500, 'departure_time': 10800, 'arrival_time': 12300, 'day': 'current_day', 'from_stop_id': 'MH-R-0', 'to_stop_id': 'MH-L-0', 'trip_id': '0-1-4', 'agency_name': 'Unknown'}, {'duration': 30, 'departure_time': 12300, 'arrival_time': 12330, 'day': 'current_day', 'from_stop_id': 'MH-L-0', 'to_stop_id': 'MH-L-2', 'trip_id': 'walking', 'agency_name': 'Unknown'}, {'duration': 450, 'departure_time': 12540, 'arrival_time': 12990, 'day': 'current_day', 'from_stop_id': 'MH-L-2', 'to_stop_id': '16-2', 'trip_id': '2-0-15', 'agency_name': 'Unknown'}]}"
134,8,10890,inter,right,675,[133; 145],[9; 19],500,375,500,375,11265,11325.0,15150.0,15210.0,3825.0,4.0,133,19,,,pt,4695.0,15585.0,4695.0,"{'duration': 3825, 'source_transfer_time': 0, 'waiting_time': 105, 'trip_time': 3720, 'num_transfers': 4, 'departure_time': 11325, 'departure_day': 'current_day', 'arrival_time': 15150, 'arrival_day': 'current_day', 'steps': [{'duration': 930, 'departure_time': 11430, 'arrival_time': 12360, 'day': 'current_day', 'from_stop_id': '133-4', 'to_stop_id': 'MH-R-4', 'trip_id': '9-0-15', 'agency_name': 'Unknown'}, {'duration': 30, 'departure_time': 12360, 'arrival_time': 12390, 'day': 'current_day', 'from_stop_id': 'MH-R-4', 'to_stop_id': 'MH-R-0', 'trip_id': 'walking', 'agency_name': 'Unknown'}, {'duration': 1500, 'departure_time': 12600, 'arrival_time': 14100, 'day': 'current_day', 'from_stop_id': 'MH-R-0', 'to_stop_id': 'MH-L-0', 'trip_id': '0-1-5', 'agency_name': 'Unknown'}, {'duration': 30, 'departure_time': 14100, 'arrival_time': 14130, 'day': 'current_day', 'from_stop_id': 'MH-L-0', 'to_stop_id': 'MH-L-5', 'trip_id': 'walking', 'agency_name': 'Unknown'}, {'duration': 810, 'departure_time': 14340, 'arrival_time': 15150, 'day': 'current_day', 'from_stop_id': 'MH-L-5', 'to_stop_id': '19-5', 'trip_id': '8-1-18', 'agency_name': 'Unknown'}]}"
233,61,9300,inter,right,676,[231],[61],1000,751,0,0,10051,10111.0,14910.0,14970.0,4799.0,4.0,231,61,,,pt,5670.0,14970.0,5670.0,"{'duration': 4799, 'source_transfer_time': 0, 'waiting_time': 479, 'trip_time': 4320, 'num_transfers': 4, 'departure_time': 10111, 'departure_day': 'current_day', 'arrival_time': 14910, 'arrival_day': 'current_day', 'steps': [{'duration': 570, 'departure_time': 10590, 'arrival_time': 11160, 'day': 'current_day', 'from_stop_id': '231-2', 'to_stop_id': 'MH-R-2', 'trip_id': '4-0-13', 'agency_name': 'Unknown'}, {'duration': 30, 'departure_time': 11160, 'arrival_time': 11190, 'day': 'current_day', 'from_stop_id': 'MH-R-2', 'to_stop_id': 'MH-R-0', 'trip_id': 'walking', 'agency_name': 'Unknown'}, {'duration': 1500, 'departure_time': 12600, 'arrival_time': 14100, 'day': 'current_day', 'from_stop_id': 'MH-R-0', 'to_stop_id': 'MH-L-0', 'trip_id': '0-1-5', 'agency_name': 'Unknown'}, {'duration': 30, 'departure_time': 14100, 'arrival_time': 14130, 'day': 'current_day', 'from_stop_id': 'MH-L-0', 'to_stop_id': 'MH-L-1', 'trip_id': 'walking', 'agency_name': 'Unknown'}, {'duration': 570, 'departure_time': 14340, 'arrival_time': 14910, 'day': 'current_day', 'from_stop_id': 'MH-L-1', 'to_stop_id': '61-1', 'trip_id': '1-0-18', 'agency_name': 'Unknown'}]}"
166,32,10260,inter,right,677,[176],[10; 20; 30],500,375,1000,751,10635,10695.0,15030.0,15090.0,4335.0,4.0,176,30,,,pt,5581.0,15841.0,5581.0,"{'duration': 4335, 'source_transfer_time': 0, 'waiting_time': 15, 'trip_time': 4320, 'num_transfers': 4, 'departure_time': 10695, 'departure_day': 'current_day', 'arrival_time': 15030, 'arrival_day': 'current_day', 'steps': [{'duration': 450, 'departure_time': 10710, 'arrival_time': 11160, 'day': 'current_day', 'from_stop_id': '176-1', 'to_stop_id': 'MH-R-1', 'trip_id': '3-0-13', 'agency_name': 'Unknown'}, {'duration': 30, 'departure_time': 11160, 'arrival_time': 11190, 'day': 'current_day', 'from_stop_id': 'MH-R-1', 'to_stop_id': 'MH-R-0', 'trip_id': 'walking', 'agency_name': 'Unknown'}, {'duration': 1500, 'departure_time': 12600, 'arrival_time': 14100, 'day': 'current_day', 'from_stop_id': 'MH-R-0', 'to_stop_id': 'MH-L-0', 'trip_id': '0-1-5', 'agency_name': 'Unknown'}, {'duration': 30, 'departure_time': 14100, 'arrival_time': 14130, 'day': 'current_day', 'from_stop_id': 'MH-L-0', 'to_stop_id': 'MH-L-5', 'trip_id': 'walking', 'agency_name': 'Unknown'}, {'duration': 690, 'departure_time': 14340, 'arrival_time': 15030, 'day': 'current_day', 'from_stop_id': 'MH-L-5', 'to_stop_id': '30-5', 'trip_id': '8-1-18', 'agency_name': 'Unknown'}]}"
165,37,4350,inter,right,678,[175],[36; 38; 48],500,375,500,375,4725,4785.0,9150.0,9210.0,4365.0,4.0,175,38,,,pt,5235.0,9585.0,5235.0,"{'duration': 4365, 'source_transfer_time': 0, 'waiting_time': 405, 'trip_time': 3960, 'num_transfers': 4, 'departure_time': 4785, 'departure_day': 'current_day', 'arrival_time': 9150, 'arrival_day': 'current_day', 'steps': [{'duration': 570, 'departure_time': 5190, 'arrival_time': 5760, 'day': 'current_day', 'from_stop_id': '175-1', 'to_stop_id': 'MH-R-1', 'trip_id': '3-0-4', 'agency_name': 'Unknown'}, {'duration': 30, 'departure_time': 5760, 'arrival_time': 5790, 'day': 'current_day', 'from_stop_id': 'MH-R-1', 'to_stop_id': 'MH-R-0', 'trip_id': 'walking', 'agency_name': 'Unknown'}, {'duration': 1500, 'departure_time': 7200, 'arrival_time': 8700, 'day': 'current_day', 'from_stop_id': 'MH-R-0', 'to_stop_id': 'MH-L-0', 'trip_id': '0-1-2', 'agency_name': 'Unknown'}, {'duration': 30, 'departure_time': 8700, 'arrival_time': 8730, 'day': 'current_day', 'from_stop_id': 'MH-L-0', 'to_stop_id': 'MH-L-2', 'trip_id': 'walking', 'agency_name': 'Unknown'}, {'duration': 210, 'departure_time': 8940, 'arrival_time': 9150, 'day': 'current_day', 'from_stop_id': 'MH-L-2', 'to_stop_id': '38-2', 'trip_id': '2-0-9', 'agency_name': 'Unknown'}]}"
199,12,10410,inter,right,679,[188; 198; 200],[12],500,375,0,0,10785,10845.0,15270.0,15330.0,4425.0,4.0,188,12,,,pt,4920.0,15330.0,4920.0,"{'duration': 4425, 'source_transfer_time': 0, 'waiting_time': 105, 'trip_time': 4320, 'num_transfers': 4, 'departure_time': 10845, 'departure_day': 'current_day', 'arrival_time': 15270, 'arrival_day': 'current_day', 'steps': [{'duration': 210, 'departure_time': 10950, 'arrival_time': 11160, 'day': 'current_day', 'from_stop_id': '188-4', 'to_stop_id': 'MH-R-4', 'trip_id': '9-1-13', 'agency_name': 'Unknown'}, {'duration': 30, 'departure_time': 11160, 'arrival_time': 11190, 'day': 'current_day', 'from_stop_id': 'MH-R-4', 'to_stop_id': 'MH-R-0', 'trip_id': 'walking', 'agency_name': 'Unknown'}, {'duration': 1500, 'departure_time': 12600, 'arrival_time': 14100, 'day': 'current_day', 'from_stop_id': 'MH-R-0', 'to_stop_id': 'MH-L-0', 'trip_id': '0-1-5', 'agency_name': 'Unknown'}, {'duration': 30, 'departure_time': 14100, 'arrival_time': 14130, 'day': 'current_day', 'from_stop_id': 'MH-L-0', 'to_stop_id': 'MH-L-4', 'trip_id': 'walking', 'agency_name': 'Unknown'}, {'duration': 930, 'departure_time': 14340, 'arrival_time': 15270, 'day': 'current_day', 'from_stop_id': 'MH-L-4', 'to_stop_id': '12-4', 'trip_id': '7-1-18', 'agency_name': 'Unknown'}]}"
142,30,5310,inter,right,680,[131; 141],[30],500,375,0,0,5685,5745.0,9630.0,9690.0,3885.0,4.0,131,30,,,pt,4380.0,9690.0,4380.0,"{'duration': 3885, 'source_transfer_time': 0, 'waiting_time': 45, 'trip_time': 3840, 'num_transfers': 4, 'departure_time': 5745, 'departure_day': 'current_day', 'arrival_time': 9630, 'arrival_day': 'current_day', 'steps': [{'duration': 1170, 'departure_time': 5790, 'arrival_time': 6960, 'day': 'current_day', 'from_stop_id': '131-5', 'to_stop_id': 'MH-R-5', 'trip_id': '10-0-6', 'agency_name': 'Unknown'}, {'duration': 30, 'departure_time': 6960, 'arrival_time': 6990, 'day': 'current_day', 'from_stop_id': 'MH-R-5', 'to_stop_id': 'MH-R-0', 'trip_id': 'walking', 'agency_name': 'Unknown'}, {'duration': 1500, 'departure_time': 7200, 'arrival_time': 8700, 'day': 'current_day', 'from_stop_id': 'MH-R-0', 'to_stop_id': 'MH-L-0', 'trip_id': '0-1-2', 'agency_name': 'Unknown'}, {'duration': 30, 'departure_time': 8700, 'arrival_time': 8730, 'day': 'current_day', 'from_stop_id': 'MH-L-0', 'to_stop_id': 'MH-L-5', 'trip_id': 'walking', 'agency_name': 'Unknown'}, {'duration': 690, 'departure_time': 8940, 'arrival_time': 9630, 'day': 'current_day', 'from_stop_id': 'MH-L-5', 'to_stop_id': '30-5', 'trip_id': '8-1-9', 'agency_name': 'Unknown'}]}"
140,40,4740,inter,right,681,[140],[40],0,0,0,0,4740,4800.0,9390.0,9450.0,4590.0,4.0,140,40,,,pt,4710.0,9450.0,4710.0,"{'duration': 4590, 'source_transfer_time': 0, 'waiting_time': 150, 'trip_time': 4440, 'num_transfers': 4, 'departure_time': 4800, 'departure_day': 'current_day', 'arrival_time': 9390, 'arrival_day': 'current_day', 'steps': [{'duration': 810, 'departure_time': 4950, 'arrival_time': 5760, 'day': 'current_day', 'from_stop_id': '140-5', 'to_stop_id': 'MH-R-5', 'trip_id': '10-0-4', 'agency_name': 'Unknown'}, {'duration': 30, 'departure_time': 5760, 'arrival_time': 5790, 'day': 'current_day', 'from_stop_id': 'MH-R-5', 'to_stop_id': 'MH-R-0', 'trip_id': 'walking', 'agency_name': 'Unknown'}, {'duration': 1500, 'departure_time': 7200, 'arrival_time': 8700, 'day': 'current_day', 'from_stop_id': 'MH-R-0', 'to_stop_id': 'MH-L-0', 'trip_id': '0-1-2', 'agency_name': 'Unknown'}, {'duration': 30, 'departure_time': 8700, 'arrival_time': 8730, 'day': 'current_day', 'from_stop_id': 'MH-L-0', 'to_stop_id': 'MH-L-5', 'trip_id': 'walking', 'agency_name': 'Unknown'}, {'duration': 450, 'departure_time': 8940, 'arrival_time': 9390, 'day': 'current_day', 'from_stop_id': 'MH-L-5', 'to_stop_id': '40-5', 'trip_id': '8-1-9', 'agency_name': 'Unknown'}]}"
203,50,11760,inter,right,682,[182; 201; 213; 225],[40; 49; 58],1000,751,500,375,12511,12571.0,16350.0,16410.0,3779.0,4.0,182,49,,,pt,5025.0,16785.0,5025.0,"{'duration': 3779, 'source_transfer_time': 0, 'waiting_time': 419, 'trip_time': 3360, 'num_transfers': 4, 'departure_time': 12571, 'departure_day': 'current_day', 'arrival_time': 16350, 'arrival_day': 'current_day', 'steps': [{'duration': 570, 'departure_time': 12990, 'arrival_time': 13560, 'day': 'current_day', 'from_stop_id': '182-1', 'to_stop_id': 'MH-R-1', 'trip_id': '3-1-17', 'agency_name': 'Unknown'}, {'duration': 30, 'departure_time': 13560, 'arrival_time': 13590, 'day': 'current_day', 'from_stop_id': 'MH-R-1', 'to_stop_id': 'MH-R-0', 'trip_id': 'walking', 'agency_name': 'Unknown'}, {'duration': 1500, 'departure_time': 14400, 'arrival_time': 15900, 'day': 'current_day', 'from_stop_id': 'MH-R-0', 'to_stop_id': 'MH-L-0', 'trip_id': '0-1-6', 'agency_name': 'Unknown'}, {'duration': 30, 'departure_time': 15900, 'arrival_time': 15930, 'day': 'current_day', 'from_stop_id': 'MH-L-0', 'to_stop_id': 'MH-L-5', 'trip_id': 'walking', 'agency_name': 'Unknown'}, {'duration': 210, 'departure_time': 16140, 'arrival_time': 16350, 'day': 'current_day', 'from_stop_id': 'MH-L-5', 'to_stop_id': '49-5', 'trip_id': '8-1-21', 'agency_name': 'Unknown'}]}"
186,13,10170,inter,right,683,[178; 187; 196],[12; 24],500,375,500,375,10545,10605.0,15030.0,15090.0,4425.0,4.0,178,24,,,pt,5295.0,15465.0,5295.0,"{'duration': 4425, 'source_transfer_time': 0, 'waiting_time': 345, 'trip_time': 4080, 'num_transfers': 4, 'departure_time': 10605, 'departure_day': 'current_day', 'arrival_time': 15030, 'arrival_day': 'current_day', 'steps': [{'duration': 210, 'departure_time': 10950, 'arrival_time': 11160, 'day': 'current_day', 'from_stop_id': '178-1', 'to_stop_id': 'MH-R-1', 'trip_id': '3-0-13', 'agency_name': 'Unknown'}, {'duration': 30, 'departure_time': 11160, 'arrival_time': 11190, 'day': 'current_day', 'from_stop_id': 'MH-R-1', 'to_stop_id': 'MH-R-0', 'trip_id': 'walking', 'agency_name': 'Unknown'}, {'duration': 1500, 'departure_time': 12600, 'arrival_time': 14100, 'day': 'current_day', 'from_stop_id': 'MH-R-0', 'to_stop_id': 'MH-L-0', 'trip_id': '0-1-5', 'agency_name': 'Unknown'}, {'duration': 30, 'departure_time': 14100, 'arrival_time': 14130, 'day': 'current_day', 'from_stop_id': 'MH-L-0', 'to_stop_id': 'MH-L-4', 'trip_id': 'walking', 'agency_name': 'Unknown'}, {'duration': 690, 'departure_time': 14340, 'arrival_time': 15030, 'day': 'current_day', 'from_stop_id': 'MH-L-4', 'to_stop_id': '24-4', 'trip_id': '7-1-18', 'agency_name': 'Unknown'}]}"
221,36,4920,inter,right,684,[220],[36],500,375,0,0,5295,5355.0,9390.0,9450.0,4035.0,4.0,220,36,,,pt,4530.0,9450.0,4530.0,"{'duration': 4035, 'source_transfer_time': 0, 'waiting_time': 555, 'trip_time': 3480, 'num_transfers': 4, 'departure_time': 5355, 'departure_day': 'current_day', 'arrival_time': 9390, 'arrival_day': 'current_day', 'steps': [{'duration': 450, 'departure_time': 5910, 'arrival_time': 6360, 'day': 'current_day', 'from_stop_id': '220-2', 'to_stop_id': 'MH-R-2', 'trip_id': '4-0-5', 'agency_name': 'Unknown'}, {'duration': 30, 'departure_time': 6360, 'arrival_time': 6390, 'day': 'current_day', 'from_stop_id': 'MH-R-2', 'to_stop_id': 'MH-R-0', 'trip_id': 'walking', 'agency_name': 'Unknown'}, {'duration': 1500, 'departure_time': 7200, 'arrival_time': 8700, 'day': 'current_day', 'from_stop_id': 'MH-R-0', 'to_stop_id': 'MH-L-0', 'trip_id': '0-1-2', 'agency_name': 'Unknown'}, {'duration': 30, 'departure_time': 8700, 'arrival_time': 8730, 'day': 'current_day', 'from_stop_id': 'MH-L-0', 'to_stop_id': 'MH-L-4', 'trip_id': 'walking', 'agency_name': 'Unknown'}, {'duration': 450, 'departure_time': 8940, 'arrival_time': 9390, 'day': 'current_day', 'from_stop_id': 'MH-L-4', 'to_stop_id': '36-4', 'trip_id': '7-1-9', 'agency_name': 'Unknown'}]}"
230,115,10200,inter,right,685,[231],[115],500,375,0,0,10575,10635.0,15510.0,15570.0,4875.0,4.0,231,115,,,pt,5370.0,15570.0,5370.0,"{'duration': 4875, 'source_transfer_time': 0, 'waiting_time': 555, 'trip_time': 4320, 'num_transfers': 4, 'departure_time': 10635, 'departure_day': 'current_day', 'arrival_time': 15510, 'arrival_day': 'current_day', 'steps': [{'duration': 570, 'departure_time': 11190, 'arrival_time': 11760, 'day': 'current_day', 'from_stop_id': '231-2', 'to_stop_id': 'MH-R-2', 'trip_id': '4-0-14', 'agency_name': 'Unknown'}, {'duration': 30, 'departure_time': 11760, 'arrival_time': 11790, 'day': 'current_day', 'from_stop_id': 'MH-R-2', 'to_stop_id': 'MH-R-0', 'trip_id': 'walking', 'agency_name': 'Unknown'}, {'duration': 1500, 'departure_time': 12600, 'arrival_time': 14100, 'day': 'current_day', 'from_stop_id': 'MH-R-0', 'to_stop_id': 'MH-L-0', 'trip_id': '0-1-5', 'agency_name': 'Unknown'}, {'duration': 30, 'departure_time': 14100, 'arrival_time': 14130, 'day': 'current_day', 'from_stop_id': 'MH-L-0', 'to_stop_id': 'MH-L-4', 'trip_id': 'walking', 'agency_name': 'Unknown'}, {'duration': 1170, 'departure_time': 14340, 'arrival_time': 15510, 'day': 'current_day', 'from_stop_id': 'MH-L-4', 'to_stop_id': '115-4', 'trip_id': '7-0-18', 'agency_name': 'Unknown'}]}"
145,109,5490,inter,right,686,[145],[110],0,0,500,375,5490,5550.0,9510.0,9570.0,3960.0,4.0,145,110,,,pt,4455.0,9945.0,4455.0,"{'duration': 3960, 'source_transfer_time': 0, 'waiting_time': 120, 'trip_time': 3840, 'num_transfers': 4, 'departure_time': 5550, 'departure_day': 'current_day', 'arrival_time': 9510, 'arrival_day': 'current_day', 'steps': [{'duration': 690, 'departure_time': 5670, 'arrival_time': 6360, 'day': 'current_day', 'from_stop_id': '145-4', 'to_stop_id': 'MH-R-4', 'trip_id': '9-0-5', 'agency_name': 'Unknown'}, {'duration': 30, 'departure_time': 6360, 'arrival_time': 6390, 'day': 'current_day', 'from_stop_id': 'MH-R-4', 'to_stop_id': 'MH-R-0', 'trip_id': 'walking', 'agency_name': 'Unknown'}, {'duration': 1500, 'departure_time': 7200, 'arrival_time': 8700, 'day': 'current_day', 'from_stop_id': 'MH-R-0', 'to_stop_id': 'MH-L-0', 'trip_id': '0-1-2', 'agency_name': 'Unknown'}, {'duration': 30, 'departure_time': 8700, 'arrival_time': 8730, 'day': 'current_day', 'from_stop_id': 'MH-L-0', 'to_stop_id': 'MH-L-2', 'trip_id': 'walking', 'agency_name': 'Unknown'}, {'duration': 570, 'departure_time': 8940, 'arrival_time': 9510, 'day': 'current_day', 'from_stop_id': 'MH-L-2', 'to_stop_id': '110-2', 'trip_id': '2-1-9', 'agency_name': 'Unknown'}]}"
165,108,8820,inter,right,687,[175],[86; 96; 106; 110],500,375,1000,751,9195,9255.0,13110.0,13170.0,3855.0,4.0,175,86,,,pt,5101.0,13921.0,5101.0,"{'duration': 3855, 'source_transfer_time': 0, 'waiting_time': 135, 'trip_time': 3720, 'num_transfers': 4, 'departure_time': 9255, 'departure_day': 'current_day', 'arrival_time': 13110, 'arrival_day': 'current_day', 'steps': [{'duration': 570, 'departure_time': 9390, 'arrival_time': 9960, 'day': 'current_day', 'from_stop_id': '175-1', 'to_stop_id': 'MH-R-1', 'trip_id': '3-0-11', 'agency_name': 'Unknown'}, {'duration': 30, 'departure_time': 9960, 'arrival_time': 9990, 'day': 'current_day', 'from_stop_id': 'MH-R-1', 'to_stop_id': 'MH-R-0', 'trip_id': 'walking', 'agency_name': 'Unknown'}, {'duration': 1500, 'departure_time': 10800, 'arrival_time': 12300, 'day': 'current_day', 'from_stop_id': 'MH-R-0', 'to_stop_id': 'MH-L-0', 'trip_id': '0-1-4', 'agency_name': 'Unknown'}, {'duration': 30, 'departure_time': 12300, 'arrival_time': 12330, 'day': 'current_day', 'from_stop_id': 'MH-L-0', 'to_stop_id': 'MH-L-5', 'trip_id': 'walking', 'agency_name': 'Unknown'}, {'duration': 570, 'departure_time': 12540, 'arrival_time': 13110, 'day': 'current_day', 'from_stop_id': 'MH-L-5', 'to_stop_id': '86-5', 'trip_id': '8-0-15', 'agency_name': 'Unknown'}]}"
199,96,9450,inter,right,688,[188; 198; 200],[96],500,375,0,0,9825,9885.0,13350.0,13410.0,3465.0,4.0,188,96,,,pt,3960.0,13410.0,3960.0,"{'duration': 3465, 'source_transfer_time': 0, 'waiting_time': 465, 'trip_time': 3000, 'num_transfers': 4, 'departure_time': 9885, 'departure_day': 'current_day', 'arrival_time': 13350, 'arrival_day': 'current_day', 'steps': [{'duration': 210, 'departure_time': 10350, 'arrival_time': 10560, 'day': 'current_day', 'from_stop_id': '188-4', 'to_stop_id': 'MH-R-4', 'trip_id': '9-1-12', 'agency_name': 'Unknown'}, {'duration': 30, 'departure_time': 10560, 'arrival_time': 10590, 'day': 'current_day', 'from_stop_id': 'MH-R-4', 'to_stop_id': 'MH-R-0', 'trip_id': 'walking', 'agency_name': 'Unknown'}, {'duration': 1500, 'departure_time': 10800, 'arrival_time': 12300, 'day': 'current_day', 'from_stop_id': 'MH-R-0', 'to_stop_id': 'MH-L-0', 'trip_id': '0-1-4', 'agency_name': 'Unknown'}, {'duration': 30, 'departure_time': 12300, 'arrival_time': 12330, 'day': 'current_day', 'from_stop_id': 'MH-L-0', 'to_stop_id': 'MH-L-5', 'trip_id': 'walking', 'agency_name': 'Unknown'}, {'duration': 810, 'departure_time': 12540, 'arrival_time': 13350, 'day': 'current_day', 'from_stop_id': 'MH-L-5', 'to_stop_id': '96-5', 'trip_id': '8-0-15', 'agency_name': 'Unknown'}]}"
173,70,9300,inter,right,689,[181],[60],500,375,500,375,9675,9735.0,12990.0,13050.0,3255.0,4.0,181,60,,,pt,4125.0,13425.0,4125.0,"{'duration': 3255, 'source_transfer_time': 0, 'waiting_time': 375, 'trip_time': 2880, 'num_transfers': 4, 'departure_time': 9735, 'departure_day': 'current_day', 'arrival_time': 12990, 'arrival_day': 'current_day', 'steps': [{'duration': 450, 'departure_time': 10110, 'arrival_time': 10560, 'day': 'current_day', 'from_stop_id': '181-1', 'to_stop_id': 'MH-R-1', 'trip_id': '3-1-12', 'agency_name': 'Unknown'}, {'duration': 30, 'departure_time': 10560, 'arrival_time': 10590, 'day': 'current_day', 'from_stop_id': 'MH-R-1', 'to_stop_id': 'MH-R-0', 'trip_id': 'walking', 'agency_name': 'Unknown'}, {'duration': 1500, 'departure_time': 10800, 'arrival_time': 12300, 'day': 'current_day', 'from_stop_id': 'MH-R-0', 'to_stop_id': 'MH-L-0', 'trip_id': '0-1-4', 'agency_name': 'Unknown'}, {'duration': 30, 'departure_time': 12300, 'arrival_time': 12330, 'day': 'current_day', 'from_stop_id': 'MH-L-0', 'to_stop_id': 'MH-L-1', 'trip_id': 'walking', 'agency_name': 'Unknown'}, {'duration': 450, 'departure_time': 12540, 'arrival_time': 12990, 'day': 'current_day', 'from_stop_id': 'MH-L-1', 'to_stop_id': '60-1', 'trip_id': '1-0-15', 'agency_name': 'Unknown'}]}"
131,77,10020,inter,right,690,[131],[77],0,0,0,0,10020,10080.0,14550.0,14610.0,4470.0,4.0,131,77,,,pt,4590.0,14610.0,4590.0,"{'duration': 4470, 'source_transfer_time': 0, 'waiting_time': 510, 'trip_time': 3960, 'num_transfers': 4, 'departure_time': 10080, 'departure_day': 'current_day', 'arrival_time': 14550, 'arrival_day': 'current_day', 'steps': [{'duration': 1170, 'departure_time': 10590, 'arrival_time': 11760, 'day': 'current_day', 'from_stop_id': '131-5', 'to_stop_id': 'MH-R-5', 'trip_id': '10-0-14', 'agency_name': 'Unknown'}, {'duration': 30, 'departure_time': 11760, 'arrival_time': 11790, 'day': 'current_day', 'from_stop_id': 'MH-R-5', 'to_stop_id': 'MH-R-0', 'trip_id': 'walking', 'agency_name': 'Unknown'}, {'duration': 1500, 'departure_time': 12600, 'arrival_time': 14100, 'day': 'current_day', 'from_stop_id': 'MH-R-0', 'to_stop_id': 'MH-L-0', 'trip_id': '0-1-5', 'agency_name': 'Unknown'}, {'duration': 30, 'departure_time': 14100, 'arrival_time': 14130, 'day': 'current_day', 'from_stop_id': 'MH-L-0', 'to_stop_id': 'MH-L-2', 'trip_id': 'walking', 'agency_name': 'Unknown'}, {'duration': 210, 'departure_time': 14340, 'arrival_time': 14550, 'day': 'current_day', 'from_stop_id': 'MH-L-2', 'to_stop_id': '77-2', 'trip_id': '2-1-18', 'agency_name': 'Unknown'}]}"
204,38,9750,inter,right,691,[206; 216; 226],[38],1000,751,0,0,10501,10561.0,14550.0,14610.0,3989.0,4.0,206,38,,,pt,4860.0,14610.0,4860.0,"{'duration': 3989, 'source_transfer_time': 0, 'waiting_time': 509, 'trip_time': 3480, 'num_transfers': 4, 'departure_time': 10561, 'departure_day': 'current_day', 'arrival_time': 14550, 'arrival_day': 'current_day', 'steps': [{'duration': 690, 'departure_time': 11070, 'arrival_time': 11760, 'day': 'current_day', 'from_stop_id': '206-5', 'to_stop_id': 'MH-R-5', 'trip_id': '10-1-14', 'agency_name': 'Unknown'}, {'duration': 30, 'departure_time': 11760, 'arrival_time': 11790, 'day': 'current_day', 'from_stop_id': 'MH-R-5', 'to_stop_id': 'MH-R-0', 'trip_id': 'walking', 'agency_name': 'Unknown'}, {'duration': 1500, 'departure_time': 12600, 'arrival_time': 14100, 'day': 'current_day', 'from_stop_id': 'MH-R-0', 'to_stop_id': 'MH-L-0', 'trip_id': '0-1-5', 'agency_name': 'Unknown'}, {'duration': 30, 'departure_time': 14100, 'arrival_time': 14130, 'day': 'current_day', 'from_stop_id': 'MH-L-0', 'to_stop_id': 'MH-L-2', 'trip_id': 'walking', 'agency_name': 'Unknown'}, {'duration': 210, 'departure_time': 14340, 'arrival_time': 14550, 'day': 'current_day', 'from_stop_id': 'MH-L-2', 'to_stop_id': '38-2', 'trip_id': '2-0-18', 'agency_name': 'Unknown'}]}"
179,101,14220,inter,right,692,[179],[79; 91; 99; 103],0,0,1000,751,14220,14280.0,18390.0,18450.0,4110.0,4.0,179,79,,,pt,4981.0,19201.0,4981.0,"{'duration': 4110, 'source_transfer_time': 0, 'waiting_time': 270, 'trip_time': 3840, 'num_transfers': 4, 'departure_time': 14280, 'departure_day': 'current_day', 'arrival_time': 18390, 'arrival_day': 'current_day', 'steps': [{'duration': 210, 'departure_time': 14550, 'arrival_time': 14760, 'day': 'current_day', 'from_stop_id': '179-1', 'to_stop_id': 'MH-R-1', 'trip_id': '3-1-19', 'agency_name': 'Unknown'}, {'duration': 30, 'departure_time': 14760, 'arrival_time': 14790, 'day': 'current_day', 'from_stop_id': 'MH-R-1', 'to_stop_id': 'MH-R-0', 'trip_id': 'walking', 'agency_name': 'Unknown'}, {'duration': 1500, 'departure_time': 16200, 'arrival_time': 17700, 'day': 'current_day', 'from_stop_id': 'MH-R-0', 'to_stop_id': 'MH-L-0', 'trip_id': '0-1-7', 'agency_name': 'Unknown'}, {'duration': 30, 'departure_time': 17700, 'arrival_time': 17730, 'day': 'current_day', 'from_stop_id': 'MH-L-0', 'to_stop_id': 'MH-L-4', 'trip_id': 'walking', 'agency_name': 'Unknown'}, {'duration': 450, 'departure_time': 17940, 'arrival_time': 18390, 'day': 'current_day', 'from_stop_id': 'MH-L-4', 'to_stop_id': '79-4', 'trip_id': '7-0-24', 'agency_name': 'Unknown'}]}"
131,50,6600,inter,right,693,[131],[40; 49; 58],0,0,500,375,6600,6660.0,10950.0,11010.0,4290.0,4.0,131,49,,,pt,4785.0,11385.0,4785.0,"{'duration': 4290, 'source_transfer_time': 0, 'waiting_time': 330, 'trip_time': 3960, 'num_transfers': 4, 'departure_time': 6660, 'departure_day': 'current_day', 'arrival_time': 10950, 'arrival_day': 'current_day', 'steps': [{'duration': 1170, 'departure_time': 6990, 'arrival_time': 8160, 'day': 'current_day', 'from_stop_id': '131-5', 'to_stop_id': 'MH-R-5', 'trip_id': '10-0-8', 'agency_name': 'Unknown'}, {'duration': 30, 'departure_time': 8160, 'arrival_time': 8190, 'day': 'current_day', 'from_stop_id': 'MH-R-5', 'to_stop_id': 'MH-R-0', 'trip_id': 'walking', 'agency_name': 'Unknown'}, {'duration': 1500, 'departure_time': 9000, 'arrival_time': 10500, 'day': 'current_day', 'from_stop_id': 'MH-R-0', 'to_stop_id': 'MH-L-0', 'trip_id': '0-1-3', 'agency_name': 'Unknown'}, {'duration': 30, 'departure_time': 10500, 'arrival_time': 10530, 'day': 'current_day', 'from_stop_id': 'MH-L-0', 'to_stop_id': 'MH-L-5', 'trip_id': 'walking', 'agency_name': 'Unknown'}, {'duration': 210, 'departure_time': 10740, 'arrival_time': 10950, 'day': 'current_day', 'from_stop_id': 'MH-L-5', 'to_stop_id': '49-5', 'trip_id': '8-1-12', 'agency_name': 'Unknown'}]}"
132,46,8880,inter,right,694,[132],[35; 47; 56],0,0,500,375,8880,8940.0,12870.0,12930.0,3930.0,4.0,132,47,,,pt,4425.0,13305.0,4425.0,"{'duration': 3930, 'source_transfer_time': 0, 'waiting_time': 570, 'trip_time': 3360, 'num_transfers': 4, 'departure_time': 8940, 'departure_day': 'current_day', 'arrival_time': 12870, 'arrival_day': 'current_day', 'steps': [{'duration': 1050, 'departure_time': 9510, 'arrival_time': 10560, 'day': 'current_day', 'from_stop_id': '132-4', 'to_stop_id': 'MH-R-4', 'trip_id': '9-0-12', 'agency_name': 'Unknown'}, {'duration': 30, 'departure_time': 10560, 'arrival_time': 10590, 'day': 'current_day', 'from_stop_id': 'MH-R-4', 'to_stop_id': 'MH-R-0', 'trip_id': 'walking', 'agency_name': 'Unknown'}, {'duration': 1500, 'departure_time': 10800, 'arrival_time': 12300, 'day': 'current_day', 'from_stop_id': 'MH-R-0', 'to_stop_id': 'MH-L-0', 'trip_id': '0-1-4', 'agency_name': 'Unknown'}, {'duration': 30, 'departure_time': 12300, 'arrival_time': 12330, 'day': 'current_day', 'from_stop_id': 'MH-L-0', 'to_stop_id': 'MH-L-4', 'trip_id': 'walking', 'agency_name': 'Unknown'}, {'duration': 330, 'departure_time': 12540, 'arrival_time': 12870, 'day': 'current_day', 'from_stop_id': 'MH-L-4', 'to_stop_id': '47-4', 'trip_id': '7-1-15', 'agency_name': 'Unknown'}]}"
211,72,11700,inter,right,695,[200; 212],[54],500,375,1000,751,12075,12135.0,16710.0,16770.0,4575.0,4.0,200,54,,,pt,5821.0,17521.0,5821.0,"{'duration': 4575, 'source_transfer_time': 0, 'waiting_time': 375, 'trip_time': 4200, 'num_transfers': 4, 'departure_time': 12135, 'departure_day': 'current_day', 'arrival_time': 16710, 'arrival_day': 'current_day', 'steps': [{'duration': 450, 'departure_time': 12510, 'arrival_time': 12960, 'day': 'current_day', 'from_stop_id': '200-4', 'to_stop_id': 'MH-R-4', 'trip_id': '9-1-16', 'agency_name': 'Unknown'}, {'duration': 30, 'departure_time': 12960, 'arrival_time': 12990, 'day': 'current_day', 'from_stop_id': 'MH-R-4', 'to_stop_id': 'MH-R-0', 'trip_id': 'walking', 'agency_name': 'Unknown'}, {'duration': 1500, 'departure_time': 14400, 'arrival_time': 15900, 'day': 'current_day', 'from_stop_id': 'MH-R-0', 'to_stop_id': 'MH-L-0', 'trip_id': '0-1-6', 'agency_name': 'Unknown'}, {'duration': 30, 'departure_time': 15900, 'arrival_time': 15930, 'day': 'current_day', 'from_stop_id': 'MH-L-0', 'to_stop_id': 'MH-L-1', 'trip_id': 'walking', 'agency_name': 'Unknown'}, {'duration': 570, 'departure_time': 16140, 'arrival_time': 16710, 'day': 'current_day', 'from_stop_id': 'MH-L-1', 'to_stop_id': '54-1', 'trip_id': '1-1-21', 'agency_name': 'Unknown'}]}"
145,18,13050,inter,right,696,[145],[19; 29],0,0,500,375,13050,13110.0,16710.0,16770.0,3600.0,4.0,145,29,,,pt,4095.0,17145.0,4095.0,"{'duration': 3600, 'source_transfer_time': 0, 'waiting_time': 360, 'trip_time': 3240, 'num_transfers': 4, 'departure_time': 13110, 'departure_day': 'current_day', 'arrival_time': 16710, 'arrival_day': 'current_day', 'steps': [{'duration': 690, 'departure_time': 13470, 'arrival_time': 14160, 'day': 'current_day', 'from_stop_id': '145-4', 'to_stop_id': 'MH-R-4', 'trip_id': '9-0-18', 'agency_name': 'Unknown'}, {'duration': 30, 'departure_time': 14160, 'arrival_time': 14190, 'day': 'current_day', 'from_stop_id': 'MH-R-4', 'to_stop_id': 'MH-R-0', 'trip_id': 'walking', 'agency_name': 'Unknown'}, {'duration': 1500, 'departure_time': 14400, 'arrival_time': 15900, 'day': 'current_day', 'from_stop_id': 'MH-R-0', 'to_stop_id': 'MH-L-0', 'trip_id': '0-1-6', 'agency_name': 'Unknown'}, {'duration': 30, 'departure_time': 15900, 'arrival_time': 15930, 'day': 'current_day', 'from_stop_id': 'MH-L-0', 'to_stop_id': 'MH-L-5', 'trip_id': 'walking', 'agency_name': 'Unknown'}, {'duration': 570, 'departure_time': 16140, 'arrival_time': 16710, 'day': 'current_day', 'from_stop_id': 'MH-L-5', 'to_stop_id': '29-5', 'trip_id': '8-1-21', 'agency_name': 'Unknown'}]}"
130,25,12720,inter,right,697,[130],[24; 36],0,0,500,375,12720,12780.0,16590.0,16650.0,3810.0,4.0,130,36,,,pt,4305.0,17025.0,4305.0,"{'duration': 3810, 'source_transfer_time': 0, 'waiting_time': 330, 'trip_time': 3480, 'num_transfers': 4, 'departure_time': 12780, 'departure_day': 'current_day', 'arrival_time': 16590, 'arrival_day': 'current_day', 'steps': [{'duration': 1050, 'departure_time': 13110, 'arrival_time': 14160, 'day': 'current_day', 'from_stop_id': '130-5', 'to_stop_id': 'MH-R-5', 'trip_id': '10-0-18', 'agency_name': 'Unknown'}, {'duration': 30, 'departure_time': 14160, 'arrival_time': 14190, 'day': 'current_day', 'from_stop_id': 'MH-R-5', 'to_stop_id': 'MH-R-0', 'trip_id': 'walking', 'agency_name': 'Unknown'}, {'duration': 1500, 'departure_time': 14400, 'arrival_time': 15900, 'day': 'current_day', 'from_stop_id': 'MH-R-0', 'to_stop_id': 'MH-L-0', 'trip_id': '0-1-6', 'agency_name': 'Unknown'}, {'duration': 30, 'departure_time': 15900, 'arrival_time': 15930, 'day': 'current_day', 'from_stop_id': 'MH-L-0', 'to_stop_id': 'MH-L-4', 'trip_id': 'walking', 'agency_name': 'Unknown'}, {'duration': 450, 'departure_time': 16140, 'arrival_time': 16590, 'day': 'current_day', 'from_stop_id': 'MH-L-4', 'to_stop_id': '36-4', 'trip_id': '7-1-21', 'agency_name': 'Unknown'}]}"
157,81,10560,inter,right,698,[157],[80; 92],0,0,500,375,10560,10620.0,14910.0,14970.0,4290.0,4.0,157,80,,,pt,4785.0,15345.0,4785.0,"{'duration': 4290, 'source_transfer_time': 0, 'waiting_time': 90, 'trip_time': 4200, 'num_transfers': 4, 'departure_time': 10620, 'departure_day': 'current_day', 'arrival_time': 14910, 'arrival_day': 'current_day', 'steps': [{'duration': 450, 'departure_time': 10710, 'arrival_time': 11160, 'day': 'current_day', 'from_stop_id': '157-4', 'to_stop_id': 'MH-R-4', 'trip_id': '9-0-13', 'agency_name': 'Unknown'}, {'duration': 30, 'departure_time': 11160, 'arrival_time': 11190, 'day': 'current_day', 'from_stop_id': 'MH-R-4', 'to_stop_id': 'MH-R-0', 'trip_id': 'walking', 'agency_name': 'Unknown'}, {'duration': 1500, 'departure_time': 12600, 'arrival_time': 14100, 'day': 'current_day', 'from_stop_id': 'MH-R-0', 'to_stop_id': 'MH-L-0', 'trip_id': '0-1-5', 'agency_name': 'Unknown'}, {'duration': 30, 'departure_time': 14100, 'arrival_time': 14130, 'day': 'current_day', 'from_stop_id': 'MH-L-0', 'to_stop_id': 'MH-L-4', 'trip_id': 'walking', 'agency_name': 'Unknown'}, {'duration': 570, 'departure_time': 14340, 'arrival_time': 14910, 'day': 'current_day', 'from_stop_id': 'MH-L-4', 'to_stop_id': '80-4', 'trip_id': '7-0-18', 'agency_name': 'Unknown'}]}"
235,12,13680,inter,right,699,[224; 236],[12],500,375,0,0,14055,14115.0,18870.0,18930.0,4755.0,4.0,224,12,,,pt,5250.0,18930.0,5250.0,"{'duration': 4755, 'source_transfer_time': 0, 'waiting_time': 315, 'trip_time': 4440, 'num_transfers': 4, 'departure_time': 14115, 'departure_day': 'current_day', 'arrival_time': 18870, 'arrival_day': 'current_day', 'steps': [{'duration': 930, 'departure_time': 14430, 'arrival_time': 15360, 'day': 'current_day', 'from_stop_id': '224-4', 'to_stop_id': 'MH-R-4', 'trip_id': '9-1-20', 'agency_name': 'Unknown'}, {'duration': 30, 'departure_time': 15360, 'arrival_time': 15390, 'day': 'current_day', 'from_stop_id': 'MH-R-4', 'to_stop_id': 'MH-R-0', 'trip_id': 'walking', 'agency_name': 'Unknown'}, {'duration': 1500, 'departure_time': 16200, 'arrival_time': 17700, 'day': 'current_day', 'from_stop_id': 'MH-R-0', 'to_stop_id': 'MH-L-0', 'trip_id': '0-1-7', 'agency_name': 'Unknown'}, {'duration': 30, 'departure_time': 17700, 'arrival_time': 17730, 'day': 'current_day', 'from_stop_id': 'MH-L-0', 'to_stop_id': 'MH-L-4', 'trip_id': 'walking', 'agency_name': 'Unknown'}, {'duration': 930, 'departure_time': 17940, 'arrival_time': 18870, 'day': 'current_day', 'from_stop_id': 'MH-L-4', 'to_stop_id': '12-4', 'trip_id': '7-1-24', 'agency_name': 'Unknown'}]}"
