start,end,rq_time,rq_type,subnetwork,request_id,start_station_street_ids,end_station_street_ids,walk_start_to_station_street_distance,walk_start_to_station_street_tt,walk_station_to_end_street_distance,walk_station_to_end_street_tt,start_station_street_arrival_time,start_station_departure_time,end_station_arrival_time,end_station_street_arrival_time,pt_journey_duration,num_transfers,selected_start_station_id,selected_end_station_id,walking_time,walking_arrival_time,best_option,end_arrival_time,pt_total_journey_duration,pt_journey_plan,best_journey_duration
92,117,5280,intra,left,0,[92],[117],0,0,0,0,5280,5340.0,6270.0,6330.0,930.0,0.0,92,117,3007.0,8287.0,pt,6330.0,1050.0,"{'duration': 930, 'source_transfer_time': 0, 'waiting_time': 210, 'trip_time': 720, 'num_transfers': 0, 'departure_time': 5340, 'departure_day': 'current_day', 'arrival_time': 6270, 'arrival_day': 'current_day', 'steps': [{'duration': 720, 'departure_time': 5550, 'arrival_time': 6270, 'day': 'current_day', 'from_stop_id': '92-4', 'to_stop_id': '117-4', 'trip_id': '7-1-4', 'agency_name': 'Unknown'}]}",1050.0
22,65,4260,intra,left,1,[11; 23],[57; 66; 75],500,375,500,375,4635,4695.0,5700.0,5760.0,1005.0,2.0,11,57,2631.0,6891.0,pt,6135.0,1875.0,"{'duration': 1005, 'source_transfer_time': 0, 'waiting_time': 75, 'trip_time': 930, 'num_transfers': 2, 'departure_time': 4695, 'departure_day': 'current_day', 'arrival_time': 5700, 'arrival_day': 'current_day', 'steps': [{'duration': 720, 'departure_time': 4770, 'arrival_time': 5490, 'day': 'current_day', 'from_stop_id': '11-4', 'to_stop_id': '117-4', 'trip_id': '7-0-3', 'agency_name': 'Unknown'}, {'duration': 30, 'departure_time': 5490, 'arrival_time': 5520, 'day': 'current_day', 'from_stop_id': '117-4', 'to_stop_id': '117-1', 'trip_id': 'walking', 'agency_name': 'Unknown'}, {'duration': 90, 'departure_time': 5610, 'arrival_time': 5700, 'day': 'current_day', 'from_stop_id': '117-1', 'to_stop_id': '57-1', 'trip_id': '1-1-3', 'agency_name': 'Unknown'}]}",1875.0
40,113,11040,intra,left,2,[40],[91; 103; 115],0,0,1000,751,11040,11100.0,12720.0,12780.0,1620.0,2.0,40,91,3007.0,14047.0,pt,13531.0,2491.0,"{'duration': 1620, 'source_transfer_time': 0, 'waiting_time': 420, 'trip_time': 1200, 'num_transfers': 2, 'departure_time': 11100, 'departure_day': 'current_day', 'arrival_time': 12720, 'arrival_day': 'current_day', 'steps': [{'duration': 360, 'departure_time': 11520, 'arrival_time': 11880, 'day': 'current_day', 'from_stop_id': '40-5', 'to_stop_id': 'A-5', 'trip_id': '8-0-13', 'agency_name': 'Unknown'}, {'duration': 30, 'departure_time': 11880, 'arrival_time': 11910, 'day': 'current_day', 'from_stop_id': 'A-5', 'to_stop_id': 'A-4', 'trip_id': 'walking', 'agency_name': 'Unknown'}, {'duration': 540, 'departure_time': 12180, 'arrival_time': 12720, 'day': 'current_day', 'from_stop_id': 'A-4', 'to_stop_id': '91-4', 'trip_id': '7-0-14', 'agency_name': 'Unknown'}]}",2491.0
117,91,10230,intra,left,3,[117],[91],0,0,0,0,10230,10290.0,10920.0,10980.0,630.0,0.0,117,91,2631.0,12861.0,pt,10980.0,750.0,"{'duration': 630, 'source_transfer_time': 0, 'waiting_time': 0, 'trip_time': 630, 'num_transfers': 0, 'departure_time': 10290, 'departure_day': 'current_day', 'arrival_time': 10920, 'arrival_day': 'current_day', 'steps': [{'duration': 630, 'departure_time': 10290, 'arrival_time': 10920, 'day': 'current_day', 'from_stop_id': '117-4', 'to_stop_id': '91-4', 'trip_id': '7-0-11', 'agency_name': 'Unknown'}]}",750.0
92,0,10740,intra,left,4,[92],[0],0,0,0,0,10740,10800.0,12480.0,12540.0,1680.0,0.0,92,0,6390.0,17130.0,pt,12540.0,1800.0,"{'duration': 1680, 'source_transfer_time': 0, 'waiting_time': 150, 'trip_time': 1530, 'num_transfers': 0, 'departure_time': 10800, 'departure_day': 'current_day', 'arrival_time': 12480, 'arrival_day': 'current_day', 'steps': [{'duration': 1530, 'departure_time': 10950, 'arrival_time': 12480, 'day': 'current_day', 'from_stop_id': '92-4', 'to_stop_id': '0-4', 'trip_id': '7-1-13', 'agency_name': 'Unknown'}]}",1800.0
59,88,13140,intra,left,5,[59],[88],0,0,0,0,13140,13200.0,14490.0,14550.0,1290.0,2.0,59,88,2255.0,15395.0,pt,14550.0,1410.0,"{'duration': 1290, 'source_transfer_time': 0, 'waiting_time': 450, 'trip_time': 840, 'num_transfers': 2, 'departure_time': 13200, 'departure_day': 'current_day', 'arrival_time': 14490, 'arrival_day': 'current_day', 'steps': [{'duration': 270, 'departure_time': 13650, 'arrival_time': 13920, 'day': 'current_day', 'from_stop_id': '59-1', 'to_stop_id': 'A-1', 'trip_id': '1-1-17', 'agency_name': 'Unknown'}, {'duration': 30, 'departure_time': 13920, 'arrival_time': 13950, 'day': 'current_day', 'from_stop_id': 'A-1', 'to_stop_id': 'A-2', 'trip_id': 'walking', 'agency_name': 'Unknown'}, {'duration': 270, 'departure_time': 14220, 'arrival_time': 14490, 'day': 'current_day', 'from_stop_id': 'A-2', 'to_stop_id': '88-2', 'trip_id': '2-1-17', 'agency_name': 'Unknown'}]}",1410.0
106,120,3960,intra,left,6,[106],[120],0,0,0,0,3960,4020.0,5280.0,5340.0,1260.0,0.0,106,A,3383.0,7343.0,pt,5340.0,1380.0,"{'duration': 1260, 'source_transfer_time': 0, 'waiting_time': 450, 'trip_time': 810, 'num_transfers': 0, 'departure_time': 4020, 'departure_day': 'current_day', 'arrival_time': 5280, 'arrival_day': 'current_day', 'steps': [{'duration': 810, 'departure_time': 4470, 'arrival_time': 5280, 'day': 'current_day', 'from_stop_id': '106-5', 'to_stop_id': 'A-5', 'trip_id': '8-1-2', 'agency_name': 'Unknown'}]}",1380.0
18,86,9120,intra,left,7,[19; 29],[86],500,375,0,0,9495,9555.0,10530.0,10590.0,975.0,0.0,29,86,4135.0,13255.0,pt,10590.0,1470.0,"{'duration': 975, 'source_transfer_time': 0, 'waiting_time': 75, 'trip_time': 900, 'num_transfers': 0, 'departure_time': 9555, 'departure_day': 'current_day', 'arrival_time': 10530, 'arrival_day': 'current_day', 'steps': [{'duration': 900, 'departure_time': 9630, 'arrival_time': 10530, 'day': 'current_day', 'from_stop_id': '29-5', 'to_stop_id': '86-5', 'trip_id': '8-0-10', 'agency_name': 'Unknown'}]}",1470.0
1,56,10410,intra,left,8,[0; 12],[56],500,375,0,0,10785,10845.0,11790.0,11850.0,945.0,2.0,12,56,2255.0,12665.0,pt,11850.0,1440.0,"{'duration': 945, 'source_transfer_time': 0, 'waiting_time': 15, 'trip_time': 930, 'num_transfers': 2, 'departure_time': 10845, 'departure_day': 'current_day', 'arrival_time': 11790, 'arrival_day': 'current_day', 'steps': [{'duration': 630, 'departure_time': 10860, 'arrival_time': 11490, 'day': 'current_day', 'from_stop_id': '12-4', 'to_stop_id': '117-4', 'trip_id': '7-0-13', 'agency_name': 'Unknown'}, {'duration': 30, 'departure_time': 11490, 'arrival_time': 11520, 'day': 'current_day', 'from_stop_id': '117-4', 'to_stop_id': '117-1', 'trip_id': 'walking', 'agency_name': 'Unknown'}, {'duration': 180, 'departure_time': 11610, 'arrival_time': 11790, 'day': 'current_day', 'from_stop_id': '117-1', 'to_stop_id': '56-1', 'trip_id': '1-1-13', 'agency_name': 'Unknown'}]}",1440.0
11,37,11850,intra,left,9,[11],[36; 38; 48],0,0,500,375,11850,11910.0,12420.0,12480.0,510.0,0.0,11,36,2255.0,14105.0,pt,12855.0,1005.0,"{'duration': 510, 'source_transfer_time': 0, 'waiting_time': 60, 'trip_time': 450, 'num_transfers': 0, 'departure_time': 11910, 'departure_day': 'current_day', 'arrival_time': 12420, 'arrival_day': 'current_day', 'steps': [{'duration': 450, 'departure_time': 11970, 'arrival_time': 12420, 'day': 'current_day', 'from_stop_id': '11-4', 'to_stop_id': '36-4', 'trip_id': '7-0-15', 'agency_name': 'Unknown'}]}",1005.0
102,119,7710,intra,left,10,[91; 103],[119],500,375,0,0,8085,8145.0,9510.0,9570.0,1365.0,2.0,91,119,2255.0,9965.0,pt,9570.0,1860.0,"{'duration': 1365, 'source_transfer_time': 0, 'waiting_time': 495, 'trip_time': 870, 'num_transfers': 2, 'departure_time': 8145, 'departure_day': 'current_day', 'arrival_time': 9510, 'arrival_day': 'current_day', 'steps': [{'duration': 540, 'departure_time': 8640, 'arrival_time': 9180, 'day': 'current_day', 'from_stop_id': '91-4', 'to_stop_id': 'A-4', 'trip_id': '7-1-9', 'agency_name': 'Unknown'}, {'duration': 30, 'departure_time': 9180, 'arrival_time': 9210, 'day': 'current_day', 'from_stop_id': 'A-4', 'to_stop_id': 'A-2', 'trip_id': 'walking', 'agency_name': 'Unknown'}, {'duration': 90, 'departure_time': 9420, 'arrival_time': 9510, 'day': 'current_day', 'from_stop_id': 'A-2', 'to_stop_id': '119-2', 'trip_id': '2-1-9', 'agency_name': 'Unknown'}]}",1860.0
80,56,5070,intra,left,11,[80],[56],0,0,0,0,5070,5130.0,6390.0,6450.0,1260.0,2.0,80,56,3007.0,8077.0,pt,6450.0,1380.0,"{'duration': 1260, 'source_transfer_time': 0, 'waiting_time': 0, 'trip_time': 1260, 'num_transfers': 2, 'departure_time': 5130, 'departure_day': 'current_day', 'arrival_time': 6390, 'arrival_day': 'current_day', 'steps': [{'duration': 360, 'departure_time': 5130, 'arrival_time': 5490, 'day': 'current_day', 'from_stop_id': '80-4', 'to_stop_id': '118-4', 'trip_id': '7-1-3', 'agency_name': 'Unknown'}, {'duration': 30, 'departure_time': 5490, 'arrival_time': 5520, 'day': 'current_day', 'from_stop_id': '118-4', 'to_stop_id': '118-1', 'trip_id': 'walking', 'agency_name': 'Unknown'}, {'duration': 360, 'departure_time': 6030, 'arrival_time': 6390, 'day': 'current_day', 'from_stop_id': '118-1', 'to_stop_id': '56-1', 'trip_id': '1-1-4', 'agency_name': 'Unknown'}]}",1380.0
63,104,7830,intra,left,12,[55],[104],500,375,0,0,8205,8265.0,9990.0,10050.0,1725.0,2.0,55,104,4511.0,12341.0,pt,10050.0,2220.0,"{'duration': 1725, 'source_transfer_time': 0, 'waiting_time': 495, 'trip_time': 1230, 'num_transfers': 2, 'departure_time': 8265, 'departure_day': 'current_day', 'arrival_time': 9990, 'arrival_day': 'current_day', 'steps': [{'duration': 450, 'departure_time': 8760, 'arrival_time': 9210, 'day': 'current_day', 'from_stop_id': '55-1', 'to_stop_id': '118-1', 'trip_id': '1-0-9', 'agency_name': 'Unknown'}, {'duration': 30, 'departure_time': 9210, 'arrival_time': 9240, 'day': 'current_day', 'from_stop_id': '118-1', 'to_stop_id': '118-4', 'trip_id': 'walking', 'agency_name': 'Unknown'}, {'duration': 720, 'departure_time': 9270, 'arrival_time': 9990, 'day': 'current_day', 'from_stop_id': '118-4', 'to_stop_id': '104-4', 'trip_id': '7-0-9', 'agency_name': 'Unknown'}]}",2220.0
33,77,10230,intra,left,13,[11; 23; 35; 54],[77],1000,751,0,0,10981,11041.0,12000.0,12060.0,959.0,2.0,35,77,3383.0,13613.0,pt,12060.0,1830.0,"{'duration': 959, 'source_transfer_time': 0, 'waiting_time': 89, 'trip_time': 870, 'num_transfers': 2, 'departure_time': 11041, 'departure_day': 'current_day', 'arrival_time': 12000, 'arrival_day': 'current_day', 'steps': [{'duration': 450, 'departure_time': 11130, 'arrival_time': 11580, 'day': 'current_day', 'from_stop_id': '35-4', 'to_stop_id': 'A-4', 'trip_id': '7-0-13', 'agency_name': 'Unknown'}, {'duration': 30, 'departure_time': 11580, 'arrival_time': 11610, 'day': 'current_day', 'from_stop_id': 'A-4', 'to_stop_id': 'A-2', 'trip_id': 'walking', 'agency_name': 'Unknown'}, {'duration': 180, 'departure_time': 11820, 'arrival_time': 12000, 'day': 'current_day', 'from_stop_id': 'A-2', 'to_stop_id': '77-2', 'trip_id': '2-1-13', 'agency_name': 'Unknown'}]}",1830.0
108,54,5490,intra,left,14,[86; 96; 106; 110],[54],1000,751,0,0,6241,6301.0,7770.0,7830.0,1469.0,2.0,86,54,3007.0,8497.0,pt,7830.0,2340.0,"{'duration': 1469, 'source_transfer_time': 0, 'waiting_time': 329, 'trip_time': 1140, 'num_transfers': 2, 'departure_time': 6301, 'departure_day': 'current_day', 'arrival_time': 7770, 'arrival_day': 'current_day', 'steps': [{'duration': 450, 'departure_time': 6630, 'arrival_time': 7080, 'day': 'current_day', 'from_stop_id': '86-5', 'to_stop_id': 'A-5', 'trip_id': '8-1-5', 'agency_name': 'Unknown'}, {'duration': 30, 'departure_time': 7080, 'arrival_time': 7110, 'day': 'current_day', 'from_stop_id': 'A-5', 'to_stop_id': 'A-1', 'trip_id': 'walking', 'agency_name': 'Unknown'}, {'duration': 450, 'departure_time': 7320, 'arrival_time': 7770, 'day': 'current_day', 'from_stop_id': 'A-1', 'to_stop_id': '54-1', 'trip_id': '1-1-6', 'agency_name': 'Unknown'}]}",2340.0
22,50,12480,intra,left,15,[11; 23],[40; 49; 58],500,375,500,375,12855,12915.0,14460.0,14520.0,1545.0,2.0,11,49,3383.0,15863.0,pt,14895.0,2415.0,"{'duration': 1545, 'source_transfer_time': 0, 'waiting_time': 255, 'trip_time': 1290, 'num_transfers': 2, 'departure_time': 12915, 'departure_day': 'current_day', 'arrival_time': 14460, 'arrival_day': 'current_day', 'steps': [{'duration': 810, 'departure_time': 13170, 'arrival_time': 13980, 'day': 'current_day', 'from_stop_id': '11-4', 'to_stop_id': 'A-4', 'trip_id': '7-0-17', 'agency_name': 'Unknown'}, {'duration': 30, 'departure_time': 13980, 'arrival_time': 14010, 'day': 'current_day', 'from_stop_id': 'A-4', 'to_stop_id': 'A-5', 'trip_id': 'walking', 'agency_name': 'Unknown'}, {'duration': 180, 'departure_time': 14280, 'arrival_time': 14460, 'day': 'current_day', 'from_stop_id': 'A-5', 'to_stop_id': '49-5', 'trip_id': '8-1-17', 'agency_name': 'Unknown'}]}",2415.0
99,52,9180,intra,left,16,[99],[60],0,0,500,375,9180,9240.0,10680.0,10740.0,1440.0,2.0,99,60,3383.0,12563.0,pt,11115.0,1935.0,"{'duration': 1440, 'source_transfer_time': 0, 'waiting_time': 420, 'trip_time': 1020, 'num_transfers': 2, 'departure_time': 9240, 'departure_day': 'current_day', 'arrival_time': 10680, 'arrival_day': 'current_day', 'steps': [{'duration': 360, 'departure_time': 9660, 'arrival_time': 10020, 'day': 'current_day', 'from_stop_id': '99-2', 'to_stop_id': 'A-2', 'trip_id': '2-0-10', 'agency_name': 'Unknown'}, {'duration': 30, 'departure_time': 10020, 'arrival_time': 10050, 'day': 'current_day', 'from_stop_id': 'A-2', 'to_stop_id': 'A-1', 'trip_id': 'walking', 'agency_name': 'Unknown'}, {'duration': 360, 'departure_time': 10320, 'arrival_time': 10680, 'day': 'current_day', 'from_stop_id': 'A-1', 'to_stop_id': '60-1', 'trip_id': '1-0-11', 'agency_name': 'Unknown'}]}",1935.0
0,74,7920,intra,left,17,[0],[75; 85],0,0,500,375,7920,7980.0,9840.0,9900.0,1860.0,2.0,0,75,3383.0,11303.0,pt,10275.0,2355.0,"{'duration': 1860, 'source_transfer_time': 0, 'waiting_time': 300, 'trip_time': 1560, 'num_transfers': 2, 'departure_time': 7980, 'departure_day': 'current_day', 'arrival_time': 9840, 'arrival_day': 'current_day', 'steps': [{'duration': 900, 'departure_time': 8280, 'arrival_time': 9180, 'day': 'current_day', 'from_stop_id': '0-4', 'to_stop_id': 'A-4', 'trip_id': '7-0-9', 'agency_name': 'Unknown'}, {'duration': 30, 'departure_time': 9180, 'arrival_time': 9210, 'day': 'current_day', 'from_stop_id': 'A-4', 'to_stop_id': 'A-5', 'trip_id': 'walking', 'agency_name': 'Unknown'}, {'duration': 360, 'departure_time': 9480, 'arrival_time': 9840, 'day': 'current_day', 'from_stop_id': 'A-5', 'to_stop_id': '75-5', 'trip_id': '8-0-9', 'agency_name': 'Unknown'}]}",2355.0
4,111,11430,intra,left,18,[5],[110],500,375,500,375,11805,11865.0,12870.0,12930.0,1005.0,0.0,5,110,4511.0,15941.0,pt,13305.0,1875.0,"{'duration': 1005, 'source_transfer_time': 0, 'waiting_time': 105, 'trip_time': 900, 'num_transfers': 0, 'departure_time': 11865, 'departure_day': 'current_day', 'arrival_time': 12870, 'arrival_day': 'current_day', 'steps': [{'duration': 900, 'departure_time': 11970, 'arrival_time': 12870, 'day': 'current_day', 'from_stop_id': '5-2', 'to_stop_id': '110-2', 'trip_id': '2-1-14', 'agency_name': 'Unknown'}]}",1875.0
40,4,13440,intra,left,19,[40],[5],0,0,500,375,13440,13500.0,14670.0,14730.0,1170.0,2.0,40,5,2255.0,15695.0,pt,15105.0,1665.0,"{'duration': 1170, 'source_transfer_time': 0, 'waiting_time': 420, 'trip_time': 750, 'num_transfers': 2, 'departure_time': 13500, 'departure_day': 'current_day', 'arrival_time': 14670, 'arrival_day': 'current_day', 'steps': [{'duration': 270, 'departure_time': 13920, 'arrival_time': 14190, 'day': 'current_day', 'from_stop_id': '40-5', 'to_stop_id': '116-5', 'trip_id': '8-0-17', 'agency_name': 'Unknown'}, {'duration': 30, 'departure_time': 14190, 'arrival_time': 14220, 'day': 'current_day', 'from_stop_id': '116-5', 'to_stop_id': '116-2', 'trip_id': 'walking', 'agency_name': 'Unknown'}, {'duration': 360, 'departure_time': 14310, 'arrival_time': 14670, 'day': 'current_day', 'from_stop_id': '116-2', 'to_stop_id': '5-2', 'trip_id': '2-0-17', 'agency_name': 'Unknown'}]}",1665.0
64,1,12300,intra,left,20,[56],[0; 12],500,375,500,375,12675,12735.0,14100.0,14160.0,1365.0,2.0,56,12,2631.0,14931.0,pt,14535.0,2235.0,"{'duration': 1365, 'source_transfer_time': 0, 'waiting_time': 315, 'trip_time': 1050, 'num_transfers': 2, 'departure_time': 12735, 'departure_day': 'current_day', 'arrival_time': 14100, 'arrival_day': 'current_day', 'steps': [{'duration': 180, 'departure_time': 13050, 'arrival_time': 13230, 'day': 'current_day', 'from_stop_id': '56-1', 'to_stop_id': '117-1', 'trip_id': '1-0-16', 'agency_name': 'Unknown'}, {'duration': 30, 'departure_time': 13230, 'arrival_time': 13260, 'day': 'current_day', 'from_stop_id': '117-1', 'to_stop_id': '117-4', 'trip_id': 'walking', 'agency_name': 'Unknown'}, {'duration': 630, 'departure_time': 13470, 'arrival_time': 14100, 'day': 'current_day', 'from_stop_id': '117-4', 'to_stop_id': '12-4', 'trip_id': '7-1-16', 'agency_name': 'Unknown'}]}",2235.0
109,91,6840,intra,left,21,[110],[91],500,375,0,0,7215,7275.0,9120.0,9180.0,1845.0,2.0,110,91,2255.0,9095.0,walking,9180.0,2340.0,"{'duration': 1845, 'source_transfer_time': 0, 'waiting_time': 495, 'trip_time': 1350, 'num_transfers': 2, 'departure_time': 7275, 'departure_day': 'current_day', 'arrival_time': 9120, 'arrival_day': 'current_day', 'steps': [{'duration': 450, 'departure_time': 7770, 'arrival_time': 8220, 'day': 'current_day', 'from_stop_id': '110-2', 'to_stop_id': 'A-2', 'trip_id': '2-0-7', 'agency_name': 'Unknown'}, {'duration': 30, 'departure_time': 8220, 'arrival_time': 8250, 'day': 'current_day', 'from_stop_id': 'A-2', 'to_stop_id': 'A-4', 'trip_id': 'walking', 'agency_name': 'Unknown'}, {'duration': 540, 'departure_time': 8580, 'arrival_time': 9120, 'day': 'current_day', 'from_stop_id': 'A-4', 'to_stop_id': '91-4', 'trip_id': '7-0-8', 'agency_name': 'Unknown'}]}",2255.0
115,198,11010,inter,left,22,[115],[198],0,0,0,0,11010,11070.0,15000.0,15060.0,3930.0,4.0,115,198,,,pt,15060.0,4050.0,"{'duration': 3930, 'source_transfer_time': 0, 'waiting_time': 210, 'trip_time': 3720, 'num_transfers': 4, 'departure_time': 11070, 'departure_day': 'current_day', 'arrival_time': 15000, 'arrival_day': 'current_day', 'steps': [{'duration': 900, 'departure_time': 11280, 'arrival_time': 12180, 'day': 'current_day', 'from_stop_id': '115-4', 'to_stop_id': 'A-4', 'trip_id': '7-1-14', 'agency_name': 'Unknown'}, {'duration': 30, 'departure_time': 12180, 'arrival_time': 12210, 'day': 'current_day', 'from_stop_id': 'A-4', 'to_stop_id': 'A-0', 'trip_id': 'walking', 'agency_name': 'Unknown'}, {'duration': 1800, 'departure_time': 12600, 'arrival_time': 14400, 'day': 'current_day', 'from_stop_id': 'A-0', 'to_stop_id': 'B-0', 'trip_id': 'IE-21-0', 'agency_name': 'Unknown'}, {'duration': 30, 'departure_time': 14400, 'arrival_time': 14430, 'day': 'current_day', 'from_stop_id': 'B-0', 'to_stop_id': 'B-2', 'trip_id': 'walking', 'agency_name': 'Unknown'}, {'duration': 180, 'departure_time': 14820, 'arrival_time': 15000, 'day': 'current_day', 'from_stop_id': 'B-2', 'to_stop_id': '198-2', 'trip_id': '4-1-18', 'agency_name': 'Unknown'}]}",4050.0
114,136,10800,inter,left,23,[103; 115],[137],500,375,500,375,11175,11235.0,15180.0,15240.0,3945.0,4.0,103,137,,,pt,15615.0,4815.0,"{'duration': 3945, 'source_transfer_time': 0, 'waiting_time': 225, 'trip_time': 3720, 'num_transfers': 4, 'departure_time': 11235, 'departure_day': 'current_day', 'arrival_time': 15180, 'arrival_day': 'current_day', 'steps': [{'duration': 720, 'departure_time': 11460, 'arrival_time': 12180, 'day': 'current_day', 'from_stop_id': '103-4', 'to_stop_id': 'A-4', 'trip_id': '7-1-14', 'agency_name': 'Unknown'}, {'duration': 30, 'departure_time': 12180, 'arrival_time': 12210, 'day': 'current_day', 'from_stop_id': 'A-4', 'to_stop_id': 'A-0', 'trip_id': 'walking', 'agency_name': 'Unknown'}, {'duration': 1800, 'departure_time': 12600, 'arrival_time': 14400, 'day': 'current_day', 'from_stop_id': 'A-0', 'to_stop_id': 'B-0', 'trip_id': 'IE-21-0', 'agency_name': 'Unknown'}, {'duration': 30, 'departure_time': 14400, 'arrival_time': 14430, 'day': 'current_day', 'from_stop_id': 'B-0', 'to_stop_id': 'B-2', 'trip_id': 'walking', 'agency_name': 'Unknown'}, {'duration': 360, 'departure_time': 14820, 'arrival_time': 15180, 'day': 'current_day', 'from_stop_id': 'B-2', 'to_stop_id': '137-2', 'trip_id': '4-0-18', 'agency_name': 'Unknown'}]}",4815.0
102,187,14220,inter,left,24,[91; 103],[187],500,375,0,0,14595,14655.0,18660.0,18720.0,4005.0,4.0,91,187,,,pt,18720.0,4500.0,"{'duration': 4005, 'source_transfer_time': 0, 'waiting_time': 585, 'trip_time': 3420, 'num_transfers': 4, 'departure_time': 14655, 'departure_day': 'current_day', 'arrival_time': 18660, 'arrival_day': 'current_day', 'steps': [{'duration': 540, 'departure_time': 15240, 'arrival_time': 15780, 'day': 'current_day', 'from_stop_id': '91-4', 'to_stop_id': 'A-4', 'trip_id': '7-1-20', 'agency_name': 'Unknown'}, {'duration': 30, 'departure_time': 15780, 'arrival_time': 15810, 'day': 'current_day', 'from_stop_id': 'A-4', 'to_stop_id': 'A-0', 'trip_id': 'walking', 'agency_name': 'Unknown'}, {'duration': 1800, 'departure_time': 16200, 'arrival_time': 18000, 'day': 'current_day', 'from_stop_id': 'A-0', 'to_stop_id': 'B-0', 'trip_id': 'IE-27-0', 'agency_name': 'Unknown'}, {'duration': 30, 'departure_time': 18000, 'arrival_time': 18030, 'day': 'current_day', 'from_stop_id': 'B-0', 'to_stop_id': 'B-5', 'trip_id': 'walking', 'agency_name': 'Unknown'}, {'duration': 180, 'departure_time': 18480, 'arrival_time': 18660, 'day': 'current_day', 'from_stop_id': 'B-5', 'to_stop_id': '187-5', 'trip_id': '10-0-24', 'agency_name': 'Unknown'}]}",4500.0
61,231,8010,inter,left,25,[61],[231],0,0,0,0,8010,8070.0,11670.0,11730.0,3600.0,4.0,61,231,,,pt,11730.0,3720.0,"{'duration': 3600, 'source_transfer_time': 0, 'waiting_time': 0, 'trip_time': 3600, 'num_transfers': 4, 'departure_time': 8070, 'departure_day': 'current_day', 'arrival_time': 11670, 'arrival_day': 'current_day', 'steps': [{'duration': 450, 'departure_time': 8070, 'arrival_time': 8520, 'day': 'current_day', 'from_stop_id': '61-1', 'to_stop_id': 'A-1', 'trip_id': '1-1-8', 'agency_name': 'Unknown'}, {'duration': 30, 'departure_time': 8520, 'arrival_time': 8550, 'day': 'current_day', 'from_stop_id': 'A-1', 'to_stop_id': 'A-0', 'trip_id': 'walking', 'agency_name': 'Unknown'}, {'duration': 1800, 'departure_time': 9000, 'arrival_time': 10800, 'day': 'current_day', 'from_stop_id': 'A-0', 'to_stop_id': 'B-0', 'trip_id': 'IE-15-0', 'agency_name': 'Unknown'}, {'duration': 30, 'departure_time': 10800, 'arrival_time': 10830, 'day': 'current_day', 'from_stop_id': 'B-0', 'to_stop_id': 'B-2', 'trip_id': 'walking', 'agency_name': 'Unknown'}, {'duration': 450, 'departure_time': 11220, 'arrival_time': 11670, 'day': 'current_day', 'from_stop_id': 'B-2', 'to_stop_id': '231-2', 'trip_id': '4-1-12', 'agency_name': 'Unknown'}]}",3720.0
41,163,12780,inter,left,26,[30; 40],[141; 151; 161; 181],500,375,1000,751,13155,13215.0,16080.0,16140.0,2865.0,4.0,40,181,,,pt,16891.0,4111.0,"{'duration': 2865, 'source_transfer_time': 0, 'waiting_time': 105, 'trip_time': 2760, 'num_transfers': 4, 'departure_time': 13215, 'departure_day': 'current_day', 'arrival_time': 16080, 'arrival_day': 'current_day', 'steps': [{'duration': 360, 'departure_time': 13320, 'arrival_time': 13680, 'day': 'current_day', 'from_stop_id': '40-5', 'to_stop_id': 'A-5', 'trip_id': '8-0-16', 'agency_name': 'Unknown'}, {'duration': 30, 'departure_time': 13680, 'arrival_time': 13710, 'day': 'current_day', 'from_stop_id': 'A-5', 'to_stop_id': 'A-0', 'trip_id': 'walking', 'agency_name': 'Unknown'}, {'duration': 1800, 'departure_time': 13800, 'arrival_time': 15600, 'day': 'current_day', 'from_stop_id': 'A-0', 'to_stop_id': 'B-0', 'trip_id': 'IE-23-0', 'agency_name': 'Unknown'}, {'duration': 30, 'departure_time': 15600, 'arrival_time': 15630, 'day': 'current_day', 'from_stop_id': 'B-0', 'to_stop_id': 'B-1', 'trip_id': 'walking', 'agency_name': 'Unknown'}, {'duration': 360, 'departure_time': 15720, 'arrival_time': 16080, 'day': 'current_day', 'from_stop_id': 'B-1', 'to_stop_id': '181-1', 'trip_id': '3-0-20', 'agency_name': 'Unknown'}]}",4111.0
113,140,8880,inter,left,27,[91; 103; 115],[140],1000,751,0,0,9631,9691.0,13710.0,13770.0,4019.0,4.0,91,140,,,pt,13770.0,4890.0,"{'duration': 4019, 'source_transfer_time': 0, 'waiting_time': 149, 'trip_time': 3870, 'num_transfers': 4, 'departure_time': 9691, 'departure_day': 'current_day', 'arrival_time': 13710, 'arrival_day': 'current_day', 'steps': [{'duration': 540, 'departure_time': 9840, 'arrival_time': 10380, 'day': 'current_day', 'from_stop_id': '91-4', 'to_stop_id': 'A-4', 'trip_id': '7-1-11', 'agency_name': 'Unknown'}, {'duration': 30, 'departure_time': 10380, 'arrival_time': 10410, 'day': 'current_day', 'from_stop_id': 'A-4', 'to_stop_id': 'A-0', 'trip_id': 'walking', 'agency_name': 'Unknown'}, {'duration': 1800, 'departure_time': 10800, 'arrival_time': 12600, 'day': 'current_day', 'from_stop_id': 'A-0', 'to_stop_id': 'B-0', 'trip_id': 'IE-18-0', 'agency_name': 'Unknown'}, {'duration': 30, 'departure_time': 12600, 'arrival_time': 12630, 'day': 'current_day', 'from_stop_id': 'B-0', 'to_stop_id': 'B-5', 'trip_id': 'walking', 'agency_name': 'Unknown'}, {'duration': 630, 'departure_time': 13080, 'arrival_time': 13710, 'day': 'current_day', 'from_stop_id': 'B-5', 'to_stop_id': '140-5', 'trip_id': '10-1-15', 'agency_name': 'Unknown'}]}",4890.0
81,217,12300,inter,left,28,[80; 92],[217],500,375,0,0,12675,12735.0,16710.0,16770.0,3975.0,4.0,80,217,,,pt,16770.0,4470.0,"{'duration': 3975, 'source_transfer_time': 0, 'waiting_time': 195, 'trip_time': 3780, 'num_transfers': 4, 'departure_time': 12735, 'departure_day': 'current_day', 'arrival_time': 16710, 'arrival_day': 'current_day', 'steps': [{'duration': 450, 'departure_time': 12930, 'arrival_time': 13380, 'day': 'current_day', 'from_stop_id': '80-4', 'to_stop_id': 'A-4', 'trip_id': '7-1-16', 'agency_name': 'Unknown'}, {'duration': 30, 'departure_time': 13380, 'arrival_time': 13410, 'day': 'current_day', 'from_stop_id': 'A-4', 'to_stop_id': 'A-0', 'trip_id': 'walking', 'agency_name': 'Unknown'}, {'duration': 1800, 'departure_time': 13800, 'arrival_time': 15600, 'day': 'current_day', 'from_stop_id': 'A-0', 'to_stop_id': 'B-0', 'trip_id': 'IE-23-0', 'agency_name': 'Unknown'}, {'duration': 30, 'departure_time': 15600, 'arrival_time': 15630, 'day': 'current_day', 'from_stop_id': 'B-0', 'to_stop_id': 'B-5', 'trip_id': 'walking', 'agency_name': 'Unknown'}, {'duration': 630, 'departure_time': 16080, 'arrival_time': 16710, 'day': 'current_day', 'from_stop_id': 'B-5', 'to_stop_id': '217-5', 'trip_id': '10-0-20', 'agency_name': 'Unknown'}]}",4470.0
16,221,8700,inter,left,29,[16],[220],0,0,500,375,8700,8760.0,12180.0,12240.0,3420.0,4.0,16,220,,,pt,12615.0,3915.0,"{'duration': 3420, 'source_transfer_time': 0, 'waiting_time': 300, 'trip_time': 3120, 'num_transfers': 4, 'departure_time': 8760, 'departure_day': 'current_day', 'arrival_time': 12180, 'arrival_day': 'current_day', 'steps': [{'duration': 360, 'departure_time': 9060, 'arrival_time': 9420, 'day': 'current_day', 'from_stop_id': '16-2', 'to_stop_id': 'A-2', 'trip_id': '2-1-9', 'agency_name': 'Unknown'}, {'duration': 30, 'departure_time': 9420, 'arrival_time': 9450, 'day': 'current_day', 'from_stop_id': 'A-2', 'to_stop_id': 'A-0', 'trip_id': 'walking', 'agency_name': 'Unknown'}, {'duration': 1800, 'departure_time': 9600, 'arrival_time': 11400, 'day': 'current_day', 'from_stop_id': 'A-0', 'to_stop_id': 'B-0', 'trip_id': 'IE-16-0', 'agency_name': 'Unknown'}, {'duration': 30, 'departure_time': 11400, 'arrival_time': 11430, 'day': 'current_day', 'from_stop_id': 'B-0', 'to_stop_id': 'B-2', 'trip_id': 'walking', 'agency_name': 'Unknown'}, {'duration': 360, 'departure_time': 11820, 'arrival_time': 12180, 'day': 'current_day', 'from_stop_id': 'B-2', 'to_stop_id': '220-2', 'trip_id': '4-1-13', 'agency_name': 'Unknown'}]}",3915.0
56,233,4020,inter,left,30,[56],[231],0,0,1000,751,4020,4080.0,8070.0,8130.0,3990.0,4.0,56,231,,,pt,8881.0,4861.0,"{'duration': 3990, 'source_transfer_time': 0, 'waiting_time': 570, 'trip_time': 3420, 'num_transfers': 4, 'departure_time': 4080, 'departure_day': 'current_day', 'arrival_time': 8070, 'arrival_day': 'current_day', 'steps': [{'duration': 270, 'departure_time': 4650, 'arrival_time': 4920, 'day': 'current_day', 'from_stop_id': '56-1', 'to_stop_id': 'A-1', 'trip_id': '1-0-2', 'agency_name': 'Unknown'}, {'duration': 30, 'departure_time': 4920, 'arrival_time': 4950, 'day': 'current_day', 'from_stop_id': 'A-1', 'to_stop_id': 'A-0', 'trip_id': 'walking', 'agency_name': 'Unknown'}, {'duration': 1800, 'departure_time': 5400, 'arrival_time': 7200, 'day': 'current_day', 'from_stop_id': 'A-0', 'to_stop_id': 'B-0', 'trip_id': 'IE-9-0', 'agency_name': 'Unknown'}, {'duration': 30, 'departure_time': 7200, 'arrival_time': 7230, 'day': 'current_day', 'from_stop_id': 'B-0', 'to_stop_id': 'B-2', 'trip_id': 'walking', 'agency_name': 'Unknown'}, {'duration': 450, 'departure_time': 7620, 'arrival_time': 8070, 'day': 'current_day', 'from_stop_id': 'B-2', 'to_stop_id': '231-2', 'trip_id': '4-1-6', 'agency_name': 'Unknown'}]}",4861.0
75,150,14010,inter,left,31,[75],[150],0,0,0,0,14010,14070.0,17730.0,17790.0,3660.0,4.0,75,150,,,pt,17790.0,3780.0,"{'duration': 3660, 'source_transfer_time': 0, 'waiting_time': 450, 'trip_time': 3210, 'num_transfers': 4, 'departure_time': 14070, 'departure_day': 'current_day', 'arrival_time': 17730, 'arrival_day': 'current_day', 'steps': [{'duration': 360, 'departure_time': 14520, 'arrival_time': 14880, 'day': 'current_day', 'from_stop_id': '75-5', 'to_stop_id': 'A-5', 'trip_id': '8-1-18', 'agency_name': 'Unknown'}, {'duration': 30, 'departure_time': 14880, 'arrival_time': 14910, 'day': 'current_day', 'from_stop_id': 'A-5', 'to_stop_id': 'A-0', 'trip_id': 'walking', 'agency_name': 'Unknown'}, {'duration': 1800, 'departure_time': 15000, 'arrival_time': 16800, 'day': 'current_day', 'from_stop_id': 'A-0', 'to_stop_id': 'B-0', 'trip_id': 'IE-25-0', 'agency_name': 'Unknown'}, {'duration': 30, 'departure_time': 16800, 'arrival_time': 16830, 'day': 'current_day', 'from_stop_id': 'B-0', 'to_stop_id': 'B-5', 'trip_id': 'walking', 'agency_name': 'Unknown'}, {'duration': 450, 'departure_time': 17280, 'arrival_time': 17730, 'day': 'current_day', 'from_stop_id': 'B-5', 'to_stop_id': '150-5', 'trip_id': '10-1-22', 'agency_name': 'Unknown'}]}",3780.0
32,203,5520,inter,left,32,[10; 20; 30],[182; 201; 213; 225],1000,751,1000,751,6271,6331.0,9570.0,9630.0,3239.0,4.0,20,182,,,pt,10381.0,4861.0,"{'duration': 3239, 'source_transfer_time': 0, 'waiting_time': 29, 'trip_time': 3210, 'num_transfers': 4, 'departure_time': 6331, 'departure_day': 'current_day', 'arrival_time': 9570, 'arrival_day': 'current_day', 'steps': [{'duration': 720, 'departure_time': 6360, 'arrival_time': 7080, 'day': 'current_day', 'from_stop_id': '20-5', 'to_stop_id': 'A-5', 'trip_id': '8-0-5', 'agency_name': 'Unknown'}, {'duration': 30, 'departure_time': 7080, 'arrival_time': 7110, 'day': 'current_day', 'from_stop_id': 'A-5', 'to_stop_id': 'A-0', 'trip_id': 'walking', 'agency_name': 'Unknown'}, {'duration': 1800, 'departure_time': 7200, 'arrival_time': 9000, 'day': 'current_day', 'from_stop_id': 'A-0', 'to_stop_id': 'B-0', 'trip_id': 'IE-12-0', 'agency_name': 'Unknown'}, {'duration': 30, 'departure_time': 9000, 'arrival_time': 9030, 'day': 'current_day', 'from_stop_id': 'B-0', 'to_stop_id': 'B-1', 'trip_id': 'walking', 'agency_name': 'Unknown'}, {'duration': 450, 'departure_time': 9120, 'arrival_time': 9570, 'day': 'current_day', 'from_stop_id': 'B-1', 'to_stop_id': '182-1', 'trip_id': '3-0-9', 'agency_name': 'Unknown'}]}",4861.0
1,223,6210,inter,left,33,[0; 12],[212; 224],500,375,500,375,6585,6645.0,10320.0,10380.0,3675.0,4.0,12,212,,,pt,10755.0,4545.0,"{'duration': 3675, 'source_transfer_time': 0, 'waiting_time': 15, 'trip_time': 3660, 'num_transfers': 4, 'departure_time': 6645, 'departure_day': 'current_day', 'arrival_time': 10320, 'arrival_day': 'current_day', 'steps': [{'duration': 720, 'departure_time': 6660, 'arrival_time': 7380, 'day': 'current_day', 'from_stop_id': '12-4', 'to_stop_id': 'A-4', 'trip_id': '7-0-6', 'agency_name': 'Unknown'}, {'duration': 30, 'departure_time': 7380, 'arrival_time': 7410, 'day': 'current_day', 'from_stop_id': 'A-4', 'to_stop_id': 'A-0', 'trip_id': 'walking', 'agency_name': 'Unknown'}, {'duration': 1800, 'departure_time': 7800, 'arrival_time': 9600, 'day': 'current_day', 'from_stop_id': 'A-0', 'to_stop_id': 'B-0', 'trip_id': 'IE-13-0', 'agency_name': 'Unknown'}, {'duration': 30, 'departure_time': 9600, 'arrival_time': 9630, 'day': 'current_day', 'from_stop_id': 'B-0', 'to_stop_id': 'B-4', 'trip_id': 'walking', 'agency_name': 'Unknown'}, {'duration': 540, 'departure_time': 9780, 'arrival_time': 10320, 'day': 'current_day', 'from_stop_id': 'B-4', 'to_stop_id': '212-4', 'trip_id': '9-0-10', 'agency_name': 'Unknown'}]}",4545.0
86,203,14160,inter,left,34,[86],[182; 201; 213; 225],0,0,1000,751,14160,14220.0,17370.0,17430.0,3150.0,4.0,86,182,,,pt,18181.0,4021.0,"{'duration': 3150, 'source_transfer_time': 0, 'waiting_time': 210, 'trip_time': 2940, 'num_transfers': 4, 'departure_time': 14220, 'departure_day': 'current_day', 'arrival_time': 17370, 'arrival_day': 'current_day', 'steps': [{'duration': 450, 'departure_time': 14430, 'arrival_time': 14880, 'day': 'current_day', 'from_stop_id': '86-5', 'to_stop_id': 'A-5', 'trip_id': '8-1-18', 'agency_name': 'Unknown'}, {'duration': 30, 'departure_time': 14880, 'arrival_time': 14910, 'day': 'current_day', 'from_stop_id': 'A-5', 'to_stop_id': 'A-0', 'trip_id': 'walking', 'agency_name': 'Unknown'}, {'duration': 1800, 'departure_time': 15000, 'arrival_time': 16800, 'day': 'current_day', 'from_stop_id': 'A-0', 'to_stop_id': 'B-0', 'trip_id': 'IE-25-0', 'agency_name': 'Unknown'}, {'duration': 30, 'departure_time': 16800, 'arrival_time': 16830, 'day': 'current_day', 'from_stop_id': 'B-0', 'to_stop_id': 'B-1', 'trip_id': 'walking', 'agency_name': 'Unknown'}, {'duration': 450, 'departure_time': 16920, 'arrival_time': 17370, 'day': 'current_day', 'from_stop_id': 'B-1', 'to_stop_id': '182-1', 'trip_id': '3-0-22', 'agency_name': 'Unknown'}]}",4021.0
16,178,13830,inter,left,35,[16],[178],0,0,0,0,13830,13890.0,17100.0,17160.0,3210.0,4.0,16,178,,,pt,17160.0,3330.0,"{'duration': 3210, 'source_transfer_time': 0, 'waiting_time': 570, 'trip_time': 2640, 'num_transfers': 4, 'departure_time': 13890, 'departure_day': 'current_day', 'arrival_time': 17100, 'arrival_day': 'current_day', 'steps': [{'duration': 360, 'departure_time': 14460, 'arrival_time': 14820, 'day': 'current_day', 'from_stop_id': '16-2', 'to_stop_id': 'A-2', 'trip_id': '2-1-18', 'agency_name': 'Unknown'}, {'duration': 30, 'departure_time': 14820, 'arrival_time': 14850, 'day': 'current_day', 'from_stop_id': 'A-2', 'to_stop_id': 'A-0', 'trip_id': 'walking', 'agency_name': 'Unknown'}, {'duration': 1800, 'departure_time': 15000, 'arrival_time': 16800, 'day': 'current_day', 'from_stop_id': 'A-0', 'to_stop_id': 'B-0', 'trip_id': 'IE-25-0', 'agency_name': 'Unknown'}, {'duration': 30, 'departure_time': 16800, 'arrival_time': 16830, 'day': 'current_day', 'from_stop_id': 'B-0', 'to_stop_id': 'B-1', 'trip_id': 'walking', 'agency_name': 'Unknown'}, {'duration': 180, 'departure_time': 16920, 'arrival_time': 17100, 'day': 'current_day', 'from_stop_id': 'B-1', 'to_stop_id': '178-1', 'trip_id': '3-1-22', 'agency_name': 'Unknown'}]}",3330.0
83,208,11190,inter,left,36,[85; 95; 105],[197; 207; 209],1000,751,500,375,11941,12001.0,15690.0,15750.0,3689.0,4.0,85,209,,,pt,16125.0,4935.0,"{'duration': 3689, 'source_transfer_time': 0, 'waiting_time': 539, 'trip_time': 3150, 'num_transfers': 4, 'departure_time': 12001, 'departure_day': 'current_day', 'arrival_time': 15690, 'arrival_day': 'current_day', 'steps': [{'duration': 540, 'departure_time': 12540, 'arrival_time': 13080, 'day': 'current_day', 'from_stop_id': '85-5', 'to_stop_id': 'A-5', 'trip_id': '8-1-15', 'agency_name': 'Unknown'}, {'duration': 30, 'departure_time': 13080, 'arrival_time': 13110, 'day': 'current_day', 'from_stop_id': 'A-5', 'to_stop_id': 'A-0', 'trip_id': 'walking', 'agency_name': 'Unknown'}, {'duration': 1800, 'departure_time': 13200, 'arrival_time': 15000, 'day': 'current_day', 'from_stop_id': 'A-0', 'to_stop_id': 'B-0', 'trip_id': 'IE-22-0', 'agency_name': 'Unknown'}, {'duration': 30, 'departure_time': 15000, 'arrival_time': 15030, 'day': 'current_day', 'from_stop_id': 'B-0', 'to_stop_id': 'B-2', 'trip_id': 'walking', 'agency_name': 'Unknown'}, {'duration': 270, 'departure_time': 15420, 'arrival_time': 15690, 'day': 'current_day', 'from_stop_id': 'B-2', 'to_stop_id': '209-2', 'trip_id': '4-1-19', 'agency_name': 'Unknown'}]}",4935.0
112,215,13560,inter,left,37,[110],[216; 226],1000,751,500,375,14311,14371.0,18600.0,18660.0,4229.0,4.0,110,216,,,pt,19035.0,5475.0,"{'duration': 4229, 'source_transfer_time': 0, 'waiting_time': 599, 'trip_time': 3630, 'num_transfers': 4, 'departure_time': 14371, 'departure_day': 'current_day', 'arrival_time': 18600, 'arrival_day': 'current_day', 'steps': [{'duration': 450, 'departure_time': 14970, 'arrival_time': 15420, 'day': 'current_day', 'from_stop_id': '110-2', 'to_stop_id': 'A-2', 'trip_id': '2-0-19', 'agency_name': 'Unknown'}, {'duration': 30, 'departure_time': 15420, 'arrival_time': 15450, 'day': 'current_day', 'from_stop_id': 'A-2', 'to_stop_id': 'A-0', 'trip_id': 'walking', 'agency_name': 'Unknown'}, {'duration': 1800, 'departure_time': 15600, 'arrival_time': 17400, 'day': 'current_day', 'from_stop_id': 'A-0', 'to_stop_id': 'B-0', 'trip_id': 'IE-26-0', 'agency_name': 'Unknown'}, {'duration': 30, 'departure_time': 17400, 'arrival_time': 17430, 'day': 'current_day', 'from_stop_id': 'B-0', 'to_stop_id': 'B-5', 'trip_id': 'walking', 'agency_name': 'Unknown'}, {'duration': 720, 'departure_time': 17880, 'arrival_time': 18600, 'day': 'current_day', 'from_stop_id': 'B-5', 'to_stop_id': '216-5', 'trip_id': '10-0-23', 'agency_name': 'Unknown'}]}",5475.0
79,132,4260,inter,left,38,[79],[132],0,0,0,0,4260,4320.0,8190.0,8250.0,3870.0,4.0,79,132,,,pt,8250.0,3990.0,"{'duration': 3870, 'source_transfer_time': 0, 'waiting_time': 300, 'trip_time': 3570, 'num_transfers': 4, 'departure_time': 4320, 'departure_day': 'current_day', 'arrival_time': 8190, 'arrival_day': 'current_day', 'steps': [{'duration': 360, 'departure_time': 4620, 'arrival_time': 4980, 'day': 'current_day', 'from_stop_id': '79-4', 'to_stop_id': 'A-4', 'trip_id': '7-1-2', 'agency_name': 'Unknown'}, {'duration': 30, 'departure_time': 4980, 'arrival_time': 5010, 'day': 'current_day', 'from_stop_id': 'A-4', 'to_stop_id': 'A-0', 'trip_id': 'walking', 'agency_name': 'Unknown'}, {'duration': 1800, 'departure_time': 5400, 'arrival_time': 7200, 'day': 'current_day', 'from_stop_id': 'A-0', 'to_stop_id': 'B-0', 'trip_id': 'IE-9-0', 'agency_name': 'Unknown'}, {'duration': 30, 'departure_time': 7200, 'arrival_time': 7230, 'day': 'current_day', 'from_stop_id': 'B-0', 'to_stop_id': 'B-4', 'trip_id': 'walking', 'agency_name': 'Unknown'}, {'duration': 810, 'departure_time': 7380, 'arrival_time': 8190, 'day': 'current_day', 'from_stop_id': 'B-4', 'to_stop_id': '132-4', 'trip_id': '9-1-6', 'agency_name': 'Unknown'}]}",3990.0
41,187,6660,inter,left,39,[30; 40],[187],500,375,0,0,7035,7095.0,10260.0,10320.0,3165.0,4.0,30,187,,,pt,10320.0,3660.0,"{'duration': 3165, 'source_transfer_time': 0, 'waiting_time': 45, 'trip_time': 3120, 'num_transfers': 4, 'departure_time': 7095, 'departure_day': 'current_day', 'arrival_time': 10260, 'arrival_day': 'current_day', 'steps': [{'duration': 540, 'departure_time': 7140, 'arrival_time': 7680, 'day': 'current_day', 'from_stop_id': '30-5', 'to_stop_id': 'A-5', 'trip_id': '8-0-6', 'agency_name': 'Unknown'}, {'duration': 30, 'departure_time': 7680, 'arrival_time': 7710, 'day': 'current_day', 'from_stop_id': 'A-5', 'to_stop_id': 'A-0', 'trip_id': 'walking', 'agency_name': 'Unknown'}, {'duration': 1800, 'departure_time': 7800, 'arrival_time': 9600, 'day': 'current_day', 'from_stop_id': 'A-0', 'to_stop_id': 'B-0', 'trip_id': 'IE-13-0', 'agency_name': 'Unknown'}, {'duration': 30, 'departure_time': 9600, 'arrival_time': 9630, 'day': 'current_day', 'from_stop_id': 'B-0', 'to_stop_id': 'B-5', 'trip_id': 'walking', 'agency_name': 'Unknown'}, {'duration': 180, 'departure_time': 10080, 'arrival_time': 10260, 'day': 'current_day', 'from_stop_id': 'B-5', 'to_stop_id': '187-5', 'trip_id': '10-0-10', 'agency_name': 'Unknown'}]}",3660.0
76,206,5040,inter,left,40,[76],[206],0,0,0,0,5040,5100.0,8820.0,8880.0,3720.0,4.0,76,206,,,pt,8880.0,3840.0,"{'duration': 3720, 'source_transfer_time': 0, 'waiting_time': 510, 'trip_time': 3210, 'num_transfers': 4, 'departure_time': 5100, 'departure_day': 'current_day', 'arrival_time': 8820, 'arrival_day': 'current_day', 'steps': [{'duration': 270, 'departure_time': 5610, 'arrival_time': 5880, 'day': 'current_day', 'from_stop_id': '76-5', 'to_stop_id': 'A-5', 'trip_id': '8-1-3', 'agency_name': 'Unknown'}, {'duration': 30, 'departure_time': 5880, 'arrival_time': 5910, 'day': 'current_day', 'from_stop_id': 'A-5', 'to_stop_id': 'A-0', 'trip_id': 'walking', 'agency_name': 'Unknown'}, {'duration': 1800, 'departure_time': 6000, 'arrival_time': 7800, 'day': 'current_day', 'from_stop_id': 'A-0', 'to_stop_id': 'B-0', 'trip_id': 'IE-10-0', 'agency_name': 'Unknown'}, {'duration': 30, 'departure_time': 7800, 'arrival_time': 7830, 'day': 'current_day', 'from_stop_id': 'B-0', 'to_stop_id': 'B-5', 'trip_id': 'walking', 'agency_name': 'Unknown'}, {'duration': 540, 'departure_time': 8280, 'arrival_time': 8820, 'day': 'current_day', 'from_stop_id': 'B-5', 'to_stop_id': '206-5', 'trip_id': '10-0-7', 'agency_name': 'Unknown'}]}",3840.0
105,169,11820,inter,left,41,[105],[169],0,0,0,0,11820,11880.0,15360.0,15420.0,3480.0,4.0,105,169,,,pt,15420.0,3600.0,"{'duration': 3480, 'source_transfer_time': 0, 'waiting_time': 300, 'trip_time': 3180, 'num_transfers': 4, 'departure_time': 11880, 'departure_day': 'current_day', 'arrival_time': 15360, 'arrival_day': 'current_day', 'steps': [{'duration': 900, 'departure_time': 12180, 'arrival_time': 13080, 'day': 'current_day', 'from_stop_id': '105-5', 'to_stop_id': 'A-5', 'trip_id': '8-1-15', 'agency_name': 'Unknown'}, {'duration': 30, 'departure_time': 13080, 'arrival_time': 13110, 'day': 'current_day', 'from_stop_id': 'A-5', 'to_stop_id': 'A-0', 'trip_id': 'walking', 'agency_name': 'Unknown'}, {'duration': 1800, 'departure_time': 13200, 'arrival_time': 15000, 'day': 'current_day', 'from_stop_id': 'A-0', 'to_stop_id': 'B-0', 'trip_id': 'IE-22-0', 'agency_name': 'Unknown'}, {'duration': 30, 'departure_time': 15000, 'arrival_time': 15030, 'day': 'current_day', 'from_stop_id': 'B-0', 'to_stop_id': 'B-4', 'trip_id': 'walking', 'agency_name': 'Unknown'}, {'duration': 180, 'departure_time': 15180, 'arrival_time': 15360, 'day': 'current_day', 'from_stop_id': 'B-4', 'to_stop_id': '169-4', 'trip_id': '9-1-19', 'agency_name': 'Unknown'}]}",3600.0
115,143,12150,inter,left,42,[115],[132; 144],0,0,500,375,12150,12210.0,16410.0,16470.0,4200.0,4.0,115,144,,,pt,16845.0,4695.0,"{'duration': 4200, 'source_transfer_time': 0, 'waiting_time': 270, 'trip_time': 3930, 'num_transfers': 4, 'departure_time': 12210, 'departure_day': 'current_day', 'arrival_time': 16410, 'arrival_day': 'current_day', 'steps': [{'duration': 900, 'departure_time': 12480, 'arrival_time': 13380, 'day': 'current_day', 'from_stop_id': '115-4', 'to_stop_id': 'A-4', 'trip_id': '7-1-16', 'agency_name': 'Unknown'}, {'duration': 30, 'departure_time': 13380, 'arrival_time': 13410, 'day': 'current_day', 'from_stop_id': 'A-4', 'to_stop_id': 'A-0', 'trip_id': 'walking', 'agency_name': 'Unknown'}, {'duration': 1800, 'departure_time': 13800, 'arrival_time': 15600, 'day': 'current_day', 'from_stop_id': 'A-0', 'to_stop_id': 'B-0', 'trip_id': 'IE-23-0', 'agency_name': 'Unknown'}, {'duration': 30, 'departure_time': 15600, 'arrival_time': 15630, 'day': 'current_day', 'from_stop_id': 'B-0', 'to_stop_id': 'B-4', 'trip_id': 'walking', 'agency_name': 'Unknown'}, {'duration': 630, 'departure_time': 15780, 'arrival_time': 16410, 'day': 'current_day', 'from_stop_id': 'B-4', 'to_stop_id': '144-4', 'trip_id': '9-1-20', 'agency_name': 'Unknown'}]}",4695.0
99,183,3630,inter,left,43,[99],[175],0,0,500,375,3630,3690.0,7170.0,7230.0,3480.0,4.0,99,175,,,pt,7605.0,3975.0,"{'duration': 3480, 'source_transfer_time': 0, 'waiting_time': 570, 'trip_time': 2910, 'num_transfers': 4, 'departure_time': 3690, 'departure_day': 'current_day', 'arrival_time': 7170, 'arrival_day': 'current_day', 'steps': [{'duration': 360, 'departure_time': 4260, 'arrival_time': 4620, 'day': 'current_day', 'from_stop_id': '99-2', 'to_stop_id': 'A-2', 'trip_id': '2-0-1', 'agency_name': 'Unknown'}, {'duration': 30, 'departure_time': 4620, 'arrival_time': 4650, 'day': 'current_day', 'from_stop_id': 'A-2', 'to_stop_id': 'A-0', 'trip_id': 'walking', 'agency_name': 'Unknown'}, {'duration': 1800, 'departure_time': 4800, 'arrival_time': 6600, 'day': 'current_day', 'from_stop_id': 'A-0', 'to_stop_id': 'B-0', 'trip_id': 'IE-8-0', 'agency_name': 'Unknown'}, {'duration': 30, 'departure_time': 6600, 'arrival_time': 6630, 'day': 'current_day', 'from_stop_id': 'B-0', 'to_stop_id': 'B-1', 'trip_id': 'walking', 'agency_name': 'Unknown'}, {'duration': 450, 'departure_time': 6720, 'arrival_time': 7170, 'day': 'current_day', 'from_stop_id': 'B-1', 'to_stop_id': '175-1', 'trip_id': '3-1-5', 'agency_name': 'Unknown'}]}",3975.0
70,218,4320,inter,left,44,[60],[207; 217],500,375,500,375,4695,4755.0,8730.0,8790.0,3975.0,4.0,60,207,,,pt,9165.0,4845.0,"{'duration': 3975, 'source_transfer_time': 0, 'waiting_time': 405, 'trip_time': 3570, 'num_transfers': 4, 'departure_time': 4755, 'departure_day': 'current_day', 'arrival_time': 8730, 'arrival_day': 'current_day', 'steps': [{'duration': 360, 'departure_time': 5160, 'arrival_time': 5520, 'day': 'current_day', 'from_stop_id': '60-1', 'to_stop_id': 'A-1', 'trip_id': '1-1-3', 'agency_name': 'Unknown'}, {'duration': 30, 'departure_time': 5520, 'arrival_time': 5550, 'day': 'current_day', 'from_stop_id': 'A-1', 'to_stop_id': 'A-0', 'trip_id': 'walking', 'agency_name': 'Unknown'}, {'duration': 1800, 'departure_time': 6000, 'arrival_time': 7800, 'day': 'current_day', 'from_stop_id': 'A-0', 'to_stop_id': 'B-0', 'trip_id': 'IE-10-0', 'agency_name': 'Unknown'}, {'duration': 30, 'departure_time': 7800, 'arrival_time': 7830, 'day': 'current_day', 'from_stop_id': 'B-0', 'to_stop_id': 'B-5', 'trip_id': 'walking', 'agency_name': 'Unknown'}, {'duration': 450, 'departure_time': 8280, 'arrival_time': 8730, 'day': 'current_day', 'from_stop_id': 'B-5', 'to_stop_id': '207-5', 'trip_id': '10-0-7', 'agency_name': 'Unknown'}]}",4845.0
102,161,7650,inter,left,45,[91; 103],[161],500,375,0,0,8025,8085.0,12240.0,12300.0,4155.0,4.0,91,161,,,pt,12300.0,4650.0,"{'duration': 4155, 'source_transfer_time': 0, 'waiting_time': 555, 'trip_time': 3600, 'num_transfers': 4, 'departure_time': 8085, 'departure_day': 'current_day', 'arrival_time': 12240, 'arrival_day': 'current_day', 'steps': [{'duration': 540, 'departure_time': 8640, 'arrival_time': 9180, 'day': 'current_day', 'from_stop_id': '91-4', 'to_stop_id': 'A-4', 'trip_id': '7-1-9', 'agency_name': 'Unknown'}, {'duration': 30, 'departure_time': 9180, 'arrival_time': 9210, 'day': 'current_day', 'from_stop_id': 'A-4', 'to_stop_id': 'A-0', 'trip_id': 'walking', 'agency_name': 'Unknown'}, {'duration': 1800, 'departure_time': 9600, 'arrival_time': 11400, 'day': 'current_day', 'from_stop_id': 'A-0', 'to_stop_id': 'B-0', 'trip_id': 'IE-16-0', 'agency_name': 'Unknown'}, {'duration': 30, 'departure_time': 11400, 'arrival_time': 11430, 'day': 'current_day', 'from_stop_id': 'B-0', 'to_stop_id': 'B-5', 'trip_id': 'walking', 'agency_name': 'Unknown'}, {'duration': 360, 'departure_time': 11880, 'arrival_time': 12240, 'day': 'current_day', 'from_stop_id': 'B-5', 'to_stop_id': '161-5', 'trip_id': '10-1-13', 'agency_name': 'Unknown'}]}",4650.0
42,121,8790,inter,left,46,[20; 30; 40; 60],[121],1000,751,0,0,9541,9601.0,13080.0,13140.0,3479.0,4.0,40,121,,,pt,13140.0,4350.0,"{'duration': 3479, 'source_transfer_time': 0, 'waiting_time': 119, 'trip_time': 3360, 'num_transfers': 4, 'departure_time': 9601, 'departure_day': 'current_day', 'arrival_time': 13080, 'arrival_day': 'current_day', 'steps': [{'duration': 360, 'departure_time': 9720, 'arrival_time': 10080, 'day': 'current_day', 'from_stop_id': '40-5', 'to_stop_id': 'A-5', 'trip_id': '8-0-10', 'agency_name': 'Unknown'}, {'duration': 30, 'departure_time': 10080, 'arrival_time': 10110, 'day': 'current_day', 'from_stop_id': 'A-5', 'to_stop_id': 'A-0', 'trip_id': 'walking', 'agency_name': 'Unknown'}, {'duration': 1800, 'departure_time': 10200, 'arrival_time': 12000, 'day': 'current_day', 'from_stop_id': 'A-0', 'to_stop_id': 'B-0', 'trip_id': 'IE-17-0', 'agency_name': 'Unknown'}, {'duration': 30, 'departure_time': 12000, 'arrival_time': 12030, 'day': 'current_day', 'from_stop_id': 'B-0', 'to_stop_id': 'B-4', 'trip_id': 'walking', 'agency_name': 'Unknown'}, {'duration': 900, 'departure_time': 12180, 'arrival_time': 13080, 'day': 'current_day', 'from_stop_id': 'B-4', 'to_stop_id': '121-4', 'trip_id': '9-1-14', 'agency_name': 'Unknown'}]}",4350.0
33,232,9180,inter,left,47,[11; 23; 35; 54],[231],1000,751,500,375,9931,9991.0,14070.0,14130.0,4079.0,4.0,11,231,,,pt,14505.0,5325.0,"{'duration': 4079, 'source_transfer_time': 0, 'waiting_time': 179, 'trip_time': 3900, 'num_transfers': 4, 'departure_time': 9991, 'departure_day': 'current_day', 'arrival_time': 14070, 'arrival_day': 'current_day', 'steps': [{'duration': 810, 'departure_time': 10170, 'arrival_time': 10980, 'day': 'current_day', 'from_stop_id': '11-4', 'to_stop_id': 'A-4', 'trip_id': '7-0-12', 'agency_name': 'Unknown'}, {'duration': 30, 'departure_time': 10980, 'arrival_time': 11010, 'day': 'current_day', 'from_stop_id': 'A-4', 'to_stop_id': 'A-0', 'trip_id': 'walking', 'agency_name': 'Unknown'}, {'duration': 1800, 'departure_time': 11400, 'arrival_time': 13200, 'day': 'current_day', 'from_stop_id': 'A-0', 'to_stop_id': 'B-0', 'trip_id': 'IE-19-0', 'agency_name': 'Unknown'}, {'duration': 30, 'departure_time': 13200, 'arrival_time': 13230, 'day': 'current_day', 'from_stop_id': 'B-0', 'to_stop_id': 'B-2', 'trip_id': 'walking', 'agency_name': 'Unknown'}, {'duration': 450, 'departure_time': 13620, 'arrival_time': 14070, 'day': 'current_day', 'from_stop_id': 'B-2', 'to_stop_id': '231-2', 'trip_id': '4-1-16', 'agency_name': 'Unknown'}]}",5325.0
35,207,10380,inter,left,48,[35],[207],0,0,0,0,10380,10440.0,14130.0,14190.0,3690.0,4.0,35,207,,,pt,14190.0,3810.0,"{'duration': 3690, 'source_transfer_time': 0, 'waiting_time': 90, 'trip_time': 3600, 'num_transfers': 4, 'departure_time': 10440, 'departure_day': 'current_day', 'arrival_time': 14130, 'arrival_day': 'current_day', 'steps': [{'duration': 450, 'departure_time': 10530, 'arrival_time': 10980, 'day': 'current_day', 'from_stop_id': '35-4', 'to_stop_id': 'A-4', 'trip_id': '7-0-12', 'agency_name': 'Unknown'}, {'duration': 30, 'departure_time': 10980, 'arrival_time': 11010, 'day': 'current_day', 'from_stop_id': 'A-4', 'to_stop_id': 'A-0', 'trip_id': 'walking', 'agency_name': 'Unknown'}, {'duration': 1800, 'departure_time': 11400, 'arrival_time': 13200, 'day': 'current_day', 'from_stop_id': 'A-0', 'to_stop_id': 'B-0', 'trip_id': 'IE-19-0', 'agency_name': 'Unknown'}, {'duration': 30, 'departure_time': 13200, 'arrival_time': 13230, 'day': 'current_day', 'from_stop_id': 'B-0', 'to_stop_id': 'B-5', 'trip_id': 'walking', 'agency_name': 'Unknown'}, {'duration': 450, 'departure_time': 13680, 'arrival_time': 14130, 'day': 'current_day', 'from_stop_id': 'B-5', 'to_stop_id': '207-5', 'trip_id': '10-0-16', 'agency_name': 'Unknown'}]}",3810.0
16,208,5430,inter,left,49,[16],[197; 207; 209],0,0,500,375,5430,5490.0,9090.0,9150.0,3600.0,4.0,16,209,,,pt,9525.0,4095.0,"{'duration': 3600, 'source_transfer_time': 0, 'waiting_time': 570, 'trip_time': 3030, 'num_transfers': 4, 'departure_time': 5490, 'departure_day': 'current_day', 'arrival_time': 9090, 'arrival_day': 'current_day', 'steps': [{'duration': 360, 'departure_time': 6060, 'arrival_time': 6420, 'day': 'current_day', 'from_stop_id': '16-2', 'to_stop_id': 'A-2', 'trip_id': '2-1-4', 'agency_name': 'Unknown'}, {'duration': 30, 'departure_time': 6420, 'arrival_time': 6450, 'day': 'current_day', 'from_stop_id': 'A-2', 'to_stop_id': 'A-0', 'trip_id': 'walking', 'agency_name': 'Unknown'}, {'duration': 1800, 'departure_time': 6600, 'arrival_time': 8400, 'day': 'current_day', 'from_stop_id': 'A-0', 'to_stop_id': 'B-0', 'trip_id': 'IE-11-0', 'agency_name': 'Unknown'}, {'duration': 30, 'departure_time': 8400, 'arrival_time': 8430, 'day': 'current_day', 'from_stop_id': 'B-0', 'to_stop_id': 'B-2', 'trip_id': 'walking', 'agency_name': 'Unknown'}, {'duration': 270, 'departure_time': 8820, 'arrival_time': 9090, 'day': 'current_day', 'from_stop_id': 'B-2', 'to_stop_id': '209-2', 'trip_id': '4-1-8', 'agency_name': 'Unknown'}]}",4095.0
36,219,12480,inter,left,50,[36],[220],0,0,500,375,12480,12540.0,16380.0,16440.0,3840.0,4.0,36,220,,,pt,16815.0,4335.0,"{'duration': 3840, 'source_transfer_time': 0, 'waiting_time': 480, 'trip_time': 3360, 'num_transfers': 4, 'departure_time': 12540, 'departure_day': 'current_day', 'arrival_time': 16380, 'arrival_day': 'current_day', 'steps': [{'duration': 360, 'departure_time': 13020, 'arrival_time': 13380, 'day': 'current_day', 'from_stop_id': '36-4', 'to_stop_id': 'A-4', 'trip_id': '7-0-16', 'agency_name': 'Unknown'}, {'duration': 30, 'departure_time': 13380, 'arrival_time': 13410, 'day': 'current_day', 'from_stop_id': 'A-4', 'to_stop_id': 'A-0', 'trip_id': 'walking', 'agency_name': 'Unknown'}, {'duration': 1800, 'departure_time': 13800, 'arrival_time': 15600, 'day': 'current_day', 'from_stop_id': 'A-0', 'to_stop_id': 'B-0', 'trip_id': 'IE-23-0', 'agency_name': 'Unknown'}, {'duration': 30, 'departure_time': 15600, 'arrival_time': 15630, 'day': 'current_day', 'from_stop_id': 'B-0', 'to_stop_id': 'B-2', 'trip_id': 'walking', 'agency_name': 'Unknown'}, {'duration': 360, 'departure_time': 16020, 'arrival_time': 16380, 'day': 'current_day', 'from_stop_id': 'B-2', 'to_stop_id': '220-2', 'trip_id': '4-1-20', 'agency_name': 'Unknown'}]}",4335.0
43,177,6990,inter,left,51,[61],[177],1000,751,0,0,7741,7801.0,11190.0,11250.0,3389.0,4.0,61,177,,,pt,11250.0,4260.0,"{'duration': 3389, 'source_transfer_time': 0, 'waiting_time': 269, 'trip_time': 3120, 'num_transfers': 4, 'departure_time': 7801, 'departure_day': 'current_day', 'arrival_time': 11190, 'arrival_day': 'current_day', 'steps': [{'duration': 450, 'departure_time': 8070, 'arrival_time': 8520, 'day': 'current_day', 'from_stop_id': '61-1', 'to_stop_id': 'A-1', 'trip_id': '1-1-8', 'agency_name': 'Unknown'}, {'duration': 30, 'departure_time': 8520, 'arrival_time': 8550, 'day': 'current_day', 'from_stop_id': 'A-1', 'to_stop_id': 'A-0', 'trip_id': 'walking', 'agency_name': 'Unknown'}, {'duration': 1800, 'departure_time': 9000, 'arrival_time': 10800, 'day': 'current_day', 'from_stop_id': 'A-0', 'to_stop_id': 'B-0', 'trip_id': 'IE-15-0', 'agency_name': 'Unknown'}, {'duration': 30, 'departure_time': 10800, 'arrival_time': 10830, 'day': 'current_day', 'from_stop_id': 'B-0', 'to_stop_id': 'B-1', 'trip_id': 'walking', 'agency_name': 'Unknown'}, {'duration': 270, 'departure_time': 10920, 'arrival_time': 11190, 'day': 'current_day', 'from_stop_id': 'B-1', 'to_stop_id': '177-1', 'trip_id': '3-1-12', 'agency_name': 'Unknown'}]}",4260.0
18,205,9660,inter,left,52,[19; 29],[206; 216],500,375,500,375,10035,10095.0,13620.0,13680.0,3525.0,4.0,29,206,,,pt,14055.0,4395.0,"{'duration': 3525, 'source_transfer_time': 0, 'waiting_time': 135, 'trip_time': 3390, 'num_transfers': 4, 'departure_time': 10095, 'departure_day': 'current_day', 'arrival_time': 13620, 'arrival_day': 'current_day', 'steps': [{'duration': 450, 'departure_time': 10230, 'arrival_time': 10680, 'day': 'current_day', 'from_stop_id': '29-5', 'to_stop_id': 'A-5', 'trip_id': '8-0-11', 'agency_name': 'Unknown'}, {'duration': 30, 'departure_time': 10680, 'arrival_time': 10710, 'day': 'current_day', 'from_stop_id': 'A-5', 'to_stop_id': 'A-0', 'trip_id': 'walking', 'agency_name': 'Unknown'}, {'duration': 1800, 'departure_time': 10800, 'arrival_time': 12600, 'day': 'current_day', 'from_stop_id': 'A-0', 'to_stop_id': 'B-0', 'trip_id': 'IE-18-0', 'agency_name': 'Unknown'}, {'duration': 30, 'departure_time': 12600, 'arrival_time': 12630, 'day': 'current_day', 'from_stop_id': 'B-0', 'to_stop_id': 'B-5', 'trip_id': 'walking', 'agency_name': 'Unknown'}, {'duration': 540, 'departure_time': 13080, 'arrival_time': 13620, 'day': 'current_day', 'from_stop_id': 'B-5', 'to_stop_id': '206-5', 'trip_id': '10-0-15', 'agency_name': 'Unknown'}]}",4395.0
43,129,4590,inter,left,53,[61],[130; 140],1000,751,500,375,5341,5401.0,9510.0,9570.0,4109.0,4.0,61,140,,,pt,9945.0,5355.0,"{'duration': 4109, 'source_transfer_time': 0, 'waiting_time': 269, 'trip_time': 3840, 'num_transfers': 4, 'departure_time': 5401, 'departure_day': 'current_day', 'arrival_time': 9510, 'arrival_day': 'current_day', 'steps': [{'duration': 450, 'departure_time': 5670, 'arrival_time': 6120, 'day': 'current_day', 'from_stop_id': '61-1', 'to_stop_id': 'A-1', 'trip_id': '1-1-4', 'agency_name': 'Unknown'}, {'duration': 30, 'departure_time': 6120, 'arrival_time': 6150, 'day': 'current_day', 'from_stop_id': 'A-1', 'to_stop_id': 'A-0', 'trip_id': 'walking', 'agency_name': 'Unknown'}, {'duration': 1800, 'departure_time': 6600, 'arrival_time': 8400, 'day': 'current_day', 'from_stop_id': 'A-0', 'to_stop_id': 'B-0', 'trip_id': 'IE-11-0', 'agency_name': 'Unknown'}, {'duration': 30, 'departure_time': 8400, 'arrival_time': 8430, 'day': 'current_day', 'from_stop_id': 'B-0', 'to_stop_id': 'B-5', 'trip_id': 'walking', 'agency_name': 'Unknown'}, {'duration': 630, 'departure_time': 8880, 'arrival_time': 9510, 'day': 'current_day', 'from_stop_id': 'B-5', 'to_stop_id': '140-5', 'trip_id': '10-1-8', 'agency_name': 'Unknown'}]}",5355.0
86,221,7230,inter,left,54,[86],[220],0,0,500,375,7230,7290.0,10980.0,11040.0,3690.0,4.0,86,220,,,pt,11415.0,4185.0,"{'duration': 3690, 'source_transfer_time': 0, 'waiting_time': 540, 'trip_time': 3150, 'num_transfers': 4, 'departure_time': 7290, 'departure_day': 'current_day', 'arrival_time': 10980, 'arrival_day': 'current_day', 'steps': [{'duration': 450, 'departure_time': 7830, 'arrival_time': 8280, 'day': 'current_day', 'from_stop_id': '86-5', 'to_stop_id': 'A-5', 'trip_id': '8-1-7', 'agency_name': 'Unknown'}, {'duration': 30, 'departure_time': 8280, 'arrival_time': 8310, 'day': 'current_day', 'from_stop_id': 'A-5', 'to_stop_id': 'A-0', 'trip_id': 'walking', 'agency_name': 'Unknown'}, {'duration': 1800, 'departure_time': 8400, 'arrival_time': 10200, 'day': 'current_day', 'from_stop_id': 'A-0', 'to_stop_id': 'B-0', 'trip_id': 'IE-14-0', 'agency_name': 'Unknown'}, {'duration': 30, 'departure_time': 10200, 'arrival_time': 10230, 'day': 'current_day', 'from_stop_id': 'B-0', 'to_stop_id': 'B-2', 'trip_id': 'walking', 'agency_name': 'Unknown'}, {'duration': 360, 'departure_time': 10620, 'arrival_time': 10980, 'day': 'current_day', 'from_stop_id': 'B-2', 'to_stop_id': '220-2', 'trip_id': '4-1-11', 'agency_name': 'Unknown'}]}",4185.0
43,140,13830,inter,left,55,[61],[140],1000,751,0,0,14581,14641.0,18510.0,18570.0,3869.0,4.0,61,140,,,pt,18570.0,4740.0,"{'duration': 3869, 'source_transfer_time': 0, 'waiting_time': 29, 'trip_time': 3840, 'num_transfers': 4, 'departure_time': 14641, 'departure_day': 'current_day', 'arrival_time': 18510, 'arrival_day': 'current_day', 'steps': [{'duration': 450, 'departure_time': 14670, 'arrival_time': 15120, 'day': 'current_day', 'from_stop_id': '61-1', 'to_stop_id': 'A-1', 'trip_id': '1-1-19', 'agency_name': 'Unknown'}, {'duration': 30, 'departure_time': 15120, 'arrival_time': 15150, 'day': 'current_day', 'from_stop_id': 'A-1', 'to_stop_id': 'A-0', 'trip_id': 'walking', 'agency_name': 'Unknown'}, {'duration': 1800, 'departure_time': 15600, 'arrival_time': 17400, 'day': 'current_day', 'from_stop_id': 'A-0', 'to_stop_id': 'B-0', 'trip_id': 'IE-26-0', 'agency_name': 'Unknown'}, {'duration': 30, 'departure_time': 17400, 'arrival_time': 17430, 'day': 'current_day', 'from_stop_id': 'B-0', 'to_stop_id': 'B-5', 'trip_id': 'walking', 'agency_name': 'Unknown'}, {'duration': 630, 'departure_time': 17880, 'arrival_time': 18510, 'day': 'current_day', 'from_stop_id': 'B-5', 'to_stop_id': '140-5', 'trip_id': '10-1-23', 'agency_name': 'Unknown'}]}",4740.0
49,210,11490,inter,left,56,[49],[209],0,0,500,375,11490,11550.0,14490.0,14550.0,2940.0,4.0,49,209,,,pt,14925.0,3435.0,"{'duration': 2940, 'source_transfer_time': 0, 'waiting_time': 150, 'trip_time': 2790, 'num_transfers': 4, 'departure_time': 11550, 'departure_day': 'current_day', 'arrival_time': 14490, 'arrival_day': 'current_day', 'steps': [{'duration': 180, 'departure_time': 11700, 'arrival_time': 11880, 'day': 'current_day', 'from_stop_id': '49-5', 'to_stop_id': 'A-5', 'trip_id': '8-0-13', 'agency_name': 'Unknown'}, {'duration': 30, 'departure_time': 11880, 'arrival_time': 11910, 'day': 'current_day', 'from_stop_id': 'A-5', 'to_stop_id': 'A-0', 'trip_id': 'walking', 'agency_name': 'Unknown'}, {'duration': 1800, 'departure_time': 12000, 'arrival_time': 13800, 'day': 'current_day', 'from_stop_id': 'A-0', 'to_stop_id': 'B-0', 'trip_id': 'IE-20-0', 'agency_name': 'Unknown'}, {'duration': 30, 'departure_time': 13800, 'arrival_time': 13830, 'day': 'current_day', 'from_stop_id': 'B-0', 'to_stop_id': 'B-2', 'trip_id': 'walking', 'agency_name': 'Unknown'}, {'duration': 270, 'departure_time': 14220, 'arrival_time': 14490, 'day': 'current_day', 'from_stop_id': 'B-2', 'to_stop_id': '209-2', 'trip_id': '4-1-17', 'agency_name': 'Unknown'}]}",3435.0
58,163,13470,inter,left,57,[58],[141; 151; 161; 181],0,0,1000,751,13470,13530.0,16680.0,16740.0,3150.0,4.0,58,181,,,pt,17491.0,4021.0,"{'duration': 3150, 'source_transfer_time': 0, 'waiting_time': 210, 'trip_time': 2940, 'num_transfers': 4, 'departure_time': 13530, 'departure_day': 'current_day', 'arrival_time': 16680, 'arrival_day': 'current_day', 'steps': [{'duration': 180, 'departure_time': 13740, 'arrival_time': 13920, 'day': 'current_day', 'from_stop_id': '58-1', 'to_stop_id': 'A-1', 'trip_id': '1-1-17', 'agency_name': 'Unknown'}, {'duration': 30, 'departure_time': 13920, 'arrival_time': 13950, 'day': 'current_day', 'from_stop_id': 'A-1', 'to_stop_id': 'A-0', 'trip_id': 'walking', 'agency_name': 'Unknown'}, {'duration': 1800, 'departure_time': 14400, 'arrival_time': 16200, 'day': 'current_day', 'from_stop_id': 'A-0', 'to_stop_id': 'B-0', 'trip_id': 'IE-24-0', 'agency_name': 'Unknown'}, {'duration': 30, 'departure_time': 16200, 'arrival_time': 16230, 'day': 'current_day', 'from_stop_id': 'B-0', 'to_stop_id': 'B-1', 'trip_id': 'walking', 'agency_name': 'Unknown'}, {'duration': 360, 'departure_time': 16320, 'arrival_time': 16680, 'day': 'current_day', 'from_stop_id': 'B-1', 'to_stop_id': '181-1', 'trip_id': '3-0-21', 'agency_name': 'Unknown'}]}",4021.0
68,203,11580,inter,left,58,[68],[182; 201; 213; 225],0,0,1000,751,11580,11640.0,14970.0,15030.0,3330.0,4.0,68,182,,,pt,15781.0,4201.0,"{'duration': 3330, 'source_transfer_time': 0, 'waiting_time': 270, 'trip_time': 3060, 'num_transfers': 4, 'departure_time': 11640, 'departure_day': 'current_day', 'arrival_time': 14970, 'arrival_day': 'current_day', 'steps': [{'duration': 270, 'departure_time': 11910, 'arrival_time': 12180, 'day': 'current_day', 'from_stop_id': '68-4', 'to_stop_id': 'A-4', 'trip_id': '7-1-14', 'agency_name': 'Unknown'}, {'duration': 30, 'departure_time': 12180, 'arrival_time': 12210, 'day': 'current_day', 'from_stop_id': 'A-4', 'to_stop_id': 'A-0', 'trip_id': 'walking', 'agency_name': 'Unknown'}, {'duration': 1800, 'departure_time': 12600, 'arrival_time': 14400, 'day': 'current_day', 'from_stop_id': 'A-0', 'to_stop_id': 'B-0', 'trip_id': 'IE-21-0', 'agency_name': 'Unknown'}, {'duration': 30, 'departure_time': 14400, 'arrival_time': 14430, 'day': 'current_day', 'from_stop_id': 'B-0', 'to_stop_id': 'B-1', 'trip_id': 'walking', 'agency_name': 'Unknown'}, {'duration': 450, 'departure_time': 14520, 'arrival_time': 14970, 'day': 'current_day', 'from_stop_id': 'B-1', 'to_stop_id': '182-1', 'trip_id': '3-0-18', 'agency_name': 'Unknown'}]}",4201.0
67,218,12150,inter,left,59,[67],[207; 217],0,0,500,375,12150,12210.0,15930.0,15990.0,3720.0,4.0,67,207,,,pt,16365.0,4215.0,"{'duration': 3720, 'source_transfer_time': 0, 'waiting_time': 390, 'trip_time': 3330, 'num_transfers': 4, 'departure_time': 12210, 'departure_day': 'current_day', 'arrival_time': 15930, 'arrival_day': 'current_day', 'steps': [{'duration': 180, 'departure_time': 12600, 'arrival_time': 12780, 'day': 'current_day', 'from_stop_id': '67-4', 'to_stop_id': 'A-4', 'trip_id': '7-1-15', 'agency_name': 'Unknown'}, {'duration': 30, 'departure_time': 12780, 'arrival_time': 12810, 'day': 'current_day', 'from_stop_id': 'A-4', 'to_stop_id': 'A-0', 'trip_id': 'walking', 'agency_name': 'Unknown'}, {'duration': 1800, 'departure_time': 13200, 'arrival_time': 15000, 'day': 'current_day', 'from_stop_id': 'A-0', 'to_stop_id': 'B-0', 'trip_id': 'IE-22-0', 'agency_name': 'Unknown'}, {'duration': 30, 'departure_time': 15000, 'arrival_time': 15030, 'day': 'current_day', 'from_stop_id': 'B-0', 'to_stop_id': 'B-5', 'trip_id': 'walking', 'agency_name': 'Unknown'}, {'duration': 450, 'departure_time': 15480, 'arrival_time': 15930, 'day': 'current_day', 'from_stop_id': 'B-5', 'to_stop_id': '207-5', 'trip_id': '10-0-19', 'agency_name': 'Unknown'}]}",4215.0
58,155,7860,inter,left,60,[58],[144; 156],0,0,500,375,7860,7920.0,11430.0,11490.0,3510.0,4.0,58,156,,,pt,11865.0,4005.0,"{'duration': 3510, 'source_transfer_time': 0, 'waiting_time': 420, 'trip_time': 3090, 'num_transfers': 4, 'departure_time': 7920, 'departure_day': 'current_day', 'arrival_time': 11430, 'arrival_day': 'current_day', 'steps': [{'duration': 180, 'departure_time': 8340, 'arrival_time': 8520, 'day': 'current_day', 'from_stop_id': '58-1', 'to_stop_id': 'A-1', 'trip_id': '1-1-8', 'agency_name': 'Unknown'}, {'duration': 30, 'departure_time': 8520, 'arrival_time': 8550, 'day': 'current_day', 'from_stop_id': 'A-1', 'to_stop_id': 'A-0', 'trip_id': 'walking', 'agency_name': 'Unknown'}, {'duration': 1800, 'departure_time': 9000, 'arrival_time': 10800, 'day': 'current_day', 'from_stop_id': 'A-0', 'to_stop_id': 'B-0', 'trip_id': 'IE-15-0', 'agency_name': 'Unknown'}, {'duration': 30, 'departure_time': 10800, 'arrival_time': 10830, 'day': 'current_day', 'from_stop_id': 'B-0', 'to_stop_id': 'B-4', 'trip_id': 'walking', 'agency_name': 'Unknown'}, {'duration': 450, 'departure_time': 10980, 'arrival_time': 11430, 'day': 'current_day', 'from_stop_id': 'B-4', 'to_stop_id': '156-4', 'trip_id': '9-1-12', 'agency_name': 'Unknown'}]}",4005.0
11,191,13650,inter,left,61,[11],[181],0,0,500,375,13650,13710.0,17280.0,17340.0,3570.0,4.0,11,181,,,pt,17715.0,4065.0,"{'duration': 3570, 'source_transfer_time': 0, 'waiting_time': 60, 'trip_time': 3510, 'num_transfers': 4, 'departure_time': 13710, 'departure_day': 'current_day', 'arrival_time': 17280, 'arrival_day': 'current_day', 'steps': [{'duration': 810, 'departure_time': 13770, 'arrival_time': 14580, 'day': 'current_day', 'from_stop_id': '11-4', 'to_stop_id': 'A-4', 'trip_id': '7-0-18', 'agency_name': 'Unknown'}, {'duration': 30, 'departure_time': 14580, 'arrival_time': 14610, 'day': 'current_day', 'from_stop_id': 'A-4', 'to_stop_id': 'A-0', 'trip_id': 'walking', 'agency_name': 'Unknown'}, {'duration': 1800, 'departure_time': 15000, 'arrival_time': 16800, 'day': 'current_day', 'from_stop_id': 'A-0', 'to_stop_id': 'B-0', 'trip_id': 'IE-25-0', 'agency_name': 'Unknown'}, {'duration': 30, 'departure_time': 16800, 'arrival_time': 16830, 'day': 'current_day', 'from_stop_id': 'B-0', 'to_stop_id': 'B-1', 'trip_id': 'walking', 'agency_name': 'Unknown'}, {'duration': 360, 'departure_time': 16920, 'arrival_time': 17280, 'day': 'current_day', 'from_stop_id': 'B-1', 'to_stop_id': '181-1', 'trip_id': '3-0-22', 'agency_name': 'Unknown'}]}",4065.0
29,218,10380,inter,left,62,[29],[207; 217],0,0,500,375,10380,10440.0,14130.0,14190.0,3690.0,4.0,29,207,,,pt,14565.0,4185.0,"{'duration': 3690, 'source_transfer_time': 0, 'waiting_time': 390, 'trip_time': 3300, 'num_transfers': 4, 'departure_time': 10440, 'departure_day': 'current_day', 'arrival_time': 14130, 'arrival_day': 'current_day', 'steps': [{'duration': 450, 'departure_time': 10830, 'arrival_time': 11280, 'day': 'current_day', 'from_stop_id': '29-5', 'to_stop_id': 'A-5', 'trip_id': '8-0-12', 'agency_name': 'Unknown'}, {'duration': 30, 'departure_time': 11280, 'arrival_time': 11310, 'day': 'current_day', 'from_stop_id': 'A-5', 'to_stop_id': 'A-0', 'trip_id': 'walking', 'agency_name': 'Unknown'}, {'duration': 1800, 'departure_time': 11400, 'arrival_time': 13200, 'day': 'current_day', 'from_stop_id': 'A-0', 'to_stop_id': 'B-0', 'trip_id': 'IE-19-0', 'agency_name': 'Unknown'}, {'duration': 30, 'departure_time': 13200, 'arrival_time': 13230, 'day': 'current_day', 'from_stop_id': 'B-0', 'to_stop_id': 'B-5', 'trip_id': 'walking', 'agency_name': 'Unknown'}, {'duration': 450, 'departure_time': 13680, 'arrival_time': 14130, 'day': 'current_day', 'from_stop_id': 'B-5', 'to_stop_id': '207-5', 'trip_id': '10-0-16', 'agency_name': 'Unknown'}]}",4185.0
52,146,7350,inter,left,63,[60],[145; 157],500,375,500,375,7725,7785.0,11340.0,11400.0,3555.0,4.0,60,157,,,pt,11775.0,4425.0,"{'duration': 3555, 'source_transfer_time': 0, 'waiting_time': 375, 'trip_time': 3180, 'num_transfers': 4, 'departure_time': 7785, 'departure_day': 'current_day', 'arrival_time': 11340, 'arrival_day': 'current_day', 'steps': [{'duration': 360, 'departure_time': 8160, 'arrival_time': 8520, 'day': 'current_day', 'from_stop_id': '60-1', 'to_stop_id': 'A-1', 'trip_id': '1-1-8', 'agency_name': 'Unknown'}, {'duration': 30, 'departure_time': 8520, 'arrival_time': 8550, 'day': 'current_day', 'from_stop_id': 'A-1', 'to_stop_id': 'A-0', 'trip_id': 'walking', 'agency_name': 'Unknown'}, {'duration': 1800, 'departure_time': 9000, 'arrival_time': 10800, 'day': 'current_day', 'from_stop_id': 'A-0', 'to_stop_id': 'B-0', 'trip_id': 'IE-15-0', 'agency_name': 'Unknown'}, {'duration': 30, 'departure_time': 10800, 'arrival_time': 10830, 'day': 'current_day', 'from_stop_id': 'B-0', 'to_stop_id': 'B-4', 'trip_id': 'walking', 'agency_name': 'Unknown'}, {'duration': 360, 'departure_time': 10980, 'arrival_time': 11340, 'day': 'current_day', 'from_stop_id': 'B-4', 'to_stop_id': '157-4', 'trip_id': '9-1-12', 'agency_name': 'Unknown'}]}",4425.0
70,232,6810,inter,left,64,[60],[231],500,375,500,375,7185,7245.0,11070.0,11130.0,3825.0,4.0,60,231,,,pt,11505.0,4695.0,"{'duration': 3825, 'source_transfer_time': 0, 'waiting_time': 315, 'trip_time': 3510, 'num_transfers': 4, 'departure_time': 7245, 'departure_day': 'current_day', 'arrival_time': 11070, 'arrival_day': 'current_day', 'steps': [{'duration': 360, 'departure_time': 7560, 'arrival_time': 7920, 'day': 'current_day', 'from_stop_id': '60-1', 'to_stop_id': 'A-1', 'trip_id': '1-1-7', 'agency_name': 'Unknown'}, {'duration': 30, 'departure_time': 7920, 'arrival_time': 7950, 'day': 'current_day', 'from_stop_id': 'A-1', 'to_stop_id': 'A-0', 'trip_id': 'walking', 'agency_name': 'Unknown'}, {'duration': 1800, 'departure_time': 8400, 'arrival_time': 10200, 'day': 'current_day', 'from_stop_id': 'A-0', 'to_stop_id': 'B-0', 'trip_id': 'IE-14-0', 'agency_name': 'Unknown'}, {'duration': 30, 'departure_time': 10200, 'arrival_time': 10230, 'day': 'current_day', 'from_stop_id': 'B-0', 'to_stop_id': 'B-2', 'trip_id': 'walking', 'agency_name': 'Unknown'}, {'duration': 450, 'departure_time': 10620, 'arrival_time': 11070, 'day': 'current_day', 'from_stop_id': 'B-2', 'to_stop_id': '231-2', 'trip_id': '4-1-11', 'agency_name': 'Unknown'}]}",4695.0
55,227,4440,inter,left,65,[55],[227],0,0,0,0,4440,4500.0,8490.0,8550.0,3990.0,4.0,55,227,,,pt,8550.0,4110.0,"{'duration': 3990, 'source_transfer_time': 0, 'waiting_time': 60, 'trip_time': 3930, 'num_transfers': 4, 'departure_time': 4500, 'departure_day': 'current_day', 'arrival_time': 8490, 'arrival_day': 'current_day', 'steps': [{'duration': 360, 'departure_time': 4560, 'arrival_time': 4920, 'day': 'current_day', 'from_stop_id': '55-1', 'to_stop_id': 'A-1', 'trip_id': '1-0-2', 'agency_name': 'Unknown'}, {'duration': 30, 'departure_time': 4920, 'arrival_time': 4950, 'day': 'current_day', 'from_stop_id': 'A-1', 'to_stop_id': 'A-0', 'trip_id': 'walking', 'agency_name': 'Unknown'}, {'duration': 1800, 'departure_time': 5400, 'arrival_time': 7200, 'day': 'current_day', 'from_stop_id': 'A-0', 'to_stop_id': 'B-0', 'trip_id': 'IE-9-0', 'agency_name': 'Unknown'}, {'duration': 30, 'departure_time': 7200, 'arrival_time': 7230, 'day': 'current_day', 'from_stop_id': 'B-0', 'to_stop_id': 'B-5', 'trip_id': 'walking', 'agency_name': 'Unknown'}, {'duration': 810, 'departure_time': 7680, 'arrival_time': 8490, 'day': 'current_day', 'from_stop_id': 'B-5', 'to_stop_id': '227-5', 'trip_id': '10-0-6', 'agency_name': 'Unknown'}]}",4110.0
85,154,4650,inter,left,66,[85],[132; 144; 156; 175],0,0,1000,751,4650,4710.0,7770.0,7830.0,3060.0,4.0,85,175,,,pt,8581.0,3931.0,"{'duration': 3060, 'source_transfer_time': 0, 'waiting_time': 30, 'trip_time': 3030, 'num_transfers': 4, 'departure_time': 4710, 'departure_day': 'current_day', 'arrival_time': 7770, 'arrival_day': 'current_day', 'steps': [{'duration': 540, 'departure_time': 4740, 'arrival_time': 5280, 'day': 'current_day', 'from_stop_id': '85-5', 'to_stop_id': 'A-5', 'trip_id': '8-1-2', 'agency_name': 'Unknown'}, {'duration': 30, 'departure_time': 5280, 'arrival_time': 5310, 'day': 'current_day', 'from_stop_id': 'A-5', 'to_stop_id': 'A-0', 'trip_id': 'walking', 'agency_name': 'Unknown'}, {'duration': 1800, 'departure_time': 5400, 'arrival_time': 7200, 'day': 'current_day', 'from_stop_id': 'A-0', 'to_stop_id': 'B-0', 'trip_id': 'IE-9-0', 'agency_name': 'Unknown'}, {'duration': 30, 'departure_time': 7200, 'arrival_time': 7230, 'day': 'current_day', 'from_stop_id': 'B-0', 'to_stop_id': 'B-1', 'trip_id': 'walking', 'agency_name': 'Unknown'}, {'duration': 450, 'departure_time': 7320, 'arrival_time': 7770, 'day': 'current_day', 'from_stop_id': 'B-1', 'to_stop_id': '175-1', 'trip_id': '3-1-6', 'agency_name': 'Unknown'}]}",3931.0
86,131,7350,inter,left,67,[86],[131],0,0,0,0,7350,7410.0,11580.0,11640.0,4170.0,4.0,86,131,,,pt,11640.0,4290.0,"{'duration': 4170, 'source_transfer_time': 0, 'waiting_time': 420, 'trip_time': 3750, 'num_transfers': 4, 'departure_time': 7410, 'departure_day': 'current_day', 'arrival_time': 11580, 'arrival_day': 'current_day', 'steps': [{'duration': 450, 'departure_time': 7830, 'arrival_time': 8280, 'day': 'current_day', 'from_stop_id': '86-5', 'to_stop_id': 'A-5', 'trip_id': '8-1-7', 'agency_name': 'Unknown'}, {'duration': 30, 'departure_time': 8280, 'arrival_time': 8310, 'day': 'current_day', 'from_stop_id': 'A-5', 'to_stop_id': 'A-0', 'trip_id': 'walking', 'agency_name': 'Unknown'}, {'duration': 1800, 'departure_time': 8400, 'arrival_time': 10200, 'day': 'current_day', 'from_stop_id': 'A-0', 'to_stop_id': 'B-0', 'trip_id': 'IE-14-0', 'agency_name': 'Unknown'}, {'duration': 30, 'departure_time': 10200, 'arrival_time': 10230, 'day': 'current_day', 'from_stop_id': 'B-0', 'to_stop_id': 'B-5', 'trip_id': 'walking', 'agency_name': 'Unknown'}, {'duration': 900, 'departure_time': 10680, 'arrival_time': 11580, 'day': 'current_day', 'from_stop_id': 'B-5', 'to_stop_id': '131-5', 'trip_id': '10-1-11', 'agency_name': 'Unknown'}]}",4290.0
21,123,8220,inter,left,68,[10; 20],[121; 133; 145],500,375,1000,751,8595,8655.0,12120.0,12180.0,3465.0,4.0,20,145,,,pt,12931.0,4711.0,"{'duration': 3465, 'source_transfer_time': 0, 'waiting_time': 105, 'trip_time': 3360, 'num_transfers': 4, 'departure_time': 8655, 'departure_day': 'current_day', 'arrival_time': 12120, 'arrival_day': 'current_day', 'steps': [{'duration': 720, 'departure_time': 8760, 'arrival_time': 9480, 'day': 'current_day', 'from_stop_id': '20-5', 'to_stop_id': 'A-5', 'trip_id': '8-0-9', 'agency_name': 'Unknown'}, {'duration': 30, 'departure_time': 9480, 'arrival_time': 9510, 'day': 'current_day', 'from_stop_id': 'A-5', 'to_stop_id': 'A-0', 'trip_id': 'walking', 'agency_name': 'Unknown'}, {'duration': 1800, 'departure_time': 9600, 'arrival_time': 11400, 'day': 'current_day', 'from_stop_id': 'A-0', 'to_stop_id': 'B-0', 'trip_id': 'IE-16-0', 'agency_name': 'Unknown'}, {'duration': 30, 'departure_time': 11400, 'arrival_time': 11430, 'day': 'current_day', 'from_stop_id': 'B-0', 'to_stop_id': 'B-4', 'trip_id': 'walking', 'agency_name': 'Unknown'}, {'duration': 540, 'departure_time': 11580, 'arrival_time': 12120, 'day': 'current_day', 'from_stop_id': 'B-4', 'to_stop_id': '145-4', 'trip_id': '9-1-13', 'agency_name': 'Unknown'}]}",4711.0
25,184,6150,inter,left,69,[24; 36],[176],500,375,500,375,6525,6585.0,10080.0,10140.0,3495.0,4.0,24,176,,,pt,10515.0,4365.0,"{'duration': 3495, 'source_transfer_time': 0, 'waiting_time': 255, 'trip_time': 3240, 'num_transfers': 4, 'departure_time': 6585, 'departure_day': 'current_day', 'arrival_time': 10080, 'arrival_day': 'current_day', 'steps': [{'duration': 540, 'departure_time': 6840, 'arrival_time': 7380, 'day': 'current_day', 'from_stop_id': '24-4', 'to_stop_id': 'A-4', 'trip_id': '7-0-6', 'agency_name': 'Unknown'}, {'duration': 30, 'departure_time': 7380, 'arrival_time': 7410, 'day': 'current_day', 'from_stop_id': 'A-4', 'to_stop_id': 'A-0', 'trip_id': 'walking', 'agency_name': 'Unknown'}, {'duration': 1800, 'departure_time': 7800, 'arrival_time': 9600, 'day': 'current_day', 'from_stop_id': 'A-0', 'to_stop_id': 'B-0', 'trip_id': 'IE-13-0', 'agency_name': 'Unknown'}, {'duration': 30, 'departure_time': 9600, 'arrival_time': 9630, 'day': 'current_day', 'from_stop_id': 'B-0', 'to_stop_id': 'B-1', 'trip_id': 'walking', 'agency_name': 'Unknown'}, {'duration': 360, 'departure_time': 9720, 'arrival_time': 10080, 'day': 'current_day', 'from_stop_id': 'B-1', 'to_stop_id': '176-1', 'trip_id': '3-1-10', 'agency_name': 'Unknown'}]}",4365.0
30,213,6060,inter,left,70,[30],[213],0,0,0,0,6060,6120.0,9810.0,9870.0,3690.0,4.0,30,213,,,pt,9870.0,3810.0,"{'duration': 3690, 'source_transfer_time': 0, 'waiting_time': 420, 'trip_time': 3270, 'num_transfers': 4, 'departure_time': 6120, 'departure_day': 'current_day', 'arrival_time': 9810, 'arrival_day': 'current_day', 'steps': [{'duration': 540, 'departure_time': 6540, 'arrival_time': 7080, 'day': 'current_day', 'from_stop_id': '30-5', 'to_stop_id': 'A-5', 'trip_id': '8-0-5', 'agency_name': 'Unknown'}, {'duration': 30, 'departure_time': 7080, 'arrival_time': 7110, 'day': 'current_day', 'from_stop_id': 'A-5', 'to_stop_id': 'A-0', 'trip_id': 'walking', 'agency_name': 'Unknown'}, {'duration': 1800, 'departure_time': 7200, 'arrival_time': 9000, 'day': 'current_day', 'from_stop_id': 'A-0', 'to_stop_id': 'B-0', 'trip_id': 'IE-12-0', 'agency_name': 'Unknown'}, {'duration': 30, 'departure_time': 9000, 'arrival_time': 9030, 'day': 'current_day', 'from_stop_id': 'B-0', 'to_stop_id': 'B-4', 'trip_id': 'walking', 'agency_name': 'Unknown'}, {'duration': 630, 'departure_time': 9180, 'arrival_time': 9810, 'day': 'current_day', 'from_stop_id': 'B-4', 'to_stop_id': '213-4', 'trip_id': '9-0-9', 'agency_name': 'Unknown'}]}",3810.0
40,214,12780,inter,left,71,[40],[213; 225],0,0,500,375,12780,12840.0,16410.0,16470.0,3570.0,4.0,40,213,,,pt,16845.0,4065.0,"{'duration': 3570, 'source_transfer_time': 0, 'waiting_time': 480, 'trip_time': 3090, 'num_transfers': 4, 'departure_time': 12840, 'departure_day': 'current_day', 'arrival_time': 16410, 'arrival_day': 'current_day', 'steps': [{'duration': 360, 'departure_time': 13320, 'arrival_time': 13680, 'day': 'current_day', 'from_stop_id': '40-5', 'to_stop_id': 'A-5', 'trip_id': '8-0-16', 'agency_name': 'Unknown'}, {'duration': 30, 'departure_time': 13680, 'arrival_time': 13710, 'day': 'current_day', 'from_stop_id': 'A-5', 'to_stop_id': 'A-0', 'trip_id': 'walking', 'agency_name': 'Unknown'}, {'duration': 1800, 'departure_time': 13800, 'arrival_time': 15600, 'day': 'current_day', 'from_stop_id': 'A-0', 'to_stop_id': 'B-0', 'trip_id': 'IE-23-0', 'agency_name': 'Unknown'}, {'duration': 30, 'departure_time': 15600, 'arrival_time': 15630, 'day': 'current_day', 'from_stop_id': 'B-0', 'to_stop_id': 'B-4', 'trip_id': 'walking', 'agency_name': 'Unknown'}, {'duration': 630, 'departure_time': 15780, 'arrival_time': 16410, 'day': 'current_day', 'from_stop_id': 'B-4', 'to_stop_id': '213-4', 'trip_id': '9-0-20', 'agency_name': 'Unknown'}]}",4065.0
40,170,13200,inter,left,72,[40],[170],0,0,0,0,13200,13260.0,16260.0,16320.0,3000.0,4.0,40,170,,,pt,16320.0,3120.0,"{'duration': 3000, 'source_transfer_time': 0, 'waiting_time': 60, 'trip_time': 2940, 'num_transfers': 4, 'departure_time': 13260, 'departure_day': 'current_day', 'arrival_time': 16260, 'arrival_day': 'current_day', 'steps': [{'duration': 360, 'departure_time': 13320, 'arrival_time': 13680, 'day': 'current_day', 'from_stop_id': '40-5', 'to_stop_id': 'A-5', 'trip_id': '8-0-16', 'agency_name': 'Unknown'}, {'duration': 30, 'departure_time': 13680, 'arrival_time': 13710, 'day': 'current_day', 'from_stop_id': 'A-5', 'to_stop_id': 'A-0', 'trip_id': 'walking', 'agency_name': 'Unknown'}, {'duration': 1800, 'departure_time': 13800, 'arrival_time': 15600, 'day': 'current_day', 'from_stop_id': 'A-0', 'to_stop_id': 'B-0', 'trip_id': 'IE-23-0', 'agency_name': 'Unknown'}, {'duration': 30, 'departure_time': 15600, 'arrival_time': 15630, 'day': 'current_day', 'from_stop_id': 'B-0', 'to_stop_id': 'B-5', 'trip_id': 'walking', 'agency_name': 'Unknown'}, {'duration': 180, 'departure_time': 16080, 'arrival_time': 16260, 'day': 'current_day', 'from_stop_id': 'B-5', 'to_stop_id': '170-5', 'trip_id': '10-1-20', 'agency_name': 'Unknown'}]}",3120.0
55,197,9660,inter,left,73,[55],[197],0,0,0,0,9660,9720.0,13350.0,13410.0,3630.0,4.0,55,197,,,pt,13410.0,3750.0,"{'duration': 3630, 'source_transfer_time': 0, 'waiting_time': 240, 'trip_time': 3390, 'num_transfers': 4, 'departure_time': 9720, 'departure_day': 'current_day', 'arrival_time': 13350, 'arrival_day': 'current_day', 'steps': [{'duration': 360, 'departure_time': 9960, 'arrival_time': 10320, 'day': 'current_day', 'from_stop_id': '55-1', 'to_stop_id': 'A-1', 'trip_id': '1-0-11', 'agency_name': 'Unknown'}, {'duration': 30, 'departure_time': 10320, 'arrival_time': 10350, 'day': 'current_day', 'from_stop_id': 'A-1', 'to_stop_id': 'A-0', 'trip_id': 'walking', 'agency_name': 'Unknown'}, {'duration': 1800, 'departure_time': 10800, 'arrival_time': 12600, 'day': 'current_day', 'from_stop_id': 'A-0', 'to_stop_id': 'B-0', 'trip_id': 'IE-18-0', 'agency_name': 'Unknown'}, {'duration': 30, 'departure_time': 12600, 'arrival_time': 12630, 'day': 'current_day', 'from_stop_id': 'B-0', 'to_stop_id': 'B-5', 'trip_id': 'walking', 'agency_name': 'Unknown'}, {'duration': 270, 'departure_time': 13080, 'arrival_time': 13350, 'day': 'current_day', 'from_stop_id': 'B-5', 'to_stop_id': '197-5', 'trip_id': '10-0-15', 'agency_name': 'Unknown'}]}",3750.0
46,130,7500,inter,left,74,[35; 47; 56],[130],500,375,0,0,7875,7935.0,12090.0,12150.0,4155.0,4.0,35,130,,,pt,12150.0,4650.0,"{'duration': 4155, 'source_transfer_time': 0, 'waiting_time': 195, 'trip_time': 3960, 'num_transfers': 4, 'departure_time': 7935, 'departure_day': 'current_day', 'arrival_time': 12090, 'arrival_day': 'current_day', 'steps': [{'duration': 450, 'departure_time': 8130, 'arrival_time': 8580, 'day': 'current_day', 'from_stop_id': '35-4', 'to_stop_id': 'A-4', 'trip_id': '7-0-8', 'agency_name': 'Unknown'}, {'duration': 30, 'departure_time': 8580, 'arrival_time': 8610, 'day': 'current_day', 'from_stop_id': 'A-4', 'to_stop_id': 'A-0', 'trip_id': 'walking', 'agency_name': 'Unknown'}, {'duration': 1800, 'departure_time': 9000, 'arrival_time': 10800, 'day': 'current_day', 'from_stop_id': 'A-0', 'to_stop_id': 'B-0', 'trip_id': 'IE-15-0', 'agency_name': 'Unknown'}, {'duration': 30, 'departure_time': 10800, 'arrival_time': 10830, 'day': 'current_day', 'from_stop_id': 'B-0', 'to_stop_id': 'B-5', 'trip_id': 'walking', 'agency_name': 'Unknown'}, {'duration': 810, 'departure_time': 11280, 'arrival_time': 12090, 'day': 'current_day', 'from_stop_id': 'B-5', 'to_stop_id': '130-5', 'trip_id': '10-1-12', 'agency_name': 'Unknown'}]}",4650.0
180,144,8520,intra,right,75,[180],[144],0,0,0,0,8520,8580.0,9810.0,9870.0,1230.0,2.0,180,144,3759.0,12279.0,pt,9870.0,1350.0,"{'duration': 1230, 'source_transfer_time': 0, 'waiting_time': 270, 'trip_time': 960, 'num_transfers': 2, 'departure_time': 8580, 'departure_day': 'current_day', 'arrival_time': 9810, 'arrival_day': 'current_day', 'steps': [{'duration': 270, 'departure_time': 8850, 'arrival_time': 9120, 'day': 'current_day', 'from_stop_id': '180-1', 'to_stop_id': 'B-1', 'trip_id': '3-1-9', 'agency_name': 'Unknown'}, {'duration': 30, 'departure_time': 9120, 'arrival_time': 9150, 'day': 'current_day', 'from_stop_id': 'B-1', 'to_stop_id': 'B-4', 'trip_id': 'walking', 'agency_name': 'Unknown'}, {'duration': 630, 'departure_time': 9180, 'arrival_time': 9810, 'day': 'current_day', 'from_stop_id': 'B-4', 'to_stop_id': '144-4', 'trip_id': '9-1-9', 'agency_name': 'Unknown'}]}",1350.0
139,200,11490,intra,right,76,[140; 150],[200],500,375,0,0,11865,11925.0,13140.0,13200.0,1215.0,2.0,150,200,2255.0,13745.0,pt,13200.0,1710.0,"{'duration': 1215, 'source_transfer_time': 0, 'waiting_time': 105, 'trip_time': 1110, 'num_transfers': 2, 'departure_time': 11925, 'departure_day': 'current_day', 'arrival_time': 13140, 'arrival_day': 'current_day', 'steps': [{'duration': 450, 'departure_time': 12030, 'arrival_time': 12480, 'day': 'current_day', 'from_stop_id': '150-5', 'to_stop_id': 'B-5', 'trip_id': '10-0-14', 'agency_name': 'Unknown'}, {'duration': 30, 'departure_time': 12480, 'arrival_time': 12510, 'day': 'current_day', 'from_stop_id': 'B-5', 'to_stop_id': 'B-4', 'trip_id': 'walking', 'agency_name': 'Unknown'}, {'duration': 360, 'departure_time': 12780, 'arrival_time': 13140, 'day': 'current_day', 'from_stop_id': 'B-4', 'to_stop_id': '200-4', 'trip_id': '9-0-15', 'agency_name': 'Unknown'}]}",1710.0
234,137,8880,intra,right,77,[212; 224; 236],[137],1000,751,0,0,9631,9691.0,10980.0,11040.0,1289.0,2.0,212,137,4511.0,13391.0,pt,11040.0,2160.0,"{'duration': 1289, 'source_transfer_time': 0, 'waiting_time': 149, 'trip_time': 1140, 'num_transfers': 2, 'departure_time': 9691, 'departure_day': 'current_day', 'arrival_time': 10980, 'arrival_day': 'current_day', 'steps': [{'duration': 540, 'departure_time': 9840, 'arrival_time': 10380, 'day': 'current_day', 'from_stop_id': '212-4', 'to_stop_id': 'B-4', 'trip_id': '9-1-11', 'agency_name': 'Unknown'}, {'duration': 30, 'departure_time': 10380, 'arrival_time': 10410, 'day': 'current_day', 'from_stop_id': 'B-4', 'to_stop_id': 'B-2', 'trip_id': 'walking', 'agency_name': 'Unknown'}, {'duration': 360, 'departure_time': 10620, 'arrival_time': 10980, 'day': 'current_day', 'from_stop_id': 'B-2', 'to_stop_id': '137-2', 'trip_id': '4-0-11', 'agency_name': 'Unknown'}]}",2160.0
162,232,4080,intra,right,78,[151; 161],[231],500,375,500,375,4455,4515.0,6270.0,6330.0,1755.0,2.0,151,231,3383.0,7463.0,pt,6705.0,2625.0,"{'duration': 1755, 'source_transfer_time': 0, 'waiting_time': 225, 'trip_time': 1530, 'num_transfers': 2, 'departure_time': 4515, 'departure_day': 'current_day', 'arrival_time': 6270, 'arrival_day': 'current_day', 'steps': [{'duration': 450, 'departure_time': 4740, 'arrival_time': 5190, 'day': 'current_day', 'from_stop_id': '151-5', 'to_stop_id': '237-5', 'trip_id': '10-0-2', 'agency_name': 'Unknown'}, {'duration': 30, 'departure_time': 5190, 'arrival_time': 5220, 'day': 'current_day', 'from_stop_id': '237-5', 'to_stop_id': '237-2', 'trip_id': 'walking', 'agency_name': 'Unknown'}, {'duration': 540, 'departure_time': 5730, 'arrival_time': 6270, 'day': 'current_day', 'from_stop_id': '237-2', 'to_stop_id': '231-2', 'trip_id': '4-1-3', 'agency_name': 'Unknown'}]}",2625.0
188,124,4410,intra,right,79,[188],[126],0,0,1000,751,4410,4470.0,5670.0,5730.0,1200.0,2.0,188,126,3383.0,7793.0,pt,6481.0,2071.0,"{'duration': 1200, 'source_transfer_time': 0, 'waiting_time': 330, 'trip_time': 870, 'num_transfers': 2, 'departure_time': 4470, 'departure_day': 'current_day', 'arrival_time': 5670, 'arrival_day': 'current_day', 'steps': [{'duration': 180, 'departure_time': 4800, 'arrival_time': 4980, 'day': 'current_day', 'from_stop_id': '188-4', 'to_stop_id': 'B-4', 'trip_id': '9-1-2', 'agency_name': 'Unknown'}, {'duration': 30, 'departure_time': 4980, 'arrival_time': 5010, 'day': 'current_day', 'from_stop_id': 'B-4', 'to_stop_id': 'B-2', 'trip_id': 'walking', 'agency_name': 'Unknown'}, {'duration': 450, 'departure_time': 5220, 'arrival_time': 5670, 'day': 'current_day', 'from_stop_id': 'B-2', 'to_stop_id': '126-2', 'trip_id': '4-0-2', 'agency_name': 'Unknown'}]}",2071.0
127,205,4950,intra,right,80,[126],[206; 216],500,375,500,375,5325,5385.0,7020.0,7080.0,1635.0,2.0,126,206,4887.0,9837.0,pt,7455.0,2505.0,"{'duration': 1635, 'source_transfer_time': 0, 'waiting_time': 585, 'trip_time': 1050, 'num_transfers': 2, 'departure_time': 5385, 'departure_day': 'current_day', 'arrival_time': 7020, 'arrival_day': 'current_day', 'steps': [{'duration': 540, 'departure_time': 5970, 'arrival_time': 6510, 'day': 'current_day', 'from_stop_id': '126-2', 'to_stop_id': '240-2', 'trip_id': '4-1-4', 'agency_name': 'Unknown'}, {'duration': 30, 'departure_time': 6510, 'arrival_time': 6540, 'day': 'current_day', 'from_stop_id': '240-2', 'to_stop_id': '240-5', 'trip_id': 'walking', 'agency_name': 'Unknown'}, {'duration': 450, 'departure_time': 6570, 'arrival_time': 7020, 'day': 'current_day', 'from_stop_id': '240-5', 'to_stop_id': '206-5', 'trip_id': '10-0-4', 'agency_name': 'Unknown'}]}",2505.0
215,129,5790,intra,right,81,[216; 226],[130; 140],500,375,500,375,6165,6225.0,7710.0,7770.0,1485.0,0.0,216,140,6390.0,12180.0,pt,8145.0,2355.0,"{'duration': 1485, 'source_transfer_time': 0, 'waiting_time': 135, 'trip_time': 1350, 'num_transfers': 0, 'departure_time': 6225, 'departure_day': 'current_day', 'arrival_time': 7710, 'arrival_day': 'current_day', 'steps': [{'duration': 1350, 'departure_time': 6360, 'arrival_time': 7710, 'day': 'current_day', 'from_stop_id': '216-5', 'to_stop_id': '140-5', 'trip_id': '10-1-5', 'agency_name': 'Unknown'}]}",2355.0
130,135,6120,intra,right,82,[130],[133; 137; 145; 157],0,0,1000,751,6120,6180.0,7380.0,7440.0,1200.0,2.0,130,137,2631.0,8751.0,pt,8191.0,2071.0,"{'duration': 1200, 'source_transfer_time': 0, 'waiting_time': 90, 'trip_time': 1110, 'num_transfers': 2, 'departure_time': 6180, 'departure_day': 'current_day', 'arrival_time': 7380, 'arrival_day': 'current_day', 'steps': [{'duration': 720, 'departure_time': 6270, 'arrival_time': 6990, 'day': 'current_day', 'from_stop_id': '130-5', 'to_stop_id': '237-5', 'trip_id': '10-0-5', 'agency_name': 'Unknown'}, {'duration': 30, 'departure_time': 6990, 'arrival_time': 7020, 'day': 'current_day', 'from_stop_id': '237-5', 'to_stop_id': '237-2', 'trip_id': 'walking', 'agency_name': 'Unknown'}, {'duration': 270, 'departure_time': 7110, 'arrival_time': 7380, 'day': 'current_day', 'from_stop_id': '237-2', 'to_stop_id': '137-2', 'trip_id': '4-0-5', 'agency_name': 'Unknown'}]}",2071.0
180,147,8640,intra,right,83,[180],[148],0,0,500,375,8640,8700.0,9690.0,9750.0,990.0,2.0,180,148,2631.0,11271.0,pt,10125.0,1485.0,"{'duration': 990, 'source_transfer_time': 0, 'waiting_time': 150, 'trip_time': 840, 'num_transfers': 2, 'departure_time': 8700, 'departure_day': 'current_day', 'arrival_time': 9690, 'arrival_day': 'current_day', 'steps': [{'duration': 270, 'departure_time': 8850, 'arrival_time': 9120, 'day': 'current_day', 'from_stop_id': '180-1', 'to_stop_id': 'B-1', 'trip_id': '3-1-9', 'agency_name': 'Unknown'}, {'duration': 30, 'departure_time': 9120, 'arrival_time': 9150, 'day': 'current_day', 'from_stop_id': 'B-1', 'to_stop_id': 'B-2', 'trip_id': 'walking', 'agency_name': 'Unknown'}, {'duration': 270, 'departure_time': 9420, 'arrival_time': 9690, 'day': 'current_day', 'from_stop_id': 'B-2', 'to_stop_id': '148-2', 'trip_id': '4-0-9', 'agency_name': 'Unknown'}]}",1485.0
143,126,8220,intra,right,84,[132; 144],[126],500,375,0,0,8595,8655.0,10470.0,10530.0,1815.0,2.0,132,126,2631.0,10851.0,pt,10530.0,2310.0,"{'duration': 1815, 'source_transfer_time': 0, 'waiting_time': 315, 'trip_time': 1500, 'num_transfers': 2, 'departure_time': 8655, 'departure_day': 'current_day', 'arrival_time': 10470, 'arrival_day': 'current_day', 'steps': [{'duration': 810, 'departure_time': 8970, 'arrival_time': 9780, 'day': 'current_day', 'from_stop_id': '132-4', 'to_stop_id': 'B-4', 'trip_id': '9-0-10', 'agency_name': 'Unknown'}, {'duration': 30, 'departure_time': 9780, 'arrival_time': 9810, 'day': 'current_day', 'from_stop_id': 'B-4', 'to_stop_id': 'B-2', 'trip_id': 'walking', 'agency_name': 'Unknown'}, {'duration': 450, 'departure_time': 10020, 'arrival_time': 10470, 'day': 'current_day', 'from_stop_id': 'B-2', 'to_stop_id': '126-2', 'trip_id': '4-0-10', 'agency_name': 'Unknown'}]}",2310.0
215,150,10620,intra,right,85,[216; 226],[150],500,375,0,0,10995,11055.0,12330.0,12390.0,1275.0,0.0,216,150,5263.0,15883.0,pt,12390.0,1770.0,"{'duration': 1275, 'source_transfer_time': 0, 'waiting_time': 105, 'trip_time': 1170, 'num_transfers': 0, 'departure_time': 11055, 'departure_day': 'current_day', 'arrival_time': 12330, 'arrival_day': 'current_day', 'steps': [{'duration': 1170, 'departure_time': 11160, 'arrival_time': 12330, 'day': 'current_day', 'from_stop_id': '216-5', 'to_stop_id': '150-5', 'trip_id': '10-1-13', 'agency_name': 'Unknown'}]}",1770.0
127,167,7140,intra,right,86,[126],[156; 168; 177],500,375,500,375,7515,7575.0,8790.0,8850.0,1215.0,2.0,126,177,3007.0,10147.0,pt,9225.0,2085.0,"{'duration': 1215, 'source_transfer_time': 0, 'waiting_time': 195, 'trip_time': 1020, 'num_transfers': 2, 'departure_time': 7575, 'departure_day': 'current_day', 'arrival_time': 8790, 'arrival_day': 'current_day', 'steps': [{'duration': 450, 'departure_time': 7770, 'arrival_time': 8220, 'day': 'current_day', 'from_stop_id': '126-2', 'to_stop_id': 'B-2', 'trip_id': '4-1-7', 'agency_name': 'Unknown'}, {'duration': 30, 'departure_time': 8220, 'arrival_time': 8250, 'day': 'current_day', 'from_stop_id': 'B-2', 'to_stop_id': 'B-1', 'trip_id': 'walking', 'agency_name': 'Unknown'}, {'duration': 270, 'departure_time': 8520, 'arrival_time': 8790, 'day': 'current_day', 'from_stop_id': 'B-1', 'to_stop_id': '177-1', 'trip_id': '3-1-8', 'agency_name': 'Unknown'}]}",2085.0
126,238,4260,intra,right,87,[126],[238],0,0,0,0,4260,4320.0,5610.0,5670.0,1290.0,2.0,126,238,2255.0,6515.0,pt,5670.0,1410.0,"{'duration': 1290, 'source_transfer_time': 0, 'waiting_time': 450, 'trip_time': 840, 'num_transfers': 2, 'departure_time': 4320, 'departure_day': 'current_day', 'arrival_time': 5610, 'arrival_day': 'current_day', 'steps': [{'duration': 450, 'departure_time': 4770, 'arrival_time': 5220, 'day': 'current_day', 'from_stop_id': '126-2', 'to_stop_id': 'B-2', 'trip_id': '4-1-2', 'agency_name': 'Unknown'}, {'duration': 30, 'departure_time': 5220, 'arrival_time': 5250, 'day': 'current_day', 'from_stop_id': 'B-2', 'to_stop_id': 'B-1', 'trip_id': 'walking', 'agency_name': 'Unknown'}, {'duration': 90, 'departure_time': 5520, 'arrival_time': 5610, 'day': 'current_day', 'from_stop_id': 'B-1', 'to_stop_id': '238-1', 'trip_id': '3-1-3', 'agency_name': 'Unknown'}]}",1410.0
238,229,14280,intra,right,88,[238],[207; 217; 227; 231],0,0,1000,751,14280,14340.0,15270.0,15330.0,930.0,2.0,238,231,2255.0,16535.0,pt,16081.0,1801.0,"{'duration': 930, 'source_transfer_time': 0, 'waiting_time': 90, 'trip_time': 840, 'num_transfers': 2, 'departure_time': 14340, 'departure_day': 'current_day', 'arrival_time': 15270, 'arrival_day': 'current_day', 'steps': [{'duration': 90, 'departure_time': 14430, 'arrival_time': 14520, 'day': 'current_day', 'from_stop_id': '238-1', 'to_stop_id': 'B-1', 'trip_id': '3-0-18', 'agency_name': 'Unknown'}, {'duration': 30, 'departure_time': 14520, 'arrival_time': 14550, 'day': 'current_day', 'from_stop_id': 'B-1', 'to_stop_id': 'B-2', 'trip_id': 'walking', 'agency_name': 'Unknown'}, {'duration': 450, 'departure_time': 14820, 'arrival_time': 15270, 'day': 'current_day', 'from_stop_id': 'B-2', 'to_stop_id': '231-2', 'trip_id': '4-1-18', 'agency_name': 'Unknown'}]}",1801.0
192,133,12750,intra,right,89,[182],[133],500,375,0,0,13125,13185.0,14700.0,14760.0,1515.0,2.0,182,133,5263.0,18013.0,pt,14760.0,2010.0,"{'duration': 1515, 'source_transfer_time': 0, 'waiting_time': 285, 'trip_time': 1230, 'num_transfers': 2, 'departure_time': 13185, 'departure_day': 'current_day', 'arrival_time': 14700, 'arrival_day': 'current_day', 'steps': [{'duration': 450, 'departure_time': 13470, 'arrival_time': 13920, 'day': 'current_day', 'from_stop_id': '182-1', 'to_stop_id': 'B-1', 'trip_id': '3-1-17', 'agency_name': 'Unknown'}, {'duration': 30, 'departure_time': 13920, 'arrival_time': 13950, 'day': 'current_day', 'from_stop_id': 'B-1', 'to_stop_id': 'B-4', 'trip_id': 'walking', 'agency_name': 'Unknown'}, {'duration': 720, 'departure_time': 13980, 'arrival_time': 14700, 'day': 'current_day', 'from_stop_id': 'B-4', 'to_stop_id': '133-4', 'trip_id': '9-1-17', 'agency_name': 'Unknown'}]}",2010.0
177,225,9540,intra,right,90,[177],[225],0,0,0,0,9540,9600.0,11190.0,11250.0,1590.0,2.0,177,225,4511.0,14051.0,pt,11250.0,1710.0,"{'duration': 1590, 'source_transfer_time': 0, 'waiting_time': 450, 'trip_time': 1140, 'num_transfers': 2, 'departure_time': 9600, 'departure_day': 'current_day', 'arrival_time': 11190, 'arrival_day': 'current_day', 'steps': [{'duration': 270, 'departure_time': 10050, 'arrival_time': 10320, 'day': 'current_day', 'from_stop_id': '177-1', 'to_stop_id': 'B-1', 'trip_id': '3-0-11', 'agency_name': 'Unknown'}, {'duration': 30, 'departure_time': 10320, 'arrival_time': 10350, 'day': 'current_day', 'from_stop_id': 'B-1', 'to_stop_id': 'B-4', 'trip_id': 'walking', 'agency_name': 'Unknown'}, {'duration': 810, 'departure_time': 10380, 'arrival_time': 11190, 'day': 'current_day', 'from_stop_id': 'B-4', 'to_stop_id': '225-4', 'trip_id': '9-0-11', 'agency_name': 'Unknown'}]}",1710.0
176,221,9510,intra,right,91,[176],[220],0,0,500,375,9510,9570.0,10980.0,11040.0,1410.0,2.0,176,220,3383.0,12893.0,pt,11415.0,1905.0,"{'duration': 1410, 'source_transfer_time': 0, 'waiting_time': 390, 'trip_time': 1020, 'num_transfers': 2, 'departure_time': 9570, 'departure_day': 'current_day', 'arrival_time': 10980, 'arrival_day': 'current_day', 'steps': [{'duration': 360, 'departure_time': 9960, 'arrival_time': 10320, 'day': 'current_day', 'from_stop_id': '176-1', 'to_stop_id': 'B-1', 'trip_id': '3-0-11', 'agency_name': 'Unknown'}, {'duration': 30, 'departure_time': 10320, 'arrival_time': 10350, 'day': 'current_day', 'from_stop_id': 'B-1', 'to_stop_id': 'B-2', 'trip_id': 'walking', 'agency_name': 'Unknown'}, {'duration': 360, 'departure_time': 10620, 'arrival_time': 10980, 'day': 'current_day', 'from_stop_id': 'B-2', 'to_stop_id': '220-2', 'trip_id': '4-1-11', 'agency_name': 'Unknown'}]}",1905.0
124,184,9060,intra,right,92,[126],[176],1000,751,500,375,9811,9871.0,11280.0,11340.0,1409.0,2.0,126,176,3007.0,12067.0,pt,11715.0,2655.0,"{'duration': 1409, 'source_transfer_time': 0, 'waiting_time': 299, 'trip_time': 1110, 'num_transfers': 2, 'departure_time': 9871, 'departure_day': 'current_day', 'arrival_time': 11280, 'arrival_day': 'current_day', 'steps': [{'duration': 450, 'departure_time': 10170, 'arrival_time': 10620, 'day': 'current_day', 'from_stop_id': '126-2', 'to_stop_id': 'B-2', 'trip_id': '4-1-11', 'agency_name': 'Unknown'}, {'duration': 30, 'departure_time': 10620, 'arrival_time': 10650, 'day': 'current_day', 'from_stop_id': 'B-2', 'to_stop_id': 'B-1', 'trip_id': 'walking', 'agency_name': 'Unknown'}, {'duration': 360, 'departure_time': 10920, 'arrival_time': 11280, 'day': 'current_day', 'from_stop_id': 'B-1', 'to_stop_id': '176-1', 'trip_id': '3-1-12', 'agency_name': 'Unknown'}]}",2655.0
217,213,4650,intra,right,93,[217],[213],0,0,0,0,4650,4710.0,6810.0,6870.0,2100.0,2.0,217,213,3007.0,7657.0,pt,6870.0,2220.0,"{'duration': 2100, 'source_transfer_time': 0, 'waiting_time': 540, 'trip_time': 1560, 'num_transfers': 2, 'departure_time': 4710, 'departure_day': 'current_day', 'arrival_time': 6810, 'arrival_day': 'current_day', 'steps': [{'duration': 630, 'departure_time': 5250, 'arrival_time': 5880, 'day': 'current_day', 'from_stop_id': '217-5', 'to_stop_id': 'B-5', 'trip_id': '10-1-3', 'agency_name': 'Unknown'}, {'duration': 30, 'departure_time': 5880, 'arrival_time': 5910, 'day': 'current_day', 'from_stop_id': 'B-5', 'to_stop_id': 'B-4', 'trip_id': 'walking', 'agency_name': 'Unknown'}, {'duration': 630, 'departure_time': 6180, 'arrival_time': 6810, 'day': 'current_day', 'from_stop_id': 'B-4', 'to_stop_id': '213-4', 'trip_id': '9-0-4', 'agency_name': 'Unknown'}]}",2220.0
133,211,9540,intra,right,94,[133],[200; 212],0,0,500,375,9540,9600.0,10740.0,10800.0,1140.0,0.0,133,200,4887.0,14427.0,pt,11175.0,1635.0,"{'duration': 1140, 'source_transfer_time': 0, 'waiting_time': 60, 'trip_time': 1080, 'num_transfers': 0, 'departure_time': 9600, 'departure_day': 'current_day', 'arrival_time': 10740, 'arrival_day': 'current_day', 'steps': [{'duration': 1080, 'departure_time': 9660, 'arrival_time': 10740, 'day': 'current_day', 'from_stop_id': '133-4', 'to_stop_id': '200-4', 'trip_id': '9-0-11', 'agency_name': 'Unknown'}]}",1635.0
199,144,8160,intra,right,95,[188; 198; 200],[144],500,375,0,0,8535,8595.0,9810.0,9870.0,1215.0,0.0,188,144,3759.0,11919.0,pt,9870.0,1710.0,"{'duration': 1215, 'source_transfer_time': 0, 'waiting_time': 405, 'trip_time': 810, 'num_transfers': 0, 'departure_time': 8595, 'departure_day': 'current_day', 'arrival_time': 9810, 'arrival_day': 'current_day', 'steps': [{'duration': 810, 'departure_time': 9000, 'arrival_time': 9810, 'day': 'current_day', 'from_stop_id': '188-4', 'to_stop_id': '144-4', 'trip_id': '9-1-9', 'agency_name': 'Unknown'}]}",1710.0
146,172,8280,intra,right,96,[145; 157],[180],500,375,500,375,8655,8715.0,9990.0,10050.0,1275.0,2.0,157,180,2631.0,10911.0,pt,10425.0,2145.0,"{'duration': 1275, 'source_transfer_time': 0, 'waiting_time': 105, 'trip_time': 1170, 'num_transfers': 2, 'departure_time': 8715, 'departure_day': 'current_day', 'arrival_time': 9990, 'arrival_day': 'current_day', 'steps': [{'duration': 450, 'departure_time': 8820, 'arrival_time': 9270, 'day': 'current_day', 'from_stop_id': '157-4', 'to_stop_id': '239-4', 'trip_id': '9-0-9', 'agency_name': 'Unknown'}, {'duration': 30, 'departure_time': 9270, 'arrival_time': 9300, 'day': 'current_day', 'from_stop_id': '239-4', 'to_stop_id': '239-1', 'trip_id': 'walking', 'agency_name': 'Unknown'}, {'duration': 180, 'departure_time': 9810, 'arrival_time': 9990, 'day': 'current_day', 'from_stop_id': '239-1', 'to_stop_id': '180-1', 'trip_id': '3-0-10', 'agency_name': 'Unknown'}]}",2145.0
170,63,9540,inter,right,97,[170],[55],0,0,500,375,9540,9600.0,12480.0,12540.0,2880.0,4.0,170,55,,,pt,12915.0,3375.0,"{'duration': 2880, 'source_transfer_time': 0, 'waiting_time': 300, 'trip_time': 2580, 'num_transfers': 4, 'departure_time': 9600, 'departure_day': 'current_day', 'arrival_time': 12480, 'arrival_day': 'current_day', 'steps': [{'duration': 180, 'departure_time': 9900, 'arrival_time': 10080, 'day': 'current_day', 'from_stop_id': '170-5', 'to_stop_id': 'B-5', 'trip_id': '10-0-10', 'agency_name': 'Unknown'}, {'duration': 30, 'departure_time': 10080, 'arrival_time': 10110, 'day': 'current_day', 'from_stop_id': 'B-5', 'to_stop_id': 'B-0', 'trip_id': 'walking', 'agency_name': 'Unknown'}, {'duration': 1800, 'departure_time': 10200, 'arrival_time': 12000, 'day': 'current_day', 'from_stop_id': 'B-0', 'to_stop_id': 'A-0', 'trip_id': 'IE-17-1', 'agency_name': 'Unknown'}, {'duration': 30, 'departure_time': 12000, 'arrival_time': 12030, 'day': 'current_day', 'from_stop_id': 'A-0', 'to_stop_id': 'A-1', 'trip_id': 'walking', 'agency_name': 'Unknown'}, {'duration': 360, 'departure_time': 12120, 'arrival_time': 12480, 'day': 'current_day', 'from_stop_id': 'A-1', 'to_stop_id': '55-1', 'trip_id': '1-1-14', 'agency_name': 'Unknown'}]}",3375.0
221,40,9990,inter,right,98,[220],[40],500,375,0,0,10365,10425.0,14040.0,14100.0,3615.0,4.0,220,40,,,pt,14100.0,4110.0,"{'duration': 3615, 'source_transfer_time': 0, 'waiting_time': 435, 'trip_time': 3180, 'num_transfers': 4, 'departure_time': 10425, 'departure_day': 'current_day', 'arrival_time': 14040, 'arrival_day': 'current_day', 'steps': [{'duration': 360, 'departure_time': 10860, 'arrival_time': 11220, 'day': 'current_day', 'from_stop_id': '220-2', 'to_stop_id': 'B-2', 'trip_id': '4-0-12', 'agency_name': 'Unknown'}, {'duration': 30, 'departure_time': 11220, 'arrival_time': 11250, 'day': 'current_day', 'from_stop_id': 'B-2', 'to_stop_id': 'B-0', 'trip_id': 'walking', 'agency_name': 'Unknown'}, {'duration': 1800, 'departure_time': 11400, 'arrival_time': 13200, 'day': 'current_day', 'from_stop_id': 'B-0', 'to_stop_id': 'A-0', 'trip_id': 'IE-19-1', 'agency_name': 'Unknown'}, {'duration': 30, 'departure_time': 13200, 'arrival_time': 13230, 'day': 'current_day', 'from_stop_id': 'A-0', 'to_stop_id': 'A-5', 'trip_id': 'walking', 'agency_name': 'Unknown'}, {'duration': 360, 'departure_time': 13680, 'arrival_time': 14040, 'day': 'current_day', 'from_stop_id': 'A-5', 'to_stop_id': '40-5', 'trip_id': '8-1-16', 'agency_name': 'Unknown'}]}",4110.0
204,91,12330,inter,right,99,[206; 216; 226],[91],1000,751,0,0,13081,13141.0,16920.0,16980.0,3779.0,4.0,206,91,,,pt,16980.0,4650.0,"{'duration': 3779, 'source_transfer_time': 0, 'waiting_time': 599, 'trip_time': 3180, 'num_transfers': 4, 'departure_time': 13141, 'departure_day': 'current_day', 'arrival_time': 16920, 'arrival_day': 'current_day', 'steps': [{'duration': 540, 'departure_time': 13740, 'arrival_time': 14280, 'day': 'current_day', 'from_stop_id': '206-5', 'to_stop_id': 'B-5', 'trip_id': '10-1-17', 'agency_name': 'Unknown'}, {'duration': 30, 'departure_time': 14280, 'arrival_time': 14310, 'day': 'current_day', 'from_stop_id': 'B-5', 'to_stop_id': 'B-0', 'trip_id': 'walking', 'agency_name': 'Unknown'}, {'duration': 1800, 'departure_time': 14400, 'arrival_time': 16200, 'day': 'current_day', 'from_stop_id': 'B-0', 'to_stop_id': 'A-0', 'trip_id': 'IE-24-1', 'agency_name': 'Unknown'}, {'duration': 30, 'departure_time': 16200, 'arrival_time': 16230, 'day': 'current_day', 'from_stop_id': 'A-0', 'to_stop_id': 'A-4', 'trip_id': 'walking', 'agency_name': 'Unknown'}, {'duration': 540, 'departure_time': 16380, 'arrival_time': 16920, 'day': 'current_day', 'from_stop_id': 'A-4', 'to_stop_id': '91-4', 'trip_id': '7-0-21', 'agency_name': 'Unknown'}]}",4650.0
128,51,7860,inter,right,100,[126; 130; 140; 150],[59],1000,751,500,375,8611,8671.0,11790.0,11850.0,3119.0,4.0,126,59,,,pt,12225.0,4365.0,"{'duration': 3119, 'source_transfer_time': 0, 'waiting_time': 299, 'trip_time': 2820, 'num_transfers': 4, 'departure_time': 8671, 'departure_day': 'current_day', 'arrival_time': 11790, 'arrival_day': 'current_day', 'steps': [{'duration': 450, 'departure_time': 8970, 'arrival_time': 9420, 'day': 'current_day', 'from_stop_id': '126-2', 'to_stop_id': 'B-2', 'trip_id': '4-1-9', 'agency_name': 'Unknown'}, {'duration': 30, 'departure_time': 9420, 'arrival_time': 9450, 'day': 'current_day', 'from_stop_id': 'B-2', 'to_stop_id': 'B-0', 'trip_id': 'walking', 'agency_name': 'Unknown'}, {'duration': 1800, 'departure_time': 9600, 'arrival_time': 11400, 'day': 'current_day', 'from_stop_id': 'B-0', 'to_stop_id': 'A-0', 'trip_id': 'IE-16-1', 'agency_name': 'Unknown'}, {'duration': 30, 'departure_time': 11400, 'arrival_time': 11430, 'day': 'current_day', 'from_stop_id': 'A-0', 'to_stop_id': 'A-1', 'trip_id': 'walking', 'agency_name': 'Unknown'}, {'duration': 270, 'departure_time': 11520, 'arrival_time': 11790, 'day': 'current_day', 'from_stop_id': 'A-1', 'to_stop_id': '59-1', 'trip_id': '1-0-13', 'agency_name': 'Unknown'}]}",4365.0
150,81,8730,inter,right,101,[150],[80; 92],0,0,500,375,8730,8790.0,12030.0,12090.0,3240.0,4.0,150,80,,,pt,12465.0,3735.0,"{'duration': 3240, 'source_transfer_time': 0, 'waiting_time': 240, 'trip_time': 3000, 'num_transfers': 4, 'departure_time': 8790, 'departure_day': 'current_day', 'arrival_time': 12030, 'arrival_day': 'current_day', 'steps': [{'duration': 450, 'departure_time': 9030, 'arrival_time': 9480, 'day': 'current_day', 'from_stop_id': '150-5', 'to_stop_id': 'B-5', 'trip_id': '10-0-9', 'agency_name': 'Unknown'}, {'duration': 30, 'departure_time': 9480, 'arrival_time': 9510, 'day': 'current_day', 'from_stop_id': 'B-5', 'to_stop_id': 'B-0', 'trip_id': 'walking', 'agency_name': 'Unknown'}, {'duration': 1800, 'departure_time': 9600, 'arrival_time': 11400, 'day': 'current_day', 'from_stop_id': 'B-0', 'to_stop_id': 'A-0', 'trip_id': 'IE-16-1', 'agency_name': 'Unknown'}, {'duration': 30, 'departure_time': 11400, 'arrival_time': 11430, 'day': 'current_day', 'from_stop_id': 'A-0', 'to_stop_id': 'A-4', 'trip_id': 'walking', 'agency_name': 'Unknown'}, {'duration': 450, 'departure_time': 11580, 'arrival_time': 12030, 'day': 'current_day', 'from_stop_id': 'A-4', 'to_stop_id': '80-4', 'trip_id': '7-0-13', 'agency_name': 'Unknown'}]}",3735.0
234,16,3630,inter,right,102,[212; 224; 236],[16],1000,751,0,0,4381,4441.0,8580.0,8640.0,4139.0,4.0,212,16,,,pt,8640.0,5010.0,"{'duration': 4139, 'source_transfer_time': 0, 'waiting_time': 599, 'trip_time': 3540, 'num_transfers': 4, 'departure_time': 4441, 'departure_day': 'current_day', 'arrival_time': 8580, 'arrival_day': 'current_day', 'steps': [{'duration': 540, 'departure_time': 5040, 'arrival_time': 5580, 'day': 'current_day', 'from_stop_id': '212-4', 'to_stop_id': 'B-4', 'trip_id': '9-1-3', 'agency_name': 'Unknown'}, {'duration': 30, 'departure_time': 5580, 'arrival_time': 5610, 'day': 'current_day', 'from_stop_id': 'B-4', 'to_stop_id': 'B-0', 'trip_id': 'walking', 'agency_name': 'Unknown'}, {'duration': 1800, 'departure_time': 6000, 'arrival_time': 7800, 'day': 'current_day', 'from_stop_id': 'B-0', 'to_stop_id': 'A-0', 'trip_id': 'IE-10-1', 'agency_name': 'Unknown'}, {'duration': 30, 'departure_time': 7800, 'arrival_time': 7830, 'day': 'current_day', 'from_stop_id': 'A-0', 'to_stop_id': 'A-2', 'trip_id': 'walking', 'agency_name': 'Unknown'}, {'duration': 360, 'departure_time': 8220, 'arrival_time': 8580, 'day': 'current_day', 'from_stop_id': 'A-2', 'to_stop_id': '16-2', 'trip_id': '2-0-7', 'agency_name': 'Unknown'}]}",5010.0
136,114,5970,inter,right,103,[137],[103; 115],500,375,500,375,6345,6405.0,9900.0,9960.0,3495.0,4.0,137,103,,,pt,10335.0,4365.0,"{'duration': 3495, 'source_transfer_time': 0, 'waiting_time': 255, 'trip_time': 3240, 'num_transfers': 4, 'departure_time': 6405, 'departure_day': 'current_day', 'arrival_time': 9900, 'arrival_day': 'current_day', 'steps': [{'duration': 360, 'departure_time': 6660, 'arrival_time': 7020, 'day': 'current_day', 'from_stop_id': '137-2', 'to_stop_id': 'B-2', 'trip_id': '4-1-5', 'agency_name': 'Unknown'}, {'duration': 30, 'departure_time': 7020, 'arrival_time': 7050, 'day': 'current_day', 'from_stop_id': 'B-2', 'to_stop_id': 'B-0', 'trip_id': 'walking', 'agency_name': 'Unknown'}, {'duration': 1800, 'departure_time': 7200, 'arrival_time': 9000, 'day': 'current_day', 'from_stop_id': 'B-0', 'to_stop_id': 'A-0', 'trip_id': 'IE-12-1', 'agency_name': 'Unknown'}, {'duration': 30, 'departure_time': 9000, 'arrival_time': 9030, 'day': 'current_day', 'from_stop_id': 'A-0', 'to_stop_id': 'A-4', 'trip_id': 'walking', 'agency_name': 'Unknown'}, {'duration': 720, 'departure_time': 9180, 'arrival_time': 9900, 'day': 'current_day', 'from_stop_id': 'A-4', 'to_stop_id': '103-4', 'trip_id': '7-0-9', 'agency_name': 'Unknown'}]}",4365.0
169,73,10800,inter,right,104,[169],[55; 75; 85; 95],0,0,1000,751,10800,10860.0,14280.0,14340.0,3420.0,4.0,169,55,,,pt,15091.0,4291.0,"{'duration': 3420, 'source_transfer_time': 0, 'waiting_time': 540, 'trip_time': 2880, 'num_transfers': 4, 'departure_time': 10860, 'departure_day': 'current_day', 'arrival_time': 14280, 'arrival_day': 'current_day', 'steps': [{'duration': 180, 'departure_time': 11400, 'arrival_time': 11580, 'day': 'current_day', 'from_stop_id': '169-4', 'to_stop_id': 'B-4', 'trip_id': '9-0-13', 'agency_name': 'Unknown'}, {'duration': 30, 'departure_time': 11580, 'arrival_time': 11610, 'day': 'current_day', 'from_stop_id': 'B-4', 'to_stop_id': 'B-0', 'trip_id': 'walking', 'agency_name': 'Unknown'}, {'duration': 1800, 'departure_time': 12000, 'arrival_time': 13800, 'day': 'current_day', 'from_stop_id': 'B-0', 'to_stop_id': 'A-0', 'trip_id': 'IE-20-1', 'agency_name': 'Unknown'}, {'duration': 30, 'departure_time': 13800, 'arrival_time': 13830, 'day': 'current_day', 'from_stop_id': 'A-0', 'to_stop_id': 'A-1', 'trip_id': 'walking', 'agency_name': 'Unknown'}, {'duration': 360, 'departure_time': 13920, 'arrival_time': 14280, 'day': 'current_day', 'from_stop_id': 'A-1', 'to_stop_id': '55-1', 'trip_id': '1-1-17', 'agency_name': 'Unknown'}]}",4291.0
225,38,9780,inter,right,105,[225],[38],0,0,0,0,9780,9840.0,13800.0,13860.0,3960.0,4.0,225,38,,,pt,13860.0,4080.0,"{'duration': 3960, 'source_transfer_time': 0, 'waiting_time': 330, 'trip_time': 3630, 'num_transfers': 4, 'departure_time': 9840, 'departure_day': 'current_day', 'arrival_time': 13800, 'arrival_day': 'current_day', 'steps': [{'duration': 810, 'departure_time': 10170, 'arrival_time': 10980, 'day': 'current_day', 'from_stop_id': '225-4', 'to_stop_id': 'B-4', 'trip_id': '9-1-12', 'agency_name': 'Unknown'}, {'duration': 30, 'departure_time': 10980, 'arrival_time': 11010, 'day': 'current_day', 'from_stop_id': 'B-4', 'to_stop_id': 'B-0', 'trip_id': 'walking', 'agency_name': 'Unknown'}, {'duration': 1800, 'departure_time': 11400, 'arrival_time': 13200, 'day': 'current_day', 'from_stop_id': 'B-0', 'to_stop_id': 'A-0', 'trip_id': 'IE-19-1', 'agency_name': 'Unknown'}, {'duration': 30, 'departure_time': 13200, 'arrival_time': 13230, 'day': 'current_day', 'from_stop_id': 'A-0', 'to_stop_id': 'A-2', 'trip_id': 'walking', 'agency_name': 'Unknown'}, {'duration': 180, 'departure_time': 13620, 'arrival_time': 13800, 'day': 'current_day', 'from_stop_id': 'A-2', 'to_stop_id': '38-2', 'trip_id': '2-0-16', 'agency_name': 'Unknown'}]}",4080.0
191,37,12060,inter,right,106,[181],[36; 38; 48],500,375,500,375,12435,12495.0,15960.0,16020.0,3465.0,4.0,181,48,,,pt,16395.0,4335.0,"{'duration': 3465, 'source_transfer_time': 0, 'waiting_time': 465, 'trip_time': 3000, 'num_transfers': 4, 'departure_time': 12495, 'departure_day': 'current_day', 'arrival_time': 15960, 'arrival_day': 'current_day', 'steps': [{'duration': 360, 'departure_time': 12960, 'arrival_time': 13320, 'day': 'current_day', 'from_stop_id': '181-1', 'to_stop_id': 'B-1', 'trip_id': '3-1-16', 'agency_name': 'Unknown'}, {'duration': 30, 'departure_time': 13320, 'arrival_time': 13350, 'day': 'current_day', 'from_stop_id': 'B-1', 'to_stop_id': 'B-0', 'trip_id': 'walking', 'agency_name': 'Unknown'}, {'duration': 1800, 'departure_time': 13800, 'arrival_time': 15600, 'day': 'current_day', 'from_stop_id': 'B-0', 'to_stop_id': 'A-0', 'trip_id': 'IE-23-1', 'agency_name': 'Unknown'}, {'duration': 30, 'departure_time': 15600, 'arrival_time': 15630, 'day': 'current_day', 'from_stop_id': 'A-0', 'to_stop_id': 'A-4', 'trip_id': 'walking', 'agency_name': 'Unknown'}, {'duration': 180, 'departure_time': 15780, 'arrival_time': 15960, 'day': 'current_day', 'from_stop_id': 'A-4', 'to_stop_id': '48-4', 'trip_id': '7-1-20', 'agency_name': 'Unknown'}]}",4335.0
151,94,3930,inter,right,107,[151],[95; 105],0,0,500,375,3930,3990.0,7800.0,7860.0,3810.0,4.0,151,95,,,pt,8235.0,4305.0,"{'duration': 3810, 'source_transfer_time': 0, 'waiting_time': 150, 'trip_time': 3660, 'num_transfers': 4, 'departure_time': 3990, 'departure_day': 'current_day', 'arrival_time': 7800, 'arrival_day': 'current_day', 'steps': [{'duration': 540, 'departure_time': 4140, 'arrival_time': 4680, 'day': 'current_day', 'from_stop_id': '151-5', 'to_stop_id': 'B-5', 'trip_id': '10-0-1', 'agency_name': 'Unknown'}, {'duration': 30, 'departure_time': 4680, 'arrival_time': 4710, 'day': 'current_day', 'from_stop_id': 'B-5', 'to_stop_id': 'B-0', 'trip_id': 'walking', 'agency_name': 'Unknown'}, {'duration': 1800, 'departure_time': 4800, 'arrival_time': 6600, 'day': 'current_day', 'from_stop_id': 'B-0', 'to_stop_id': 'A-0', 'trip_id': 'IE-8-1', 'agency_name': 'Unknown'}, {'duration': 30, 'departure_time': 6600, 'arrival_time': 6630, 'day': 'current_day', 'from_stop_id': 'A-0', 'to_stop_id': 'A-5', 'trip_id': 'walking', 'agency_name': 'Unknown'}, {'duration': 720, 'departure_time': 7080, 'arrival_time': 7800, 'day': 'current_day', 'from_stop_id': 'A-5', 'to_stop_id': '95-5', 'trip_id': '8-0-5', 'agency_name': 'Unknown'}]}",4305.0
128,35,13800,inter,right,108,[126; 130; 140; 150],[35],1000,751,0,0,14551,14611.0,18030.0,18090.0,3419.0,4.0,126,35,,,pt,18090.0,4290.0,"{'duration': 3419, 'source_transfer_time': 0, 'waiting_time': 359, 'trip_time': 3060, 'num_transfers': 4, 'departure_time': 14611, 'departure_day': 'current_day', 'arrival_time': 18030, 'arrival_day': 'current_day', 'steps': [{'duration': 450, 'departure_time': 14970, 'arrival_time': 15420, 'day': 'current_day', 'from_stop_id': '126-2', 'to_stop_id': 'B-2', 'trip_id': '4-1-19', 'agency_name': 'Unknown'}, {'duration': 30, 'departure_time': 15420, 'arrival_time': 15450, 'day': 'current_day', 'from_stop_id': 'B-2', 'to_stop_id': 'B-0', 'trip_id': 'walking', 'agency_name': 'Unknown'}, {'duration': 1800, 'departure_time': 15600, 'arrival_time': 17400, 'day': 'current_day', 'from_stop_id': 'B-0', 'to_stop_id': 'A-0', 'trip_id': 'IE-26-1', 'agency_name': 'Unknown'}, {'duration': 30, 'departure_time': 17400, 'arrival_time': 17430, 'day': 'current_day', 'from_stop_id': 'A-0', 'to_stop_id': 'A-4', 'trip_id': 'walking', 'agency_name': 'Unknown'}, {'duration': 450, 'departure_time': 17580, 'arrival_time': 18030, 'day': 'current_day', 'from_stop_id': 'A-4', 'to_stop_id': '35-4', 'trip_id': '7-1-23', 'agency_name': 'Unknown'}]}",4290.0
203,43,3960,inter,right,109,[182; 201; 213; 225],[61],1000,751,1000,751,4711,4771.0,8370.0,8430.0,3599.0,4.0,182,61,,,pt,9181.0,5221.0,"{'duration': 3599, 'source_transfer_time': 0, 'waiting_time': 299, 'trip_time': 3300, 'num_transfers': 4, 'departure_time': 4771, 'departure_day': 'current_day', 'arrival_time': 8370, 'arrival_day': 'current_day', 'steps': [{'duration': 450, 'departure_time': 5070, 'arrival_time': 5520, 'day': 'current_day', 'from_stop_id': '182-1', 'to_stop_id': 'B-1', 'trip_id': '3-1-3', 'agency_name': 'Unknown'}, {'duration': 30, 'departure_time': 5520, 'arrival_time': 5550, 'day': 'current_day', 'from_stop_id': 'B-1', 'to_stop_id': 'B-0', 'trip_id': 'walking', 'agency_name': 'Unknown'}, {'duration': 1800, 'departure_time': 6000, 'arrival_time': 7800, 'day': 'current_day', 'from_stop_id': 'B-0', 'to_stop_id': 'A-0', 'trip_id': 'IE-10-1', 'agency_name': 'Unknown'}, {'duration': 30, 'departure_time': 7800, 'arrival_time': 7830, 'day': 'current_day', 'from_stop_id': 'A-0', 'to_stop_id': 'A-1', 'trip_id': 'walking', 'agency_name': 'Unknown'}, {'duration': 450, 'departure_time': 7920, 'arrival_time': 8370, 'day': 'current_day', 'from_stop_id': 'A-1', 'to_stop_id': '61-1', 'trip_id': '1-0-7', 'agency_name': 'Unknown'}]}",5221.0
153,8,6150,inter,right,110,[131; 141; 151],[9; 19],1000,751,500,375,6901,6961.0,10710.0,10770.0,3749.0,4.0,151,19,,,pt,11145.0,4995.0,"{'duration': 3749, 'source_transfer_time': 0, 'waiting_time': 179, 'trip_time': 3570, 'num_transfers': 4, 'departure_time': 6961, 'departure_day': 'current_day', 'arrival_time': 10710, 'arrival_day': 'current_day', 'steps': [{'duration': 540, 'departure_time': 7140, 'arrival_time': 7680, 'day': 'current_day', 'from_stop_id': '151-5', 'to_stop_id': 'B-5', 'trip_id': '10-0-6', 'agency_name': 'Unknown'}, {'duration': 30, 'departure_time': 7680, 'arrival_time': 7710, 'day': 'current_day', 'from_stop_id': 'B-5', 'to_stop_id': 'B-0', 'trip_id': 'walking', 'agency_name': 'Unknown'}, {'duration': 1800, 'departure_time': 7800, 'arrival_time': 9600, 'day': 'current_day', 'from_stop_id': 'B-0', 'to_stop_id': 'A-0', 'trip_id': 'IE-13-1', 'agency_name': 'Unknown'}, {'duration': 30, 'departure_time': 9600, 'arrival_time': 9630, 'day': 'current_day', 'from_stop_id': 'A-0', 'to_stop_id': 'A-5', 'trip_id': 'walking', 'agency_name': 'Unknown'}, {'duration': 630, 'departure_time': 10080, 'arrival_time': 10710, 'day': 'current_day', 'from_stop_id': 'A-5', 'to_stop_id': '19-5', 'trip_id': '8-1-10', 'agency_name': 'Unknown'}]}",4995.0
225,45,9780,inter,right,111,[225],[55],0,0,500,375,9780,9840.0,13680.0,13740.0,3840.0,4.0,225,55,,,pt,14115.0,4335.0,"{'duration': 3840, 'source_transfer_time': 0, 'waiting_time': 330, 'trip_time': 3510, 'num_transfers': 4, 'departure_time': 9840, 'departure_day': 'current_day', 'arrival_time': 13680, 'arrival_day': 'current_day', 'steps': [{'duration': 810, 'departure_time': 10170, 'arrival_time': 10980, 'day': 'current_day', 'from_stop_id': '225-4', 'to_stop_id': 'B-4', 'trip_id': '9-1-12', 'agency_name': 'Unknown'}, {'duration': 30, 'departure_time': 10980, 'arrival_time': 11010, 'day': 'current_day', 'from_stop_id': 'B-4', 'to_stop_id': 'B-0', 'trip_id': 'walking', 'agency_name': 'Unknown'}, {'duration': 1800, 'departure_time': 11400, 'arrival_time': 13200, 'day': 'current_day', 'from_stop_id': 'B-0', 'to_stop_id': 'A-0', 'trip_id': 'IE-19-1', 'agency_name': 'Unknown'}, {'duration': 30, 'departure_time': 13200, 'arrival_time': 13230, 'day': 'current_day', 'from_stop_id': 'A-0', 'to_stop_id': 'A-1', 'trip_id': 'walking', 'agency_name': 'Unknown'}, {'duration': 360, 'departure_time': 13320, 'arrival_time': 13680, 'day': 'current_day', 'from_stop_id': 'A-1', 'to_stop_id': '55-1', 'trip_id': '1-1-16', 'agency_name': 'Unknown'}]}",4335.0
163,52,10860,inter,right,112,[141; 151; 161; 181],[60],1000,751,500,375,11611,11671.0,14880.0,14940.0,3209.0,4.0,141,60,,,pt,15315.0,4455.0,"{'duration': 3209, 'source_transfer_time': 0, 'waiting_time': 89, 'trip_time': 3120, 'num_transfers': 4, 'departure_time': 11671, 'departure_day': 'current_day', 'arrival_time': 14880, 'arrival_day': 'current_day', 'steps': [{'duration': 720, 'departure_time': 11760, 'arrival_time': 12480, 'day': 'current_day', 'from_stop_id': '141-5', 'to_stop_id': 'B-5', 'trip_id': '10-0-14', 'agency_name': 'Unknown'}, {'duration': 30, 'departure_time': 12480, 'arrival_time': 12510, 'day': 'current_day', 'from_stop_id': 'B-5', 'to_stop_id': 'B-0', 'trip_id': 'walking', 'agency_name': 'Unknown'}, {'duration': 1800, 'departure_time': 12600, 'arrival_time': 14400, 'day': 'current_day', 'from_stop_id': 'B-0', 'to_stop_id': 'A-0', 'trip_id': 'IE-21-1', 'agency_name': 'Unknown'}, {'duration': 30, 'departure_time': 14400, 'arrival_time': 14430, 'day': 'current_day', 'from_stop_id': 'A-0', 'to_stop_id': 'A-1', 'trip_id': 'walking', 'agency_name': 'Unknown'}, {'duration': 360, 'departure_time': 14520, 'arrival_time': 14880, 'day': 'current_day', 'from_stop_id': 'A-1', 'to_stop_id': '60-1', 'trip_id': '1-0-18', 'agency_name': 'Unknown'}]}",4455.0
135,113,10920,inter,right,113,[133; 137; 145; 157],[91; 103; 115],1000,751,1000,751,11671,11731.0,15120.0,15180.0,3389.0,4.0,137,91,,,pt,15931.0,5011.0,"{'duration': 3389, 'source_transfer_time': 0, 'waiting_time': 329, 'trip_time': 3060, 'num_transfers': 4, 'departure_time': 11731, 'departure_day': 'current_day', 'arrival_time': 15120, 'arrival_day': 'current_day', 'steps': [{'duration': 360, 'departure_time': 12060, 'arrival_time': 12420, 'day': 'current_day', 'from_stop_id': '137-2', 'to_stop_id': 'B-2', 'trip_id': '4-1-14', 'agency_name': 'Unknown'}, {'duration': 30, 'departure_time': 12420, 'arrival_time': 12450, 'day': 'current_day', 'from_stop_id': 'B-2', 'to_stop_id': 'B-0', 'trip_id': 'walking', 'agency_name': 'Unknown'}, {'duration': 1800, 'departure_time': 12600, 'arrival_time': 14400, 'day': 'current_day', 'from_stop_id': 'B-0', 'to_stop_id': 'A-0', 'trip_id': 'IE-21-1', 'agency_name': 'Unknown'}, {'duration': 30, 'departure_time': 14400, 'arrival_time': 14430, 'day': 'current_day', 'from_stop_id': 'A-0', 'to_stop_id': 'A-4', 'trip_id': 'walking', 'agency_name': 'Unknown'}, {'duration': 540, 'departure_time': 14580, 'arrival_time': 15120, 'day': 'current_day', 'from_stop_id': 'A-4', 'to_stop_id': '91-4', 'trip_id': '7-0-18', 'agency_name': 'Unknown'}]}",5011.0
222,58,4170,inter,right,114,[200; 212; 220; 224],[58],1000,751,0,0,4921,4981.0,8100.0,8160.0,3119.0,4.0,200,58,,,pt,8160.0,3990.0,"{'duration': 3119, 'source_transfer_time': 0, 'waiting_time': 239, 'trip_time': 2880, 'num_transfers': 4, 'departure_time': 4981, 'departure_day': 'current_day', 'arrival_time': 8100, 'arrival_day': 'current_day', 'steps': [{'duration': 360, 'departure_time': 5220, 'arrival_time': 5580, 'day': 'current_day', 'from_stop_id': '200-4', 'to_stop_id': 'B-4', 'trip_id': '9-1-3', 'agency_name': 'Unknown'}, {'duration': 30, 'departure_time': 5580, 'arrival_time': 5610, 'day': 'current_day', 'from_stop_id': 'B-4', 'to_stop_id': 'B-0', 'trip_id': 'walking', 'agency_name': 'Unknown'}, {'duration': 1800, 'departure_time': 6000, 'arrival_time': 7800, 'day': 'current_day', 'from_stop_id': 'B-0', 'to_stop_id': 'A-0', 'trip_id': 'IE-10-1', 'agency_name': 'Unknown'}, {'duration': 30, 'departure_time': 7800, 'arrival_time': 7830, 'day': 'current_day', 'from_stop_id': 'A-0', 'to_stop_id': 'A-1', 'trip_id': 'walking', 'agency_name': 'Unknown'}, {'duration': 180, 'departure_time': 7920, 'arrival_time': 8100, 'day': 'current_day', 'from_stop_id': 'A-1', 'to_stop_id': '58-1', 'trip_id': '1-0-7', 'agency_name': 'Unknown'}]}",3990.0
209,16,10860,inter,right,115,[209],[16],0,0,0,0,10860,10920.0,13980.0,14040.0,3060.0,4.0,209,16,,,pt,14040.0,3180.0,"{'duration': 3060, 'source_transfer_time': 0, 'waiting_time': 30, 'trip_time': 3030, 'num_transfers': 4, 'departure_time': 10920, 'departure_day': 'current_day', 'arrival_time': 13980, 'arrival_day': 'current_day', 'steps': [{'duration': 270, 'departure_time': 10950, 'arrival_time': 11220, 'day': 'current_day', 'from_stop_id': '209-2', 'to_stop_id': 'B-2', 'trip_id': '4-0-12', 'agency_name': 'Unknown'}, {'duration': 30, 'departure_time': 11220, 'arrival_time': 11250, 'day': 'current_day', 'from_stop_id': 'B-2', 'to_stop_id': 'B-0', 'trip_id': 'walking', 'agency_name': 'Unknown'}, {'duration': 1800, 'departure_time': 11400, 'arrival_time': 13200, 'day': 'current_day', 'from_stop_id': 'B-0', 'to_stop_id': 'A-0', 'trip_id': 'IE-19-1', 'agency_name': 'Unknown'}, {'duration': 30, 'departure_time': 13200, 'arrival_time': 13230, 'day': 'current_day', 'from_stop_id': 'A-0', 'to_stop_id': 'A-2', 'trip_id': 'walking', 'agency_name': 'Unknown'}, {'duration': 360, 'departure_time': 13620, 'arrival_time': 13980, 'day': 'current_day', 'from_stop_id': 'A-2', 'to_stop_id': '16-2', 'trip_id': '2-0-16', 'agency_name': 'Unknown'}]}",3180.0
155,60,7140,inter,right,116,[144; 156],[60],500,375,0,0,7515,7575.0,11280.0,11340.0,3705.0,4.0,144,60,,,pt,11340.0,4200.0,"{'duration': 3705, 'source_transfer_time': 0, 'waiting_time': 375, 'trip_time': 3330, 'num_transfers': 4, 'departure_time': 7575, 'departure_day': 'current_day', 'arrival_time': 11280, 'arrival_day': 'current_day', 'steps': [{'duration': 630, 'departure_time': 7950, 'arrival_time': 8580, 'day': 'current_day', 'from_stop_id': '144-4', 'to_stop_id': 'B-4', 'trip_id': '9-0-8', 'agency_name': 'Unknown'}, {'duration': 30, 'departure_time': 8580, 'arrival_time': 8610, 'day': 'current_day', 'from_stop_id': 'B-4', 'to_stop_id': 'B-0', 'trip_id': 'walking', 'agency_name': 'Unknown'}, {'duration': 1800, 'departure_time': 9000, 'arrival_time': 10800, 'day': 'current_day', 'from_stop_id': 'B-0', 'to_stop_id': 'A-0', 'trip_id': 'IE-15-1', 'agency_name': 'Unknown'}, {'duration': 30, 'departure_time': 10800, 'arrival_time': 10830, 'day': 'current_day', 'from_stop_id': 'A-0', 'to_stop_id': 'A-1', 'trip_id': 'walking', 'agency_name': 'Unknown'}, {'duration': 360, 'departure_time': 10920, 'arrival_time': 11280, 'day': 'current_day', 'from_stop_id': 'A-1', 'to_stop_id': '60-1', 'trip_id': '1-0-12', 'agency_name': 'Unknown'}]}",4200.0
133,68,5430,inter,right,117,[133],[68],0,0,0,0,5430,5490.0,9450.0,9510.0,3960.0,4.0,133,68,,,pt,9510.0,4080.0,"{'duration': 3960, 'source_transfer_time': 0, 'waiting_time': 570, 'trip_time': 3390, 'num_transfers': 4, 'departure_time': 5490, 'departure_day': 'current_day', 'arrival_time': 9450, 'arrival_day': 'current_day', 'steps': [{'duration': 720, 'departure_time': 6060, 'arrival_time': 6780, 'day': 'current_day', 'from_stop_id': '133-4', 'to_stop_id': 'B-4', 'trip_id': '9-0-5', 'agency_name': 'Unknown'}, {'duration': 30, 'departure_time': 6780, 'arrival_time': 6810, 'day': 'current_day', 'from_stop_id': 'B-4', 'to_stop_id': 'B-0', 'trip_id': 'walking', 'agency_name': 'Unknown'}, {'duration': 1800, 'departure_time': 7200, 'arrival_time': 9000, 'day': 'current_day', 'from_stop_id': 'B-0', 'to_stop_id': 'A-0', 'trip_id': 'IE-12-1', 'agency_name': 'Unknown'}, {'duration': 30, 'departure_time': 9000, 'arrival_time': 9030, 'day': 'current_day', 'from_stop_id': 'A-0', 'to_stop_id': 'A-4', 'trip_id': 'walking', 'agency_name': 'Unknown'}, {'duration': 270, 'departure_time': 9180, 'arrival_time': 9450, 'day': 'current_day', 'from_stop_id': 'A-4', 'to_stop_id': '68-4', 'trip_id': '7-0-9', 'agency_name': 'Unknown'}]}",4080.0
215,54,6180,inter,right,118,[216; 226],[54],500,375,0,0,6555,6615.0,10170.0,10230.0,3555.0,4.0,216,54,,,pt,10230.0,4050.0,"{'duration': 3555, 'source_transfer_time': 0, 'waiting_time': 345, 'trip_time': 3210, 'num_transfers': 4, 'departure_time': 6615, 'departure_day': 'current_day', 'arrival_time': 10170, 'arrival_day': 'current_day', 'steps': [{'duration': 720, 'departure_time': 6960, 'arrival_time': 7680, 'day': 'current_day', 'from_stop_id': '216-5', 'to_stop_id': 'B-5', 'trip_id': '10-1-6', 'agency_name': 'Unknown'}, {'duration': 30, 'departure_time': 7680, 'arrival_time': 7710, 'day': 'current_day', 'from_stop_id': 'B-5', 'to_stop_id': 'B-0', 'trip_id': 'walking', 'agency_name': 'Unknown'}, {'duration': 1800, 'departure_time': 7800, 'arrival_time': 9600, 'day': 'current_day', 'from_stop_id': 'B-0', 'to_stop_id': 'A-0', 'trip_id': 'IE-13-1', 'agency_name': 'Unknown'}, {'duration': 30, 'departure_time': 9600, 'arrival_time': 9630, 'day': 'current_day', 'from_stop_id': 'A-0', 'to_stop_id': 'A-1', 'trip_id': 'walking', 'agency_name': 'Unknown'}, {'duration': 450, 'departure_time': 9720, 'arrival_time': 10170, 'day': 'current_day', 'from_stop_id': 'A-1', 'to_stop_id': '54-1', 'trip_id': '1-1-10', 'agency_name': 'Unknown'}]}",4050.0
130,104,9690,inter,right,119,[130],[104],0,0,0,0,9690,9750.0,13590.0,13650.0,3840.0,4.0,130,104,,,pt,13650.0,3960.0,"{'duration': 3840, 'source_transfer_time': 0, 'waiting_time': 120, 'trip_time': 3720, 'num_transfers': 4, 'departure_time': 9750, 'departure_day': 'current_day', 'arrival_time': 13590, 'arrival_day': 'current_day', 'steps': [{'duration': 810, 'departure_time': 9870, 'arrival_time': 10680, 'day': 'current_day', 'from_stop_id': '130-5', 'to_stop_id': 'B-5', 'trip_id': '10-0-11', 'agency_name': 'Unknown'}, {'duration': 30, 'departure_time': 10680, 'arrival_time': 10710, 'day': 'current_day', 'from_stop_id': 'B-5', 'to_stop_id': 'B-0', 'trip_id': 'walking', 'agency_name': 'Unknown'}, {'duration': 1800, 'departure_time': 10800, 'arrival_time': 12600, 'day': 'current_day', 'from_stop_id': 'B-0', 'to_stop_id': 'A-0', 'trip_id': 'IE-18-1', 'agency_name': 'Unknown'}, {'duration': 30, 'departure_time': 12600, 'arrival_time': 12630, 'day': 'current_day', 'from_stop_id': 'A-0', 'to_stop_id': 'A-4', 'trip_id': 'walking', 'agency_name': 'Unknown'}, {'duration': 810, 'departure_time': 12780, 'arrival_time': 13590, 'day': 'current_day', 'from_stop_id': 'A-4', 'to_stop_id': '104-4', 'trip_id': '7-0-15', 'agency_name': 'Unknown'}]}",3960.0
141,10,9810,inter,right,120,[141],[10],0,0,0,0,9810,9870.0,13980.0,14040.0,4110.0,4.0,141,10,,,pt,14040.0,4230.0,"{'duration': 4110, 'source_transfer_time': 0, 'waiting_time': 90, 'trip_time': 4020, 'num_transfers': 4, 'departure_time': 9870, 'departure_day': 'current_day', 'arrival_time': 13980, 'arrival_day': 'current_day', 'steps': [{'duration': 720, 'departure_time': 9960, 'arrival_time': 10680, 'day': 'current_day', 'from_stop_id': '141-5', 'to_stop_id': 'B-5', 'trip_id': '10-0-11', 'agency_name': 'Unknown'}, {'duration': 30, 'departure_time': 10680, 'arrival_time': 10710, 'day': 'current_day', 'from_stop_id': 'B-5', 'to_stop_id': 'B-0', 'trip_id': 'walking', 'agency_name': 'Unknown'}, {'duration': 1800, 'departure_time': 10800, 'arrival_time': 12600, 'day': 'current_day', 'from_stop_id': 'B-0', 'to_stop_id': 'A-0', 'trip_id': 'IE-18-1', 'agency_name': 'Unknown'}, {'duration': 30, 'departure_time': 12600, 'arrival_time': 12630, 'day': 'current_day', 'from_stop_id': 'A-0', 'to_stop_id': 'A-5', 'trip_id': 'walking', 'agency_name': 'Unknown'}, {'duration': 900, 'departure_time': 13080, 'arrival_time': 13980, 'day': 'current_day', 'from_stop_id': 'A-5', 'to_stop_id': '10-5', 'trip_id': '8-1-15', 'agency_name': 'Unknown'}]}",4230.0
172,20,12630,inter,right,121,[180],[20],500,375,0,0,13005,13065.0,17400.0,17460.0,4335.0,4.0,180,20,,,pt,17460.0,4830.0,"{'duration': 4335, 'source_transfer_time': 0, 'waiting_time': 585, 'trip_time': 3750, 'num_transfers': 4, 'departure_time': 13065, 'departure_day': 'current_day', 'arrival_time': 17400, 'arrival_day': 'current_day', 'steps': [{'duration': 270, 'departure_time': 13650, 'arrival_time': 13920, 'day': 'current_day', 'from_stop_id': '180-1', 'to_stop_id': 'B-1', 'trip_id': '3-1-17', 'agency_name': 'Unknown'}, {'duration': 30, 'departure_time': 13920, 'arrival_time': 13950, 'day': 'current_day', 'from_stop_id': 'B-1', 'to_stop_id': 'B-0', 'trip_id': 'walking', 'agency_name': 'Unknown'}, {'duration': 1800, 'departure_time': 14400, 'arrival_time': 16200, 'day': 'current_day', 'from_stop_id': 'B-0', 'to_stop_id': 'A-0', 'trip_id': 'IE-24-1', 'agency_name': 'Unknown'}, {'duration': 30, 'departure_time': 16200, 'arrival_time': 16230, 'day': 'current_day', 'from_stop_id': 'A-0', 'to_stop_id': 'A-5', 'trip_id': 'walking', 'agency_name': 'Unknown'}, {'duration': 720, 'departure_time': 16680, 'arrival_time': 17400, 'day': 'current_day', 'from_stop_id': 'A-5', 'to_stop_id': '20-5', 'trip_id': '8-1-21', 'agency_name': 'Unknown'}]}",4830.0
156,54,11460,inter,right,122,[156],[54],0,0,0,0,11460,11520.0,14970.0,15030.0,3450.0,4.0,156,54,,,pt,15030.0,3570.0,"{'duration': 3450, 'source_transfer_time': 0, 'waiting_time': 210, 'trip_time': 3240, 'num_transfers': 4, 'departure_time': 11520, 'departure_day': 'current_day', 'arrival_time': 14970, 'arrival_day': 'current_day', 'steps': [{'duration': 450, 'departure_time': 11730, 'arrival_time': 12180, 'day': 'current_day', 'from_stop_id': '156-4', 'to_stop_id': 'B-4', 'trip_id': '9-0-14', 'agency_name': 'Unknown'}, {'duration': 30, 'departure_time': 12180, 'arrival_time': 12210, 'day': 'current_day', 'from_stop_id': 'B-4', 'to_stop_id': 'B-0', 'trip_id': 'walking', 'agency_name': 'Unknown'}, {'duration': 1800, 'departure_time': 12600, 'arrival_time': 14400, 'day': 'current_day', 'from_stop_id': 'B-0', 'to_stop_id': 'A-0', 'trip_id': 'IE-21-1', 'agency_name': 'Unknown'}, {'duration': 30, 'departure_time': 14400, 'arrival_time': 14430, 'day': 'current_day', 'from_stop_id': 'A-0', 'to_stop_id': 'A-1', 'trip_id': 'walking', 'agency_name': 'Unknown'}, {'duration': 450, 'departure_time': 14520, 'arrival_time': 14970, 'day': 'current_day', 'from_stop_id': 'A-1', 'to_stop_id': '54-1', 'trip_id': '1-1-18', 'agency_name': 'Unknown'}]}",3570.0
183,113,9690,inter,right,123,[175],[91; 103; 115],500,375,1000,751,10065,10125.0,13920.0,13980.0,3795.0,4.0,175,91,,,pt,14731.0,5041.0,"{'duration': 3795, 'source_transfer_time': 0, 'waiting_time': 345, 'trip_time': 3450, 'num_transfers': 4, 'departure_time': 10125, 'departure_day': 'current_day', 'arrival_time': 13920, 'arrival_day': 'current_day', 'steps': [{'duration': 450, 'departure_time': 10470, 'arrival_time': 10920, 'day': 'current_day', 'from_stop_id': '175-1', 'to_stop_id': 'B-1', 'trip_id': '3-0-12', 'agency_name': 'Unknown'}, {'duration': 30, 'departure_time': 10920, 'arrival_time': 10950, 'day': 'current_day', 'from_stop_id': 'B-1', 'to_stop_id': 'B-0', 'trip_id': 'walking', 'agency_name': 'Unknown'}, {'duration': 1800, 'departure_time': 11400, 'arrival_time': 13200, 'day': 'current_day', 'from_stop_id': 'B-0', 'to_stop_id': 'A-0', 'trip_id': 'IE-19-1', 'agency_name': 'Unknown'}, {'duration': 30, 'departure_time': 13200, 'arrival_time': 13230, 'day': 'current_day', 'from_stop_id': 'A-0', 'to_stop_id': 'A-4', 'trip_id': 'walking', 'agency_name': 'Unknown'}, {'duration': 540, 'departure_time': 13380, 'arrival_time': 13920, 'day': 'current_day', 'from_stop_id': 'A-4', 'to_stop_id': '91-4', 'trip_id': '7-0-16', 'agency_name': 'Unknown'}]}",5041.0
146,7,13020,inter,right,124,[145; 157],[5; 9; 19; 29],500,375,1000,751,13395,13455.0,17070.0,17130.0,3615.0,4.0,157,5,,,pt,17881.0,4861.0,"{'duration': 3615, 'source_transfer_time': 0, 'waiting_time': 165, 'trip_time': 3450, 'num_transfers': 4, 'departure_time': 13455, 'departure_day': 'current_day', 'arrival_time': 17070, 'arrival_day': 'current_day', 'steps': [{'duration': 360, 'departure_time': 13620, 'arrival_time': 13980, 'day': 'current_day', 'from_stop_id': '157-4', 'to_stop_id': 'B-4', 'trip_id': '9-0-17', 'agency_name': 'Unknown'}, {'duration': 30, 'departure_time': 13980, 'arrival_time': 14010, 'day': 'current_day', 'from_stop_id': 'B-4', 'to_stop_id': 'B-0', 'trip_id': 'walking', 'agency_name': 'Unknown'}, {'duration': 1800, 'departure_time': 14400, 'arrival_time': 16200, 'day': 'current_day', 'from_stop_id': 'B-0', 'to_stop_id': 'A-0', 'trip_id': 'IE-24-1', 'agency_name': 'Unknown'}, {'duration': 30, 'departure_time': 16200, 'arrival_time': 16230, 'day': 'current_day', 'from_stop_id': 'A-0', 'to_stop_id': 'A-2', 'trip_id': 'walking', 'agency_name': 'Unknown'}, {'duration': 450, 'departure_time': 16620, 'arrival_time': 17070, 'day': 'current_day', 'from_stop_id': 'A-2', 'to_stop_id': '5-2', 'trip_id': '2-0-21', 'agency_name': 'Unknown'}]}",4861.0
231,30,4650,inter,right,125,[231],[30],0,0,0,0,4650,4710.0,8220.0,8280.0,3510.0,4.0,231,30,,,pt,8280.0,3630.0,"{'duration': 3510, 'source_transfer_time': 0, 'waiting_time': 60, 'trip_time': 3450, 'num_transfers': 4, 'departure_time': 4710, 'departure_day': 'current_day', 'arrival_time': 8220, 'arrival_day': 'current_day', 'steps': [{'duration': 450, 'departure_time': 4770, 'arrival_time': 5220, 'day': 'current_day', 'from_stop_id': '231-2', 'to_stop_id': 'B-2', 'trip_id': '4-0-2', 'agency_name': 'Unknown'}, {'duration': 30, 'departure_time': 5220, 'arrival_time': 5250, 'day': 'current_day', 'from_stop_id': 'B-2', 'to_stop_id': 'B-0', 'trip_id': 'walking', 'agency_name': 'Unknown'}, {'duration': 1800, 'departure_time': 5400, 'arrival_time': 7200, 'day': 'current_day', 'from_stop_id': 'B-0', 'to_stop_id': 'A-0', 'trip_id': 'IE-9-1', 'agency_name': 'Unknown'}, {'duration': 30, 'departure_time': 7200, 'arrival_time': 7230, 'day': 'current_day', 'from_stop_id': 'A-0', 'to_stop_id': 'A-5', 'trip_id': 'walking', 'agency_name': 'Unknown'}, {'duration': 540, 'departure_time': 7680, 'arrival_time': 8220, 'day': 'current_day', 'from_stop_id': 'A-5', 'to_stop_id': '30-5', 'trip_id': '8-1-6', 'agency_name': 'Unknown'}]}",3630.0
222,53,5880,inter,right,126,[200; 212; 220; 224],[61],1000,751,500,375,6631,6691.0,10170.0,10230.0,3479.0,4.0,200,61,,,pt,10605.0,4725.0,"{'duration': 3479, 'source_transfer_time': 0, 'waiting_time': 329, 'trip_time': 3150, 'num_transfers': 4, 'departure_time': 6691, 'departure_day': 'current_day', 'arrival_time': 10170, 'arrival_day': 'current_day', 'steps': [{'duration': 360, 'departure_time': 7020, 'arrival_time': 7380, 'day': 'current_day', 'from_stop_id': '200-4', 'to_stop_id': 'B-4', 'trip_id': '9-1-6', 'agency_name': 'Unknown'}, {'duration': 30, 'departure_time': 7380, 'arrival_time': 7410, 'day': 'current_day', 'from_stop_id': 'B-4', 'to_stop_id': 'B-0', 'trip_id': 'walking', 'agency_name': 'Unknown'}, {'duration': 1800, 'departure_time': 7800, 'arrival_time': 9600, 'day': 'current_day', 'from_stop_id': 'B-0', 'to_stop_id': 'A-0', 'trip_id': 'IE-13-1', 'agency_name': 'Unknown'}, {'duration': 30, 'departure_time': 9600, 'arrival_time': 9630, 'day': 'current_day', 'from_stop_id': 'A-0', 'to_stop_id': 'A-1', 'trip_id': 'walking', 'agency_name': 'Unknown'}, {'duration': 450, 'departure_time': 9720, 'arrival_time': 10170, 'day': 'current_day', 'from_stop_id': 'A-1', 'to_stop_id': '61-1', 'trip_id': '1-0-10', 'agency_name': 'Unknown'}]}",4725.0
189,9,12600,inter,right,127,[189],[9],0,0,0,0,12600,12660.0,16890.0,16950.0,4230.0,4.0,189,9,,,pt,16950.0,4350.0,"{'duration': 4230, 'source_transfer_time': 0, 'waiting_time': 450, 'trip_time': 3780, 'num_transfers': 4, 'departure_time': 12660, 'departure_day': 'current_day', 'arrival_time': 16890, 'arrival_day': 'current_day', 'steps': [{'duration': 270, 'departure_time': 13110, 'arrival_time': 13380, 'day': 'current_day', 'from_stop_id': '189-4', 'to_stop_id': 'B-4', 'trip_id': '9-1-16', 'agency_name': 'Unknown'}, {'duration': 30, 'departure_time': 13380, 'arrival_time': 13410, 'day': 'current_day', 'from_stop_id': 'B-4', 'to_stop_id': 'B-0', 'trip_id': 'walking', 'agency_name': 'Unknown'}, {'duration': 1800, 'departure_time': 13800, 'arrival_time': 15600, 'day': 'current_day', 'from_stop_id': 'B-0', 'to_stop_id': 'A-0', 'trip_id': 'IE-23-1', 'agency_name': 'Unknown'}, {'duration': 30, 'departure_time': 15600, 'arrival_time': 15630, 'day': 'current_day', 'from_stop_id': 'A-0', 'to_stop_id': 'A-5', 'trip_id': 'walking', 'agency_name': 'Unknown'}, {'duration': 810, 'departure_time': 16080, 'arrival_time': 16890, 'day': 'current_day', 'from_stop_id': 'A-5', 'to_stop_id': '9-5', 'trip_id': '8-1-20', 'agency_name': 'Unknown'}]}",4350.0
133,103,5580,inter,right,128,[133],[103],0,0,0,0,5580,5640.0,9900.0,9960.0,4260.0,4.0,133,103,,,pt,9960.0,4380.0,"{'duration': 4260, 'source_transfer_time': 0, 'waiting_time': 420, 'trip_time': 3840, 'num_transfers': 4, 'departure_time': 5640, 'departure_day': 'current_day', 'arrival_time': 9900, 'arrival_day': 'current_day', 'steps': [{'duration': 720, 'departure_time': 6060, 'arrival_time': 6780, 'day': 'current_day', 'from_stop_id': '133-4', 'to_stop_id': 'B-4', 'trip_id': '9-0-5', 'agency_name': 'Unknown'}, {'duration': 30, 'departure_time': 6780, 'arrival_time': 6810, 'day': 'current_day', 'from_stop_id': 'B-4', 'to_stop_id': 'B-0', 'trip_id': 'walking', 'agency_name': 'Unknown'}, {'duration': 1800, 'departure_time': 7200, 'arrival_time': 9000, 'day': 'current_day', 'from_stop_id': 'B-0', 'to_stop_id': 'A-0', 'trip_id': 'IE-12-1', 'agency_name': 'Unknown'}, {'duration': 30, 'departure_time': 9000, 'arrival_time': 9030, 'day': 'current_day', 'from_stop_id': 'A-0', 'to_stop_id': 'A-4', 'trip_id': 'walking', 'agency_name': 'Unknown'}, {'duration': 720, 'departure_time': 9180, 'arrival_time': 9900, 'day': 'current_day', 'from_stop_id': 'A-4', 'to_stop_id': '103-4', 'trip_id': '7-0-9', 'agency_name': 'Unknown'}]}",4380.0
203,50,7350,inter,right,129,[182; 201; 213; 225],[40; 49; 58],1000,751,500,375,8101,8161.0,11700.0,11760.0,3539.0,4.0,182,58,,,pt,12135.0,4785.0,"{'duration': 3539, 'source_transfer_time': 0, 'waiting_time': 509, 'trip_time': 3030, 'num_transfers': 4, 'departure_time': 8161, 'departure_day': 'current_day', 'arrival_time': 11700, 'arrival_day': 'current_day', 'steps': [{'duration': 450, 'departure_time': 8670, 'arrival_time': 9120, 'day': 'current_day', 'from_stop_id': '182-1', 'to_stop_id': 'B-1', 'trip_id': '3-1-9', 'agency_name': 'Unknown'}, {'duration': 30, 'departure_time': 9120, 'arrival_time': 9150, 'day': 'current_day', 'from_stop_id': 'B-1', 'to_stop_id': 'B-0', 'trip_id': 'walking', 'agency_name': 'Unknown'}, {'duration': 1800, 'departure_time': 9600, 'arrival_time': 11400, 'day': 'current_day', 'from_stop_id': 'B-0', 'to_stop_id': 'A-0', 'trip_id': 'IE-16-1', 'agency_name': 'Unknown'}, {'duration': 30, 'departure_time': 11400, 'arrival_time': 11430, 'day': 'current_day', 'from_stop_id': 'A-0', 'to_stop_id': 'A-1', 'trip_id': 'walking', 'agency_name': 'Unknown'}, {'duration': 180, 'departure_time': 11520, 'arrival_time': 11700, 'day': 'current_day', 'from_stop_id': 'A-1', 'to_stop_id': '58-1', 'trip_id': '1-0-13', 'agency_name': 'Unknown'}]}",4785.0
207,100,9000,inter,right,130,[207],[99],0,0,500,375,9000,9060.0,12780.0,12840.0,3720.0,4.0,207,99,,,pt,13215.0,4215.0,"{'duration': 3720, 'source_transfer_time': 0, 'waiting_time': 570, 'trip_time': 3150, 'num_transfers': 4, 'departure_time': 9060, 'departure_day': 'current_day', 'arrival_time': 12780, 'arrival_day': 'current_day', 'steps': [{'duration': 450, 'departure_time': 9630, 'arrival_time': 10080, 'day': 'current_day', 'from_stop_id': '207-5', 'to_stop_id': 'B-5', 'trip_id': '10-1-10', 'agency_name': 'Unknown'}, {'duration': 30, 'departure_time': 10080, 'arrival_time': 10110, 'day': 'current_day', 'from_stop_id': 'B-5', 'to_stop_id': 'B-0', 'trip_id': 'walking', 'agency_name': 'Unknown'}, {'duration': 1800, 'departure_time': 10200, 'arrival_time': 12000, 'day': 'current_day', 'from_stop_id': 'B-0', 'to_stop_id': 'A-0', 'trip_id': 'IE-17-1', 'agency_name': 'Unknown'}, {'duration': 30, 'departure_time': 12000, 'arrival_time': 12030, 'day': 'current_day', 'from_stop_id': 'A-0', 'to_stop_id': 'A-2', 'trip_id': 'walking', 'agency_name': 'Unknown'}, {'duration': 360, 'departure_time': 12420, 'arrival_time': 12780, 'day': 'current_day', 'from_stop_id': 'A-2', 'to_stop_id': '99-2', 'trip_id': '2-1-14', 'agency_name': 'Unknown'}]}",4215.0
205,81,5070,inter,right,131,[206; 216],[80; 92],500,375,500,375,5445,5505.0,9030.0,9090.0,3525.0,4.0,206,80,,,pt,9465.0,4395.0,"{'duration': 3525, 'source_transfer_time': 0, 'waiting_time': 435, 'trip_time': 3090, 'num_transfers': 4, 'departure_time': 5505, 'departure_day': 'current_day', 'arrival_time': 9030, 'arrival_day': 'current_day', 'steps': [{'duration': 540, 'departure_time': 5940, 'arrival_time': 6480, 'day': 'current_day', 'from_stop_id': '206-5', 'to_stop_id': 'B-5', 'trip_id': '10-1-4', 'agency_name': 'Unknown'}, {'duration': 30, 'departure_time': 6480, 'arrival_time': 6510, 'day': 'current_day', 'from_stop_id': 'B-5', 'to_stop_id': 'B-0', 'trip_id': 'walking', 'agency_name': 'Unknown'}, {'duration': 1800, 'departure_time': 6600, 'arrival_time': 8400, 'day': 'current_day', 'from_stop_id': 'B-0', 'to_stop_id': 'A-0', 'trip_id': 'IE-11-1', 'agency_name': 'Unknown'}, {'duration': 30, 'departure_time': 8400, 'arrival_time': 8430, 'day': 'current_day', 'from_stop_id': 'A-0', 'to_stop_id': 'A-4', 'trip_id': 'walking', 'agency_name': 'Unknown'}, {'duration': 450, 'departure_time': 8580, 'arrival_time': 9030, 'day': 'current_day', 'from_stop_id': 'A-4', 'to_stop_id': '80-4', 'trip_id': '7-0-8', 'agency_name': 'Unknown'}]}",4395.0
122,74,12060,inter,right,132,[121; 133],[75; 85],500,375,500,375,12435,12495.0,16440.0,16500.0,3945.0,4.0,133,75,,,pt,16875.0,4815.0,"{'duration': 3945, 'source_transfer_time': 0, 'waiting_time': 165, 'trip_time': 3780, 'num_transfers': 4, 'departure_time': 12495, 'departure_day': 'current_day', 'arrival_time': 16440, 'arrival_day': 'current_day', 'steps': [{'duration': 720, 'departure_time': 12660, 'arrival_time': 13380, 'day': 'current_day', 'from_stop_id': '133-4', 'to_stop_id': 'B-4', 'trip_id': '9-0-16', 'agency_name': 'Unknown'}, {'duration': 30, 'departure_time': 13380, 'arrival_time': 13410, 'day': 'current_day', 'from_stop_id': 'B-4', 'to_stop_id': 'B-0', 'trip_id': 'walking', 'agency_name': 'Unknown'}, {'duration': 1800, 'departure_time': 13800, 'arrival_time': 15600, 'day': 'current_day', 'from_stop_id': 'B-0', 'to_stop_id': 'A-0', 'trip_id': 'IE-23-1', 'agency_name': 'Unknown'}, {'duration': 30, 'departure_time': 15600, 'arrival_time': 15630, 'day': 'current_day', 'from_stop_id': 'A-0', 'to_stop_id': 'A-5', 'trip_id': 'walking', 'agency_name': 'Unknown'}, {'duration': 360, 'departure_time': 16080, 'arrival_time': 16440, 'day': 'current_day', 'from_stop_id': 'A-5', 'to_stop_id': '75-5', 'trip_id': '8-0-20', 'agency_name': 'Unknown'}]}",4815.0
218,108,8070,inter,right,133,[207; 217],[86; 96; 106; 110],500,375,1000,751,8445,8505.0,12270.0,12330.0,3765.0,4.0,207,110,,,pt,13081.0,5011.0,"{'duration': 3765, 'source_transfer_time': 0, 'waiting_time': 525, 'trip_time': 3240, 'num_transfers': 4, 'departure_time': 8505, 'departure_day': 'current_day', 'arrival_time': 12270, 'arrival_day': 'current_day', 'steps': [{'duration': 450, 'departure_time': 9030, 'arrival_time': 9480, 'day': 'current_day', 'from_stop_id': '207-5', 'to_stop_id': 'B-5', 'trip_id': '10-1-9', 'agency_name': 'Unknown'}, {'duration': 30, 'departure_time': 9480, 'arrival_time': 9510, 'day': 'current_day', 'from_stop_id': 'B-5', 'to_stop_id': 'B-0', 'trip_id': 'walking', 'agency_name': 'Unknown'}, {'duration': 1800, 'departure_time': 9600, 'arrival_time': 11400, 'day': 'current_day', 'from_stop_id': 'B-0', 'to_stop_id': 'A-0', 'trip_id': 'IE-16-1', 'agency_name': 'Unknown'}, {'duration': 30, 'departure_time': 11400, 'arrival_time': 11430, 'day': 'current_day', 'from_stop_id': 'A-0', 'to_stop_id': 'A-2', 'trip_id': 'walking', 'agency_name': 'Unknown'}, {'duration': 450, 'departure_time': 11820, 'arrival_time': 12270, 'day': 'current_day', 'from_stop_id': 'A-2', 'to_stop_id': '110-2', 'trip_id': '2-1-13', 'agency_name': 'Unknown'}]}",5011.0
224,48,8760,inter,right,134,[224],[48],0,0,0,0,8760,8820.0,12360.0,12420.0,3540.0,4.0,224,48,,,pt,12420.0,3660.0,"{'duration': 3540, 'source_transfer_time': 0, 'waiting_time': 240, 'trip_time': 3300, 'num_transfers': 4, 'departure_time': 8820, 'departure_day': 'current_day', 'arrival_time': 12360, 'arrival_day': 'current_day', 'steps': [{'duration': 720, 'departure_time': 9060, 'arrival_time': 9780, 'day': 'current_day', 'from_stop_id': '224-4', 'to_stop_id': 'B-4', 'trip_id': '9-1-10', 'agency_name': 'Unknown'}, {'duration': 30, 'departure_time': 9780, 'arrival_time': 9810, 'day': 'current_day', 'from_stop_id': 'B-4', 'to_stop_id': 'B-0', 'trip_id': 'walking', 'agency_name': 'Unknown'}, {'duration': 1800, 'departure_time': 10200, 'arrival_time': 12000, 'day': 'current_day', 'from_stop_id': 'B-0', 'to_stop_id': 'A-0', 'trip_id': 'IE-17-1', 'agency_name': 'Unknown'}, {'duration': 30, 'departure_time': 12000, 'arrival_time': 12030, 'day': 'current_day', 'from_stop_id': 'A-0', 'to_stop_id': 'A-4', 'trip_id': 'walking', 'agency_name': 'Unknown'}, {'duration': 180, 'departure_time': 12180, 'arrival_time': 12360, 'day': 'current_day', 'from_stop_id': 'A-4', 'to_stop_id': '48-4', 'trip_id': '7-1-14', 'agency_name': 'Unknown'}]}",3660.0
133,68,5670,inter,right,135,[133],[68],0,0,0,0,5670,5730.0,9450.0,9510.0,3720.0,4.0,133,68,,,pt,9510.0,3840.0,"{'duration': 3720, 'source_transfer_time': 0, 'waiting_time': 330, 'trip_time': 3390, 'num_transfers': 4, 'departure_time': 5730, 'departure_day': 'current_day', 'arrival_time': 9450, 'arrival_day': 'current_day', 'steps': [{'duration': 720, 'departure_time': 6060, 'arrival_time': 6780, 'day': 'current_day', 'from_stop_id': '133-4', 'to_stop_id': 'B-4', 'trip_id': '9-0-5', 'agency_name': 'Unknown'}, {'duration': 30, 'departure_time': 6780, 'arrival_time': 6810, 'day': 'current_day', 'from_stop_id': 'B-4', 'to_stop_id': 'B-0', 'trip_id': 'walking', 'agency_name': 'Unknown'}, {'duration': 1800, 'departure_time': 7200, 'arrival_time': 9000, 'day': 'current_day', 'from_stop_id': 'B-0', 'to_stop_id': 'A-0', 'trip_id': 'IE-12-1', 'agency_name': 'Unknown'}, {'duration': 30, 'departure_time': 9000, 'arrival_time': 9030, 'day': 'current_day', 'from_stop_id': 'A-0', 'to_stop_id': 'A-4', 'trip_id': 'walking', 'agency_name': 'Unknown'}, {'duration': 270, 'departure_time': 9180, 'arrival_time': 9450, 'day': 'current_day', 'from_stop_id': 'A-4', 'to_stop_id': '68-4', 'trip_id': '7-0-9', 'agency_name': 'Unknown'}]}",3840.0
205,71,7170,inter,right,136,[206; 216],[61],500,375,500,375,7545,7605.0,10770.0,10830.0,3165.0,4.0,206,61,,,pt,11205.0,4035.0,"{'duration': 3165, 'source_transfer_time': 0, 'waiting_time': 135, 'trip_time': 3030, 'num_transfers': 4, 'departure_time': 7605, 'departure_day': 'current_day', 'arrival_time': 10770, 'arrival_day': 'current_day', 'steps': [{'duration': 540, 'departure_time': 7740, 'arrival_time': 8280, 'day': 'current_day', 'from_stop_id': '206-5', 'to_stop_id': 'B-5', 'trip_id': '10-1-7', 'agency_name': 'Unknown'}, {'duration': 30, 'departure_time': 8280, 'arrival_time': 8310, 'day': 'current_day', 'from_stop_id': 'B-5', 'to_stop_id': 'B-0', 'trip_id': 'walking', 'agency_name': 'Unknown'}, {'duration': 1800, 'departure_time': 8400, 'arrival_time': 10200, 'day': 'current_day', 'from_stop_id': 'B-0', 'to_stop_id': 'A-0', 'trip_id': 'IE-14-1', 'agency_name': 'Unknown'}, {'duration': 30, 'departure_time': 10200, 'arrival_time': 10230, 'day': 'current_day', 'from_stop_id': 'A-0', 'to_stop_id': 'A-1', 'trip_id': 'walking', 'agency_name': 'Unknown'}, {'duration': 450, 'departure_time': 10320, 'arrival_time': 10770, 'day': 'current_day', 'from_stop_id': 'A-1', 'to_stop_id': '61-1', 'trip_id': '1-0-11', 'agency_name': 'Unknown'}]}",4035.0
234,28,10200,inter,right,137,[212; 224; 236],[27; 29; 39],1000,751,500,375,10951,11011.0,14490.0,14550.0,3479.0,4.0,212,27,,,pt,14925.0,4725.0,"{'duration': 3479, 'source_transfer_time': 0, 'waiting_time': 29, 'trip_time': 3450, 'num_transfers': 4, 'departure_time': 11011, 'departure_day': 'current_day', 'arrival_time': 14490, 'arrival_day': 'current_day', 'steps': [{'duration': 540, 'departure_time': 11040, 'arrival_time': 11580, 'day': 'current_day', 'from_stop_id': '212-4', 'to_stop_id': 'B-4', 'trip_id': '9-1-13', 'agency_name': 'Unknown'}, {'duration': 30, 'departure_time': 11580, 'arrival_time': 11610, 'day': 'current_day', 'from_stop_id': 'B-4', 'to_stop_id': 'B-0', 'trip_id': 'walking', 'agency_name': 'Unknown'}, {'duration': 1800, 'departure_time': 12000, 'arrival_time': 13800, 'day': 'current_day', 'from_stop_id': 'B-0', 'to_stop_id': 'A-0', 'trip_id': 'IE-20-1', 'agency_name': 'Unknown'}, {'duration': 30, 'departure_time': 13800, 'arrival_time': 13830, 'day': 'current_day', 'from_stop_id': 'A-0', 'to_stop_id': 'A-2', 'trip_id': 'walking', 'agency_name': 'Unknown'}, {'duration': 270, 'departure_time': 14220, 'arrival_time': 14490, 'day': 'current_day', 'from_stop_id': 'A-2', 'to_stop_id': '27-2', 'trip_id': '2-0-17', 'agency_name': 'Unknown'}]}",4725.0
134,9,9480,inter,right,138,[133; 145],[9],500,375,0,0,9855,9915.0,14490.0,14550.0,4575.0,4.0,133,9,,,pt,14550.0,5070.0,"{'duration': 4575, 'source_transfer_time': 0, 'waiting_time': 345, 'trip_time': 4230, 'num_transfers': 4, 'departure_time': 9915, 'departure_day': 'current_day', 'arrival_time': 14490, 'arrival_day': 'current_day', 'steps': [{'duration': 720, 'departure_time': 10260, 'arrival_time': 10980, 'day': 'current_day', 'from_stop_id': '133-4', 'to_stop_id': 'B-4', 'trip_id': '9-0-12', 'agency_name': 'Unknown'}, {'duration': 30, 'departure_time': 10980, 'arrival_time': 11010, 'day': 'current_day', 'from_stop_id': 'B-4', 'to_stop_id': 'B-0', 'trip_id': 'walking', 'agency_name': 'Unknown'}, {'duration': 1800, 'departure_time': 11400, 'arrival_time': 13200, 'day': 'current_day', 'from_stop_id': 'B-0', 'to_stop_id': 'A-0', 'trip_id': 'IE-19-1', 'agency_name': 'Unknown'}, {'duration': 30, 'departure_time': 13200, 'arrival_time': 13230, 'day': 'current_day', 'from_stop_id': 'A-0', 'to_stop_id': 'A-5', 'trip_id': 'walking', 'agency_name': 'Unknown'}, {'duration': 810, 'departure_time': 13680, 'arrival_time': 14490, 'day': 'current_day', 'from_stop_id': 'A-5', 'to_stop_id': '9-5', 'trip_id': '8-1-16', 'agency_name': 'Unknown'}]}",5070.0
170,42,6630,inter,right,139,[170],[20; 30; 40; 60],0,0,1000,751,6630,6690.0,9480.0,9540.0,2790.0,4.0,170,60,,,pt,10291.0,3661.0,"{'duration': 2790, 'source_transfer_time': 0, 'waiting_time': 210, 'trip_time': 2580, 'num_transfers': 4, 'departure_time': 6690, 'departure_day': 'current_day', 'arrival_time': 9480, 'arrival_day': 'current_day', 'steps': [{'duration': 180, 'departure_time': 6900, 'arrival_time': 7080, 'day': 'current_day', 'from_stop_id': '170-5', 'to_stop_id': 'B-5', 'trip_id': '10-0-5', 'agency_name': 'Unknown'}, {'duration': 30, 'departure_time': 7080, 'arrival_time': 7110, 'day': 'current_day', 'from_stop_id': 'B-5', 'to_stop_id': 'B-0', 'trip_id': 'walking', 'agency_name': 'Unknown'}, {'duration': 1800, 'departure_time': 7200, 'arrival_time': 9000, 'day': 'current_day', 'from_stop_id': 'B-0', 'to_stop_id': 'A-0', 'trip_id': 'IE-12-1', 'agency_name': 'Unknown'}, {'duration': 30, 'departure_time': 9000, 'arrival_time': 9030, 'day': 'current_day', 'from_stop_id': 'A-0', 'to_stop_id': 'A-1', 'trip_id': 'walking', 'agency_name': 'Unknown'}, {'duration': 360, 'departure_time': 9120, 'arrival_time': 9480, 'day': 'current_day', 'from_stop_id': 'A-1', 'to_stop_id': '60-1', 'trip_id': '1-0-9', 'agency_name': 'Unknown'}]}",3661.0
184,12,14250,inter,right,140,[176],[12],500,375,0,0,14625,14685.0,18300.0,18360.0,3615.0,4.0,176,12,,,pt,18360.0,4110.0,"{'duration': 3615, 'source_transfer_time': 0, 'waiting_time': 75, 'trip_time': 3540, 'num_transfers': 4, 'departure_time': 14685, 'departure_day': 'current_day', 'arrival_time': 18300, 'arrival_day': 'current_day', 'steps': [{'duration': 360, 'departure_time': 14760, 'arrival_time': 15120, 'day': 'current_day', 'from_stop_id': '176-1', 'to_stop_id': 'B-1', 'trip_id': '3-0-19', 'agency_name': 'Unknown'}, {'duration': 30, 'departure_time': 15120, 'arrival_time': 15150, 'day': 'current_day', 'from_stop_id': 'B-1', 'to_stop_id': 'B-0', 'trip_id': 'walking', 'agency_name': 'Unknown'}, {'duration': 1800, 'departure_time': 15600, 'arrival_time': 17400, 'day': 'current_day', 'from_stop_id': 'B-0', 'to_stop_id': 'A-0', 'trip_id': 'IE-26-1', 'agency_name': 'Unknown'}, {'duration': 30, 'departure_time': 17400, 'arrival_time': 17430, 'day': 'current_day', 'from_stop_id': 'A-0', 'to_stop_id': 'A-4', 'trip_id': 'walking', 'agency_name': 'Unknown'}, {'duration': 720, 'departure_time': 17580, 'arrival_time': 18300, 'day': 'current_day', 'from_stop_id': 'A-4', 'to_stop_id': '12-4', 'trip_id': '7-1-23', 'agency_name': 'Unknown'}]}",4110.0
233,44,6360,inter,right,141,[231],[54],1000,751,500,375,7111,7171.0,10770.0,10830.0,3599.0,4.0,231,54,,,pt,11205.0,4845.0,"{'duration': 3599, 'source_transfer_time': 0, 'waiting_time': 599, 'trip_time': 3000, 'num_transfers': 4, 'departure_time': 7171, 'departure_day': 'current_day', 'arrival_time': 10770, 'arrival_day': 'current_day', 'steps': [{'duration': 450, 'departure_time': 7770, 'arrival_time': 8220, 'day': 'current_day', 'from_stop_id': '231-2', 'to_stop_id': 'B-2', 'trip_id': '4-0-7', 'agency_name': 'Unknown'}, {'duration': 30, 'departure_time': 8220, 'arrival_time': 8250, 'day': 'current_day', 'from_stop_id': 'B-2', 'to_stop_id': 'B-0', 'trip_id': 'walking', 'agency_name': 'Unknown'}, {'duration': 1800, 'departure_time': 8400, 'arrival_time': 10200, 'day': 'current_day', 'from_stop_id': 'B-0', 'to_stop_id': 'A-0', 'trip_id': 'IE-14-1', 'agency_name': 'Unknown'}, {'duration': 30, 'departure_time': 10200, 'arrival_time': 10230, 'day': 'current_day', 'from_stop_id': 'A-0', 'to_stop_id': 'A-1', 'trip_id': 'walking', 'agency_name': 'Unknown'}, {'duration': 450, 'departure_time': 10320, 'arrival_time': 10770, 'day': 'current_day', 'from_stop_id': 'A-1', 'to_stop_id': '54-1', 'trip_id': '1-1-11', 'agency_name': 'Unknown'}]}",4845.0
204,89,14280,inter,right,142,[206; 216; 226],[88],1000,751,500,375,15031,15091.0,18690.0,18750.0,3599.0,4.0,206,88,,,pt,19125.0,4845.0,"{'duration': 3599, 'source_transfer_time': 0, 'waiting_time': 449, 'trip_time': 3150, 'num_transfers': 4, 'departure_time': 15091, 'departure_day': 'current_day', 'arrival_time': 18690, 'arrival_day': 'current_day', 'steps': [{'duration': 540, 'departure_time': 15540, 'arrival_time': 16080, 'day': 'current_day', 'from_stop_id': '206-5', 'to_stop_id': 'B-5', 'trip_id': '10-1-20', 'agency_name': 'Unknown'}, {'duration': 30, 'departure_time': 16080, 'arrival_time': 16110, 'day': 'current_day', 'from_stop_id': 'B-5', 'to_stop_id': 'B-0', 'trip_id': 'walking', 'agency_name': 'Unknown'}, {'duration': 1800, 'departure_time': 16200, 'arrival_time': 18000, 'day': 'current_day', 'from_stop_id': 'B-0', 'to_stop_id': 'A-0', 'trip_id': 'IE-27-1', 'agency_name': 'Unknown'}, {'duration': 30, 'departure_time': 18000, 'arrival_time': 18030, 'day': 'current_day', 'from_stop_id': 'A-0', 'to_stop_id': 'A-2', 'trip_id': 'walking', 'agency_name': 'Unknown'}, {'duration': 270, 'departure_time': 18420, 'arrival_time': 18690, 'day': 'current_day', 'from_stop_id': 'A-2', 'to_stop_id': '88-2', 'trip_id': '2-1-24', 'agency_name': 'Unknown'}]}",4845.0
236,31,10830,inter,right,143,[236],[20; 30],0,0,500,375,10830,10890.0,15420.0,15480.0,4530.0,4.0,236,30,,,pt,15855.0,5025.0,"{'duration': 4530, 'source_transfer_time': 0, 'waiting_time': 390, 'trip_time': 4140, 'num_transfers': 4, 'departure_time': 10890, 'departure_day': 'current_day', 'arrival_time': 15420, 'arrival_day': 'current_day', 'steps': [{'duration': 900, 'departure_time': 11280, 'arrival_time': 12180, 'day': 'current_day', 'from_stop_id': '236-4', 'to_stop_id': 'B-4', 'trip_id': '9-1-14', 'agency_name': 'Unknown'}, {'duration': 30, 'departure_time': 12180, 'arrival_time': 12210, 'day': 'current_day', 'from_stop_id': 'B-4', 'to_stop_id': 'B-0', 'trip_id': 'walking', 'agency_name': 'Unknown'}, {'duration': 1800, 'departure_time': 12600, 'arrival_time': 14400, 'day': 'current_day', 'from_stop_id': 'B-0', 'to_stop_id': 'A-0', 'trip_id': 'IE-21-1', 'agency_name': 'Unknown'}, {'duration': 30, 'departure_time': 14400, 'arrival_time': 14430, 'day': 'current_day', 'from_stop_id': 'A-0', 'to_stop_id': 'A-5', 'trip_id': 'walking', 'agency_name': 'Unknown'}, {'duration': 540, 'departure_time': 14880, 'arrival_time': 15420, 'day': 'current_day', 'from_stop_id': 'A-5', 'to_stop_id': '30-5', 'trip_id': '8-1-18', 'agency_name': 'Unknown'}]}",5025.0
222,91,4650,inter,right,144,[200; 212; 220; 224],[91],1000,751,0,0,5401,5461.0,9120.0,9180.0,3659.0,4.0,200,91,,,pt,9180.0,4530.0,"{'duration': 3659, 'source_transfer_time': 0, 'waiting_time': 359, 'trip_time': 3300, 'num_transfers': 4, 'departure_time': 5461, 'departure_day': 'current_day', 'arrival_time': 9120, 'arrival_day': 'current_day', 'steps': [{'duration': 360, 'departure_time': 5820, 'arrival_time': 6180, 'day': 'current_day', 'from_stop_id': '200-4', 'to_stop_id': 'B-4', 'trip_id': '9-1-4', 'agency_name': 'Unknown'}, {'duration': 30, 'departure_time': 6180, 'arrival_time': 6210, 'day': 'current_day', 'from_stop_id': 'B-4', 'to_stop_id': 'B-0', 'trip_id': 'walking', 'agency_name': 'Unknown'}, {'duration': 1800, 'departure_time': 6600, 'arrival_time': 8400, 'day': 'current_day', 'from_stop_id': 'B-0', 'to_stop_id': 'A-0', 'trip_id': 'IE-11-1', 'agency_name': 'Unknown'}, {'duration': 30, 'departure_time': 8400, 'arrival_time': 8430, 'day': 'current_day', 'from_stop_id': 'A-0', 'to_stop_id': 'A-4', 'trip_id': 'walking', 'agency_name': 'Unknown'}, {'duration': 540, 'departure_time': 8580, 'arrival_time': 9120, 'day': 'current_day', 'from_stop_id': 'A-4', 'to_stop_id': '91-4', 'trip_id': '7-0-8', 'agency_name': 'Unknown'}]}",4530.0
150,77,13650,inter,right,145,[150],[77],0,0,0,0,13650,13710.0,16800.0,16860.0,3090.0,4.0,150,77,,,pt,16860.0,3210.0,"{'duration': 3090, 'source_transfer_time': 0, 'waiting_time': 120, 'trip_time': 2970, 'num_transfers': 4, 'departure_time': 13710, 'departure_day': 'current_day', 'arrival_time': 16800, 'arrival_day': 'current_day', 'steps': [{'duration': 450, 'departure_time': 13830, 'arrival_time': 14280, 'day': 'current_day', 'from_stop_id': '150-5', 'to_stop_id': 'B-5', 'trip_id': '10-0-17', 'agency_name': 'Unknown'}, {'duration': 30, 'departure_time': 14280, 'arrival_time': 14310, 'day': 'current_day', 'from_stop_id': 'B-5', 'to_stop_id': 'B-0', 'trip_id': 'walking', 'agency_name': 'Unknown'}, {'duration': 1800, 'departure_time': 14400, 'arrival_time': 16200, 'day': 'current_day', 'from_stop_id': 'B-0', 'to_stop_id': 'A-0', 'trip_id': 'IE-24-1', 'agency_name': 'Unknown'}, {'duration': 30, 'departure_time': 16200, 'arrival_time': 16230, 'day': 'current_day', 'from_stop_id': 'A-0', 'to_stop_id': 'A-2', 'trip_id': 'walking', 'agency_name': 'Unknown'}, {'duration': 180, 'departure_time': 16620, 'arrival_time': 16800, 'day': 'current_day', 'from_stop_id': 'A-2', 'to_stop_id': '77-2', 'trip_id': '2-1-21', 'agency_name': 'Unknown'}]}",3210.0
144,9,6090,inter,right,146,[144],[9],0,0,0,0,6090,6150.0,10290.0,10350.0,4140.0,4.0,144,9,,,pt,10350.0,4260.0,"{'duration': 4140, 'source_transfer_time': 0, 'waiting_time': 0, 'trip_time': 4140, 'num_transfers': 4, 'departure_time': 6150, 'departure_day': 'current_day', 'arrival_time': 10290, 'arrival_day': 'current_day', 'steps': [{'duration': 630, 'departure_time': 6150, 'arrival_time': 6780, 'day': 'current_day', 'from_stop_id': '144-4', 'to_stop_id': 'B-4', 'trip_id': '9-0-5', 'agency_name': 'Unknown'}, {'duration': 30, 'departure_time': 6780, 'arrival_time': 6810, 'day': 'current_day', 'from_stop_id': 'B-4', 'to_stop_id': 'B-0', 'trip_id': 'walking', 'agency_name': 'Unknown'}, {'duration': 1800, 'departure_time': 7200, 'arrival_time': 9000, 'day': 'current_day', 'from_stop_id': 'B-0', 'to_stop_id': 'A-0', 'trip_id': 'IE-12-1', 'agency_name': 'Unknown'}, {'duration': 30, 'departure_time': 9000, 'arrival_time': 9030, 'day': 'current_day', 'from_stop_id': 'A-0', 'to_stop_id': 'A-5', 'trip_id': 'walking', 'agency_name': 'Unknown'}, {'duration': 810, 'departure_time': 9480, 'arrival_time': 10290, 'day': 'current_day', 'from_stop_id': 'A-5', 'to_stop_id': '9-5', 'trip_id': '8-1-9', 'agency_name': 'Unknown'}]}",4260.0
186,101,12210,inter,right,147,[178; 187; 196],[79; 91; 99; 103],500,375,1000,751,12585,12645.0,15540.0,15600.0,2895.0,4.0,187,79,,,pt,16351.0,4141.0,"{'duration': 2895, 'source_transfer_time': 0, 'waiting_time': 255, 'trip_time': 2640, 'num_transfers': 4, 'departure_time': 12645, 'departure_day': 'current_day', 'arrival_time': 15540, 'arrival_day': 'current_day', 'steps': [{'duration': 180, 'departure_time': 12900, 'arrival_time': 13080, 'day': 'current_day', 'from_stop_id': '187-5', 'to_stop_id': 'B-5', 'trip_id': '10-1-15', 'agency_name': 'Unknown'}, {'duration': 30, 'departure_time': 13080, 'arrival_time': 13110, 'day': 'current_day', 'from_stop_id': 'B-5', 'to_stop_id': 'B-0', 'trip_id': 'walking', 'agency_name': 'Unknown'}, {'duration': 1800, 'departure_time': 13200, 'arrival_time': 15000, 'day': 'current_day', 'from_stop_id': 'B-0', 'to_stop_id': 'A-0', 'trip_id': 'IE-22-1', 'agency_name': 'Unknown'}, {'duration': 30, 'departure_time': 15000, 'arrival_time': 15030, 'day': 'current_day', 'from_stop_id': 'A-0', 'to_stop_id': 'A-4', 'trip_id': 'walking', 'agency_name': 'Unknown'}, {'duration': 360, 'departure_time': 15180, 'arrival_time': 15540, 'day': 'current_day', 'from_stop_id': 'A-4', 'to_stop_id': '79-4', 'trip_id': '7-0-19', 'agency_name': 'Unknown'}]}",4141.0
172,86,8130,inter,right,148,[180],[86],500,375,0,0,8505,8565.0,12330.0,12390.0,3765.0,4.0,180,86,,,pt,12390.0,4260.0,"{'duration': 3765, 'source_transfer_time': 0, 'waiting_time': 285, 'trip_time': 3480, 'num_transfers': 4, 'departure_time': 8565, 'departure_day': 'current_day', 'arrival_time': 12330, 'arrival_day': 'current_day', 'steps': [{'duration': 270, 'departure_time': 8850, 'arrival_time': 9120, 'day': 'current_day', 'from_stop_id': '180-1', 'to_stop_id': 'B-1', 'trip_id': '3-1-9', 'agency_name': 'Unknown'}, {'duration': 30, 'departure_time': 9120, 'arrival_time': 9150, 'day': 'current_day', 'from_stop_id': 'B-1', 'to_stop_id': 'B-0', 'trip_id': 'walking', 'agency_name': 'Unknown'}, {'duration': 1800, 'departure_time': 9600, 'arrival_time': 11400, 'day': 'current_day', 'from_stop_id': 'B-0', 'to_stop_id': 'A-0', 'trip_id': 'IE-16-1', 'agency_name': 'Unknown'}, {'duration': 30, 'departure_time': 11400, 'arrival_time': 11430, 'day': 'current_day', 'from_stop_id': 'A-0', 'to_stop_id': 'A-5', 'trip_id': 'walking', 'agency_name': 'Unknown'}, {'duration': 450, 'departure_time': 11880, 'arrival_time': 12330, 'day': 'current_day', 'from_stop_id': 'A-5', 'to_stop_id': '86-5', 'trip_id': '8-0-13', 'agency_name': 'Unknown'}]}",4260.0
185,24,10650,inter,right,149,[177],[24],500,375,0,0,11025,11085.0,14520.0,14580.0,3435.0,4.0,177,24,,,pt,14580.0,3930.0,"{'duration': 3435, 'source_transfer_time': 0, 'waiting_time': 165, 'trip_time': 3270, 'num_transfers': 4, 'departure_time': 11085, 'departure_day': 'current_day', 'arrival_time': 14520, 'arrival_day': 'current_day', 'steps': [{'duration': 270, 'departure_time': 11250, 'arrival_time': 11520, 'day': 'current_day', 'from_stop_id': '177-1', 'to_stop_id': 'B-1', 'trip_id': '3-0-13', 'agency_name': 'Unknown'}, {'duration': 30, 'departure_time': 11520, 'arrival_time': 11550, 'day': 'current_day', 'from_stop_id': 'B-1', 'to_stop_id': 'B-0', 'trip_id': 'walking', 'agency_name': 'Unknown'}, {'duration': 1800, 'departure_time': 12000, 'arrival_time': 13800, 'day': 'current_day', 'from_stop_id': 'B-0', 'to_stop_id': 'A-0', 'trip_id': 'IE-20-1', 'agency_name': 'Unknown'}, {'duration': 30, 'departure_time': 13800, 'arrival_time': 13830, 'day': 'current_day', 'from_stop_id': 'A-0', 'to_stop_id': 'A-4', 'trip_id': 'walking', 'agency_name': 'Unknown'}, {'duration': 540, 'departure_time': 13980, 'arrival_time': 14520, 'day': 'current_day', 'from_stop_id': 'A-4', 'to_stop_id': '24-4', 'trip_id': '7-1-17', 'agency_name': 'Unknown'}]}",3930.0
