start,end,rq_time,rq_type,subnetwork,request_id,start_station_street_ids,end_station_street_ids,walk_start_to_station_street_distance,walk_start_to_station_street_tt,walk_station_to_end_street_distance,walk_station_to_end_street_tt,start_station_street_arrival_time,start_station_departure_time,end_station_arrival_time,end_station_street_arrival_time,pt_journey_duration,num_transfers,selected_start_station_id,selected_end_station_id,walking_time,walking_arrival_time,best_option,best_journey_duration,end_arrival_time,pt_total_journey_duration,pt_journey_plan
10,73,10410,intra,left,0,[10],[74],0,0,500,375,10410,10470.0,12810.0,12870.0,2340.0,4.0,10,74,6015.0,16425.0,pt,2835.0,13245.0,2835.0,"{'duration': 2340, 'source_transfer_time': 0, 'waiting_time': 120, 'trip_time': 2220, 'num_transfers': 4, 'departure_time': 10470, 'departure_day': 'current_day', 'arrival_time': 12810, 'arrival_day': 'current_day', 'steps': [{'duration': 1170, 'departure_time': 10590, 'arrival_time': 11760, 'day': 'current_day', 'from_stop_id': '10-5', 'to_stop_id': 'MH-L-5', 'trip_id': '8-0-14', 'agency_name': 'Unknown'}, {'duration': 30, 'departure_time': 11760, 'arrival_time': 11790, 'day': 'current_day', 'from_stop_id': 'MH-L-5', 'to_stop_id': 'MH-L-1', 'trip_id': 'walking', 'agency_name': 'Unknown'}, {'duration': 330, 'departure_time': 11940, 'arrival_time': 12270, 'day': 'current_day', 'from_stop_id': 'MH-L-1', 'to_stop_id': '56-1', 'trip_id': '1-1-14', 'agency_name': 'Unknown'}, {'duration': 30, 'departure_time': 12270, 'arrival_time': 12300, 'day': 'current_day', 'from_stop_id': '56-1', 'to_stop_id': '56-3', 'trip_id': 'walking', 'agency_name': 'Unknown'}, {'duration': 210, 'departure_time': 12600, 'arrival_time': 12810, 'day': 'current_day', 'from_stop_id': '56-3', 'to_stop_id': '74-3', 'trip_id': '5-1-16', 'agency_name': 'Unknown'}]}"
109,79,13680,intra,left,1,[110],[79],500,375,0,0,14055,14115.0,15390.0,15450.0,1275.0,2.0,110,79,2255.0,15935.0,pt,1770.0,15450.0,1770.0,"{'duration': 1275, 'source_transfer_time': 0, 'waiting_time': 45, 'trip_time': 1230, 'num_transfers': 2, 'departure_time': 14115, 'departure_day': 'current_day', 'arrival_time': 15390, 'arrival_day': 'current_day', 'steps': [{'duration': 600, 'departure_time': 14160, 'arrival_time': 14760, 'day': 'current_day', 'from_stop_id': '110-2', 'to_stop_id': 'MH-L-2', 'trip_id': '2-0-19', 'agency_name': 'Unknown'}, {'duration': 30, 'departure_time': 14760, 'arrival_time': 14790, 'day': 'current_day', 'from_stop_id': 'MH-L-2', 'to_stop_id': 'MH-L-4', 'trip_id': 'walking', 'agency_name': 'Unknown'}, {'duration': 450, 'departure_time': 14940, 'arrival_time': 15390, 'day': 'current_day', 'from_stop_id': 'MH-L-4', 'to_stop_id': '79-4', 'trip_id': '7-0-19', 'agency_name': 'Unknown'}]}"
62,25,3630,intra,left,2,[54],[25],500,375,0,0,4005,4065.0,5250.0,5310.0,1185.0,2.0,54,25,2631.0,6261.0,pt,1680.0,5310.0,1680.0,"{'duration': 1185, 'source_transfer_time': 0, 'waiting_time': 495, 'trip_time': 690, 'num_transfers': 2, 'departure_time': 4065, 'departure_day': 'current_day', 'arrival_time': 5250, 'arrival_day': 'current_day', 'steps': [{'duration': 210, 'departure_time': 4560, 'arrival_time': 4770, 'day': 'current_day', 'from_stop_id': '54-1', 'to_stop_id': '56-1', 'trip_id': '1-0-3', 'agency_name': 'Unknown'}, {'duration': 30, 'departure_time': 4770, 'arrival_time': 4800, 'day': 'current_day', 'from_stop_id': '56-1', 'to_stop_id': '56-3', 'trip_id': 'walking', 'agency_name': 'Unknown'}, {'duration': 450, 'departure_time': 4800, 'arrival_time': 5250, 'day': 'current_day', 'from_stop_id': '56-3', 'to_stop_id': '25-3', 'trip_id': '5-0-3', 'agency_name': 'Unknown'}]}"
111,33,10680,intra,left,3,[110],[11; 23; 35; 54],500,375,1000,751,11055,11115.0,12510.0,12570.0,1395.0,2.0,110,35,4887.0,15567.0,pt,2641.0,13321.0,2641.0,"{'duration': 1395, 'source_transfer_time': 0, 'waiting_time': 45, 'trip_time': 1350, 'num_transfers': 2, 'departure_time': 11115, 'departure_day': 'current_day', 'arrival_time': 12510, 'arrival_day': 'current_day', 'steps': [{'duration': 600, 'departure_time': 11160, 'arrival_time': 11760, 'day': 'current_day', 'from_stop_id': '110-2', 'to_stop_id': 'MH-L-2', 'trip_id': '2-0-14', 'agency_name': 'Unknown'}, {'duration': 30, 'departure_time': 11760, 'arrival_time': 11790, 'day': 'current_day', 'from_stop_id': 'MH-L-2', 'to_stop_id': 'MH-L-4', 'trip_id': 'walking', 'agency_name': 'Unknown'}, {'duration': 570, 'departure_time': 11940, 'arrival_time': 12510, 'day': 'current_day', 'from_stop_id': 'MH-L-4', 'to_stop_id': '35-4', 'trip_id': '7-1-14', 'agency_name': 'Unknown'}]}"
110,68,11520,intra,left,4,[110],[68],0,0,0,0,11520,11580.0,12870.0,12930.0,1290.0,2.0,110,68,2255.0,13775.0,pt,1410.0,12930.0,1410.0,"{'duration': 1290, 'source_transfer_time': 0, 'waiting_time': 180, 'trip_time': 1110, 'num_transfers': 2, 'departure_time': 11580, 'departure_day': 'current_day', 'arrival_time': 12870, 'arrival_day': 'current_day', 'steps': [{'duration': 600, 'departure_time': 11760, 'arrival_time': 12360, 'day': 'current_day', 'from_stop_id': '110-2', 'to_stop_id': 'MH-L-2', 'trip_id': '2-0-15', 'agency_name': 'Unknown'}, {'duration': 30, 'departure_time': 12360, 'arrival_time': 12390, 'day': 'current_day', 'from_stop_id': 'MH-L-2', 'to_stop_id': 'MH-L-4', 'trip_id': 'walking', 'agency_name': 'Unknown'}, {'duration': 330, 'departure_time': 12540, 'arrival_time': 12870, 'day': 'current_day', 'from_stop_id': 'MH-L-4', 'to_stop_id': '68-4', 'trip_id': '7-0-15', 'agency_name': 'Unknown'}]}"
2,76,4530,intra,left,5,[0; 12; 24],[76],1000,751,0,0,5281,5341.0,6870.0,6930.0,1529.0,2.0,12,76,3383.0,7913.0,pt,2400.0,6930.0,2400.0,"{'duration': 1529, 'source_transfer_time': 0, 'waiting_time': 89, 'trip_time': 1440, 'num_transfers': 2, 'departure_time': 5341, 'departure_day': 'current_day', 'arrival_time': 6870, 'arrival_day': 'current_day', 'steps': [{'duration': 930, 'departure_time': 5430, 'arrival_time': 6360, 'day': 'current_day', 'from_stop_id': '12-4', 'to_stop_id': 'MH-L-4', 'trip_id': '7-0-5', 'agency_name': 'Unknown'}, {'duration': 30, 'departure_time': 6360, 'arrival_time': 6390, 'day': 'current_day', 'from_stop_id': 'MH-L-4', 'to_stop_id': 'MH-L-5', 'trip_id': 'walking', 'agency_name': 'Unknown'}, {'duration': 330, 'departure_time': 6540, 'arrival_time': 6870, 'day': 'current_day', 'from_stop_id': 'MH-L-5', 'to_stop_id': '76-5', 'trip_id': '8-0-5', 'agency_name': 'Unknown'}]}"
66,5,7350,intra,left,6,[66],[5],0,0,0,0,7350,7410.0,8940.0,9000.0,1530.0,3.0,66,5,2631.0,9981.0,pt,1650.0,9000.0,1650.0,"{'duration': 1530, 'source_transfer_time': 0, 'waiting_time': 540, 'trip_time': 990, 'num_transfers': 3, 'departure_time': 7410, 'departure_day': 'current_day', 'arrival_time': 8940, 'arrival_day': 'current_day', 'steps': [{'duration': 90, 'departure_time': 7950, 'arrival_time': 8040, 'day': 'current_day', 'from_stop_id': '66-5', 'to_stop_id': '119-5', 'trip_id': '8-1-8', 'agency_name': 'Unknown'}, {'duration': 30, 'departure_time': 8040, 'arrival_time': 8070, 'day': 'current_day', 'from_stop_id': '119-5', 'to_stop_id': '119-2', 'trip_id': 'walking', 'agency_name': 'Unknown'}, {'duration': 90, 'departure_time': 8070, 'arrival_time': 8160, 'day': 'current_day', 'from_stop_id': '119-2', 'to_stop_id': 'MH-L-2', 'trip_id': '2-0-8', 'agency_name': 'Unknown'}, {'duration': 600, 'departure_time': 8340, 'arrival_time': 8940, 'day': 'current_day', 'from_stop_id': 'MH-L-2', 'to_stop_id': '5-2', 'trip_id': '2-0-8', 'agency_name': 'Unknown'}]}"
114,43,9510,intra,left,7,[103; 115],[41; 61],500,375,1000,751,9885,9945.0,11310.0,11370.0,1365.0,2.0,103,41,3007.0,12517.0,pt,2611.0,12121.0,2611.0,"{'duration': 1365, 'source_transfer_time': 0, 'waiting_time': 285, 'trip_time': 1080, 'num_transfers': 2, 'departure_time': 9945, 'departure_day': 'current_day', 'arrival_time': 11310, 'arrival_day': 'current_day', 'steps': [{'duration': 210, 'departure_time': 10230, 'arrival_time': 10440, 'day': 'current_day', 'from_stop_id': '103-4', 'to_stop_id': '91-4', 'trip_id': '7-1-13', 'agency_name': 'Unknown'}, {'duration': 30, 'departure_time': 10440, 'arrival_time': 10470, 'day': 'current_day', 'from_stop_id': '91-4', 'to_stop_id': '91-3', 'trip_id': 'walking', 'agency_name': 'Unknown'}, {'duration': 600, 'departure_time': 10710, 'arrival_time': 11310, 'day': 'current_day', 'from_stop_id': '91-3', 'to_stop_id': '41-3', 'trip_id': '5-1-11', 'agency_name': 'Unknown'}]}"
101,49,7560,intra,left,8,[90],[49],500,375,0,0,7935,7995.0,9720.0,9780.0,1725.0,2.0,90,49,2255.0,9815.0,pt,2220.0,9780.0,2220.0,"{'duration': 1725, 'source_transfer_time': 0, 'waiting_time': 195, 'trip_time': 1530, 'num_transfers': 2, 'departure_time': 7995, 'departure_day': 'current_day', 'arrival_time': 9720, 'arrival_day': 'current_day', 'steps': [{'duration': 960, 'departure_time': 8190, 'arrival_time': 9150, 'day': 'current_day', 'from_stop_id': '90-3', 'to_stop_id': '29-3', 'trip_id': '5-1-7', 'agency_name': 'Unknown'}, {'duration': 30, 'departure_time': 9150, 'arrival_time': 9180, 'day': 'current_day', 'from_stop_id': '29-3', 'to_stop_id': '29-5', 'trip_id': 'walking', 'agency_name': 'Unknown'}, {'duration': 330, 'departure_time': 9390, 'arrival_time': 9720, 'day': 'current_day', 'from_stop_id': '29-5', 'to_stop_id': '49-5', 'trip_id': '8-0-11', 'agency_name': 'Unknown'}]}"
101,62,6000,intra,left,9,[90],[54],500,375,500,375,6375,6435.0,8340.0,8400.0,1905.0,2.0,90,54,3759.0,9759.0,pt,2775.0,8775.0,2775.0,"{'duration': 1905, 'source_transfer_time': 0, 'waiting_time': 345, 'trip_time': 1560, 'num_transfers': 2, 'departure_time': 6435, 'departure_day': 'current_day', 'arrival_time': 8340, 'arrival_day': 'current_day', 'steps': [{'duration': 960, 'departure_time': 6780, 'arrival_time': 7740, 'day': 'current_day', 'from_stop_id': '90-3', 'to_stop_id': '56-3', 'trip_id': '5-0-3', 'agency_name': 'Unknown'}, {'duration': 30, 'departure_time': 7740, 'arrival_time': 7770, 'day': 'current_day', 'from_stop_id': '56-3', 'to_stop_id': '56-1', 'trip_id': 'walking', 'agency_name': 'Unknown'}, {'duration': 210, 'departure_time': 8130, 'arrival_time': 8340, 'day': 'current_day', 'from_stop_id': '56-1', 'to_stop_id': '54-1', 'trip_id': '1-1-7', 'agency_name': 'Unknown'}]}"
63,19,6150,intra,left,10,[55; 64],[19],500,375,0,0,6525,6585.0,8550.0,8610.0,1965.0,2.0,55,19,4511.0,10661.0,pt,2460.0,8610.0,2460.0,"{'duration': 1965, 'source_transfer_time': 0, 'waiting_time': 495, 'trip_time': 1470, 'num_transfers': 2, 'departure_time': 6585, 'departure_day': 'current_day', 'arrival_time': 8550, 'arrival_day': 'current_day', 'steps': [{'duration': 480, 'departure_time': 7080, 'arrival_time': 7560, 'day': 'current_day', 'from_stop_id': '55-1', 'to_stop_id': 'MH-L-1', 'trip_id': '1-0-7', 'agency_name': 'Unknown'}, {'duration': 30, 'departure_time': 7560, 'arrival_time': 7590, 'day': 'current_day', 'from_stop_id': 'MH-L-1', 'to_stop_id': 'MH-L-5', 'trip_id': 'walking', 'agency_name': 'Unknown'}, {'duration': 810, 'departure_time': 7740, 'arrival_time': 8550, 'day': 'current_day', 'from_stop_id': 'MH-L-5', 'to_stop_id': '19-5', 'trip_id': '8-1-7', 'agency_name': 'Unknown'}]}"
57,5,12780,intra,left,11,[57],[5],0,0,0,0,12780,12840.0,14340.0,14400.0,1500.0,2.0,57,5,2631.0,15411.0,pt,1620.0,14400.0,1620.0,"{'duration': 1500, 'source_transfer_time': 0, 'waiting_time': 510, 'trip_time': 990, 'num_transfers': 2, 'departure_time': 12840, 'departure_day': 'current_day', 'arrival_time': 14340, 'arrival_day': 'current_day', 'steps': [{'duration': 210, 'departure_time': 13350, 'arrival_time': 13560, 'day': 'current_day', 'from_stop_id': '57-1', 'to_stop_id': 'MH-L-1', 'trip_id': '1-0-17', 'agency_name': 'Unknown'}, {'duration': 30, 'departure_time': 13560, 'arrival_time': 13590, 'day': 'current_day', 'from_stop_id': 'MH-L-1', 'to_stop_id': 'MH-L-2', 'trip_id': 'walking', 'agency_name': 'Unknown'}, {'duration': 600, 'departure_time': 13740, 'arrival_time': 14340, 'day': 'current_day', 'from_stop_id': 'MH-L-2', 'to_stop_id': '5-2', 'trip_id': '2-0-17', 'agency_name': 'Unknown'}]}"
26,78,7170,intra,left,12,[26],[67; 77; 79; 89],0,0,500,375,7170,7230.0,9150.0,9210.0,1920.0,2.0,26,67,2631.0,9801.0,pt,2415.0,9585.0,2415.0,"{'duration': 1920, 'source_transfer_time': 0, 'waiting_time': 540, 'trip_time': 1380, 'num_transfers': 2, 'departure_time': 7230, 'departure_day': 'current_day', 'arrival_time': 9150, 'arrival_day': 'current_day', 'steps': [{'duration': 330, 'departure_time': 7770, 'arrival_time': 8100, 'day': 'current_day', 'from_stop_id': '26-3', 'to_stop_id': '35-3', 'trip_id': '5-1-4', 'agency_name': 'Unknown'}, {'duration': 30, 'departure_time': 8100, 'arrival_time': 8130, 'day': 'current_day', 'from_stop_id': '35-3', 'to_stop_id': '35-4', 'trip_id': 'walking', 'agency_name': 'Unknown'}, {'duration': 960, 'departure_time': 8190, 'arrival_time': 9150, 'day': 'current_day', 'from_stop_id': '35-4', 'to_stop_id': '67-4', 'trip_id': '7-0-9', 'agency_name': 'Unknown'}]}"
70,106,10140,intra,left,13,[60; 69],[106],500,375,0,0,10515,10575.0,12390.0,12450.0,1815.0,2.0,60,106,4511.0,14651.0,pt,2310.0,12450.0,2310.0,"{'duration': 1815, 'source_transfer_time': 0, 'waiting_time': 105, 'trip_time': 1710, 'num_transfers': 2, 'departure_time': 10575, 'departure_day': 'current_day', 'arrival_time': 12390, 'arrival_day': 'current_day', 'steps': [{'duration': 480, 'departure_time': 10680, 'arrival_time': 11160, 'day': 'current_day', 'from_stop_id': '60-1', 'to_stop_id': 'MH-L-1', 'trip_id': '1-1-13', 'agency_name': 'Unknown'}, {'duration': 30, 'departure_time': 11160, 'arrival_time': 11190, 'day': 'current_day', 'from_stop_id': 'MH-L-1', 'to_stop_id': 'MH-L-5', 'trip_id': 'walking', 'agency_name': 'Unknown'}, {'duration': 1050, 'departure_time': 11340, 'arrival_time': 12390, 'day': 'current_day', 'from_stop_id': 'MH-L-5', 'to_stop_id': '106-5', 'trip_id': '8-0-13', 'agency_name': 'Unknown'}]}"
63,10,13290,intra,left,14,[55; 64],[10],500,375,0,0,13665,13725.0,16110.0,16170.0,2385.0,2.0,55,10,5639.0,18929.0,pt,2880.0,16170.0,2880.0,"{'duration': 2385, 'source_transfer_time': 0, 'waiting_time': 555, 'trip_time': 1830, 'num_transfers': 2, 'departure_time': 13725, 'departure_day': 'current_day', 'arrival_time': 16110, 'arrival_day': 'current_day', 'steps': [{'duration': 480, 'departure_time': 14280, 'arrival_time': 14760, 'day': 'current_day', 'from_stop_id': '55-1', 'to_stop_id': 'MH-L-1', 'trip_id': '1-0-19', 'agency_name': 'Unknown'}, {'duration': 30, 'departure_time': 14760, 'arrival_time': 14790, 'day': 'current_day', 'from_stop_id': 'MH-L-1', 'to_stop_id': 'MH-L-5', 'trip_id': 'walking', 'agency_name': 'Unknown'}, {'duration': 1170, 'departure_time': 14940, 'arrival_time': 16110, 'day': 'current_day', 'from_stop_id': 'MH-L-5', 'to_stop_id': '10-5', 'trip_id': '8-1-19', 'agency_name': 'Unknown'}]}"
85,11,7470,intra,left,15,[85],[11],0,0,0,0,7470,7530.0,9390.0,9450.0,1860.0,3.0,85,11,3383.0,10853.0,pt,1980.0,9450.0,1980.0,"{'duration': 1860, 'source_transfer_time': 0, 'waiting_time': 480, 'trip_time': 1380, 'num_transfers': 3, 'departure_time': 7530, 'departure_day': 'current_day', 'arrival_time': 9390, 'arrival_day': 'current_day', 'steps': [{'duration': 330, 'departure_time': 8010, 'arrival_time': 8340, 'day': 'current_day', 'from_stop_id': '85-3', 'to_stop_id': '56-3', 'trip_id': '5-0-4', 'agency_name': 'Unknown'}, {'duration': 210, 'departure_time': 8400, 'arrival_time': 8610, 'day': 'current_day', 'from_stop_id': '56-3', 'to_stop_id': '35-3', 'trip_id': '5-0-9', 'agency_name': 'Unknown'}, {'duration': 30, 'departure_time': 8610, 'arrival_time': 8640, 'day': 'current_day', 'from_stop_id': '35-3', 'to_stop_id': '35-4', 'trip_id': 'walking', 'agency_name': 'Unknown'}, {'duration': 450, 'departure_time': 8940, 'arrival_time': 9390, 'day': 'current_day', 'from_stop_id': '35-4', 'to_stop_id': '11-4', 'trip_id': '7-1-8', 'agency_name': 'Unknown'}]}"
82,35,4830,intra,left,16,[61; 80; 92; 104],[35],1000,751,0,0,5581,5641.0,7110.0,7170.0,1469.0,2.0,61,35,4511.0,9341.0,pt,2340.0,7170.0,2340.0,"{'duration': 1469, 'source_transfer_time': 0, 'waiting_time': 119, 'trip_time': 1350, 'num_transfers': 2, 'departure_time': 5641, 'departure_day': 'current_day', 'arrival_time': 7110, 'arrival_day': 'current_day', 'steps': [{'duration': 480, 'departure_time': 5760, 'arrival_time': 6240, 'day': 'current_day', 'from_stop_id': '61-1', 'to_stop_id': '118-1', 'trip_id': '1-1-5', 'agency_name': 'Unknown'}, {'duration': 30, 'departure_time': 6240, 'arrival_time': 6270, 'day': 'current_day', 'from_stop_id': '118-1', 'to_stop_id': '118-4', 'trip_id': 'walking', 'agency_name': 'Unknown'}, {'duration': 840, 'departure_time': 6270, 'arrival_time': 7110, 'day': 'current_day', 'from_stop_id': '118-4', 'to_stop_id': '35-4', 'trip_id': '7-1-5', 'agency_name': 'Unknown'}]}"
105,24,4860,intra,left,17,[105],[24],0,0,0,0,4860,4920.0,6930.0,6990.0,2010.0,3.0,105,24,3759.0,8619.0,pt,2130.0,6990.0,2130.0,"{'duration': 2010, 'source_transfer_time': 0, 'waiting_time': 270, 'trip_time': 1740, 'num_transfers': 3, 'departure_time': 4920, 'departure_day': 'current_day', 'arrival_time': 6930, 'arrival_day': 'current_day', 'steps': [{'duration': 450, 'departure_time': 5190, 'arrival_time': 5640, 'day': 'current_day', 'from_stop_id': '105-5', 'to_stop_id': '85-5', 'trip_id': '8-1-5', 'agency_name': 'Unknown'}, {'duration': 30, 'departure_time': 5640, 'arrival_time': 5670, 'day': 'current_day', 'from_stop_id': '85-5', 'to_stop_id': '85-3', 'trip_id': 'walking', 'agency_name': 'Unknown'}, {'duration': 330, 'departure_time': 6210, 'arrival_time': 6540, 'day': 'current_day', 'from_stop_id': '85-3', 'to_stop_id': '56-3', 'trip_id': '5-0-1', 'agency_name': 'Unknown'}, {'duration': 330, 'departure_time': 6600, 'arrival_time': 6930, 'day': 'current_day', 'from_stop_id': '56-3', 'to_stop_id': '24-3', 'trip_id': '5-0-6', 'agency_name': 'Unknown'}]}"
67,7,4680,intra,left,18,[67],[5; 9; 19; 29],0,0,1000,751,4680,4740.0,5910.0,5970.0,1170.0,2.0,67,29,2631.0,7311.0,pt,2041.0,6721.0,2041.0,"{'duration': 1170, 'source_transfer_time': 0, 'waiting_time': 210, 'trip_time': 960, 'num_transfers': 2, 'departure_time': 4740, 'departure_day': 'current_day', 'arrival_time': 5910, 'arrival_day': 'current_day', 'steps': [{'duration': 210, 'departure_time': 4950, 'arrival_time': 5160, 'day': 'current_day', 'from_stop_id': '67-4', 'to_stop_id': 'MH-L-4', 'trip_id': '7-1-3', 'agency_name': 'Unknown'}, {'duration': 30, 'departure_time': 5160, 'arrival_time': 5190, 'day': 'current_day', 'from_stop_id': 'MH-L-4', 'to_stop_id': 'MH-L-5', 'trip_id': 'walking', 'agency_name': 'Unknown'}, {'duration': 570, 'departure_time': 5340, 'arrival_time': 5910, 'day': 'current_day', 'from_stop_id': 'MH-L-5', 'to_stop_id': '29-5', 'trip_id': '8-1-3', 'agency_name': 'Unknown'}]}"
33,76,5640,intra,left,19,[11; 23; 35; 54],[76],1000,751,0,0,6391,6451.0,8070.0,8130.0,1619.0,2.0,11,76,3007.0,8647.0,pt,2490.0,8130.0,2490.0,"{'duration': 1619, 'source_transfer_time': 0, 'waiting_time': 59, 'trip_time': 1560, 'num_transfers': 2, 'departure_time': 6451, 'departure_day': 'current_day', 'arrival_time': 8070, 'arrival_day': 'current_day', 'steps': [{'duration': 1050, 'departure_time': 6510, 'arrival_time': 7560, 'day': 'current_day', 'from_stop_id': '11-4', 'to_stop_id': 'MH-L-4', 'trip_id': '7-0-7', 'agency_name': 'Unknown'}, {'duration': 30, 'departure_time': 7560, 'arrival_time': 7590, 'day': 'current_day', 'from_stop_id': 'MH-L-4', 'to_stop_id': 'MH-L-5', 'trip_id': 'walking', 'agency_name': 'Unknown'}, {'duration': 330, 'departure_time': 7740, 'arrival_time': 8070, 'day': 'current_day', 'from_stop_id': 'MH-L-5', 'to_stop_id': '76-5', 'trip_id': '8-0-7', 'agency_name': 'Unknown'}]}"
33,15,9510,intra,left,20,[11; 23; 35; 54],[16; 26],1000,751,500,375,10261,10321.0,10770.0,10830.0,449.0,2.0,23,26,2255.0,11765.0,pt,1695.0,11205.0,1695.0,"{'duration': 449, 'source_transfer_time': 0, 'waiting_time': 29, 'trip_time': 420, 'num_transfers': 2, 'departure_time': 10321, 'departure_day': 'current_day', 'arrival_time': 10770, 'arrival_day': 'current_day', 'steps': [{'duration': 90, 'departure_time': 10350, 'arrival_time': 10440, 'day': 'current_day', 'from_stop_id': '23-4', 'to_stop_id': '24-4', 'trip_id': '7-0-13', 'agency_name': 'Unknown'}, {'duration': 30, 'departure_time': 10440, 'arrival_time': 10470, 'day': 'current_day', 'from_stop_id': '24-4', 'to_stop_id': '24-3', 'trip_id': 'walking', 'agency_name': 'Unknown'}, {'duration': 210, 'departure_time': 10560, 'arrival_time': 10770, 'day': 'current_day', 'from_stop_id': '24-3', 'to_stop_id': '26-3', 'trip_id': '5-0-12', 'agency_name': 'Unknown'}]}"
47,21,11130,intra,left,21,[47],[10; 20],0,0,500,375,11130,11190.0,12870.0,12930.0,1680.0,2.0,47,20,3759.0,14889.0,pt,2175.0,13305.0,2175.0,"{'duration': 1680, 'source_transfer_time': 0, 'waiting_time': 240, 'trip_time': 1440, 'num_transfers': 2, 'departure_time': 11190, 'departure_day': 'current_day', 'arrival_time': 12870, 'arrival_day': 'current_day', 'steps': [{'duration': 330, 'departure_time': 11430, 'arrival_time': 11760, 'day': 'current_day', 'from_stop_id': '47-4', 'to_stop_id': 'MH-L-4', 'trip_id': '7-0-14', 'agency_name': 'Unknown'}, {'duration': 30, 'departure_time': 11760, 'arrival_time': 11790, 'day': 'current_day', 'from_stop_id': 'MH-L-4', 'to_stop_id': 'MH-L-5', 'trip_id': 'walking', 'agency_name': 'Unknown'}, {'duration': 930, 'departure_time': 11940, 'arrival_time': 12870, 'day': 'current_day', 'from_stop_id': 'MH-L-5', 'to_stop_id': '20-5', 'trip_id': '8-1-14', 'agency_name': 'Unknown'}]}"
70,1,3870,intra,left,22,[60; 69],[0; 12],500,375,500,375,4245,4305.0,6270.0,6330.0,1965.0,2.0,60,12,5263.0,9133.0,pt,2835.0,6705.0,2835.0,"{'duration': 1965, 'source_transfer_time': 0, 'waiting_time': 375, 'trip_time': 1590, 'num_transfers': 2, 'departure_time': 4305, 'departure_day': 'current_day', 'arrival_time': 6270, 'arrival_day': 'current_day', 'steps': [{'duration': 360, 'departure_time': 4680, 'arrival_time': 5040, 'day': 'current_day', 'from_stop_id': '60-1', 'to_stop_id': '118-1', 'trip_id': '1-1-3', 'agency_name': 'Unknown'}, {'duration': 30, 'departure_time': 5040, 'arrival_time': 5070, 'day': 'current_day', 'from_stop_id': '118-1', 'to_stop_id': '118-4', 'trip_id': 'walking', 'agency_name': 'Unknown'}, {'duration': 1200, 'departure_time': 5070, 'arrival_time': 6270, 'day': 'current_day', 'from_stop_id': '118-4', 'to_stop_id': '12-4', 'trip_id': '7-1-3', 'agency_name': 'Unknown'}]}"
48,101,4860,intra,left,23,[48],[90],0,0,500,375,4860,4920.0,6150.0,6210.0,1230.0,3.0,48,90,3007.0,7867.0,pt,1725.0,6585.0,1725.0,"{'duration': 1230, 'source_transfer_time': 0, 'waiting_time': 30, 'trip_time': 1200, 'num_transfers': 3, 'departure_time': 4920, 'departure_day': 'current_day', 'arrival_time': 6150, 'arrival_day': 'current_day', 'steps': [{'duration': 960, 'departure_time': 4950, 'arrival_time': 5910, 'day': 'current_day', 'from_stop_id': '48-4', 'to_stop_id': '80-4', 'trip_id': '7-0-3', 'agency_name': 'Unknown'}, {'duration': 30, 'departure_time': 5910, 'arrival_time': 5940, 'day': 'current_day', 'from_stop_id': '80-4', 'to_stop_id': '80-3', 'trip_id': 'walking', 'agency_name': 'Unknown'}, {'duration': 90, 'departure_time': 5940, 'arrival_time': 6030, 'day': 'current_day', 'from_stop_id': '80-3', 'to_stop_id': '91-3', 'trip_id': '5-0-2', 'agency_name': 'Unknown'}, {'duration': 90, 'departure_time': 6060, 'arrival_time': 6150, 'day': 'current_day', 'from_stop_id': '91-3', 'to_stop_id': '90-3', 'trip_id': '5-0-2', 'agency_name': 'Unknown'}]}"
40,77,5790,intra,left,24,[40],[77],0,0,0,0,5790,5850.0,6750.0,6810.0,900.0,3.0,40,77,2255.0,8045.0,pt,1020.0,6810.0,1020.0,"{'duration': 900, 'source_transfer_time': 0, 'waiting_time': 60, 'trip_time': 840, 'num_transfers': 3, 'departure_time': 5850, 'departure_day': 'current_day', 'arrival_time': 6750, 'arrival_day': 'current_day', 'steps': [{'duration': 330, 'departure_time': 5910, 'arrival_time': 6240, 'day': 'current_day', 'from_stop_id': '40-5', 'to_stop_id': '116-5', 'trip_id': '8-0-5', 'agency_name': 'Unknown'}, {'duration': 30, 'departure_time': 6240, 'arrival_time': 6270, 'day': 'current_day', 'from_stop_id': '116-5', 'to_stop_id': '116-2', 'trip_id': 'walking', 'agency_name': 'Unknown'}, {'duration': 360, 'departure_time': 6270, 'arrival_time': 6630, 'day': 'current_day', 'from_stop_id': '116-2', 'to_stop_id': '119-2', 'trip_id': '2-1-5', 'agency_name': 'Unknown'}, {'duration': 90, 'departure_time': 6660, 'arrival_time': 6750, 'day': 'current_day', 'from_stop_id': '119-2', 'to_stop_id': '77-2', 'trip_id': '2-1-5', 'agency_name': 'Unknown'}]}"
82,66,8190,intra,left,25,[61; 80; 92; 104],[66],1000,751,0,0,8941,9001.0,10350.0,10410.0,1349.0,2.0,61,66,2631.0,10821.0,pt,2220.0,10410.0,2220.0,"{'duration': 1349, 'source_transfer_time': 0, 'waiting_time': 359, 'trip_time': 990, 'num_transfers': 2, 'departure_time': 9001, 'departure_day': 'current_day', 'arrival_time': 10350, 'arrival_day': 'current_day', 'steps': [{'duration': 600, 'departure_time': 9360, 'arrival_time': 9960, 'day': 'current_day', 'from_stop_id': '61-1', 'to_stop_id': 'MH-L-1', 'trip_id': '1-1-11', 'agency_name': 'Unknown'}, {'duration': 30, 'departure_time': 9960, 'arrival_time': 9990, 'day': 'current_day', 'from_stop_id': 'MH-L-1', 'to_stop_id': 'MH-L-5', 'trip_id': 'walking', 'agency_name': 'Unknown'}, {'duration': 210, 'departure_time': 10140, 'arrival_time': 10350, 'day': 'current_day', 'from_stop_id': 'MH-L-5', 'to_stop_id': '66-5', 'trip_id': '8-0-11', 'agency_name': 'Unknown'}]}"
21,76,10620,intra,left,26,[10; 20],[76],500,375,0,0,10995,11055.0,12870.0,12930.0,1815.0,0.0,10,76,4511.0,15131.0,pt,2310.0,12930.0,2310.0,"{'duration': 1815, 'source_transfer_time': 0, 'waiting_time': 135, 'trip_time': 1680, 'num_transfers': 0, 'departure_time': 11055, 'departure_day': 'current_day', 'arrival_time': 12870, 'arrival_day': 'current_day', 'steps': [{'duration': 1680, 'departure_time': 11190, 'arrival_time': 12870, 'day': 'current_day', 'from_stop_id': '10-5', 'to_stop_id': '76-5', 'trip_id': '8-0-15', 'agency_name': 'Unknown'}]}"
113,14,11940,intra,left,27,[91; 103; 115],[25],1000,751,500,375,12691,12751.0,14460.0,14520.0,1709.0,0.0,91,25,5263.0,17203.0,pt,2955.0,14895.0,2955.0,"{'duration': 1709, 'source_transfer_time': 0, 'waiting_time': 359, 'trip_time': 1350, 'num_transfers': 0, 'departure_time': 12751, 'departure_day': 'current_day', 'arrival_time': 14460, 'arrival_day': 'current_day', 'steps': [{'duration': 1350, 'departure_time': 13110, 'arrival_time': 14460, 'day': 'current_day', 'from_stop_id': '91-3', 'to_stop_id': '25-3', 'trip_id': '5-1-15', 'agency_name': 'Unknown'}]}"
3,33,4680,intra,left,28,[5; 25],[11; 23; 35; 54],1000,751,1000,751,5431,5491.0,6300.0,6360.0,809.0,0.0,25,35,2255.0,6935.0,walking,2255.0,7111.0,2431.0,"{'duration': 809, 'source_transfer_time': 0, 'waiting_time': 599, 'trip_time': 210, 'num_transfers': 0, 'departure_time': 5491, 'departure_day': 'current_day', 'arrival_time': 6300, 'arrival_day': 'current_day', 'steps': [{'duration': 210, 'departure_time': 6090, 'arrival_time': 6300, 'day': 'current_day', 'from_stop_id': '25-3', 'to_stop_id': '35-3', 'trip_id': '5-1-1', 'agency_name': 'Unknown'}]}"
105,24,5400,intra,left,29,[105],[24],0,0,0,0,5400,5460.0,7530.0,7590.0,2070.0,3.0,105,24,3759.0,9159.0,pt,2190.0,7590.0,2190.0,"{'duration': 2070, 'source_transfer_time': 0, 'waiting_time': 330, 'trip_time': 1740, 'num_transfers': 3, 'departure_time': 5460, 'departure_day': 'current_day', 'arrival_time': 7530, 'arrival_day': 'current_day', 'steps': [{'duration': 450, 'departure_time': 5790, 'arrival_time': 6240, 'day': 'current_day', 'from_stop_id': '105-5', 'to_stop_id': '85-5', 'trip_id': '8-1-6', 'agency_name': 'Unknown'}, {'duration': 30, 'departure_time': 6240, 'arrival_time': 6270, 'day': 'current_day', 'from_stop_id': '85-5', 'to_stop_id': '85-3', 'trip_id': 'walking', 'agency_name': 'Unknown'}, {'duration': 330, 'departure_time': 6810, 'arrival_time': 7140, 'day': 'current_day', 'from_stop_id': '85-3', 'to_stop_id': '56-3', 'trip_id': '5-0-2', 'agency_name': 'Unknown'}, {'duration': 330, 'departure_time': 7200, 'arrival_time': 7530, 'day': 'current_day', 'from_stop_id': '56-3', 'to_stop_id': '24-3', 'trip_id': '5-0-7', 'agency_name': 'Unknown'}]}"
58,20,14340,intra,left,30,[58],[20],0,0,0,0,14340,14400.0,15270.0,15330.0,870.0,4.0,58,20,2255.0,16595.0,pt,990.0,15330.0,990.0,"{'duration': 870, 'source_transfer_time': 0, 'waiting_time': 180, 'trip_time': 690, 'num_transfers': 4, 'departure_time': 14400, 'departure_day': 'current_day', 'arrival_time': 15270, 'arrival_day': 'current_day', 'steps': [{'duration': 90, 'departure_time': 14580, 'arrival_time': 14670, 'day': 'current_day', 'from_stop_id': '58-1', 'to_stop_id': '59-1', 'trip_id': '1-0-18', 'agency_name': 'Unknown'}, {'duration': 30, 'departure_time': 14670, 'arrival_time': 14700, 'day': 'current_day', 'from_stop_id': '59-1', 'to_stop_id': '59-3', 'trip_id': 'walking', 'agency_name': 'Unknown'}, {'duration': 330, 'departure_time': 14700, 'arrival_time': 15030, 'day': 'current_day', 'from_stop_id': '59-3', 'to_stop_id': '30-3', 'trip_id': '5-1-17', 'agency_name': 'Unknown'}, {'duration': 30, 'departure_time': 15030, 'arrival_time': 15060, 'day': 'current_day', 'from_stop_id': '30-3', 'to_stop_id': '30-5', 'trip_id': 'walking', 'agency_name': 'Unknown'}, {'duration': 210, 'departure_time': 15060, 'arrival_time': 15270, 'day': 'current_day', 'from_stop_id': '30-5', 'to_stop_id': '20-5', 'trip_id': '8-1-18', 'agency_name': 'Unknown'}]}"
82,111,7230,intra,left,31,[61; 80; 92; 104],[110],1000,751,500,375,7981,8041.0,9540.0,9600.0,1499.0,2.0,61,110,2631.0,9861.0,walking,2631.0,9975.0,2745.0,"{'duration': 1499, 'source_transfer_time': 0, 'waiting_time': 119, 'trip_time': 1380, 'num_transfers': 2, 'departure_time': 8041, 'departure_day': 'current_day', 'arrival_time': 9540, 'arrival_day': 'current_day', 'steps': [{'duration': 600, 'departure_time': 8160, 'arrival_time': 8760, 'day': 'current_day', 'from_stop_id': '61-1', 'to_stop_id': 'MH-L-1', 'trip_id': '1-1-9', 'agency_name': 'Unknown'}, {'duration': 30, 'departure_time': 8760, 'arrival_time': 8790, 'day': 'current_day', 'from_stop_id': 'MH-L-1', 'to_stop_id': 'MH-L-2', 'trip_id': 'walking', 'agency_name': 'Unknown'}, {'duration': 600, 'departure_time': 8940, 'arrival_time': 9540, 'day': 'current_day', 'from_stop_id': 'MH-L-2', 'to_stop_id': '110-2', 'trip_id': '2-1-9', 'agency_name': 'Unknown'}]}"
70,28,12780,intra,left,32,[60; 69],[28],500,375,0,0,13155,13215.0,14070.0,14130.0,855.0,0.0,69,28,2631.0,15411.0,pt,1350.0,14130.0,1350.0,"{'duration': 855, 'source_transfer_time': 0, 'waiting_time': 135, 'trip_time': 720, 'num_transfers': 0, 'departure_time': 13215, 'departure_day': 'current_day', 'arrival_time': 14070, 'arrival_day': 'current_day', 'steps': [{'duration': 720, 'departure_time': 13350, 'arrival_time': 14070, 'day': 'current_day', 'from_stop_id': '69-3', 'to_stop_id': '28-3', 'trip_id': '5-1-15', 'agency_name': 'Unknown'}]}"
69,111,12300,intra,left,33,[69],[110],0,0,500,375,12300,12360.0,13740.0,13800.0,1380.0,2.0,69,110,2255.0,14555.0,pt,1875.0,14175.0,1875.0,"{'duration': 1380, 'source_transfer_time': 0, 'waiting_time': 60, 'trip_time': 1320, 'num_transfers': 2, 'departure_time': 12360, 'departure_day': 'current_day', 'arrival_time': 13740, 'arrival_day': 'current_day', 'steps': [{'duration': 570, 'departure_time': 12420, 'arrival_time': 12990, 'day': 'current_day', 'from_stop_id': '69-3', 'to_stop_id': '88-3', 'trip_id': '5-0-13', 'agency_name': 'Unknown'}, {'duration': 30, 'departure_time': 12990, 'arrival_time': 13020, 'day': 'current_day', 'from_stop_id': '88-3', 'to_stop_id': '88-2', 'trip_id': 'walking', 'agency_name': 'Unknown'}, {'duration': 210, 'departure_time': 13530, 'arrival_time': 13740, 'day': 'current_day', 'from_stop_id': '88-2', 'to_stop_id': '110-2', 'trip_id': '2-1-16', 'agency_name': 'Unknown'}]}"
91,28,5250,intra,left,34,[91],[28],0,0,0,0,5250,5310.0,6270.0,6330.0,960.0,0.0,91,28,3007.0,8257.0,pt,1080.0,6330.0,1080.0,"{'duration': 960, 'source_transfer_time': 0, 'waiting_time': 0, 'trip_time': 960, 'num_transfers': 0, 'departure_time': 5310, 'departure_day': 'current_day', 'arrival_time': 6270, 'arrival_day': 'current_day', 'steps': [{'duration': 960, 'departure_time': 5310, 'arrival_time': 6270, 'day': 'current_day', 'from_stop_id': '91-3', 'to_stop_id': '28-3', 'trip_id': '5-1-2', 'agency_name': 'Unknown'}]}"
110,46,6360,intra,left,35,[110],[46],0,0,0,0,6360,6420.0,8490.0,8550.0,2070.0,4.0,110,46,3383.0,9743.0,pt,2190.0,8550.0,2190.0,"{'duration': 2070, 'source_transfer_time': 0, 'waiting_time': 540, 'trip_time': 1530, 'num_transfers': 4, 'departure_time': 6420, 'departure_day': 'current_day', 'arrival_time': 8490, 'arrival_day': 'current_day', 'steps': [{'duration': 600, 'departure_time': 6960, 'arrival_time': 7560, 'day': 'current_day', 'from_stop_id': '110-2', 'to_stop_id': 'MH-L-2', 'trip_id': '2-0-7', 'agency_name': 'Unknown'}, {'duration': 30, 'departure_time': 7560, 'arrival_time': 7590, 'day': 'current_day', 'from_stop_id': 'MH-L-2', 'to_stop_id': 'MH-L-1', 'trip_id': 'walking', 'agency_name': 'Unknown'}, {'duration': 330, 'departure_time': 7740, 'arrival_time': 8070, 'day': 'current_day', 'from_stop_id': 'MH-L-1', 'to_stop_id': '56-1', 'trip_id': '1-1-7', 'agency_name': 'Unknown'}, {'duration': 30, 'departure_time': 8070, 'arrival_time': 8100, 'day': 'current_day', 'from_stop_id': '56-1', 'to_stop_id': '56-3', 'trip_id': 'walking', 'agency_name': 'Unknown'}, {'duration': 90, 'departure_time': 8400, 'arrival_time': 8490, 'day': 'current_day', 'from_stop_id': '56-3', 'to_stop_id': '46-3', 'trip_id': '5-0-9', 'agency_name': 'Unknown'}]}"
63,108,8760,intra,left,36,[55; 64],[86; 96; 106; 110],500,375,1000,751,9135,9195.0,10050.0,10110.0,855.0,2.0,55,86,2255.0,11015.0,pt,2101.0,10861.0,2101.0,"{'duration': 855, 'source_transfer_time': 0, 'waiting_time': 285, 'trip_time': 570, 'num_transfers': 2, 'departure_time': 9195, 'departure_day': 'current_day', 'arrival_time': 10050, 'arrival_day': 'current_day', 'steps': [{'duration': 90, 'departure_time': 9480, 'arrival_time': 9570, 'day': 'current_day', 'from_stop_id': '55-1', 'to_stop_id': '56-1', 'trip_id': '1-0-11', 'agency_name': 'Unknown'}, {'duration': 30, 'departure_time': 9570, 'arrival_time': 9600, 'day': 'current_day', 'from_stop_id': '56-1', 'to_stop_id': '56-3', 'trip_id': 'walking', 'agency_name': 'Unknown'}, {'duration': 450, 'departure_time': 9600, 'arrival_time': 10050, 'day': 'current_day', 'from_stop_id': '56-3', 'to_stop_id': '86-3', 'trip_id': '5-1-11', 'agency_name': 'Unknown'}]}"
1,108,7950,intra,left,37,[0; 12],[86; 96; 106; 110],500,375,1000,751,8325,8385.0,10050.0,10110.0,1665.0,3.0,12,86,4511.0,12461.0,pt,2911.0,10861.0,2911.0,"{'duration': 1665, 'source_transfer_time': 0, 'waiting_time': 45, 'trip_time': 1620, 'num_transfers': 3, 'departure_time': 8385, 'departure_day': 'current_day', 'arrival_time': 10050, 'arrival_day': 'current_day', 'steps': [{'duration': 330, 'departure_time': 8430, 'arrival_time': 8760, 'day': 'current_day', 'from_stop_id': '12-4', 'to_stop_id': '35-4', 'trip_id': '7-0-10', 'agency_name': 'Unknown'}, {'duration': 30, 'departure_time': 8760, 'arrival_time': 8790, 'day': 'current_day', 'from_stop_id': '35-4', 'to_stop_id': '35-3', 'trip_id': 'walking', 'agency_name': 'Unknown'}, {'duration': 210, 'departure_time': 9330, 'arrival_time': 9540, 'day': 'current_day', 'from_stop_id': '35-3', 'to_stop_id': '56-3', 'trip_id': '5-1-6', 'agency_name': 'Unknown'}, {'duration': 450, 'departure_time': 9600, 'arrival_time': 10050, 'day': 'current_day', 'from_stop_id': '56-3', 'to_stop_id': '86-3', 'trip_id': '5-1-11', 'agency_name': 'Unknown'}]}"
91,7,10440,intra,left,38,[91],[5; 9; 19; 29],0,0,1000,751,10440,10500.0,11550.0,11610.0,1050.0,2.0,91,19,3383.0,13823.0,pt,1921.0,12361.0,1921.0,"{'duration': 1050, 'source_transfer_time': 0, 'waiting_time': 210, 'trip_time': 840, 'num_transfers': 2, 'departure_time': 10500, 'departure_day': 'current_day', 'arrival_time': 11550, 'arrival_day': 'current_day', 'steps': [{'duration': 720, 'departure_time': 10710, 'arrival_time': 11430, 'day': 'current_day', 'from_stop_id': '91-3', 'to_stop_id': '30-3', 'trip_id': '5-1-11', 'agency_name': 'Unknown'}, {'duration': 30, 'departure_time': 11430, 'arrival_time': 11460, 'day': 'current_day', 'from_stop_id': '30-3', 'to_stop_id': '30-5', 'trip_id': 'walking', 'agency_name': 'Unknown'}, {'duration': 90, 'departure_time': 11460, 'arrival_time': 11550, 'day': 'current_day', 'from_stop_id': '30-5', 'to_stop_id': '19-5', 'trip_id': '8-1-12', 'agency_name': 'Unknown'}]}"
50,88,5910,intra,left,39,[40; 49; 51; 58],[88],500,375,0,0,6285,6345.0,7470.0,7530.0,1125.0,3.0,40,88,2255.0,8165.0,pt,1620.0,7530.0,1620.0,"{'duration': 1125, 'source_transfer_time': 0, 'waiting_time': 165, 'trip_time': 960, 'num_transfers': 3, 'departure_time': 6345, 'departure_day': 'current_day', 'arrival_time': 7470, 'arrival_day': 'current_day', 'steps': [{'duration': 330, 'departure_time': 6510, 'arrival_time': 6840, 'day': 'current_day', 'from_stop_id': '40-5', 'to_stop_id': '116-5', 'trip_id': '8-0-6', 'agency_name': 'Unknown'}, {'duration': 30, 'departure_time': 6840, 'arrival_time': 6870, 'day': 'current_day', 'from_stop_id': '116-5', 'to_stop_id': '116-2', 'trip_id': 'walking', 'agency_name': 'Unknown'}, {'duration': 360, 'departure_time': 6870, 'arrival_time': 7230, 'day': 'current_day', 'from_stop_id': '116-2', 'to_stop_id': '119-2', 'trip_id': '2-1-6', 'agency_name': 'Unknown'}, {'duration': 210, 'departure_time': 7260, 'arrival_time': 7470, 'day': 'current_day', 'from_stop_id': '119-2', 'to_stop_id': '88-2', 'trip_id': '2-1-6', 'agency_name': 'Unknown'}]}"
80,106,5880,intra,left,40,[80],[106],0,0,0,0,5880,5940.0,7590.0,7650.0,1650.0,2.0,80,106,3759.0,9639.0,pt,1770.0,7650.0,1770.0,"{'duration': 1650, 'source_transfer_time': 0, 'waiting_time': 0, 'trip_time': 1650, 'num_transfers': 2, 'departure_time': 5940, 'departure_day': 'current_day', 'arrival_time': 7590, 'arrival_day': 'current_day', 'steps': [{'duration': 840, 'departure_time': 5940, 'arrival_time': 6780, 'day': 'current_day', 'from_stop_id': '80-3', 'to_stop_id': '85-3', 'trip_id': '5-0-2', 'agency_name': 'Unknown'}, {'duration': 30, 'departure_time': 6780, 'arrival_time': 6810, 'day': 'current_day', 'from_stop_id': '85-3', 'to_stop_id': '85-5', 'trip_id': 'walking', 'agency_name': 'Unknown'}, {'duration': 330, 'departure_time': 7260, 'arrival_time': 7590, 'day': 'current_day', 'from_stop_id': '85-5', 'to_stop_id': '106-5', 'trip_id': '8-0-5', 'agency_name': 'Unknown'}]}"
57,82,9720,intra,left,41,[57],[61; 80; 92; 104],0,0,1000,751,9720,9780.0,11310.0,11370.0,1530.0,2.0,57,80,3383.0,13103.0,pt,2401.0,12121.0,2401.0,"{'duration': 1530, 'source_transfer_time': 0, 'waiting_time': 570, 'trip_time': 960, 'num_transfers': 2, 'departure_time': 9780, 'departure_day': 'current_day', 'arrival_time': 11310, 'arrival_day': 'current_day', 'steps': [{'duration': 720, 'departure_time': 10350, 'arrival_time': 11070, 'day': 'current_day', 'from_stop_id': '57-1', 'to_stop_id': '59-1', 'trip_id': '1-0-12', 'agency_name': 'Unknown'}, {'duration': 30, 'departure_time': 11070, 'arrival_time': 11100, 'day': 'current_day', 'from_stop_id': '59-1', 'to_stop_id': '59-3', 'trip_id': 'walking', 'agency_name': 'Unknown'}, {'duration': 210, 'departure_time': 11100, 'arrival_time': 11310, 'day': 'current_day', 'from_stop_id': '59-3', 'to_stop_id': '80-3', 'trip_id': '5-0-11', 'agency_name': 'Unknown'}]}"
110,46,8130,intra,left,42,[110],[46],0,0,0,0,8130,8190.0,10290.0,10350.0,2100.0,4.0,110,46,3383.0,11513.0,pt,2220.0,10350.0,2220.0,"{'duration': 2100, 'source_transfer_time': 0, 'waiting_time': 570, 'trip_time': 1530, 'num_transfers': 4, 'departure_time': 8190, 'departure_day': 'current_day', 'arrival_time': 10290, 'arrival_day': 'current_day', 'steps': [{'duration': 600, 'departure_time': 8760, 'arrival_time': 9360, 'day': 'current_day', 'from_stop_id': '110-2', 'to_stop_id': 'MH-L-2', 'trip_id': '2-0-10', 'agency_name': 'Unknown'}, {'duration': 30, 'departure_time': 9360, 'arrival_time': 9390, 'day': 'current_day', 'from_stop_id': 'MH-L-2', 'to_stop_id': 'MH-L-1', 'trip_id': 'walking', 'agency_name': 'Unknown'}, {'duration': 330, 'departure_time': 9540, 'arrival_time': 9870, 'day': 'current_day', 'from_stop_id': 'MH-L-1', 'to_stop_id': '56-1', 'trip_id': '1-1-10', 'agency_name': 'Unknown'}, {'duration': 30, 'departure_time': 9870, 'arrival_time': 9900, 'day': 'current_day', 'from_stop_id': '56-1', 'to_stop_id': '56-3', 'trip_id': 'walking', 'agency_name': 'Unknown'}, {'duration': 90, 'departure_time': 10200, 'arrival_time': 10290, 'day': 'current_day', 'from_stop_id': '56-3', 'to_stop_id': '46-3', 'trip_id': '5-0-12', 'agency_name': 'Unknown'}]}"
22,48,12450,intra,left,43,[11; 23],[48],500,375,0,0,12825,12885.0,13920.0,13980.0,1035.0,0.0,11,48,2255.0,14705.0,pt,1530.0,13980.0,1530.0,"{'duration': 1035, 'source_transfer_time': 0, 'waiting_time': 225, 'trip_time': 810, 'num_transfers': 0, 'departure_time': 12885, 'departure_day': 'current_day', 'arrival_time': 13920, 'arrival_day': 'current_day', 'steps': [{'duration': 810, 'departure_time': 13110, 'arrival_time': 13920, 'day': 'current_day', 'from_stop_id': '11-4', 'to_stop_id': '48-4', 'trip_id': '7-0-18', 'agency_name': 'Unknown'}]}"
91,37,6810,intra,left,44,[91],[26; 36; 38; 48],0,0,500,375,6810,6870.0,7950.0,8010.0,1080.0,2.0,91,38,3383.0,10193.0,pt,1575.0,8385.0,1575.0,"{'duration': 1080, 'source_transfer_time': 0, 'waiting_time': 0, 'trip_time': 1080, 'num_transfers': 2, 'departure_time': 6870, 'departure_day': 'current_day', 'arrival_time': 7950, 'arrival_day': 'current_day', 'steps': [{'duration': 690, 'departure_time': 6870, 'arrival_time': 7560, 'day': 'current_day', 'from_stop_id': '91-4', 'to_stop_id': 'MH-L-4', 'trip_id': '7-1-7', 'agency_name': 'Unknown'}, {'duration': 30, 'departure_time': 7560, 'arrival_time': 7590, 'day': 'current_day', 'from_stop_id': 'MH-L-4', 'to_stop_id': 'MH-L-2', 'trip_id': 'walking', 'agency_name': 'Unknown'}, {'duration': 210, 'departure_time': 7740, 'arrival_time': 7950, 'day': 'current_day', 'from_stop_id': 'MH-L-2', 'to_stop_id': '38-2', 'trip_id': '2-0-7', 'agency_name': 'Unknown'}]}"
33,88,11940,intra,left,45,[11; 23; 35; 54],[88],1000,751,0,0,12691,12751.0,13890.0,13950.0,1139.0,1.0,35,88,3759.0,15699.0,pt,2010.0,13950.0,2010.0,"{'duration': 1139, 'source_transfer_time': 0, 'waiting_time': 179, 'trip_time': 960, 'num_transfers': 1, 'departure_time': 12751, 'departure_day': 'current_day', 'arrival_time': 13890, 'arrival_day': 'current_day', 'steps': [{'duration': 210, 'departure_time': 12930, 'arrival_time': 13140, 'day': 'current_day', 'from_stop_id': '35-3', 'to_stop_id': '56-3', 'trip_id': '5-1-12', 'agency_name': 'Unknown'}, {'duration': 690, 'departure_time': 13200, 'arrival_time': 13890, 'day': 'current_day', 'from_stop_id': '56-3', 'to_stop_id': '88-3', 'trip_id': '5-1-17', 'agency_name': 'Unknown'}]}"
51,95,13410,intra,left,46,[51],[95],0,0,0,0,13410,13470.0,15870.0,15930.0,2400.0,2.0,51,95,4511.0,17921.0,pt,2520.0,15930.0,2520.0,"{'duration': 2400, 'source_transfer_time': 0, 'waiting_time': 150, 'trip_time': 2250, 'num_transfers': 2, 'departure_time': 13470, 'departure_day': 'current_day', 'arrival_time': 15870, 'arrival_day': 'current_day', 'steps': [{'duration': 330, 'departure_time': 13620, 'arrival_time': 13950, 'day': 'current_day', 'from_stop_id': '51-3', 'to_stop_id': '29-3', 'trip_id': '5-1-15', 'agency_name': 'Unknown'}, {'duration': 30, 'departure_time': 13950, 'arrival_time': 13980, 'day': 'current_day', 'from_stop_id': '29-3', 'to_stop_id': '29-5', 'trip_id': 'walking', 'agency_name': 'Unknown'}, {'duration': 1680, 'departure_time': 14190, 'arrival_time': 15870, 'day': 'current_day', 'from_stop_id': '29-5', 'to_stop_id': '95-5', 'trip_id': '8-0-19', 'agency_name': 'Unknown'}]}"
71,107,13440,intra,left,47,[61],[96; 106],500,375,500,375,13815,13875.0,15750.0,15810.0,1875.0,2.0,61,96,4511.0,17951.0,pt,2745.0,16185.0,2745.0,"{'duration': 1875, 'source_transfer_time': 0, 'waiting_time': 285, 'trip_time': 1590, 'num_transfers': 2, 'departure_time': 13875, 'departure_day': 'current_day', 'arrival_time': 15750, 'arrival_day': 'current_day', 'steps': [{'duration': 600, 'departure_time': 14160, 'arrival_time': 14760, 'day': 'current_day', 'from_stop_id': '61-1', 'to_stop_id': 'MH-L-1', 'trip_id': '1-1-19', 'agency_name': 'Unknown'}, {'duration': 30, 'departure_time': 14760, 'arrival_time': 14790, 'day': 'current_day', 'from_stop_id': 'MH-L-1', 'to_stop_id': 'MH-L-5', 'trip_id': 'walking', 'agency_name': 'Unknown'}, {'duration': 810, 'departure_time': 14940, 'arrival_time': 15750, 'day': 'current_day', 'from_stop_id': 'MH-L-5', 'to_stop_id': '96-5', 'trip_id': '8-0-19', 'agency_name': 'Unknown'}]}"
99,42,11430,intra,left,48,[99],[41],0,0,500,375,11430,11490.0,13110.0,13170.0,1620.0,2.0,99,41,3759.0,15189.0,pt,2115.0,13545.0,2115.0,"{'duration': 1620, 'source_transfer_time': 0, 'waiting_time': 390, 'trip_time': 1230, 'num_transfers': 2, 'departure_time': 11490, 'departure_day': 'current_day', 'arrival_time': 13110, 'arrival_day': 'current_day', 'steps': [{'duration': 90, 'departure_time': 11880, 'arrival_time': 11970, 'day': 'current_day', 'from_stop_id': '99-2', 'to_stop_id': '88-2', 'trip_id': '2-0-15', 'agency_name': 'Unknown'}, {'duration': 30, 'departure_time': 11970, 'arrival_time': 12000, 'day': 'current_day', 'from_stop_id': '88-2', 'to_stop_id': '88-3', 'trip_id': 'walking', 'agency_name': 'Unknown'}, {'duration': 960, 'departure_time': 12150, 'arrival_time': 13110, 'day': 'current_day', 'from_stop_id': '88-3', 'to_stop_id': '41-3', 'trip_id': '5-1-14', 'agency_name': 'Unknown'}]}"
57,99,7200,intra,left,49,[57],[99],0,0,0,0,7200,7260.0,8220.0,8280.0,960.0,2.0,57,99,2255.0,9455.0,pt,1080.0,8280.0,1080.0,"{'duration': 960, 'source_transfer_time': 0, 'waiting_time': 90, 'trip_time': 870, 'num_transfers': 2, 'departure_time': 7260, 'departure_day': 'current_day', 'arrival_time': 8220, 'arrival_day': 'current_day', 'steps': [{'duration': 210, 'departure_time': 7350, 'arrival_time': 7560, 'day': 'current_day', 'from_stop_id': '57-1', 'to_stop_id': 'MH-L-1', 'trip_id': '1-0-7', 'agency_name': 'Unknown'}, {'duration': 30, 'departure_time': 7560, 'arrival_time': 7590, 'day': 'current_day', 'from_stop_id': 'MH-L-1', 'to_stop_id': 'MH-L-2', 'trip_id': 'walking', 'agency_name': 'Unknown'}, {'duration': 480, 'departure_time': 7740, 'arrival_time': 8220, 'day': 'current_day', 'from_stop_id': 'MH-L-2', 'to_stop_id': '99-2', 'trip_id': '2-1-7', 'agency_name': 'Unknown'}]}"
96,23,6210,intra,left,50,[96],[23],0,0,0,0,6210,6270.0,8550.0,8610.0,2280.0,2.0,96,23,3007.0,9217.0,pt,2400.0,8610.0,2400.0,"{'duration': 2280, 'source_transfer_time': 0, 'waiting_time': 480, 'trip_time': 1800, 'num_transfers': 2, 'departure_time': 6270, 'departure_day': 'current_day', 'arrival_time': 8550, 'arrival_day': 'current_day', 'steps': [{'duration': 810, 'departure_time': 6750, 'arrival_time': 7560, 'day': 'current_day', 'from_stop_id': '96-5', 'to_stop_id': 'MH-L-5', 'trip_id': '8-1-7', 'agency_name': 'Unknown'}, {'duration': 30, 'departure_time': 7560, 'arrival_time': 7590, 'day': 'current_day', 'from_stop_id': 'MH-L-5', 'to_stop_id': 'MH-L-4', 'trip_id': 'walking', 'agency_name': 'Unknown'}, {'duration': 810, 'departure_time': 7740, 'arrival_time': 8550, 'day': 'current_day', 'from_stop_id': 'MH-L-4', 'to_stop_id': '23-4', 'trip_id': '7-1-7', 'agency_name': 'Unknown'}]}"
45,31,7920,intra,left,51,[46; 55],[20; 30],500,375,500,375,8295,8355.0,9480.0,9540.0,1125.0,0.0,46,30,3759.0,11679.0,pt,1995.0,9915.0,1995.0,"{'duration': 1125, 'source_transfer_time': 0, 'waiting_time': 165, 'trip_time': 960, 'num_transfers': 0, 'departure_time': 8355, 'departure_day': 'current_day', 'arrival_time': 9480, 'arrival_day': 'current_day', 'steps': [{'duration': 960, 'departure_time': 8520, 'arrival_time': 9480, 'day': 'current_day', 'from_stop_id': '46-3', 'to_stop_id': '30-3', 'trip_id': '5-0-9', 'agency_name': 'Unknown'}]}"
99,69,4650,intra,left,52,[99],[69],0,0,0,0,4650,4710.0,6120.0,6180.0,1410.0,2.0,99,69,2255.0,6905.0,pt,1530.0,6180.0,1530.0,"{'duration': 1410, 'source_transfer_time': 0, 'waiting_time': 570, 'trip_time': 840, 'num_transfers': 2, 'departure_time': 4710, 'departure_day': 'current_day', 'arrival_time': 6120, 'arrival_day': 'current_day', 'steps': [{'duration': 90, 'departure_time': 5280, 'arrival_time': 5370, 'day': 'current_day', 'from_stop_id': '99-2', 'to_stop_id': '88-2', 'trip_id': '2-0-4', 'agency_name': 'Unknown'}, {'duration': 30, 'departure_time': 5370, 'arrival_time': 5400, 'day': 'current_day', 'from_stop_id': '88-2', 'to_stop_id': '88-3', 'trip_id': 'walking', 'agency_name': 'Unknown'}, {'duration': 570, 'departure_time': 5550, 'arrival_time': 6120, 'day': 'current_day', 'from_stop_id': '88-3', 'to_stop_id': '69-3', 'trip_id': '5-1-3', 'agency_name': 'Unknown'}]}"
109,2,14250,intra,left,53,[110],[0; 12; 24],500,375,1000,751,14625,14685.0,16230.0,16290.0,1545.0,2.0,110,24,4511.0,18761.0,pt,2791.0,17041.0,2791.0,"{'duration': 1545, 'source_transfer_time': 0, 'waiting_time': 75, 'trip_time': 1470, 'num_transfers': 2, 'departure_time': 14685, 'departure_day': 'current_day', 'arrival_time': 16230, 'arrival_day': 'current_day', 'steps': [{'duration': 600, 'departure_time': 14760, 'arrival_time': 15360, 'day': 'current_day', 'from_stop_id': '110-2', 'to_stop_id': 'MH-L-2', 'trip_id': '2-0-20', 'agency_name': 'Unknown'}, {'duration': 30, 'departure_time': 15360, 'arrival_time': 15390, 'day': 'current_day', 'from_stop_id': 'MH-L-2', 'to_stop_id': 'MH-L-4', 'trip_id': 'walking', 'agency_name': 'Unknown'}, {'duration': 690, 'departure_time': 15540, 'arrival_time': 16230, 'day': 'current_day', 'from_stop_id': 'MH-L-4', 'to_stop_id': '24-4', 'trip_id': '7-1-20', 'agency_name': 'Unknown'}]}"
14,20,7350,intra,left,54,[25],[20],500,375,0,0,7725,7785.0,9270.0,9330.0,1485.0,2.0,25,20,2255.0,9605.0,pt,1980.0,9330.0,1980.0,"{'duration': 1485, 'source_transfer_time': 0, 'waiting_time': 495, 'trip_time': 990, 'num_transfers': 2, 'departure_time': 7785, 'departure_day': 'current_day', 'arrival_time': 9270, 'arrival_day': 'current_day', 'steps': [{'duration': 480, 'departure_time': 8280, 'arrival_time': 8760, 'day': 'current_day', 'from_stop_id': '25-3', 'to_stop_id': '29-3', 'trip_id': '5-0-8', 'agency_name': 'Unknown'}, {'duration': 30, 'departure_time': 8760, 'arrival_time': 8790, 'day': 'current_day', 'from_stop_id': '29-3', 'to_stop_id': '29-5', 'trip_id': 'walking', 'agency_name': 'Unknown'}, {'duration': 330, 'departure_time': 8940, 'arrival_time': 9270, 'day': 'current_day', 'from_stop_id': '29-5', 'to_stop_id': '20-5', 'trip_id': '8-1-8', 'agency_name': 'Unknown'}]}"
29,57,6660,intra,left,55,[29],[57],0,0,0,0,6660,6720.0,7920.0,7980.0,1200.0,2.0,29,57,2631.0,9291.0,pt,1320.0,7980.0,1320.0,"{'duration': 1200, 'source_transfer_time': 0, 'waiting_time': 60, 'trip_time': 1140, 'num_transfers': 2, 'departure_time': 6720, 'departure_day': 'current_day', 'arrival_time': 7920, 'arrival_day': 'current_day', 'steps': [{'duration': 960, 'departure_time': 6780, 'arrival_time': 7740, 'day': 'current_day', 'from_stop_id': '29-3', 'to_stop_id': '56-3', 'trip_id': '5-1-3', 'agency_name': 'Unknown'}, {'duration': 30, 'departure_time': 7740, 'arrival_time': 7770, 'day': 'current_day', 'from_stop_id': '56-3', 'to_stop_id': '56-1', 'trip_id': 'walking', 'agency_name': 'Unknown'}, {'duration': 90, 'departure_time': 7830, 'arrival_time': 7920, 'day': 'current_day', 'from_stop_id': '56-1', 'to_stop_id': '57-1', 'trip_id': '1-0-8', 'agency_name': 'Unknown'}]}"
62,99,4140,intra,left,56,[54],[99],500,375,0,0,4515,4575.0,6420.0,6480.0,1845.0,2.0,54,99,3007.0,7147.0,pt,2340.0,6480.0,2340.0,"{'duration': 1845, 'source_transfer_time': 0, 'waiting_time': 585, 'trip_time': 1260, 'num_transfers': 2, 'departure_time': 4575, 'departure_day': 'current_day', 'arrival_time': 6420, 'arrival_day': 'current_day', 'steps': [{'duration': 600, 'departure_time': 5160, 'arrival_time': 5760, 'day': 'current_day', 'from_stop_id': '54-1', 'to_stop_id': 'MH-L-1', 'trip_id': '1-0-4', 'agency_name': 'Unknown'}, {'duration': 30, 'departure_time': 5760, 'arrival_time': 5790, 'day': 'current_day', 'from_stop_id': 'MH-L-1', 'to_stop_id': 'MH-L-2', 'trip_id': 'walking', 'agency_name': 'Unknown'}, {'duration': 480, 'departure_time': 5940, 'arrival_time': 6420, 'day': 'current_day', 'from_stop_id': 'MH-L-2', 'to_stop_id': '99-2', 'trip_id': '2-1-4', 'agency_name': 'Unknown'}]}"
72,88,8400,intra,left,57,[54; 74],[88],1000,751,0,0,9151,9211.0,9690.0,9750.0,479.0,0.0,74,88,2255.0,10655.0,pt,1350.0,9750.0,1350.0,"{'duration': 479, 'source_transfer_time': 0, 'waiting_time': 29, 'trip_time': 450, 'num_transfers': 0, 'departure_time': 9211, 'departure_day': 'current_day', 'arrival_time': 9690, 'arrival_day': 'current_day', 'steps': [{'duration': 450, 'departure_time': 9240, 'arrival_time': 9690, 'day': 'current_day', 'from_stop_id': '74-3', 'to_stop_id': '88-3', 'trip_id': '5-1-10', 'agency_name': 'Unknown'}]}"
16,113,6720,intra,left,58,[16],[91; 103; 115],0,0,1000,751,6720,6780.0,8430.0,8490.0,1650.0,2.0,16,91,4511.0,11231.0,pt,2521.0,9241.0,2521.0,"{'duration': 1650, 'source_transfer_time': 0, 'waiting_time': 300, 'trip_time': 1350, 'num_transfers': 2, 'departure_time': 6780, 'departure_day': 'current_day', 'arrival_time': 8430, 'arrival_day': 'current_day', 'steps': [{'duration': 90, 'departure_time': 7080, 'arrival_time': 7170, 'day': 'current_day', 'from_stop_id': '16-2', 'to_stop_id': '27-2', 'trip_id': '2-1-7', 'agency_name': 'Unknown'}, {'duration': 30, 'departure_time': 7170, 'arrival_time': 7200, 'day': 'current_day', 'from_stop_id': '27-2', 'to_stop_id': '27-3', 'trip_id': 'walking', 'agency_name': 'Unknown'}, {'duration': 1080, 'departure_time': 7350, 'arrival_time': 8430, 'day': 'current_day', 'from_stop_id': '27-3', 'to_stop_id': '91-3', 'trip_id': '5-0-6', 'agency_name': 'Unknown'}]}"
89,44,9120,intra,left,59,[89],[54],0,0,500,375,9120,9180.0,10740.0,10800.0,1560.0,2.0,89,54,3759.0,12879.0,pt,2055.0,11175.0,2055.0,"{'duration': 1560, 'source_transfer_time': 0, 'waiting_time': 120, 'trip_time': 1440, 'num_transfers': 2, 'departure_time': 9180, 'departure_day': 'current_day', 'arrival_time': 10740, 'arrival_day': 'current_day', 'steps': [{'duration': 840, 'departure_time': 9300, 'arrival_time': 10140, 'day': 'current_day', 'from_stop_id': '89-3', 'to_stop_id': '56-3', 'trip_id': '5-0-7', 'agency_name': 'Unknown'}, {'duration': 30, 'departure_time': 10140, 'arrival_time': 10170, 'day': 'current_day', 'from_stop_id': '56-3', 'to_stop_id': '56-1', 'trip_id': 'walking', 'agency_name': 'Unknown'}, {'duration': 210, 'departure_time': 10530, 'arrival_time': 10740, 'day': 'current_day', 'from_stop_id': '56-1', 'to_stop_id': '54-1', 'trip_id': '1-1-11', 'agency_name': 'Unknown'}]}"
73,60,7470,intra,left,60,[74],[60],500,375,0,0,7845,7905.0,9420.0,9480.0,1515.0,2.0,74,60,3759.0,11229.0,pt,2010.0,9480.0,2010.0,"{'duration': 1515, 'source_transfer_time': 0, 'waiting_time': 135, 'trip_time': 1380, 'num_transfers': 2, 'departure_time': 7905, 'departure_day': 'current_day', 'arrival_time': 9420, 'arrival_day': 'current_day', 'steps': [{'duration': 1200, 'departure_time': 8040, 'arrival_time': 9240, 'day': 'current_day', 'from_stop_id': '74-3', 'to_stop_id': '59-3', 'trip_id': '5-1-8', 'agency_name': 'Unknown'}, {'duration': 30, 'departure_time': 9240, 'arrival_time': 9270, 'day': 'current_day', 'from_stop_id': '59-3', 'to_stop_id': '59-1', 'trip_id': 'walking', 'agency_name': 'Unknown'}, {'duration': 90, 'departure_time': 9330, 'arrival_time': 9420, 'day': 'current_day', 'from_stop_id': '59-1', 'to_stop_id': '60-1', 'trip_id': '1-0-9', 'agency_name': 'Unknown'}]}"
114,25,4350,intra,left,61,[103; 115],[25],500,375,0,0,4725,4785.0,6660.0,6720.0,1875.0,2.0,103,25,5263.0,9613.0,pt,2370.0,6720.0,2370.0,"{'duration': 1875, 'source_transfer_time': 0, 'waiting_time': 45, 'trip_time': 1830, 'num_transfers': 2, 'departure_time': 4785, 'departure_day': 'current_day', 'arrival_time': 6660, 'arrival_day': 'current_day', 'steps': [{'duration': 210, 'departure_time': 4830, 'arrival_time': 5040, 'day': 'current_day', 'from_stop_id': '103-4', 'to_stop_id': '91-4', 'trip_id': '7-1-4', 'agency_name': 'Unknown'}, {'duration': 30, 'departure_time': 5040, 'arrival_time': 5070, 'day': 'current_day', 'from_stop_id': '91-4', 'to_stop_id': '91-3', 'trip_id': 'walking', 'agency_name': 'Unknown'}, {'duration': 1350, 'departure_time': 5310, 'arrival_time': 6660, 'day': 'current_day', 'from_stop_id': '91-3', 'to_stop_id': '25-3', 'trip_id': '5-1-2', 'agency_name': 'Unknown'}]}"
37,91,11760,intra,left,62,[26; 36; 38; 48],[91],500,375,0,0,12135,12195.0,13830.0,13890.0,1635.0,0.0,26,91,3383.0,15143.0,pt,2130.0,13890.0,2130.0,"{'duration': 1635, 'source_transfer_time': 0, 'waiting_time': 405, 'trip_time': 1230, 'num_transfers': 0, 'departure_time': 12195, 'departure_day': 'current_day', 'arrival_time': 13830, 'arrival_day': 'current_day', 'steps': [{'duration': 1230, 'departure_time': 12600, 'arrival_time': 13830, 'day': 'current_day', 'from_stop_id': '26-3', 'to_stop_id': '91-3', 'trip_id': '5-0-15', 'agency_name': 'Unknown'}]}"
68,98,9420,intra,left,63,[68],[87; 99],0,0,500,375,9420,9480.0,10620.0,10680.0,1140.0,2.0,68,99,2255.0,11675.0,pt,1635.0,11055.0,1635.0,"{'duration': 1140, 'source_transfer_time': 0, 'waiting_time': 150, 'trip_time': 990, 'num_transfers': 2, 'departure_time': 9480, 'departure_day': 'current_day', 'arrival_time': 10620, 'arrival_day': 'current_day', 'steps': [{'duration': 330, 'departure_time': 9630, 'arrival_time': 9960, 'day': 'current_day', 'from_stop_id': '68-4', 'to_stop_id': 'MH-L-4', 'trip_id': '7-1-11', 'agency_name': 'Unknown'}, {'duration': 30, 'departure_time': 9960, 'arrival_time': 9990, 'day': 'current_day', 'from_stop_id': 'MH-L-4', 'to_stop_id': 'MH-L-2', 'trip_id': 'walking', 'agency_name': 'Unknown'}, {'duration': 480, 'departure_time': 10140, 'arrival_time': 10620, 'day': 'current_day', 'from_stop_id': 'MH-L-2', 'to_stop_id': '99-2', 'trip_id': '2-1-11', 'agency_name': 'Unknown'}]}"
12,49,5010,intra,left,64,[12],[49],0,0,0,0,5010,5070.0,6720.0,6780.0,1650.0,4.0,12,49,3007.0,8017.0,pt,1770.0,6780.0,1770.0,"{'duration': 1650, 'source_transfer_time': 0, 'waiting_time': 360, 'trip_time': 1290, 'num_transfers': 4, 'departure_time': 5070, 'departure_day': 'current_day', 'arrival_time': 6720, 'arrival_day': 'current_day', 'steps': [{'duration': 210, 'departure_time': 5430, 'arrival_time': 5640, 'day': 'current_day', 'from_stop_id': '12-4', 'to_stop_id': '24-4', 'trip_id': '7-0-5', 'agency_name': 'Unknown'}, {'duration': 30, 'departure_time': 5640, 'arrival_time': 5670, 'day': 'current_day', 'from_stop_id': '24-4', 'to_stop_id': '24-3', 'trip_id': 'walking', 'agency_name': 'Unknown'}, {'duration': 600, 'departure_time': 5760, 'arrival_time': 6360, 'day': 'current_day', 'from_stop_id': '24-3', 'to_stop_id': '29-3', 'trip_id': '5-0-4', 'agency_name': 'Unknown'}, {'duration': 30, 'departure_time': 6360, 'arrival_time': 6390, 'day': 'current_day', 'from_stop_id': '29-3', 'to_stop_id': '29-5', 'trip_id': 'walking', 'agency_name': 'Unknown'}, {'duration': 330, 'departure_time': 6390, 'arrival_time': 6720, 'day': 'current_day', 'from_stop_id': '29-5', 'to_stop_id': '49-5', 'trip_id': '8-0-6', 'agency_name': 'Unknown'}]}"
14,94,10860,intra,left,65,[25],[95; 105],500,375,500,375,11235,11295.0,12870.0,12930.0,1575.0,3.0,25,95,4135.0,14995.0,pt,2445.0,13305.0,2445.0,"{'duration': 1575, 'source_transfer_time': 0, 'waiting_time': 195, 'trip_time': 1380, 'num_transfers': 3, 'departure_time': 11295, 'departure_day': 'current_day', 'arrival_time': 12870, 'arrival_day': 'current_day', 'steps': [{'duration': 450, 'departure_time': 11490, 'arrival_time': 11940, 'day': 'current_day', 'from_stop_id': '25-3', 'to_stop_id': '56-3', 'trip_id': '5-1-10', 'agency_name': 'Unknown'}, {'duration': 330, 'departure_time': 12000, 'arrival_time': 12330, 'day': 'current_day', 'from_stop_id': '56-3', 'to_stop_id': '85-3', 'trip_id': '5-1-15', 'agency_name': 'Unknown'}, {'duration': 30, 'departure_time': 12330, 'arrival_time': 12360, 'day': 'current_day', 'from_stop_id': '85-3', 'to_stop_id': '85-5', 'trip_id': 'walking', 'agency_name': 'Unknown'}, {'duration': 210, 'departure_time': 12660, 'arrival_time': 12870, 'day': 'current_day', 'from_stop_id': '85-5', 'to_stop_id': '95-5', 'trip_id': '8-0-14', 'agency_name': 'Unknown'}]}"
64,91,11340,intra,left,66,[64],[91],0,0,0,0,11340,11400.0,12480.0,12540.0,1080.0,0.0,64,91,3007.0,14347.0,pt,1200.0,12540.0,1200.0,"{'duration': 1080, 'source_transfer_time': 0, 'waiting_time': 120, 'trip_time': 960, 'num_transfers': 0, 'departure_time': 11400, 'departure_day': 'current_day', 'arrival_time': 12480, 'arrival_day': 'current_day', 'steps': [{'duration': 960, 'departure_time': 11520, 'arrival_time': 12480, 'day': 'current_day', 'from_stop_id': '64-3', 'to_stop_id': '91-3', 'trip_id': '5-1-14', 'agency_name': 'Unknown'}]}"
39,108,11610,intra,left,67,[39],[86; 96; 106; 110],0,0,1000,751,11610,11670.0,13110.0,13170.0,1440.0,0.0,39,86,3759.0,15369.0,pt,2311.0,13921.0,2311.0,"{'duration': 1440, 'source_transfer_time': 0, 'waiting_time': 360, 'trip_time': 1080, 'num_transfers': 0, 'departure_time': 11670, 'departure_day': 'current_day', 'arrival_time': 13110, 'arrival_day': 'current_day', 'steps': [{'duration': 1080, 'departure_time': 12030, 'arrival_time': 13110, 'day': 'current_day', 'from_stop_id': '39-5', 'to_stop_id': '86-5', 'trip_id': '8-0-15', 'agency_name': 'Unknown'}]}"
86,38,8700,intra,left,68,[86],[38],0,0,0,0,8700,8760.0,9750.0,9810.0,990.0,3.0,86,38,2631.0,11331.0,pt,1110.0,9810.0,1110.0,"{'duration': 990, 'source_transfer_time': 0, 'waiting_time': 30, 'trip_time': 960, 'num_transfers': 3, 'departure_time': 8760, 'departure_day': 'current_day', 'arrival_time': 9750, 'arrival_day': 'current_day', 'steps': [{'duration': 450, 'departure_time': 8790, 'arrival_time': 9240, 'day': 'current_day', 'from_stop_id': '86-5', 'to_stop_id': '119-5', 'trip_id': '8-1-10', 'agency_name': 'Unknown'}, {'duration': 30, 'departure_time': 9240, 'arrival_time': 9270, 'day': 'current_day', 'from_stop_id': '119-5', 'to_stop_id': '119-2', 'trip_id': 'walking', 'agency_name': 'Unknown'}, {'duration': 90, 'departure_time': 9270, 'arrival_time': 9360, 'day': 'current_day', 'from_stop_id': '119-2', 'to_stop_id': 'MH-L-2', 'trip_id': '2-0-10', 'agency_name': 'Unknown'}, {'duration': 210, 'departure_time': 9540, 'arrival_time': 9750, 'day': 'current_day', 'from_stop_id': 'MH-L-2', 'to_stop_id': '38-2', 'trip_id': '2-0-10', 'agency_name': 'Unknown'}]}"
100,63,9180,intra,left,69,[89; 99],[55; 64],500,375,500,375,9555,9615.0,10620.0,10680.0,1005.0,0.0,89,64,3007.0,12187.0,pt,1875.0,11055.0,1875.0,"{'duration': 1005, 'source_transfer_time': 0, 'waiting_time': 285, 'trip_time': 720, 'num_transfers': 0, 'departure_time': 9615, 'departure_day': 'current_day', 'arrival_time': 10620, 'arrival_day': 'current_day', 'steps': [{'duration': 720, 'departure_time': 9900, 'arrival_time': 10620, 'day': 'current_day', 'from_stop_id': '89-3', 'to_stop_id': '64-3', 'trip_id': '5-0-8', 'agency_name': 'Unknown'}]}"
24,66,10170,intra,left,70,[24],[66],0,0,0,0,10170,10230.0,11550.0,11610.0,1320.0,2.0,24,66,2255.0,12425.0,pt,1440.0,11610.0,1440.0,"{'duration': 1320, 'source_transfer_time': 0, 'waiting_time': 240, 'trip_time': 1080, 'num_transfers': 2, 'departure_time': 10230, 'departure_day': 'current_day', 'arrival_time': 11550, 'arrival_day': 'current_day', 'steps': [{'duration': 690, 'departure_time': 10470, 'arrival_time': 11160, 'day': 'current_day', 'from_stop_id': '24-4', 'to_stop_id': 'MH-L-4', 'trip_id': '7-0-13', 'agency_name': 'Unknown'}, {'duration': 30, 'departure_time': 11160, 'arrival_time': 11190, 'day': 'current_day', 'from_stop_id': 'MH-L-4', 'to_stop_id': 'MH-L-5', 'trip_id': 'walking', 'agency_name': 'Unknown'}, {'duration': 210, 'departure_time': 11340, 'arrival_time': 11550, 'day': 'current_day', 'from_stop_id': 'MH-L-5', 'to_stop_id': '66-5', 'trip_id': '8-0-13', 'agency_name': 'Unknown'}]}"
20,34,6570,intra,left,71,[20],[23; 35],0,0,500,375,6570,6630.0,8100.0,8160.0,1470.0,2.0,20,35,3759.0,10329.0,pt,1965.0,8535.0,1965.0,"{'duration': 1470, 'source_transfer_time': 0, 'waiting_time': 0, 'trip_time': 1470, 'num_transfers': 2, 'departure_time': 6630, 'departure_day': 'current_day', 'arrival_time': 8100, 'arrival_day': 'current_day', 'steps': [{'duration': 330, 'departure_time': 6630, 'arrival_time': 6960, 'day': 'current_day', 'from_stop_id': '20-5', 'to_stop_id': '29-5', 'trip_id': '8-0-7', 'agency_name': 'Unknown'}, {'duration': 30, 'departure_time': 6960, 'arrival_time': 6990, 'day': 'current_day', 'from_stop_id': '29-5', 'to_stop_id': '29-3', 'trip_id': 'walking', 'agency_name': 'Unknown'}, {'duration': 720, 'departure_time': 7380, 'arrival_time': 8100, 'day': 'current_day', 'from_stop_id': '29-3', 'to_stop_id': '35-3', 'trip_id': '5-1-4', 'agency_name': 'Unknown'}]}"
107,41,5460,intra,left,72,[96; 106],[41],500,375,0,0,5835,5895.0,7710.0,7770.0,1815.0,2.0,96,41,4887.0,10347.0,pt,2310.0,7770.0,2310.0,"{'duration': 1815, 'source_transfer_time': 0, 'waiting_time': 255, 'trip_time': 1560, 'num_transfers': 2, 'departure_time': 5895, 'departure_day': 'current_day', 'arrival_time': 7710, 'arrival_day': 'current_day', 'steps': [{'duration': 90, 'departure_time': 6150, 'arrival_time': 6240, 'day': 'current_day', 'from_stop_id': '96-5', 'to_stop_id': '85-5', 'trip_id': '8-1-6', 'agency_name': 'Unknown'}, {'duration': 30, 'departure_time': 6240, 'arrival_time': 6270, 'day': 'current_day', 'from_stop_id': '85-5', 'to_stop_id': '85-3', 'trip_id': 'walking', 'agency_name': 'Unknown'}, {'duration': 1350, 'departure_time': 6360, 'arrival_time': 7710, 'day': 'current_day', 'from_stop_id': '85-3', 'to_stop_id': '41-3', 'trip_id': '5-1-5', 'agency_name': 'Unknown'}]}"
110,63,8880,intra,left,73,[110],[55; 64],0,0,500,375,8880,8940.0,10620.0,10680.0,1680.0,2.0,110,55,3007.0,11887.0,pt,2175.0,11055.0,2175.0,"{'duration': 1680, 'source_transfer_time': 0, 'waiting_time': 420, 'trip_time': 1260, 'num_transfers': 2, 'departure_time': 8940, 'departure_day': 'current_day', 'arrival_time': 10620, 'arrival_day': 'current_day', 'steps': [{'duration': 600, 'departure_time': 9360, 'arrival_time': 9960, 'day': 'current_day', 'from_stop_id': '110-2', 'to_stop_id': 'MH-L-2', 'trip_id': '2-0-11', 'agency_name': 'Unknown'}, {'duration': 30, 'departure_time': 9960, 'arrival_time': 9990, 'day': 'current_day', 'from_stop_id': 'MH-L-2', 'to_stop_id': 'MH-L-1', 'trip_id': 'walking', 'agency_name': 'Unknown'}, {'duration': 480, 'departure_time': 10140, 'arrival_time': 10620, 'day': 'current_day', 'from_stop_id': 'MH-L-1', 'to_stop_id': '55-1', 'trip_id': '1-1-11', 'agency_name': 'Unknown'}]}"
39,86,10350,intra,left,74,[39],[86],0,0,0,0,10350,10410.0,11910.0,11970.0,1500.0,0.0,39,86,3007.0,13357.0,pt,1620.0,11970.0,1620.0,"{'duration': 1500, 'source_transfer_time': 0, 'waiting_time': 420, 'trip_time': 1080, 'num_transfers': 0, 'departure_time': 10410, 'departure_day': 'current_day', 'arrival_time': 11910, 'arrival_day': 'current_day', 'steps': [{'duration': 1080, 'departure_time': 10830, 'arrival_time': 11910, 'day': 'current_day', 'from_stop_id': '39-5', 'to_stop_id': '86-5', 'trip_id': '8-0-13', 'agency_name': 'Unknown'}]}"
58,24,10200,intra,left,75,[58],[24],0,0,0,0,10200,10260.0,11430.0,11490.0,1170.0,2.0,58,24,3007.0,13207.0,pt,1290.0,11490.0,1290.0,"{'duration': 1170, 'source_transfer_time': 0, 'waiting_time': 90, 'trip_time': 1080, 'num_transfers': 2, 'departure_time': 10260, 'departure_day': 'current_day', 'arrival_time': 11430, 'arrival_day': 'current_day', 'steps': [{'duration': 90, 'departure_time': 10350, 'arrival_time': 10440, 'day': 'current_day', 'from_stop_id': '58-1', 'to_stop_id': '118-1', 'trip_id': '1-1-12', 'agency_name': 'Unknown'}, {'duration': 30, 'departure_time': 10440, 'arrival_time': 10470, 'day': 'current_day', 'from_stop_id': '118-1', 'to_stop_id': '118-4', 'trip_id': 'walking', 'agency_name': 'Unknown'}, {'duration': 960, 'departure_time': 10470, 'arrival_time': 11430, 'day': 'current_day', 'from_stop_id': '118-4', 'to_stop_id': '24-4', 'trip_id': '7-1-12', 'agency_name': 'Unknown'}]}"
13,29,11340,intra,left,76,[12; 24],[29],500,375,0,0,11715,11775.0,12960.0,13020.0,1185.0,2.0,12,29,2255.0,13595.0,pt,1680.0,13020.0,1680.0,"{'duration': 1185, 'source_transfer_time': 0, 'waiting_time': 255, 'trip_time': 930, 'num_transfers': 2, 'departure_time': 11775, 'departure_day': 'current_day', 'arrival_time': 12960, 'arrival_day': 'current_day', 'steps': [{'duration': 210, 'departure_time': 12030, 'arrival_time': 12240, 'day': 'current_day', 'from_stop_id': '12-4', 'to_stop_id': '24-4', 'trip_id': '7-0-16', 'agency_name': 'Unknown'}, {'duration': 30, 'departure_time': 12240, 'arrival_time': 12270, 'day': 'current_day', 'from_stop_id': '24-4', 'to_stop_id': '24-3', 'trip_id': 'walking', 'agency_name': 'Unknown'}, {'duration': 600, 'departure_time': 12360, 'arrival_time': 12960, 'day': 'current_day', 'from_stop_id': '24-3', 'to_stop_id': '29-3', 'trip_id': '5-0-15', 'agency_name': 'Unknown'}]}"
82,11,13800,intra,left,77,[61; 80; 92; 104],[11],1000,751,0,0,14551,14611.0,16590.0,16650.0,1979.0,2.0,61,11,6015.0,19815.0,pt,2850.0,16650.0,2850.0,"{'duration': 1979, 'source_transfer_time': 0, 'waiting_time': 149, 'trip_time': 1830, 'num_transfers': 2, 'departure_time': 14611, 'departure_day': 'current_day', 'arrival_time': 16590, 'arrival_day': 'current_day', 'steps': [{'duration': 480, 'departure_time': 14760, 'arrival_time': 15240, 'day': 'current_day', 'from_stop_id': '61-1', 'to_stop_id': '118-1', 'trip_id': '1-1-20', 'agency_name': 'Unknown'}, {'duration': 30, 'departure_time': 15240, 'arrival_time': 15270, 'day': 'current_day', 'from_stop_id': '118-1', 'to_stop_id': '118-4', 'trip_id': 'walking', 'agency_name': 'Unknown'}, {'duration': 1320, 'departure_time': 15270, 'arrival_time': 16590, 'day': 'current_day', 'from_stop_id': '118-4', 'to_stop_id': '11-4', 'trip_id': '7-1-20', 'agency_name': 'Unknown'}]}"
106,58,6720,intra,left,78,[106],[58],0,0,0,0,6720,6780.0,8550.0,8610.0,1770.0,2.0,106,58,4135.0,10855.0,pt,1890.0,8610.0,1890.0,"{'duration': 1770, 'source_transfer_time': 0, 'waiting_time': 330, 'trip_time': 1440, 'num_transfers': 2, 'departure_time': 6780, 'departure_day': 'current_day', 'arrival_time': 8550, 'arrival_day': 'current_day', 'steps': [{'duration': 1050, 'departure_time': 7110, 'arrival_time': 8160, 'day': 'current_day', 'from_stop_id': '106-5', 'to_stop_id': 'MH-L-5', 'trip_id': '8-1-8', 'agency_name': 'Unknown'}, {'duration': 30, 'departure_time': 8160, 'arrival_time': 8190, 'day': 'current_day', 'from_stop_id': 'MH-L-5', 'to_stop_id': 'MH-L-1', 'trip_id': 'walking', 'agency_name': 'Unknown'}, {'duration': 210, 'departure_time': 8340, 'arrival_time': 8550, 'day': 'current_day', 'from_stop_id': 'MH-L-1', 'to_stop_id': '58-1', 'trip_id': '1-0-8', 'agency_name': 'Unknown'}]}"
39,33,8070,intra,left,79,[39],[11; 23; 35; 54],0,0,1000,751,8070,8130.0,9510.0,9570.0,1380.0,2.0,39,35,2255.0,10325.0,pt,2251.0,10321.0,2251.0,"{'duration': 1380, 'source_transfer_time': 0, 'waiting_time': 300, 'trip_time': 1080, 'num_transfers': 2, 'departure_time': 8130, 'departure_day': 'current_day', 'arrival_time': 9510, 'arrival_day': 'current_day', 'steps': [{'duration': 330, 'departure_time': 8430, 'arrival_time': 8760, 'day': 'current_day', 'from_stop_id': '39-5', 'to_stop_id': 'MH-L-5', 'trip_id': '8-0-9', 'agency_name': 'Unknown'}, {'duration': 30, 'departure_time': 8760, 'arrival_time': 8790, 'day': 'current_day', 'from_stop_id': 'MH-L-5', 'to_stop_id': 'MH-L-4', 'trip_id': 'walking', 'agency_name': 'Unknown'}, {'duration': 570, 'departure_time': 8940, 'arrival_time': 9510, 'day': 'current_day', 'from_stop_id': 'MH-L-4', 'to_stop_id': '35-4', 'trip_id': '7-1-9', 'agency_name': 'Unknown'}]}"
31,102,4230,intra,left,80,[20; 30],[91; 103],500,375,500,375,4605,4665.0,5430.0,5490.0,765.0,0.0,30,91,3007.0,7237.0,pt,1635.0,5865.0,1635.0,"{'duration': 765, 'source_transfer_time': 0, 'waiting_time': 45, 'trip_time': 720, 'num_transfers': 0, 'departure_time': 4665, 'departure_day': 'current_day', 'arrival_time': 5430, 'arrival_day': 'current_day', 'steps': [{'duration': 720, 'departure_time': 4710, 'arrival_time': 5430, 'day': 'current_day', 'from_stop_id': '30-3', 'to_stop_id': '91-3', 'trip_id': '5-0-1', 'agency_name': 'Unknown'}]}"
53,105,4290,intra,left,81,[61],[105],500,375,0,0,4665,4725.0,7110.0,7170.0,2385.0,2.0,61,105,6015.0,10305.0,pt,2880.0,7170.0,2880.0,"{'duration': 2385, 'source_transfer_time': 0, 'waiting_time': 435, 'trip_time': 1950, 'num_transfers': 2, 'departure_time': 4725, 'departure_day': 'current_day', 'arrival_time': 7110, 'arrival_day': 'current_day', 'steps': [{'duration': 600, 'departure_time': 5160, 'arrival_time': 5760, 'day': 'current_day', 'from_stop_id': '61-1', 'to_stop_id': 'MH-L-1', 'trip_id': '1-1-4', 'agency_name': 'Unknown'}, {'duration': 30, 'departure_time': 5760, 'arrival_time': 5790, 'day': 'current_day', 'from_stop_id': 'MH-L-1', 'to_stop_id': 'MH-L-5', 'trip_id': 'walking', 'agency_name': 'Unknown'}, {'duration': 1170, 'departure_time': 5940, 'arrival_time': 7110, 'day': 'current_day', 'from_stop_id': 'MH-L-5', 'to_stop_id': '105-5', 'trip_id': '8-0-4', 'agency_name': 'Unknown'}]}"
59,96,5160,intra,left,82,[59],[96],0,0,0,0,5160,5220.0,6750.0,6810.0,1530.0,2.0,59,96,3759.0,8919.0,pt,1650.0,6810.0,1650.0,"{'duration': 1530, 'source_transfer_time': 0, 'waiting_time': 210, 'trip_time': 1320, 'num_transfers': 2, 'departure_time': 5220, 'departure_day': 'current_day', 'arrival_time': 6750, 'arrival_day': 'current_day', 'steps': [{'duration': 330, 'departure_time': 5430, 'arrival_time': 5760, 'day': 'current_day', 'from_stop_id': '59-1', 'to_stop_id': 'MH-L-1', 'trip_id': '1-1-4', 'agency_name': 'Unknown'}, {'duration': 30, 'departure_time': 5760, 'arrival_time': 5790, 'day': 'current_day', 'from_stop_id': 'MH-L-1', 'to_stop_id': 'MH-L-5', 'trip_id': 'walking', 'agency_name': 'Unknown'}, {'duration': 810, 'departure_time': 5940, 'arrival_time': 6750, 'day': 'current_day', 'from_stop_id': 'MH-L-5', 'to_stop_id': '96-5', 'trip_id': '8-0-4', 'agency_name': 'Unknown'}]}"
34,7,5010,intra,left,83,[23; 35],[5; 9; 19; 29],500,375,1000,751,5385,5445.0,6360.0,6420.0,915.0,2.0,23,29,3383.0,8393.0,pt,2161.0,7171.0,2161.0,"{'duration': 915, 'source_transfer_time': 0, 'waiting_time': 105, 'trip_time': 810, 'num_transfers': 2, 'departure_time': 5445, 'departure_day': 'current_day', 'arrival_time': 6360, 'arrival_day': 'current_day', 'steps': [{'duration': 90, 'departure_time': 5550, 'arrival_time': 5640, 'day': 'current_day', 'from_stop_id': '23-4', 'to_stop_id': '24-4', 'trip_id': '7-0-5', 'agency_name': 'Unknown'}, {'duration': 30, 'departure_time': 5640, 'arrival_time': 5670, 'day': 'current_day', 'from_stop_id': '24-4', 'to_stop_id': '24-3', 'trip_id': 'walking', 'agency_name': 'Unknown'}, {'duration': 600, 'departure_time': 5760, 'arrival_time': 6360, 'day': 'current_day', 'from_stop_id': '24-3', 'to_stop_id': '29-3', 'trip_id': '5-0-4', 'agency_name': 'Unknown'}]}"
101,46,5940,intra,left,84,[90],[46],500,375,0,0,6315,6375.0,7890.0,7950.0,1515.0,1.0,90,46,3759.0,9699.0,pt,2010.0,7950.0,2010.0,"{'duration': 1515, 'source_transfer_time': 0, 'waiting_time': 405, 'trip_time': 1110, 'num_transfers': 1, 'departure_time': 6375, 'departure_day': 'current_day', 'arrival_time': 7890, 'arrival_day': 'current_day', 'steps': [{'duration': 960, 'departure_time': 6780, 'arrival_time': 7740, 'day': 'current_day', 'from_stop_id': '90-3', 'to_stop_id': '56-3', 'trip_id': '5-0-3', 'agency_name': 'Unknown'}, {'duration': 90, 'departure_time': 7800, 'arrival_time': 7890, 'day': 'current_day', 'from_stop_id': '56-3', 'to_stop_id': '46-3', 'trip_id': '5-0-8', 'agency_name': 'Unknown'}]}"
40,106,9540,intra,left,85,[40],[106],0,0,0,0,9540,9600.0,11790.0,11850.0,2190.0,0.0,40,106,4887.0,14427.0,pt,2310.0,11850.0,2310.0,"{'duration': 2190, 'source_transfer_time': 0, 'waiting_time': 510, 'trip_time': 1680, 'num_transfers': 0, 'departure_time': 9600, 'departure_day': 'current_day', 'arrival_time': 11790, 'arrival_day': 'current_day', 'steps': [{'duration': 1680, 'departure_time': 10110, 'arrival_time': 11790, 'day': 'current_day', 'from_stop_id': '40-5', 'to_stop_id': '106-5', 'trip_id': '8-0-12', 'agency_name': 'Unknown'}]}"
5,106,11610,intra,left,86,[5],[106],0,0,0,0,11610,11670.0,13590.0,13650.0,1920.0,3.0,5,106,5263.0,16873.0,pt,2040.0,13650.0,2040.0,"{'duration': 1920, 'source_transfer_time': 0, 'waiting_time': 90, 'trip_time': 1830, 'num_transfers': 3, 'departure_time': 11670, 'departure_day': 'current_day', 'arrival_time': 13590, 'arrival_day': 'current_day', 'steps': [{'duration': 480, 'departure_time': 11760, 'arrival_time': 12240, 'day': 'current_day', 'from_stop_id': '5-2', 'to_stop_id': '116-2', 'trip_id': '2-1-15', 'agency_name': 'Unknown'}, {'duration': 30, 'departure_time': 12240, 'arrival_time': 12270, 'day': 'current_day', 'from_stop_id': '116-2', 'to_stop_id': '116-5', 'trip_id': 'walking', 'agency_name': 'Unknown'}, {'duration': 360, 'departure_time': 12270, 'arrival_time': 12630, 'day': 'current_day', 'from_stop_id': '116-5', 'to_stop_id': '119-5', 'trip_id': '8-0-15', 'agency_name': 'Unknown'}, {'duration': 930, 'departure_time': 12660, 'arrival_time': 13590, 'day': 'current_day', 'from_stop_id': '119-5', 'to_stop_id': '106-5', 'trip_id': '8-0-15', 'agency_name': 'Unknown'}]}"
42,11,3630,intra,left,87,[41],[11],500,375,0,0,4005,4065.0,5790.0,5850.0,1725.0,2.0,41,11,4135.0,7765.0,pt,2220.0,5850.0,2220.0,"{'duration': 1725, 'source_transfer_time': 0, 'waiting_time': 75, 'trip_time': 1650, 'num_transfers': 2, 'departure_time': 4065, 'departure_day': 'current_day', 'arrival_time': 5790, 'arrival_day': 'current_day', 'steps': [{'duration': 960, 'departure_time': 4140, 'arrival_time': 5100, 'day': 'current_day', 'from_stop_id': '41-3', 'to_stop_id': '35-3', 'trip_id': '5-1-43', 'agency_name': 'Unknown'}, {'duration': 30, 'departure_time': 5100, 'arrival_time': 5130, 'day': 'current_day', 'from_stop_id': '35-3', 'to_stop_id': '35-4', 'trip_id': 'walking', 'agency_name': 'Unknown'}, {'duration': 450, 'departure_time': 5340, 'arrival_time': 5790, 'day': 'current_day', 'from_stop_id': '35-4', 'to_stop_id': '11-4', 'trip_id': '7-1-2', 'agency_name': 'Unknown'}]}"
7,114,6480,intra,left,88,[5; 9; 19; 29],[103; 115],1000,751,500,375,7231,7291.0,8670.0,8730.0,1379.0,4.0,19,103,4511.0,10991.0,pt,2625.0,9105.0,2625.0,"{'duration': 1379, 'source_transfer_time': 0, 'waiting_time': 59, 'trip_time': 1320, 'num_transfers': 4, 'departure_time': 7291, 'departure_day': 'current_day', 'arrival_time': 8670, 'arrival_day': 'current_day', 'steps': [{'duration': 210, 'departure_time': 7350, 'arrival_time': 7560, 'day': 'current_day', 'from_stop_id': '19-5', 'to_stop_id': '29-5', 'trip_id': '8-0-8', 'agency_name': 'Unknown'}, {'duration': 30, 'departure_time': 7560, 'arrival_time': 7590, 'day': 'current_day', 'from_stop_id': '29-5', 'to_stop_id': '29-3', 'trip_id': 'walking', 'agency_name': 'Unknown'}, {'duration': 720, 'departure_time': 7590, 'arrival_time': 8310, 'day': 'current_day', 'from_stop_id': '29-3', 'to_stop_id': '80-3', 'trip_id': '5-0-6', 'agency_name': 'Unknown'}, {'duration': 30, 'departure_time': 8310, 'arrival_time': 8340, 'day': 'current_day', 'from_stop_id': '80-3', 'to_stop_id': '80-4', 'trip_id': 'walking', 'agency_name': 'Unknown'}, {'duration': 330, 'departure_time': 8340, 'arrival_time': 8670, 'day': 'current_day', 'from_stop_id': '80-4', 'to_stop_id': '103-4', 'trip_id': '7-0-7', 'agency_name': 'Unknown'}]}"
69,63,7590,intra,left,89,[69],[55; 64],0,0,500,375,7590,7650.0,9420.0,9480.0,1770.0,2.0,69,55,2631.0,10221.0,pt,2265.0,9855.0,2265.0,"{'duration': 1770, 'source_transfer_time': 0, 'waiting_time': 300, 'trip_time': 1470, 'num_transfers': 2, 'departure_time': 7650, 'departure_day': 'current_day', 'arrival_time': 9420, 'arrival_day': 'current_day', 'steps': [{'duration': 90, 'departure_time': 7950, 'arrival_time': 8040, 'day': 'current_day', 'from_stop_id': '69-3', 'to_stop_id': '59-3', 'trip_id': '5-1-6', 'agency_name': 'Unknown'}, {'duration': 30, 'departure_time': 8040, 'arrival_time': 8070, 'day': 'current_day', 'from_stop_id': '59-3', 'to_stop_id': '59-1', 'trip_id': 'walking', 'agency_name': 'Unknown'}, {'duration': 990, 'departure_time': 8430, 'arrival_time': 9420, 'day': 'current_day', 'from_stop_id': '59-1', 'to_stop_id': '55-1', 'trip_id': '1-1-9', 'agency_name': 'Unknown'}]}"
8,45,13500,intra,left,90,[9; 19],[46; 55],500,375,500,375,13875,13935.0,15420.0,15480.0,1485.0,2.0,19,46,4135.0,17635.0,pt,2355.0,15855.0,2355.0,"{'duration': 1485, 'source_transfer_time': 0, 'waiting_time': 15, 'trip_time': 1470, 'num_transfers': 2, 'departure_time': 13935, 'departure_day': 'current_day', 'arrival_time': 15420, 'arrival_day': 'current_day', 'steps': [{'duration': 210, 'departure_time': 13950, 'arrival_time': 14160, 'day': 'current_day', 'from_stop_id': '19-5', 'to_stop_id': '29-5', 'trip_id': '8-0-19', 'agency_name': 'Unknown'}, {'duration': 30, 'departure_time': 14160, 'arrival_time': 14190, 'day': 'current_day', 'from_stop_id': '29-5', 'to_stop_id': '29-3', 'trip_id': 'walking', 'agency_name': 'Unknown'}, {'duration': 840, 'departure_time': 14580, 'arrival_time': 15420, 'day': 'current_day', 'from_stop_id': '29-3', 'to_stop_id': '46-3', 'trip_id': '5-1-16', 'agency_name': 'Unknown'}]}"
39,105,9420,intra,left,91,[39],[105],0,0,0,0,9420,9480.0,11310.0,11370.0,1830.0,0.0,39,105,4887.0,14307.0,pt,1950.0,11370.0,1950.0,"{'duration': 1830, 'source_transfer_time': 0, 'waiting_time': 150, 'trip_time': 1680, 'num_transfers': 0, 'departure_time': 9480, 'departure_day': 'current_day', 'arrival_time': 11310, 'arrival_day': 'current_day', 'steps': [{'duration': 1680, 'departure_time': 9630, 'arrival_time': 11310, 'day': 'current_day', 'from_stop_id': '39-5', 'to_stop_id': '105-5', 'trip_id': '8-0-11', 'agency_name': 'Unknown'}]}"
42,22,9870,intra,left,92,[41],[11; 23],500,375,500,375,10245,10305.0,12150.0,12210.0,1845.0,2.0,41,23,3759.0,13629.0,pt,2715.0,12585.0,2715.0,"{'duration': 1845, 'source_transfer_time': 0, 'waiting_time': 435, 'trip_time': 1410, 'num_transfers': 2, 'departure_time': 10305, 'departure_day': 'current_day', 'arrival_time': 12150, 'arrival_day': 'current_day', 'steps': [{'duration': 960, 'departure_time': 10740, 'arrival_time': 11700, 'day': 'current_day', 'from_stop_id': '41-3', 'to_stop_id': '35-3', 'trip_id': '5-1-10', 'agency_name': 'Unknown'}, {'duration': 30, 'departure_time': 11700, 'arrival_time': 11730, 'day': 'current_day', 'from_stop_id': '35-3', 'to_stop_id': '35-4', 'trip_id': 'walking', 'agency_name': 'Unknown'}, {'duration': 210, 'departure_time': 11940, 'arrival_time': 12150, 'day': 'current_day', 'from_stop_id': '35-4', 'to_stop_id': '23-4', 'trip_id': '7-1-13', 'agency_name': 'Unknown'}]}"
50,83,13590,intra,left,93,[40; 49; 51; 58],[85; 95; 105],500,375,1000,751,13965,14025.0,15630.0,15690.0,1605.0,0.0,40,85,4135.0,17725.0,pt,2851.0,16441.0,2851.0,"{'duration': 1605, 'source_transfer_time': 0, 'waiting_time': 285, 'trip_time': 1320, 'num_transfers': 0, 'departure_time': 14025, 'departure_day': 'current_day', 'arrival_time': 15630, 'arrival_day': 'current_day', 'steps': [{'duration': 1320, 'departure_time': 14310, 'arrival_time': 15630, 'day': 'current_day', 'from_stop_id': '40-5', 'to_stop_id': '85-5', 'trip_id': '8-0-19', 'agency_name': 'Unknown'}]}"
96,69,6600,intra,left,94,[96],[69],0,0,0,0,6600,6660.0,7920.0,7980.0,1260.0,2.0,96,69,3383.0,9983.0,pt,1380.0,7980.0,1380.0,"{'duration': 1260, 'source_transfer_time': 0, 'waiting_time': 90, 'trip_time': 1170, 'num_transfers': 2, 'departure_time': 6660, 'departure_day': 'current_day', 'arrival_time': 7920, 'arrival_day': 'current_day', 'steps': [{'duration': 90, 'departure_time': 6750, 'arrival_time': 6840, 'day': 'current_day', 'from_stop_id': '96-5', 'to_stop_id': '85-5', 'trip_id': '8-1-7', 'agency_name': 'Unknown'}, {'duration': 30, 'departure_time': 6840, 'arrival_time': 6870, 'day': 'current_day', 'from_stop_id': '85-5', 'to_stop_id': '85-3', 'trip_id': 'walking', 'agency_name': 'Unknown'}, {'duration': 960, 'departure_time': 6960, 'arrival_time': 7920, 'day': 'current_day', 'from_stop_id': '85-3', 'to_stop_id': '69-3', 'trip_id': '5-1-6', 'agency_name': 'Unknown'}]}"
44,99,11880,intra,left,95,[54],[99],500,375,0,0,12255,12315.0,13620.0,13680.0,1305.0,2.0,54,99,3759.0,15639.0,pt,1800.0,13680.0,1800.0,"{'duration': 1305, 'source_transfer_time': 0, 'waiting_time': 45, 'trip_time': 1260, 'num_transfers': 2, 'departure_time': 12315, 'departure_day': 'current_day', 'arrival_time': 13620, 'arrival_day': 'current_day', 'steps': [{'duration': 600, 'departure_time': 12360, 'arrival_time': 12960, 'day': 'current_day', 'from_stop_id': '54-1', 'to_stop_id': 'MH-L-1', 'trip_id': '1-0-16', 'agency_name': 'Unknown'}, {'duration': 30, 'departure_time': 12960, 'arrival_time': 12990, 'day': 'current_day', 'from_stop_id': 'MH-L-1', 'to_stop_id': 'MH-L-2', 'trip_id': 'walking', 'agency_name': 'Unknown'}, {'duration': 480, 'departure_time': 13140, 'arrival_time': 13620, 'day': 'current_day', 'from_stop_id': 'MH-L-2', 'to_stop_id': '99-2', 'trip_id': '2-1-16', 'agency_name': 'Unknown'}]}"
16,84,12750,intra,left,96,[16],[85; 95],0,0,500,375,12750,12810.0,14430.0,14490.0,1620.0,3.0,16,85,4135.0,16885.0,pt,2115.0,14865.0,2115.0,"{'duration': 1620, 'source_transfer_time': 0, 'waiting_time': 270, 'trip_time': 1350, 'num_transfers': 3, 'departure_time': 12810, 'departure_day': 'current_day', 'arrival_time': 14430, 'arrival_day': 'current_day', 'steps': [{'duration': 360, 'departure_time': 13080, 'arrival_time': 13440, 'day': 'current_day', 'from_stop_id': '16-2', 'to_stop_id': '116-2', 'trip_id': '2-1-17', 'agency_name': 'Unknown'}, {'duration': 30, 'departure_time': 13440, 'arrival_time': 13470, 'day': 'current_day', 'from_stop_id': '116-2', 'to_stop_id': '116-5', 'trip_id': 'walking', 'agency_name': 'Unknown'}, {'duration': 360, 'departure_time': 13470, 'arrival_time': 13830, 'day': 'current_day', 'from_stop_id': '116-5', 'to_stop_id': '119-5', 'trip_id': '8-0-17', 'agency_name': 'Unknown'}, {'duration': 570, 'departure_time': 13860, 'arrival_time': 14430, 'day': 'current_day', 'from_stop_id': '119-5', 'to_stop_id': '85-5', 'trip_id': '8-0-17', 'agency_name': 'Unknown'}]}"
72,82,12090,intra,left,97,[54; 74],[61; 80; 92; 104],1000,751,1000,751,12841,12901.0,14310.0,14370.0,1409.0,2.0,54,80,3759.0,15849.0,pt,3031.0,15121.0,3031.0,"{'duration': 1409, 'source_transfer_time': 0, 'waiting_time': 59, 'trip_time': 1350, 'num_transfers': 2, 'departure_time': 12901, 'departure_day': 'current_day', 'arrival_time': 14310, 'arrival_day': 'current_day', 'steps': [{'duration': 1110, 'departure_time': 12960, 'arrival_time': 14070, 'day': 'current_day', 'from_stop_id': '54-1', 'to_stop_id': '59-1', 'trip_id': '1-0-17', 'agency_name': 'Unknown'}, {'duration': 30, 'departure_time': 14070, 'arrival_time': 14100, 'day': 'current_day', 'from_stop_id': '59-1', 'to_stop_id': '59-3', 'trip_id': 'walking', 'agency_name': 'Unknown'}, {'duration': 210, 'departure_time': 14100, 'arrival_time': 14310, 'day': 'current_day', 'from_stop_id': '59-3', 'to_stop_id': '80-3', 'trip_id': '5-0-16', 'agency_name': 'Unknown'}]}"
5,84,5400,intra,left,98,[5],[85; 95],0,0,500,375,5400,5460.0,7230.0,7290.0,1770.0,3.0,5,85,4511.0,9911.0,pt,2265.0,7665.0,2265.0,"{'duration': 1770, 'source_transfer_time': 0, 'waiting_time': 300, 'trip_time': 1470, 'num_transfers': 3, 'departure_time': 5460, 'departure_day': 'current_day', 'arrival_time': 7230, 'arrival_day': 'current_day', 'steps': [{'duration': 480, 'departure_time': 5760, 'arrival_time': 6240, 'day': 'current_day', 'from_stop_id': '5-2', 'to_stop_id': '116-2', 'trip_id': '2-1-5', 'agency_name': 'Unknown'}, {'duration': 30, 'departure_time': 6240, 'arrival_time': 6270, 'day': 'current_day', 'from_stop_id': '116-2', 'to_stop_id': '116-5', 'trip_id': 'walking', 'agency_name': 'Unknown'}, {'duration': 360, 'departure_time': 6270, 'arrival_time': 6630, 'day': 'current_day', 'from_stop_id': '116-5', 'to_stop_id': '119-5', 'trip_id': '8-0-5', 'agency_name': 'Unknown'}, {'duration': 570, 'departure_time': 6660, 'arrival_time': 7230, 'day': 'current_day', 'from_stop_id': '119-5', 'to_stop_id': '85-5', 'trip_id': '8-0-5', 'agency_name': 'Unknown'}]}"
27,79,9090,intra,left,99,[27],[79],0,0,0,0,9090,9150.0,10590.0,10650.0,1440.0,2.0,27,79,2631.0,11721.0,pt,1560.0,10650.0,1560.0,"{'duration': 1440, 'source_transfer_time': 0, 'waiting_time': 480, 'trip_time': 960, 'num_transfers': 2, 'departure_time': 9150, 'departure_day': 'current_day', 'arrival_time': 10590, 'arrival_day': 'current_day', 'steps': [{'duration': 330, 'departure_time': 9630, 'arrival_time': 9960, 'day': 'current_day', 'from_stop_id': '27-2', 'to_stop_id': 'MH-L-2', 'trip_id': '2-1-11', 'agency_name': 'Unknown'}, {'duration': 30, 'departure_time': 9960, 'arrival_time': 9990, 'day': 'current_day', 'from_stop_id': 'MH-L-2', 'to_stop_id': 'MH-L-4', 'trip_id': 'walking', 'agency_name': 'Unknown'}, {'duration': 450, 'departure_time': 10140, 'arrival_time': 10590, 'day': 'current_day', 'from_stop_id': 'MH-L-4', 'to_stop_id': '79-4', 'trip_id': '7-0-11', 'agency_name': 'Unknown'}]}"
106,23,13770,intra,left,100,[106],[23],0,0,0,0,13770,13830.0,16350.0,16410.0,2520.0,2.0,106,23,3007.0,16777.0,pt,2640.0,16410.0,2640.0,"{'duration': 2520, 'source_transfer_time': 0, 'waiting_time': 480, 'trip_time': 2040, 'num_transfers': 2, 'departure_time': 13830, 'departure_day': 'current_day', 'arrival_time': 16350, 'arrival_day': 'current_day', 'steps': [{'duration': 1050, 'departure_time': 14310, 'arrival_time': 15360, 'day': 'current_day', 'from_stop_id': '106-5', 'to_stop_id': 'MH-L-5', 'trip_id': '8-1-20', 'agency_name': 'Unknown'}, {'duration': 30, 'departure_time': 15360, 'arrival_time': 15390, 'day': 'current_day', 'from_stop_id': 'MH-L-5', 'to_stop_id': 'MH-L-4', 'trip_id': 'walking', 'agency_name': 'Unknown'}, {'duration': 810, 'departure_time': 15540, 'arrival_time': 16350, 'day': 'current_day', 'from_stop_id': 'MH-L-4', 'to_stop_id': '23-4', 'trip_id': '7-1-20', 'agency_name': 'Unknown'}]}"
98,116,14310,intra,left,101,[87; 99],[116],500,375,0,0,14685,14745.0,15630.0,15690.0,885.0,0.0,99,116,2255.0,16565.0,pt,1380.0,15690.0,1380.0,"{'duration': 885, 'source_transfer_time': 0, 'waiting_time': 135, 'trip_time': 750, 'num_transfers': 0, 'departure_time': 14745, 'departure_day': 'current_day', 'arrival_time': 15630, 'arrival_day': 'current_day', 'steps': [{'duration': 750, 'departure_time': 14880, 'arrival_time': 15630, 'day': 'current_day', 'from_stop_id': '99-2', 'to_stop_id': '116-2', 'trip_id': '2-0-20', 'agency_name': 'Unknown'}]}"
81,117,5220,intra,left,102,[80; 92],[117],500,375,0,0,5595,5655.0,6630.0,6690.0,975.0,0.0,80,117,2631.0,7851.0,pt,1470.0,6690.0,1470.0,"{'duration': 975, 'source_transfer_time': 0, 'waiting_time': 135, 'trip_time': 840, 'num_transfers': 0, 'departure_time': 5655, 'departure_day': 'current_day', 'arrival_time': 6630, 'arrival_day': 'current_day', 'steps': [{'duration': 840, 'departure_time': 5790, 'arrival_time': 6630, 'day': 'current_day', 'from_stop_id': '80-4', 'to_stop_id': '117-4', 'trip_id': '7-1-5', 'agency_name': 'Unknown'}]}"
108,58,14370,intra,left,103,[86; 96; 106; 110],[58],1000,751,0,0,15121,15181.0,16350.0,16410.0,1169.0,2.0,86,58,3383.0,17753.0,pt,2040.0,16410.0,2040.0,"{'duration': 1169, 'source_transfer_time': 0, 'waiting_time': 209, 'trip_time': 960, 'num_transfers': 2, 'departure_time': 15181, 'departure_day': 'current_day', 'arrival_time': 16350, 'arrival_day': 'current_day', 'steps': [{'duration': 570, 'departure_time': 15390, 'arrival_time': 15960, 'day': 'current_day', 'from_stop_id': '86-5', 'to_stop_id': 'MH-L-5', 'trip_id': '8-1-21', 'agency_name': 'Unknown'}, {'duration': 30, 'departure_time': 15960, 'arrival_time': 15990, 'day': 'current_day', 'from_stop_id': 'MH-L-5', 'to_stop_id': 'MH-L-1', 'trip_id': 'walking', 'agency_name': 'Unknown'}, {'duration': 210, 'departure_time': 16140, 'arrival_time': 16350, 'day': 'current_day', 'from_stop_id': 'MH-L-1', 'to_stop_id': '58-1', 'trip_id': '1-0-21', 'agency_name': 'Unknown'}]}"
116,19,11820,intra,left,104,[116],[19],0,0,0,0,11820,11880.0,12750.0,12810.0,870.0,0.0,116,19,2255.0,14075.0,pt,990.0,12810.0,990.0,"{'duration': 870, 'source_transfer_time': 0, 'waiting_time': 180, 'trip_time': 690, 'num_transfers': 0, 'departure_time': 11880, 'departure_day': 'current_day', 'arrival_time': 12750, 'arrival_day': 'current_day', 'steps': [{'duration': 690, 'departure_time': 12060, 'arrival_time': 12750, 'day': 'current_day', 'from_stop_id': '116-5', 'to_stop_id': '19-5', 'trip_id': '8-1-14', 'agency_name': 'Unknown'}]}"
71,26,8250,intra,left,105,[61],[26],500,375,0,0,8625,8685.0,10140.0,10200.0,1455.0,2.0,61,26,3759.0,12009.0,pt,1950.0,10200.0,1950.0,"{'duration': 1455, 'source_transfer_time': 0, 'waiting_time': 75, 'trip_time': 1380, 'num_transfers': 2, 'departure_time': 8685, 'departure_day': 'current_day', 'arrival_time': 10140, 'arrival_day': 'current_day', 'steps': [{'duration': 210, 'departure_time': 8760, 'arrival_time': 8970, 'day': 'current_day', 'from_stop_id': '61-1', 'to_stop_id': '59-1', 'trip_id': '1-1-10', 'agency_name': 'Unknown'}, {'duration': 30, 'departure_time': 8970, 'arrival_time': 9000, 'day': 'current_day', 'from_stop_id': '59-1', 'to_stop_id': '59-3', 'trip_id': 'walking', 'agency_name': 'Unknown'}, {'duration': 840, 'departure_time': 9300, 'arrival_time': 10140, 'day': 'current_day', 'from_stop_id': '59-3', 'to_stop_id': '26-3', 'trip_id': '5-1-8', 'agency_name': 'Unknown'}]}"
20,111,6750,intra,left,106,[20],[110],0,0,500,375,6750,6810.0,8940.0,9000.0,2130.0,4.0,20,110,4511.0,11261.0,pt,2625.0,9375.0,2625.0,"{'duration': 2130, 'source_transfer_time': 0, 'waiting_time': 420, 'trip_time': 1710, 'num_transfers': 4, 'departure_time': 6810, 'departure_day': 'current_day', 'arrival_time': 8940, 'arrival_day': 'current_day', 'steps': [{'duration': 810, 'departure_time': 7230, 'arrival_time': 8040, 'day': 'current_day', 'from_stop_id': '20-5', 'to_stop_id': '116-5', 'trip_id': '8-0-8', 'agency_name': 'Unknown'}, {'duration': 30, 'departure_time': 8040, 'arrival_time': 8070, 'day': 'current_day', 'from_stop_id': '116-5', 'to_stop_id': '116-2', 'trip_id': 'walking', 'agency_name': 'Unknown'}, {'duration': 90, 'departure_time': 8070, 'arrival_time': 8160, 'day': 'current_day', 'from_stop_id': '116-2', 'to_stop_id': 'MH-L-2', 'trip_id': '2-1-8', 'agency_name': 'Unknown'}, {'duration': 90, 'departure_time': 8340, 'arrival_time': 8430, 'day': 'current_day', 'from_stop_id': 'MH-L-2', 'to_stop_id': '119-2', 'trip_id': '2-1-8', 'agency_name': 'Unknown'}, {'duration': 480, 'departure_time': 8460, 'arrival_time': 8940, 'day': 'current_day', 'from_stop_id': '119-2', 'to_stop_id': '110-2', 'trip_id': '2-1-8', 'agency_name': 'Unknown'}]}"
26,80,12990,intra,left,107,[26],[80],0,0,0,0,12990,13050.0,14310.0,14370.0,1260.0,0.0,26,80,3383.0,16373.0,pt,1380.0,14370.0,1380.0,"{'duration': 1260, 'source_transfer_time': 0, 'waiting_time': 150, 'trip_time': 1110, 'num_transfers': 0, 'departure_time': 13050, 'departure_day': 'current_day', 'arrival_time': 14310, 'arrival_day': 'current_day', 'steps': [{'duration': 1110, 'departure_time': 13200, 'arrival_time': 14310, 'day': 'current_day', 'from_stop_id': '26-3', 'to_stop_id': '80-3', 'trip_id': '5-0-16', 'agency_name': 'Unknown'}]}"
116,108,4170,intra,left,108,[116],[86; 96; 106; 110],0,0,1000,751,4170,4230.0,5310.0,5370.0,1080.0,0.0,116,86,3007.0,7177.0,pt,1951.0,6121.0,1951.0,"{'duration': 1080, 'source_transfer_time': 0, 'waiting_time': 240, 'trip_time': 840, 'num_transfers': 0, 'departure_time': 4230, 'departure_day': 'current_day', 'arrival_time': 5310, 'arrival_day': 'current_day', 'steps': [{'duration': 840, 'departure_time': 4470, 'arrival_time': 5310, 'day': 'current_day', 'from_stop_id': '116-5', 'to_stop_id': '86-5', 'trip_id': '8-0-2', 'agency_name': 'Unknown'}]}"
52,73,8730,intra,left,109,[51; 60],[74],500,375,500,375,9105,9165.0,11010.0,11070.0,1845.0,1.0,51,74,4135.0,12865.0,pt,2715.0,11445.0,2715.0,"{'duration': 1845, 'source_transfer_time': 0, 'waiting_time': 255, 'trip_time': 1590, 'num_transfers': 1, 'departure_time': 9165, 'departure_day': 'current_day', 'arrival_time': 11010, 'arrival_day': 'current_day', 'steps': [{'duration': 1320, 'departure_time': 9420, 'arrival_time': 10740, 'day': 'current_day', 'from_stop_id': '51-3', 'to_stop_id': '56-3', 'trip_id': '5-1-8', 'agency_name': 'Unknown'}, {'duration': 210, 'departure_time': 10800, 'arrival_time': 11010, 'day': 'current_day', 'from_stop_id': '56-3', 'to_stop_id': '74-3', 'trip_id': '5-1-13', 'agency_name': 'Unknown'}]}"
26,107,5220,intra,left,110,[26],[96; 106],0,0,500,375,5220,5280.0,6750.0,6810.0,1470.0,3.0,26,96,3759.0,8979.0,pt,1965.0,7185.0,1965.0,"{'duration': 1470, 'source_transfer_time': 0, 'waiting_time': 90, 'trip_time': 1380, 'num_transfers': 3, 'departure_time': 5280, 'departure_day': 'current_day', 'arrival_time': 6750, 'arrival_day': 'current_day', 'steps': [{'duration': 570, 'departure_time': 5370, 'arrival_time': 5940, 'day': 'current_day', 'from_stop_id': '26-3', 'to_stop_id': '56-3', 'trip_id': '5-1-0', 'agency_name': 'Unknown'}, {'duration': 330, 'departure_time': 6000, 'arrival_time': 6330, 'day': 'current_day', 'from_stop_id': '56-3', 'to_stop_id': '85-3', 'trip_id': '5-1-5', 'agency_name': 'Unknown'}, {'duration': 30, 'departure_time': 6330, 'arrival_time': 6360, 'day': 'current_day', 'from_stop_id': '85-3', 'to_stop_id': '85-5', 'trip_id': 'walking', 'agency_name': 'Unknown'}, {'duration': 90, 'departure_time': 6660, 'arrival_time': 6750, 'day': 'current_day', 'from_stop_id': '85-5', 'to_stop_id': '96-5', 'trip_id': '8-0-4', 'agency_name': 'Unknown'}]}"
14,101,10050,intra,left,111,[25],[90],500,375,500,375,10425,10485.0,12150.0,12210.0,1665.0,0.0,25,90,4511.0,14561.0,pt,2535.0,12585.0,2535.0,"{'duration': 1665, 'source_transfer_time': 0, 'waiting_time': 195, 'trip_time': 1470, 'num_transfers': 0, 'departure_time': 10485, 'departure_day': 'current_day', 'arrival_time': 12150, 'arrival_day': 'current_day', 'steps': [{'duration': 1470, 'departure_time': 10680, 'arrival_time': 12150, 'day': 'current_day', 'from_stop_id': '25-3', 'to_stop_id': '90-3', 'trip_id': '5-0-12', 'agency_name': 'Unknown'}]}"
33,81,8910,intra,left,112,[11; 23; 35; 54],[80; 92],1000,751,500,375,9661,9721.0,11310.0,11370.0,1589.0,0.0,23,80,4887.0,13797.0,pt,2835.0,11745.0,2835.0,"{'duration': 1589, 'source_transfer_time': 0, 'waiting_time': 29, 'trip_time': 1560, 'num_transfers': 0, 'departure_time': 9721, 'departure_day': 'current_day', 'arrival_time': 11310, 'arrival_day': 'current_day', 'steps': [{'duration': 1560, 'departure_time': 9750, 'arrival_time': 11310, 'day': 'current_day', 'from_stop_id': '23-4', 'to_stop_id': '80-4', 'trip_id': '7-0-12', 'agency_name': 'Unknown'}]}"
86,39,8850,intra,left,113,[86],[39],0,0,0,0,8850,8910.0,10470.0,10530.0,1560.0,0.0,86,39,3007.0,11857.0,pt,1680.0,10530.0,1680.0,"{'duration': 1560, 'source_transfer_time': 0, 'waiting_time': 480, 'trip_time': 1080, 'num_transfers': 0, 'departure_time': 8910, 'departure_day': 'current_day', 'arrival_time': 10470, 'arrival_day': 'current_day', 'steps': [{'duration': 1080, 'departure_time': 9390, 'arrival_time': 10470, 'day': 'current_day', 'from_stop_id': '86-5', 'to_stop_id': '39-5', 'trip_id': '8-1-11', 'agency_name': 'Unknown'}]}"
115,107,5550,intra,left,114,[115],[96; 106],0,0,500,375,5550,5610.0,7950.0,8010.0,2340.0,2.0,115,96,3007.0,8557.0,pt,2835.0,8385.0,2835.0,"{'duration': 2340, 'source_transfer_time': 0, 'waiting_time': 180, 'trip_time': 2160, 'num_transfers': 2, 'departure_time': 5610, 'departure_day': 'current_day', 'arrival_time': 7950, 'arrival_day': 'current_day', 'steps': [{'duration': 1170, 'departure_time': 5790, 'arrival_time': 6960, 'day': 'current_day', 'from_stop_id': '115-4', 'to_stop_id': 'MH-L-4', 'trip_id': '7-1-6', 'agency_name': 'Unknown'}, {'duration': 30, 'departure_time': 6960, 'arrival_time': 6990, 'day': 'current_day', 'from_stop_id': 'MH-L-4', 'to_stop_id': 'MH-L-5', 'trip_id': 'walking', 'agency_name': 'Unknown'}, {'duration': 810, 'departure_time': 7140, 'arrival_time': 7950, 'day': 'current_day', 'from_stop_id': 'MH-L-5', 'to_stop_id': '96-5', 'trip_id': '8-0-6', 'agency_name': 'Unknown'}]}"
112,61,5310,intra,left,115,[90; 110],[61],1000,751,0,0,6061,6121.0,7140.0,7200.0,1019.0,2.0,90,61,3007.0,8317.0,pt,1890.0,7200.0,1890.0,"{'duration': 1019, 'source_transfer_time': 0, 'waiting_time': 269, 'trip_time': 750, 'num_transfers': 2, 'departure_time': 6121, 'departure_day': 'current_day', 'arrival_time': 7140, 'arrival_day': 'current_day', 'steps': [{'duration': 450, 'departure_time': 6390, 'arrival_time': 6840, 'day': 'current_day', 'from_stop_id': '90-3', 'to_stop_id': '59-3', 'trip_id': '5-1-4', 'agency_name': 'Unknown'}, {'duration': 30, 'departure_time': 6840, 'arrival_time': 6870, 'day': 'current_day', 'from_stop_id': '59-3', 'to_stop_id': '59-1', 'trip_id': 'walking', 'agency_name': 'Unknown'}, {'duration': 210, 'departure_time': 6930, 'arrival_time': 7140, 'day': 'current_day', 'from_stop_id': '59-1', 'to_stop_id': '61-1', 'trip_id': '1-0-5', 'agency_name': 'Unknown'}]}"
63,31,10140,intra,left,116,[55; 64],[20; 30],500,375,500,375,10515,10575.0,11880.0,11940.0,1305.0,2.0,55,30,4511.0,14651.0,pt,2175.0,12315.0,2175.0,"{'duration': 1305, 'source_transfer_time': 0, 'waiting_time': 105, 'trip_time': 1200, 'num_transfers': 2, 'departure_time': 10575, 'departure_day': 'current_day', 'arrival_time': 11880, 'arrival_day': 'current_day', 'steps': [{'duration': 90, 'departure_time': 10680, 'arrival_time': 10770, 'day': 'current_day', 'from_stop_id': '55-1', 'to_stop_id': '56-1', 'trip_id': '1-0-13', 'agency_name': 'Unknown'}, {'duration': 30, 'departure_time': 10770, 'arrival_time': 10800, 'day': 'current_day', 'from_stop_id': '56-1', 'to_stop_id': '56-3', 'trip_id': 'walking', 'agency_name': 'Unknown'}, {'duration': 1080, 'departure_time': 10800, 'arrival_time': 11880, 'day': 'current_day', 'from_stop_id': '56-3', 'to_stop_id': '30-3', 'trip_id': '5-0-13', 'agency_name': 'Unknown'}]}"
4,75,12990,intra,left,117,[5],[75],500,375,0,0,13365,13425.0,14790.0,14850.0,1365.0,3.0,5,75,3007.0,15997.0,pt,1860.0,14850.0,1860.0,"{'duration': 1365, 'source_transfer_time': 0, 'waiting_time': 135, 'trip_time': 1230, 'num_transfers': 3, 'departure_time': 13425, 'departure_day': 'current_day', 'arrival_time': 14790, 'arrival_day': 'current_day', 'steps': [{'duration': 480, 'departure_time': 13560, 'arrival_time': 14040, 'day': 'current_day', 'from_stop_id': '5-2', 'to_stop_id': '116-2', 'trip_id': '2-1-18', 'agency_name': 'Unknown'}, {'duration': 30, 'departure_time': 14040, 'arrival_time': 14070, 'day': 'current_day', 'from_stop_id': '116-2', 'to_stop_id': '116-5', 'trip_id': 'walking', 'agency_name': 'Unknown'}, {'duration': 360, 'departure_time': 14070, 'arrival_time': 14430, 'day': 'current_day', 'from_stop_id': '116-5', 'to_stop_id': '119-5', 'trip_id': '8-0-18', 'agency_name': 'Unknown'}, {'duration': 330, 'departure_time': 14460, 'arrival_time': 14790, 'day': 'current_day', 'from_stop_id': '119-5', 'to_stop_id': '75-5', 'trip_id': '8-0-18', 'agency_name': 'Unknown'}]}"
35,17,14010,intra,left,118,[35],[16; 28],0,0,500,375,14010,14070.0,15240.0,15300.0,1170.0,0.0,35,28,2255.0,16265.0,pt,1665.0,15675.0,1665.0,"{'duration': 1170, 'source_transfer_time': 0, 'waiting_time': 570, 'trip_time': 600, 'num_transfers': 0, 'departure_time': 14070, 'departure_day': 'current_day', 'arrival_time': 15240, 'arrival_day': 'current_day', 'steps': [{'duration': 600, 'departure_time': 14640, 'arrival_time': 15240, 'day': 'current_day', 'from_stop_id': '35-3', 'to_stop_id': '28-3', 'trip_id': '5-0-19', 'agency_name': 'Unknown'}]}"
89,38,9120,intra,left,119,[89],[38],0,0,0,0,9120,9180.0,10350.0,10410.0,1170.0,2.0,89,38,2255.0,11375.0,pt,1290.0,10410.0,1290.0,"{'duration': 1170, 'source_transfer_time': 0, 'waiting_time': 120, 'trip_time': 1050, 'num_transfers': 2, 'departure_time': 9180, 'departure_day': 'current_day', 'arrival_time': 10350, 'arrival_day': 'current_day', 'steps': [{'duration': 90, 'departure_time': 9300, 'arrival_time': 9390, 'day': 'current_day', 'from_stop_id': '89-3', 'to_stop_id': '88-3', 'trip_id': '5-0-7', 'agency_name': 'Unknown'}, {'duration': 30, 'departure_time': 9390, 'arrival_time': 9420, 'day': 'current_day', 'from_stop_id': '88-3', 'to_stop_id': '88-2', 'trip_id': 'walking', 'agency_name': 'Unknown'}, {'duration': 720, 'departure_time': 9630, 'arrival_time': 10350, 'day': 'current_day', 'from_stop_id': '88-2', 'to_stop_id': '38-2', 'trip_id': '2-0-11', 'agency_name': 'Unknown'}]}"
35,90,5070,intra,left,120,[35],[90],0,0,0,0,5070,5130.0,6360.0,6420.0,1230.0,1.0,35,90,3759.0,8829.0,pt,1350.0,6420.0,1350.0,"{'duration': 1230, 'source_transfer_time': 0, 'waiting_time': 0, 'trip_time': 1230, 'num_transfers': 1, 'departure_time': 5130, 'departure_day': 'current_day', 'arrival_time': 6360, 'arrival_day': 'current_day', 'steps': [{'duration': 210, 'departure_time': 5130, 'arrival_time': 5340, 'day': 'current_day', 'from_stop_id': '35-3', 'to_stop_id': '56-3', 'trip_id': '5-1-43', 'agency_name': 'Unknown'}, {'duration': 960, 'departure_time': 5400, 'arrival_time': 6360, 'day': 'current_day', 'from_stop_id': '56-3', 'to_stop_id': '90-3', 'trip_id': '5-1-4', 'agency_name': 'Unknown'}]}"
26,115,5700,intra,left,121,[26],[115],0,0,0,0,5700,5760.0,7710.0,7770.0,1950.0,2.0,26,115,5263.0,10963.0,pt,2070.0,7770.0,2070.0,"{'duration': 1950, 'source_transfer_time': 0, 'waiting_time': 240, 'trip_time': 1710, 'num_transfers': 2, 'departure_time': 5760, 'departure_day': 'current_day', 'arrival_time': 7710, 'arrival_day': 'current_day', 'steps': [{'duration': 1110, 'departure_time': 6000, 'arrival_time': 7110, 'day': 'current_day', 'from_stop_id': '26-3', 'to_stop_id': '80-3', 'trip_id': '5-0-4', 'agency_name': 'Unknown'}, {'duration': 30, 'departure_time': 7110, 'arrival_time': 7140, 'day': 'current_day', 'from_stop_id': '80-3', 'to_stop_id': '80-4', 'trip_id': 'walking', 'agency_name': 'Unknown'}, {'duration': 570, 'departure_time': 7140, 'arrival_time': 7710, 'day': 'current_day', 'from_stop_id': '80-4', 'to_stop_id': '115-4', 'trip_id': '7-0-5', 'agency_name': 'Unknown'}]}"
107,114,10920,intra,left,122,[96; 106],[103; 115],500,375,500,375,11295,11355.0,12870.0,12930.0,1515.0,4.0,96,103,2631.0,13551.0,pt,2385.0,13305.0,2385.0,"{'duration': 1515, 'source_transfer_time': 0, 'waiting_time': 195, 'trip_time': 1320, 'num_transfers': 4, 'departure_time': 11355, 'departure_day': 'current_day', 'arrival_time': 12870, 'arrival_day': 'current_day', 'steps': [{'duration': 90, 'departure_time': 11550, 'arrival_time': 11640, 'day': 'current_day', 'from_stop_id': '96-5', 'to_stop_id': '85-5', 'trip_id': '8-1-15', 'agency_name': 'Unknown'}, {'duration': 30, 'departure_time': 11640, 'arrival_time': 11670, 'day': 'current_day', 'from_stop_id': '85-5', 'to_stop_id': '85-3', 'trip_id': 'walking', 'agency_name': 'Unknown'}, {'duration': 720, 'departure_time': 11760, 'arrival_time': 12480, 'day': 'current_day', 'from_stop_id': '85-3', 'to_stop_id': '91-3', 'trip_id': '5-1-14', 'agency_name': 'Unknown'}, {'duration': 30, 'departure_time': 12480, 'arrival_time': 12510, 'day': 'current_day', 'from_stop_id': '91-3', 'to_stop_id': '91-4', 'trip_id': 'walking', 'agency_name': 'Unknown'}, {'duration': 210, 'departure_time': 12660, 'arrival_time': 12870, 'day': 'current_day', 'from_stop_id': '91-4', 'to_stop_id': '103-4', 'trip_id': '7-0-14', 'agency_name': 'Unknown'}]}"
72,4,7680,intra,left,123,[54; 74],[5],1000,751,500,375,8431,8491.0,10140.0,10200.0,1649.0,2.0,54,5,4135.0,11815.0,pt,2895.0,10575.0,2895.0,"{'duration': 1649, 'source_transfer_time': 0, 'waiting_time': 269, 'trip_time': 1380, 'num_transfers': 2, 'departure_time': 8491, 'departure_day': 'current_day', 'arrival_time': 10140, 'arrival_day': 'current_day', 'steps': [{'duration': 600, 'departure_time': 8760, 'arrival_time': 9360, 'day': 'current_day', 'from_stop_id': '54-1', 'to_stop_id': 'MH-L-1', 'trip_id': '1-0-10', 'agency_name': 'Unknown'}, {'duration': 30, 'departure_time': 9360, 'arrival_time': 9390, 'day': 'current_day', 'from_stop_id': 'MH-L-1', 'to_stop_id': 'MH-L-2', 'trip_id': 'walking', 'agency_name': 'Unknown'}, {'duration': 600, 'departure_time': 9540, 'arrival_time': 10140, 'day': 'current_day', 'from_stop_id': 'MH-L-2', 'to_stop_id': '5-2', 'trip_id': '2-0-10', 'agency_name': 'Unknown'}]}"
48,1,7080,intra,left,124,[48],[0; 12],0,0,500,375,7080,7140.0,8070.0,8130.0,930.0,0.0,48,12,2631.0,9711.0,pt,1425.0,8505.0,1425.0,"{'duration': 930, 'source_transfer_time': 0, 'waiting_time': 240, 'trip_time': 690, 'num_transfers': 0, 'departure_time': 7140, 'departure_day': 'current_day', 'arrival_time': 8070, 'arrival_day': 'current_day', 'steps': [{'duration': 690, 'departure_time': 7380, 'arrival_time': 8070, 'day': 'current_day', 'from_stop_id': '48-4', 'to_stop_id': '12-4', 'trip_id': '7-1-6', 'agency_name': 'Unknown'}]}"
111,16,9990,intra,left,125,[110],[16],500,375,0,0,10365,10425.0,11820.0,11880.0,1395.0,0.0,110,16,3759.0,13749.0,pt,1890.0,11880.0,1890.0,"{'duration': 1395, 'source_transfer_time': 0, 'waiting_time': 135, 'trip_time': 1260, 'num_transfers': 0, 'departure_time': 10425, 'departure_day': 'current_day', 'arrival_time': 11820, 'arrival_day': 'current_day', 'steps': [{'duration': 1260, 'departure_time': 10560, 'arrival_time': 11820, 'day': 'current_day', 'from_stop_id': '110-2', 'to_stop_id': '16-2', 'trip_id': '2-0-13', 'agency_name': 'Unknown'}]}"
93,105,11610,intra,left,126,[92; 104],[105],500,375,0,0,11985,12045.0,14310.0,14370.0,2265.0,2.0,92,105,4511.0,16121.0,pt,2760.0,14370.0,2760.0,"{'duration': 2265, 'source_transfer_time': 0, 'waiting_time': 105, 'trip_time': 2160, 'num_transfers': 2, 'departure_time': 12045, 'departure_day': 'current_day', 'arrival_time': 14310, 'arrival_day': 'current_day', 'steps': [{'duration': 810, 'departure_time': 12150, 'arrival_time': 12960, 'day': 'current_day', 'from_stop_id': '92-4', 'to_stop_id': 'MH-L-4', 'trip_id': '7-1-16', 'agency_name': 'Unknown'}, {'duration': 30, 'departure_time': 12960, 'arrival_time': 12990, 'day': 'current_day', 'from_stop_id': 'MH-L-4', 'to_stop_id': 'MH-L-5', 'trip_id': 'walking', 'agency_name': 'Unknown'}, {'duration': 1170, 'departure_time': 13140, 'arrival_time': 14310, 'day': 'current_day', 'from_stop_id': 'MH-L-5', 'to_stop_id': '105-5', 'trip_id': '8-0-16', 'agency_name': 'Unknown'}]}"
72,116,6180,intra,left,127,[54; 74],[116],1000,751,0,0,6931,6991.0,8430.0,8490.0,1439.0,2.0,54,116,3007.0,9187.0,pt,2310.0,8490.0,2310.0,"{'duration': 1439, 'source_transfer_time': 0, 'waiting_time': 569, 'trip_time': 870, 'num_transfers': 2, 'departure_time': 6991, 'departure_day': 'current_day', 'arrival_time': 8430, 'arrival_day': 'current_day', 'steps': [{'duration': 600, 'departure_time': 7560, 'arrival_time': 8160, 'day': 'current_day', 'from_stop_id': '54-1', 'to_stop_id': 'MH-L-1', 'trip_id': '1-0-8', 'agency_name': 'Unknown'}, {'duration': 30, 'departure_time': 8160, 'arrival_time': 8190, 'day': 'current_day', 'from_stop_id': 'MH-L-1', 'to_stop_id': 'MH-L-2', 'trip_id': 'walking', 'agency_name': 'Unknown'}, {'duration': 90, 'departure_time': 8340, 'arrival_time': 8430, 'day': 'current_day', 'from_stop_id': 'MH-L-2', 'to_stop_id': '116-2', 'trip_id': '2-0-8', 'agency_name': 'Unknown'}]}"
55,90,9750,intra,left,128,[55],[90],0,0,0,0,9750,9810.0,11160.0,11220.0,1350.0,2.0,55,90,3383.0,13133.0,pt,1470.0,11220.0,1470.0,"{'duration': 1350, 'source_transfer_time': 0, 'waiting_time': 270, 'trip_time': 1080, 'num_transfers': 2, 'departure_time': 9810, 'departure_day': 'current_day', 'arrival_time': 11160, 'arrival_day': 'current_day', 'steps': [{'duration': 90, 'departure_time': 10080, 'arrival_time': 10170, 'day': 'current_day', 'from_stop_id': '55-1', 'to_stop_id': '56-1', 'trip_id': '1-0-12', 'agency_name': 'Unknown'}, {'duration': 30, 'departure_time': 10170, 'arrival_time': 10200, 'day': 'current_day', 'from_stop_id': '56-1', 'to_stop_id': '56-3', 'trip_id': 'walking', 'agency_name': 'Unknown'}, {'duration': 960, 'departure_time': 10200, 'arrival_time': 11160, 'day': 'current_day', 'from_stop_id': '56-3', 'to_stop_id': '90-3', 'trip_id': '5-1-12', 'agency_name': 'Unknown'}]}"
73,61,5460,intra,left,129,[74],[61],500,375,0,0,5835,5895.0,7740.0,7800.0,1845.0,2.0,74,61,4135.0,9595.0,pt,2340.0,7800.0,2340.0,"{'duration': 1845, 'source_transfer_time': 0, 'waiting_time': 345, 'trip_time': 1500, 'num_transfers': 2, 'departure_time': 5895, 'departure_day': 'current_day', 'arrival_time': 7740, 'arrival_day': 'current_day', 'steps': [{'duration': 1200, 'departure_time': 6240, 'arrival_time': 7440, 'day': 'current_day', 'from_stop_id': '74-3', 'to_stop_id': '59-3', 'trip_id': '5-1-5', 'agency_name': 'Unknown'}, {'duration': 30, 'departure_time': 7440, 'arrival_time': 7470, 'day': 'current_day', 'from_stop_id': '59-3', 'to_stop_id': '59-1', 'trip_id': 'walking', 'agency_name': 'Unknown'}, {'duration': 210, 'departure_time': 7530, 'arrival_time': 7740, 'day': 'current_day', 'from_stop_id': '59-1', 'to_stop_id': '61-1', 'trip_id': '1-0-6', 'agency_name': 'Unknown'}]}"
20,85,5550,intra,left,130,[20],[85],0,0,0,0,5550,5610.0,7830.0,7890.0,2220.0,0.0,20,85,5263.0,10813.0,pt,2340.0,7890.0,2340.0,"{'duration': 2220, 'source_transfer_time': 0, 'waiting_time': 420, 'trip_time': 1800, 'num_transfers': 0, 'departure_time': 5610, 'departure_day': 'current_day', 'arrival_time': 7830, 'arrival_day': 'current_day', 'steps': [{'duration': 1800, 'departure_time': 6030, 'arrival_time': 7830, 'day': 'current_day', 'from_stop_id': '20-5', 'to_stop_id': '85-5', 'trip_id': '8-0-6', 'agency_name': 'Unknown'}]}"
108,91,14160,intra,left,131,[86; 96; 106; 110],[91],1000,751,0,0,14911,14971.0,16080.0,16140.0,1109.0,0.0,86,91,2631.0,16791.0,pt,1980.0,16140.0,1980.0,"{'duration': 1109, 'source_transfer_time': 0, 'waiting_time': 509, 'trip_time': 600, 'num_transfers': 0, 'departure_time': 14971, 'departure_day': 'current_day', 'arrival_time': 16080, 'arrival_day': 'current_day', 'steps': [{'duration': 600, 'departure_time': 15480, 'arrival_time': 16080, 'day': 'current_day', 'from_stop_id': '86-3', 'to_stop_id': '91-3', 'trip_id': '5-1-20', 'agency_name': 'Unknown'}]}"
91,44,7500,intra,left,132,[91],[54],0,0,500,375,7500,7560.0,9540.0,9600.0,1980.0,2.0,91,54,4511.0,12011.0,pt,2475.0,9975.0,2475.0,"{'duration': 1980, 'source_transfer_time': 0, 'waiting_time': 300, 'trip_time': 1680, 'num_transfers': 2, 'departure_time': 7560, 'departure_day': 'current_day', 'arrival_time': 9540, 'arrival_day': 'current_day', 'steps': [{'duration': 1080, 'departure_time': 7860, 'arrival_time': 8940, 'day': 'current_day', 'from_stop_id': '91-3', 'to_stop_id': '56-3', 'trip_id': '5-0-5', 'agency_name': 'Unknown'}, {'duration': 30, 'departure_time': 8940, 'arrival_time': 8970, 'day': 'current_day', 'from_stop_id': '56-3', 'to_stop_id': '56-1', 'trip_id': 'walking', 'agency_name': 'Unknown'}, {'duration': 210, 'departure_time': 9330, 'arrival_time': 9540, 'day': 'current_day', 'from_stop_id': '56-1', 'to_stop_id': '54-1', 'trip_id': '1-1-9', 'agency_name': 'Unknown'}]}"
8,109,8790,intra,left,133,[9; 19],[110],500,375,500,375,9165,9225.0,11340.0,11400.0,2115.0,4.0,9,110,5263.0,14053.0,pt,2985.0,11775.0,2985.0,"{'duration': 2115, 'source_transfer_time': 0, 'waiting_time': 285, 'trip_time': 1830, 'num_transfers': 4, 'departure_time': 9225, 'departure_day': 'current_day', 'arrival_time': 11340, 'arrival_day': 'current_day', 'steps': [{'duration': 930, 'departure_time': 9510, 'arrival_time': 10440, 'day': 'current_day', 'from_stop_id': '9-5', 'to_stop_id': '116-5', 'trip_id': '8-0-12', 'agency_name': 'Unknown'}, {'duration': 30, 'departure_time': 10440, 'arrival_time': 10470, 'day': 'current_day', 'from_stop_id': '116-5', 'to_stop_id': '116-2', 'trip_id': 'walking', 'agency_name': 'Unknown'}, {'duration': 90, 'departure_time': 10470, 'arrival_time': 10560, 'day': 'current_day', 'from_stop_id': '116-2', 'to_stop_id': 'MH-L-2', 'trip_id': '2-1-12', 'agency_name': 'Unknown'}, {'duration': 90, 'departure_time': 10740, 'arrival_time': 10830, 'day': 'current_day', 'from_stop_id': 'MH-L-2', 'to_stop_id': '119-2', 'trip_id': '2-1-12', 'agency_name': 'Unknown'}, {'duration': 480, 'departure_time': 10860, 'arrival_time': 11340, 'day': 'current_day', 'from_stop_id': '119-2', 'to_stop_id': '110-2', 'trip_id': '2-1-12', 'agency_name': 'Unknown'}]}"
11,32,7920,intra,left,134,[11],[10; 20; 30],0,0,1000,751,7920,7980.0,9480.0,9540.0,1500.0,2.0,11,30,4135.0,12055.0,pt,2371.0,10291.0,2371.0,"{'duration': 1500, 'source_transfer_time': 0, 'waiting_time': 330, 'trip_time': 1170, 'num_transfers': 2, 'departure_time': 7980, 'departure_day': 'current_day', 'arrival_time': 9480, 'arrival_day': 'current_day', 'steps': [{'duration': 330, 'departure_time': 8310, 'arrival_time': 8640, 'day': 'current_day', 'from_stop_id': '11-4', 'to_stop_id': '24-4', 'trip_id': '7-0-10', 'agency_name': 'Unknown'}, {'duration': 30, 'departure_time': 8640, 'arrival_time': 8670, 'day': 'current_day', 'from_stop_id': '24-4', 'to_stop_id': '24-3', 'trip_id': 'walking', 'agency_name': 'Unknown'}, {'duration': 720, 'departure_time': 8760, 'arrival_time': 9480, 'day': 'current_day', 'from_stop_id': '24-3', 'to_stop_id': '30-3', 'trip_id': '5-0-9', 'agency_name': 'Unknown'}]}"
58,63,6060,intra,left,135,[58],[55; 64],0,0,500,375,6060,6120.0,7020.0,7080.0,900.0,0.0,58,55,2631.0,8691.0,pt,1395.0,7455.0,1395.0,"{'duration': 900, 'source_transfer_time': 0, 'waiting_time': 30, 'trip_time': 870, 'num_transfers': 0, 'departure_time': 6120, 'departure_day': 'current_day', 'arrival_time': 7020, 'arrival_day': 'current_day', 'steps': [{'duration': 870, 'departure_time': 6150, 'arrival_time': 7020, 'day': 'current_day', 'from_stop_id': '58-1', 'to_stop_id': '55-1', 'trip_id': '1-1-5', 'agency_name': 'Unknown'}]}"
47,5,13470,intra,left,136,[47],[5],0,0,0,0,13470,13530.0,14940.0,15000.0,1410.0,2.0,47,5,2255.0,15725.0,pt,1530.0,15000.0,1530.0,"{'duration': 1410, 'source_transfer_time': 0, 'waiting_time': 300, 'trip_time': 1110, 'num_transfers': 2, 'departure_time': 13530, 'departure_day': 'current_day', 'arrival_time': 14940, 'arrival_day': 'current_day', 'steps': [{'duration': 330, 'departure_time': 13830, 'arrival_time': 14160, 'day': 'current_day', 'from_stop_id': '47-4', 'to_stop_id': 'MH-L-4', 'trip_id': '7-0-18', 'agency_name': 'Unknown'}, {'duration': 30, 'departure_time': 14160, 'arrival_time': 14190, 'day': 'current_day', 'from_stop_id': 'MH-L-4', 'to_stop_id': 'MH-L-2', 'trip_id': 'walking', 'agency_name': 'Unknown'}, {'duration': 600, 'departure_time': 14340, 'arrival_time': 14940, 'day': 'current_day', 'from_stop_id': 'MH-L-2', 'to_stop_id': '5-2', 'trip_id': '2-0-18', 'agency_name': 'Unknown'}]}"
26,53,6360,intra,left,137,[26],[61],0,0,500,375,6360,6420.0,7740.0,7800.0,1320.0,2.0,26,61,3007.0,9367.0,pt,1815.0,8175.0,1815.0,"{'duration': 1320, 'source_transfer_time': 0, 'waiting_time': 180, 'trip_time': 1140, 'num_transfers': 2, 'departure_time': 6420, 'departure_day': 'current_day', 'arrival_time': 7740, 'arrival_day': 'current_day', 'steps': [{'duration': 840, 'departure_time': 6600, 'arrival_time': 7440, 'day': 'current_day', 'from_stop_id': '26-3', 'to_stop_id': '59-3', 'trip_id': '5-0-5', 'agency_name': 'Unknown'}, {'duration': 30, 'departure_time': 7440, 'arrival_time': 7470, 'day': 'current_day', 'from_stop_id': '59-3', 'to_stop_id': '59-1', 'trip_id': 'walking', 'agency_name': 'Unknown'}, {'duration': 210, 'departure_time': 7530, 'arrival_time': 7740, 'day': 'current_day', 'from_stop_id': '59-1', 'to_stop_id': '61-1', 'trip_id': '1-0-6', 'agency_name': 'Unknown'}]}"
49,21,7890,intra,left,138,[49],[10; 20],0,0,500,375,7890,7950.0,8670.0,8730.0,720.0,0.0,49,20,2631.0,10521.0,pt,1215.0,9105.0,1215.0,"{'duration': 720, 'source_transfer_time': 0, 'waiting_time': 30, 'trip_time': 690, 'num_transfers': 0, 'departure_time': 7950, 'departure_day': 'current_day', 'arrival_time': 8670, 'arrival_day': 'current_day', 'steps': [{'duration': 690, 'departure_time': 7980, 'arrival_time': 8670, 'day': 'current_day', 'from_stop_id': '49-5', 'to_stop_id': '20-5', 'trip_id': '8-1-7', 'agency_name': 'Unknown'}]}"
47,9,12330,intra,left,139,[47],[9],0,0,0,0,12330,12390.0,14190.0,14250.0,1800.0,2.0,47,9,3759.0,16089.0,pt,1920.0,14250.0,1920.0,"{'duration': 1800, 'source_transfer_time': 0, 'waiting_time': 240, 'trip_time': 1560, 'num_transfers': 2, 'departure_time': 12390, 'departure_day': 'current_day', 'arrival_time': 14190, 'arrival_day': 'current_day', 'steps': [{'duration': 330, 'departure_time': 12630, 'arrival_time': 12960, 'day': 'current_day', 'from_stop_id': '47-4', 'to_stop_id': 'MH-L-4', 'trip_id': '7-0-16', 'agency_name': 'Unknown'}, {'duration': 30, 'departure_time': 12960, 'arrival_time': 12990, 'day': 'current_day', 'from_stop_id': 'MH-L-4', 'to_stop_id': 'MH-L-5', 'trip_id': 'walking', 'agency_name': 'Unknown'}, {'duration': 1050, 'departure_time': 13140, 'arrival_time': 14190, 'day': 'current_day', 'from_stop_id': 'MH-L-5', 'to_stop_id': '9-5', 'trip_id': '8-1-16', 'agency_name': 'Unknown'}]}"
96,21,6300,intra,left,140,[96],[10; 20],0,0,500,375,6300,6360.0,8670.0,8730.0,2310.0,0.0,96,20,6015.0,12315.0,pt,2805.0,9105.0,2805.0,"{'duration': 2310, 'source_transfer_time': 0, 'waiting_time': 390, 'trip_time': 1920, 'num_transfers': 0, 'departure_time': 6360, 'departure_day': 'current_day', 'arrival_time': 8670, 'arrival_day': 'current_day', 'steps': [{'duration': 1920, 'departure_time': 6750, 'arrival_time': 8670, 'day': 'current_day', 'from_stop_id': '96-5', 'to_stop_id': '20-5', 'trip_id': '8-1-7', 'agency_name': 'Unknown'}]}"
90,31,5580,intra,left,141,[90],[20; 30],0,0,500,375,5580,5640.0,6630.0,6690.0,990.0,0.0,90,30,3007.0,8587.0,pt,1485.0,7065.0,1485.0,"{'duration': 990, 'source_transfer_time': 0, 'waiting_time': 150, 'trip_time': 840, 'num_transfers': 0, 'departure_time': 5640, 'departure_day': 'current_day', 'arrival_time': 6630, 'arrival_day': 'current_day', 'steps': [{'duration': 840, 'departure_time': 5790, 'arrival_time': 6630, 'day': 'current_day', 'from_stop_id': '90-3', 'to_stop_id': '30-3', 'trip_id': '5-1-3', 'agency_name': 'Unknown'}]}"
119,44,11040,intra,left,142,[119],[54],0,0,500,375,11040,11100.0,12540.0,12600.0,1440.0,2.0,119,54,2631.0,13671.0,pt,1935.0,12975.0,1935.0,"{'duration': 1440, 'source_transfer_time': 0, 'waiting_time': 570, 'trip_time': 870, 'num_transfers': 2, 'departure_time': 11100, 'departure_day': 'current_day', 'arrival_time': 12540, 'arrival_day': 'current_day', 'steps': [{'duration': 90, 'departure_time': 11670, 'arrival_time': 11760, 'day': 'current_day', 'from_stop_id': '119-2', 'to_stop_id': 'MH-L-2', 'trip_id': '2-0-14', 'agency_name': 'Unknown'}, {'duration': 30, 'departure_time': 11760, 'arrival_time': 11790, 'day': 'current_day', 'from_stop_id': 'MH-L-2', 'to_stop_id': 'MH-L-1', 'trip_id': 'walking', 'agency_name': 'Unknown'}, {'duration': 600, 'departure_time': 11940, 'arrival_time': 12540, 'day': 'current_day', 'from_stop_id': 'MH-L-1', 'to_stop_id': '54-1', 'trip_id': '1-1-14', 'agency_name': 'Unknown'}]}"
33,69,14040,intra,left,143,[11; 23; 35; 54],[69],1000,751,0,0,14791,14851.0,16590.0,16650.0,1739.0,2.0,11,69,4135.0,18175.0,pt,2610.0,16650.0,2610.0,"{'duration': 1739, 'source_transfer_time': 0, 'waiting_time': 59, 'trip_time': 1680, 'num_transfers': 2, 'departure_time': 14851, 'departure_day': 'current_day', 'arrival_time': 16590, 'arrival_day': 'current_day', 'steps': [{'duration': 330, 'departure_time': 14910, 'arrival_time': 15240, 'day': 'current_day', 'from_stop_id': '11-4', 'to_stop_id': '24-4', 'trip_id': '7-0-21', 'agency_name': 'Unknown'}, {'duration': 30, 'departure_time': 15240, 'arrival_time': 15270, 'day': 'current_day', 'from_stop_id': '24-4', 'to_stop_id': '24-3', 'trip_id': 'walking', 'agency_name': 'Unknown'}, {'duration': 1230, 'departure_time': 15360, 'arrival_time': 16590, 'day': 'current_day', 'from_stop_id': '24-3', 'to_stop_id': '69-3', 'trip_id': '5-0-20', 'agency_name': 'Unknown'}]}"
30,109,9330,intra,left,144,[30],[110],0,0,500,375,9330,9390.0,11340.0,11400.0,1950.0,3.0,30,110,4511.0,13841.0,pt,2445.0,11775.0,2445.0,"{'duration': 1950, 'source_transfer_time': 0, 'waiting_time': 270, 'trip_time': 1680, 'num_transfers': 3, 'departure_time': 9390, 'departure_day': 'current_day', 'arrival_time': 11340, 'arrival_day': 'current_day', 'steps': [{'duration': 330, 'departure_time': 9660, 'arrival_time': 9990, 'day': 'current_day', 'from_stop_id': '30-3', 'to_stop_id': '27-3', 'trip_id': '5-1-8', 'agency_name': 'Unknown'}, {'duration': 30, 'departure_time': 9990, 'arrival_time': 10020, 'day': 'current_day', 'from_stop_id': '27-3', 'to_stop_id': '27-2', 'trip_id': 'walking', 'agency_name': 'Unknown'}, {'duration': 330, 'departure_time': 10230, 'arrival_time': 10560, 'day': 'current_day', 'from_stop_id': '27-2', 'to_stop_id': 'MH-L-2', 'trip_id': '2-1-12', 'agency_name': 'Unknown'}, {'duration': 600, 'departure_time': 10740, 'arrival_time': 11340, 'day': 'current_day', 'from_stop_id': 'MH-L-2', 'to_stop_id': '110-2', 'trip_id': '2-1-12', 'agency_name': 'Unknown'}]}"
69,26,7470,intra,left,145,[69],[26],0,0,0,0,7470,7530.0,8940.0,9000.0,1410.0,0.0,69,26,3007.0,10477.0,pt,1530.0,9000.0,1530.0,"{'duration': 1410, 'source_transfer_time': 0, 'waiting_time': 420, 'trip_time': 990, 'num_transfers': 0, 'departure_time': 7530, 'departure_day': 'current_day', 'arrival_time': 8940, 'arrival_day': 'current_day', 'steps': [{'duration': 990, 'departure_time': 7950, 'arrival_time': 8940, 'day': 'current_day', 'from_stop_id': '69-3', 'to_stop_id': '26-3', 'trip_id': '5-1-6', 'agency_name': 'Unknown'}]}"
18,85,7440,intra,left,146,[19; 29],[85],500,375,0,0,7815,7875.0,9330.0,9390.0,1455.0,1.0,29,85,4511.0,11951.0,pt,1950.0,9390.0,1950.0,"{'duration': 1455, 'source_transfer_time': 0, 'waiting_time': 105, 'trip_time': 1350, 'num_transfers': 1, 'departure_time': 7875, 'departure_day': 'current_day', 'arrival_time': 9330, 'arrival_day': 'current_day', 'steps': [{'duration': 960, 'departure_time': 7980, 'arrival_time': 8940, 'day': 'current_day', 'from_stop_id': '29-3', 'to_stop_id': '56-3', 'trip_id': '5-1-5', 'agency_name': 'Unknown'}, {'duration': 330, 'departure_time': 9000, 'arrival_time': 9330, 'day': 'current_day', 'from_stop_id': '56-3', 'to_stop_id': '85-3', 'trip_id': '5-1-10', 'agency_name': 'Unknown'}]}"
30,117,5730,intra,left,147,[30],[117],0,0,0,0,5730,5790.0,7230.0,7290.0,1440.0,3.0,30,117,2631.0,8361.0,pt,1560.0,7290.0,1560.0,"{'duration': 1440, 'source_transfer_time': 0, 'waiting_time': 120, 'trip_time': 1320, 'num_transfers': 3, 'departure_time': 5790, 'departure_day': 'current_day', 'arrival_time': 7230, 'arrival_day': 'current_day', 'steps': [{'duration': 330, 'departure_time': 5910, 'arrival_time': 6240, 'day': 'current_day', 'from_stop_id': '30-3', 'to_stop_id': '59-3', 'trip_id': '5-0-3', 'agency_name': 'Unknown'}, {'duration': 30, 'departure_time': 6240, 'arrival_time': 6270, 'day': 'current_day', 'from_stop_id': '59-3', 'to_stop_id': '59-1', 'trip_id': 'walking', 'agency_name': 'Unknown'}, {'duration': 330, 'departure_time': 6630, 'arrival_time': 6960, 'day': 'current_day', 'from_stop_id': '59-1', 'to_stop_id': 'MH-L-1', 'trip_id': '1-1-6', 'agency_name': 'Unknown'}, {'duration': 90, 'departure_time': 7140, 'arrival_time': 7230, 'day': 'current_day', 'from_stop_id': 'MH-L-1', 'to_stop_id': '117-1', 'trip_id': '1-1-6', 'agency_name': 'Unknown'}]}"
25,108,6900,intra,left,148,[25],[86; 96; 106; 110],0,0,1000,751,6900,6960.0,8250.0,8310.0,1290.0,1.0,25,86,3007.0,9907.0,pt,2161.0,9061.0,2161.0,"{'duration': 1290, 'source_transfer_time': 0, 'waiting_time': 330, 'trip_time': 960, 'num_transfers': 1, 'departure_time': 6960, 'departure_day': 'current_day', 'arrival_time': 8250, 'arrival_day': 'current_day', 'steps': [{'duration': 450, 'departure_time': 7290, 'arrival_time': 7740, 'day': 'current_day', 'from_stop_id': '25-3', 'to_stop_id': '56-3', 'trip_id': '5-1-3', 'agency_name': 'Unknown'}, {'duration': 450, 'departure_time': 7800, 'arrival_time': 8250, 'day': 'current_day', 'from_stop_id': '56-3', 'to_stop_id': '86-3', 'trip_id': '5-1-8', 'agency_name': 'Unknown'}]}"
61,16,12030,intra,left,149,[61],[16],0,0,0,0,12030,12090.0,13620.0,13680.0,1530.0,2.0,61,16,3383.0,15413.0,pt,1650.0,13680.0,1650.0,"{'duration': 1530, 'source_transfer_time': 0, 'waiting_time': 270, 'trip_time': 1260, 'num_transfers': 2, 'departure_time': 12090, 'departure_day': 'current_day', 'arrival_time': 13620, 'arrival_day': 'current_day', 'steps': [{'duration': 600, 'departure_time': 12360, 'arrival_time': 12960, 'day': 'current_day', 'from_stop_id': '61-1', 'to_stop_id': 'MH-L-1', 'trip_id': '1-1-16', 'agency_name': 'Unknown'}, {'duration': 30, 'departure_time': 12960, 'arrival_time': 12990, 'day': 'current_day', 'from_stop_id': 'MH-L-1', 'to_stop_id': 'MH-L-2', 'trip_id': 'walking', 'agency_name': 'Unknown'}, {'duration': 480, 'departure_time': 13140, 'arrival_time': 13620, 'day': 'current_day', 'from_stop_id': 'MH-L-2', 'to_stop_id': '16-2', 'trip_id': '2-0-16', 'agency_name': 'Unknown'}]}"
9,62,9000,intra,left,150,[9],[54],0,0,500,375,9000,9060.0,11340.0,11400.0,2280.0,2.0,9,54,5639.0,14639.0,pt,2775.0,11775.0,2775.0,"{'duration': 2280, 'source_transfer_time': 0, 'waiting_time': 450, 'trip_time': 1830, 'num_transfers': 2, 'departure_time': 9060, 'departure_day': 'current_day', 'arrival_time': 11340, 'arrival_day': 'current_day', 'steps': [{'duration': 1050, 'departure_time': 9510, 'arrival_time': 10560, 'day': 'current_day', 'from_stop_id': '9-5', 'to_stop_id': 'MH-L-5', 'trip_id': '8-0-12', 'agency_name': 'Unknown'}, {'duration': 30, 'departure_time': 10560, 'arrival_time': 10590, 'day': 'current_day', 'from_stop_id': 'MH-L-5', 'to_stop_id': 'MH-L-1', 'trip_id': 'walking', 'agency_name': 'Unknown'}, {'duration': 600, 'departure_time': 10740, 'arrival_time': 11340, 'day': 'current_day', 'from_stop_id': 'MH-L-1', 'to_stop_id': '54-1', 'trip_id': '1-1-12', 'agency_name': 'Unknown'}]}"
113,3,8280,intra,left,151,[91; 103; 115],[5; 25],1000,751,1000,751,9031,9091.0,10740.0,10800.0,1649.0,2.0,91,5,5639.0,13919.0,pt,3271.0,11551.0,3271.0,"{'duration': 1649, 'source_transfer_time': 0, 'waiting_time': 179, 'trip_time': 1470, 'num_transfers': 2, 'departure_time': 9091, 'departure_day': 'current_day', 'arrival_time': 10740, 'arrival_day': 'current_day', 'steps': [{'duration': 690, 'departure_time': 9270, 'arrival_time': 9960, 'day': 'current_day', 'from_stop_id': '91-4', 'to_stop_id': 'MH-L-4', 'trip_id': '7-1-11', 'agency_name': 'Unknown'}, {'duration': 30, 'departure_time': 9960, 'arrival_time': 9990, 'day': 'current_day', 'from_stop_id': 'MH-L-4', 'to_stop_id': 'MH-L-2', 'trip_id': 'walking', 'agency_name': 'Unknown'}, {'duration': 600, 'departure_time': 10140, 'arrival_time': 10740, 'day': 'current_day', 'from_stop_id': 'MH-L-2', 'to_stop_id': '5-2', 'trip_id': '2-0-11', 'agency_name': 'Unknown'}]}"
12,65,11970,intra,left,152,[12],[57; 64; 66; 75],0,0,500,375,11970,12030.0,13290.0,13350.0,1260.0,3.0,12,64,2631.0,14601.0,pt,1755.0,13725.0,1755.0,"{'duration': 1260, 'source_transfer_time': 0, 'waiting_time': 0, 'trip_time': 1260, 'num_transfers': 3, 'departure_time': 12030, 'departure_day': 'current_day', 'arrival_time': 13290, 'arrival_day': 'current_day', 'steps': [{'duration': 330, 'departure_time': 12030, 'arrival_time': 12360, 'day': 'current_day', 'from_stop_id': '12-4', 'to_stop_id': '35-4', 'trip_id': '7-0-16', 'agency_name': 'Unknown'}, {'duration': 30, 'departure_time': 12360, 'arrival_time': 12390, 'day': 'current_day', 'from_stop_id': '35-4', 'to_stop_id': '35-3', 'trip_id': 'walking', 'agency_name': 'Unknown'}, {'duration': 210, 'departure_time': 12930, 'arrival_time': 13140, 'day': 'current_day', 'from_stop_id': '35-3', 'to_stop_id': '56-3', 'trip_id': '5-1-12', 'agency_name': 'Unknown'}, {'duration': 90, 'departure_time': 13200, 'arrival_time': 13290, 'day': 'current_day', 'from_stop_id': '56-3', 'to_stop_id': '64-3', 'trip_id': '5-1-17', 'agency_name': 'Unknown'}]}"
64,91,11820,intra,left,153,[64],[91],0,0,0,0,11820,11880.0,13080.0,13140.0,1200.0,0.0,64,91,3007.0,14827.0,pt,1320.0,13140.0,1320.0,"{'duration': 1200, 'source_transfer_time': 0, 'waiting_time': 240, 'trip_time': 960, 'num_transfers': 0, 'departure_time': 11880, 'departure_day': 'current_day', 'arrival_time': 13080, 'arrival_day': 'current_day', 'steps': [{'duration': 960, 'departure_time': 12120, 'arrival_time': 13080, 'day': 'current_day', 'from_stop_id': '64-3', 'to_stop_id': '91-3', 'trip_id': '5-1-15', 'agency_name': 'Unknown'}]}"
39,82,5880,intra,left,154,[39],[61; 80; 92; 104],0,0,1000,751,5880,5940.0,7110.0,7170.0,1170.0,2.0,39,80,3007.0,8887.0,pt,2041.0,7921.0,2041.0,"{'duration': 1170, 'source_transfer_time': 0, 'waiting_time': 90, 'trip_time': 1080, 'num_transfers': 2, 'departure_time': 5940, 'departure_day': 'current_day', 'arrival_time': 7110, 'arrival_day': 'current_day', 'steps': [{'duration': 330, 'departure_time': 6030, 'arrival_time': 6360, 'day': 'current_day', 'from_stop_id': '39-5', 'to_stop_id': 'MH-L-5', 'trip_id': '8-0-5', 'agency_name': 'Unknown'}, {'duration': 30, 'departure_time': 6360, 'arrival_time': 6390, 'day': 'current_day', 'from_stop_id': 'MH-L-5', 'to_stop_id': 'MH-L-4', 'trip_id': 'walking', 'agency_name': 'Unknown'}, {'duration': 570, 'departure_time': 6540, 'arrival_time': 7110, 'day': 'current_day', 'from_stop_id': 'MH-L-4', 'to_stop_id': '80-4', 'trip_id': '7-0-5', 'agency_name': 'Unknown'}]}"
6,82,7710,intra,left,155,[5],[61; 80; 92; 104],500,375,1000,751,8085,8145.0,9510.0,9570.0,1365.0,2.0,5,80,4135.0,11845.0,pt,2611.0,10321.0,2611.0,"{'duration': 1365, 'source_transfer_time': 0, 'waiting_time': 15, 'trip_time': 1350, 'num_transfers': 2, 'departure_time': 8145, 'departure_day': 'current_day', 'arrival_time': 9510, 'arrival_day': 'current_day', 'steps': [{'duration': 210, 'departure_time': 8160, 'arrival_time': 8370, 'day': 'current_day', 'from_stop_id': '5-2', 'to_stop_id': '27-2', 'trip_id': '2-1-9', 'agency_name': 'Unknown'}, {'duration': 30, 'departure_time': 8370, 'arrival_time': 8400, 'day': 'current_day', 'from_stop_id': '27-2', 'to_stop_id': '27-3', 'trip_id': 'walking', 'agency_name': 'Unknown'}, {'duration': 960, 'departure_time': 8550, 'arrival_time': 9510, 'day': 'current_day', 'from_stop_id': '27-3', 'to_stop_id': '80-3', 'trip_id': '5-0-8', 'agency_name': 'Unknown'}]}"
40,63,11610,intra,left,156,[40],[55; 64],0,0,500,375,11610,11670.0,13020.0,13080.0,1350.0,2.0,40,55,3383.0,14993.0,pt,1845.0,13455.0,1845.0,"{'duration': 1350, 'source_transfer_time': 0, 'waiting_time': 240, 'trip_time': 1110, 'num_transfers': 2, 'departure_time': 11670, 'departure_day': 'current_day', 'arrival_time': 13020, 'arrival_day': 'current_day', 'steps': [{'duration': 450, 'departure_time': 11910, 'arrival_time': 12360, 'day': 'current_day', 'from_stop_id': '40-5', 'to_stop_id': 'MH-L-5', 'trip_id': '8-0-15', 'agency_name': 'Unknown'}, {'duration': 30, 'departure_time': 12360, 'arrival_time': 12390, 'day': 'current_day', 'from_stop_id': 'MH-L-5', 'to_stop_id': 'MH-L-1', 'trip_id': 'walking', 'agency_name': 'Unknown'}, {'duration': 480, 'departure_time': 12540, 'arrival_time': 13020, 'day': 'current_day', 'from_stop_id': 'MH-L-1', 'to_stop_id': '55-1', 'trip_id': '1-1-15', 'agency_name': 'Unknown'}]}"
83,7,5070,intra,left,157,[85; 95; 105],[5; 9; 19; 29],1000,751,1000,751,5821,5881.0,7560.0,7620.0,1679.0,1.0,85,29,5639.0,10709.0,pt,3301.0,8371.0,3301.0,"{'duration': 1679, 'source_transfer_time': 0, 'waiting_time': 329, 'trip_time': 1350, 'num_transfers': 1, 'departure_time': 5881, 'departure_day': 'current_day', 'arrival_time': 7560, 'arrival_day': 'current_day', 'steps': [{'duration': 330, 'departure_time': 6210, 'arrival_time': 6540, 'day': 'current_day', 'from_stop_id': '85-3', 'to_stop_id': '56-3', 'trip_id': '5-0-1', 'agency_name': 'Unknown'}, {'duration': 960, 'departure_time': 6600, 'arrival_time': 7560, 'day': 'current_day', 'from_stop_id': '56-3', 'to_stop_id': '29-3', 'trip_id': '5-0-6', 'agency_name': 'Unknown'}]}"
110,40,4830,intra,left,158,[110],[40],0,0,0,0,4830,4890.0,6390.0,6450.0,1500.0,3.0,110,40,3383.0,8213.0,pt,1620.0,6450.0,1620.0,"{'duration': 1500, 'source_transfer_time': 0, 'waiting_time': 270, 'trip_time': 1230, 'num_transfers': 3, 'departure_time': 4890, 'departure_day': 'current_day', 'arrival_time': 6390, 'arrival_day': 'current_day', 'steps': [{'duration': 480, 'departure_time': 5160, 'arrival_time': 5640, 'day': 'current_day', 'from_stop_id': '110-2', 'to_stop_id': '119-2', 'trip_id': '2-0-4', 'agency_name': 'Unknown'}, {'duration': 30, 'departure_time': 5640, 'arrival_time': 5670, 'day': 'current_day', 'from_stop_id': '119-2', 'to_stop_id': '119-5', 'trip_id': 'walking', 'agency_name': 'Unknown'}, {'duration': 360, 'departure_time': 5670, 'arrival_time': 6030, 'day': 'current_day', 'from_stop_id': '119-5', 'to_stop_id': '116-5', 'trip_id': '8-1-4', 'agency_name': 'Unknown'}, {'duration': 330, 'departure_time': 6060, 'arrival_time': 6390, 'day': 'current_day', 'from_stop_id': '116-5', 'to_stop_id': '40-5', 'trip_id': '8-1-4', 'agency_name': 'Unknown'}]}"
93,107,4440,intra,left,159,[92; 104],[96; 106],500,375,500,375,4815,4875.0,6750.0,6810.0,1875.0,2.0,92,96,3759.0,8199.0,pt,2745.0,7185.0,2745.0,"{'duration': 1875, 'source_transfer_time': 0, 'waiting_time': 75, 'trip_time': 1800, 'num_transfers': 2, 'departure_time': 4875, 'departure_day': 'current_day', 'arrival_time': 6750, 'arrival_day': 'current_day', 'steps': [{'duration': 810, 'departure_time': 4950, 'arrival_time': 5760, 'day': 'current_day', 'from_stop_id': '92-4', 'to_stop_id': 'MH-L-4', 'trip_id': '7-1-4', 'agency_name': 'Unknown'}, {'duration': 30, 'departure_time': 5760, 'arrival_time': 5790, 'day': 'current_day', 'from_stop_id': 'MH-L-4', 'to_stop_id': 'MH-L-5', 'trip_id': 'walking', 'agency_name': 'Unknown'}, {'duration': 810, 'departure_time': 5940, 'arrival_time': 6750, 'day': 'current_day', 'from_stop_id': 'MH-L-5', 'to_stop_id': '96-5', 'trip_id': '8-0-4', 'agency_name': 'Unknown'}]}"
97,14,4980,intra,left,160,[86; 96],[25],500,375,500,375,5355,5415.0,6450.0,6510.0,1035.0,1.0,86,25,3007.0,7987.0,pt,1905.0,6885.0,1905.0,"{'duration': 1035, 'source_transfer_time': 0, 'waiting_time': 75, 'trip_time': 960, 'num_transfers': 1, 'departure_time': 5415, 'departure_day': 'current_day', 'arrival_time': 6450, 'arrival_day': 'current_day', 'steps': [{'duration': 450, 'departure_time': 5490, 'arrival_time': 5940, 'day': 'current_day', 'from_stop_id': '86-3', 'to_stop_id': '56-3', 'trip_id': '5-0-0', 'agency_name': 'Unknown'}, {'duration': 450, 'departure_time': 6000, 'arrival_time': 6450, 'day': 'current_day', 'from_stop_id': '56-3', 'to_stop_id': '25-3', 'trip_id': '5-0-5', 'agency_name': 'Unknown'}]}"
3,85,12270,intra,left,161,[5; 25],[85],1000,751,0,0,13021,13081.0,14130.0,14190.0,1049.0,1.0,25,85,3383.0,15653.0,pt,1920.0,14190.0,1920.0,"{'duration': 1049, 'source_transfer_time': 0, 'waiting_time': 209, 'trip_time': 840, 'num_transfers': 1, 'departure_time': 13081, 'departure_day': 'current_day', 'arrival_time': 14130, 'arrival_day': 'current_day', 'steps': [{'duration': 450, 'departure_time': 13290, 'arrival_time': 13740, 'day': 'current_day', 'from_stop_id': '25-3', 'to_stop_id': '56-3', 'trip_id': '5-1-13', 'agency_name': 'Unknown'}, {'duration': 330, 'departure_time': 13800, 'arrival_time': 14130, 'day': 'current_day', 'from_stop_id': '56-3', 'to_stop_id': '85-3', 'trip_id': '5-1-18', 'agency_name': 'Unknown'}]}"
73,49,4650,intra,left,162,[74],[49],500,375,0,0,5025,5085.0,6150.0,6210.0,1065.0,4.0,74,49,3007.0,7657.0,pt,1560.0,6210.0,1560.0,"{'duration': 1065, 'source_transfer_time': 0, 'waiting_time': 45, 'trip_time': 1020, 'num_transfers': 4, 'departure_time': 5085, 'departure_day': 'current_day', 'arrival_time': 6150, 'arrival_day': 'current_day', 'steps': [{'duration': 210, 'departure_time': 5130, 'arrival_time': 5340, 'day': 'current_day', 'from_stop_id': '74-3', 'to_stop_id': '56-3', 'trip_id': '5-0-43', 'agency_name': 'Unknown'}, {'duration': 30, 'departure_time': 5340, 'arrival_time': 5370, 'day': 'current_day', 'from_stop_id': '56-3', 'to_stop_id': '56-1', 'trip_id': 'walking', 'agency_name': 'Unknown'}, {'duration': 330, 'departure_time': 5430, 'arrival_time': 5760, 'day': 'current_day', 'from_stop_id': '56-1', 'to_stop_id': 'MH-L-1', 'trip_id': '1-0-4', 'agency_name': 'Unknown'}, {'duration': 30, 'departure_time': 5760, 'arrival_time': 5790, 'day': 'current_day', 'from_stop_id': 'MH-L-1', 'to_stop_id': 'MH-L-5', 'trip_id': 'walking', 'agency_name': 'Unknown'}, {'duration': 210, 'departure_time': 5940, 'arrival_time': 6150, 'day': 'current_day', 'from_stop_id': 'MH-L-5', 'to_stop_id': '49-5', 'trip_id': '8-1-4', 'agency_name': 'Unknown'}]}"
42,86,6090,intra,left,163,[41],[86],500,375,0,0,6465,6525.0,7860.0,7920.0,1335.0,0.0,41,86,4135.0,10225.0,pt,1830.0,7920.0,1830.0,"{'duration': 1335, 'source_transfer_time': 0, 'waiting_time': 105, 'trip_time': 1230, 'num_transfers': 0, 'departure_time': 6525, 'departure_day': 'current_day', 'arrival_time': 7860, 'arrival_day': 'current_day', 'steps': [{'duration': 1230, 'departure_time': 6630, 'arrival_time': 7860, 'day': 'current_day', 'from_stop_id': '41-3', 'to_stop_id': '86-3', 'trip_id': '5-0-4', 'agency_name': 'Unknown'}]}"
68,4,7410,intra,left,164,[68],[5],0,0,500,375,7410,7470.0,8940.0,9000.0,1470.0,2.0,68,5,3383.0,10793.0,pt,1965.0,9375.0,1965.0,"{'duration': 1470, 'source_transfer_time': 0, 'waiting_time': 360, 'trip_time': 1110, 'num_transfers': 2, 'departure_time': 7470, 'departure_day': 'current_day', 'arrival_time': 8940, 'arrival_day': 'current_day', 'steps': [{'duration': 330, 'departure_time': 7830, 'arrival_time': 8160, 'day': 'current_day', 'from_stop_id': '68-4', 'to_stop_id': 'MH-L-4', 'trip_id': '7-1-8', 'agency_name': 'Unknown'}, {'duration': 30, 'departure_time': 8160, 'arrival_time': 8190, 'day': 'current_day', 'from_stop_id': 'MH-L-4', 'to_stop_id': 'MH-L-2', 'trip_id': 'walking', 'agency_name': 'Unknown'}, {'duration': 600, 'departure_time': 8340, 'arrival_time': 8940, 'day': 'current_day', 'from_stop_id': 'MH-L-2', 'to_stop_id': '5-2', 'trip_id': '2-0-8', 'agency_name': 'Unknown'}]}"
85,6,8880,intra,left,165,[85],[5],0,0,500,375,8880,8940.0,10740.0,10800.0,1800.0,3.0,85,5,4511.0,13391.0,pt,2295.0,11175.0,2295.0,"{'duration': 1800, 'source_transfer_time': 0, 'waiting_time': 330, 'trip_time': 1470, 'num_transfers': 3, 'departure_time': 8940, 'departure_day': 'current_day', 'arrival_time': 10740, 'arrival_day': 'current_day', 'steps': [{'duration': 570, 'departure_time': 9270, 'arrival_time': 9840, 'day': 'current_day', 'from_stop_id': '85-5', 'to_stop_id': '119-5', 'trip_id': '8-1-11', 'agency_name': 'Unknown'}, {'duration': 30, 'departure_time': 9840, 'arrival_time': 9870, 'day': 'current_day', 'from_stop_id': '119-5', 'to_stop_id': '119-2', 'trip_id': 'walking', 'agency_name': 'Unknown'}, {'duration': 90, 'departure_time': 9870, 'arrival_time': 9960, 'day': 'current_day', 'from_stop_id': '119-2', 'to_stop_id': 'MH-L-2', 'trip_id': '2-0-11', 'agency_name': 'Unknown'}, {'duration': 600, 'departure_time': 10140, 'arrival_time': 10740, 'day': 'current_day', 'from_stop_id': 'MH-L-2', 'to_stop_id': '5-2', 'trip_id': '2-0-11', 'agency_name': 'Unknown'}]}"
9,58,8520,intra,left,166,[9],[58],0,0,0,0,8520,8580.0,10320.0,10380.0,1740.0,4.0,9,58,2631.0,11151.0,pt,1860.0,10380.0,1860.0,"{'duration': 1740, 'source_transfer_time': 0, 'waiting_time': 330, 'trip_time': 1410, 'num_transfers': 4, 'departure_time': 8580, 'departure_day': 'current_day', 'arrival_time': 10320, 'arrival_day': 'current_day', 'steps': [{'duration': 450, 'departure_time': 8910, 'arrival_time': 9360, 'day': 'current_day', 'from_stop_id': '9-5', 'to_stop_id': '29-5', 'trip_id': '8-0-11', 'agency_name': 'Unknown'}, {'duration': 30, 'departure_time': 9360, 'arrival_time': 9390, 'day': 'current_day', 'from_stop_id': '29-5', 'to_stop_id': '29-3', 'trip_id': 'walking', 'agency_name': 'Unknown'}, {'duration': 450, 'departure_time': 9390, 'arrival_time': 9840, 'day': 'current_day', 'from_stop_id': '29-3', 'to_stop_id': '59-3', 'trip_id': '5-0-9', 'agency_name': 'Unknown'}, {'duration': 30, 'departure_time': 9840, 'arrival_time': 9870, 'day': 'current_day', 'from_stop_id': '59-3', 'to_stop_id': '59-1', 'trip_id': 'walking', 'agency_name': 'Unknown'}, {'duration': 90, 'departure_time': 10230, 'arrival_time': 10320, 'day': 'current_day', 'from_stop_id': '59-1', 'to_stop_id': '58-1', 'trip_id': '1-1-12', 'agency_name': 'Unknown'}]}"
100,57,10110,intra,left,167,[89; 99],[57],500,375,0,0,10485,10545.0,11550.0,11610.0,1005.0,2.0,99,57,2631.0,12741.0,pt,1500.0,11610.0,1500.0,"{'duration': 1005, 'source_transfer_time': 0, 'waiting_time': 135, 'trip_time': 870, 'num_transfers': 2, 'departure_time': 10545, 'departure_day': 'current_day', 'arrival_time': 11550, 'arrival_day': 'current_day', 'steps': [{'duration': 480, 'departure_time': 10680, 'arrival_time': 11160, 'day': 'current_day', 'from_stop_id': '99-2', 'to_stop_id': 'MH-L-2', 'trip_id': '2-0-13', 'agency_name': 'Unknown'}, {'duration': 30, 'departure_time': 11160, 'arrival_time': 11190, 'day': 'current_day', 'from_stop_id': 'MH-L-2', 'to_stop_id': 'MH-L-1', 'trip_id': 'walking', 'agency_name': 'Unknown'}, {'duration': 210, 'departure_time': 11340, 'arrival_time': 11550, 'day': 'current_day', 'from_stop_id': 'MH-L-1', 'to_stop_id': '57-1', 'trip_id': '1-1-13', 'agency_name': 'Unknown'}]}"
30,98,13110,intra,left,168,[30],[87; 99],0,0,500,375,13110,13170.0,14820.0,14880.0,1650.0,3.0,30,99,4135.0,17245.0,pt,2145.0,15255.0,2145.0,"{'duration': 1650, 'source_transfer_time': 0, 'waiting_time': 90, 'trip_time': 1560, 'num_transfers': 3, 'departure_time': 13170, 'departure_day': 'current_day', 'arrival_time': 14820, 'arrival_day': 'current_day', 'steps': [{'duration': 330, 'departure_time': 13260, 'arrival_time': 13590, 'day': 'current_day', 'from_stop_id': '30-3', 'to_stop_id': '27-3', 'trip_id': '5-1-14', 'agency_name': 'Unknown'}, {'duration': 30, 'departure_time': 13590, 'arrival_time': 13620, 'day': 'current_day', 'from_stop_id': '27-3', 'to_stop_id': '27-2', 'trip_id': 'walking', 'agency_name': 'Unknown'}, {'duration': 330, 'departure_time': 13830, 'arrival_time': 14160, 'day': 'current_day', 'from_stop_id': '27-2', 'to_stop_id': 'MH-L-2', 'trip_id': '2-1-18', 'agency_name': 'Unknown'}, {'duration': 480, 'departure_time': 14340, 'arrival_time': 14820, 'day': 'current_day', 'from_stop_id': 'MH-L-2', 'to_stop_id': '99-2', 'trip_id': '2-1-18', 'agency_name': 'Unknown'}]}"
18,80,3780,intra,left,169,[19; 29],[80],500,375,0,0,4155,4215.0,5310.0,5370.0,1095.0,2.0,19,80,2631.0,6411.0,pt,1590.0,5370.0,1590.0,"{'duration': 1095, 'source_transfer_time': 0, 'waiting_time': 135, 'trip_time': 960, 'num_transfers': 2, 'departure_time': 4215, 'departure_day': 'current_day', 'arrival_time': 5310, 'arrival_day': 'current_day', 'steps': [{'duration': 210, 'departure_time': 4350, 'arrival_time': 4560, 'day': 'current_day', 'from_stop_id': '19-5', 'to_stop_id': '29-5', 'trip_id': '8-0-3', 'agency_name': 'Unknown'}, {'duration': 30, 'departure_time': 4560, 'arrival_time': 4590, 'day': 'current_day', 'from_stop_id': '29-5', 'to_stop_id': '29-3', 'trip_id': 'walking', 'agency_name': 'Unknown'}, {'duration': 720, 'departure_time': 4590, 'arrival_time': 5310, 'day': 'current_day', 'from_stop_id': '29-3', 'to_stop_id': '80-3', 'trip_id': '5-0-1', 'agency_name': 'Unknown'}]}"
13,95,10380,intra,left,170,[12; 24],[95],500,375,0,0,10755,10815.0,12270.0,12330.0,1455.0,3.0,24,95,3383.0,13763.0,pt,1950.0,12330.0,1950.0,"{'duration': 1455, 'source_transfer_time': 0, 'waiting_time': 195, 'trip_time': 1260, 'num_transfers': 3, 'departure_time': 10815, 'departure_day': 'current_day', 'arrival_time': 12270, 'arrival_day': 'current_day', 'steps': [{'duration': 330, 'departure_time': 11010, 'arrival_time': 11340, 'day': 'current_day', 'from_stop_id': '24-3', 'to_stop_id': '56-3', 'trip_id': '5-1-9', 'agency_name': 'Unknown'}, {'duration': 330, 'departure_time': 11400, 'arrival_time': 11730, 'day': 'current_day', 'from_stop_id': '56-3', 'to_stop_id': '85-3', 'trip_id': '5-1-14', 'agency_name': 'Unknown'}, {'duration': 30, 'departure_time': 11730, 'arrival_time': 11760, 'day': 'current_day', 'from_stop_id': '85-3', 'to_stop_id': '85-5', 'trip_id': 'walking', 'agency_name': 'Unknown'}, {'duration': 210, 'departure_time': 12060, 'arrival_time': 12270, 'day': 'current_day', 'from_stop_id': '85-5', 'to_stop_id': '95-5', 'trip_id': '8-0-13', 'agency_name': 'Unknown'}]}"
96,58,10440,intra,left,171,[96],[58],0,0,0,0,10440,10500.0,12150.0,12210.0,1650.0,2.0,96,58,3383.0,13823.0,pt,1770.0,12210.0,1770.0,"{'duration': 1650, 'source_transfer_time': 0, 'waiting_time': 450, 'trip_time': 1200, 'num_transfers': 2, 'departure_time': 10500, 'departure_day': 'current_day', 'arrival_time': 12150, 'arrival_day': 'current_day', 'steps': [{'duration': 810, 'departure_time': 10950, 'arrival_time': 11760, 'day': 'current_day', 'from_stop_id': '96-5', 'to_stop_id': 'MH-L-5', 'trip_id': '8-1-14', 'agency_name': 'Unknown'}, {'duration': 30, 'departure_time': 11760, 'arrival_time': 11790, 'day': 'current_day', 'from_stop_id': 'MH-L-5', 'to_stop_id': 'MH-L-1', 'trip_id': 'walking', 'agency_name': 'Unknown'}, {'duration': 210, 'departure_time': 11940, 'arrival_time': 12150, 'day': 'current_day', 'from_stop_id': 'MH-L-1', 'to_stop_id': '58-1', 'trip_id': '1-0-14', 'agency_name': 'Unknown'}]}"
73,5,8370,intra,left,172,[74],[5],500,375,0,0,8745,8805.0,10740.0,10800.0,1935.0,4.0,74,5,4135.0,12505.0,pt,2430.0,10800.0,2430.0,"{'duration': 1935, 'source_transfer_time': 0, 'waiting_time': 525, 'trip_time': 1410, 'num_transfers': 4, 'departure_time': 8805, 'departure_day': 'current_day', 'arrival_time': 10740, 'arrival_day': 'current_day', 'steps': [{'duration': 210, 'departure_time': 9330, 'arrival_time': 9540, 'day': 'current_day', 'from_stop_id': '74-3', 'to_stop_id': '56-3', 'trip_id': '5-0-6', 'agency_name': 'Unknown'}, {'duration': 30, 'departure_time': 9540, 'arrival_time': 9570, 'day': 'current_day', 'from_stop_id': '56-3', 'to_stop_id': '56-1', 'trip_id': 'walking', 'agency_name': 'Unknown'}, {'duration': 330, 'departure_time': 9630, 'arrival_time': 9960, 'day': 'current_day', 'from_stop_id': '56-1', 'to_stop_id': 'MH-L-1', 'trip_id': '1-0-11', 'agency_name': 'Unknown'}, {'duration': 30, 'departure_time': 9960, 'arrival_time': 9990, 'day': 'current_day', 'from_stop_id': 'MH-L-1', 'to_stop_id': 'MH-L-2', 'trip_id': 'walking', 'agency_name': 'Unknown'}, {'duration': 600, 'departure_time': 10140, 'arrival_time': 10740, 'day': 'current_day', 'from_stop_id': 'MH-L-2', 'to_stop_id': '5-2', 'trip_id': '2-0-11', 'agency_name': 'Unknown'}]}"
27,53,11850,intra,left,173,[27],[61],0,0,500,375,11850,11910.0,13140.0,13200.0,1230.0,2.0,27,61,2631.0,14481.0,pt,1725.0,13575.0,1725.0,"{'duration': 1230, 'source_transfer_time': 0, 'waiting_time': 120, 'trip_time': 1110, 'num_transfers': 2, 'departure_time': 11910, 'departure_day': 'current_day', 'arrival_time': 13140, 'arrival_day': 'current_day', 'steps': [{'duration': 330, 'departure_time': 12030, 'arrival_time': 12360, 'day': 'current_day', 'from_stop_id': '27-2', 'to_stop_id': 'MH-L-2', 'trip_id': '2-1-15', 'agency_name': 'Unknown'}, {'duration': 30, 'departure_time': 12360, 'arrival_time': 12390, 'day': 'current_day', 'from_stop_id': 'MH-L-2', 'to_stop_id': 'MH-L-1', 'trip_id': 'walking', 'agency_name': 'Unknown'}, {'duration': 600, 'departure_time': 12540, 'arrival_time': 13140, 'day': 'current_day', 'from_stop_id': 'MH-L-1', 'to_stop_id': '61-1', 'trip_id': '1-0-15', 'agency_name': 'Unknown'}]}"
93,27,9720,intra,left,174,[92; 104],[27],500,375,0,0,10095,10155.0,11670.0,11730.0,1515.0,2.0,92,27,4135.0,13855.0,pt,2010.0,11730.0,2010.0,"{'duration': 1515, 'source_transfer_time': 0, 'waiting_time': 195, 'trip_time': 1320, 'num_transfers': 2, 'departure_time': 10155, 'departure_day': 'current_day', 'arrival_time': 11670, 'arrival_day': 'current_day', 'steps': [{'duration': 810, 'departure_time': 10350, 'arrival_time': 11160, 'day': 'current_day', 'from_stop_id': '92-4', 'to_stop_id': 'MH-L-4', 'trip_id': '7-1-13', 'agency_name': 'Unknown'}, {'duration': 30, 'departure_time': 11160, 'arrival_time': 11190, 'day': 'current_day', 'from_stop_id': 'MH-L-4', 'to_stop_id': 'MH-L-2', 'trip_id': 'walking', 'agency_name': 'Unknown'}, {'duration': 330, 'departure_time': 11340, 'arrival_time': 11670, 'day': 'current_day', 'from_stop_id': 'MH-L-2', 'to_stop_id': '27-2', 'trip_id': '2-0-13', 'agency_name': 'Unknown'}]}"
114,17,11220,intra,left,175,[103; 115],[16; 28],500,375,500,375,11595,11655.0,13470.0,13530.0,1815.0,2.0,103,28,4511.0,15731.0,pt,2685.0,13905.0,2685.0,"{'duration': 1815, 'source_transfer_time': 0, 'waiting_time': 375, 'trip_time': 1440, 'num_transfers': 2, 'departure_time': 11655, 'departure_day': 'current_day', 'arrival_time': 13470, 'arrival_day': 'current_day', 'steps': [{'duration': 210, 'departure_time': 12030, 'arrival_time': 12240, 'day': 'current_day', 'from_stop_id': '103-4', 'to_stop_id': '91-4', 'trip_id': '7-1-16', 'agency_name': 'Unknown'}, {'duration': 30, 'departure_time': 12240, 'arrival_time': 12270, 'day': 'current_day', 'from_stop_id': '91-4', 'to_stop_id': '91-3', 'trip_id': 'walking', 'agency_name': 'Unknown'}, {'duration': 960, 'departure_time': 12510, 'arrival_time': 13470, 'day': 'current_day', 'from_stop_id': '91-3', 'to_stop_id': '28-3', 'trip_id': '5-1-14', 'agency_name': 'Unknown'}]}"
92,8,13980,intra,left,176,[92],[9; 19],0,0,500,375,13980,14040.0,15750.0,15810.0,1710.0,4.0,92,19,3383.0,17363.0,pt,2205.0,16185.0,2205.0,"{'duration': 1710, 'source_transfer_time': 0, 'waiting_time': 510, 'trip_time': 1200, 'num_transfers': 4, 'departure_time': 14040, 'departure_day': 'current_day', 'arrival_time': 15750, 'arrival_day': 'current_day', 'steps': [{'duration': 90, 'departure_time': 14550, 'arrival_time': 14640, 'day': 'current_day', 'from_stop_id': '92-4', 'to_stop_id': '91-4', 'trip_id': '7-1-20', 'agency_name': 'Unknown'}, {'duration': 30, 'departure_time': 14640, 'arrival_time': 14670, 'day': 'current_day', 'from_stop_id': '91-4', 'to_stop_id': '91-3', 'trip_id': 'walking', 'agency_name': 'Unknown'}, {'duration': 720, 'departure_time': 14910, 'arrival_time': 15630, 'day': 'current_day', 'from_stop_id': '91-3', 'to_stop_id': '30-3', 'trip_id': '5-1-18', 'agency_name': 'Unknown'}, {'duration': 30, 'departure_time': 15630, 'arrival_time': 15660, 'day': 'current_day', 'from_stop_id': '30-3', 'to_stop_id': '30-5', 'trip_id': 'walking', 'agency_name': 'Unknown'}, {'duration': 90, 'departure_time': 15660, 'arrival_time': 15750, 'day': 'current_day', 'from_stop_id': '30-5', 'to_stop_id': '19-5', 'trip_id': '8-1-19', 'agency_name': 'Unknown'}]}"
38,82,10680,intra,left,177,[38],[61; 80; 92; 104],0,0,1000,751,10680,10740.0,11910.0,11970.0,1170.0,2.0,38,80,3383.0,14063.0,pt,2041.0,12721.0,2041.0,"{'duration': 1170, 'source_transfer_time': 0, 'waiting_time': 210, 'trip_time': 960, 'num_transfers': 2, 'departure_time': 10740, 'departure_day': 'current_day', 'arrival_time': 11910, 'arrival_day': 'current_day', 'steps': [{'duration': 210, 'departure_time': 10950, 'arrival_time': 11160, 'day': 'current_day', 'from_stop_id': '38-2', 'to_stop_id': 'MH-L-2', 'trip_id': '2-1-13', 'agency_name': 'Unknown'}, {'duration': 30, 'departure_time': 11160, 'arrival_time': 11190, 'day': 'current_day', 'from_stop_id': 'MH-L-2', 'to_stop_id': 'MH-L-4', 'trip_id': 'walking', 'agency_name': 'Unknown'}, {'duration': 570, 'departure_time': 11340, 'arrival_time': 11910, 'day': 'current_day', 'from_stop_id': 'MH-L-4', 'to_stop_id': '80-4', 'trip_id': '7-0-13', 'agency_name': 'Unknown'}]}"
49,87,7770,intra,left,178,[49],[87],0,0,0,0,7770,7830.0,8940.0,9000.0,1110.0,5.0,49,87,2255.0,10025.0,pt,1230.0,9000.0,1230.0,"{'duration': 1110, 'source_transfer_time': 0, 'waiting_time': 120, 'trip_time': 990, 'num_transfers': 5, 'departure_time': 7830, 'departure_day': 'current_day', 'arrival_time': 8940, 'arrival_day': 'current_day', 'steps': [{'duration': 90, 'departure_time': 7950, 'arrival_time': 8040, 'day': 'current_day', 'from_stop_id': '49-5', 'to_stop_id': '116-5', 'trip_id': '8-0-8', 'agency_name': 'Unknown'}, {'duration': 30, 'departure_time': 8040, 'arrival_time': 8070, 'day': 'current_day', 'from_stop_id': '116-5', 'to_stop_id': '116-2', 'trip_id': 'walking', 'agency_name': 'Unknown'}, {'duration': 90, 'departure_time': 8070, 'arrival_time': 8160, 'day': 'current_day', 'from_stop_id': '116-2', 'to_stop_id': 'MH-L-2', 'trip_id': '2-1-8', 'agency_name': 'Unknown'}, {'duration': 330, 'departure_time': 8340, 'arrival_time': 8670, 'day': 'current_day', 'from_stop_id': 'MH-L-2', 'to_stop_id': '88-2', 'trip_id': '2-1-8', 'agency_name': 'Unknown'}, {'duration': 30, 'departure_time': 8670, 'arrival_time': 8700, 'day': 'current_day', 'from_stop_id': '88-2', 'to_stop_id': '88-3', 'trip_id': 'walking', 'agency_name': 'Unknown'}, {'duration': 90, 'departure_time': 8850, 'arrival_time': 8940, 'day': 'current_day', 'from_stop_id': '88-3', 'to_stop_id': '87-3', 'trip_id': '5-0-6', 'agency_name': 'Unknown'}]}"
38,101,7140,intra,left,179,[38],[90],0,0,500,375,7140,7200.0,8550.0,8610.0,1350.0,4.0,38,90,3007.0,10147.0,pt,1845.0,8985.0,1845.0,"{'duration': 1350, 'source_transfer_time': 0, 'waiting_time': 150, 'trip_time': 1200, 'num_transfers': 4, 'departure_time': 7200, 'departure_day': 'current_day', 'arrival_time': 8550, 'arrival_day': 'current_day', 'steps': [{'duration': 210, 'departure_time': 7350, 'arrival_time': 7560, 'day': 'current_day', 'from_stop_id': '38-2', 'to_stop_id': 'MH-L-2', 'trip_id': '2-1-7', 'agency_name': 'Unknown'}, {'duration': 30, 'departure_time': 7560, 'arrival_time': 7590, 'day': 'current_day', 'from_stop_id': 'MH-L-2', 'to_stop_id': 'MH-L-1', 'trip_id': 'walking', 'agency_name': 'Unknown'}, {'duration': 330, 'departure_time': 7740, 'arrival_time': 8070, 'day': 'current_day', 'from_stop_id': 'MH-L-1', 'to_stop_id': '59-1', 'trip_id': '1-0-7', 'agency_name': 'Unknown'}, {'duration': 30, 'departure_time': 8070, 'arrival_time': 8100, 'day': 'current_day', 'from_stop_id': '59-1', 'to_stop_id': '59-3', 'trip_id': 'walking', 'agency_name': 'Unknown'}, {'duration': 450, 'departure_time': 8100, 'arrival_time': 8550, 'day': 'current_day', 'from_stop_id': '59-3', 'to_stop_id': '90-3', 'trip_id': '5-0-6', 'agency_name': 'Unknown'}]}"
64,59,9330,intra,left,180,[64],[59],0,0,0,0,9330,9390.0,10470.0,10530.0,1080.0,2.0,64,59,2631.0,11961.0,pt,1200.0,10530.0,1200.0,"{'duration': 1080, 'source_transfer_time': 0, 'waiting_time': 60, 'trip_time': 1020, 'num_transfers': 2, 'departure_time': 9390, 'departure_day': 'current_day', 'arrival_time': 10470, 'arrival_day': 'current_day', 'steps': [{'duration': 90, 'departure_time': 9450, 'arrival_time': 9540, 'day': 'current_day', 'from_stop_id': '64-3', 'to_stop_id': '56-3', 'trip_id': '5-0-6', 'agency_name': 'Unknown'}, {'duration': 30, 'departure_time': 9540, 'arrival_time': 9570, 'day': 'current_day', 'from_stop_id': '56-3', 'to_stop_id': '56-1', 'trip_id': 'walking', 'agency_name': 'Unknown'}, {'duration': 840, 'departure_time': 9630, 'arrival_time': 10470, 'day': 'current_day', 'from_stop_id': '56-1', 'to_stop_id': '59-1', 'trip_id': '1-0-11', 'agency_name': 'Unknown'}]}"
20,94,5070,intra,left,181,[20],[95; 105],0,0,500,375,5070,5130.0,7470.0,7530.0,2340.0,0.0,20,95,6390.0,11460.0,pt,2835.0,7905.0,2835.0,"{'duration': 2340, 'source_transfer_time': 0, 'waiting_time': 300, 'trip_time': 2040, 'num_transfers': 0, 'departure_time': 5130, 'departure_day': 'current_day', 'arrival_time': 7470, 'arrival_day': 'current_day', 'steps': [{'duration': 2040, 'departure_time': 5430, 'arrival_time': 7470, 'day': 'current_day', 'from_stop_id': '20-5', 'to_stop_id': '95-5', 'trip_id': '8-0-5', 'agency_name': 'Unknown'}]}"
108,60,14160,intra,left,182,[86; 96; 106; 110],[60],1000,751,0,0,14911,14971.0,16620.0,16680.0,1649.0,3.0,86,60,4135.0,18295.0,pt,2520.0,16680.0,2520.0,"{'duration': 1649, 'source_transfer_time': 0, 'waiting_time': 119, 'trip_time': 1530, 'num_transfers': 3, 'departure_time': 14971, 'departure_day': 'current_day', 'arrival_time': 16620, 'arrival_day': 'current_day', 'steps': [{'duration': 450, 'departure_time': 15090, 'arrival_time': 15540, 'day': 'current_day', 'from_stop_id': '86-3', 'to_stop_id': '56-3', 'trip_id': '5-0-16', 'agency_name': 'Unknown'}, {'duration': 30, 'departure_time': 15540, 'arrival_time': 15570, 'day': 'current_day', 'from_stop_id': '56-3', 'to_stop_id': '56-1', 'trip_id': 'walking', 'agency_name': 'Unknown'}, {'duration': 330, 'departure_time': 15630, 'arrival_time': 15960, 'day': 'current_day', 'from_stop_id': '56-1', 'to_stop_id': 'MH-L-1', 'trip_id': '1-0-21', 'agency_name': 'Unknown'}, {'duration': 480, 'departure_time': 16140, 'arrival_time': 16620, 'day': 'current_day', 'from_stop_id': 'MH-L-1', 'to_stop_id': '60-1', 'trip_id': '1-0-21', 'agency_name': 'Unknown'}]}"
5,74,8070,intra,left,183,[5],[74],0,0,0,0,8070,8130.0,9810.0,9870.0,1680.0,4.0,5,74,3759.0,11829.0,pt,1800.0,9870.0,1800.0,"{'duration': 1680, 'source_transfer_time': 0, 'waiting_time': 30, 'trip_time': 1650, 'num_transfers': 4, 'departure_time': 8130, 'departure_day': 'current_day', 'arrival_time': 9810, 'arrival_day': 'current_day', 'steps': [{'duration': 600, 'departure_time': 8160, 'arrival_time': 8760, 'day': 'current_day', 'from_stop_id': '5-2', 'to_stop_id': 'MH-L-2', 'trip_id': '2-1-9', 'agency_name': 'Unknown'}, {'duration': 30, 'departure_time': 8760, 'arrival_time': 8790, 'day': 'current_day', 'from_stop_id': 'MH-L-2', 'to_stop_id': 'MH-L-1', 'trip_id': 'walking', 'agency_name': 'Unknown'}, {'duration': 330, 'departure_time': 8940, 'arrival_time': 9270, 'day': 'current_day', 'from_stop_id': 'MH-L-1', 'to_stop_id': '56-1', 'trip_id': '1-1-9', 'agency_name': 'Unknown'}, {'duration': 30, 'departure_time': 9270, 'arrival_time': 9300, 'day': 'current_day', 'from_stop_id': '56-1', 'to_stop_id': '56-3', 'trip_id': 'walking', 'agency_name': 'Unknown'}, {'duration': 210, 'departure_time': 9600, 'arrival_time': 9810, 'day': 'current_day', 'from_stop_id': '56-3', 'to_stop_id': '74-3', 'trip_id': '5-1-11', 'agency_name': 'Unknown'}]}"
32,36,4320,intra,left,184,[10; 20; 30],[36],1000,751,0,0,5071,5131.0,6480.0,6540.0,1349.0,2.0,30,36,3007.0,7327.0,pt,2220.0,6540.0,2220.0,"{'duration': 1349, 'source_transfer_time': 0, 'waiting_time': 329, 'trip_time': 1020, 'num_transfers': 2, 'departure_time': 5131, 'departure_day': 'current_day', 'arrival_time': 6480, 'arrival_day': 'current_day', 'steps': [{'duration': 840, 'departure_time': 5460, 'arrival_time': 6300, 'day': 'current_day', 'from_stop_id': '30-3', 'to_stop_id': '35-3', 'trip_id': '5-1-1', 'agency_name': 'Unknown'}, {'duration': 30, 'departure_time': 6300, 'arrival_time': 6330, 'day': 'current_day', 'from_stop_id': '35-3', 'to_stop_id': '35-4', 'trip_id': 'walking', 'agency_name': 'Unknown'}, {'duration': 90, 'departure_time': 6390, 'arrival_time': 6480, 'day': 'current_day', 'from_stop_id': '35-4', 'to_stop_id': '36-4', 'trip_id': '7-0-6', 'agency_name': 'Unknown'}]}"
39,112,14220,intra,left,185,[39],[90; 110],0,0,1000,751,14220,14280.0,15540.0,15600.0,1260.0,3.0,39,110,3007.0,17227.0,pt,2131.0,16351.0,2131.0,"{'duration': 1260, 'source_transfer_time': 0, 'waiting_time': 150, 'trip_time': 1110, 'num_transfers': 3, 'departure_time': 14280, 'departure_day': 'current_day', 'arrival_time': 15540, 'arrival_day': 'current_day', 'steps': [{'duration': 210, 'departure_time': 14430, 'arrival_time': 14640, 'day': 'current_day', 'from_stop_id': '39-5', 'to_stop_id': '116-5', 'trip_id': '8-0-19', 'agency_name': 'Unknown'}, {'duration': 30, 'departure_time': 14640, 'arrival_time': 14670, 'day': 'current_day', 'from_stop_id': '116-5', 'to_stop_id': '116-2', 'trip_id': 'walking', 'agency_name': 'Unknown'}, {'duration': 90, 'departure_time': 14670, 'arrival_time': 14760, 'day': 'current_day', 'from_stop_id': '116-2', 'to_stop_id': 'MH-L-2', 'trip_id': '2-1-19', 'agency_name': 'Unknown'}, {'duration': 600, 'departure_time': 14940, 'arrival_time': 15540, 'day': 'current_day', 'from_stop_id': 'MH-L-2', 'to_stop_id': '110-2', 'trip_id': '2-1-19', 'agency_name': 'Unknown'}]}"
69,1,9000,intra,left,186,[69],[0; 12],0,0,500,375,9000,9060.0,11070.0,11130.0,2010.0,2.0,69,12,4887.0,13887.0,pt,2505.0,11505.0,2505.0,"{'duration': 2010, 'source_transfer_time': 0, 'waiting_time': 90, 'trip_time': 1920, 'num_transfers': 2, 'departure_time': 9060, 'departure_day': 'current_day', 'arrival_time': 11070, 'arrival_day': 'current_day', 'steps': [{'duration': 1350, 'departure_time': 9150, 'arrival_time': 10500, 'day': 'current_day', 'from_stop_id': '69-3', 'to_stop_id': '35-3', 'trip_id': '5-1-8', 'agency_name': 'Unknown'}, {'duration': 30, 'departure_time': 10500, 'arrival_time': 10530, 'day': 'current_day', 'from_stop_id': '35-3', 'to_stop_id': '35-4', 'trip_id': 'walking', 'agency_name': 'Unknown'}, {'duration': 330, 'departure_time': 10740, 'arrival_time': 11070, 'day': 'current_day', 'from_stop_id': '35-4', 'to_stop_id': '12-4', 'trip_id': '7-1-11', 'agency_name': 'Unknown'}]}"
61,99,5610,intra,left,187,[61],[99],0,0,0,0,5610,5670.0,7020.0,7080.0,1350.0,2.0,61,99,3383.0,8993.0,pt,1470.0,7080.0,1470.0,"{'duration': 1350, 'source_transfer_time': 0, 'waiting_time': 90, 'trip_time': 1260, 'num_transfers': 2, 'departure_time': 5670, 'departure_day': 'current_day', 'arrival_time': 7020, 'arrival_day': 'current_day', 'steps': [{'duration': 600, 'departure_time': 5760, 'arrival_time': 6360, 'day': 'current_day', 'from_stop_id': '61-1', 'to_stop_id': 'MH-L-1', 'trip_id': '1-1-5', 'agency_name': 'Unknown'}, {'duration': 30, 'departure_time': 6360, 'arrival_time': 6390, 'day': 'current_day', 'from_stop_id': 'MH-L-1', 'to_stop_id': 'MH-L-2', 'trip_id': 'walking', 'agency_name': 'Unknown'}, {'duration': 480, 'departure_time': 6540, 'arrival_time': 7020, 'day': 'current_day', 'from_stop_id': 'MH-L-2', 'to_stop_id': '99-2', 'trip_id': '2-1-5', 'agency_name': 'Unknown'}]}"
5,99,6060,intra,left,188,[5],[99],0,0,0,0,6060,6120.0,7620.0,7680.0,1500.0,0.0,5,99,3383.0,9443.0,pt,1620.0,7680.0,1620.0,"{'duration': 1500, 'source_transfer_time': 0, 'waiting_time': 240, 'trip_time': 1260, 'num_transfers': 0, 'departure_time': 6120, 'departure_day': 'current_day', 'arrival_time': 7620, 'arrival_day': 'current_day', 'steps': [{'duration': 1260, 'departure_time': 6360, 'arrival_time': 7620, 'day': 'current_day', 'from_stop_id': '5-2', 'to_stop_id': '99-2', 'trip_id': '2-1-6', 'agency_name': 'Unknown'}]}"
67,42,11940,intra,left,189,[67],[41],0,0,500,375,11940,12000.0,13110.0,13170.0,1110.0,2.0,67,41,2255.0,14195.0,pt,1605.0,13545.0,1605.0,"{'duration': 1110, 'source_transfer_time': 0, 'waiting_time': 180, 'trip_time': 930, 'num_transfers': 2, 'departure_time': 12000, 'departure_day': 'current_day', 'arrival_time': 13110, 'arrival_day': 'current_day', 'steps': [{'duration': 330, 'departure_time': 12180, 'arrival_time': 12510, 'day': 'current_day', 'from_stop_id': '67-4', 'to_stop_id': '80-4', 'trip_id': '7-0-14', 'agency_name': 'Unknown'}, {'duration': 30, 'departure_time': 12510, 'arrival_time': 12540, 'day': 'current_day', 'from_stop_id': '80-4', 'to_stop_id': '80-3', 'trip_id': 'walking', 'agency_name': 'Unknown'}, {'duration': 480, 'departure_time': 12630, 'arrival_time': 13110, 'day': 'current_day', 'from_stop_id': '80-3', 'to_stop_id': '41-3', 'trip_id': '5-1-14', 'agency_name': 'Unknown'}]}"
64,10,9990,intra,left,190,[64],[10],0,0,0,0,9990,10050.0,11910.0,11970.0,1860.0,4.0,64,10,5263.0,15253.0,pt,1980.0,11970.0,1980.0,"{'duration': 1860, 'source_transfer_time': 0, 'waiting_time': 0, 'trip_time': 1860, 'num_transfers': 4, 'departure_time': 10050, 'departure_day': 'current_day', 'arrival_time': 11910, 'arrival_day': 'current_day', 'steps': [{'duration': 90, 'departure_time': 10050, 'arrival_time': 10140, 'day': 'current_day', 'from_stop_id': '64-3', 'to_stop_id': '56-3', 'trip_id': '5-0-7', 'agency_name': 'Unknown'}, {'duration': 30, 'departure_time': 10140, 'arrival_time': 10170, 'day': 'current_day', 'from_stop_id': '56-3', 'to_stop_id': '56-1', 'trip_id': 'walking', 'agency_name': 'Unknown'}, {'duration': 330, 'departure_time': 10230, 'arrival_time': 10560, 'day': 'current_day', 'from_stop_id': '56-1', 'to_stop_id': 'MH-L-1', 'trip_id': '1-0-12', 'agency_name': 'Unknown'}, {'duration': 30, 'departure_time': 10560, 'arrival_time': 10590, 'day': 'current_day', 'from_stop_id': 'MH-L-1', 'to_stop_id': 'MH-L-5', 'trip_id': 'walking', 'agency_name': 'Unknown'}, {'duration': 1170, 'departure_time': 10740, 'arrival_time': 11910, 'day': 'current_day', 'from_stop_id': 'MH-L-5', 'to_stop_id': '10-5', 'trip_id': '8-1-12', 'agency_name': 'Unknown'}]}"
36,67,7470,intra,left,191,[36],[67],0,0,0,0,7470,7530.0,8550.0,8610.0,1020.0,0.0,36,67,2255.0,9725.0,pt,1140.0,8610.0,1140.0,"{'duration': 1020, 'source_transfer_time': 0, 'waiting_time': 180, 'trip_time': 840, 'num_transfers': 0, 'departure_time': 7530, 'departure_day': 'current_day', 'arrival_time': 8550, 'arrival_day': 'current_day', 'steps': [{'duration': 840, 'departure_time': 7710, 'arrival_time': 8550, 'day': 'current_day', 'from_stop_id': '36-4', 'to_stop_id': '67-4', 'trip_id': '7-0-8', 'agency_name': 'Unknown'}]}"
119,7,8220,intra,left,192,[119],[5; 9; 19; 29],0,0,1000,751,8220,8280.0,9510.0,9570.0,1230.0,0.0,119,29,3007.0,11227.0,pt,2101.0,10321.0,2101.0,"{'duration': 1230, 'source_transfer_time': 0, 'waiting_time': 390, 'trip_time': 840, 'num_transfers': 0, 'departure_time': 8280, 'departure_day': 'current_day', 'arrival_time': 9510, 'arrival_day': 'current_day', 'steps': [{'duration': 840, 'departure_time': 8670, 'arrival_time': 9510, 'day': 'current_day', 'from_stop_id': '119-5', 'to_stop_id': '29-5', 'trip_id': '8-1-9', 'agency_name': 'Unknown'}]}"
61,74,11730,intra,left,193,[61],[74],0,0,0,0,11730,11790.0,14010.0,14070.0,2220.0,2.0,61,74,3759.0,15489.0,pt,2340.0,14070.0,2340.0,"{'duration': 2220, 'source_transfer_time': 0, 'waiting_time': 570, 'trip_time': 1650, 'num_transfers': 2, 'departure_time': 11790, 'departure_day': 'current_day', 'arrival_time': 14010, 'arrival_day': 'current_day', 'steps': [{'duration': 1110, 'departure_time': 12360, 'arrival_time': 13470, 'day': 'current_day', 'from_stop_id': '61-1', 'to_stop_id': '56-1', 'trip_id': '1-1-16', 'agency_name': 'Unknown'}, {'duration': 30, 'departure_time': 13470, 'arrival_time': 13500, 'day': 'current_day', 'from_stop_id': '56-1', 'to_stop_id': '56-3', 'trip_id': 'walking', 'agency_name': 'Unknown'}, {'duration': 210, 'departure_time': 13800, 'arrival_time': 14010, 'day': 'current_day', 'from_stop_id': '56-3', 'to_stop_id': '74-3', 'trip_id': '5-1-18', 'agency_name': 'Unknown'}]}"
56,51,5790,intra,left,194,[56],[51],0,0,0,0,5790,5850.0,6990.0,7050.0,1140.0,2.0,56,51,2631.0,8421.0,pt,1260.0,7050.0,1260.0,"{'duration': 1140, 'source_transfer_time': 0, 'waiting_time': 180, 'trip_time': 960, 'num_transfers': 2, 'departure_time': 5850, 'departure_day': 'current_day', 'arrival_time': 6990, 'arrival_day': 'current_day', 'steps': [{'duration': 840, 'departure_time': 6030, 'arrival_time': 6870, 'day': 'current_day', 'from_stop_id': '56-1', 'to_stop_id': '59-1', 'trip_id': '1-0-5', 'agency_name': 'Unknown'}, {'duration': 30, 'departure_time': 6870, 'arrival_time': 6900, 'day': 'current_day', 'from_stop_id': '59-1', 'to_stop_id': '59-3', 'trip_id': 'walking', 'agency_name': 'Unknown'}, {'duration': 90, 'departure_time': 6900, 'arrival_time': 6990, 'day': 'current_day', 'from_stop_id': '59-3', 'to_stop_id': '51-3', 'trip_id': '5-1-4', 'agency_name': 'Unknown'}]}"
63,118,12810,intra,left,195,[55; 64],[118],500,375,0,0,13185,13245.0,14430.0,14490.0,1185.0,0.0,55,118,2255.0,15065.0,pt,1680.0,14490.0,1680.0,"{'duration': 1185, 'source_transfer_time': 0, 'waiting_time': 435, 'trip_time': 750, 'num_transfers': 0, 'departure_time': 13245, 'departure_day': 'current_day', 'arrival_time': 14430, 'arrival_day': 'current_day', 'steps': [{'duration': 750, 'departure_time': 13680, 'arrival_time': 14430, 'day': 'current_day', 'from_stop_id': '55-1', 'to_stop_id': '118-1', 'trip_id': '1-0-18', 'agency_name': 'Unknown'}]}"
85,5,13980,intra,left,196,[85],[5],0,0,0,0,13980,14040.0,15540.0,15600.0,1500.0,3.0,85,5,4135.0,18115.0,pt,1620.0,15600.0,1620.0,"{'duration': 1500, 'source_transfer_time': 0, 'waiting_time': 30, 'trip_time': 1470, 'num_transfers': 3, 'departure_time': 14040, 'departure_day': 'current_day', 'arrival_time': 15540, 'arrival_day': 'current_day', 'steps': [{'duration': 570, 'departure_time': 14070, 'arrival_time': 14640, 'day': 'current_day', 'from_stop_id': '85-5', 'to_stop_id': '119-5', 'trip_id': '8-1-19', 'agency_name': 'Unknown'}, {'duration': 30, 'departure_time': 14640, 'arrival_time': 14670, 'day': 'current_day', 'from_stop_id': '119-5', 'to_stop_id': '119-2', 'trip_id': 'walking', 'agency_name': 'Unknown'}, {'duration': 90, 'departure_time': 14670, 'arrival_time': 14760, 'day': 'current_day', 'from_stop_id': '119-2', 'to_stop_id': 'MH-L-2', 'trip_id': '2-0-19', 'agency_name': 'Unknown'}, {'duration': 600, 'departure_time': 14940, 'arrival_time': 15540, 'day': 'current_day', 'from_stop_id': 'MH-L-2', 'to_stop_id': '5-2', 'trip_id': '2-0-19', 'agency_name': 'Unknown'}]}"
12,53,10140,intra,left,197,[12],[61],0,0,500,375,10140,10200.0,11940.0,12000.0,1740.0,3.0,12,61,4511.0,14651.0,pt,2235.0,12375.0,2235.0,"{'duration': 1740, 'source_transfer_time': 0, 'waiting_time': 30, 'trip_time': 1710, 'num_transfers': 3, 'departure_time': 10200, 'departure_day': 'current_day', 'arrival_time': 11940, 'arrival_day': 'current_day', 'steps': [{'duration': 810, 'departure_time': 10230, 'arrival_time': 11040, 'day': 'current_day', 'from_stop_id': '12-4', 'to_stop_id': '117-4', 'trip_id': '7-0-13', 'agency_name': 'Unknown'}, {'duration': 30, 'departure_time': 11040, 'arrival_time': 11070, 'day': 'current_day', 'from_stop_id': '117-4', 'to_stop_id': '117-1', 'trip_id': 'walking', 'agency_name': 'Unknown'}, {'duration': 90, 'departure_time': 11070, 'arrival_time': 11160, 'day': 'current_day', 'from_stop_id': '117-1', 'to_stop_id': 'MH-L-1', 'trip_id': '1-0-13', 'agency_name': 'Unknown'}, {'duration': 600, 'departure_time': 11340, 'arrival_time': 11940, 'day': 'current_day', 'from_stop_id': 'MH-L-1', 'to_stop_id': '61-1', 'trip_id': '1-0-13', 'agency_name': 'Unknown'}]}"
111,26,12390,intra,left,198,[110],[26],500,375,0,0,12765,12825.0,14340.0,14400.0,1515.0,2.0,110,26,3759.0,16149.0,pt,2010.0,14400.0,2010.0,"{'duration': 1515, 'source_transfer_time': 0, 'waiting_time': 135, 'trip_time': 1380, 'num_transfers': 2, 'departure_time': 12825, 'departure_day': 'current_day', 'arrival_time': 14340, 'arrival_day': 'current_day', 'steps': [{'duration': 1110, 'departure_time': 12960, 'arrival_time': 14070, 'day': 'current_day', 'from_stop_id': '110-2', 'to_stop_id': '27-2', 'trip_id': '2-0-17', 'agency_name': 'Unknown'}, {'duration': 30, 'departure_time': 14070, 'arrival_time': 14100, 'day': 'current_day', 'from_stop_id': '27-2', 'to_stop_id': '27-3', 'trip_id': 'walking', 'agency_name': 'Unknown'}, {'duration': 90, 'departure_time': 14250, 'arrival_time': 14340, 'day': 'current_day', 'from_stop_id': '27-3', 'to_stop_id': '26-3', 'trip_id': '5-1-15', 'agency_name': 'Unknown'}]}"
0,113,13950,intra,left,199,[0],[91; 103; 115],0,0,1000,751,13950,14010.0,16230.0,16290.0,2220.0,0.0,0,91,6766.0,20716.0,pt,3091.0,17041.0,3091.0,"{'duration': 2220, 'source_transfer_time': 0, 'waiting_time': 180, 'trip_time': 2040, 'num_transfers': 0, 'departure_time': 14010, 'departure_day': 'current_day', 'arrival_time': 16230, 'arrival_day': 'current_day', 'steps': [{'duration': 2040, 'departure_time': 14190, 'arrival_time': 16230, 'day': 'current_day', 'from_stop_id': '0-4', 'to_stop_id': '91-4', 'trip_id': '7-0-20', 'agency_name': 'Unknown'}]}"
44,40,5910,intra,left,200,[54],[40],500,375,0,0,6285,6345.0,7590.0,7650.0,1245.0,2.0,54,40,3007.0,8917.0,pt,1740.0,7650.0,1740.0,"{'duration': 1245, 'source_transfer_time': 0, 'waiting_time': 15, 'trip_time': 1230, 'num_transfers': 2, 'departure_time': 6345, 'departure_day': 'current_day', 'arrival_time': 7590, 'arrival_day': 'current_day', 'steps': [{'duration': 600, 'departure_time': 6360, 'arrival_time': 6960, 'day': 'current_day', 'from_stop_id': '54-1', 'to_stop_id': 'MH-L-1', 'trip_id': '1-0-6', 'agency_name': 'Unknown'}, {'duration': 30, 'departure_time': 6960, 'arrival_time': 6990, 'day': 'current_day', 'from_stop_id': 'MH-L-1', 'to_stop_id': 'MH-L-5', 'trip_id': 'walking', 'agency_name': 'Unknown'}, {'duration': 450, 'departure_time': 7140, 'arrival_time': 7590, 'day': 'current_day', 'from_stop_id': 'MH-L-5', 'to_stop_id': '40-5', 'trip_id': '8-1-6', 'agency_name': 'Unknown'}]}"
56,98,12630,intra,left,201,[56],[87; 99],0,0,500,375,12630,12690.0,13770.0,13830.0,1080.0,0.0,56,87,2255.0,14885.0,pt,1575.0,14205.0,1575.0,"{'duration': 1080, 'source_transfer_time': 0, 'waiting_time': 510, 'trip_time': 570, 'num_transfers': 0, 'departure_time': 12690, 'departure_day': 'current_day', 'arrival_time': 13770, 'arrival_day': 'current_day', 'steps': [{'duration': 570, 'departure_time': 13200, 'arrival_time': 13770, 'day': 'current_day', 'from_stop_id': '56-3', 'to_stop_id': '87-3', 'trip_id': '5-1-17', 'agency_name': 'Unknown'}]}"
53,105,9930,intra,left,202,[61],[105],500,375,0,0,10305,10365.0,12510.0,12570.0,2145.0,2.0,61,105,6015.0,15945.0,pt,2640.0,12570.0,2640.0,"{'duration': 2145, 'source_transfer_time': 0, 'waiting_time': 195, 'trip_time': 1950, 'num_transfers': 2, 'departure_time': 10365, 'departure_day': 'current_day', 'arrival_time': 12510, 'arrival_day': 'current_day', 'steps': [{'duration': 600, 'departure_time': 10560, 'arrival_time': 11160, 'day': 'current_day', 'from_stop_id': '61-1', 'to_stop_id': 'MH-L-1', 'trip_id': '1-1-13', 'agency_name': 'Unknown'}, {'duration': 30, 'departure_time': 11160, 'arrival_time': 11190, 'day': 'current_day', 'from_stop_id': 'MH-L-1', 'to_stop_id': 'MH-L-5', 'trip_id': 'walking', 'agency_name': 'Unknown'}, {'duration': 1170, 'departure_time': 11340, 'arrival_time': 12510, 'day': 'current_day', 'from_stop_id': 'MH-L-5', 'to_stop_id': '105-5', 'trip_id': '8-0-13', 'agency_name': 'Unknown'}]}"
9,95,7740,intra,left,203,[9],[95],0,0,0,0,7740,7800.0,10470.0,10530.0,2670.0,0.0,9,95,6390.0,14130.0,pt,2790.0,10530.0,2790.0,"{'duration': 2670, 'source_transfer_time': 0, 'waiting_time': 510, 'trip_time': 2160, 'num_transfers': 0, 'departure_time': 7800, 'departure_day': 'current_day', 'arrival_time': 10470, 'arrival_day': 'current_day', 'steps': [{'duration': 2160, 'departure_time': 8310, 'arrival_time': 10470, 'day': 'current_day', 'from_stop_id': '9-5', 'to_stop_id': '95-5', 'trip_id': '8-0-10', 'agency_name': 'Unknown'}]}"
119,96,5700,intra,left,204,[119],[96],0,0,0,0,5700,5760.0,6750.0,6810.0,990.0,0.0,119,96,2255.0,7955.0,pt,1110.0,6810.0,1110.0,"{'duration': 990, 'source_transfer_time': 0, 'waiting_time': 300, 'trip_time': 690, 'num_transfers': 0, 'departure_time': 5760, 'departure_day': 'current_day', 'arrival_time': 6750, 'arrival_day': 'current_day', 'steps': [{'duration': 690, 'departure_time': 6060, 'arrival_time': 6750, 'day': 'current_day', 'from_stop_id': '119-5', 'to_stop_id': '96-5', 'trip_id': '8-0-4', 'agency_name': 'Unknown'}]}"
89,18,8550,intra,left,205,[89],[19; 29],0,0,500,375,8550,8610.0,9750.0,9810.0,1140.0,2.0,89,19,3007.0,11557.0,pt,1635.0,10185.0,1635.0,"{'duration': 1140, 'source_transfer_time': 0, 'waiting_time': 60, 'trip_time': 1080, 'num_transfers': 2, 'departure_time': 8610, 'departure_day': 'current_day', 'arrival_time': 9750, 'arrival_day': 'current_day', 'steps': [{'duration': 960, 'departure_time': 8670, 'arrival_time': 9630, 'day': 'current_day', 'from_stop_id': '89-3', 'to_stop_id': '30-3', 'trip_id': '5-1-8', 'agency_name': 'Unknown'}, {'duration': 30, 'departure_time': 9630, 'arrival_time': 9660, 'day': 'current_day', 'from_stop_id': '30-3', 'to_stop_id': '30-5', 'trip_id': 'walking', 'agency_name': 'Unknown'}, {'duration': 90, 'departure_time': 9660, 'arrival_time': 9750, 'day': 'current_day', 'from_stop_id': '30-5', 'to_stop_id': '19-5', 'trip_id': '8-1-9', 'agency_name': 'Unknown'}]}"
40,74,10590,intra,left,206,[40],[74],0,0,0,0,10590,10650.0,12210.0,12270.0,1560.0,4.0,40,74,3383.0,13973.0,pt,1680.0,12270.0,1680.0,"{'duration': 1560, 'source_transfer_time': 0, 'waiting_time': 60, 'trip_time': 1500, 'num_transfers': 4, 'departure_time': 10650, 'departure_day': 'current_day', 'arrival_time': 12210, 'arrival_day': 'current_day', 'steps': [{'duration': 450, 'departure_time': 10710, 'arrival_time': 11160, 'day': 'current_day', 'from_stop_id': '40-5', 'to_stop_id': 'MH-L-5', 'trip_id': '8-0-13', 'agency_name': 'Unknown'}, {'duration': 30, 'departure_time': 11160, 'arrival_time': 11190, 'day': 'current_day', 'from_stop_id': 'MH-L-5', 'to_stop_id': 'MH-L-1', 'trip_id': 'walking', 'agency_name': 'Unknown'}, {'duration': 330, 'departure_time': 11340, 'arrival_time': 11670, 'day': 'current_day', 'from_stop_id': 'MH-L-1', 'to_stop_id': '56-1', 'trip_id': '1-1-13', 'agency_name': 'Unknown'}, {'duration': 30, 'departure_time': 11670, 'arrival_time': 11700, 'day': 'current_day', 'from_stop_id': '56-1', 'to_stop_id': '56-3', 'trip_id': 'walking', 'agency_name': 'Unknown'}, {'duration': 210, 'departure_time': 12000, 'arrival_time': 12210, 'day': 'current_day', 'from_stop_id': '56-3', 'to_stop_id': '74-3', 'trip_id': '5-1-15', 'agency_name': 'Unknown'}]}"
104,86,6990,intra,left,207,[104],[86],0,0,0,0,6990,7050.0,8460.0,8520.0,1410.0,2.0,104,86,3007.0,9997.0,pt,1530.0,8520.0,1530.0,"{'duration': 1410, 'source_transfer_time': 0, 'waiting_time': 60, 'trip_time': 1350, 'num_transfers': 2, 'departure_time': 7050, 'departure_day': 'current_day', 'arrival_time': 8460, 'arrival_day': 'current_day', 'steps': [{'duration': 330, 'departure_time': 7110, 'arrival_time': 7440, 'day': 'current_day', 'from_stop_id': '104-4', 'to_stop_id': '91-4', 'trip_id': '7-1-8', 'agency_name': 'Unknown'}, {'duration': 30, 'departure_time': 7440, 'arrival_time': 7470, 'day': 'current_day', 'from_stop_id': '91-4', 'to_stop_id': '91-3', 'trip_id': 'walking', 'agency_name': 'Unknown'}, {'duration': 600, 'departure_time': 7860, 'arrival_time': 8460, 'day': 'current_day', 'from_stop_id': '91-3', 'to_stop_id': '86-3', 'trip_id': '5-0-5', 'agency_name': 'Unknown'}]}"
61,19,11730,intra,left,208,[61],[19],0,0,0,0,11730,11790.0,13350.0,13410.0,1560.0,4.0,61,19,2255.0,13985.0,pt,1680.0,13410.0,1680.0,"{'duration': 1560, 'source_transfer_time': 0, 'waiting_time': 570, 'trip_time': 990, 'num_transfers': 4, 'departure_time': 11790, 'departure_day': 'current_day', 'arrival_time': 13350, 'arrival_day': 'current_day', 'steps': [{'duration': 210, 'departure_time': 12360, 'arrival_time': 12570, 'day': 'current_day', 'from_stop_id': '61-1', 'to_stop_id': '59-1', 'trip_id': '1-1-16', 'agency_name': 'Unknown'}, {'duration': 30, 'departure_time': 12570, 'arrival_time': 12600, 'day': 'current_day', 'from_stop_id': '59-1', 'to_stop_id': '59-3', 'trip_id': 'walking', 'agency_name': 'Unknown'}, {'duration': 330, 'departure_time': 12900, 'arrival_time': 13230, 'day': 'current_day', 'from_stop_id': '59-3', 'to_stop_id': '30-3', 'trip_id': '5-1-14', 'agency_name': 'Unknown'}, {'duration': 30, 'departure_time': 13230, 'arrival_time': 13260, 'day': 'current_day', 'from_stop_id': '30-3', 'to_stop_id': '30-5', 'trip_id': 'walking', 'agency_name': 'Unknown'}, {'duration': 90, 'departure_time': 13260, 'arrival_time': 13350, 'day': 'current_day', 'from_stop_id': '30-5', 'to_stop_id': '19-5', 'trip_id': '8-1-15', 'agency_name': 'Unknown'}]}"
91,17,14130,intra,left,209,[91],[16; 28],0,0,500,375,14130,14190.0,15270.0,15330.0,1080.0,0.0,91,28,3383.0,17513.0,pt,1575.0,15705.0,1575.0,"{'duration': 1080, 'source_transfer_time': 0, 'waiting_time': 120, 'trip_time': 960, 'num_transfers': 0, 'departure_time': 14190, 'departure_day': 'current_day', 'arrival_time': 15270, 'arrival_day': 'current_day', 'steps': [{'duration': 960, 'departure_time': 14310, 'arrival_time': 15270, 'day': 'current_day', 'from_stop_id': '91-3', 'to_stop_id': '28-3', 'trip_id': '5-1-17', 'agency_name': 'Unknown'}]}"
96,8,14040,intra,left,210,[96],[9; 19],0,0,500,375,14040,14100.0,16350.0,16410.0,2250.0,0.0,96,19,5639.0,19679.0,pt,2745.0,16785.0,2745.0,"{'duration': 2250, 'source_transfer_time': 0, 'waiting_time': 450, 'trip_time': 1800, 'num_transfers': 0, 'departure_time': 14100, 'departure_day': 'current_day', 'arrival_time': 16350, 'arrival_day': 'current_day', 'steps': [{'duration': 1800, 'departure_time': 14550, 'arrival_time': 16350, 'day': 'current_day', 'from_stop_id': '96-5', 'to_stop_id': '19-5', 'trip_id': '8-1-20', 'agency_name': 'Unknown'}]}"
108,42,14190,intra,left,211,[86; 96; 106; 110],[41],1000,751,500,375,14941,15001.0,16710.0,16770.0,1709.0,0.0,86,41,4887.0,19077.0,pt,2955.0,17145.0,2955.0,"{'duration': 1709, 'source_transfer_time': 0, 'waiting_time': 479, 'trip_time': 1230, 'num_transfers': 0, 'departure_time': 15001, 'departure_day': 'current_day', 'arrival_time': 16710, 'arrival_day': 'current_day', 'steps': [{'duration': 1230, 'departure_time': 15480, 'arrival_time': 16710, 'day': 'current_day', 'from_stop_id': '86-3', 'to_stop_id': '41-3', 'trip_id': '5-1-20', 'agency_name': 'Unknown'}]}"
61,109,13680,intra,left,212,[61],[110],0,0,500,375,13680,13740.0,15540.0,15600.0,1800.0,2.0,61,110,4135.0,17815.0,pt,2295.0,15975.0,2295.0,"{'duration': 1800, 'source_transfer_time': 0, 'waiting_time': 420, 'trip_time': 1380, 'num_transfers': 2, 'departure_time': 13740, 'departure_day': 'current_day', 'arrival_time': 15540, 'arrival_day': 'current_day', 'steps': [{'duration': 600, 'departure_time': 14160, 'arrival_time': 14760, 'day': 'current_day', 'from_stop_id': '61-1', 'to_stop_id': 'MH-L-1', 'trip_id': '1-1-19', 'agency_name': 'Unknown'}, {'duration': 30, 'departure_time': 14760, 'arrival_time': 14790, 'day': 'current_day', 'from_stop_id': 'MH-L-1', 'to_stop_id': 'MH-L-2', 'trip_id': 'walking', 'agency_name': 'Unknown'}, {'duration': 600, 'departure_time': 14940, 'arrival_time': 15540, 'day': 'current_day', 'from_stop_id': 'MH-L-2', 'to_stop_id': '110-2', 'trip_id': '2-1-19', 'agency_name': 'Unknown'}]}"
111,36,4320,intra,left,213,[110],[36],500,375,0,0,4695,4755.0,6390.0,6450.0,1635.0,2.0,110,36,3759.0,8079.0,pt,2130.0,6450.0,2130.0,"{'duration': 1635, 'source_transfer_time': 0, 'waiting_time': 405, 'trip_time': 1230, 'num_transfers': 2, 'departure_time': 4755, 'departure_day': 'current_day', 'arrival_time': 6390, 'arrival_day': 'current_day', 'steps': [{'duration': 600, 'departure_time': 5160, 'arrival_time': 5760, 'day': 'current_day', 'from_stop_id': '110-2', 'to_stop_id': 'MH-L-2', 'trip_id': '2-0-4', 'agency_name': 'Unknown'}, {'duration': 30, 'departure_time': 5760, 'arrival_time': 5790, 'day': 'current_day', 'from_stop_id': 'MH-L-2', 'to_stop_id': 'MH-L-4', 'trip_id': 'walking', 'agency_name': 'Unknown'}, {'duration': 450, 'departure_time': 5940, 'arrival_time': 6390, 'day': 'current_day', 'from_stop_id': 'MH-L-4', 'to_stop_id': '36-4', 'trip_id': '7-1-4', 'agency_name': 'Unknown'}]}"
87,21,11340,intra,left,214,[87],[10; 20],0,0,500,375,11340,11400.0,12870.0,12930.0,1470.0,2.0,87,20,4887.0,16227.0,pt,1965.0,13305.0,1965.0,"{'duration': 1470, 'source_transfer_time': 0, 'waiting_time': 0, 'trip_time': 1470, 'num_transfers': 2, 'departure_time': 11400, 'departure_day': 'current_day', 'arrival_time': 12870, 'arrival_day': 'current_day', 'steps': [{'duration': 1230, 'departure_time': 11400, 'arrival_time': 12630, 'day': 'current_day', 'from_stop_id': '87-3', 'to_stop_id': '30-3', 'trip_id': '5-1-13', 'agency_name': 'Unknown'}, {'duration': 30, 'departure_time': 12630, 'arrival_time': 12660, 'day': 'current_day', 'from_stop_id': '30-3', 'to_stop_id': '30-5', 'trip_id': 'walking', 'agency_name': 'Unknown'}, {'duration': 210, 'departure_time': 12660, 'arrival_time': 12870, 'day': 'current_day', 'from_stop_id': '30-5', 'to_stop_id': '20-5', 'trip_id': '8-1-14', 'agency_name': 'Unknown'}]}"
80,6,7890,intra,left,215,[80],[5],0,0,500,375,7890,7950.0,9540.0,9600.0,1590.0,2.0,80,5,3383.0,11273.0,pt,2085.0,9975.0,2085.0,"{'duration': 1590, 'source_transfer_time': 0, 'waiting_time': 240, 'trip_time': 1350, 'num_transfers': 2, 'departure_time': 7950, 'departure_day': 'current_day', 'arrival_time': 9540, 'arrival_day': 'current_day', 'steps': [{'duration': 570, 'departure_time': 8190, 'arrival_time': 8760, 'day': 'current_day', 'from_stop_id': '80-4', 'to_stop_id': 'MH-L-4', 'trip_id': '7-1-9', 'agency_name': 'Unknown'}, {'duration': 30, 'departure_time': 8760, 'arrival_time': 8790, 'day': 'current_day', 'from_stop_id': 'MH-L-4', 'to_stop_id': 'MH-L-2', 'trip_id': 'walking', 'agency_name': 'Unknown'}, {'duration': 600, 'departure_time': 8940, 'arrival_time': 9540, 'day': 'current_day', 'from_stop_id': 'MH-L-2', 'to_stop_id': '5-2', 'trip_id': '2-0-9', 'agency_name': 'Unknown'}]}"
96,6,14340,intra,left,216,[96],[5],0,0,500,375,14340,14400.0,16140.0,16200.0,1740.0,2.0,96,5,4887.0,19227.0,pt,2235.0,16575.0,2235.0,"{'duration': 1740, 'source_transfer_time': 0, 'waiting_time': 150, 'trip_time': 1590, 'num_transfers': 2, 'departure_time': 14400, 'departure_day': 'current_day', 'arrival_time': 16140, 'arrival_day': 'current_day', 'steps': [{'duration': 690, 'departure_time': 14550, 'arrival_time': 15240, 'day': 'current_day', 'from_stop_id': '96-5', 'to_stop_id': '119-5', 'trip_id': '8-1-20', 'agency_name': 'Unknown'}, {'duration': 30, 'departure_time': 15240, 'arrival_time': 15270, 'day': 'current_day', 'from_stop_id': '119-5', 'to_stop_id': '119-2', 'trip_id': 'walking', 'agency_name': 'Unknown'}, {'duration': 870, 'departure_time': 15270, 'arrival_time': 16140, 'day': 'current_day', 'from_stop_id': '119-2', 'to_stop_id': '5-2', 'trip_id': '2-0-20', 'agency_name': 'Unknown'}]}"
18,105,14220,intra,left,217,[19; 29],[105],500,375,0,0,14595,14655.0,16710.0,16770.0,2055.0,0.0,29,105,6015.0,20235.0,pt,2550.0,16770.0,2550.0,"{'duration': 2055, 'source_transfer_time': 0, 'waiting_time': 135, 'trip_time': 1920, 'num_transfers': 0, 'departure_time': 14655, 'departure_day': 'current_day', 'arrival_time': 16710, 'arrival_day': 'current_day', 'steps': [{'duration': 1920, 'departure_time': 14790, 'arrival_time': 16710, 'day': 'current_day', 'from_stop_id': '29-5', 'to_stop_id': '105-5', 'trip_id': '8-0-20', 'agency_name': 'Unknown'}]}"
20,100,8220,intra,left,218,[20],[89; 99],0,0,500,375,8220,8280.0,9870.0,9930.0,1590.0,2.0,20,89,4135.0,12355.0,pt,2085.0,10305.0,2085.0,"{'duration': 1590, 'source_transfer_time': 0, 'waiting_time': 150, 'trip_time': 1440, 'num_transfers': 2, 'departure_time': 8280, 'departure_day': 'current_day', 'arrival_time': 9870, 'arrival_day': 'current_day', 'steps': [{'duration': 330, 'departure_time': 8430, 'arrival_time': 8760, 'day': 'current_day', 'from_stop_id': '20-5', 'to_stop_id': '29-5', 'trip_id': '8-0-10', 'agency_name': 'Unknown'}, {'duration': 30, 'departure_time': 8760, 'arrival_time': 8790, 'day': 'current_day', 'from_stop_id': '29-5', 'to_stop_id': '29-3', 'trip_id': 'walking', 'agency_name': 'Unknown'}, {'duration': 1080, 'departure_time': 8790, 'arrival_time': 9870, 'day': 'current_day', 'from_stop_id': '29-3', 'to_stop_id': '89-3', 'trip_id': '5-0-8', 'agency_name': 'Unknown'}]}"
3,45,14010,intra,left,219,[5; 25],[46; 55],1000,751,500,375,14761,14821.0,15420.0,15480.0,599.0,0.0,25,46,2255.0,16265.0,pt,1845.0,15855.0,1845.0,"{'duration': 599, 'source_transfer_time': 0, 'waiting_time': 269, 'trip_time': 330, 'num_transfers': 0, 'departure_time': 14821, 'departure_day': 'current_day', 'arrival_time': 15420, 'arrival_day': 'current_day', 'steps': [{'duration': 330, 'departure_time': 15090, 'arrival_time': 15420, 'day': 'current_day', 'from_stop_id': '25-3', 'to_stop_id': '46-3', 'trip_id': '5-1-16', 'agency_name': 'Unknown'}]}"
23,20,9090,intra,left,220,[23],[20],0,0,0,0,9090,9150.0,10470.0,10530.0,1320.0,4.0,23,20,3383.0,12473.0,pt,1440.0,10530.0,1440.0,"{'duration': 1320, 'source_transfer_time': 0, 'waiting_time': 0, 'trip_time': 1320, 'num_transfers': 4, 'departure_time': 9150, 'departure_day': 'current_day', 'arrival_time': 10470, 'arrival_day': 'current_day', 'steps': [{'duration': 90, 'departure_time': 9150, 'arrival_time': 9240, 'day': 'current_day', 'from_stop_id': '23-4', 'to_stop_id': '24-4', 'trip_id': '7-0-11', 'agency_name': 'Unknown'}, {'duration': 30, 'departure_time': 9240, 'arrival_time': 9270, 'day': 'current_day', 'from_stop_id': '24-4', 'to_stop_id': '24-3', 'trip_id': 'walking', 'agency_name': 'Unknown'}, {'duration': 600, 'departure_time': 9360, 'arrival_time': 9960, 'day': 'current_day', 'from_stop_id': '24-3', 'to_stop_id': '29-3', 'trip_id': '5-0-10', 'agency_name': 'Unknown'}, {'duration': 30, 'departure_time': 9960, 'arrival_time': 9990, 'day': 'current_day', 'from_stop_id': '29-3', 'to_stop_id': '29-5', 'trip_id': 'walking', 'agency_name': 'Unknown'}, {'duration': 330, 'departure_time': 10140, 'arrival_time': 10470, 'day': 'current_day', 'from_stop_id': '29-5', 'to_stop_id': '20-5', 'trip_id': '8-1-10', 'agency_name': 'Unknown'}]}"
40,113,7440,intra,left,221,[40],[91; 103; 115],0,0,1000,751,7440,7500.0,9030.0,9090.0,1530.0,2.0,40,91,3007.0,10447.0,pt,2401.0,9841.0,2401.0,"{'duration': 1530, 'source_transfer_time': 0, 'waiting_time': 120, 'trip_time': 1410, 'num_transfers': 2, 'departure_time': 7500, 'departure_day': 'current_day', 'arrival_time': 9030, 'arrival_day': 'current_day', 'steps': [{'duration': 90, 'departure_time': 7620, 'arrival_time': 7710, 'day': 'current_day', 'from_stop_id': '40-5', 'to_stop_id': '29-5', 'trip_id': '8-1-6', 'agency_name': 'Unknown'}, {'duration': 30, 'departure_time': 7710, 'arrival_time': 7740, 'day': 'current_day', 'from_stop_id': '29-5', 'to_stop_id': '29-3', 'trip_id': 'walking', 'agency_name': 'Unknown'}, {'duration': 840, 'departure_time': 8190, 'arrival_time': 9030, 'day': 'current_day', 'from_stop_id': '29-3', 'to_stop_id': '91-3', 'trip_id': '5-0-7', 'agency_name': 'Unknown'}]}"
71,37,8880,intra,left,222,[61],[26; 36; 38; 48],500,375,500,375,9255,9315.0,10350.0,10410.0,1035.0,2.0,61,38,3383.0,12263.0,pt,1905.0,10785.0,1905.0,"{'duration': 1035, 'source_transfer_time': 0, 'waiting_time': 45, 'trip_time': 990, 'num_transfers': 2, 'departure_time': 9315, 'departure_day': 'current_day', 'arrival_time': 10350, 'arrival_day': 'current_day', 'steps': [{'duration': 600, 'departure_time': 9360, 'arrival_time': 9960, 'day': 'current_day', 'from_stop_id': '61-1', 'to_stop_id': 'MH-L-1', 'trip_id': '1-1-11', 'agency_name': 'Unknown'}, {'duration': 30, 'departure_time': 9960, 'arrival_time': 9990, 'day': 'current_day', 'from_stop_id': 'MH-L-1', 'to_stop_id': 'MH-L-2', 'trip_id': 'walking', 'agency_name': 'Unknown'}, {'duration': 210, 'departure_time': 10140, 'arrival_time': 10350, 'day': 'current_day', 'from_stop_id': 'MH-L-2', 'to_stop_id': '38-2', 'trip_id': '2-0-11', 'agency_name': 'Unknown'}]}"
74,21,8910,intra,left,223,[74],[10; 20],0,0,500,375,8910,8970.0,11070.0,11130.0,2100.0,3.0,74,20,5263.0,14173.0,pt,2595.0,11505.0,2595.0,"{'duration': 2100, 'source_transfer_time': 0, 'waiting_time': 360, 'trip_time': 1740, 'num_transfers': 3, 'departure_time': 8970, 'departure_day': 'current_day', 'arrival_time': 11070, 'arrival_day': 'current_day', 'steps': [{'duration': 210, 'departure_time': 9330, 'arrival_time': 9540, 'day': 'current_day', 'from_stop_id': '74-3', 'to_stop_id': '56-3', 'trip_id': '5-0-6', 'agency_name': 'Unknown'}, {'duration': 1080, 'departure_time': 9600, 'arrival_time': 10680, 'day': 'current_day', 'from_stop_id': '56-3', 'to_stop_id': '30-3', 'trip_id': '5-0-11', 'agency_name': 'Unknown'}, {'duration': 30, 'departure_time': 10680, 'arrival_time': 10710, 'day': 'current_day', 'from_stop_id': '30-3', 'to_stop_id': '30-5', 'trip_id': 'walking', 'agency_name': 'Unknown'}, {'duration': 210, 'departure_time': 10860, 'arrival_time': 11070, 'day': 'current_day', 'from_stop_id': '30-5', 'to_stop_id': '20-5', 'trip_id': '8-1-11', 'agency_name': 'Unknown'}]}"
18,114,13410,intra,left,224,[19; 29],[103; 115],500,375,500,375,13785,13845.0,15270.0,15330.0,1425.0,4.0,19,103,4135.0,17545.0,pt,2295.0,15705.0,2295.0,"{'duration': 1425, 'source_transfer_time': 0, 'waiting_time': 105, 'trip_time': 1320, 'num_transfers': 4, 'departure_time': 13845, 'departure_day': 'current_day', 'arrival_time': 15270, 'arrival_day': 'current_day', 'steps': [{'duration': 210, 'departure_time': 13950, 'arrival_time': 14160, 'day': 'current_day', 'from_stop_id': '19-5', 'to_stop_id': '29-5', 'trip_id': '8-0-19', 'agency_name': 'Unknown'}, {'duration': 30, 'departure_time': 14160, 'arrival_time': 14190, 'day': 'current_day', 'from_stop_id': '29-5', 'to_stop_id': '29-3', 'trip_id': 'walking', 'agency_name': 'Unknown'}, {'duration': 720, 'departure_time': 14190, 'arrival_time': 14910, 'day': 'current_day', 'from_stop_id': '29-3', 'to_stop_id': '80-3', 'trip_id': '5-0-17', 'agency_name': 'Unknown'}, {'duration': 30, 'departure_time': 14910, 'arrival_time': 14940, 'day': 'current_day', 'from_stop_id': '80-3', 'to_stop_id': '80-4', 'trip_id': 'walking', 'agency_name': 'Unknown'}, {'duration': 330, 'departure_time': 14940, 'arrival_time': 15270, 'day': 'current_day', 'from_stop_id': '80-4', 'to_stop_id': '103-4', 'trip_id': '7-0-18', 'agency_name': 'Unknown'}]}"
94,103,13260,intra,left,225,[95; 105],[103],500,375,0,0,13635,13695.0,15270.0,15330.0,1575.0,4.0,95,103,3383.0,16643.0,pt,2070.0,15330.0,2070.0,"{'duration': 1575, 'source_transfer_time': 0, 'waiting_time': 135, 'trip_time': 1440, 'num_transfers': 4, 'departure_time': 13695, 'departure_day': 'current_day', 'arrival_time': 15270, 'arrival_day': 'current_day', 'steps': [{'duration': 210, 'departure_time': 13830, 'arrival_time': 14040, 'day': 'current_day', 'from_stop_id': '95-5', 'to_stop_id': '85-5', 'trip_id': '8-1-19', 'agency_name': 'Unknown'}, {'duration': 30, 'departure_time': 14040, 'arrival_time': 14070, 'day': 'current_day', 'from_stop_id': '85-5', 'to_stop_id': '85-3', 'trip_id': 'walking', 'agency_name': 'Unknown'}, {'duration': 720, 'departure_time': 14160, 'arrival_time': 14880, 'day': 'current_day', 'from_stop_id': '85-3', 'to_stop_id': '91-3', 'trip_id': '5-1-18', 'agency_name': 'Unknown'}, {'duration': 30, 'departure_time': 14880, 'arrival_time': 14910, 'day': 'current_day', 'from_stop_id': '91-3', 'to_stop_id': '91-4', 'trip_id': 'walking', 'agency_name': 'Unknown'}, {'duration': 210, 'departure_time': 15060, 'arrival_time': 15270, 'day': 'current_day', 'from_stop_id': '91-4', 'to_stop_id': '103-4', 'trip_id': '7-0-18', 'agency_name': 'Unknown'}]}"
26,99,9600,intra,left,226,[26],[99],0,0,0,0,9600,9660.0,11820.0,11880.0,2160.0,2.0,26,99,3007.0,12607.0,pt,2280.0,11880.0,2280.0,"{'duration': 2160, 'source_transfer_time': 0, 'waiting_time': 540, 'trip_time': 1620, 'num_transfers': 2, 'departure_time': 9660, 'departure_day': 'current_day', 'arrival_time': 11820, 'arrival_day': 'current_day', 'steps': [{'duration': 90, 'departure_time': 10200, 'arrival_time': 10290, 'day': 'current_day', 'from_stop_id': '26-3', 'to_stop_id': '27-3', 'trip_id': '5-0-11', 'agency_name': 'Unknown'}, {'duration': 30, 'departure_time': 10290, 'arrival_time': 10320, 'day': 'current_day', 'from_stop_id': '27-3', 'to_stop_id': '27-2', 'trip_id': 'walking', 'agency_name': 'Unknown'}, {'duration': 990, 'departure_time': 10830, 'arrival_time': 11820, 'day': 'current_day', 'from_stop_id': '27-2', 'to_stop_id': '99-2', 'trip_id': '2-1-13', 'agency_name': 'Unknown'}]}"
55,71,7230,intra,left,227,[55],[61],0,0,500,375,7230,7290.0,8940.0,9000.0,1650.0,0.0,55,61,3759.0,10989.0,pt,2145.0,9375.0,2145.0,"{'duration': 1650, 'source_transfer_time': 0, 'waiting_time': 390, 'trip_time': 1260, 'num_transfers': 0, 'departure_time': 7290, 'departure_day': 'current_day', 'arrival_time': 8940, 'arrival_day': 'current_day', 'steps': [{'duration': 1260, 'departure_time': 7680, 'arrival_time': 8940, 'day': 'current_day', 'from_stop_id': '55-1', 'to_stop_id': '61-1', 'trip_id': '1-0-8', 'agency_name': 'Unknown'}]}"
40,106,4740,intra,left,228,[40],[106],0,0,0,0,4740,4800.0,6990.0,7050.0,2190.0,0.0,40,106,4887.0,9627.0,pt,2310.0,7050.0,2310.0,"{'duration': 2190, 'source_transfer_time': 0, 'waiting_time': 510, 'trip_time': 1680, 'num_transfers': 0, 'departure_time': 4800, 'departure_day': 'current_day', 'arrival_time': 6990, 'arrival_day': 'current_day', 'steps': [{'duration': 1680, 'departure_time': 5310, 'arrival_time': 6990, 'day': 'current_day', 'from_stop_id': '40-5', 'to_stop_id': '106-5', 'trip_id': '8-0-4', 'agency_name': 'Unknown'}]}"
26,10,7440,intra,left,229,[26],[10],0,0,0,0,7440,7500.0,8910.0,8970.0,1410.0,2.0,26,10,3007.0,10447.0,pt,1530.0,8970.0,1530.0,"{'duration': 1410, 'source_transfer_time': 0, 'waiting_time': 300, 'trip_time': 1110, 'num_transfers': 2, 'departure_time': 7500, 'departure_day': 'current_day', 'arrival_time': 8910, 'arrival_day': 'current_day', 'steps': [{'duration': 360, 'departure_time': 7800, 'arrival_time': 8160, 'day': 'current_day', 'from_stop_id': '26-3', 'to_stop_id': '29-3', 'trip_id': '5-0-7', 'agency_name': 'Unknown'}, {'duration': 30, 'departure_time': 8160, 'arrival_time': 8190, 'day': 'current_day', 'from_stop_id': '29-3', 'to_stop_id': '29-5', 'trip_id': 'walking', 'agency_name': 'Unknown'}, {'duration': 570, 'departure_time': 8340, 'arrival_time': 8910, 'day': 'current_day', 'from_stop_id': '29-5', 'to_stop_id': '10-5', 'trip_id': '8-1-7', 'agency_name': 'Unknown'}]}"
73,60,7830,intra,left,230,[74],[60],500,375,0,0,8205,8265.0,10020.0,10080.0,1755.0,2.0,74,60,3759.0,11589.0,pt,2250.0,10080.0,2250.0,"{'duration': 1755, 'source_transfer_time': 0, 'waiting_time': 375, 'trip_time': 1380, 'num_transfers': 2, 'departure_time': 8265, 'departure_day': 'current_day', 'arrival_time': 10020, 'arrival_day': 'current_day', 'steps': [{'duration': 1200, 'departure_time': 8640, 'arrival_time': 9840, 'day': 'current_day', 'from_stop_id': '74-3', 'to_stop_id': '59-3', 'trip_id': '5-1-9', 'agency_name': 'Unknown'}, {'duration': 30, 'departure_time': 9840, 'arrival_time': 9870, 'day': 'current_day', 'from_stop_id': '59-3', 'to_stop_id': '59-1', 'trip_id': 'walking', 'agency_name': 'Unknown'}, {'duration': 90, 'departure_time': 9930, 'arrival_time': 10020, 'day': 'current_day', 'from_stop_id': '59-1', 'to_stop_id': '60-1', 'trip_id': '1-0-10', 'agency_name': 'Unknown'}]}"
6,53,5880,intra,left,231,[5],[61],500,375,500,375,6255,6315.0,7740.0,7800.0,1425.0,2.0,5,61,3007.0,8887.0,pt,2295.0,8175.0,2295.0,"{'duration': 1425, 'source_transfer_time': 0, 'waiting_time': 45, 'trip_time': 1380, 'num_transfers': 2, 'departure_time': 6315, 'departure_day': 'current_day', 'arrival_time': 7740, 'arrival_day': 'current_day', 'steps': [{'duration': 600, 'departure_time': 6360, 'arrival_time': 6960, 'day': 'current_day', 'from_stop_id': '5-2', 'to_stop_id': 'MH-L-2', 'trip_id': '2-1-6', 'agency_name': 'Unknown'}, {'duration': 30, 'departure_time': 6960, 'arrival_time': 6990, 'day': 'current_day', 'from_stop_id': 'MH-L-2', 'to_stop_id': 'MH-L-1', 'trip_id': 'walking', 'agency_name': 'Unknown'}, {'duration': 600, 'departure_time': 7140, 'arrival_time': 7740, 'day': 'current_day', 'from_stop_id': 'MH-L-1', 'to_stop_id': '61-1', 'trip_id': '1-0-6', 'agency_name': 'Unknown'}]}"
72,7,8010,intra,left,232,[54; 74],[5; 9; 19; 29],1000,751,1000,751,8761,8821.0,10560.0,10620.0,1739.0,2.0,54,29,5263.0,13273.0,pt,3361.0,11371.0,3361.0,"{'duration': 1739, 'source_transfer_time': 0, 'waiting_time': 539, 'trip_time': 1200, 'num_transfers': 2, 'departure_time': 8821, 'departure_day': 'current_day', 'arrival_time': 10560, 'arrival_day': 'current_day', 'steps': [{'duration': 210, 'departure_time': 9360, 'arrival_time': 9570, 'day': 'current_day', 'from_stop_id': '54-1', 'to_stop_id': '56-1', 'trip_id': '1-0-11', 'agency_name': 'Unknown'}, {'duration': 30, 'departure_time': 9570, 'arrival_time': 9600, 'day': 'current_day', 'from_stop_id': '56-1', 'to_stop_id': '56-3', 'trip_id': 'walking', 'agency_name': 'Unknown'}, {'duration': 960, 'departure_time': 9600, 'arrival_time': 10560, 'day': 'current_day', 'from_stop_id': '56-3', 'to_stop_id': '29-3', 'trip_id': '5-0-11', 'agency_name': 'Unknown'}]}"
7,48,4830,intra,left,233,[5; 9; 19; 29],[48],1000,751,0,0,5581,5641.0,6750.0,6810.0,1109.0,2.0,5,48,2631.0,7461.0,pt,1980.0,6810.0,1980.0,"{'duration': 1109, 'source_transfer_time': 0, 'waiting_time': 119, 'trip_time': 990, 'num_transfers': 2, 'departure_time': 5641, 'departure_day': 'current_day', 'arrival_time': 6750, 'arrival_day': 'current_day', 'steps': [{'duration': 600, 'departure_time': 5760, 'arrival_time': 6360, 'day': 'current_day', 'from_stop_id': '5-2', 'to_stop_id': 'MH-L-2', 'trip_id': '2-1-5', 'agency_name': 'Unknown'}, {'duration': 30, 'departure_time': 6360, 'arrival_time': 6390, 'day': 'current_day', 'from_stop_id': 'MH-L-2', 'to_stop_id': 'MH-L-4', 'trip_id': 'walking', 'agency_name': 'Unknown'}, {'duration': 210, 'departure_time': 6540, 'arrival_time': 6750, 'day': 'current_day', 'from_stop_id': 'MH-L-4', 'to_stop_id': '48-4', 'trip_id': '7-1-5', 'agency_name': 'Unknown'}]}"
83,79,4350,intra,left,234,[85; 95; 105],[79],1000,751,0,0,5101,5161.0,6990.0,7050.0,1829.0,2.0,85,79,3007.0,7357.0,pt,2700.0,7050.0,2700.0,"{'duration': 1829, 'source_transfer_time': 0, 'waiting_time': 509, 'trip_time': 1320, 'num_transfers': 2, 'departure_time': 5161, 'departure_day': 'current_day', 'arrival_time': 6990, 'arrival_day': 'current_day', 'steps': [{'duration': 690, 'departure_time': 5670, 'arrival_time': 6360, 'day': 'current_day', 'from_stop_id': '85-5', 'to_stop_id': 'MH-L-5', 'trip_id': '8-1-5', 'agency_name': 'Unknown'}, {'duration': 30, 'departure_time': 6360, 'arrival_time': 6390, 'day': 'current_day', 'from_stop_id': 'MH-L-5', 'to_stop_id': 'MH-L-4', 'trip_id': 'walking', 'agency_name': 'Unknown'}, {'duration': 450, 'departure_time': 6540, 'arrival_time': 6990, 'day': 'current_day', 'from_stop_id': 'MH-L-4', 'to_stop_id': '79-4', 'trip_id': '7-0-5', 'agency_name': 'Unknown'}]}"
72,115,7260,intra,left,235,[54; 74],[115],1000,751,0,0,8011,8071.0,10110.0,10170.0,2039.0,3.0,54,115,4887.0,12147.0,pt,2910.0,10170.0,2910.0,"{'duration': 2039, 'source_transfer_time': 0, 'waiting_time': 89, 'trip_time': 1950, 'num_transfers': 3, 'departure_time': 8071, 'departure_day': 'current_day', 'arrival_time': 10110, 'arrival_day': 'current_day', 'steps': [{'duration': 480, 'departure_time': 8160, 'arrival_time': 8640, 'day': 'current_day', 'from_stop_id': '54-1', 'to_stop_id': '117-1', 'trip_id': '1-0-9', 'agency_name': 'Unknown'}, {'duration': 30, 'departure_time': 8640, 'arrival_time': 8670, 'day': 'current_day', 'from_stop_id': '117-1', 'to_stop_id': '117-4', 'trip_id': 'walking', 'agency_name': 'Unknown'}, {'duration': 360, 'departure_time': 8670, 'arrival_time': 9030, 'day': 'current_day', 'from_stop_id': '117-4', 'to_stop_id': '118-4', 'trip_id': '7-0-9', 'agency_name': 'Unknown'}, {'duration': 1050, 'departure_time': 9060, 'arrival_time': 10110, 'day': 'current_day', 'from_stop_id': '118-4', 'to_stop_id': '115-4', 'trip_id': '7-0-9', 'agency_name': 'Unknown'}]}"
114,47,12630,intra,left,236,[103; 115],[47],500,375,0,0,13005,13065.0,14670.0,14730.0,1605.0,0.0,103,47,4511.0,17141.0,pt,2100.0,14730.0,2100.0,"{'duration': 1605, 'source_transfer_time': 0, 'waiting_time': 165, 'trip_time': 1440, 'num_transfers': 0, 'departure_time': 13065, 'departure_day': 'current_day', 'arrival_time': 14670, 'arrival_day': 'current_day', 'steps': [{'duration': 1440, 'departure_time': 13230, 'arrival_time': 14670, 'day': 'current_day', 'from_stop_id': '103-4', 'to_stop_id': '47-4', 'trip_id': '7-1-18', 'agency_name': 'Unknown'}]}"
77,29,3870,intra,left,237,[77],[29],0,0,0,0,3870,3930.0,5310.0,5370.0,1380.0,2.0,77,29,2631.0,6501.0,pt,1500.0,5370.0,1500.0,"{'duration': 1380, 'source_transfer_time': 0, 'waiting_time': 420, 'trip_time': 960, 'num_transfers': 2, 'departure_time': 3930, 'departure_day': 'current_day', 'arrival_time': 5310, 'arrival_day': 'current_day', 'steps': [{'duration': 90, 'departure_time': 4350, 'arrival_time': 4440, 'day': 'current_day', 'from_stop_id': '77-2', 'to_stop_id': '119-2', 'trip_id': '2-0-2', 'agency_name': 'Unknown'}, {'duration': 30, 'departure_time': 4440, 'arrival_time': 4470, 'day': 'current_day', 'from_stop_id': '119-2', 'to_stop_id': '119-5', 'trip_id': 'walking', 'agency_name': 'Unknown'}, {'duration': 840, 'departure_time': 4470, 'arrival_time': 5310, 'day': 'current_day', 'from_stop_id': '119-5', 'to_stop_id': '29-5', 'trip_id': '8-1-2', 'agency_name': 'Unknown'}]}"
110,19,3810,intra,left,238,[110],[19],0,0,0,0,3810,3870.0,5550.0,5610.0,1680.0,3.0,110,19,4511.0,8321.0,pt,1800.0,5610.0,1800.0,"{'duration': 1680, 'source_transfer_time': 0, 'waiting_time': 90, 'trip_time': 1590, 'num_transfers': 3, 'departure_time': 3870, 'departure_day': 'current_day', 'arrival_time': 5550, 'arrival_day': 'current_day', 'steps': [{'duration': 480, 'departure_time': 3960, 'arrival_time': 4440, 'day': 'current_day', 'from_stop_id': '110-2', 'to_stop_id': '119-2', 'trip_id': '2-0-2', 'agency_name': 'Unknown'}, {'duration': 30, 'departure_time': 4440, 'arrival_time': 4470, 'day': 'current_day', 'from_stop_id': '119-2', 'to_stop_id': '119-5', 'trip_id': 'walking', 'agency_name': 'Unknown'}, {'duration': 360, 'departure_time': 4470, 'arrival_time': 4830, 'day': 'current_day', 'from_stop_id': '119-5', 'to_stop_id': '116-5', 'trip_id': '8-1-2', 'agency_name': 'Unknown'}, {'duration': 690, 'departure_time': 4860, 'arrival_time': 5550, 'day': 'current_day', 'from_stop_id': '116-5', 'to_stop_id': '19-5', 'trip_id': '8-1-2', 'agency_name': 'Unknown'}]}"
29,23,12330,intra,left,239,[29],[23],0,0,0,0,12330,12390.0,13950.0,14010.0,1560.0,2.0,29,23,2255.0,14585.0,pt,1680.0,14010.0,1680.0,"{'duration': 1560, 'source_transfer_time': 0, 'waiting_time': 390, 'trip_time': 1170, 'num_transfers': 2, 'departure_time': 12390, 'departure_day': 'current_day', 'arrival_time': 13950, 'arrival_day': 'current_day', 'steps': [{'duration': 720, 'departure_time': 12780, 'arrival_time': 13500, 'day': 'current_day', 'from_stop_id': '29-3', 'to_stop_id': '35-3', 'trip_id': '5-1-13', 'agency_name': 'Unknown'}, {'duration': 30, 'departure_time': 13500, 'arrival_time': 13530, 'day': 'current_day', 'from_stop_id': '35-3', 'to_stop_id': '35-4', 'trip_id': 'walking', 'agency_name': 'Unknown'}, {'duration': 210, 'departure_time': 13740, 'arrival_time': 13950, 'day': 'current_day', 'from_stop_id': '35-4', 'to_stop_id': '23-4', 'trip_id': '7-1-16', 'agency_name': 'Unknown'}]}"
77,32,11010,intra,left,240,[77],[10; 20; 30],0,0,1000,751,11010,11070.0,12630.0,12690.0,1560.0,2.0,77,30,3759.0,14769.0,pt,2431.0,13441.0,2431.0,"{'duration': 1560, 'source_transfer_time': 0, 'waiting_time': 480, 'trip_time': 1080, 'num_transfers': 2, 'departure_time': 11070, 'departure_day': 'current_day', 'arrival_time': 12630, 'arrival_day': 'current_day', 'steps': [{'duration': 90, 'departure_time': 11550, 'arrival_time': 11640, 'day': 'current_day', 'from_stop_id': '77-2', 'to_stop_id': '119-2', 'trip_id': '2-0-14', 'agency_name': 'Unknown'}, {'duration': 30, 'departure_time': 11640, 'arrival_time': 11670, 'day': 'current_day', 'from_stop_id': '119-2', 'to_stop_id': '119-5', 'trip_id': 'walking', 'agency_name': 'Unknown'}, {'duration': 960, 'departure_time': 11670, 'arrival_time': 12630, 'day': 'current_day', 'from_stop_id': '119-5', 'to_stop_id': '30-5', 'trip_id': '8-1-14', 'agency_name': 'Unknown'}]}"
4,49,8760,intra,left,241,[5],[49],500,375,0,0,9135,9195.0,10320.0,10380.0,1125.0,4.0,5,49,2255.0,11015.0,pt,1620.0,10380.0,1620.0,"{'duration': 1125, 'source_transfer_time': 0, 'waiting_time': 165, 'trip_time': 960, 'num_transfers': 4, 'departure_time': 9195, 'departure_day': 'current_day', 'arrival_time': 10320, 'arrival_day': 'current_day', 'steps': [{'duration': 210, 'departure_time': 9360, 'arrival_time': 9570, 'day': 'current_day', 'from_stop_id': '5-2', 'to_stop_id': '27-2', 'trip_id': '2-1-11', 'agency_name': 'Unknown'}, {'duration': 30, 'departure_time': 9570, 'arrival_time': 9600, 'day': 'current_day', 'from_stop_id': '27-2', 'to_stop_id': '27-3', 'trip_id': 'walking', 'agency_name': 'Unknown'}, {'duration': 210, 'departure_time': 9750, 'arrival_time': 9960, 'day': 'current_day', 'from_stop_id': '27-3', 'to_stop_id': '29-3', 'trip_id': '5-0-10', 'agency_name': 'Unknown'}, {'duration': 30, 'departure_time': 9960, 'arrival_time': 9990, 'day': 'current_day', 'from_stop_id': '29-3', 'to_stop_id': '29-5', 'trip_id': 'walking', 'agency_name': 'Unknown'}, {'duration': 330, 'departure_time': 9990, 'arrival_time': 10320, 'day': 'current_day', 'from_stop_id': '29-5', 'to_stop_id': '49-5', 'trip_id': '8-0-12', 'agency_name': 'Unknown'}]}"
95,28,3900,intra,left,242,[95],[28],0,0,0,0,3900,3960.0,6240.0,6300.0,2280.0,3.0,95,28,4511.0,8411.0,pt,2400.0,6300.0,2400.0,"{'duration': 2280, 'source_transfer_time': 0, 'waiting_time': 270, 'trip_time': 2010, 'num_transfers': 3, 'departure_time': 3960, 'departure_day': 'current_day', 'arrival_time': 6240, 'arrival_day': 'current_day', 'steps': [{'duration': 210, 'departure_time': 4230, 'arrival_time': 4440, 'day': 'current_day', 'from_stop_id': '95-5', 'to_stop_id': '85-5', 'trip_id': '8-1-3', 'agency_name': 'Unknown'}, {'duration': 30, 'departure_time': 4440, 'arrival_time': 4470, 'day': 'current_day', 'from_stop_id': '85-5', 'to_stop_id': '85-3', 'trip_id': 'walking', 'agency_name': 'Unknown'}, {'duration': 330, 'departure_time': 5010, 'arrival_time': 5340, 'day': 'current_day', 'from_stop_id': '85-3', 'to_stop_id': '56-3', 'trip_id': '5-0-43', 'agency_name': 'Unknown'}, {'duration': 840, 'departure_time': 5400, 'arrival_time': 6240, 'day': 'current_day', 'from_stop_id': '56-3', 'to_stop_id': '28-3', 'trip_id': '5-0-4', 'agency_name': 'Unknown'}]}"
13,83,12750,intra,left,243,[12; 24],[85; 95; 105],500,375,1000,751,13125,13185.0,14130.0,14190.0,945.0,1.0,24,85,3383.0,16133.0,pt,2191.0,14941.0,2191.0,"{'duration': 945, 'source_transfer_time': 0, 'waiting_time': 225, 'trip_time': 720, 'num_transfers': 1, 'departure_time': 13185, 'departure_day': 'current_day', 'arrival_time': 14130, 'arrival_day': 'current_day', 'steps': [{'duration': 330, 'departure_time': 13410, 'arrival_time': 13740, 'day': 'current_day', 'from_stop_id': '24-3', 'to_stop_id': '56-3', 'trip_id': '5-1-13', 'agency_name': 'Unknown'}, {'duration': 330, 'departure_time': 13800, 'arrival_time': 14130, 'day': 'current_day', 'from_stop_id': '56-3', 'to_stop_id': '85-3', 'trip_id': '5-1-18', 'agency_name': 'Unknown'}]}"
47,82,12450,intra,left,244,[47],[61; 80; 92; 104],0,0,1000,751,12450,12510.0,13710.0,13770.0,1200.0,0.0,47,80,3759.0,16209.0,pt,2071.0,14521.0,2071.0,"{'duration': 1200, 'source_transfer_time': 0, 'waiting_time': 120, 'trip_time': 1080, 'num_transfers': 0, 'departure_time': 12510, 'departure_day': 'current_day', 'arrival_time': 13710, 'arrival_day': 'current_day', 'steps': [{'duration': 1080, 'departure_time': 12630, 'arrival_time': 13710, 'day': 'current_day', 'from_stop_id': '47-4', 'to_stop_id': '80-4', 'trip_id': '7-0-16', 'agency_name': 'Unknown'}]}"
53,84,8340,intra,left,245,[61],[85; 95],500,375,500,375,8715,8775.0,10830.0,10890.0,2055.0,2.0,61,85,4887.0,13227.0,pt,2925.0,11265.0,2925.0,"{'duration': 2055, 'source_transfer_time': 0, 'waiting_time': 585, 'trip_time': 1470, 'num_transfers': 2, 'departure_time': 8775, 'departure_day': 'current_day', 'arrival_time': 10830, 'arrival_day': 'current_day', 'steps': [{'duration': 600, 'departure_time': 9360, 'arrival_time': 9960, 'day': 'current_day', 'from_stop_id': '61-1', 'to_stop_id': 'MH-L-1', 'trip_id': '1-1-11', 'agency_name': 'Unknown'}, {'duration': 30, 'departure_time': 9960, 'arrival_time': 9990, 'day': 'current_day', 'from_stop_id': 'MH-L-1', 'to_stop_id': 'MH-L-5', 'trip_id': 'walking', 'agency_name': 'Unknown'}, {'duration': 690, 'departure_time': 10140, 'arrival_time': 10830, 'day': 'current_day', 'from_stop_id': 'MH-L-5', 'to_stop_id': '85-5', 'trip_id': '8-0-11', 'agency_name': 'Unknown'}]}"
60,57,12600,intra,left,246,[60],[57],0,0,0,0,12600,12660.0,13950.0,14010.0,1290.0,0.0,60,57,2255.0,14855.0,pt,1410.0,14010.0,1410.0,"{'duration': 1290, 'source_transfer_time': 0, 'waiting_time': 420, 'trip_time': 870, 'num_transfers': 0, 'departure_time': 12660, 'departure_day': 'current_day', 'arrival_time': 13950, 'arrival_day': 'current_day', 'steps': [{'duration': 870, 'departure_time': 13080, 'arrival_time': 13950, 'day': 'current_day', 'from_stop_id': '60-1', 'to_stop_id': '57-1', 'trip_id': '1-1-17', 'agency_name': 'Unknown'}]}"
99,47,4350,intra,left,247,[99],[47],0,0,0,0,4350,4410.0,5670.0,5730.0,1260.0,2.0,99,47,2631.0,6981.0,pt,1380.0,5730.0,1380.0,"{'duration': 1260, 'source_transfer_time': 0, 'waiting_time': 270, 'trip_time': 990, 'num_transfers': 2, 'departure_time': 4410, 'departure_day': 'current_day', 'arrival_time': 5670, 'arrival_day': 'current_day', 'steps': [{'duration': 480, 'departure_time': 4680, 'arrival_time': 5160, 'day': 'current_day', 'from_stop_id': '99-2', 'to_stop_id': 'MH-L-2', 'trip_id': '2-0-3', 'agency_name': 'Unknown'}, {'duration': 30, 'departure_time': 5160, 'arrival_time': 5190, 'day': 'current_day', 'from_stop_id': 'MH-L-2', 'to_stop_id': 'MH-L-4', 'trip_id': 'walking', 'agency_name': 'Unknown'}, {'duration': 330, 'departure_time': 5340, 'arrival_time': 5670, 'day': 'current_day', 'from_stop_id': 'MH-L-4', 'to_stop_id': '47-4', 'trip_id': '7-1-3', 'agency_name': 'Unknown'}]}"
82,47,9450,intra,left,248,[61; 80; 92; 104],[47],1000,751,0,0,10201,10261.0,11670.0,11730.0,1409.0,2.0,61,47,3759.0,13209.0,pt,2280.0,11730.0,2280.0,"{'duration': 1409, 'source_transfer_time': 0, 'waiting_time': 299, 'trip_time': 1110, 'num_transfers': 2, 'departure_time': 10261, 'departure_day': 'current_day', 'arrival_time': 11670, 'arrival_day': 'current_day', 'steps': [{'duration': 480, 'departure_time': 10560, 'arrival_time': 11040, 'day': 'current_day', 'from_stop_id': '61-1', 'to_stop_id': '118-1', 'trip_id': '1-1-13', 'agency_name': 'Unknown'}, {'duration': 30, 'departure_time': 11040, 'arrival_time': 11070, 'day': 'current_day', 'from_stop_id': '118-1', 'to_stop_id': '118-4', 'trip_id': 'walking', 'agency_name': 'Unknown'}, {'duration': 600, 'departure_time': 11070, 'arrival_time': 11670, 'day': 'current_day', 'from_stop_id': '118-4', 'to_stop_id': '47-4', 'trip_id': '7-1-13', 'agency_name': 'Unknown'}]}"
81,30,11700,intra,left,249,[80; 92],[30],500,375,0,0,12075,12135.0,13230.0,13290.0,1095.0,0.0,80,30,2255.0,13955.0,pt,1590.0,13290.0,1590.0,"{'duration': 1095, 'source_transfer_time': 0, 'waiting_time': 495, 'trip_time': 600, 'num_transfers': 0, 'departure_time': 12135, 'departure_day': 'current_day', 'arrival_time': 13230, 'arrival_day': 'current_day', 'steps': [{'duration': 600, 'departure_time': 12630, 'arrival_time': 13230, 'day': 'current_day', 'from_stop_id': '80-3', 'to_stop_id': '30-3', 'trip_id': '5-1-14', 'agency_name': 'Unknown'}]}"
30,112,6900,intra,left,250,[30],[90; 110],0,0,1000,751,6900,6960.0,7950.0,8010.0,990.0,0.0,30,90,3383.0,10283.0,pt,1861.0,8761.0,1861.0,"{'duration': 990, 'source_transfer_time': 0, 'waiting_time': 150, 'trip_time': 840, 'num_transfers': 0, 'departure_time': 6960, 'departure_day': 'current_day', 'arrival_time': 7950, 'arrival_day': 'current_day', 'steps': [{'duration': 840, 'departure_time': 7110, 'arrival_time': 7950, 'day': 'current_day', 'from_stop_id': '30-3', 'to_stop_id': '90-3', 'trip_id': '5-0-5', 'agency_name': 'Unknown'}]}"
111,55,4470,intra,left,251,[110],[55],500,375,0,0,4845,4905.0,6420.0,6480.0,1515.0,2.0,110,55,3759.0,8229.0,pt,2010.0,6480.0,2010.0,"{'duration': 1515, 'source_transfer_time': 0, 'waiting_time': 255, 'trip_time': 1260, 'num_transfers': 2, 'departure_time': 4905, 'departure_day': 'current_day', 'arrival_time': 6420, 'arrival_day': 'current_day', 'steps': [{'duration': 600, 'departure_time': 5160, 'arrival_time': 5760, 'day': 'current_day', 'from_stop_id': '110-2', 'to_stop_id': 'MH-L-2', 'trip_id': '2-0-4', 'agency_name': 'Unknown'}, {'duration': 30, 'departure_time': 5760, 'arrival_time': 5790, 'day': 'current_day', 'from_stop_id': 'MH-L-2', 'to_stop_id': 'MH-L-1', 'trip_id': 'walking', 'agency_name': 'Unknown'}, {'duration': 480, 'departure_time': 5940, 'arrival_time': 6420, 'day': 'current_day', 'from_stop_id': 'MH-L-1', 'to_stop_id': '55-1', 'trip_id': '1-1-4', 'agency_name': 'Unknown'}]}"
13,91,10590,intra,left,252,[12; 24],[91],500,375,0,0,10965,11025.0,12630.0,12690.0,1605.0,0.0,24,91,4887.0,15477.0,pt,2100.0,12690.0,2100.0,"{'duration': 1605, 'source_transfer_time': 0, 'waiting_time': 135, 'trip_time': 1470, 'num_transfers': 0, 'departure_time': 11025, 'departure_day': 'current_day', 'arrival_time': 12630, 'arrival_day': 'current_day', 'steps': [{'duration': 1470, 'departure_time': 11160, 'arrival_time': 12630, 'day': 'current_day', 'from_stop_id': '24-3', 'to_stop_id': '91-3', 'trip_id': '5-0-13', 'agency_name': 'Unknown'}]}"
25,77,13920,intra,left,253,[25],[77],0,0,0,0,13920,13980.0,15750.0,15810.0,1770.0,2.0,25,77,2631.0,16551.0,pt,1890.0,15810.0,1890.0,"{'duration': 1770, 'source_transfer_time': 0, 'waiting_time': 300, 'trip_time': 1470, 'num_transfers': 2, 'departure_time': 13980, 'departure_day': 'current_day', 'arrival_time': 15750, 'arrival_day': 'current_day', 'steps': [{'duration': 210, 'departure_time': 14280, 'arrival_time': 14490, 'day': 'current_day', 'from_stop_id': '25-3', 'to_stop_id': '27-3', 'trip_id': '5-0-18', 'agency_name': 'Unknown'}, {'duration': 30, 'departure_time': 14490, 'arrival_time': 14520, 'day': 'current_day', 'from_stop_id': '27-3', 'to_stop_id': '27-2', 'trip_id': 'walking', 'agency_name': 'Unknown'}, {'duration': 720, 'departure_time': 15030, 'arrival_time': 15750, 'day': 'current_day', 'from_stop_id': '27-2', 'to_stop_id': '77-2', 'trip_id': '2-1-20', 'agency_name': 'Unknown'}]}"
73,67,13170,intra,left,254,[74],[67],500,375,0,0,13545,13605.0,15150.0,15210.0,1545.0,5.0,74,67,2255.0,15425.0,pt,2040.0,15210.0,2040.0,"{'duration': 1545, 'source_transfer_time': 0, 'waiting_time': 525, 'trip_time': 1020, 'num_transfers': 5, 'departure_time': 13605, 'departure_day': 'current_day', 'arrival_time': 15150, 'arrival_day': 'current_day', 'steps': [{'duration': 210, 'departure_time': 14130, 'arrival_time': 14340, 'day': 'current_day', 'from_stop_id': '74-3', 'to_stop_id': '56-3', 'trip_id': '5-0-14', 'agency_name': 'Unknown'}, {'duration': 30, 'departure_time': 14340, 'arrival_time': 14370, 'day': 'current_day', 'from_stop_id': '56-3', 'to_stop_id': '56-1', 'trip_id': 'walking', 'agency_name': 'Unknown'}, {'duration': 210, 'departure_time': 14430, 'arrival_time': 14640, 'day': 'current_day', 'from_stop_id': '56-1', 'to_stop_id': '117-1', 'trip_id': '1-0-19', 'agency_name': 'Unknown'}, {'duration': 30, 'departure_time': 14640, 'arrival_time': 14670, 'day': 'current_day', 'from_stop_id': '117-1', 'to_stop_id': '117-4', 'trip_id': 'walking', 'agency_name': 'Unknown'}, {'duration': 90, 'departure_time': 14670, 'arrival_time': 14760, 'day': 'current_day', 'from_stop_id': '117-4', 'to_stop_id': 'MH-L-4', 'trip_id': '7-0-19', 'agency_name': 'Unknown'}, {'duration': 210, 'departure_time': 14940, 'arrival_time': 15150, 'day': 'current_day', 'from_stop_id': 'MH-L-4', 'to_stop_id': '67-4', 'trip_id': '7-0-19', 'agency_name': 'Unknown'}]}"
94,76,12870,intra,left,255,[95; 105],[76],500,375,0,0,13245,13305.0,14400.0,14460.0,1095.0,0.0,95,76,2255.0,15125.0,pt,1590.0,14460.0,1590.0,"{'duration': 1095, 'source_transfer_time': 0, 'waiting_time': 525, 'trip_time': 570, 'num_transfers': 0, 'departure_time': 13305, 'departure_day': 'current_day', 'arrival_time': 14400, 'arrival_day': 'current_day', 'steps': [{'duration': 570, 'departure_time': 13830, 'arrival_time': 14400, 'day': 'current_day', 'from_stop_id': '95-5', 'to_stop_id': '76-5', 'trip_id': '8-1-19', 'agency_name': 'Unknown'}]}"
24,72,6900,intra,left,256,[24],[54; 74],0,0,1000,751,6900,6960.0,8010.0,8070.0,1050.0,1.0,24,74,2631.0,9531.0,pt,1921.0,8821.0,1921.0,"{'duration': 1050, 'source_transfer_time': 0, 'waiting_time': 450, 'trip_time': 600, 'num_transfers': 1, 'departure_time': 6960, 'departure_day': 'current_day', 'arrival_time': 8010, 'arrival_day': 'current_day', 'steps': [{'duration': 330, 'departure_time': 7410, 'arrival_time': 7740, 'day': 'current_day', 'from_stop_id': '24-3', 'to_stop_id': '56-3', 'trip_id': '5-1-3', 'agency_name': 'Unknown'}, {'duration': 210, 'departure_time': 7800, 'arrival_time': 8010, 'day': 'current_day', 'from_stop_id': '56-3', 'to_stop_id': '74-3', 'trip_id': '5-1-8', 'agency_name': 'Unknown'}]}"
96,37,13620,intra,left,257,[96],[26; 36; 38; 48],0,0,500,375,13620,13680.0,15150.0,15210.0,1470.0,2.0,96,38,3007.0,16627.0,pt,1965.0,15585.0,1965.0,"{'duration': 1470, 'source_transfer_time': 0, 'waiting_time': 270, 'trip_time': 1200, 'num_transfers': 2, 'departure_time': 13680, 'departure_day': 'current_day', 'arrival_time': 15150, 'arrival_day': 'current_day', 'steps': [{'duration': 690, 'departure_time': 13950, 'arrival_time': 14640, 'day': 'current_day', 'from_stop_id': '96-5', 'to_stop_id': '119-5', 'trip_id': '8-1-19', 'agency_name': 'Unknown'}, {'duration': 30, 'departure_time': 14640, 'arrival_time': 14670, 'day': 'current_day', 'from_stop_id': '119-5', 'to_stop_id': '119-2', 'trip_id': 'walking', 'agency_name': 'Unknown'}, {'duration': 480, 'departure_time': 14670, 'arrival_time': 15150, 'day': 'current_day', 'from_stop_id': '119-2', 'to_stop_id': '38-2', 'trip_id': '2-0-19', 'agency_name': 'Unknown'}]}"
18,72,12810,intra,left,258,[19; 29],[54; 74],500,375,1000,751,13185,13245.0,14610.0,14670.0,1365.0,1.0,29,74,4887.0,17697.0,pt,2611.0,15421.0,2611.0,"{'duration': 1365, 'source_transfer_time': 0, 'waiting_time': 135, 'trip_time': 1230, 'num_transfers': 1, 'departure_time': 13245, 'departure_day': 'current_day', 'arrival_time': 14610, 'arrival_day': 'current_day', 'steps': [{'duration': 960, 'departure_time': 13380, 'arrival_time': 14340, 'day': 'current_day', 'from_stop_id': '29-3', 'to_stop_id': '56-3', 'trip_id': '5-1-14', 'agency_name': 'Unknown'}, {'duration': 210, 'departure_time': 14400, 'arrival_time': 14610, 'day': 'current_day', 'from_stop_id': '56-3', 'to_stop_id': '74-3', 'trip_id': '5-1-19', 'agency_name': 'Unknown'}]}"
51,96,9660,intra,left,259,[51],[96],0,0,0,0,9660,9720.0,11550.0,11610.0,1830.0,2.0,51,96,4135.0,13795.0,pt,1950.0,11610.0,1950.0,"{'duration': 1830, 'source_transfer_time': 0, 'waiting_time': 30, 'trip_time': 1800, 'num_transfers': 2, 'departure_time': 9720, 'departure_day': 'current_day', 'arrival_time': 11550, 'arrival_day': 'current_day', 'steps': [{'duration': 1230, 'departure_time': 9750, 'arrival_time': 10980, 'day': 'current_day', 'from_stop_id': '51-3', 'to_stop_id': '85-3', 'trip_id': '5-0-9', 'agency_name': 'Unknown'}, {'duration': 30, 'departure_time': 10980, 'arrival_time': 11010, 'day': 'current_day', 'from_stop_id': '85-3', 'to_stop_id': '85-5', 'trip_id': 'walking', 'agency_name': 'Unknown'}, {'duration': 90, 'departure_time': 11460, 'arrival_time': 11550, 'day': 'current_day', 'from_stop_id': '85-5', 'to_stop_id': '96-5', 'trip_id': '8-0-12', 'agency_name': 'Unknown'}]}"
82,36,10800,intra,left,260,[61; 80; 92; 104],[36],1000,751,0,0,11551,11611.0,12990.0,13050.0,1379.0,2.0,61,36,4135.0,14935.0,pt,2250.0,13050.0,2250.0,"{'duration': 1379, 'source_transfer_time': 0, 'waiting_time': 149, 'trip_time': 1230, 'num_transfers': 2, 'departure_time': 11611, 'departure_day': 'current_day', 'arrival_time': 12990, 'arrival_day': 'current_day', 'steps': [{'duration': 480, 'departure_time': 11760, 'arrival_time': 12240, 'day': 'current_day', 'from_stop_id': '61-1', 'to_stop_id': '118-1', 'trip_id': '1-1-15', 'agency_name': 'Unknown'}, {'duration': 30, 'departure_time': 12240, 'arrival_time': 12270, 'day': 'current_day', 'from_stop_id': '118-1', 'to_stop_id': '118-4', 'trip_id': 'walking', 'agency_name': 'Unknown'}, {'duration': 720, 'departure_time': 12270, 'arrival_time': 12990, 'day': 'current_day', 'from_stop_id': '118-4', 'to_stop_id': '36-4', 'trip_id': '7-1-15', 'agency_name': 'Unknown'}]}"
75,103,6420,intra,left,261,[75],[103],0,0,0,0,6420,6480.0,8070.0,8130.0,1590.0,2.0,75,103,3007.0,9427.0,pt,1710.0,8130.0,1710.0,"{'duration': 1590, 'source_transfer_time': 0, 'waiting_time': 30, 'trip_time': 1560, 'num_transfers': 2, 'departure_time': 6480, 'departure_day': 'current_day', 'arrival_time': 8070, 'arrival_day': 'current_day', 'steps': [{'duration': 450, 'departure_time': 6510, 'arrival_time': 6960, 'day': 'current_day', 'from_stop_id': '75-5', 'to_stop_id': 'MH-L-5', 'trip_id': '8-1-6', 'agency_name': 'Unknown'}, {'duration': 30, 'departure_time': 6960, 'arrival_time': 6990, 'day': 'current_day', 'from_stop_id': 'MH-L-5', 'to_stop_id': 'MH-L-4', 'trip_id': 'walking', 'agency_name': 'Unknown'}, {'duration': 930, 'departure_time': 7140, 'arrival_time': 8070, 'day': 'current_day', 'from_stop_id': 'MH-L-4', 'to_stop_id': '103-4', 'trip_id': '7-0-6', 'agency_name': 'Unknown'}]}"
75,38,9000,intra,left,262,[75],[38],0,0,0,0,9000,9060.0,10350.0,10410.0,1290.0,3.0,75,38,2255.0,11255.0,pt,1410.0,10410.0,1410.0,"{'duration': 1290, 'source_transfer_time': 0, 'waiting_time': 450, 'trip_time': 840, 'num_transfers': 3, 'departure_time': 9060, 'departure_day': 'current_day', 'arrival_time': 10350, 'arrival_day': 'current_day', 'steps': [{'duration': 330, 'departure_time': 9510, 'arrival_time': 9840, 'day': 'current_day', 'from_stop_id': '75-5', 'to_stop_id': '119-5', 'trip_id': '8-1-11', 'agency_name': 'Unknown'}, {'duration': 30, 'departure_time': 9840, 'arrival_time': 9870, 'day': 'current_day', 'from_stop_id': '119-5', 'to_stop_id': '119-2', 'trip_id': 'walking', 'agency_name': 'Unknown'}, {'duration': 90, 'departure_time': 9870, 'arrival_time': 9960, 'day': 'current_day', 'from_stop_id': '119-2', 'to_stop_id': 'MH-L-2', 'trip_id': '2-0-11', 'agency_name': 'Unknown'}, {'duration': 210, 'departure_time': 10140, 'arrival_time': 10350, 'day': 'current_day', 'from_stop_id': 'MH-L-2', 'to_stop_id': '38-2', 'trip_id': '2-0-11', 'agency_name': 'Unknown'}]}"
81,8,9750,intra,left,263,[80; 92],[9; 19],500,375,500,375,10125,10185.0,10950.0,11010.0,765.0,2.0,80,19,3007.0,12757.0,pt,1635.0,11385.0,1635.0,"{'duration': 765, 'source_transfer_time': 0, 'waiting_time': 45, 'trip_time': 720, 'num_transfers': 2, 'departure_time': 10185, 'departure_day': 'current_day', 'arrival_time': 10950, 'arrival_day': 'current_day', 'steps': [{'duration': 600, 'departure_time': 10230, 'arrival_time': 10830, 'day': 'current_day', 'from_stop_id': '80-3', 'to_stop_id': '30-3', 'trip_id': '5-1-10', 'agency_name': 'Unknown'}, {'duration': 30, 'departure_time': 10830, 'arrival_time': 10860, 'day': 'current_day', 'from_stop_id': '30-3', 'to_stop_id': '30-5', 'trip_id': 'walking', 'agency_name': 'Unknown'}, {'duration': 90, 'departure_time': 10860, 'arrival_time': 10950, 'day': 'current_day', 'from_stop_id': '30-5', 'to_stop_id': '19-5', 'trip_id': '8-1-11', 'agency_name': 'Unknown'}]}"
23,89,9990,intra,left,264,[23],[89],0,0,0,0,9990,10050.0,12240.0,12300.0,2190.0,3.0,23,89,4135.0,14125.0,pt,2310.0,12300.0,2310.0,"{'duration': 2190, 'source_transfer_time': 0, 'waiting_time': 300, 'trip_time': 1890, 'num_transfers': 3, 'departure_time': 10050, 'departure_day': 'current_day', 'arrival_time': 12240, 'arrival_day': 'current_day', 'steps': [{'duration': 210, 'departure_time': 10350, 'arrival_time': 10560, 'day': 'current_day', 'from_stop_id': '23-4', 'to_stop_id': '35-4', 'trip_id': '7-0-13', 'agency_name': 'Unknown'}, {'duration': 30, 'departure_time': 10560, 'arrival_time': 10590, 'day': 'current_day', 'from_stop_id': '35-4', 'to_stop_id': '35-3', 'trip_id': 'walking', 'agency_name': 'Unknown'}, {'duration': 210, 'departure_time': 11130, 'arrival_time': 11340, 'day': 'current_day', 'from_stop_id': '35-3', 'to_stop_id': '56-3', 'trip_id': '5-1-9', 'agency_name': 'Unknown'}, {'duration': 840, 'departure_time': 11400, 'arrival_time': 12240, 'day': 'current_day', 'from_stop_id': '56-3', 'to_stop_id': '89-3', 'trip_id': '5-1-14', 'agency_name': 'Unknown'}]}"
105,46,4950,intra,left,265,[105],[46],0,0,0,0,4950,5010.0,6690.0,6750.0,1680.0,3.0,105,46,3007.0,7957.0,pt,1800.0,6750.0,1800.0,"{'duration': 1680, 'source_transfer_time': 0, 'waiting_time': 180, 'trip_time': 1500, 'num_transfers': 3, 'departure_time': 5010, 'departure_day': 'current_day', 'arrival_time': 6690, 'arrival_day': 'current_day', 'steps': [{'duration': 450, 'departure_time': 5190, 'arrival_time': 5640, 'day': 'current_day', 'from_stop_id': '105-5', 'to_stop_id': '85-5', 'trip_id': '8-1-5', 'agency_name': 'Unknown'}, {'duration': 30, 'departure_time': 5640, 'arrival_time': 5670, 'day': 'current_day', 'from_stop_id': '85-5', 'to_stop_id': '85-3', 'trip_id': 'walking', 'agency_name': 'Unknown'}, {'duration': 330, 'departure_time': 6210, 'arrival_time': 6540, 'day': 'current_day', 'from_stop_id': '85-3', 'to_stop_id': '56-3', 'trip_id': '5-0-1', 'agency_name': 'Unknown'}, {'duration': 90, 'departure_time': 6600, 'arrival_time': 6690, 'day': 'current_day', 'from_stop_id': '56-3', 'to_stop_id': '46-3', 'trip_id': '5-0-6', 'agency_name': 'Unknown'}]}"
39,10,11130,intra,left,266,[39],[10],0,0,0,0,11130,11190.0,12510.0,12570.0,1320.0,0.0,39,10,2631.0,13761.0,pt,1440.0,12570.0,1440.0,"{'duration': 1320, 'source_transfer_time': 0, 'waiting_time': 510, 'trip_time': 810, 'num_transfers': 0, 'departure_time': 11190, 'departure_day': 'current_day', 'arrival_time': 12510, 'arrival_day': 'current_day', 'steps': [{'duration': 810, 'departure_time': 11700, 'arrival_time': 12510, 'day': 'current_day', 'from_stop_id': '39-5', 'to_stop_id': '10-5', 'trip_id': '8-1-13', 'agency_name': 'Unknown'}]}"
85,91,11250,intra,left,267,[85],[91],0,0,0,0,11250,11310.0,12480.0,12540.0,1170.0,0.0,85,91,2255.0,13505.0,pt,1290.0,12540.0,1290.0,"{'duration': 1170, 'source_transfer_time': 0, 'waiting_time': 450, 'trip_time': 720, 'num_transfers': 0, 'departure_time': 11310, 'departure_day': 'current_day', 'arrival_time': 12480, 'arrival_day': 'current_day', 'steps': [{'duration': 720, 'departure_time': 11760, 'arrival_time': 12480, 'day': 'current_day', 'from_stop_id': '85-3', 'to_stop_id': '91-3', 'trip_id': '5-1-14', 'agency_name': 'Unknown'}]}"
71,96,4950,intra,left,268,[61],[96],500,375,0,0,5325,5385.0,7350.0,7410.0,1965.0,2.0,61,96,4135.0,9085.0,pt,2460.0,7410.0,2460.0,"{'duration': 1965, 'source_transfer_time': 0, 'waiting_time': 375, 'trip_time': 1590, 'num_transfers': 2, 'departure_time': 5385, 'departure_day': 'current_day', 'arrival_time': 7350, 'arrival_day': 'current_day', 'steps': [{'duration': 600, 'departure_time': 5760, 'arrival_time': 6360, 'day': 'current_day', 'from_stop_id': '61-1', 'to_stop_id': 'MH-L-1', 'trip_id': '1-1-5', 'agency_name': 'Unknown'}, {'duration': 30, 'departure_time': 6360, 'arrival_time': 6390, 'day': 'current_day', 'from_stop_id': 'MH-L-1', 'to_stop_id': 'MH-L-5', 'trip_id': 'walking', 'agency_name': 'Unknown'}, {'duration': 810, 'departure_time': 6540, 'arrival_time': 7350, 'day': 'current_day', 'from_stop_id': 'MH-L-5', 'to_stop_id': '96-5', 'trip_id': '8-0-5', 'agency_name': 'Unknown'}]}"
92,56,7470,intra,left,269,[92],[56],0,0,0,0,7470,7530.0,9270.0,9330.0,1740.0,2.0,92,56,3759.0,11229.0,pt,1860.0,9330.0,1860.0,"{'duration': 1740, 'source_transfer_time': 0, 'waiting_time': 420, 'trip_time': 1320, 'num_transfers': 2, 'departure_time': 7530, 'departure_day': 'current_day', 'arrival_time': 9270, 'arrival_day': 'current_day', 'steps': [{'duration': 690, 'departure_time': 7950, 'arrival_time': 8640, 'day': 'current_day', 'from_stop_id': '92-4', 'to_stop_id': '118-4', 'trip_id': '7-1-9', 'agency_name': 'Unknown'}, {'duration': 30, 'departure_time': 8640, 'arrival_time': 8670, 'day': 'current_day', 'from_stop_id': '118-4', 'to_stop_id': '118-1', 'trip_id': 'walking', 'agency_name': 'Unknown'}, {'duration': 600, 'departure_time': 8670, 'arrival_time': 9270, 'day': 'current_day', 'from_stop_id': '118-1', 'to_stop_id': '56-1', 'trip_id': '1-1-9', 'agency_name': 'Unknown'}]}"
40,2,13020,intra,left,270,[40],[0; 12; 24],0,0,1000,751,13020,13080.0,14430.0,14490.0,1350.0,2.0,40,24,3007.0,16027.0,pt,2221.0,15241.0,2221.0,"{'duration': 1350, 'source_transfer_time': 0, 'waiting_time': 30, 'trip_time': 1320, 'num_transfers': 2, 'departure_time': 13080, 'departure_day': 'current_day', 'arrival_time': 14430, 'arrival_day': 'current_day', 'steps': [{'duration': 450, 'departure_time': 13110, 'arrival_time': 13560, 'day': 'current_day', 'from_stop_id': '40-5', 'to_stop_id': 'MH-L-5', 'trip_id': '8-0-17', 'agency_name': 'Unknown'}, {'duration': 30, 'departure_time': 13560, 'arrival_time': 13590, 'day': 'current_day', 'from_stop_id': 'MH-L-5', 'to_stop_id': 'MH-L-4', 'trip_id': 'walking', 'agency_name': 'Unknown'}, {'duration': 690, 'departure_time': 13740, 'arrival_time': 14430, 'day': 'current_day', 'from_stop_id': 'MH-L-4', 'to_stop_id': '24-4', 'trip_id': '7-1-17', 'agency_name': 'Unknown'}]}"
100,64,8520,intra,left,271,[89; 99],[64],500,375,0,0,8895,8955.0,10020.0,10080.0,1065.0,0.0,89,64,2631.0,11151.0,pt,1560.0,10080.0,1560.0,"{'duration': 1065, 'source_transfer_time': 0, 'waiting_time': 345, 'trip_time': 720, 'num_transfers': 0, 'departure_time': 8955, 'departure_day': 'current_day', 'arrival_time': 10020, 'arrival_day': 'current_day', 'steps': [{'duration': 720, 'departure_time': 9300, 'arrival_time': 10020, 'day': 'current_day', 'from_stop_id': '89-3', 'to_stop_id': '64-3', 'trip_id': '5-0-7', 'agency_name': 'Unknown'}]}"
2,21,13950,intra,left,272,[0; 12; 24],[10; 20],1000,751,500,375,14701,14761.0,16470.0,16530.0,1709.0,4.0,0,20,3383.0,17333.0,pt,2955.0,16905.0,2955.0,"{'duration': 1709, 'source_transfer_time': 0, 'waiting_time': 29, 'trip_time': 1680, 'num_transfers': 4, 'departure_time': 14761, 'departure_day': 'current_day', 'arrival_time': 16470, 'arrival_day': 'current_day', 'steps': [{'duration': 450, 'departure_time': 14790, 'arrival_time': 15240, 'day': 'current_day', 'from_stop_id': '0-4', 'to_stop_id': '24-4', 'trip_id': '7-0-21', 'agency_name': 'Unknown'}, {'duration': 30, 'departure_time': 15240, 'arrival_time': 15270, 'day': 'current_day', 'from_stop_id': '24-4', 'to_stop_id': '24-3', 'trip_id': 'walking', 'agency_name': 'Unknown'}, {'duration': 600, 'departure_time': 15360, 'arrival_time': 15960, 'day': 'current_day', 'from_stop_id': '24-3', 'to_stop_id': '29-3', 'trip_id': '5-0-20', 'agency_name': 'Unknown'}, {'duration': 30, 'departure_time': 15960, 'arrival_time': 15990, 'day': 'current_day', 'from_stop_id': '29-3', 'to_stop_id': '29-5', 'trip_id': 'walking', 'agency_name': 'Unknown'}, {'duration': 330, 'departure_time': 16140, 'arrival_time': 16470, 'day': 'current_day', 'from_stop_id': '29-5', 'to_stop_id': '20-5', 'trip_id': '8-1-20', 'agency_name': 'Unknown'}]}"
43,95,11250,intra,left,273,[41; 61],[95],1000,751,0,0,12001,12061.0,14070.0,14130.0,2009.0,2.0,61,95,5639.0,16889.0,pt,2880.0,14130.0,2880.0,"{'duration': 2009, 'source_transfer_time': 0, 'waiting_time': 299, 'trip_time': 1710, 'num_transfers': 2, 'departure_time': 12061, 'departure_day': 'current_day', 'arrival_time': 14070, 'arrival_day': 'current_day', 'steps': [{'duration': 600, 'departure_time': 12360, 'arrival_time': 12960, 'day': 'current_day', 'from_stop_id': '61-1', 'to_stop_id': 'MH-L-1', 'trip_id': '1-1-16', 'agency_name': 'Unknown'}, {'duration': 30, 'departure_time': 12960, 'arrival_time': 12990, 'day': 'current_day', 'from_stop_id': 'MH-L-1', 'to_stop_id': 'MH-L-5', 'trip_id': 'walking', 'agency_name': 'Unknown'}, {'duration': 930, 'departure_time': 13140, 'arrival_time': 14070, 'day': 'current_day', 'from_stop_id': 'MH-L-5', 'to_stop_id': '95-5', 'trip_id': '8-0-16', 'agency_name': 'Unknown'}]}"
114,3,5070,intra,left,274,[103; 115],[5; 25],500,375,1000,751,5445,5505.0,7740.0,7800.0,2235.0,2.0,103,5,6015.0,11085.0,pt,3481.0,8551.0,3481.0,"{'duration': 2235, 'source_transfer_time': 0, 'waiting_time': 525, 'trip_time': 1710, 'num_transfers': 2, 'departure_time': 5505, 'departure_day': 'current_day', 'arrival_time': 7740, 'arrival_day': 'current_day', 'steps': [{'duration': 930, 'departure_time': 6030, 'arrival_time': 6960, 'day': 'current_day', 'from_stop_id': '103-4', 'to_stop_id': 'MH-L-4', 'trip_id': '7-1-6', 'agency_name': 'Unknown'}, {'duration': 30, 'departure_time': 6960, 'arrival_time': 6990, 'day': 'current_day', 'from_stop_id': 'MH-L-4', 'to_stop_id': 'MH-L-2', 'trip_id': 'walking', 'agency_name': 'Unknown'}, {'duration': 600, 'departure_time': 7140, 'arrival_time': 7740, 'day': 'current_day', 'from_stop_id': 'MH-L-2', 'to_stop_id': '5-2', 'trip_id': '2-0-6', 'agency_name': 'Unknown'}]}"
27,84,4980,intra,left,275,[27],[85; 95],0,0,500,375,4980,5040.0,6330.0,6390.0,1290.0,1.0,27,85,3759.0,8739.0,pt,1785.0,6765.0,1785.0,"{'duration': 1290, 'source_transfer_time': 0, 'waiting_time': 210, 'trip_time': 1080, 'num_transfers': 1, 'departure_time': 5040, 'departure_day': 'current_day', 'arrival_time': 6330, 'arrival_day': 'current_day', 'steps': [{'duration': 690, 'departure_time': 5250, 'arrival_time': 5940, 'day': 'current_day', 'from_stop_id': '27-3', 'to_stop_id': '56-3', 'trip_id': '5-1-0', 'agency_name': 'Unknown'}, {'duration': 330, 'departure_time': 6000, 'arrival_time': 6330, 'day': 'current_day', 'from_stop_id': '56-3', 'to_stop_id': '85-3', 'trip_id': '5-1-5', 'agency_name': 'Unknown'}]}"
76,0,6060,intra,left,276,[76],[0],0,0,0,0,6060,6120.0,8310.0,8370.0,2190.0,2.0,76,0,4135.0,10195.0,pt,2310.0,8370.0,2310.0,"{'duration': 2190, 'source_transfer_time': 0, 'waiting_time': 510, 'trip_time': 1680, 'num_transfers': 2, 'departure_time': 6120, 'departure_day': 'current_day', 'arrival_time': 8310, 'arrival_day': 'current_day', 'steps': [{'duration': 330, 'departure_time': 6630, 'arrival_time': 6960, 'day': 'current_day', 'from_stop_id': '76-5', 'to_stop_id': 'MH-L-5', 'trip_id': '8-1-6', 'agency_name': 'Unknown'}, {'duration': 30, 'departure_time': 6960, 'arrival_time': 6990, 'day': 'current_day', 'from_stop_id': 'MH-L-5', 'to_stop_id': 'MH-L-4', 'trip_id': 'walking', 'agency_name': 'Unknown'}, {'duration': 1170, 'departure_time': 7140, 'arrival_time': 8310, 'day': 'current_day', 'from_stop_id': 'MH-L-4', 'to_stop_id': '0-4', 'trip_id': '7-1-6', 'agency_name': 'Unknown'}]}"
103,23,9810,intra,left,277,[103],[23],0,0,0,0,9810,9870.0,12150.0,12210.0,2280.0,0.0,103,23,5639.0,15449.0,pt,2400.0,12210.0,2400.0,"{'duration': 2280, 'source_transfer_time': 0, 'waiting_time': 360, 'trip_time': 1920, 'num_transfers': 0, 'departure_time': 9870, 'departure_day': 'current_day', 'arrival_time': 12150, 'arrival_day': 'current_day', 'steps': [{'duration': 1920, 'departure_time': 10230, 'arrival_time': 12150, 'day': 'current_day', 'from_stop_id': '103-4', 'to_stop_id': '23-4', 'trip_id': '7-1-13', 'agency_name': 'Unknown'}]}"
63,0,5310,intra,left,278,[55; 64],[0],500,375,0,0,5685,5745.0,7110.0,7170.0,1365.0,4.0,55,0,2631.0,7941.0,pt,1860.0,7170.0,1860.0,"{'duration': 1365, 'source_transfer_time': 0, 'waiting_time': 135, 'trip_time': 1230, 'num_transfers': 4, 'departure_time': 5745, 'departure_day': 'current_day', 'arrival_time': 7110, 'arrival_day': 'current_day', 'steps': [{'duration': 90, 'departure_time': 5880, 'arrival_time': 5970, 'day': 'current_day', 'from_stop_id': '55-1', 'to_stop_id': '56-1', 'trip_id': '1-0-5', 'agency_name': 'Unknown'}, {'duration': 30, 'departure_time': 5970, 'arrival_time': 6000, 'day': 'current_day', 'from_stop_id': '56-1', 'to_stop_id': '56-3', 'trip_id': 'walking', 'agency_name': 'Unknown'}, {'duration': 210, 'departure_time': 6000, 'arrival_time': 6210, 'day': 'current_day', 'from_stop_id': '56-3', 'to_stop_id': '35-3', 'trip_id': '5-0-5', 'agency_name': 'Unknown'}, {'duration': 30, 'departure_time': 6210, 'arrival_time': 6240, 'day': 'current_day', 'from_stop_id': '35-3', 'to_stop_id': '35-4', 'trip_id': 'walking', 'agency_name': 'Unknown'}, {'duration': 570, 'departure_time': 6540, 'arrival_time': 7110, 'day': 'current_day', 'from_stop_id': '35-4', 'to_stop_id': '0-4', 'trip_id': '7-1-4', 'agency_name': 'Unknown'}]}"
106,78,8460,intra,left,279,[106],[67; 77; 79; 89],0,0,500,375,8460,8520.0,9840.0,9900.0,1320.0,2.0,106,89,3007.0,11467.0,pt,1815.0,10275.0,1815.0,"{'duration': 1320, 'source_transfer_time': 0, 'waiting_time': 390, 'trip_time': 930, 'num_transfers': 2, 'departure_time': 8520, 'departure_day': 'current_day', 'arrival_time': 9840, 'arrival_day': 'current_day', 'steps': [{'duration': 330, 'departure_time': 8910, 'arrival_time': 9240, 'day': 'current_day', 'from_stop_id': '106-5', 'to_stop_id': '85-5', 'trip_id': '8-1-11', 'agency_name': 'Unknown'}, {'duration': 30, 'departure_time': 9240, 'arrival_time': 9270, 'day': 'current_day', 'from_stop_id': '85-5', 'to_stop_id': '85-3', 'trip_id': 'walking', 'agency_name': 'Unknown'}, {'duration': 480, 'departure_time': 9360, 'arrival_time': 9840, 'day': 'current_day', 'from_stop_id': '85-3', 'to_stop_id': '89-3', 'trip_id': '5-1-10', 'agency_name': 'Unknown'}]}"
57,101,10140,intra,left,280,[57],[90],0,0,500,375,10140,10200.0,11550.0,11610.0,1350.0,2.0,57,90,3007.0,13147.0,pt,1845.0,11985.0,1845.0,"{'duration': 1350, 'source_transfer_time': 0, 'waiting_time': 150, 'trip_time': 1200, 'num_transfers': 2, 'departure_time': 10200, 'departure_day': 'current_day', 'arrival_time': 11550, 'arrival_day': 'current_day', 'steps': [{'duration': 720, 'departure_time': 10350, 'arrival_time': 11070, 'day': 'current_day', 'from_stop_id': '57-1', 'to_stop_id': '59-1', 'trip_id': '1-0-12', 'agency_name': 'Unknown'}, {'duration': 30, 'departure_time': 11070, 'arrival_time': 11100, 'day': 'current_day', 'from_stop_id': '59-1', 'to_stop_id': '59-3', 'trip_id': 'walking', 'agency_name': 'Unknown'}, {'duration': 450, 'departure_time': 11100, 'arrival_time': 11550, 'day': 'current_day', 'from_stop_id': '59-3', 'to_stop_id': '90-3', 'trip_id': '5-0-11', 'agency_name': 'Unknown'}]}"
24,93,8010,intra,left,281,[24],[92; 104],0,0,500,375,8010,8070.0,9750.0,9810.0,1680.0,0.0,24,92,5263.0,13273.0,pt,2175.0,10185.0,2175.0,"{'duration': 1680, 'source_transfer_time': 0, 'waiting_time': 0, 'trip_time': 1680, 'num_transfers': 0, 'departure_time': 8070, 'departure_day': 'current_day', 'arrival_time': 9750, 'arrival_day': 'current_day', 'steps': [{'duration': 1680, 'departure_time': 8070, 'arrival_time': 9750, 'day': 'current_day', 'from_stop_id': '24-4', 'to_stop_id': '92-4', 'trip_id': '7-0-9', 'agency_name': 'Unknown'}]}"
119,108,4470,intra,left,282,[119],[86; 96; 106; 110],0,0,1000,751,4470,4530.0,5310.0,5370.0,780.0,0.0,119,86,2255.0,6725.0,pt,1651.0,6121.0,1651.0,"{'duration': 780, 'source_transfer_time': 0, 'waiting_time': 330, 'trip_time': 450, 'num_transfers': 0, 'departure_time': 4530, 'departure_day': 'current_day', 'arrival_time': 5310, 'arrival_day': 'current_day', 'steps': [{'duration': 450, 'departure_time': 4860, 'arrival_time': 5310, 'day': 'current_day', 'from_stop_id': '119-5', 'to_stop_id': '86-5', 'trip_id': '8-0-2', 'agency_name': 'Unknown'}]}"
119,96,13050,intra,left,283,[119],[96],0,0,0,0,13050,13110.0,13950.0,14010.0,840.0,0.0,119,96,2255.0,15305.0,pt,960.0,14010.0,960.0,"{'duration': 840, 'source_transfer_time': 0, 'waiting_time': 150, 'trip_time': 690, 'num_transfers': 0, 'departure_time': 13110, 'departure_day': 'current_day', 'arrival_time': 13950, 'arrival_day': 'current_day', 'steps': [{'duration': 690, 'departure_time': 13260, 'arrival_time': 13950, 'day': 'current_day', 'from_stop_id': '119-5', 'to_stop_id': '96-5', 'trip_id': '8-0-16', 'agency_name': 'Unknown'}]}"
2,85,9030,intra,left,284,[0; 12; 24],[85],1000,751,0,0,9781,9841.0,11130.0,11190.0,1289.0,1.0,24,85,3007.0,12037.0,pt,2160.0,11190.0,2160.0,"{'duration': 1289, 'source_transfer_time': 0, 'waiting_time': 569, 'trip_time': 720, 'num_transfers': 1, 'departure_time': 9841, 'departure_day': 'current_day', 'arrival_time': 11130, 'arrival_day': 'current_day', 'steps': [{'duration': 330, 'departure_time': 10410, 'arrival_time': 10740, 'day': 'current_day', 'from_stop_id': '24-3', 'to_stop_id': '56-3', 'trip_id': '5-1-8', 'agency_name': 'Unknown'}, {'duration': 330, 'departure_time': 10800, 'arrival_time': 11130, 'day': 'current_day', 'from_stop_id': '56-3', 'to_stop_id': '85-3', 'trip_id': '5-1-13', 'agency_name': 'Unknown'}]}"
92,98,8640,intra,left,285,[92],[87; 99],0,0,500,375,8640,8700.0,10140.0,10200.0,1440.0,2.0,92,87,2255.0,10895.0,pt,1935.0,10575.0,1935.0,"{'duration': 1440, 'source_transfer_time': 0, 'waiting_time': 450, 'trip_time': 990, 'num_transfers': 2, 'departure_time': 8700, 'departure_day': 'current_day', 'arrival_time': 10140, 'arrival_day': 'current_day', 'steps': [{'duration': 90, 'departure_time': 9150, 'arrival_time': 9240, 'day': 'current_day', 'from_stop_id': '92-4', 'to_stop_id': '91-4', 'trip_id': '7-1-11', 'agency_name': 'Unknown'}, {'duration': 30, 'departure_time': 9240, 'arrival_time': 9270, 'day': 'current_day', 'from_stop_id': '91-4', 'to_stop_id': '91-3', 'trip_id': 'walking', 'agency_name': 'Unknown'}, {'duration': 480, 'departure_time': 9660, 'arrival_time': 10140, 'day': 'current_day', 'from_stop_id': '91-3', 'to_stop_id': '87-3', 'trip_id': '5-0-8', 'agency_name': 'Unknown'}]}"
23,53,7800,intra,left,286,[23],[61],0,0,500,375,7800,7860.0,9540.0,9600.0,1680.0,3.0,23,61,4135.0,11935.0,pt,2175.0,9975.0,2175.0,"{'duration': 1680, 'source_transfer_time': 0, 'waiting_time': 90, 'trip_time': 1590, 'num_transfers': 3, 'departure_time': 7860, 'departure_day': 'current_day', 'arrival_time': 9540, 'arrival_day': 'current_day', 'steps': [{'duration': 690, 'departure_time': 7950, 'arrival_time': 8640, 'day': 'current_day', 'from_stop_id': '23-4', 'to_stop_id': '117-4', 'trip_id': '7-0-9', 'agency_name': 'Unknown'}, {'duration': 30, 'departure_time': 8640, 'arrival_time': 8670, 'day': 'current_day', 'from_stop_id': '117-4', 'to_stop_id': '117-1', 'trip_id': 'walking', 'agency_name': 'Unknown'}, {'duration': 90, 'departure_time': 8670, 'arrival_time': 8760, 'day': 'current_day', 'from_stop_id': '117-1', 'to_stop_id': 'MH-L-1', 'trip_id': '1-0-9', 'agency_name': 'Unknown'}, {'duration': 600, 'departure_time': 8940, 'arrival_time': 9540, 'day': 'current_day', 'from_stop_id': 'MH-L-1', 'to_stop_id': '61-1', 'trip_id': '1-0-9', 'agency_name': 'Unknown'}]}"
108,25,4950,intra,left,287,[86; 96; 106; 110],[25],1000,751,0,0,5701,5761.0,7050.0,7110.0,1289.0,1.0,86,25,3007.0,7957.0,pt,2160.0,7110.0,2160.0,"{'duration': 1289, 'source_transfer_time': 0, 'waiting_time': 329, 'trip_time': 960, 'num_transfers': 1, 'departure_time': 5761, 'departure_day': 'current_day', 'arrival_time': 7050, 'arrival_day': 'current_day', 'steps': [{'duration': 450, 'departure_time': 6090, 'arrival_time': 6540, 'day': 'current_day', 'from_stop_id': '86-3', 'to_stop_id': '56-3', 'trip_id': '5-0-1', 'agency_name': 'Unknown'}, {'duration': 450, 'departure_time': 6600, 'arrival_time': 7050, 'day': 'current_day', 'from_stop_id': '56-3', 'to_stop_id': '25-3', 'trip_id': '5-0-6', 'agency_name': 'Unknown'}]}"
112,44,8820,intra,left,288,[90; 110],[54],1000,751,500,375,9571,9631.0,11340.0,11400.0,1709.0,2.0,90,54,4887.0,13707.0,pt,2955.0,11775.0,2955.0,"{'duration': 1709, 'source_transfer_time': 0, 'waiting_time': 149, 'trip_time': 1560, 'num_transfers': 2, 'departure_time': 9631, 'departure_day': 'current_day', 'arrival_time': 11340, 'arrival_day': 'current_day', 'steps': [{'duration': 960, 'departure_time': 9780, 'arrival_time': 10740, 'day': 'current_day', 'from_stop_id': '90-3', 'to_stop_id': '56-3', 'trip_id': '5-0-8', 'agency_name': 'Unknown'}, {'duration': 30, 'departure_time': 10740, 'arrival_time': 10770, 'day': 'current_day', 'from_stop_id': '56-3', 'to_stop_id': '56-1', 'trip_id': 'walking', 'agency_name': 'Unknown'}, {'duration': 210, 'departure_time': 11130, 'arrival_time': 11340, 'day': 'current_day', 'from_stop_id': '56-1', 'to_stop_id': '54-1', 'trip_id': '1-1-12', 'agency_name': 'Unknown'}]}"
66,6,12780,intra,left,289,[66],[5],0,0,500,375,12780,12840.0,14340.0,14400.0,1500.0,3.0,66,5,3007.0,15787.0,pt,1995.0,14775.0,1995.0,"{'duration': 1500, 'source_transfer_time': 0, 'waiting_time': 510, 'trip_time': 990, 'num_transfers': 3, 'departure_time': 12840, 'departure_day': 'current_day', 'arrival_time': 14340, 'arrival_day': 'current_day', 'steps': [{'duration': 90, 'departure_time': 13350, 'arrival_time': 13440, 'day': 'current_day', 'from_stop_id': '66-5', 'to_stop_id': '119-5', 'trip_id': '8-1-17', 'agency_name': 'Unknown'}, {'duration': 30, 'departure_time': 13440, 'arrival_time': 13470, 'day': 'current_day', 'from_stop_id': '119-5', 'to_stop_id': '119-2', 'trip_id': 'walking', 'agency_name': 'Unknown'}, {'duration': 90, 'departure_time': 13470, 'arrival_time': 13560, 'day': 'current_day', 'from_stop_id': '119-2', 'to_stop_id': 'MH-L-2', 'trip_id': '2-0-17', 'agency_name': 'Unknown'}, {'duration': 600, 'departure_time': 13740, 'arrival_time': 14340, 'day': 'current_day', 'from_stop_id': 'MH-L-2', 'to_stop_id': '5-2', 'trip_id': '2-0-17', 'agency_name': 'Unknown'}]}"
102,0,3780,intra,left,290,[91; 103],[0],500,375,0,0,4155,4215.0,6510.0,6570.0,2295.0,0.0,91,0,6390.0,10170.0,pt,2790.0,6570.0,2790.0,"{'duration': 2295, 'source_transfer_time': 0, 'waiting_time': 255, 'trip_time': 2040, 'num_transfers': 0, 'departure_time': 4215, 'departure_day': 'current_day', 'arrival_time': 6510, 'arrival_day': 'current_day', 'steps': [{'duration': 2040, 'departure_time': 4470, 'arrival_time': 6510, 'day': 'current_day', 'from_stop_id': '91-4', 'to_stop_id': '0-4', 'trip_id': '7-1-3', 'agency_name': 'Unknown'}]}"
61,63,5220,intra,left,291,[61],[55; 64],0,0,500,375,5220,5280.0,7020.0,7080.0,1740.0,0.0,61,55,3759.0,8979.0,pt,2235.0,7455.0,2235.0,"{'duration': 1740, 'source_transfer_time': 0, 'waiting_time': 480, 'trip_time': 1260, 'num_transfers': 0, 'departure_time': 5280, 'departure_day': 'current_day', 'arrival_time': 7020, 'arrival_day': 'current_day', 'steps': [{'duration': 1260, 'departure_time': 5760, 'arrival_time': 7020, 'day': 'current_day', 'from_stop_id': '61-1', 'to_stop_id': '55-1', 'trip_id': '1-1-5', 'agency_name': 'Unknown'}]}"
31,4,10440,intra,left,292,[20; 30],[5],500,375,500,375,10815,10875.0,12540.0,12600.0,1665.0,3.0,30,5,2631.0,13071.0,pt,2535.0,12975.0,2535.0,"{'duration': 1665, 'source_transfer_time': 0, 'waiting_time': 195, 'trip_time': 1470, 'num_transfers': 3, 'departure_time': 10875, 'departure_day': 'current_day', 'arrival_time': 12540, 'arrival_day': 'current_day', 'steps': [{'duration': 570, 'departure_time': 11070, 'arrival_time': 11640, 'day': 'current_day', 'from_stop_id': '30-5', 'to_stop_id': '116-5', 'trip_id': '8-0-14', 'agency_name': 'Unknown'}, {'duration': 30, 'departure_time': 11640, 'arrival_time': 11670, 'day': 'current_day', 'from_stop_id': '116-5', 'to_stop_id': '116-2', 'trip_id': 'walking', 'agency_name': 'Unknown'}, {'duration': 90, 'departure_time': 11670, 'arrival_time': 11760, 'day': 'current_day', 'from_stop_id': '116-2', 'to_stop_id': 'MH-L-2', 'trip_id': '2-1-14', 'agency_name': 'Unknown'}, {'duration': 600, 'departure_time': 11940, 'arrival_time': 12540, 'day': 'current_day', 'from_stop_id': 'MH-L-2', 'to_stop_id': '5-2', 'trip_id': '2-0-14', 'agency_name': 'Unknown'}]}"
112,33,9300,intra,left,293,[90; 110],[11; 23; 35; 54],1000,751,1000,751,10051,10111.0,11610.0,11670.0,1499.0,1.0,90,35,5263.0,14563.0,pt,3121.0,12421.0,3121.0,"{'duration': 1499, 'source_transfer_time': 0, 'waiting_time': 269, 'trip_time': 1230, 'num_transfers': 1, 'departure_time': 10111, 'departure_day': 'current_day', 'arrival_time': 11610, 'arrival_day': 'current_day', 'steps': [{'duration': 960, 'departure_time': 10380, 'arrival_time': 11340, 'day': 'current_day', 'from_stop_id': '90-3', 'to_stop_id': '56-3', 'trip_id': '5-0-9', 'agency_name': 'Unknown'}, {'duration': 210, 'departure_time': 11400, 'arrival_time': 11610, 'day': 'current_day', 'from_stop_id': '56-3', 'to_stop_id': '35-3', 'trip_id': '5-0-14', 'agency_name': 'Unknown'}]}"
120,19,7740,intra,left,294,[120],[19],0,0,0,0,7740,7800.0,9150.0,9210.0,1350.0,0.0,MH-L,19,2631.0,10371.0,pt,1470.0,9210.0,1470.0,"{'duration': 1350, 'source_transfer_time': 0, 'waiting_time': 540, 'trip_time': 810, 'num_transfers': 0, 'departure_time': 7800, 'departure_day': 'current_day', 'arrival_time': 9150, 'arrival_day': 'current_day', 'steps': [{'duration': 810, 'departure_time': 8340, 'arrival_time': 9150, 'day': 'current_day', 'from_stop_id': 'MH-L-5', 'to_stop_id': '19-5', 'trip_id': '8-1-8', 'agency_name': 'Unknown'}]}"
39,98,4140,intra,left,295,[39],[87; 99],0,0,500,375,4140,4200.0,5220.0,5280.0,1020.0,3.0,39,99,3007.0,7147.0,pt,1515.0,5655.0,1515.0,"{'duration': 1020, 'source_transfer_time': 0, 'waiting_time': 30, 'trip_time': 990, 'num_transfers': 3, 'departure_time': 4200, 'departure_day': 'current_day', 'arrival_time': 5220, 'arrival_day': 'current_day', 'steps': [{'duration': 210, 'departure_time': 4230, 'arrival_time': 4440, 'day': 'current_day', 'from_stop_id': '39-5', 'to_stop_id': '116-5', 'trip_id': '8-0-2', 'agency_name': 'Unknown'}, {'duration': 30, 'departure_time': 4440, 'arrival_time': 4470, 'day': 'current_day', 'from_stop_id': '116-5', 'to_stop_id': '116-2', 'trip_id': 'walking', 'agency_name': 'Unknown'}, {'duration': 90, 'departure_time': 4470, 'arrival_time': 4560, 'day': 'current_day', 'from_stop_id': '116-2', 'to_stop_id': 'MH-L-2', 'trip_id': '2-1-2', 'agency_name': 'Unknown'}, {'duration': 480, 'departure_time': 4740, 'arrival_time': 5220, 'day': 'current_day', 'from_stop_id': 'MH-L-2', 'to_stop_id': '99-2', 'trip_id': '2-1-2', 'agency_name': 'Unknown'}]}"
106,41,8370,intra,left,296,[106],[41],0,0,0,0,8370,8430.0,10710.0,10770.0,2280.0,2.0,106,41,5263.0,13633.0,pt,2400.0,10770.0,2400.0,"{'duration': 2280, 'source_transfer_time': 0, 'waiting_time': 480, 'trip_time': 1800, 'num_transfers': 2, 'departure_time': 8430, 'departure_day': 'current_day', 'arrival_time': 10710, 'arrival_day': 'current_day', 'steps': [{'duration': 330, 'departure_time': 8910, 'arrival_time': 9240, 'day': 'current_day', 'from_stop_id': '106-5', 'to_stop_id': '85-5', 'trip_id': '8-1-11', 'agency_name': 'Unknown'}, {'duration': 30, 'departure_time': 9240, 'arrival_time': 9270, 'day': 'current_day', 'from_stop_id': '85-5', 'to_stop_id': '85-3', 'trip_id': 'walking', 'agency_name': 'Unknown'}, {'duration': 1350, 'departure_time': 9360, 'arrival_time': 10710, 'day': 'current_day', 'from_stop_id': '85-3', 'to_stop_id': '41-3', 'trip_id': '5-1-10', 'agency_name': 'Unknown'}]}"
10,50,9270,intra,left,297,[10],[40; 49; 51; 58],0,0,500,375,9270,9330.0,10080.0,10140.0,750.0,0.0,10,40,2631.0,11901.0,pt,1245.0,10515.0,1245.0,"{'duration': 750, 'source_transfer_time': 0, 'waiting_time': 60, 'trip_time': 690, 'num_transfers': 0, 'departure_time': 9330, 'departure_day': 'current_day', 'arrival_time': 10080, 'arrival_day': 'current_day', 'steps': [{'duration': 690, 'departure_time': 9390, 'arrival_time': 10080, 'day': 'current_day', 'from_stop_id': '10-5', 'to_stop_id': '40-5', 'trip_id': '8-0-12', 'agency_name': 'Unknown'}]}"
36,79,7890,intra,left,298,[36],[79],0,0,0,0,7890,7950.0,9390.0,9450.0,1440.0,0.0,36,79,3007.0,10897.0,pt,1560.0,9450.0,1560.0,"{'duration': 1440, 'source_transfer_time': 0, 'waiting_time': 360, 'trip_time': 1080, 'num_transfers': 0, 'departure_time': 7950, 'departure_day': 'current_day', 'arrival_time': 9390, 'arrival_day': 'current_day', 'steps': [{'duration': 1080, 'departure_time': 8310, 'arrival_time': 9390, 'day': 'current_day', 'from_stop_id': '36-4', 'to_stop_id': '79-4', 'trip_id': '7-0-9', 'agency_name': 'Unknown'}]}"
6,60,12330,intra,left,299,[5],[60],500,375,0,0,12705,12765.0,14220.0,14280.0,1455.0,2.0,5,60,3007.0,15337.0,pt,1950.0,14280.0,1950.0,"{'duration': 1455, 'source_transfer_time': 0, 'waiting_time': 195, 'trip_time': 1260, 'num_transfers': 2, 'departure_time': 12765, 'departure_day': 'current_day', 'arrival_time': 14220, 'arrival_day': 'current_day', 'steps': [{'duration': 600, 'departure_time': 12960, 'arrival_time': 13560, 'day': 'current_day', 'from_stop_id': '5-2', 'to_stop_id': 'MH-L-2', 'trip_id': '2-1-17', 'agency_name': 'Unknown'}, {'duration': 30, 'departure_time': 13560, 'arrival_time': 13590, 'day': 'current_day', 'from_stop_id': 'MH-L-2', 'to_stop_id': 'MH-L-1', 'trip_id': 'walking', 'agency_name': 'Unknown'}, {'duration': 480, 'departure_time': 13740, 'arrival_time': 14220, 'day': 'current_day', 'from_stop_id': 'MH-L-1', 'to_stop_id': '60-1', 'trip_id': '1-0-17', 'agency_name': 'Unknown'}]}"
28,74,10620,intra,left,300,[28],[74],0,0,0,0,10620,10680.0,12210.0,12270.0,1530.0,1.0,28,74,3383.0,14003.0,pt,1650.0,12270.0,1650.0,"{'duration': 1530, 'source_transfer_time': 0, 'waiting_time': 420, 'trip_time': 1110, 'num_transfers': 1, 'departure_time': 10680, 'departure_day': 'current_day', 'arrival_time': 12210, 'arrival_day': 'current_day', 'steps': [{'duration': 840, 'departure_time': 11100, 'arrival_time': 11940, 'day': 'current_day', 'from_stop_id': '28-3', 'to_stop_id': '56-3', 'trip_id': '5-1-10', 'agency_name': 'Unknown'}, {'duration': 210, 'departure_time': 12000, 'arrival_time': 12210, 'day': 'current_day', 'from_stop_id': '56-3', 'to_stop_id': '74-3', 'trip_id': '5-1-15', 'agency_name': 'Unknown'}]}"
118,8,7920,intra,left,301,[118],[9; 19],0,0,500,375,7920,7980.0,9150.0,9210.0,1170.0,2.0,118,19,2631.0,10551.0,pt,1665.0,9585.0,1665.0,"{'duration': 1170, 'source_transfer_time': 0, 'waiting_time': 90, 'trip_time': 1080, 'num_transfers': 2, 'departure_time': 7980, 'departure_day': 'current_day', 'arrival_time': 9150, 'arrival_day': 'current_day', 'steps': [{'duration': 90, 'departure_time': 8070, 'arrival_time': 8160, 'day': 'current_day', 'from_stop_id': '118-1', 'to_stop_id': 'MH-L-1', 'trip_id': '1-1-8', 'agency_name': 'Unknown'}, {'duration': 30, 'departure_time': 8160, 'arrival_time': 8190, 'day': 'current_day', 'from_stop_id': 'MH-L-1', 'to_stop_id': 'MH-L-5', 'trip_id': 'walking', 'agency_name': 'Unknown'}, {'duration': 810, 'departure_time': 8340, 'arrival_time': 9150, 'day': 'current_day', 'from_stop_id': 'MH-L-5', 'to_stop_id': '19-5', 'trip_id': '8-1-8', 'agency_name': 'Unknown'}]}"
74,103,14100,intra,left,302,[74],[103],0,0,0,0,14100,14160.0,15870.0,15930.0,1710.0,2.0,74,103,3383.0,17483.0,pt,1830.0,15930.0,1830.0,"{'duration': 1710, 'source_transfer_time': 0, 'waiting_time': 480, 'trip_time': 1230, 'num_transfers': 2, 'departure_time': 14160, 'departure_day': 'current_day', 'arrival_time': 15870, 'arrival_day': 'current_day', 'steps': [{'duration': 840, 'departure_time': 14640, 'arrival_time': 15480, 'day': 'current_day', 'from_stop_id': '74-3', 'to_stop_id': '91-3', 'trip_id': '5-1-19', 'agency_name': 'Unknown'}, {'duration': 30, 'departure_time': 15480, 'arrival_time': 15510, 'day': 'current_day', 'from_stop_id': '91-3', 'to_stop_id': '91-4', 'trip_id': 'walking', 'agency_name': 'Unknown'}, {'duration': 210, 'departure_time': 15660, 'arrival_time': 15870, 'day': 'current_day', 'from_stop_id': '91-4', 'to_stop_id': '103-4', 'trip_id': '7-0-19', 'agency_name': 'Unknown'}]}"
40,65,14340,intra,left,303,[40],[57; 64; 66; 75],0,0,500,375,14340,14400.0,15750.0,15810.0,1350.0,2.0,40,57,2631.0,16971.0,pt,1845.0,16185.0,1845.0,"{'duration': 1350, 'source_transfer_time': 0, 'waiting_time': 510, 'trip_time': 840, 'num_transfers': 2, 'departure_time': 14400, 'departure_day': 'current_day', 'arrival_time': 15750, 'arrival_day': 'current_day', 'steps': [{'duration': 450, 'departure_time': 14910, 'arrival_time': 15360, 'day': 'current_day', 'from_stop_id': '40-5', 'to_stop_id': 'MH-L-5', 'trip_id': '8-0-20', 'agency_name': 'Unknown'}, {'duration': 30, 'departure_time': 15360, 'arrival_time': 15390, 'day': 'current_day', 'from_stop_id': 'MH-L-5', 'to_stop_id': 'MH-L-1', 'trip_id': 'walking', 'agency_name': 'Unknown'}, {'duration': 210, 'departure_time': 15540, 'arrival_time': 15750, 'day': 'current_day', 'from_stop_id': 'MH-L-1', 'to_stop_id': '57-1', 'trip_id': '1-1-20', 'agency_name': 'Unknown'}]}"
118,13,13500,intra,left,304,[118],[12; 24],0,0,500,375,13500,13560.0,15030.0,15090.0,1470.0,0.0,118,24,3007.0,16507.0,pt,1965.0,15465.0,1965.0,"{'duration': 1470, 'source_transfer_time': 0, 'waiting_time': 510, 'trip_time': 960, 'num_transfers': 0, 'departure_time': 13560, 'departure_day': 'current_day', 'arrival_time': 15030, 'arrival_day': 'current_day', 'steps': [{'duration': 960, 'departure_time': 14070, 'arrival_time': 15030, 'day': 'current_day', 'from_stop_id': '118-4', 'to_stop_id': '24-4', 'trip_id': '7-1-18', 'agency_name': 'Unknown'}]}"
1,107,5910,intra,left,305,[0; 12],[96; 106],500,375,500,375,6285,6345.0,8550.0,8610.0,2205.0,2.0,0,96,4135.0,10045.0,pt,3075.0,8985.0,3075.0,"{'duration': 2205, 'source_transfer_time': 0, 'waiting_time': 45, 'trip_time': 2160, 'num_transfers': 2, 'departure_time': 6345, 'departure_day': 'current_day', 'arrival_time': 8550, 'arrival_day': 'current_day', 'steps': [{'duration': 1170, 'departure_time': 6390, 'arrival_time': 7560, 'day': 'current_day', 'from_stop_id': '0-4', 'to_stop_id': 'MH-L-4', 'trip_id': '7-0-7', 'agency_name': 'Unknown'}, {'duration': 30, 'departure_time': 7560, 'arrival_time': 7590, 'day': 'current_day', 'from_stop_id': 'MH-L-4', 'to_stop_id': 'MH-L-5', 'trip_id': 'walking', 'agency_name': 'Unknown'}, {'duration': 810, 'departure_time': 7740, 'arrival_time': 8550, 'day': 'current_day', 'from_stop_id': 'MH-L-5', 'to_stop_id': '96-5', 'trip_id': '8-0-7', 'agency_name': 'Unknown'}]}"
17,63,13170,intra,left,306,[16; 28],[55; 64],500,375,500,375,13545,13605.0,14820.0,14880.0,1215.0,2.0,16,55,3759.0,16929.0,pt,2085.0,15255.0,2085.0,"{'duration': 1215, 'source_transfer_time': 0, 'waiting_time': 75, 'trip_time': 1140, 'num_transfers': 2, 'departure_time': 13605, 'departure_day': 'current_day', 'arrival_time': 14820, 'arrival_day': 'current_day', 'steps': [{'duration': 480, 'departure_time': 13680, 'arrival_time': 14160, 'day': 'current_day', 'from_stop_id': '16-2', 'to_stop_id': 'MH-L-2', 'trip_id': '2-1-18', 'agency_name': 'Unknown'}, {'duration': 30, 'departure_time': 14160, 'arrival_time': 14190, 'day': 'current_day', 'from_stop_id': 'MH-L-2', 'to_stop_id': 'MH-L-1', 'trip_id': 'walking', 'agency_name': 'Unknown'}, {'duration': 480, 'departure_time': 14340, 'arrival_time': 14820, 'day': 'current_day', 'from_stop_id': 'MH-L-1', 'to_stop_id': '55-1', 'trip_id': '1-1-18', 'agency_name': 'Unknown'}]}"
62,112,9000,intra,left,307,[54],[90; 110],500,375,1000,751,9375,9435.0,11160.0,11220.0,1725.0,2.0,54,90,4135.0,13135.0,pt,2971.0,11971.0,2971.0,"{'duration': 1725, 'source_transfer_time': 0, 'waiting_time': 525, 'trip_time': 1200, 'num_transfers': 2, 'departure_time': 9435, 'departure_day': 'current_day', 'arrival_time': 11160, 'arrival_day': 'current_day', 'steps': [{'duration': 210, 'departure_time': 9960, 'arrival_time': 10170, 'day': 'current_day', 'from_stop_id': '54-1', 'to_stop_id': '56-1', 'trip_id': '1-0-12', 'agency_name': 'Unknown'}, {'duration': 30, 'departure_time': 10170, 'arrival_time': 10200, 'day': 'current_day', 'from_stop_id': '56-1', 'to_stop_id': '56-3', 'trip_id': 'walking', 'agency_name': 'Unknown'}, {'duration': 960, 'departure_time': 10200, 'arrival_time': 11160, 'day': 'current_day', 'from_stop_id': '56-3', 'to_stop_id': '90-3', 'trip_id': '5-1-12', 'agency_name': 'Unknown'}]}"
5,77,9360,intra,left,308,[5],[77],0,0,0,0,9360,9420.0,10950.0,11010.0,1530.0,0.0,5,77,2631.0,11991.0,pt,1650.0,11010.0,1650.0,"{'duration': 1530, 'source_transfer_time': 0, 'waiting_time': 540, 'trip_time': 990, 'num_transfers': 0, 'departure_time': 9420, 'departure_day': 'current_day', 'arrival_time': 10950, 'arrival_day': 'current_day', 'steps': [{'duration': 990, 'departure_time': 9960, 'arrival_time': 10950, 'day': 'current_day', 'from_stop_id': '5-2', 'to_stop_id': '77-2', 'trip_id': '2-1-12', 'agency_name': 'Unknown'}]}"
63,43,13380,intra,left,309,[55; 64],[41; 61],500,375,1000,751,13755,13815.0,15510.0,15570.0,1695.0,2.0,55,41,4511.0,17891.0,pt,2941.0,16321.0,2941.0,"{'duration': 1695, 'source_transfer_time': 0, 'waiting_time': 465, 'trip_time': 1230, 'num_transfers': 2, 'departure_time': 13815, 'departure_day': 'current_day', 'arrival_time': 15510, 'arrival_day': 'current_day', 'steps': [{'duration': 990, 'departure_time': 14280, 'arrival_time': 15270, 'day': 'current_day', 'from_stop_id': '55-1', 'to_stop_id': '59-1', 'trip_id': '1-0-19', 'agency_name': 'Unknown'}, {'duration': 30, 'departure_time': 15270, 'arrival_time': 15300, 'day': 'current_day', 'from_stop_id': '59-1', 'to_stop_id': '59-3', 'trip_id': 'walking', 'agency_name': 'Unknown'}, {'duration': 210, 'departure_time': 15300, 'arrival_time': 15510, 'day': 'current_day', 'from_stop_id': '59-3', 'to_stop_id': '41-3', 'trip_id': '5-1-18', 'agency_name': 'Unknown'}]}"
70,75,8790,intra,left,310,[60; 69],[75],500,375,0,0,9165,9225.0,10590.0,10650.0,1365.0,2.0,60,75,2631.0,11421.0,pt,1860.0,10650.0,1860.0,"{'duration': 1365, 'source_transfer_time': 0, 'waiting_time': 255, 'trip_time': 1110, 'num_transfers': 2, 'departure_time': 9225, 'departure_day': 'current_day', 'arrival_time': 10590, 'arrival_day': 'current_day', 'steps': [{'duration': 480, 'departure_time': 9480, 'arrival_time': 9960, 'day': 'current_day', 'from_stop_id': '60-1', 'to_stop_id': 'MH-L-1', 'trip_id': '1-1-11', 'agency_name': 'Unknown'}, {'duration': 30, 'departure_time': 9960, 'arrival_time': 9990, 'day': 'current_day', 'from_stop_id': 'MH-L-1', 'to_stop_id': 'MH-L-5', 'trip_id': 'walking', 'agency_name': 'Unknown'}, {'duration': 450, 'departure_time': 10140, 'arrival_time': 10590, 'day': 'current_day', 'from_stop_id': 'MH-L-5', 'to_stop_id': '75-5', 'trip_id': '8-0-11', 'agency_name': 'Unknown'}]}"
60,16,13020,intra,left,311,[60],[16],0,0,0,0,13020,13080.0,14220.0,14280.0,1140.0,2.0,60,16,3007.0,16027.0,pt,1260.0,14280.0,1260.0,"{'duration': 1140, 'source_transfer_time': 0, 'waiting_time': 0, 'trip_time': 1140, 'num_transfers': 2, 'departure_time': 13080, 'departure_day': 'current_day', 'arrival_time': 14220, 'arrival_day': 'current_day', 'steps': [{'duration': 480, 'departure_time': 13080, 'arrival_time': 13560, 'day': 'current_day', 'from_stop_id': '60-1', 'to_stop_id': 'MH-L-1', 'trip_id': '1-1-17', 'agency_name': 'Unknown'}, {'duration': 30, 'departure_time': 13560, 'arrival_time': 13590, 'day': 'current_day', 'from_stop_id': 'MH-L-1', 'to_stop_id': 'MH-L-2', 'trip_id': 'walking', 'agency_name': 'Unknown'}, {'duration': 480, 'departure_time': 13740, 'arrival_time': 14220, 'day': 'current_day', 'from_stop_id': 'MH-L-2', 'to_stop_id': '16-2', 'trip_id': '2-0-17', 'agency_name': 'Unknown'}]}"
109,48,13020,intra,left,312,[110],[48],500,375,0,0,13395,13455.0,14550.0,14610.0,1095.0,2.0,110,48,2255.0,15275.0,pt,1590.0,14610.0,1590.0,"{'duration': 1095, 'source_transfer_time': 0, 'waiting_time': 105, 'trip_time': 990, 'num_transfers': 2, 'departure_time': 13455, 'departure_day': 'current_day', 'arrival_time': 14550, 'arrival_day': 'current_day', 'steps': [{'duration': 600, 'departure_time': 13560, 'arrival_time': 14160, 'day': 'current_day', 'from_stop_id': '110-2', 'to_stop_id': 'MH-L-2', 'trip_id': '2-0-18', 'agency_name': 'Unknown'}, {'duration': 30, 'departure_time': 14160, 'arrival_time': 14190, 'day': 'current_day', 'from_stop_id': 'MH-L-2', 'to_stop_id': 'MH-L-4', 'trip_id': 'walking', 'agency_name': 'Unknown'}, {'duration': 210, 'departure_time': 14340, 'arrival_time': 14550, 'day': 'current_day', 'from_stop_id': 'MH-L-4', 'to_stop_id': '48-4', 'trip_id': '7-1-18', 'agency_name': 'Unknown'}]}"
38,111,10500,intra,left,313,[38],[110],0,0,500,375,10500,10560.0,11940.0,12000.0,1380.0,0.0,38,110,3007.0,13507.0,pt,1875.0,12375.0,1875.0,"{'duration': 1380, 'source_transfer_time': 0, 'waiting_time': 390, 'trip_time': 990, 'num_transfers': 0, 'departure_time': 10560, 'departure_day': 'current_day', 'arrival_time': 11940, 'arrival_day': 'current_day', 'steps': [{'duration': 990, 'departure_time': 10950, 'arrival_time': 11940, 'day': 'current_day', 'from_stop_id': '38-2', 'to_stop_id': '110-2', 'trip_id': '2-1-13', 'agency_name': 'Unknown'}]}"
11,18,10050,intra,left,314,[11],[19; 29],0,0,500,375,10050,10110.0,11160.0,11220.0,1050.0,2.0,11,29,2631.0,12681.0,pt,1545.0,11595.0,1545.0,"{'duration': 1050, 'source_transfer_time': 0, 'waiting_time': 0, 'trip_time': 1050, 'num_transfers': 2, 'departure_time': 10110, 'departure_day': 'current_day', 'arrival_time': 11160, 'arrival_day': 'current_day', 'steps': [{'duration': 330, 'departure_time': 10110, 'arrival_time': 10440, 'day': 'current_day', 'from_stop_id': '11-4', 'to_stop_id': '24-4', 'trip_id': '7-0-13', 'agency_name': 'Unknown'}, {'duration': 30, 'departure_time': 10440, 'arrival_time': 10470, 'day': 'current_day', 'from_stop_id': '24-4', 'to_stop_id': '24-3', 'trip_id': 'walking', 'agency_name': 'Unknown'}, {'duration': 600, 'departure_time': 10560, 'arrival_time': 11160, 'day': 'current_day', 'from_stop_id': '24-3', 'to_stop_id': '29-3', 'trip_id': '5-0-12', 'agency_name': 'Unknown'}]}"
47,106,12030,intra,left,315,[47],[106],0,0,0,0,12030,12090.0,14190.0,14250.0,2100.0,2.0,47,106,3007.0,15037.0,pt,2220.0,14250.0,2220.0,"{'duration': 2100, 'source_transfer_time': 0, 'waiting_time': 540, 'trip_time': 1560, 'num_transfers': 2, 'departure_time': 12090, 'departure_day': 'current_day', 'arrival_time': 14190, 'arrival_day': 'current_day', 'steps': [{'duration': 330, 'departure_time': 12630, 'arrival_time': 12960, 'day': 'current_day', 'from_stop_id': '47-4', 'to_stop_id': 'MH-L-4', 'trip_id': '7-0-16', 'agency_name': 'Unknown'}, {'duration': 30, 'departure_time': 12960, 'arrival_time': 12990, 'day': 'current_day', 'from_stop_id': 'MH-L-4', 'to_stop_id': 'MH-L-5', 'trip_id': 'walking', 'agency_name': 'Unknown'}, {'duration': 1050, 'departure_time': 13140, 'arrival_time': 14190, 'day': 'current_day', 'from_stop_id': 'MH-L-5', 'to_stop_id': '106-5', 'trip_id': '8-0-16', 'agency_name': 'Unknown'}]}"
6,12,5670,intra,left,316,[5],[12],500,375,0,0,6045,6105.0,8070.0,8130.0,1965.0,2.0,5,12,2255.0,7925.0,walking,2255.0,8130.0,2460.0,"{'duration': 1965, 'source_transfer_time': 0, 'waiting_time': 255, 'trip_time': 1710, 'num_transfers': 2, 'departure_time': 6105, 'departure_day': 'current_day', 'arrival_time': 8070, 'arrival_day': 'current_day', 'steps': [{'duration': 600, 'departure_time': 6360, 'arrival_time': 6960, 'day': 'current_day', 'from_stop_id': '5-2', 'to_stop_id': 'MH-L-2', 'trip_id': '2-1-6', 'agency_name': 'Unknown'}, {'duration': 30, 'departure_time': 6960, 'arrival_time': 6990, 'day': 'current_day', 'from_stop_id': 'MH-L-2', 'to_stop_id': 'MH-L-4', 'trip_id': 'walking', 'agency_name': 'Unknown'}, {'duration': 930, 'departure_time': 7140, 'arrival_time': 8070, 'day': 'current_day', 'from_stop_id': 'MH-L-4', 'to_stop_id': '12-4', 'trip_id': '7-1-6', 'agency_name': 'Unknown'}]}"
78,8,5580,intra,left,317,[67; 77; 79; 89],[9; 19],500,375,500,375,5955,6015.0,7350.0,7410.0,1335.0,2.0,67,19,3383.0,8963.0,pt,2205.0,7785.0,2205.0,"{'duration': 1335, 'source_transfer_time': 0, 'waiting_time': 135, 'trip_time': 1200, 'num_transfers': 2, 'departure_time': 6015, 'departure_day': 'current_day', 'arrival_time': 7350, 'arrival_day': 'current_day', 'steps': [{'duration': 210, 'departure_time': 6150, 'arrival_time': 6360, 'day': 'current_day', 'from_stop_id': '67-4', 'to_stop_id': 'MH-L-4', 'trip_id': '7-1-5', 'agency_name': 'Unknown'}, {'duration': 30, 'departure_time': 6360, 'arrival_time': 6390, 'day': 'current_day', 'from_stop_id': 'MH-L-4', 'to_stop_id': 'MH-L-5', 'trip_id': 'walking', 'agency_name': 'Unknown'}, {'duration': 810, 'departure_time': 6540, 'arrival_time': 7350, 'day': 'current_day', 'from_stop_id': 'MH-L-5', 'to_stop_id': '19-5', 'trip_id': '8-1-5', 'agency_name': 'Unknown'}]}"
73,81,5970,intra,left,318,[74],[80; 92],500,375,500,375,6345,6405.0,7800.0,7860.0,1395.0,0.0,74,80,3007.0,8977.0,pt,2265.0,8235.0,2265.0,"{'duration': 1395, 'source_transfer_time': 0, 'waiting_time': 435, 'trip_time': 960, 'num_transfers': 0, 'departure_time': 6405, 'departure_day': 'current_day', 'arrival_time': 7800, 'arrival_day': 'current_day', 'steps': [{'duration': 960, 'departure_time': 6840, 'arrival_time': 7800, 'day': 'current_day', 'from_stop_id': '74-3', 'to_stop_id': '80-3', 'trip_id': '5-1-6', 'agency_name': 'Unknown'}]}"
28,70,7650,intra,left,319,[28],[60; 69],0,0,500,375,7650,7710.0,8790.0,8850.0,1080.0,0.0,28,69,2631.0,10281.0,pt,1575.0,9225.0,1575.0,"{'duration': 1080, 'source_transfer_time': 0, 'waiting_time': 360, 'trip_time': 720, 'num_transfers': 0, 'departure_time': 7710, 'departure_day': 'current_day', 'arrival_time': 8790, 'arrival_day': 'current_day', 'steps': [{'duration': 720, 'departure_time': 8070, 'arrival_time': 8790, 'day': 'current_day', 'from_stop_id': '28-3', 'to_stop_id': '69-3', 'trip_id': '5-0-7', 'agency_name': 'Unknown'}]}"
94,151,6990,inter,left,320,[95; 105],[151],500,375,0,0,7365,7425.0,11430.0,11490.0,4005.0,4.0,95,151,,,pt,4500.0,11490.0,4500.0,"{'duration': 4005, 'source_transfer_time': 0, 'waiting_time': 405, 'trip_time': 3600, 'num_transfers': 4, 'departure_time': 7425, 'departure_day': 'current_day', 'arrival_time': 11430, 'arrival_day': 'current_day', 'steps': [{'duration': 930, 'departure_time': 7830, 'arrival_time': 8760, 'day': 'current_day', 'from_stop_id': '95-5', 'to_stop_id': 'MH-L-5', 'trip_id': '8-1-9', 'agency_name': 'Unknown'}, {'duration': 30, 'departure_time': 8760, 'arrival_time': 8790, 'day': 'current_day', 'from_stop_id': 'MH-L-5', 'to_stop_id': 'MH-L-0', 'trip_id': 'walking', 'agency_name': 'Unknown'}, {'duration': 1500, 'departure_time': 9000, 'arrival_time': 10500, 'day': 'current_day', 'from_stop_id': 'MH-L-0', 'to_stop_id': 'MH-R-0', 'trip_id': '0-0-9', 'agency_name': 'Unknown'}, {'duration': 30, 'departure_time': 10500, 'arrival_time': 10530, 'day': 'current_day', 'from_stop_id': 'MH-R-0', 'to_stop_id': 'MH-R-5', 'trip_id': 'walking', 'agency_name': 'Unknown'}, {'duration': 690, 'departure_time': 10740, 'arrival_time': 11430, 'day': 'current_day', 'from_stop_id': 'MH-R-5', 'to_stop_id': '151-5', 'trip_id': '10-1-12', 'agency_name': 'Unknown'}]}"
91,207,10440,inter,left,321,[91],[207],0,0,0,0,10440,10500.0,14310.0,14370.0,3810.0,4.0,91,207,,,pt,3930.0,14370.0,3930.0,"{'duration': 3810, 'source_transfer_time': 0, 'waiting_time': 570, 'trip_time': 3240, 'num_transfers': 4, 'departure_time': 10500, 'departure_day': 'current_day', 'arrival_time': 14310, 'arrival_day': 'current_day', 'steps': [{'duration': 690, 'departure_time': 11070, 'arrival_time': 11760, 'day': 'current_day', 'from_stop_id': '91-4', 'to_stop_id': 'MH-L-4', 'trip_id': '7-1-14', 'agency_name': 'Unknown'}, {'duration': 30, 'departure_time': 11760, 'arrival_time': 11790, 'day': 'current_day', 'from_stop_id': 'MH-L-4', 'to_stop_id': 'MH-L-0', 'trip_id': 'walking', 'agency_name': 'Unknown'}, {'duration': 1500, 'departure_time': 12000, 'arrival_time': 13500, 'day': 'current_day', 'from_stop_id': 'MH-L-0', 'to_stop_id': 'MH-R-0', 'trip_id': '0-0-14', 'agency_name': 'Unknown'}, {'duration': 30, 'departure_time': 13500, 'arrival_time': 13530, 'day': 'current_day', 'from_stop_id': 'MH-R-0', 'to_stop_id': 'MH-R-5', 'trip_id': 'walking', 'agency_name': 'Unknown'}, {'duration': 570, 'departure_time': 13740, 'arrival_time': 14310, 'day': 'current_day', 'from_stop_id': 'MH-R-5', 'to_stop_id': '207-5', 'trip_id': '10-0-17', 'agency_name': 'Unknown'}]}"
107,152,7230,inter,left,322,[96; 106],[141; 151],500,375,500,375,7605,7665.0,11430.0,11490.0,3765.0,4.0,96,151,,,pt,4635.0,11865.0,4635.0,"{'duration': 3765, 'source_transfer_time': 0, 'waiting_time': 285, 'trip_time': 3480, 'num_transfers': 4, 'departure_time': 7665, 'departure_day': 'current_day', 'arrival_time': 11430, 'arrival_day': 'current_day', 'steps': [{'duration': 810, 'departure_time': 7950, 'arrival_time': 8760, 'day': 'current_day', 'from_stop_id': '96-5', 'to_stop_id': 'MH-L-5', 'trip_id': '8-1-9', 'agency_name': 'Unknown'}, {'duration': 30, 'departure_time': 8760, 'arrival_time': 8790, 'day': 'current_day', 'from_stop_id': 'MH-L-5', 'to_stop_id': 'MH-L-0', 'trip_id': 'walking', 'agency_name': 'Unknown'}, {'duration': 1500, 'departure_time': 9000, 'arrival_time': 10500, 'day': 'current_day', 'from_stop_id': 'MH-L-0', 'to_stop_id': 'MH-R-0', 'trip_id': '0-0-9', 'agency_name': 'Unknown'}, {'duration': 30, 'departure_time': 10500, 'arrival_time': 10530, 'day': 'current_day', 'from_stop_id': 'MH-R-0', 'to_stop_id': 'MH-R-5', 'trip_id': 'walking', 'agency_name': 'Unknown'}, {'duration': 690, 'departure_time': 10740, 'arrival_time': 11430, 'day': 'current_day', 'from_stop_id': 'MH-R-5', 'to_stop_id': '151-5', 'trip_id': '10-1-12', 'agency_name': 'Unknown'}]}"
32,166,3990,inter,left,323,[10; 20; 30],[167; 176],1000,751,500,375,4741,4801.0,8220.0,8280.0,3419.0,4.0,20,176,,,pt,4665.0,8655.0,4665.0,"{'duration': 3419, 'source_transfer_time': 0, 'waiting_time': 29, 'trip_time': 3390, 'num_transfers': 4, 'departure_time': 4801, 'departure_day': 'current_day', 'arrival_time': 8220, 'arrival_day': 'current_day', 'steps': [{'duration': 930, 'departure_time': 4830, 'arrival_time': 5760, 'day': 'current_day', 'from_stop_id': '20-5', 'to_stop_id': 'MH-L-5', 'trip_id': '8-0-4', 'agency_name': 'Unknown'}, {'duration': 30, 'departure_time': 5760, 'arrival_time': 5790, 'day': 'current_day', 'from_stop_id': 'MH-L-5', 'to_stop_id': 'MH-L-0', 'trip_id': 'walking', 'agency_name': 'Unknown'}, {'duration': 1500, 'departure_time': 6000, 'arrival_time': 7500, 'day': 'current_day', 'from_stop_id': 'MH-L-0', 'to_stop_id': 'MH-R-0', 'trip_id': '0-0-4', 'agency_name': 'Unknown'}, {'duration': 30, 'departure_time': 7500, 'arrival_time': 7530, 'day': 'current_day', 'from_stop_id': 'MH-R-0', 'to_stop_id': 'MH-R-1', 'trip_id': 'walking', 'agency_name': 'Unknown'}, {'duration': 480, 'departure_time': 7740, 'arrival_time': 8220, 'day': 'current_day', 'from_stop_id': 'MH-R-1', 'to_stop_id': '176-1', 'trip_id': '3-1-7', 'agency_name': 'Unknown'}]}"
37,230,11700,inter,left,324,[26; 36; 38; 48],[231],500,375,500,375,12075,12135.0,14940.0,15000.0,2805.0,4.0,38,231,,,pt,3675.0,15375.0,3675.0,"{'duration': 2805, 'source_transfer_time': 0, 'waiting_time': 15, 'trip_time': 2790, 'num_transfers': 4, 'departure_time': 12135, 'departure_day': 'current_day', 'arrival_time': 14940, 'arrival_day': 'current_day', 'steps': [{'duration': 210, 'departure_time': 12150, 'arrival_time': 12360, 'day': 'current_day', 'from_stop_id': '38-2', 'to_stop_id': 'MH-L-2', 'trip_id': '2-1-15', 'agency_name': 'Unknown'}, {'duration': 30, 'departure_time': 12360, 'arrival_time': 12390, 'day': 'current_day', 'from_stop_id': 'MH-L-2', 'to_stop_id': 'MH-L-0', 'trip_id': 'walking', 'agency_name': 'Unknown'}, {'duration': 1500, 'departure_time': 12600, 'arrival_time': 14100, 'day': 'current_day', 'from_stop_id': 'MH-L-0', 'to_stop_id': 'MH-R-0', 'trip_id': '0-0-15', 'agency_name': 'Unknown'}, {'duration': 30, 'departure_time': 14100, 'arrival_time': 14130, 'day': 'current_day', 'from_stop_id': 'MH-R-0', 'to_stop_id': 'MH-R-2', 'trip_id': 'walking', 'agency_name': 'Unknown'}, {'duration': 600, 'departure_time': 14340, 'arrival_time': 14940, 'day': 'current_day', 'from_stop_id': 'MH-R-2', 'to_stop_id': '231-2', 'trip_id': '4-1-18', 'agency_name': 'Unknown'}]}"
6,191,11130,inter,left,325,[5],[181; 190],500,375,500,375,11505,11565.0,14790.0,14850.0,3225.0,6.0,5,190,,,pt,4095.0,15225.0,4095.0,"{'duration': 3225, 'source_transfer_time': 0, 'waiting_time': 195, 'trip_time': 3030, 'num_transfers': 6, 'departure_time': 11565, 'departure_day': 'current_day', 'arrival_time': 14790, 'arrival_day': 'current_day', 'steps': [{'duration': 600, 'departure_time': 11760, 'arrival_time': 12360, 'day': 'current_day', 'from_stop_id': '5-2', 'to_stop_id': 'MH-L-2', 'trip_id': '2-1-15', 'agency_name': 'Unknown'}, {'duration': 30, 'departure_time': 12360, 'arrival_time': 12390, 'day': 'current_day', 'from_stop_id': 'MH-L-2', 'to_stop_id': 'MH-L-0', 'trip_id': 'walking', 'agency_name': 'Unknown'}, {'duration': 1500, 'departure_time': 12600, 'arrival_time': 14100, 'day': 'current_day', 'from_stop_id': 'MH-L-0', 'to_stop_id': 'MH-R-0', 'trip_id': '0-0-15', 'agency_name': 'Unknown'}, {'duration': 30, 'departure_time': 14100, 'arrival_time': 14130, 'day': 'current_day', 'from_stop_id': 'MH-R-0', 'to_stop_id': 'MH-R-1', 'trip_id': 'walking', 'agency_name': 'Unknown'}, {'duration': 330, 'departure_time': 14340, 'arrival_time': 14670, 'day': 'current_day', 'from_stop_id': 'MH-R-1', 'to_stop_id': '180-1', 'trip_id': '3-0-18', 'agency_name': 'Unknown'}, {'duration': 30, 'departure_time': 14670, 'arrival_time': 14700, 'day': 'current_day', 'from_stop_id': '180-1', 'to_stop_id': '180-3', 'trip_id': 'walking', 'agency_name': 'Unknown'}, {'duration': 90, 'departure_time': 14700, 'arrival_time': 14790, 'day': 'current_day', 'from_stop_id': '180-3', 'to_stop_id': '190-3', 'trip_id': '6-0-17', 'agency_name': 'Unknown'}]}"
95,169,5460,inter,left,326,[95],[169],0,0,0,0,5460,5520.0,9150.0,9210.0,3630.0,4.0,95,169,,,pt,3750.0,9210.0,3750.0,"{'duration': 3630, 'source_transfer_time': 0, 'waiting_time': 510, 'trip_time': 3120, 'num_transfers': 4, 'departure_time': 5520, 'departure_day': 'current_day', 'arrival_time': 9150, 'arrival_day': 'current_day', 'steps': [{'duration': 930, 'departure_time': 6030, 'arrival_time': 6960, 'day': 'current_day', 'from_stop_id': '95-5', 'to_stop_id': 'MH-L-5', 'trip_id': '8-1-6', 'agency_name': 'Unknown'}, {'duration': 30, 'departure_time': 6960, 'arrival_time': 6990, 'day': 'current_day', 'from_stop_id': 'MH-L-5', 'to_stop_id': 'MH-L-0', 'trip_id': 'walking', 'agency_name': 'Unknown'}, {'duration': 1500, 'departure_time': 7200, 'arrival_time': 8700, 'day': 'current_day', 'from_stop_id': 'MH-L-0', 'to_stop_id': 'MH-R-0', 'trip_id': '0-0-6', 'agency_name': 'Unknown'}, {'duration': 30, 'departure_time': 8700, 'arrival_time': 8730, 'day': 'current_day', 'from_stop_id': 'MH-R-0', 'to_stop_id': 'MH-R-4', 'trip_id': 'walking', 'agency_name': 'Unknown'}, {'duration': 210, 'departure_time': 8940, 'arrival_time': 9150, 'day': 'current_day', 'from_stop_id': 'MH-R-4', 'to_stop_id': '169-4', 'trip_id': '9-1-9', 'agency_name': 'Unknown'}]}"
66,205,3780,inter,left,327,[66],[206; 216],0,0,500,375,3780,3840.0,7230.0,7290.0,3390.0,4.0,66,206,,,pt,3885.0,7665.0,3885.0,"{'duration': 3390, 'source_transfer_time': 0, 'waiting_time': 510, 'trip_time': 2880, 'num_transfers': 4, 'departure_time': 3840, 'departure_day': 'current_day', 'arrival_time': 7230, 'arrival_day': 'current_day', 'steps': [{'duration': 210, 'departure_time': 4350, 'arrival_time': 4560, 'day': 'current_day', 'from_stop_id': '66-5', 'to_stop_id': 'MH-L-5', 'trip_id': '8-1-2', 'agency_name': 'Unknown'}, {'duration': 30, 'departure_time': 4560, 'arrival_time': 4590, 'day': 'current_day', 'from_stop_id': 'MH-L-5', 'to_stop_id': 'MH-L-0', 'trip_id': 'walking', 'agency_name': 'Unknown'}, {'duration': 1500, 'departure_time': 4800, 'arrival_time': 6300, 'day': 'current_day', 'from_stop_id': 'MH-L-0', 'to_stop_id': 'MH-R-0', 'trip_id': '0-0-2', 'agency_name': 'Unknown'}, {'duration': 30, 'departure_time': 6300, 'arrival_time': 6330, 'day': 'current_day', 'from_stop_id': 'MH-R-0', 'to_stop_id': 'MH-R-5', 'trip_id': 'walking', 'agency_name': 'Unknown'}, {'duration': 690, 'departure_time': 6540, 'arrival_time': 7230, 'day': 'current_day', 'from_stop_id': 'MH-R-5', 'to_stop_id': '206-5', 'trip_id': '10-0-5', 'agency_name': 'Unknown'}]}"
51,223,12150,inter,left,328,[51],[212; 224],0,0,500,375,12150,12210.0,16230.0,16290.0,4020.0,6.0,51,212,,,pt,4515.0,16665.0,4515.0,"{'duration': 4020, 'source_transfer_time': 0, 'waiting_time': 210, 'trip_time': 3810, 'num_transfers': 6, 'departure_time': 12210, 'departure_day': 'current_day', 'arrival_time': 16230, 'arrival_day': 'current_day', 'steps': [{'duration': 330, 'departure_time': 12420, 'arrival_time': 12750, 'day': 'current_day', 'from_stop_id': '51-3', 'to_stop_id': '29-3', 'trip_id': '5-1-13', 'agency_name': 'Unknown'}, {'duration': 30, 'departure_time': 12750, 'arrival_time': 12780, 'day': 'current_day', 'from_stop_id': '29-3', 'to_stop_id': '29-5', 'trip_id': 'walking', 'agency_name': 'Unknown'}, {'duration': 570, 'departure_time': 12990, 'arrival_time': 13560, 'day': 'current_day', 'from_stop_id': '29-5', 'to_stop_id': 'MH-L-5', 'trip_id': '8-0-17', 'agency_name': 'Unknown'}, {'duration': 30, 'departure_time': 13560, 'arrival_time': 13590, 'day': 'current_day', 'from_stop_id': 'MH-L-5', 'to_stop_id': 'MH-L-0', 'trip_id': 'walking', 'agency_name': 'Unknown'}, {'duration': 1500, 'departure_time': 13800, 'arrival_time': 15300, 'day': 'current_day', 'from_stop_id': 'MH-L-0', 'to_stop_id': 'MH-R-0', 'trip_id': '0-0-17', 'agency_name': 'Unknown'}, {'duration': 30, 'departure_time': 15300, 'arrival_time': 15330, 'day': 'current_day', 'from_stop_id': 'MH-R-0', 'to_stop_id': 'MH-R-4', 'trip_id': 'walking', 'agency_name': 'Unknown'}, {'duration': 690, 'departure_time': 15540, 'arrival_time': 16230, 'day': 'current_day', 'from_stop_id': 'MH-R-4', 'to_stop_id': '212-4', 'trip_id': '9-0-20', 'agency_name': 'Unknown'}]}"
9,148,11370,inter,left,329,[9],[148],0,0,0,0,11370,11430.0,15270.0,15330.0,3840.0,4.0,9,148,,,pt,3960.0,15330.0,3960.0,"{'duration': 3840, 'source_transfer_time': 0, 'waiting_time': 480, 'trip_time': 3360, 'num_transfers': 4, 'departure_time': 11430, 'departure_day': 'current_day', 'arrival_time': 15270, 'arrival_day': 'current_day', 'steps': [{'duration': 1050, 'departure_time': 11910, 'arrival_time': 12960, 'day': 'current_day', 'from_stop_id': '9-5', 'to_stop_id': 'MH-L-5', 'trip_id': '8-0-16', 'agency_name': 'Unknown'}, {'duration': 30, 'departure_time': 12960, 'arrival_time': 12990, 'day': 'current_day', 'from_stop_id': 'MH-L-5', 'to_stop_id': 'MH-L-0', 'trip_id': 'walking', 'agency_name': 'Unknown'}, {'duration': 1500, 'departure_time': 13200, 'arrival_time': 14700, 'day': 'current_day', 'from_stop_id': 'MH-L-0', 'to_stop_id': 'MH-R-0', 'trip_id': '0-0-16', 'agency_name': 'Unknown'}, {'duration': 30, 'departure_time': 14700, 'arrival_time': 14730, 'day': 'current_day', 'from_stop_id': 'MH-R-0', 'to_stop_id': 'MH-R-2', 'trip_id': 'walking', 'agency_name': 'Unknown'}, {'duration': 330, 'departure_time': 14940, 'arrival_time': 15270, 'day': 'current_day', 'from_stop_id': 'MH-R-2', 'to_stop_id': '148-2', 'trip_id': '4-0-19', 'agency_name': 'Unknown'}]}"
75,177,8490,inter,left,330,[75],[177],0,0,0,0,8490,8550.0,11670.0,11730.0,3120.0,4.0,75,177,,,pt,3240.0,11730.0,3240.0,"{'duration': 3120, 'source_transfer_time': 0, 'waiting_time': 360, 'trip_time': 2760, 'num_transfers': 4, 'departure_time': 8550, 'departure_day': 'current_day', 'arrival_time': 11670, 'arrival_day': 'current_day', 'steps': [{'duration': 450, 'departure_time': 8910, 'arrival_time': 9360, 'day': 'current_day', 'from_stop_id': '75-5', 'to_stop_id': 'MH-L-5', 'trip_id': '8-1-10', 'agency_name': 'Unknown'}, {'duration': 30, 'departure_time': 9360, 'arrival_time': 9390, 'day': 'current_day', 'from_stop_id': 'MH-L-5', 'to_stop_id': 'MH-L-0', 'trip_id': 'walking', 'agency_name': 'Unknown'}, {'duration': 1500, 'departure_time': 9600, 'arrival_time': 11100, 'day': 'current_day', 'from_stop_id': 'MH-L-0', 'to_stop_id': 'MH-R-0', 'trip_id': '0-0-10', 'agency_name': 'Unknown'}, {'duration': 30, 'departure_time': 11100, 'arrival_time': 11130, 'day': 'current_day', 'from_stop_id': 'MH-R-0', 'to_stop_id': 'MH-R-1', 'trip_id': 'walking', 'agency_name': 'Unknown'}, {'duration': 330, 'departure_time': 11340, 'arrival_time': 11670, 'day': 'current_day', 'from_stop_id': 'MH-R-1', 'to_stop_id': '177-1', 'trip_id': '3-1-13', 'agency_name': 'Unknown'}]}"
89,232,5490,inter,left,331,[89],[231],0,0,500,375,5490,5550.0,8940.0,9000.0,3390.0,6.0,89,231,,,pt,3885.0,9375.0,3885.0,"{'duration': 3390, 'source_transfer_time': 0, 'waiting_time': 150, 'trip_time': 3240, 'num_transfers': 6, 'departure_time': 5550, 'departure_day': 'current_day', 'arrival_time': 8940, 'arrival_day': 'current_day', 'steps': [{'duration': 90, 'departure_time': 5700, 'arrival_time': 5790, 'day': 'current_day', 'from_stop_id': '89-3', 'to_stop_id': '88-3', 'trip_id': '5-0-1', 'agency_name': 'Unknown'}, {'duration': 30, 'departure_time': 5790, 'arrival_time': 5820, 'day': 'current_day', 'from_stop_id': '88-3', 'to_stop_id': '88-2', 'trip_id': 'walking', 'agency_name': 'Unknown'}, {'duration': 330, 'departure_time': 6030, 'arrival_time': 6360, 'day': 'current_day', 'from_stop_id': '88-2', 'to_stop_id': 'MH-L-2', 'trip_id': '2-0-5', 'agency_name': 'Unknown'}, {'duration': 30, 'departure_time': 6360, 'arrival_time': 6390, 'day': 'current_day', 'from_stop_id': 'MH-L-2', 'to_stop_id': 'MH-L-0', 'trip_id': 'walking', 'agency_name': 'Unknown'}, {'duration': 1500, 'departure_time': 6600, 'arrival_time': 8100, 'day': 'current_day', 'from_stop_id': 'MH-L-0', 'to_stop_id': 'MH-R-0', 'trip_id': '0-0-5', 'agency_name': 'Unknown'}, {'duration': 30, 'departure_time': 8100, 'arrival_time': 8130, 'day': 'current_day', 'from_stop_id': 'MH-R-0', 'to_stop_id': 'MH-R-2', 'trip_id': 'walking', 'agency_name': 'Unknown'}, {'duration': 600, 'departure_time': 8340, 'arrival_time': 8940, 'day': 'current_day', 'from_stop_id': 'MH-R-2', 'to_stop_id': '231-2', 'trip_id': '4-1-8', 'agency_name': 'Unknown'}]}"
31,232,9030,inter,left,332,[20; 30],[231],500,375,500,375,9405,9465.0,13140.0,13200.0,3675.0,4.0,20,231,,,pt,4545.0,13575.0,4545.0,"{'duration': 3675, 'source_transfer_time': 0, 'waiting_time': 165, 'trip_time': 3510, 'num_transfers': 4, 'departure_time': 9465, 'departure_day': 'current_day', 'arrival_time': 13140, 'arrival_day': 'current_day', 'steps': [{'duration': 930, 'departure_time': 9630, 'arrival_time': 10560, 'day': 'current_day', 'from_stop_id': '20-5', 'to_stop_id': 'MH-L-5', 'trip_id': '8-0-12', 'agency_name': 'Unknown'}, {'duration': 30, 'departure_time': 10560, 'arrival_time': 10590, 'day': 'current_day', 'from_stop_id': 'MH-L-5', 'to_stop_id': 'MH-L-0', 'trip_id': 'walking', 'agency_name': 'Unknown'}, {'duration': 1500, 'departure_time': 10800, 'arrival_time': 12300, 'day': 'current_day', 'from_stop_id': 'MH-L-0', 'to_stop_id': 'MH-R-0', 'trip_id': '0-0-12', 'agency_name': 'Unknown'}, {'duration': 30, 'departure_time': 12300, 'arrival_time': 12330, 'day': 'current_day', 'from_stop_id': 'MH-R-0', 'to_stop_id': 'MH-R-2', 'trip_id': 'walking', 'agency_name': 'Unknown'}, {'duration': 600, 'departure_time': 12540, 'arrival_time': 13140, 'day': 'current_day', 'from_stop_id': 'MH-R-2', 'to_stop_id': '231-2', 'trip_id': '4-1-15', 'agency_name': 'Unknown'}]}"
104,193,12630,inter,left,333,[104],[175; 195],0,0,1000,751,12630,12690.0,16740.0,16800.0,4050.0,4.0,104,175,,,pt,4921.0,17551.0,4921.0,"{'duration': 4050, 'source_transfer_time': 0, 'waiting_time': 420, 'trip_time': 3630, 'num_transfers': 4, 'departure_time': 12690, 'departure_day': 'current_day', 'arrival_time': 16740, 'arrival_day': 'current_day', 'steps': [{'duration': 1050, 'departure_time': 13110, 'arrival_time': 14160, 'day': 'current_day', 'from_stop_id': '104-4', 'to_stop_id': 'MH-L-4', 'trip_id': '7-1-18', 'agency_name': 'Unknown'}, {'duration': 30, 'departure_time': 14160, 'arrival_time': 14190, 'day': 'current_day', 'from_stop_id': 'MH-L-4', 'to_stop_id': 'MH-L-0', 'trip_id': 'walking', 'agency_name': 'Unknown'}, {'duration': 1500, 'departure_time': 14400, 'arrival_time': 15900, 'day': 'current_day', 'from_stop_id': 'MH-L-0', 'to_stop_id': 'MH-R-0', 'trip_id': '0-0-18', 'agency_name': 'Unknown'}, {'duration': 30, 'departure_time': 15900, 'arrival_time': 15930, 'day': 'current_day', 'from_stop_id': 'MH-R-0', 'to_stop_id': 'MH-R-1', 'trip_id': 'walking', 'agency_name': 'Unknown'}, {'duration': 600, 'departure_time': 16140, 'arrival_time': 16740, 'day': 'current_day', 'from_stop_id': 'MH-R-1', 'to_stop_id': '175-1', 'trip_id': '3-1-21', 'agency_name': 'Unknown'}]}"
23,174,7680,inter,left,334,[23],[182],0,0,500,375,7680,7740.0,11340.0,11400.0,3600.0,4.0,23,182,,,pt,4095.0,11775.0,4095.0,"{'duration': 3600, 'source_transfer_time': 0, 'waiting_time': 210, 'trip_time': 3390, 'num_transfers': 4, 'departure_time': 7740, 'departure_day': 'current_day', 'arrival_time': 11340, 'arrival_day': 'current_day', 'steps': [{'duration': 810, 'departure_time': 7950, 'arrival_time': 8760, 'day': 'current_day', 'from_stop_id': '23-4', 'to_stop_id': 'MH-L-4', 'trip_id': '7-0-9', 'agency_name': 'Unknown'}, {'duration': 30, 'departure_time': 8760, 'arrival_time': 8790, 'day': 'current_day', 'from_stop_id': 'MH-L-4', 'to_stop_id': 'MH-L-0', 'trip_id': 'walking', 'agency_name': 'Unknown'}, {'duration': 1500, 'departure_time': 9000, 'arrival_time': 10500, 'day': 'current_day', 'from_stop_id': 'MH-L-0', 'to_stop_id': 'MH-R-0', 'trip_id': '0-0-9', 'agency_name': 'Unknown'}, {'duration': 30, 'departure_time': 10500, 'arrival_time': 10530, 'day': 'current_day', 'from_stop_id': 'MH-R-0', 'to_stop_id': 'MH-R-1', 'trip_id': 'walking', 'agency_name': 'Unknown'}, {'duration': 600, 'departure_time': 10740, 'arrival_time': 11340, 'day': 'current_day', 'from_stop_id': 'MH-R-1', 'to_stop_id': '182-1', 'trip_id': '3-0-12', 'agency_name': 'Unknown'}]}"
105,154,9360,inter,left,335,[105],[132; 144; 156; 175],0,0,1000,751,9360,9420.0,13710.0,13770.0,4290.0,4.0,105,156,,,pt,5161.0,14521.0,5161.0,"{'duration': 4290, 'source_transfer_time': 0, 'waiting_time': 570, 'trip_time': 3720, 'num_transfers': 4, 'departure_time': 9420, 'departure_day': 'current_day', 'arrival_time': 13710, 'arrival_day': 'current_day', 'steps': [{'duration': 1170, 'departure_time': 9990, 'arrival_time': 11160, 'day': 'current_day', 'from_stop_id': '105-5', 'to_stop_id': 'MH-L-5', 'trip_id': '8-1-13', 'agency_name': 'Unknown'}, {'duration': 30, 'departure_time': 11160, 'arrival_time': 11190, 'day': 'current_day', 'from_stop_id': 'MH-L-5', 'to_stop_id': 'MH-L-0', 'trip_id': 'walking', 'agency_name': 'Unknown'}, {'duration': 1500, 'departure_time': 11400, 'arrival_time': 12900, 'day': 'current_day', 'from_stop_id': 'MH-L-0', 'to_stop_id': 'MH-R-0', 'trip_id': '0-0-13', 'agency_name': 'Unknown'}, {'duration': 30, 'departure_time': 12900, 'arrival_time': 12930, 'day': 'current_day', 'from_stop_id': 'MH-R-0', 'to_stop_id': 'MH-R-4', 'trip_id': 'walking', 'agency_name': 'Unknown'}, {'duration': 570, 'departure_time': 13140, 'arrival_time': 13710, 'day': 'current_day', 'from_stop_id': 'MH-R-4', 'to_stop_id': '156-4', 'trip_id': '9-1-16', 'agency_name': 'Unknown'}]}"
13,134,9390,inter,left,336,[12; 24],[133; 145],500,375,500,375,9765,9825.0,13230.0,13290.0,3405.0,4.0,24,145,,,pt,4275.0,13665.0,4275.0,"{'duration': 3405, 'source_transfer_time': 0, 'waiting_time': 45, 'trip_time': 3360, 'num_transfers': 4, 'departure_time': 9825, 'departure_day': 'current_day', 'arrival_time': 13230, 'arrival_day': 'current_day', 'steps': [{'duration': 690, 'departure_time': 9870, 'arrival_time': 10560, 'day': 'current_day', 'from_stop_id': '24-4', 'to_stop_id': 'MH-L-4', 'trip_id': '7-0-12', 'agency_name': 'Unknown'}, {'duration': 30, 'departure_time': 10560, 'arrival_time': 10590, 'day': 'current_day', 'from_stop_id': 'MH-L-4', 'to_stop_id': 'MH-L-0', 'trip_id': 'walking', 'agency_name': 'Unknown'}, {'duration': 1500, 'departure_time': 10800, 'arrival_time': 12300, 'day': 'current_day', 'from_stop_id': 'MH-L-0', 'to_stop_id': 'MH-R-0', 'trip_id': '0-0-12', 'agency_name': 'Unknown'}, {'duration': 30, 'departure_time': 12300, 'arrival_time': 12330, 'day': 'current_day', 'from_stop_id': 'MH-R-0', 'to_stop_id': 'MH-R-4', 'trip_id': 'walking', 'agency_name': 'Unknown'}, {'duration': 690, 'departure_time': 12540, 'arrival_time': 13230, 'day': 'current_day', 'from_stop_id': 'MH-R-4', 'to_stop_id': '145-4', 'trip_id': '9-1-15', 'agency_name': 'Unknown'}]}"
40,146,9570,inter,left,337,[40],[146],0,0,0,0,9570,9630.0,13260.0,13320.0,3630.0,6.0,40,146,,,pt,3750.0,13320.0,3750.0,"{'duration': 3630, 'source_transfer_time': 0, 'waiting_time': 480, 'trip_time': 3150, 'num_transfers': 6, 'departure_time': 9630, 'departure_day': 'current_day', 'arrival_time': 13260, 'arrival_day': 'current_day', 'steps': [{'duration': 450, 'departure_time': 10110, 'arrival_time': 10560, 'day': 'current_day', 'from_stop_id': '40-5', 'to_stop_id': 'MH-L-5', 'trip_id': '8-0-12', 'agency_name': 'Unknown'}, {'duration': 30, 'departure_time': 10560, 'arrival_time': 10590, 'day': 'current_day', 'from_stop_id': 'MH-L-5', 'to_stop_id': 'MH-L-0', 'trip_id': 'walking', 'agency_name': 'Unknown'}, {'duration': 1500, 'departure_time': 10800, 'arrival_time': 12300, 'day': 'current_day', 'from_stop_id': 'MH-L-0', 'to_stop_id': 'MH-R-0', 'trip_id': '0-0-12', 'agency_name': 'Unknown'}, {'duration': 30, 'departure_time': 12300, 'arrival_time': 12330, 'day': 'current_day', 'from_stop_id': 'MH-R-0', 'to_stop_id': 'MH-R-2', 'trip_id': 'walking', 'agency_name': 'Unknown'}, {'duration': 330, 'departure_time': 12540, 'arrival_time': 12870, 'day': 'current_day', 'from_stop_id': 'MH-R-2', 'to_stop_id': '148-2', 'trip_id': '4-0-15', 'agency_name': 'Unknown'}, {'duration': 30, 'departure_time': 12870, 'arrival_time': 12900, 'day': 'current_day', 'from_stop_id': '148-2', 'to_stop_id': '148-3', 'trip_id': 'walking', 'agency_name': 'Unknown'}, {'duration': 210, 'departure_time': 13050, 'arrival_time': 13260, 'day': 'current_day', 'from_stop_id': '148-3', 'to_stop_id': '146-3', 'trip_id': '6-1-13', 'agency_name': 'Unknown'}]}"
32,147,8820,inter,left,338,[10; 20; 30],[147],1000,751,0,0,9571,9631.0,13140.0,13200.0,3509.0,6.0,30,147,,,pt,4380.0,13200.0,4380.0,"{'duration': 3509, 'source_transfer_time': 0, 'waiting_time': 239, 'trip_time': 3270, 'num_transfers': 6, 'departure_time': 9631, 'departure_day': 'current_day', 'arrival_time': 13140, 'arrival_day': 'current_day', 'steps': [{'duration': 690, 'departure_time': 9870, 'arrival_time': 10560, 'day': 'current_day', 'from_stop_id': '30-5', 'to_stop_id': 'MH-L-5', 'trip_id': '8-0-12', 'agency_name': 'Unknown'}, {'duration': 30, 'departure_time': 10560, 'arrival_time': 10590, 'day': 'current_day', 'from_stop_id': 'MH-L-5', 'to_stop_id': 'MH-L-0', 'trip_id': 'walking', 'agency_name': 'Unknown'}, {'duration': 1500, 'departure_time': 10800, 'arrival_time': 12300, 'day': 'current_day', 'from_stop_id': 'MH-L-0', 'to_stop_id': 'MH-R-0', 'trip_id': '0-0-12', 'agency_name': 'Unknown'}, {'duration': 30, 'departure_time': 12300, 'arrival_time': 12330, 'day': 'current_day', 'from_stop_id': 'MH-R-0', 'to_stop_id': 'MH-R-2', 'trip_id': 'walking', 'agency_name': 'Unknown'}, {'duration': 330, 'departure_time': 12540, 'arrival_time': 12870, 'day': 'current_day', 'from_stop_id': 'MH-R-2', 'to_stop_id': '148-2', 'trip_id': '4-0-15', 'agency_name': 'Unknown'}, {'duration': 30, 'departure_time': 12870, 'arrival_time': 12900, 'day': 'current_day', 'from_stop_id': '148-2', 'to_stop_id': '148-3', 'trip_id': 'walking', 'agency_name': 'Unknown'}, {'duration': 90, 'departure_time': 13050, 'arrival_time': 13140, 'day': 'current_day', 'from_stop_id': '148-3', 'to_stop_id': '147-3', 'trip_id': '6-1-13', 'agency_name': 'Unknown'}]}"
107,213,9630,inter,left,339,[96; 106],[213],500,375,0,0,10005,10065.0,13950.0,14010.0,3885.0,4.0,96,213,,,pt,4380.0,14010.0,4380.0,"{'duration': 3885, 'source_transfer_time': 0, 'waiting_time': 285, 'trip_time': 3600, 'num_transfers': 4, 'departure_time': 10065, 'departure_day': 'current_day', 'arrival_time': 13950, 'arrival_day': 'current_day', 'steps': [{'duration': 810, 'departure_time': 10350, 'arrival_time': 11160, 'day': 'current_day', 'from_stop_id': '96-5', 'to_stop_id': 'MH-L-5', 'trip_id': '8-1-13', 'agency_name': 'Unknown'}, {'duration': 30, 'departure_time': 11160, 'arrival_time': 11190, 'day': 'current_day', 'from_stop_id': 'MH-L-5', 'to_stop_id': 'MH-L-0', 'trip_id': 'walking', 'agency_name': 'Unknown'}, {'duration': 1500, 'departure_time': 11400, 'arrival_time': 12900, 'day': 'current_day', 'from_stop_id': 'MH-L-0', 'to_stop_id': 'MH-R-0', 'trip_id': '0-0-13', 'agency_name': 'Unknown'}, {'duration': 30, 'departure_time': 12900, 'arrival_time': 12930, 'day': 'current_day', 'from_stop_id': 'MH-R-0', 'to_stop_id': 'MH-R-4', 'trip_id': 'walking', 'agency_name': 'Unknown'}, {'duration': 810, 'departure_time': 13140, 'arrival_time': 13950, 'day': 'current_day', 'from_stop_id': 'MH-R-4', 'to_stop_id': '213-4', 'trip_id': '9-0-16', 'agency_name': 'Unknown'}]}"
97,171,11400,inter,left,340,[86; 96],[161; 170; 172; 179],500,375,500,375,11775,11835.0,15150.0,15210.0,3315.0,4.0,86,170,,,pt,4185.0,15585.0,4185.0,"{'duration': 3315, 'source_transfer_time': 0, 'waiting_time': 555, 'trip_time': 2760, 'num_transfers': 4, 'departure_time': 11835, 'departure_day': 'current_day', 'arrival_time': 15150, 'arrival_day': 'current_day', 'steps': [{'duration': 570, 'departure_time': 12390, 'arrival_time': 12960, 'day': 'current_day', 'from_stop_id': '86-5', 'to_stop_id': 'MH-L-5', 'trip_id': '8-1-16', 'agency_name': 'Unknown'}, {'duration': 30, 'departure_time': 12960, 'arrival_time': 12990, 'day': 'current_day', 'from_stop_id': 'MH-L-5', 'to_stop_id': 'MH-L-0', 'trip_id': 'walking', 'agency_name': 'Unknown'}, {'duration': 1500, 'departure_time': 13200, 'arrival_time': 14700, 'day': 'current_day', 'from_stop_id': 'MH-L-0', 'to_stop_id': 'MH-R-0', 'trip_id': '0-0-16', 'agency_name': 'Unknown'}, {'duration': 30, 'departure_time': 14700, 'arrival_time': 14730, 'day': 'current_day', 'from_stop_id': 'MH-R-0', 'to_stop_id': 'MH-R-5', 'trip_id': 'walking', 'agency_name': 'Unknown'}, {'duration': 210, 'departure_time': 14940, 'arrival_time': 15150, 'day': 'current_day', 'from_stop_id': 'MH-R-5', 'to_stop_id': '170-5', 'trip_id': '10-1-19', 'agency_name': 'Unknown'}]}"
24,147,4440,inter,left,341,[24],[147],0,0,0,0,4440,4500.0,8340.0,8400.0,3840.0,6.0,24,147,,,pt,3960.0,8400.0,3960.0,"{'duration': 3840, 'source_transfer_time': 0, 'waiting_time': 570, 'trip_time': 3270, 'num_transfers': 6, 'departure_time': 4500, 'departure_day': 'current_day', 'arrival_time': 8340, 'arrival_day': 'current_day', 'steps': [{'duration': 690, 'departure_time': 5070, 'arrival_time': 5760, 'day': 'current_day', 'from_stop_id': '24-4', 'to_stop_id': 'MH-L-4', 'trip_id': '7-0-4', 'agency_name': 'Unknown'}, {'duration': 30, 'departure_time': 5760, 'arrival_time': 5790, 'day': 'current_day', 'from_stop_id': 'MH-L-4', 'to_stop_id': 'MH-L-0', 'trip_id': 'walking', 'agency_name': 'Unknown'}, {'duration': 1500, 'departure_time': 6000, 'arrival_time': 7500, 'day': 'current_day', 'from_stop_id': 'MH-L-0', 'to_stop_id': 'MH-R-0', 'trip_id': '0-0-4', 'agency_name': 'Unknown'}, {'duration': 30, 'departure_time': 7500, 'arrival_time': 7530, 'day': 'current_day', 'from_stop_id': 'MH-R-0', 'to_stop_id': 'MH-R-2', 'trip_id': 'walking', 'agency_name': 'Unknown'}, {'duration': 330, 'departure_time': 7740, 'arrival_time': 8070, 'day': 'current_day', 'from_stop_id': 'MH-R-2', 'to_stop_id': '148-2', 'trip_id': '4-0-7', 'agency_name': 'Unknown'}, {'duration': 30, 'departure_time': 8070, 'arrival_time': 8100, 'day': 'current_day', 'from_stop_id': '148-2', 'to_stop_id': '148-3', 'trip_id': 'walking', 'agency_name': 'Unknown'}, {'duration': 90, 'departure_time': 8250, 'arrival_time': 8340, 'day': 'current_day', 'from_stop_id': '148-3', 'to_stop_id': '147-3', 'trip_id': '6-1-5', 'agency_name': 'Unknown'}]}"
50,228,11400,inter,left,342,[40; 49; 51; 58],[217; 227],500,375,500,375,11775,11835.0,15150.0,15210.0,3315.0,4.0,40,217,,,pt,4185.0,15585.0,4185.0,"{'duration': 3315, 'source_transfer_time': 0, 'waiting_time': 75, 'trip_time': 3240, 'num_transfers': 4, 'departure_time': 11835, 'departure_day': 'current_day', 'arrival_time': 15150, 'arrival_day': 'current_day', 'steps': [{'duration': 450, 'departure_time': 11910, 'arrival_time': 12360, 'day': 'current_day', 'from_stop_id': '40-5', 'to_stop_id': 'MH-L-5', 'trip_id': '8-0-15', 'agency_name': 'Unknown'}, {'duration': 30, 'departure_time': 12360, 'arrival_time': 12390, 'day': 'current_day', 'from_stop_id': 'MH-L-5', 'to_stop_id': 'MH-L-0', 'trip_id': 'walking', 'agency_name': 'Unknown'}, {'duration': 1500, 'departure_time': 12600, 'arrival_time': 14100, 'day': 'current_day', 'from_stop_id': 'MH-L-0', 'to_stop_id': 'MH-R-0', 'trip_id': '0-0-15', 'agency_name': 'Unknown'}, {'duration': 30, 'departure_time': 14100, 'arrival_time': 14130, 'day': 'current_day', 'from_stop_id': 'MH-R-0', 'to_stop_id': 'MH-R-5', 'trip_id': 'walking', 'agency_name': 'Unknown'}, {'duration': 810, 'departure_time': 14340, 'arrival_time': 15150, 'day': 'current_day', 'from_stop_id': 'MH-R-5', 'to_stop_id': '217-5', 'trip_id': '10-0-18', 'agency_name': 'Unknown'}]}"
72,232,4110,inter,left,343,[54; 74],[231],1000,751,500,375,4861,4921.0,8340.0,8400.0,3419.0,4.0,54,231,,,pt,4665.0,8775.0,4665.0,"{'duration': 3419, 'source_transfer_time': 0, 'waiting_time': 239, 'trip_time': 3180, 'num_transfers': 4, 'departure_time': 4921, 'departure_day': 'current_day', 'arrival_time': 8340, 'arrival_day': 'current_day', 'steps': [{'duration': 600, 'departure_time': 5160, 'arrival_time': 5760, 'day': 'current_day', 'from_stop_id': '54-1', 'to_stop_id': 'MH-L-1', 'trip_id': '1-0-4', 'agency_name': 'Unknown'}, {'duration': 30, 'departure_time': 5760, 'arrival_time': 5790, 'day': 'current_day', 'from_stop_id': 'MH-L-1', 'to_stop_id': 'MH-L-0', 'trip_id': 'walking', 'agency_name': 'Unknown'}, {'duration': 1500, 'departure_time': 6000, 'arrival_time': 7500, 'day': 'current_day', 'from_stop_id': 'MH-L-0', 'to_stop_id': 'MH-R-0', 'trip_id': '0-0-4', 'agency_name': 'Unknown'}, {'duration': 30, 'departure_time': 7500, 'arrival_time': 7530, 'day': 'current_day', 'from_stop_id': 'MH-R-0', 'to_stop_id': 'MH-R-2', 'trip_id': 'walking', 'agency_name': 'Unknown'}, {'duration': 600, 'departure_time': 7740, 'arrival_time': 8340, 'day': 'current_day', 'from_stop_id': 'MH-R-2', 'to_stop_id': '231-2', 'trip_id': '4-1-7', 'agency_name': 'Unknown'}]}"
92,143,12480,inter,left,344,[92],[132; 144],0,0,500,375,12480,12540.0,16350.0,16410.0,3810.0,4.0,92,144,,,pt,4305.0,16785.0,4305.0,"{'duration': 3810, 'source_transfer_time': 0, 'waiting_time': 210, 'trip_time': 3600, 'num_transfers': 4, 'departure_time': 12540, 'departure_day': 'current_day', 'arrival_time': 16350, 'arrival_day': 'current_day', 'steps': [{'duration': 810, 'departure_time': 12750, 'arrival_time': 13560, 'day': 'current_day', 'from_stop_id': '92-4', 'to_stop_id': 'MH-L-4', 'trip_id': '7-1-17', 'agency_name': 'Unknown'}, {'duration': 30, 'departure_time': 13560, 'arrival_time': 13590, 'day': 'current_day', 'from_stop_id': 'MH-L-4', 'to_stop_id': 'MH-L-0', 'trip_id': 'walking', 'agency_name': 'Unknown'}, {'duration': 1500, 'departure_time': 13800, 'arrival_time': 15300, 'day': 'current_day', 'from_stop_id': 'MH-L-0', 'to_stop_id': 'MH-R-0', 'trip_id': '0-0-17', 'agency_name': 'Unknown'}, {'duration': 30, 'departure_time': 15300, 'arrival_time': 15330, 'day': 'current_day', 'from_stop_id': 'MH-R-0', 'to_stop_id': 'MH-R-4', 'trip_id': 'walking', 'agency_name': 'Unknown'}, {'duration': 810, 'departure_time': 15540, 'arrival_time': 16350, 'day': 'current_day', 'from_stop_id': 'MH-R-4', 'to_stop_id': '144-4', 'trip_id': '9-1-20', 'agency_name': 'Unknown'}]}"
78,228,9660,inter,left,345,[67; 77; 79; 89],[217; 227],500,375,500,375,10035,10095.0,13350.0,13410.0,3255.0,4.0,67,217,,,pt,4125.0,13785.0,4125.0,"{'duration': 3255, 'source_transfer_time': 0, 'waiting_time': 255, 'trip_time': 3000, 'num_transfers': 4, 'departure_time': 10095, 'departure_day': 'current_day', 'arrival_time': 13350, 'arrival_day': 'current_day', 'steps': [{'duration': 210, 'departure_time': 10350, 'arrival_time': 10560, 'day': 'current_day', 'from_stop_id': '67-4', 'to_stop_id': 'MH-L-4', 'trip_id': '7-1-12', 'agency_name': 'Unknown'}, {'duration': 30, 'departure_time': 10560, 'arrival_time': 10590, 'day': 'current_day', 'from_stop_id': 'MH-L-4', 'to_stop_id': 'MH-L-0', 'trip_id': 'walking', 'agency_name': 'Unknown'}, {'duration': 1500, 'departure_time': 10800, 'arrival_time': 12300, 'day': 'current_day', 'from_stop_id': 'MH-L-0', 'to_stop_id': 'MH-R-0', 'trip_id': '0-0-12', 'agency_name': 'Unknown'}, {'duration': 30, 'departure_time': 12300, 'arrival_time': 12330, 'day': 'current_day', 'from_stop_id': 'MH-R-0', 'to_stop_id': 'MH-R-5', 'trip_id': 'walking', 'agency_name': 'Unknown'}, {'duration': 810, 'departure_time': 12540, 'arrival_time': 13350, 'day': 'current_day', 'from_stop_id': 'MH-R-5', 'to_stop_id': '217-5', 'trip_id': '10-0-15', 'agency_name': 'Unknown'}]}"
39,236,7200,inter,left,346,[39],[236],0,0,0,0,7200,7260.0,11310.0,11370.0,4050.0,4.0,39,236,,,pt,4170.0,11370.0,4170.0,"{'duration': 4050, 'source_transfer_time': 0, 'waiting_time': 570, 'trip_time': 3480, 'num_transfers': 4, 'departure_time': 7260, 'departure_day': 'current_day', 'arrival_time': 11310, 'arrival_day': 'current_day', 'steps': [{'duration': 330, 'departure_time': 7830, 'arrival_time': 8160, 'day': 'current_day', 'from_stop_id': '39-5', 'to_stop_id': 'MH-L-5', 'trip_id': '8-0-8', 'agency_name': 'Unknown'}, {'duration': 30, 'departure_time': 8160, 'arrival_time': 8190, 'day': 'current_day', 'from_stop_id': 'MH-L-5', 'to_stop_id': 'MH-L-0', 'trip_id': 'walking', 'agency_name': 'Unknown'}, {'duration': 1500, 'departure_time': 8400, 'arrival_time': 9900, 'day': 'current_day', 'from_stop_id': 'MH-L-0', 'to_stop_id': 'MH-R-0', 'trip_id': '0-0-8', 'agency_name': 'Unknown'}, {'duration': 30, 'departure_time': 9900, 'arrival_time': 9930, 'day': 'current_day', 'from_stop_id': 'MH-R-0', 'to_stop_id': 'MH-R-4', 'trip_id': 'walking', 'agency_name': 'Unknown'}, {'duration': 1170, 'departure_time': 10140, 'arrival_time': 11310, 'day': 'current_day', 'from_stop_id': 'MH-R-4', 'to_stop_id': '236-4', 'trip_id': '9-0-11', 'agency_name': 'Unknown'}]}"
66,184,13350,inter,left,347,[66],[176; 185],0,0,500,375,13350,13410.0,16620.0,16680.0,3210.0,4.0,66,176,,,pt,3705.0,17055.0,3705.0,"{'duration': 3210, 'source_transfer_time': 0, 'waiting_time': 540, 'trip_time': 2670, 'num_transfers': 4, 'departure_time': 13410, 'departure_day': 'current_day', 'arrival_time': 16620, 'arrival_day': 'current_day', 'steps': [{'duration': 210, 'departure_time': 13950, 'arrival_time': 14160, 'day': 'current_day', 'from_stop_id': '66-5', 'to_stop_id': 'MH-L-5', 'trip_id': '8-1-18', 'agency_name': 'Unknown'}, {'duration': 30, 'departure_time': 14160, 'arrival_time': 14190, 'day': 'current_day', 'from_stop_id': 'MH-L-5', 'to_stop_id': 'MH-L-0', 'trip_id': 'walking', 'agency_name': 'Unknown'}, {'duration': 1500, 'departure_time': 14400, 'arrival_time': 15900, 'day': 'current_day', 'from_stop_id': 'MH-L-0', 'to_stop_id': 'MH-R-0', 'trip_id': '0-0-18', 'agency_name': 'Unknown'}, {'duration': 30, 'departure_time': 15900, 'arrival_time': 15930, 'day': 'current_day', 'from_stop_id': 'MH-R-0', 'to_stop_id': 'MH-R-1', 'trip_id': 'walking', 'agency_name': 'Unknown'}, {'duration': 480, 'departure_time': 16140, 'arrival_time': 16620, 'day': 'current_day', 'from_stop_id': 'MH-R-1', 'to_stop_id': '176-1', 'trip_id': '3-1-21', 'agency_name': 'Unknown'}]}"
77,130,9720,inter,left,348,[77],[130],0,0,0,0,9720,9780.0,13590.0,13650.0,3810.0,4.0,77,130,,,pt,3930.0,13650.0,3930.0,"{'duration': 3810, 'source_transfer_time': 0, 'waiting_time': 570, 'trip_time': 3240, 'num_transfers': 4, 'departure_time': 9780, 'departure_day': 'current_day', 'arrival_time': 13590, 'arrival_day': 'current_day', 'steps': [{'duration': 210, 'departure_time': 10350, 'arrival_time': 10560, 'day': 'current_day', 'from_stop_id': '77-2', 'to_stop_id': 'MH-L-2', 'trip_id': '2-0-12', 'agency_name': 'Unknown'}, {'duration': 30, 'departure_time': 10560, 'arrival_time': 10590, 'day': 'current_day', 'from_stop_id': 'MH-L-2', 'to_stop_id': 'MH-L-0', 'trip_id': 'walking', 'agency_name': 'Unknown'}, {'duration': 1500, 'departure_time': 10800, 'arrival_time': 12300, 'day': 'current_day', 'from_stop_id': 'MH-L-0', 'to_stop_id': 'MH-R-0', 'trip_id': '0-0-12', 'agency_name': 'Unknown'}, {'duration': 30, 'departure_time': 12300, 'arrival_time': 12330, 'day': 'current_day', 'from_stop_id': 'MH-R-0', 'to_stop_id': 'MH-R-5', 'trip_id': 'walking', 'agency_name': 'Unknown'}, {'duration': 1050, 'departure_time': 12540, 'arrival_time': 13590, 'day': 'current_day', 'from_stop_id': 'MH-R-5', 'to_stop_id': '130-5', 'trip_id': '10-1-15', 'agency_name': 'Unknown'}]}"
88,165,7620,inter,left,349,[88],[175],0,0,500,375,7620,7680.0,10740.0,10800.0,3060.0,4.0,88,175,,,pt,3555.0,11175.0,3555.0,"{'duration': 3060, 'source_transfer_time': 0, 'waiting_time': 150, 'trip_time': 2910, 'num_transfers': 4, 'departure_time': 7680, 'departure_day': 'current_day', 'arrival_time': 10740, 'arrival_day': 'current_day', 'steps': [{'duration': 330, 'departure_time': 7830, 'arrival_time': 8160, 'day': 'current_day', 'from_stop_id': '88-2', 'to_stop_id': 'MH-L-2', 'trip_id': '2-0-8', 'agency_name': 'Unknown'}, {'duration': 30, 'departure_time': 8160, 'arrival_time': 8190, 'day': 'current_day', 'from_stop_id': 'MH-L-2', 'to_stop_id': 'MH-L-0', 'trip_id': 'walking', 'agency_name': 'Unknown'}, {'duration': 1500, 'departure_time': 8400, 'arrival_time': 9900, 'day': 'current_day', 'from_stop_id': 'MH-L-0', 'to_stop_id': 'MH-R-0', 'trip_id': '0-0-8', 'agency_name': 'Unknown'}, {'duration': 30, 'departure_time': 9900, 'arrival_time': 9930, 'day': 'current_day', 'from_stop_id': 'MH-R-0', 'to_stop_id': 'MH-R-1', 'trip_id': 'walking', 'agency_name': 'Unknown'}, {'duration': 600, 'departure_time': 10140, 'arrival_time': 10740, 'day': 'current_day', 'from_stop_id': 'MH-R-1', 'to_stop_id': '175-1', 'trip_id': '3-1-11', 'agency_name': 'Unknown'}]}"
86,155,3870,inter,left,350,[86],[144; 156],0,0,500,375,3870,3930.0,7110.0,7170.0,3180.0,4.0,86,156,,,pt,3675.0,7545.0,3675.0,"{'duration': 3180, 'source_transfer_time': 0, 'waiting_time': 60, 'trip_time': 3120, 'num_transfers': 4, 'departure_time': 3930, 'departure_day': 'current_day', 'arrival_time': 7110, 'arrival_day': 'current_day', 'steps': [{'duration': 570, 'departure_time': 3990, 'arrival_time': 4560, 'day': 'current_day', 'from_stop_id': '86-5', 'to_stop_id': 'MH-L-5', 'trip_id': '8-1-2', 'agency_name': 'Unknown'}, {'duration': 30, 'departure_time': 4560, 'arrival_time': 4590, 'day': 'current_day', 'from_stop_id': 'MH-L-5', 'to_stop_id': 'MH-L-0', 'trip_id': 'walking', 'agency_name': 'Unknown'}, {'duration': 1500, 'departure_time': 4800, 'arrival_time': 6300, 'day': 'current_day', 'from_stop_id': 'MH-L-0', 'to_stop_id': 'MH-R-0', 'trip_id': '0-0-2', 'agency_name': 'Unknown'}, {'duration': 30, 'departure_time': 6300, 'arrival_time': 6330, 'day': 'current_day', 'from_stop_id': 'MH-R-0', 'to_stop_id': 'MH-R-4', 'trip_id': 'walking', 'agency_name': 'Unknown'}, {'duration': 570, 'departure_time': 6540, 'arrival_time': 7110, 'day': 'current_day', 'from_stop_id': 'MH-R-4', 'to_stop_id': '156-4', 'trip_id': '9-1-5', 'agency_name': 'Unknown'}]}"
26,182,13770,inter,left,351,[26],[182],0,0,0,0,13770,13830.0,17940.0,18000.0,4110.0,6.0,26,182,,,pt,4230.0,18000.0,4230.0,"{'duration': 4110, 'source_transfer_time': 0, 'waiting_time': 570, 'trip_time': 3540, 'num_transfers': 6, 'departure_time': 13830, 'departure_day': 'current_day', 'arrival_time': 17940, 'arrival_day': 'current_day', 'steps': [{'duration': 360, 'departure_time': 14400, 'arrival_time': 14760, 'day': 'current_day', 'from_stop_id': '26-3', 'to_stop_id': '29-3', 'trip_id': '5-0-18', 'agency_name': 'Unknown'}, {'duration': 30, 'departure_time': 14760, 'arrival_time': 14790, 'day': 'current_day', 'from_stop_id': '29-3', 'to_stop_id': '29-5', 'trip_id': 'walking', 'agency_name': 'Unknown'}, {'duration': 570, 'departure_time': 14790, 'arrival_time': 15360, 'day': 'current_day', 'from_stop_id': '29-5', 'to_stop_id': 'MH-L-5', 'trip_id': '8-0-20', 'agency_name': 'Unknown'}, {'duration': 30, 'departure_time': 15360, 'arrival_time': 15390, 'day': 'current_day', 'from_stop_id': 'MH-L-5', 'to_stop_id': 'MH-L-0', 'trip_id': 'walking', 'agency_name': 'Unknown'}, {'duration': 1500, 'departure_time': 15600, 'arrival_time': 17100, 'day': 'current_day', 'from_stop_id': 'MH-L-0', 'to_stop_id': 'MH-R-0', 'trip_id': '0-0-20', 'agency_name': 'Unknown'}, {'duration': 30, 'departure_time': 17100, 'arrival_time': 17130, 'day': 'current_day', 'from_stop_id': 'MH-R-0', 'to_stop_id': 'MH-R-1', 'trip_id': 'walking', 'agency_name': 'Unknown'}, {'duration': 600, 'departure_time': 17340, 'arrival_time': 17940, 'day': 'current_day', 'from_stop_id': 'MH-R-1', 'to_stop_id': '182-1', 'trip_id': '3-0-23', 'agency_name': 'Unknown'}]}"
46,133,11040,inter,left,352,[46],[133],0,0,0,0,11040,11100.0,14670.0,14730.0,3570.0,6.0,46,133,,,pt,3690.0,14730.0,3690.0,"{'duration': 3570, 'source_transfer_time': 0, 'waiting_time': 150, 'trip_time': 3420, 'num_transfers': 6, 'departure_time': 11100, 'departure_day': 'current_day', 'arrival_time': 14670, 'arrival_day': 'current_day', 'steps': [{'duration': 90, 'departure_time': 11250, 'arrival_time': 11340, 'day': 'current_day', 'from_stop_id': '46-3', 'to_stop_id': '56-3', 'trip_id': '5-1-9', 'agency_name': 'Unknown'}, {'duration': 30, 'departure_time': 11340, 'arrival_time': 11370, 'day': 'current_day', 'from_stop_id': '56-3', 'to_stop_id': '56-1', 'trip_id': 'walking', 'agency_name': 'Unknown'}, {'duration': 330, 'departure_time': 11430, 'arrival_time': 11760, 'day': 'current_day', 'from_stop_id': '56-1', 'to_stop_id': 'MH-L-1', 'trip_id': '1-0-14', 'agency_name': 'Unknown'}, {'duration': 30, 'departure_time': 11760, 'arrival_time': 11790, 'day': 'current_day', 'from_stop_id': 'MH-L-1', 'to_stop_id': 'MH-L-0', 'trip_id': 'walking', 'agency_name': 'Unknown'}, {'duration': 1500, 'departure_time': 12000, 'arrival_time': 13500, 'day': 'current_day', 'from_stop_id': 'MH-L-0', 'to_stop_id': 'MH-R-0', 'trip_id': '0-0-14', 'agency_name': 'Unknown'}, {'duration': 30, 'departure_time': 13500, 'arrival_time': 13530, 'day': 'current_day', 'from_stop_id': 'MH-R-0', 'to_stop_id': 'MH-R-4', 'trip_id': 'walking', 'agency_name': 'Unknown'}, {'duration': 930, 'departure_time': 13740, 'arrival_time': 14670, 'day': 'current_day', 'from_stop_id': 'MH-R-4', 'to_stop_id': '133-4', 'trip_id': '9-1-17', 'agency_name': 'Unknown'}]}"
104,157,13830,inter,left,353,[104],[157],0,0,0,0,13830,13890.0,17790.0,17850.0,3900.0,4.0,104,157,,,pt,4020.0,17850.0,4020.0,"{'duration': 3900, 'source_transfer_time': 0, 'waiting_time': 420, 'trip_time': 3480, 'num_transfers': 4, 'departure_time': 13890, 'departure_day': 'current_day', 'arrival_time': 17790, 'arrival_day': 'current_day', 'steps': [{'duration': 1050, 'departure_time': 14310, 'arrival_time': 15360, 'day': 'current_day', 'from_stop_id': '104-4', 'to_stop_id': 'MH-L-4', 'trip_id': '7-1-20', 'agency_name': 'Unknown'}, {'duration': 30, 'departure_time': 15360, 'arrival_time': 15390, 'day': 'current_day', 'from_stop_id': 'MH-L-4', 'to_stop_id': 'MH-L-0', 'trip_id': 'walking', 'agency_name': 'Unknown'}, {'duration': 1500, 'departure_time': 15600, 'arrival_time': 17100, 'day': 'current_day', 'from_stop_id': 'MH-L-0', 'to_stop_id': 'MH-R-0', 'trip_id': '0-0-20', 'agency_name': 'Unknown'}, {'duration': 30, 'departure_time': 17100, 'arrival_time': 17130, 'day': 'current_day', 'from_stop_id': 'MH-R-0', 'to_stop_id': 'MH-R-4', 'trip_id': 'walking', 'agency_name': 'Unknown'}, {'duration': 450, 'departure_time': 17340, 'arrival_time': 17790, 'day': 'current_day', 'from_stop_id': 'MH-R-4', 'to_stop_id': '157-4', 'trip_id': '9-1-23', 'agency_name': 'Unknown'}]}"
38,164,7770,inter,left,354,[38],[162; 182],0,0,1000,751,7770,7830.0,10710.0,10770.0,2880.0,6.0,38,162,,,pt,3751.0,11521.0,3751.0,"{'duration': 2880, 'source_transfer_time': 0, 'waiting_time': 120, 'trip_time': 2760, 'num_transfers': 6, 'departure_time': 7830, 'departure_day': 'current_day', 'arrival_time': 10710, 'arrival_day': 'current_day', 'steps': [{'duration': 210, 'departure_time': 7950, 'arrival_time': 8160, 'day': 'current_day', 'from_stop_id': '38-2', 'to_stop_id': 'MH-L-2', 'trip_id': '2-1-8', 'agency_name': 'Unknown'}, {'duration': 30, 'departure_time': 8160, 'arrival_time': 8190, 'day': 'current_day', 'from_stop_id': 'MH-L-2', 'to_stop_id': 'MH-L-0', 'trip_id': 'walking', 'agency_name': 'Unknown'}, {'duration': 1500, 'departure_time': 8400, 'arrival_time': 9900, 'day': 'current_day', 'from_stop_id': 'MH-L-0', 'to_stop_id': 'MH-R-0', 'trip_id': '0-0-8', 'agency_name': 'Unknown'}, {'duration': 30, 'departure_time': 9900, 'arrival_time': 9930, 'day': 'current_day', 'from_stop_id': 'MH-R-0', 'to_stop_id': 'MH-R-1', 'trip_id': 'walking', 'agency_name': 'Unknown'}, {'duration': 330, 'departure_time': 10140, 'arrival_time': 10470, 'day': 'current_day', 'from_stop_id': 'MH-R-1', 'to_stop_id': '180-1', 'trip_id': '3-0-11', 'agency_name': 'Unknown'}, {'duration': 30, 'departure_time': 10470, 'arrival_time': 10500, 'day': 'current_day', 'from_stop_id': '180-1', 'to_stop_id': '180-3', 'trip_id': 'walking', 'agency_name': 'Unknown'}, {'duration': 210, 'departure_time': 10500, 'arrival_time': 10710, 'day': 'current_day', 'from_stop_id': '180-3', 'to_stop_id': '162-3', 'trip_id': '6-1-10', 'agency_name': 'Unknown'}]}"
30,175,5550,inter,left,355,[30],[175],0,0,0,0,5550,5610.0,8940.0,9000.0,3330.0,4.0,30,175,,,pt,3450.0,9000.0,3450.0,"{'duration': 3330, 'source_transfer_time': 0, 'waiting_time': 60, 'trip_time': 3270, 'num_transfers': 4, 'departure_time': 5610, 'departure_day': 'current_day', 'arrival_time': 8940, 'arrival_day': 'current_day', 'steps': [{'duration': 690, 'departure_time': 5670, 'arrival_time': 6360, 'day': 'current_day', 'from_stop_id': '30-5', 'to_stop_id': 'MH-L-5', 'trip_id': '8-0-5', 'agency_name': 'Unknown'}, {'duration': 30, 'departure_time': 6360, 'arrival_time': 6390, 'day': 'current_day', 'from_stop_id': 'MH-L-5', 'to_stop_id': 'MH-L-0', 'trip_id': 'walking', 'agency_name': 'Unknown'}, {'duration': 1500, 'departure_time': 6600, 'arrival_time': 8100, 'day': 'current_day', 'from_stop_id': 'MH-L-0', 'to_stop_id': 'MH-R-0', 'trip_id': '0-0-5', 'agency_name': 'Unknown'}, {'duration': 30, 'departure_time': 8100, 'arrival_time': 8130, 'day': 'current_day', 'from_stop_id': 'MH-R-0', 'to_stop_id': 'MH-R-1', 'trip_id': 'walking', 'agency_name': 'Unknown'}, {'duration': 600, 'departure_time': 8340, 'arrival_time': 8940, 'day': 'current_day', 'from_stop_id': 'MH-R-1', 'to_stop_id': '175-1', 'trip_id': '3-1-8', 'agency_name': 'Unknown'}]}"
32,141,6000,inter,left,356,[10; 20; 30],[141],1000,751,0,0,6751,6811.0,10470.0,10530.0,3659.0,4.0,30,141,,,pt,4530.0,10530.0,4530.0,"{'duration': 3659, 'source_transfer_time': 0, 'waiting_time': 59, 'trip_time': 3600, 'num_transfers': 4, 'departure_time': 6811, 'departure_day': 'current_day', 'arrival_time': 10470, 'arrival_day': 'current_day', 'steps': [{'duration': 690, 'departure_time': 6870, 'arrival_time': 7560, 'day': 'current_day', 'from_stop_id': '30-5', 'to_stop_id': 'MH-L-5', 'trip_id': '8-0-7', 'agency_name': 'Unknown'}, {'duration': 30, 'departure_time': 7560, 'arrival_time': 7590, 'day': 'current_day', 'from_stop_id': 'MH-L-5', 'to_stop_id': 'MH-L-0', 'trip_id': 'walking', 'agency_name': 'Unknown'}, {'duration': 1500, 'departure_time': 7800, 'arrival_time': 9300, 'day': 'current_day', 'from_stop_id': 'MH-L-0', 'to_stop_id': 'MH-R-0', 'trip_id': '0-0-7', 'agency_name': 'Unknown'}, {'duration': 30, 'departure_time': 9300, 'arrival_time': 9330, 'day': 'current_day', 'from_stop_id': 'MH-R-0', 'to_stop_id': 'MH-R-5', 'trip_id': 'walking', 'agency_name': 'Unknown'}, {'duration': 930, 'departure_time': 9540, 'arrival_time': 10470, 'day': 'current_day', 'from_stop_id': 'MH-R-5', 'to_stop_id': '141-5', 'trip_id': '10-1-10', 'agency_name': 'Unknown'}]}"
8,232,11700,inter,left,357,[9; 19],[231],500,375,500,375,12075,12135.0,15540.0,15600.0,3405.0,4.0,19,231,,,pt,4275.0,15975.0,4275.0,"{'duration': 3405, 'source_transfer_time': 0, 'waiting_time': 15, 'trip_time': 3390, 'num_transfers': 4, 'departure_time': 12135, 'departure_day': 'current_day', 'arrival_time': 15540, 'arrival_day': 'current_day', 'steps': [{'duration': 810, 'departure_time': 12150, 'arrival_time': 12960, 'day': 'current_day', 'from_stop_id': '19-5', 'to_stop_id': 'MH-L-5', 'trip_id': '8-0-16', 'agency_name': 'Unknown'}, {'duration': 30, 'departure_time': 12960, 'arrival_time': 12990, 'day': 'current_day', 'from_stop_id': 'MH-L-5', 'to_stop_id': 'MH-L-0', 'trip_id': 'walking', 'agency_name': 'Unknown'}, {'duration': 1500, 'departure_time': 13200, 'arrival_time': 14700, 'day': 'current_day', 'from_stop_id': 'MH-L-0', 'to_stop_id': 'MH-R-0', 'trip_id': '0-0-16', 'agency_name': 'Unknown'}, {'duration': 30, 'departure_time': 14700, 'arrival_time': 14730, 'day': 'current_day', 'from_stop_id': 'MH-R-0', 'to_stop_id': 'MH-R-2', 'trip_id': 'walking', 'agency_name': 'Unknown'}, {'duration': 600, 'departure_time': 14940, 'arrival_time': 15540, 'day': 'current_day', 'from_stop_id': 'MH-R-2', 'to_stop_id': '231-2', 'trip_id': '4-1-19', 'agency_name': 'Unknown'}]}"
51,156,13590,inter,left,358,[51],[156],0,0,0,0,13590,13650.0,17310.0,17370.0,3660.0,6.0,51,156,,,pt,3780.0,17370.0,3780.0,"{'duration': 3660, 'source_transfer_time': 0, 'waiting_time': 300, 'trip_time': 3360, 'num_transfers': 6, 'departure_time': 13650, 'departure_day': 'current_day', 'arrival_time': 17310, 'arrival_day': 'current_day', 'steps': [{'duration': 90, 'departure_time': 13950, 'arrival_time': 14040, 'day': 'current_day', 'from_stop_id': '51-3', 'to_stop_id': '59-3', 'trip_id': '5-0-16', 'agency_name': 'Unknown'}, {'duration': 30, 'departure_time': 14040, 'arrival_time': 14070, 'day': 'current_day', 'from_stop_id': '59-3', 'to_stop_id': '59-1', 'trip_id': 'walking', 'agency_name': 'Unknown'}, {'duration': 330, 'departure_time': 14430, 'arrival_time': 14760, 'day': 'current_day', 'from_stop_id': '59-1', 'to_stop_id': 'MH-L-1', 'trip_id': '1-1-19', 'agency_name': 'Unknown'}, {'duration': 30, 'departure_time': 14760, 'arrival_time': 14790, 'day': 'current_day', 'from_stop_id': 'MH-L-1', 'to_stop_id': 'MH-L-0', 'trip_id': 'walking', 'agency_name': 'Unknown'}, {'duration': 1500, 'departure_time': 15000, 'arrival_time': 16500, 'day': 'current_day', 'from_stop_id': 'MH-L-0', 'to_stop_id': 'MH-R-0', 'trip_id': '0-0-19', 'agency_name': 'Unknown'}, {'duration': 30, 'departure_time': 16500, 'arrival_time': 16530, 'day': 'current_day', 'from_stop_id': 'MH-R-0', 'to_stop_id': 'MH-R-4', 'trip_id': 'walking', 'agency_name': 'Unknown'}, {'duration': 570, 'departure_time': 16740, 'arrival_time': 17310, 'day': 'current_day', 'from_stop_id': 'MH-R-4', 'to_stop_id': '156-4', 'trip_id': '9-1-22', 'agency_name': 'Unknown'}]}"
59,125,11880,inter,left,359,[59],[126],0,0,500,375,11880,11940.0,14940.0,15000.0,3000.0,4.0,59,126,,,pt,3495.0,15375.0,3495.0,"{'duration': 3000, 'source_transfer_time': 0, 'waiting_time': 90, 'trip_time': 2910, 'num_transfers': 4, 'departure_time': 11940, 'departure_day': 'current_day', 'arrival_time': 14940, 'arrival_day': 'current_day', 'steps': [{'duration': 330, 'departure_time': 12030, 'arrival_time': 12360, 'day': 'current_day', 'from_stop_id': '59-1', 'to_stop_id': 'MH-L-1', 'trip_id': '1-1-15', 'agency_name': 'Unknown'}, {'duration': 30, 'departure_time': 12360, 'arrival_time': 12390, 'day': 'current_day', 'from_stop_id': 'MH-L-1', 'to_stop_id': 'MH-L-0', 'trip_id': 'walking', 'agency_name': 'Unknown'}, {'duration': 1500, 'departure_time': 12600, 'arrival_time': 14100, 'day': 'current_day', 'from_stop_id': 'MH-L-0', 'to_stop_id': 'MH-R-0', 'trip_id': '0-0-15', 'agency_name': 'Unknown'}, {'duration': 30, 'departure_time': 14100, 'arrival_time': 14130, 'day': 'current_day', 'from_stop_id': 'MH-R-0', 'to_stop_id': 'MH-R-2', 'trip_id': 'walking', 'agency_name': 'Unknown'}, {'duration': 600, 'departure_time': 14340, 'arrival_time': 14940, 'day': 'current_day', 'from_stop_id': 'MH-R-2', 'to_stop_id': '126-2', 'trip_id': '4-0-18', 'agency_name': 'Unknown'}]}"
96,147,4500,inter,left,360,[96],[147],0,0,0,0,4500,4560.0,8340.0,8400.0,3780.0,6.0,96,147,,,pt,3900.0,8400.0,3900.0,"{'duration': 3780, 'source_transfer_time': 0, 'waiting_time': 390, 'trip_time': 3390, 'num_transfers': 6, 'departure_time': 4560, 'departure_day': 'current_day', 'arrival_time': 8340, 'arrival_day': 'current_day', 'steps': [{'duration': 810, 'departure_time': 4950, 'arrival_time': 5760, 'day': 'current_day', 'from_stop_id': '96-5', 'to_stop_id': 'MH-L-5', 'trip_id': '8-1-4', 'agency_name': 'Unknown'}, {'duration': 30, 'departure_time': 5760, 'arrival_time': 5790, 'day': 'current_day', 'from_stop_id': 'MH-L-5', 'to_stop_id': 'MH-L-0', 'trip_id': 'walking', 'agency_name': 'Unknown'}, {'duration': 1500, 'departure_time': 6000, 'arrival_time': 7500, 'day': 'current_day', 'from_stop_id': 'MH-L-0', 'to_stop_id': 'MH-R-0', 'trip_id': '0-0-4', 'agency_name': 'Unknown'}, {'duration': 30, 'departure_time': 7500, 'arrival_time': 7530, 'day': 'current_day', 'from_stop_id': 'MH-R-0', 'to_stop_id': 'MH-R-2', 'trip_id': 'walking', 'agency_name': 'Unknown'}, {'duration': 330, 'departure_time': 7740, 'arrival_time': 8070, 'day': 'current_day', 'from_stop_id': 'MH-R-2', 'to_stop_id': '148-2', 'trip_id': '4-0-7', 'agency_name': 'Unknown'}, {'duration': 30, 'departure_time': 8070, 'arrival_time': 8100, 'day': 'current_day', 'from_stop_id': '148-2', 'to_stop_id': '148-3', 'trip_id': 'walking', 'agency_name': 'Unknown'}, {'duration': 90, 'departure_time': 8250, 'arrival_time': 8340, 'day': 'current_day', 'from_stop_id': '148-3', 'to_stop_id': '147-3', 'trip_id': '6-1-5', 'agency_name': 'Unknown'}]}"
90,180,5160,inter,left,361,[90],[180],0,0,0,0,5160,5220.0,8670.0,8730.0,3450.0,6.0,90,180,,,pt,3570.0,8730.0,3570.0,"{'duration': 3450, 'source_transfer_time': 0, 'waiting_time': 360, 'trip_time': 3090, 'num_transfers': 6, 'departure_time': 5220, 'departure_day': 'current_day', 'arrival_time': 8670, 'arrival_day': 'current_day', 'steps': [{'duration': 210, 'departure_time': 5580, 'arrival_time': 5790, 'day': 'current_day', 'from_stop_id': '90-3', 'to_stop_id': '88-3', 'trip_id': '5-0-1', 'agency_name': 'Unknown'}, {'duration': 30, 'departure_time': 5790, 'arrival_time': 5820, 'day': 'current_day', 'from_stop_id': '88-3', 'to_stop_id': '88-2', 'trip_id': 'walking', 'agency_name': 'Unknown'}, {'duration': 330, 'departure_time': 6030, 'arrival_time': 6360, 'day': 'current_day', 'from_stop_id': '88-2', 'to_stop_id': 'MH-L-2', 'trip_id': '2-0-5', 'agency_name': 'Unknown'}, {'duration': 30, 'departure_time': 6360, 'arrival_time': 6390, 'day': 'current_day', 'from_stop_id': 'MH-L-2', 'to_stop_id': 'MH-L-0', 'trip_id': 'walking', 'agency_name': 'Unknown'}, {'duration': 1500, 'departure_time': 6600, 'arrival_time': 8100, 'day': 'current_day', 'from_stop_id': 'MH-L-0', 'to_stop_id': 'MH-R-0', 'trip_id': '0-0-5', 'agency_name': 'Unknown'}, {'duration': 30, 'departure_time': 8100, 'arrival_time': 8130, 'day': 'current_day', 'from_stop_id': 'MH-R-0', 'to_stop_id': 'MH-R-1', 'trip_id': 'walking', 'agency_name': 'Unknown'}, {'duration': 330, 'departure_time': 8340, 'arrival_time': 8670, 'day': 'current_day', 'from_stop_id': 'MH-R-1', 'to_stop_id': '180-1', 'trip_id': '3-0-8', 'agency_name': 'Unknown'}]}"
28,192,9660,inter,left,362,[28],[182],0,0,500,375,9660,9720.0,13140.0,13200.0,3420.0,6.0,28,182,,,pt,3915.0,13575.0,3915.0,"{'duration': 3420, 'source_transfer_time': 0, 'waiting_time': 150, 'trip_time': 3270, 'num_transfers': 6, 'departure_time': 9720, 'departure_day': 'current_day', 'arrival_time': 13140, 'arrival_day': 'current_day', 'steps': [{'duration': 90, 'departure_time': 9870, 'arrival_time': 9960, 'day': 'current_day', 'from_stop_id': '28-3', 'to_stop_id': '29-3', 'trip_id': '5-0-10', 'agency_name': 'Unknown'}, {'duration': 30, 'departure_time': 9960, 'arrival_time': 9990, 'day': 'current_day', 'from_stop_id': '29-3', 'to_stop_id': '29-5', 'trip_id': 'walking', 'agency_name': 'Unknown'}, {'duration': 570, 'departure_time': 9990, 'arrival_time': 10560, 'day': 'current_day', 'from_stop_id': '29-5', 'to_stop_id': 'MH-L-5', 'trip_id': '8-0-12', 'agency_name': 'Unknown'}, {'duration': 30, 'departure_time': 10560, 'arrival_time': 10590, 'day': 'current_day', 'from_stop_id': 'MH-L-5', 'to_stop_id': 'MH-L-0', 'trip_id': 'walking', 'agency_name': 'Unknown'}, {'duration': 1500, 'departure_time': 10800, 'arrival_time': 12300, 'day': 'current_day', 'from_stop_id': 'MH-L-0', 'to_stop_id': 'MH-R-0', 'trip_id': '0-0-12', 'agency_name': 'Unknown'}, {'duration': 30, 'departure_time': 12300, 'arrival_time': 12330, 'day': 'current_day', 'from_stop_id': 'MH-R-0', 'to_stop_id': 'MH-R-1', 'trip_id': 'walking', 'agency_name': 'Unknown'}, {'duration': 600, 'departure_time': 12540, 'arrival_time': 13140, 'day': 'current_day', 'from_stop_id': 'MH-R-1', 'to_stop_id': '182-1', 'trip_id': '3-0-15', 'agency_name': 'Unknown'}]}"
90,150,3750,inter,left,363,[90],[150],0,0,0,0,3750,3810.0,7710.0,7770.0,3900.0,6.0,90,150,,,pt,4020.0,7770.0,4020.0,"{'duration': 3900, 'source_transfer_time': 0, 'waiting_time': 180, 'trip_time': 3720, 'num_transfers': 6, 'departure_time': 3810, 'departure_day': 'current_day', 'arrival_time': 7710, 'arrival_day': 'current_day', 'steps': [{'duration': 450, 'departure_time': 3990, 'arrival_time': 4440, 'day': 'current_day', 'from_stop_id': '90-3', 'to_stop_id': '59-3', 'trip_id': '5-1-0', 'agency_name': 'Unknown'}, {'duration': 30, 'departure_time': 4440, 'arrival_time': 4470, 'day': 'current_day', 'from_stop_id': '59-3', 'to_stop_id': '59-1', 'trip_id': 'walking', 'agency_name': 'Unknown'}, {'duration': 330, 'departure_time': 4830, 'arrival_time': 5160, 'day': 'current_day', 'from_stop_id': '59-1', 'to_stop_id': 'MH-L-1', 'trip_id': '1-1-3', 'agency_name': 'Unknown'}, {'duration': 30, 'departure_time': 5160, 'arrival_time': 5190, 'day': 'current_day', 'from_stop_id': 'MH-L-1', 'to_stop_id': 'MH-L-0', 'trip_id': 'walking', 'agency_name': 'Unknown'}, {'duration': 1500, 'departure_time': 5400, 'arrival_time': 6900, 'day': 'current_day', 'from_stop_id': 'MH-L-0', 'to_stop_id': 'MH-R-0', 'trip_id': '0-0-3', 'agency_name': 'Unknown'}, {'duration': 30, 'departure_time': 6900, 'arrival_time': 6930, 'day': 'current_day', 'from_stop_id': 'MH-R-0', 'to_stop_id': 'MH-R-5', 'trip_id': 'walking', 'agency_name': 'Unknown'}, {'duration': 570, 'departure_time': 7140, 'arrival_time': 7710, 'day': 'current_day', 'from_stop_id': 'MH-R-5', 'to_stop_id': '150-5', 'trip_id': '10-1-6', 'agency_name': 'Unknown'}]}"
67,212,13620,inter,left,364,[67],[212],0,0,0,0,13620,13680.0,16830.0,16890.0,3150.0,4.0,67,212,,,pt,3270.0,16890.0,3270.0,"{'duration': 3150, 'source_transfer_time': 0, 'waiting_time': 270, 'trip_time': 2880, 'num_transfers': 4, 'departure_time': 13680, 'departure_day': 'current_day', 'arrival_time': 16830, 'arrival_day': 'current_day', 'steps': [{'duration': 210, 'departure_time': 13950, 'arrival_time': 14160, 'day': 'current_day', 'from_stop_id': '67-4', 'to_stop_id': 'MH-L-4', 'trip_id': '7-1-18', 'agency_name': 'Unknown'}, {'duration': 30, 'departure_time': 14160, 'arrival_time': 14190, 'day': 'current_day', 'from_stop_id': 'MH-L-4', 'to_stop_id': 'MH-L-0', 'trip_id': 'walking', 'agency_name': 'Unknown'}, {'duration': 1500, 'departure_time': 14400, 'arrival_time': 15900, 'day': 'current_day', 'from_stop_id': 'MH-L-0', 'to_stop_id': 'MH-R-0', 'trip_id': '0-0-18', 'agency_name': 'Unknown'}, {'duration': 30, 'departure_time': 15900, 'arrival_time': 15930, 'day': 'current_day', 'from_stop_id': 'MH-R-0', 'to_stop_id': 'MH-R-4', 'trip_id': 'walking', 'agency_name': 'Unknown'}, {'duration': 690, 'departure_time': 16140, 'arrival_time': 16830, 'day': 'current_day', 'from_stop_id': 'MH-R-4', 'to_stop_id': '212-4', 'trip_id': '9-0-21', 'agency_name': 'Unknown'}]}"
60,227,4110,inter,left,365,[60],[227],0,0,0,0,4110,4170.0,8190.0,8250.0,4020.0,4.0,60,227,,,pt,4140.0,8250.0,4140.0,"{'duration': 4020, 'source_transfer_time': 0, 'waiting_time': 510, 'trip_time': 3510, 'num_transfers': 4, 'departure_time': 4170, 'departure_day': 'current_day', 'arrival_time': 8190, 'arrival_day': 'current_day', 'steps': [{'duration': 480, 'departure_time': 4680, 'arrival_time': 5160, 'day': 'current_day', 'from_stop_id': '60-1', 'to_stop_id': 'MH-L-1', 'trip_id': '1-1-3', 'agency_name': 'Unknown'}, {'duration': 30, 'departure_time': 5160, 'arrival_time': 5190, 'day': 'current_day', 'from_stop_id': 'MH-L-1', 'to_stop_id': 'MH-L-0', 'trip_id': 'walking', 'agency_name': 'Unknown'}, {'duration': 1500, 'departure_time': 5400, 'arrival_time': 6900, 'day': 'current_day', 'from_stop_id': 'MH-L-0', 'to_stop_id': 'MH-R-0', 'trip_id': '0-0-3', 'agency_name': 'Unknown'}, {'duration': 30, 'departure_time': 6900, 'arrival_time': 6930, 'day': 'current_day', 'from_stop_id': 'MH-R-0', 'to_stop_id': 'MH-R-5', 'trip_id': 'walking', 'agency_name': 'Unknown'}, {'duration': 1050, 'departure_time': 7140, 'arrival_time': 8190, 'day': 'current_day', 'from_stop_id': 'MH-R-5', 'to_stop_id': '227-5', 'trip_id': '10-0-6', 'agency_name': 'Unknown'}]}"
29,191,13860,inter,left,366,[29],[181; 190],0,0,500,375,13860,13920.0,17190.0,17250.0,3270.0,6.0,29,190,,,pt,3765.0,17625.0,3765.0,"{'duration': 3270, 'source_transfer_time': 0, 'waiting_time': 270, 'trip_time': 3000, 'num_transfers': 6, 'departure_time': 13920, 'departure_day': 'current_day', 'arrival_time': 17190, 'arrival_day': 'current_day', 'steps': [{'duration': 570, 'departure_time': 14190, 'arrival_time': 14760, 'day': 'current_day', 'from_stop_id': '29-5', 'to_stop_id': 'MH-L-5', 'trip_id': '8-0-19', 'agency_name': 'Unknown'}, {'duration': 30, 'departure_time': 14760, 'arrival_time': 14790, 'day': 'current_day', 'from_stop_id': 'MH-L-5', 'to_stop_id': 'MH-L-0', 'trip_id': 'walking', 'agency_name': 'Unknown'}, {'duration': 1500, 'departure_time': 15000, 'arrival_time': 16500, 'day': 'current_day', 'from_stop_id': 'MH-L-0', 'to_stop_id': 'MH-R-0', 'trip_id': '0-0-19', 'agency_name': 'Unknown'}, {'duration': 30, 'departure_time': 16500, 'arrival_time': 16530, 'day': 'current_day', 'from_stop_id': 'MH-R-0', 'to_stop_id': 'MH-R-1', 'trip_id': 'walking', 'agency_name': 'Unknown'}, {'duration': 330, 'departure_time': 16740, 'arrival_time': 17070, 'day': 'current_day', 'from_stop_id': 'MH-R-1', 'to_stop_id': '180-1', 'trip_id': '3-0-22', 'agency_name': 'Unknown'}, {'duration': 30, 'departure_time': 17070, 'arrival_time': 17100, 'day': 'current_day', 'from_stop_id': '180-1', 'to_stop_id': '180-3', 'trip_id': 'walking', 'agency_name': 'Unknown'}, {'duration': 90, 'departure_time': 17100, 'arrival_time': 17190, 'day': 'current_day', 'from_stop_id': '180-3', 'to_stop_id': '190-3', 'trip_id': '6-0-21', 'agency_name': 'Unknown'}]}"
49,145,4770,inter,left,367,[49],[145],0,0,0,0,4770,4830.0,7830.0,7890.0,3000.0,4.0,49,145,,,pt,3120.0,7890.0,3120.0,"{'duration': 3000, 'source_transfer_time': 0, 'waiting_time': 120, 'trip_time': 2880, 'num_transfers': 4, 'departure_time': 4830, 'departure_day': 'current_day', 'arrival_time': 7830, 'arrival_day': 'current_day', 'steps': [{'duration': 210, 'departure_time': 4950, 'arrival_time': 5160, 'day': 'current_day', 'from_stop_id': '49-5', 'to_stop_id': 'MH-L-5', 'trip_id': '8-0-3', 'agency_name': 'Unknown'}, {'duration': 30, 'departure_time': 5160, 'arrival_time': 5190, 'day': 'current_day', 'from_stop_id': 'MH-L-5', 'to_stop_id': 'MH-L-0', 'trip_id': 'walking', 'agency_name': 'Unknown'}, {'duration': 1500, 'departure_time': 5400, 'arrival_time': 6900, 'day': 'current_day', 'from_stop_id': 'MH-L-0', 'to_stop_id': 'MH-R-0', 'trip_id': '0-0-3', 'agency_name': 'Unknown'}, {'duration': 30, 'departure_time': 6900, 'arrival_time': 6930, 'day': 'current_day', 'from_stop_id': 'MH-R-0', 'to_stop_id': 'MH-R-4', 'trip_id': 'walking', 'agency_name': 'Unknown'}, {'duration': 690, 'departure_time': 7140, 'arrival_time': 7830, 'day': 'current_day', 'from_stop_id': 'MH-R-4', 'to_stop_id': '145-4', 'trip_id': '9-1-6', 'agency_name': 'Unknown'}]}"
21,127,5670,inter,left,368,[10; 20],[126],500,375,500,375,6045,6105.0,10140.0,10200.0,4035.0,4.0,10,126,,,pt,4905.0,10575.0,4905.0,"{'duration': 4035, 'source_transfer_time': 0, 'waiting_time': 285, 'trip_time': 3750, 'num_transfers': 4, 'departure_time': 6105, 'departure_day': 'current_day', 'arrival_time': 10140, 'arrival_day': 'current_day', 'steps': [{'duration': 1170, 'departure_time': 6390, 'arrival_time': 7560, 'day': 'current_day', 'from_stop_id': '10-5', 'to_stop_id': 'MH-L-5', 'trip_id': '8-0-7', 'agency_name': 'Unknown'}, {'duration': 30, 'departure_time': 7560, 'arrival_time': 7590, 'day': 'current_day', 'from_stop_id': 'MH-L-5', 'to_stop_id': 'MH-L-0', 'trip_id': 'walking', 'agency_name': 'Unknown'}, {'duration': 1500, 'departure_time': 7800, 'arrival_time': 9300, 'day': 'current_day', 'from_stop_id': 'MH-L-0', 'to_stop_id': 'MH-R-0', 'trip_id': '0-0-7', 'agency_name': 'Unknown'}, {'duration': 30, 'departure_time': 9300, 'arrival_time': 9330, 'day': 'current_day', 'from_stop_id': 'MH-R-0', 'to_stop_id': 'MH-R-2', 'trip_id': 'walking', 'agency_name': 'Unknown'}, {'duration': 600, 'departure_time': 9540, 'arrival_time': 10140, 'day': 'current_day', 'from_stop_id': 'MH-R-2', 'to_stop_id': '126-2', 'trip_id': '4-0-10', 'agency_name': 'Unknown'}]}"
57,176,9120,inter,left,369,[57],[176],0,0,0,0,9120,9180.0,12420.0,12480.0,3240.0,4.0,57,176,,,pt,3360.0,12480.0,3360.0,"{'duration': 3240, 'source_transfer_time': 0, 'waiting_time': 570, 'trip_time': 2670, 'num_transfers': 4, 'departure_time': 9180, 'departure_day': 'current_day', 'arrival_time': 12420, 'arrival_day': 'current_day', 'steps': [{'duration': 210, 'departure_time': 9750, 'arrival_time': 9960, 'day': 'current_day', 'from_stop_id': '57-1', 'to_stop_id': 'MH-L-1', 'trip_id': '1-0-11', 'agency_name': 'Unknown'}, {'duration': 30, 'departure_time': 9960, 'arrival_time': 9990, 'day': 'current_day', 'from_stop_id': 'MH-L-1', 'to_stop_id': 'MH-L-0', 'trip_id': 'walking', 'agency_name': 'Unknown'}, {'duration': 1500, 'departure_time': 10200, 'arrival_time': 11700, 'day': 'current_day', 'from_stop_id': 'MH-L-0', 'to_stop_id': 'MH-R-0', 'trip_id': '0-0-11', 'agency_name': 'Unknown'}, {'duration': 30, 'departure_time': 11700, 'arrival_time': 11730, 'day': 'current_day', 'from_stop_id': 'MH-R-0', 'to_stop_id': 'MH-R-1', 'trip_id': 'walking', 'agency_name': 'Unknown'}, {'duration': 480, 'departure_time': 11940, 'arrival_time': 12420, 'day': 'current_day', 'from_stop_id': 'MH-R-1', 'to_stop_id': '176-1', 'trip_id': '3-1-14', 'agency_name': 'Unknown'}]}"
5,189,6600,inter,left,370,[5],[189],0,0,0,0,6600,6660.0,9870.0,9930.0,3210.0,4.0,5,189,,,pt,3330.0,9930.0,3330.0,"{'duration': 3210, 'source_transfer_time': 0, 'waiting_time': 300, 'trip_time': 2910, 'num_transfers': 4, 'departure_time': 6660, 'departure_day': 'current_day', 'arrival_time': 9870, 'arrival_day': 'current_day', 'steps': [{'duration': 600, 'departure_time': 6960, 'arrival_time': 7560, 'day': 'current_day', 'from_stop_id': '5-2', 'to_stop_id': 'MH-L-2', 'trip_id': '2-1-7', 'agency_name': 'Unknown'}, {'duration': 30, 'departure_time': 7560, 'arrival_time': 7590, 'day': 'current_day', 'from_stop_id': 'MH-L-2', 'to_stop_id': 'MH-L-0', 'trip_id': 'walking', 'agency_name': 'Unknown'}, {'duration': 1500, 'departure_time': 7800, 'arrival_time': 9300, 'day': 'current_day', 'from_stop_id': 'MH-L-0', 'to_stop_id': 'MH-R-0', 'trip_id': '0-0-7', 'agency_name': 'Unknown'}, {'duration': 30, 'departure_time': 9300, 'arrival_time': 9330, 'day': 'current_day', 'from_stop_id': 'MH-R-0', 'to_stop_id': 'MH-R-4', 'trip_id': 'walking', 'agency_name': 'Unknown'}, {'duration': 330, 'departure_time': 9540, 'arrival_time': 9870, 'day': 'current_day', 'from_stop_id': 'MH-R-4', 'to_stop_id': '189-4', 'trip_id': '9-0-10', 'agency_name': 'Unknown'}]}"
70,151,12930,inter,left,371,[60; 69],[151],500,375,0,0,13305,13365.0,16830.0,16890.0,3465.0,4.0,60,151,,,pt,3960.0,16890.0,3960.0,"{'duration': 3465, 'source_transfer_time': 0, 'waiting_time': 315, 'trip_time': 3150, 'num_transfers': 4, 'departure_time': 13365, 'departure_day': 'current_day', 'arrival_time': 16830, 'arrival_day': 'current_day', 'steps': [{'duration': 480, 'departure_time': 13680, 'arrival_time': 14160, 'day': 'current_day', 'from_stop_id': '60-1', 'to_stop_id': 'MH-L-1', 'trip_id': '1-1-18', 'agency_name': 'Unknown'}, {'duration': 30, 'departure_time': 14160, 'arrival_time': 14190, 'day': 'current_day', 'from_stop_id': 'MH-L-1', 'to_stop_id': 'MH-L-0', 'trip_id': 'walking', 'agency_name': 'Unknown'}, {'duration': 1500, 'departure_time': 14400, 'arrival_time': 15900, 'day': 'current_day', 'from_stop_id': 'MH-L-0', 'to_stop_id': 'MH-R-0', 'trip_id': '0-0-18', 'agency_name': 'Unknown'}, {'duration': 30, 'departure_time': 15900, 'arrival_time': 15930, 'day': 'current_day', 'from_stop_id': 'MH-R-0', 'to_stop_id': 'MH-R-5', 'trip_id': 'walking', 'agency_name': 'Unknown'}, {'duration': 690, 'departure_time': 16140, 'arrival_time': 16830, 'day': 'current_day', 'from_stop_id': 'MH-R-5', 'to_stop_id': '151-5', 'trip_id': '10-1-21', 'agency_name': 'Unknown'}]}"
8,156,12840,inter,left,372,[9; 19],[156],500,375,0,0,13215,13275.0,16710.0,16770.0,3435.0,4.0,19,156,,,pt,3930.0,16770.0,3930.0,"{'duration': 3435, 'source_transfer_time': 0, 'waiting_time': 75, 'trip_time': 3360, 'num_transfers': 4, 'departure_time': 13275, 'departure_day': 'current_day', 'arrival_time': 16710, 'arrival_day': 'current_day', 'steps': [{'duration': 810, 'departure_time': 13350, 'arrival_time': 14160, 'day': 'current_day', 'from_stop_id': '19-5', 'to_stop_id': 'MH-L-5', 'trip_id': '8-0-18', 'agency_name': 'Unknown'}, {'duration': 30, 'departure_time': 14160, 'arrival_time': 14190, 'day': 'current_day', 'from_stop_id': 'MH-L-5', 'to_stop_id': 'MH-L-0', 'trip_id': 'walking', 'agency_name': 'Unknown'}, {'duration': 1500, 'departure_time': 14400, 'arrival_time': 15900, 'day': 'current_day', 'from_stop_id': 'MH-L-0', 'to_stop_id': 'MH-R-0', 'trip_id': '0-0-18', 'agency_name': 'Unknown'}, {'duration': 30, 'departure_time': 15900, 'arrival_time': 15930, 'day': 'current_day', 'from_stop_id': 'MH-R-0', 'to_stop_id': 'MH-R-4', 'trip_id': 'walking', 'agency_name': 'Unknown'}, {'duration': 570, 'departure_time': 16140, 'arrival_time': 16710, 'day': 'current_day', 'from_stop_id': 'MH-R-4', 'to_stop_id': '156-4', 'trip_id': '9-1-21', 'agency_name': 'Unknown'}]}"
89,153,14340,inter,left,373,[89],[131; 141; 151],0,0,1000,751,14340,14400.0,18030.0,18090.0,3630.0,6.0,89,151,,,pt,4501.0,18841.0,4501.0,"{'duration': 3630, 'source_transfer_time': 0, 'waiting_time': 300, 'trip_time': 3330, 'num_transfers': 6, 'departure_time': 14400, 'departure_day': 'current_day', 'arrival_time': 18030, 'arrival_day': 'current_day', 'steps': [{'duration': 90, 'departure_time': 14700, 'arrival_time': 14790, 'day': 'current_day', 'from_stop_id': '89-3', 'to_stop_id': '88-3', 'trip_id': '5-0-16', 'agency_name': 'Unknown'}, {'duration': 30, 'departure_time': 14790, 'arrival_time': 14820, 'day': 'current_day', 'from_stop_id': '88-3', 'to_stop_id': '88-2', 'trip_id': 'walking', 'agency_name': 'Unknown'}, {'duration': 330, 'departure_time': 15030, 'arrival_time': 15360, 'day': 'current_day', 'from_stop_id': '88-2', 'to_stop_id': 'MH-L-2', 'trip_id': '2-0-20', 'agency_name': 'Unknown'}, {'duration': 30, 'departure_time': 15360, 'arrival_time': 15390, 'day': 'current_day', 'from_stop_id': 'MH-L-2', 'to_stop_id': 'MH-L-0', 'trip_id': 'walking', 'agency_name': 'Unknown'}, {'duration': 1500, 'departure_time': 15600, 'arrival_time': 17100, 'day': 'current_day', 'from_stop_id': 'MH-L-0', 'to_stop_id': 'MH-R-0', 'trip_id': '0-0-20', 'agency_name': 'Unknown'}, {'duration': 30, 'departure_time': 17100, 'arrival_time': 17130, 'day': 'current_day', 'from_stop_id': 'MH-R-0', 'to_stop_id': 'MH-R-5', 'trip_id': 'walking', 'agency_name': 'Unknown'}, {'duration': 690, 'departure_time': 17340, 'arrival_time': 18030, 'day': 'current_day', 'from_stop_id': 'MH-R-5', 'to_stop_id': '151-5', 'trip_id': '10-1-23', 'agency_name': 'Unknown'}]}"
45,160,14340,inter,left,374,[46; 55],[160],500,375,0,0,14715,14775.0,17670.0,17730.0,2895.0,6.0,46,160,,,pt,3390.0,17730.0,3390.0,"{'duration': 2895, 'source_transfer_time': 0, 'waiting_time': 75, 'trip_time': 2820, 'num_transfers': 6, 'departure_time': 14775, 'departure_day': 'current_day', 'arrival_time': 17670, 'arrival_day': 'current_day', 'steps': [{'duration': 90, 'departure_time': 14850, 'arrival_time': 14940, 'day': 'current_day', 'from_stop_id': '46-3', 'to_stop_id': '56-3', 'trip_id': '5-1-15', 'agency_name': 'Unknown'}, {'duration': 30, 'departure_time': 14940, 'arrival_time': 14970, 'day': 'current_day', 'from_stop_id': '56-3', 'to_stop_id': '56-1', 'trip_id': 'walking', 'agency_name': 'Unknown'}, {'duration': 330, 'departure_time': 15030, 'arrival_time': 15360, 'day': 'current_day', 'from_stop_id': '56-1', 'to_stop_id': 'MH-L-1', 'trip_id': '1-0-20', 'agency_name': 'Unknown'}, {'duration': 30, 'departure_time': 15360, 'arrival_time': 15390, 'day': 'current_day', 'from_stop_id': 'MH-L-1', 'to_stop_id': 'MH-L-0', 'trip_id': 'walking', 'agency_name': 'Unknown'}, {'duration': 1500, 'departure_time': 15600, 'arrival_time': 17100, 'day': 'current_day', 'from_stop_id': 'MH-L-0', 'to_stop_id': 'MH-R-0', 'trip_id': '0-0-20', 'agency_name': 'Unknown'}, {'duration': 30, 'departure_time': 17100, 'arrival_time': 17130, 'day': 'current_day', 'from_stop_id': 'MH-R-0', 'to_stop_id': 'MH-R-5', 'trip_id': 'walking', 'agency_name': 'Unknown'}, {'duration': 330, 'departure_time': 17340, 'arrival_time': 17670, 'day': 'current_day', 'from_stop_id': 'MH-R-5', 'to_stop_id': '160-5', 'trip_id': '10-1-23', 'agency_name': 'Unknown'}]}"
86,132,7860,inter,left,375,[86],[132],0,0,0,0,7860,7920.0,11790.0,11850.0,3870.0,4.0,86,132,,,pt,3990.0,11850.0,3990.0,"{'duration': 3870, 'source_transfer_time': 0, 'waiting_time': 270, 'trip_time': 3600, 'num_transfers': 4, 'departure_time': 7920, 'departure_day': 'current_day', 'arrival_time': 11790, 'arrival_day': 'current_day', 'steps': [{'duration': 570, 'departure_time': 8190, 'arrival_time': 8760, 'day': 'current_day', 'from_stop_id': '86-5', 'to_stop_id': 'MH-L-5', 'trip_id': '8-1-9', 'agency_name': 'Unknown'}, {'duration': 30, 'departure_time': 8760, 'arrival_time': 8790, 'day': 'current_day', 'from_stop_id': 'MH-L-5', 'to_stop_id': 'MH-L-0', 'trip_id': 'walking', 'agency_name': 'Unknown'}, {'duration': 1500, 'departure_time': 9000, 'arrival_time': 10500, 'day': 'current_day', 'from_stop_id': 'MH-L-0', 'to_stop_id': 'MH-R-0', 'trip_id': '0-0-9', 'agency_name': 'Unknown'}, {'duration': 30, 'departure_time': 10500, 'arrival_time': 10530, 'day': 'current_day', 'from_stop_id': 'MH-R-0', 'to_stop_id': 'MH-R-4', 'trip_id': 'walking', 'agency_name': 'Unknown'}, {'duration': 1050, 'departure_time': 10740, 'arrival_time': 11790, 'day': 'current_day', 'from_stop_id': 'MH-R-4', 'to_stop_id': '132-4', 'trip_id': '9-1-12', 'agency_name': 'Unknown'}]}"
106,177,7830,inter,left,376,[106],[177],0,0,0,0,7830,7890.0,11670.0,11730.0,3780.0,4.0,106,177,,,pt,3900.0,11730.0,3900.0,"{'duration': 3780, 'source_transfer_time': 0, 'waiting_time': 420, 'trip_time': 3360, 'num_transfers': 4, 'departure_time': 7890, 'departure_day': 'current_day', 'arrival_time': 11670, 'arrival_day': 'current_day', 'steps': [{'duration': 1050, 'departure_time': 8310, 'arrival_time': 9360, 'day': 'current_day', 'from_stop_id': '106-5', 'to_stop_id': 'MH-L-5', 'trip_id': '8-1-10', 'agency_name': 'Unknown'}, {'duration': 30, 'departure_time': 9360, 'arrival_time': 9390, 'day': 'current_day', 'from_stop_id': 'MH-L-5', 'to_stop_id': 'MH-L-0', 'trip_id': 'walking', 'agency_name': 'Unknown'}, {'duration': 1500, 'departure_time': 9600, 'arrival_time': 11100, 'day': 'current_day', 'from_stop_id': 'MH-L-0', 'to_stop_id': 'MH-R-0', 'trip_id': '0-0-10', 'agency_name': 'Unknown'}, {'duration': 30, 'departure_time': 11100, 'arrival_time': 11130, 'day': 'current_day', 'from_stop_id': 'MH-R-0', 'to_stop_id': 'MH-R-1', 'trip_id': 'walking', 'agency_name': 'Unknown'}, {'duration': 330, 'departure_time': 11340, 'arrival_time': 11670, 'day': 'current_day', 'from_stop_id': 'MH-R-1', 'to_stop_id': '177-1', 'trip_id': '3-1-13', 'agency_name': 'Unknown'}]}"
39,155,5040,inter,left,377,[39],[144; 156],0,0,500,375,5040,5100.0,8310.0,8370.0,3210.0,4.0,39,156,,,pt,3705.0,8745.0,3705.0,"{'duration': 3210, 'source_transfer_time': 0, 'waiting_time': 330, 'trip_time': 2880, 'num_transfers': 4, 'departure_time': 5100, 'departure_day': 'current_day', 'arrival_time': 8310, 'arrival_day': 'current_day', 'steps': [{'duration': 330, 'departure_time': 5430, 'arrival_time': 5760, 'day': 'current_day', 'from_stop_id': '39-5', 'to_stop_id': 'MH-L-5', 'trip_id': '8-0-4', 'agency_name': 'Unknown'}, {'duration': 30, 'departure_time': 5760, 'arrival_time': 5790, 'day': 'current_day', 'from_stop_id': 'MH-L-5', 'to_stop_id': 'MH-L-0', 'trip_id': 'walking', 'agency_name': 'Unknown'}, {'duration': 1500, 'departure_time': 6000, 'arrival_time': 7500, 'day': 'current_day', 'from_stop_id': 'MH-L-0', 'to_stop_id': 'MH-R-0', 'trip_id': '0-0-4', 'agency_name': 'Unknown'}, {'duration': 30, 'departure_time': 7500, 'arrival_time': 7530, 'day': 'current_day', 'from_stop_id': 'MH-R-0', 'to_stop_id': 'MH-R-4', 'trip_id': 'walking', 'agency_name': 'Unknown'}, {'duration': 570, 'departure_time': 7740, 'arrival_time': 8310, 'day': 'current_day', 'from_stop_id': 'MH-R-4', 'to_stop_id': '156-4', 'trip_id': '9-1-7', 'agency_name': 'Unknown'}]}"
48,206,11400,inter,left,378,[48],[206],0,0,0,0,11400,11460.0,14430.0,14490.0,2970.0,4.0,48,206,,,pt,3090.0,14490.0,3090.0,"{'duration': 2970, 'source_transfer_time': 0, 'waiting_time': 90, 'trip_time': 2880, 'num_transfers': 4, 'departure_time': 11460, 'departure_day': 'current_day', 'arrival_time': 14430, 'arrival_day': 'current_day', 'steps': [{'duration': 210, 'departure_time': 11550, 'arrival_time': 11760, 'day': 'current_day', 'from_stop_id': '48-4', 'to_stop_id': 'MH-L-4', 'trip_id': '7-0-14', 'agency_name': 'Unknown'}, {'duration': 30, 'departure_time': 11760, 'arrival_time': 11790, 'day': 'current_day', 'from_stop_id': 'MH-L-4', 'to_stop_id': 'MH-L-0', 'trip_id': 'walking', 'agency_name': 'Unknown'}, {'duration': 1500, 'departure_time': 12000, 'arrival_time': 13500, 'day': 'current_day', 'from_stop_id': 'MH-L-0', 'to_stop_id': 'MH-R-0', 'trip_id': '0-0-14', 'agency_name': 'Unknown'}, {'duration': 30, 'departure_time': 13500, 'arrival_time': 13530, 'day': 'current_day', 'from_stop_id': 'MH-R-0', 'to_stop_id': 'MH-R-5', 'trip_id': 'walking', 'agency_name': 'Unknown'}, {'duration': 690, 'departure_time': 13740, 'arrival_time': 14430, 'day': 'current_day', 'from_stop_id': 'MH-R-5', 'to_stop_id': '206-5', 'trip_id': '10-0-17', 'agency_name': 'Unknown'}]}"
68,166,13500,inter,left,379,[68],[167; 176],0,0,500,375,13500,13560.0,16620.0,16680.0,3060.0,4.0,68,176,,,pt,3555.0,17055.0,3555.0,"{'duration': 3060, 'source_transfer_time': 0, 'waiting_time': 270, 'trip_time': 2790, 'num_transfers': 4, 'departure_time': 13560, 'departure_day': 'current_day', 'arrival_time': 16620, 'arrival_day': 'current_day', 'steps': [{'duration': 330, 'departure_time': 13830, 'arrival_time': 14160, 'day': 'current_day', 'from_stop_id': '68-4', 'to_stop_id': 'MH-L-4', 'trip_id': '7-1-18', 'agency_name': 'Unknown'}, {'duration': 30, 'departure_time': 14160, 'arrival_time': 14190, 'day': 'current_day', 'from_stop_id': 'MH-L-4', 'to_stop_id': 'MH-L-0', 'trip_id': 'walking', 'agency_name': 'Unknown'}, {'duration': 1500, 'departure_time': 14400, 'arrival_time': 15900, 'day': 'current_day', 'from_stop_id': 'MH-L-0', 'to_stop_id': 'MH-R-0', 'trip_id': '0-0-18', 'agency_name': 'Unknown'}, {'duration': 30, 'departure_time': 15900, 'arrival_time': 15930, 'day': 'current_day', 'from_stop_id': 'MH-R-0', 'to_stop_id': 'MH-R-1', 'trip_id': 'walking', 'agency_name': 'Unknown'}, {'duration': 480, 'departure_time': 16140, 'arrival_time': 16620, 'day': 'current_day', 'from_stop_id': 'MH-R-1', 'to_stop_id': '176-1', 'trip_id': '3-1-21', 'agency_name': 'Unknown'}]}"
99,195,12540,inter,left,380,[99],[195],0,0,0,0,12540,12600.0,16410.0,16470.0,3810.0,6.0,99,195,,,pt,3930.0,16470.0,3930.0,"{'duration': 3810, 'source_transfer_time': 0, 'waiting_time': 480, 'trip_time': 3330, 'num_transfers': 6, 'departure_time': 12600, 'departure_day': 'current_day', 'arrival_time': 16410, 'arrival_day': 'current_day', 'steps': [{'duration': 480, 'departure_time': 13080, 'arrival_time': 13560, 'day': 'current_day', 'from_stop_id': '99-2', 'to_stop_id': 'MH-L-2', 'trip_id': '2-0-17', 'agency_name': 'Unknown'}, {'duration': 30, 'departure_time': 13560, 'arrival_time': 13590, 'day': 'current_day', 'from_stop_id': 'MH-L-2', 'to_stop_id': 'MH-L-0', 'trip_id': 'walking', 'agency_name': 'Unknown'}, {'duration': 1500, 'departure_time': 13800, 'arrival_time': 15300, 'day': 'current_day', 'from_stop_id': 'MH-L-0', 'to_stop_id': 'MH-R-0', 'trip_id': '0-0-17', 'agency_name': 'Unknown'}, {'duration': 30, 'departure_time': 15300, 'arrival_time': 15330, 'day': 'current_day', 'from_stop_id': 'MH-R-0', 'to_stop_id': 'MH-R-1', 'trip_id': 'walking', 'agency_name': 'Unknown'}, {'duration': 330, 'departure_time': 15540, 'arrival_time': 15870, 'day': 'current_day', 'from_stop_id': 'MH-R-1', 'to_stop_id': '177-1', 'trip_id': '3-1-20', 'agency_name': 'Unknown'}, {'duration': 30, 'departure_time': 15870, 'arrival_time': 15900, 'day': 'current_day', 'from_stop_id': '177-1', 'to_stop_id': '177-3', 'trip_id': 'walking', 'agency_name': 'Unknown'}, {'duration': 210, 'departure_time': 16200, 'arrival_time': 16410, 'day': 'current_day', 'from_stop_id': '177-3', 'to_stop_id': '195-3', 'trip_id': '6-1-22', 'agency_name': 'Unknown'}]}"
18,140,5430,inter,left,381,[19; 29],[140],500,375,0,0,5805,5865.0,9750.0,9810.0,3885.0,4.0,19,140,,,pt,4380.0,9810.0,4380.0,"{'duration': 3885, 'source_transfer_time': 0, 'waiting_time': 285, 'trip_time': 3600, 'num_transfers': 4, 'departure_time': 5865, 'departure_day': 'current_day', 'arrival_time': 9750, 'arrival_day': 'current_day', 'steps': [{'duration': 810, 'departure_time': 6150, 'arrival_time': 6960, 'day': 'current_day', 'from_stop_id': '19-5', 'to_stop_id': 'MH-L-5', 'trip_id': '8-0-6', 'agency_name': 'Unknown'}, {'duration': 30, 'departure_time': 6960, 'arrival_time': 6990, 'day': 'current_day', 'from_stop_id': 'MH-L-5', 'to_stop_id': 'MH-L-0', 'trip_id': 'walking', 'agency_name': 'Unknown'}, {'duration': 1500, 'departure_time': 7200, 'arrival_time': 8700, 'day': 'current_day', 'from_stop_id': 'MH-L-0', 'to_stop_id': 'MH-R-0', 'trip_id': '0-0-6', 'agency_name': 'Unknown'}, {'duration': 30, 'departure_time': 8700, 'arrival_time': 8730, 'day': 'current_day', 'from_stop_id': 'MH-R-0', 'to_stop_id': 'MH-R-5', 'trip_id': 'walking', 'agency_name': 'Unknown'}, {'duration': 810, 'departure_time': 8940, 'arrival_time': 9750, 'day': 'current_day', 'from_stop_id': 'MH-R-5', 'to_stop_id': '140-5', 'trip_id': '10-1-9', 'agency_name': 'Unknown'}]}"
102,207,10200,inter,left,382,[91; 103],[207],500,375,0,0,10575,10635.0,14310.0,14370.0,3675.0,4.0,91,207,,,pt,4170.0,14370.0,4170.0,"{'duration': 3675, 'source_transfer_time': 0, 'waiting_time': 435, 'trip_time': 3240, 'num_transfers': 4, 'departure_time': 10635, 'departure_day': 'current_day', 'arrival_time': 14310, 'arrival_day': 'current_day', 'steps': [{'duration': 690, 'departure_time': 11070, 'arrival_time': 11760, 'day': 'current_day', 'from_stop_id': '91-4', 'to_stop_id': 'MH-L-4', 'trip_id': '7-1-14', 'agency_name': 'Unknown'}, {'duration': 30, 'departure_time': 11760, 'arrival_time': 11790, 'day': 'current_day', 'from_stop_id': 'MH-L-4', 'to_stop_id': 'MH-L-0', 'trip_id': 'walking', 'agency_name': 'Unknown'}, {'duration': 1500, 'departure_time': 12000, 'arrival_time': 13500, 'day': 'current_day', 'from_stop_id': 'MH-L-0', 'to_stop_id': 'MH-R-0', 'trip_id': '0-0-14', 'agency_name': 'Unknown'}, {'duration': 30, 'departure_time': 13500, 'arrival_time': 13530, 'day': 'current_day', 'from_stop_id': 'MH-R-0', 'to_stop_id': 'MH-R-5', 'trip_id': 'walking', 'agency_name': 'Unknown'}, {'duration': 570, 'departure_time': 13740, 'arrival_time': 14310, 'day': 'current_day', 'from_stop_id': 'MH-R-5', 'to_stop_id': '207-5', 'trip_id': '10-0-17', 'agency_name': 'Unknown'}]}"
95,148,13200,inter,left,383,[95],[148],0,0,0,0,13200,13260.0,17070.0,17130.0,3810.0,4.0,95,148,,,pt,3930.0,17130.0,3930.0,"{'duration': 3810, 'source_transfer_time': 0, 'waiting_time': 570, 'trip_time': 3240, 'num_transfers': 4, 'departure_time': 13260, 'departure_day': 'current_day', 'arrival_time': 17070, 'arrival_day': 'current_day', 'steps': [{'duration': 930, 'departure_time': 13830, 'arrival_time': 14760, 'day': 'current_day', 'from_stop_id': '95-5', 'to_stop_id': 'MH-L-5', 'trip_id': '8-1-19', 'agency_name': 'Unknown'}, {'duration': 30, 'departure_time': 14760, 'arrival_time': 14790, 'day': 'current_day', 'from_stop_id': 'MH-L-5', 'to_stop_id': 'MH-L-0', 'trip_id': 'walking', 'agency_name': 'Unknown'}, {'duration': 1500, 'departure_time': 15000, 'arrival_time': 16500, 'day': 'current_day', 'from_stop_id': 'MH-L-0', 'to_stop_id': 'MH-R-0', 'trip_id': '0-0-19', 'agency_name': 'Unknown'}, {'duration': 30, 'departure_time': 16500, 'arrival_time': 16530, 'day': 'current_day', 'from_stop_id': 'MH-R-0', 'to_stop_id': 'MH-R-2', 'trip_id': 'walking', 'agency_name': 'Unknown'}, {'duration': 330, 'departure_time': 16740, 'arrival_time': 17070, 'day': 'current_day', 'from_stop_id': 'MH-R-2', 'to_stop_id': '148-2', 'trip_id': '4-0-22', 'agency_name': 'Unknown'}]}"
27,121,9150,inter,left,384,[27],[121],0,0,0,0,9150,9210.0,13110.0,13170.0,3900.0,4.0,27,121,,,pt,4020.0,13170.0,4020.0,"{'duration': 3900, 'source_transfer_time': 0, 'waiting_time': 420, 'trip_time': 3480, 'num_transfers': 4, 'departure_time': 9210, 'departure_day': 'current_day', 'arrival_time': 13110, 'arrival_day': 'current_day', 'steps': [{'duration': 330, 'departure_time': 9630, 'arrival_time': 9960, 'day': 'current_day', 'from_stop_id': '27-2', 'to_stop_id': 'MH-L-2', 'trip_id': '2-1-11', 'agency_name': 'Unknown'}, {'duration': 30, 'departure_time': 9960, 'arrival_time': 9990, 'day': 'current_day', 'from_stop_id': 'MH-L-2', 'to_stop_id': 'MH-L-0', 'trip_id': 'walking', 'agency_name': 'Unknown'}, {'duration': 1500, 'departure_time': 10200, 'arrival_time': 11700, 'day': 'current_day', 'from_stop_id': 'MH-L-0', 'to_stop_id': 'MH-R-0', 'trip_id': '0-0-11', 'agency_name': 'Unknown'}, {'duration': 30, 'departure_time': 11700, 'arrival_time': 11730, 'day': 'current_day', 'from_stop_id': 'MH-R-0', 'to_stop_id': 'MH-R-4', 'trip_id': 'walking', 'agency_name': 'Unknown'}, {'duration': 1170, 'departure_time': 11940, 'arrival_time': 13110, 'day': 'current_day', 'from_stop_id': 'MH-R-4', 'to_stop_id': '121-4', 'trip_id': '9-1-14', 'agency_name': 'Unknown'}]}"
42,162,9540,inter,left,385,[41],[162],500,375,0,0,9915,9975.0,13710.0,13770.0,3735.0,8.0,41,162,,,pt,4230.0,13770.0,4230.0,"{'duration': 3735, 'source_transfer_time': 0, 'waiting_time': 165, 'trip_time': 3570, 'num_transfers': 8, 'departure_time': 9975, 'departure_day': 'current_day', 'arrival_time': 13710, 'arrival_day': 'current_day', 'steps': [{'duration': 210, 'departure_time': 10140, 'arrival_time': 10350, 'day': 'current_day', 'from_stop_id': '41-3', 'to_stop_id': '29-3', 'trip_id': '5-1-9', 'agency_name': 'Unknown'}, {'duration': 30, 'departure_time': 10350, 'arrival_time': 10380, 'day': 'current_day', 'from_stop_id': '29-3', 'to_stop_id': '29-5', 'trip_id': 'walking', 'agency_name': 'Unknown'}, {'duration': 570, 'departure_time': 10590, 'arrival_time': 11160, 'day': 'current_day', 'from_stop_id': '29-5', 'to_stop_id': 'MH-L-5', 'trip_id': '8-0-13', 'agency_name': 'Unknown'}, {'duration': 30, 'departure_time': 11160, 'arrival_time': 11190, 'day': 'current_day', 'from_stop_id': 'MH-L-5', 'to_stop_id': 'MH-L-0', 'trip_id': 'walking', 'agency_name': 'Unknown'}, {'duration': 1500, 'departure_time': 11400, 'arrival_time': 12900, 'day': 'current_day', 'from_stop_id': 'MH-L-0', 'to_stop_id': 'MH-R-0', 'trip_id': '0-0-13', 'agency_name': 'Unknown'}, {'duration': 30, 'departure_time': 12900, 'arrival_time': 12930, 'day': 'current_day', 'from_stop_id': 'MH-R-0', 'to_stop_id': 'MH-R-1', 'trip_id': 'walking', 'agency_name': 'Unknown'}, {'duration': 330, 'departure_time': 13140, 'arrival_time': 13470, 'day': 'current_day', 'from_stop_id': 'MH-R-1', 'to_stop_id': '180-1', 'trip_id': '3-0-16', 'agency_name': 'Unknown'}, {'duration': 30, 'departure_time': 13470, 'arrival_time': 13500, 'day': 'current_day', 'from_stop_id': '180-1', 'to_stop_id': '180-3', 'trip_id': 'walking', 'agency_name': 'Unknown'}, {'duration': 210, 'departure_time': 13500, 'arrival_time': 13710, 'day': 'current_day', 'from_stop_id': '180-3', 'to_stop_id': '162-3', 'trip_id': '6-1-15', 'agency_name': 'Unknown'}]}"
69,148,8820,inter,left,386,[69],[148],0,0,0,0,8820,8880.0,12270.0,12330.0,3390.0,6.0,69,148,,,pt,3510.0,12330.0,3510.0,"{'duration': 3390, 'source_transfer_time': 0, 'waiting_time': 270, 'trip_time': 3120, 'num_transfers': 6, 'departure_time': 8880, 'departure_day': 'current_day', 'arrival_time': 12270, 'arrival_day': 'current_day', 'steps': [{'duration': 90, 'departure_time': 9150, 'arrival_time': 9240, 'day': 'current_day', 'from_stop_id': '69-3', 'to_stop_id': '59-3', 'trip_id': '5-1-8', 'agency_name': 'Unknown'}, {'duration': 30, 'departure_time': 9240, 'arrival_time': 9270, 'day': 'current_day', 'from_stop_id': '59-3', 'to_stop_id': '59-1', 'trip_id': 'walking', 'agency_name': 'Unknown'}, {'duration': 330, 'departure_time': 9630, 'arrival_time': 9960, 'day': 'current_day', 'from_stop_id': '59-1', 'to_stop_id': 'MH-L-1', 'trip_id': '1-1-11', 'agency_name': 'Unknown'}, {'duration': 30, 'departure_time': 9960, 'arrival_time': 9990, 'day': 'current_day', 'from_stop_id': 'MH-L-1', 'to_stop_id': 'MH-L-0', 'trip_id': 'walking', 'agency_name': 'Unknown'}, {'duration': 1500, 'departure_time': 10200, 'arrival_time': 11700, 'day': 'current_day', 'from_stop_id': 'MH-L-0', 'to_stop_id': 'MH-R-0', 'trip_id': '0-0-11', 'agency_name': 'Unknown'}, {'duration': 30, 'departure_time': 11700, 'arrival_time': 11730, 'day': 'current_day', 'from_stop_id': 'MH-R-0', 'to_stop_id': 'MH-R-2', 'trip_id': 'walking', 'agency_name': 'Unknown'}, {'duration': 330, 'departure_time': 11940, 'arrival_time': 12270, 'day': 'current_day', 'from_stop_id': 'MH-R-2', 'to_stop_id': '148-2', 'trip_id': '4-0-14', 'agency_name': 'Unknown'}]}"
97,126,5910,inter,left,387,[86; 96],[126],500,375,0,0,6285,6345.0,9540.0,9600.0,3195.0,4.0,86,126,,,pt,3690.0,9600.0,3690.0,"{'duration': 3195, 'source_transfer_time': 0, 'waiting_time': 45, 'trip_time': 3150, 'num_transfers': 4, 'departure_time': 6345, 'departure_day': 'current_day', 'arrival_time': 9540, 'arrival_day': 'current_day', 'steps': [{'duration': 570, 'departure_time': 6390, 'arrival_time': 6960, 'day': 'current_day', 'from_stop_id': '86-5', 'to_stop_id': 'MH-L-5', 'trip_id': '8-1-6', 'agency_name': 'Unknown'}, {'duration': 30, 'departure_time': 6960, 'arrival_time': 6990, 'day': 'current_day', 'from_stop_id': 'MH-L-5', 'to_stop_id': 'MH-L-0', 'trip_id': 'walking', 'agency_name': 'Unknown'}, {'duration': 1500, 'departure_time': 7200, 'arrival_time': 8700, 'day': 'current_day', 'from_stop_id': 'MH-L-0', 'to_stop_id': 'MH-R-0', 'trip_id': '0-0-6', 'agency_name': 'Unknown'}, {'duration': 30, 'departure_time': 8700, 'arrival_time': 8730, 'day': 'current_day', 'from_stop_id': 'MH-R-0', 'to_stop_id': 'MH-R-2', 'trip_id': 'walking', 'agency_name': 'Unknown'}, {'duration': 600, 'departure_time': 8940, 'arrival_time': 9540, 'day': 'current_day', 'from_stop_id': 'MH-R-2', 'to_stop_id': '126-2', 'trip_id': '4-0-9', 'agency_name': 'Unknown'}]}"
31,149,10140,inter,left,388,[20; 30],[149],500,375,0,0,10515,10575.0,14640.0,14700.0,4065.0,6.0,20,149,,,pt,4560.0,14700.0,4560.0,"{'duration': 4065, 'source_transfer_time': 0, 'waiting_time': 255, 'trip_time': 3810, 'num_transfers': 6, 'departure_time': 10575, 'departure_day': 'current_day', 'arrival_time': 14640, 'arrival_day': 'current_day', 'steps': [{'duration': 930, 'departure_time': 10830, 'arrival_time': 11760, 'day': 'current_day', 'from_stop_id': '20-5', 'to_stop_id': 'MH-L-5', 'trip_id': '8-0-14', 'agency_name': 'Unknown'}, {'duration': 30, 'departure_time': 11760, 'arrival_time': 11790, 'day': 'current_day', 'from_stop_id': 'MH-L-5', 'to_stop_id': 'MH-L-0', 'trip_id': 'walking', 'agency_name': 'Unknown'}, {'duration': 1500, 'departure_time': 12000, 'arrival_time': 13500, 'day': 'current_day', 'from_stop_id': 'MH-L-0', 'to_stop_id': 'MH-R-0', 'trip_id': '0-0-14', 'agency_name': 'Unknown'}, {'duration': 30, 'departure_time': 13500, 'arrival_time': 13530, 'day': 'current_day', 'from_stop_id': 'MH-R-0', 'to_stop_id': 'MH-R-2', 'trip_id': 'walking', 'agency_name': 'Unknown'}, {'duration': 330, 'departure_time': 13740, 'arrival_time': 14070, 'day': 'current_day', 'from_stop_id': 'MH-R-2', 'to_stop_id': '148-2', 'trip_id': '4-0-17', 'agency_name': 'Unknown'}, {'duration': 30, 'departure_time': 14070, 'arrival_time': 14100, 'day': 'current_day', 'from_stop_id': '148-2', 'to_stop_id': '148-3', 'trip_id': 'walking', 'agency_name': 'Unknown'}, {'duration': 90, 'departure_time': 14550, 'arrival_time': 14640, 'day': 'current_day', 'from_stop_id': '148-3', 'to_stop_id': '149-3', 'trip_id': '6-0-18', 'agency_name': 'Unknown'}]}"
111,147,6300,inter,left,389,[110],[147],500,375,0,0,6675,6735.0,10140.0,10200.0,3405.0,6.0,110,147,,,pt,3900.0,10200.0,3900.0,"{'duration': 3405, 'source_transfer_time': 0, 'waiting_time': 225, 'trip_time': 3180, 'num_transfers': 6, 'departure_time': 6735, 'departure_day': 'current_day', 'arrival_time': 10140, 'arrival_day': 'current_day', 'steps': [{'duration': 600, 'departure_time': 6960, 'arrival_time': 7560, 'day': 'current_day', 'from_stop_id': '110-2', 'to_stop_id': 'MH-L-2', 'trip_id': '2-0-7', 'agency_name': 'Unknown'}, {'duration': 30, 'departure_time': 7560, 'arrival_time': 7590, 'day': 'current_day', 'from_stop_id': 'MH-L-2', 'to_stop_id': 'MH-L-0', 'trip_id': 'walking', 'agency_name': 'Unknown'}, {'duration': 1500, 'departure_time': 7800, 'arrival_time': 9300, 'day': 'current_day', 'from_stop_id': 'MH-L-0', 'to_stop_id': 'MH-R-0', 'trip_id': '0-0-7', 'agency_name': 'Unknown'}, {'duration': 30, 'departure_time': 9300, 'arrival_time': 9330, 'day': 'current_day', 'from_stop_id': 'MH-R-0', 'to_stop_id': 'MH-R-2', 'trip_id': 'walking', 'agency_name': 'Unknown'}, {'duration': 330, 'departure_time': 9540, 'arrival_time': 9870, 'day': 'current_day', 'from_stop_id': 'MH-R-2', 'to_stop_id': '148-2', 'trip_id': '4-0-10', 'agency_name': 'Unknown'}, {'duration': 30, 'departure_time': 9870, 'arrival_time': 9900, 'day': 'current_day', 'from_stop_id': '148-2', 'to_stop_id': '148-3', 'trip_id': 'walking', 'agency_name': 'Unknown'}, {'duration': 90, 'departure_time': 10050, 'arrival_time': 10140, 'day': 'current_day', 'from_stop_id': '148-3', 'to_stop_id': '147-3', 'trip_id': '6-1-8', 'agency_name': 'Unknown'}]}"
93,228,10770,inter,left,390,[92; 104],[217; 227],500,375,500,375,11145,11205.0,15150.0,15210.0,3945.0,4.0,92,217,,,pt,4815.0,15585.0,4815.0,"{'duration': 3945, 'source_transfer_time': 0, 'waiting_time': 345, 'trip_time': 3600, 'num_transfers': 4, 'departure_time': 11205, 'departure_day': 'current_day', 'arrival_time': 15150, 'arrival_day': 'current_day', 'steps': [{'duration': 810, 'departure_time': 11550, 'arrival_time': 12360, 'day': 'current_day', 'from_stop_id': '92-4', 'to_stop_id': 'MH-L-4', 'trip_id': '7-1-15', 'agency_name': 'Unknown'}, {'duration': 30, 'departure_time': 12360, 'arrival_time': 12390, 'day': 'current_day', 'from_stop_id': 'MH-L-4', 'to_stop_id': 'MH-L-0', 'trip_id': 'walking', 'agency_name': 'Unknown'}, {'duration': 1500, 'departure_time': 12600, 'arrival_time': 14100, 'day': 'current_day', 'from_stop_id': 'MH-L-0', 'to_stop_id': 'MH-R-0', 'trip_id': '0-0-15', 'agency_name': 'Unknown'}, {'duration': 30, 'departure_time': 14100, 'arrival_time': 14130, 'day': 'current_day', 'from_stop_id': 'MH-R-0', 'to_stop_id': 'MH-R-5', 'trip_id': 'walking', 'agency_name': 'Unknown'}, {'duration': 810, 'departure_time': 14340, 'arrival_time': 15150, 'day': 'current_day', 'from_stop_id': 'MH-R-5', 'to_stop_id': '217-5', 'trip_id': '10-0-18', 'agency_name': 'Unknown'}]}"
9,123,12840,inter,left,391,[9],[121; 133; 145],0,0,1000,751,12840,12900.0,16830.0,16890.0,3930.0,4.0,9,145,,,pt,4801.0,17641.0,4801.0,"{'duration': 3930, 'source_transfer_time': 0, 'waiting_time': 210, 'trip_time': 3720, 'num_transfers': 4, 'departure_time': 12900, 'departure_day': 'current_day', 'arrival_time': 16830, 'arrival_day': 'current_day', 'steps': [{'duration': 1050, 'departure_time': 13110, 'arrival_time': 14160, 'day': 'current_day', 'from_stop_id': '9-5', 'to_stop_id': 'MH-L-5', 'trip_id': '8-0-18', 'agency_name': 'Unknown'}, {'duration': 30, 'departure_time': 14160, 'arrival_time': 14190, 'day': 'current_day', 'from_stop_id': 'MH-L-5', 'to_stop_id': 'MH-L-0', 'trip_id': 'walking', 'agency_name': 'Unknown'}, {'duration': 1500, 'departure_time': 14400, 'arrival_time': 15900, 'day': 'current_day', 'from_stop_id': 'MH-L-0', 'to_stop_id': 'MH-R-0', 'trip_id': '0-0-18', 'agency_name': 'Unknown'}, {'duration': 30, 'departure_time': 15900, 'arrival_time': 15930, 'day': 'current_day', 'from_stop_id': 'MH-R-0', 'to_stop_id': 'MH-R-4', 'trip_id': 'walking', 'agency_name': 'Unknown'}, {'duration': 690, 'departure_time': 16140, 'arrival_time': 16830, 'day': 'current_day', 'from_stop_id': 'MH-R-4', 'to_stop_id': '145-4', 'trip_id': '9-1-21', 'agency_name': 'Unknown'}]}"
22,195,12420,inter,left,392,[11; 23],[195],500,375,0,0,12795,12855.0,17010.0,17070.0,4155.0,6.0,11,195,,,pt,4650.0,17070.0,4650.0,"{'duration': 4155, 'source_transfer_time': 0, 'waiting_time': 255, 'trip_time': 3900, 'num_transfers': 6, 'departure_time': 12855, 'departure_day': 'current_day', 'arrival_time': 17010, 'arrival_day': 'current_day', 'steps': [{'duration': 1050, 'departure_time': 13110, 'arrival_time': 14160, 'day': 'current_day', 'from_stop_id': '11-4', 'to_stop_id': 'MH-L-4', 'trip_id': '7-0-18', 'agency_name': 'Unknown'}, {'duration': 30, 'departure_time': 14160, 'arrival_time': 14190, 'day': 'current_day', 'from_stop_id': 'MH-L-4', 'to_stop_id': 'MH-L-0', 'trip_id': 'walking', 'agency_name': 'Unknown'}, {'duration': 1500, 'departure_time': 14400, 'arrival_time': 15900, 'day': 'current_day', 'from_stop_id': 'MH-L-0', 'to_stop_id': 'MH-R-0', 'trip_id': '0-0-18', 'agency_name': 'Unknown'}, {'duration': 30, 'departure_time': 15900, 'arrival_time': 15930, 'day': 'current_day', 'from_stop_id': 'MH-R-0', 'to_stop_id': 'MH-R-1', 'trip_id': 'walking', 'agency_name': 'Unknown'}, {'duration': 330, 'departure_time': 16140, 'arrival_time': 16470, 'day': 'current_day', 'from_stop_id': 'MH-R-1', 'to_stop_id': '177-1', 'trip_id': '3-1-21', 'agency_name': 'Unknown'}, {'duration': 30, 'departure_time': 16470, 'arrival_time': 16500, 'day': 'current_day', 'from_stop_id': '177-1', 'to_stop_id': '177-3', 'trip_id': 'walking', 'agency_name': 'Unknown'}, {'duration': 210, 'departure_time': 16800, 'arrival_time': 17010, 'day': 'current_day', 'from_stop_id': '177-3', 'to_stop_id': '195-3', 'trip_id': '6-1-23', 'agency_name': 'Unknown'}]}"
26,214,13860,inter,left,393,[26],[213; 225],0,0,500,375,13860,13920.0,18150.0,18210.0,4230.0,6.0,26,213,,,pt,4725.0,18585.0,4725.0,"{'duration': 4230, 'source_transfer_time': 0, 'waiting_time': 480, 'trip_time': 3750, 'num_transfers': 6, 'departure_time': 13920, 'departure_day': 'current_day', 'arrival_time': 18150, 'arrival_day': 'current_day', 'steps': [{'duration': 360, 'departure_time': 14400, 'arrival_time': 14760, 'day': 'current_day', 'from_stop_id': '26-3', 'to_stop_id': '29-3', 'trip_id': '5-0-18', 'agency_name': 'Unknown'}, {'duration': 30, 'departure_time': 14760, 'arrival_time': 14790, 'day': 'current_day', 'from_stop_id': '29-3', 'to_stop_id': '29-5', 'trip_id': 'walking', 'agency_name': 'Unknown'}, {'duration': 570, 'departure_time': 14790, 'arrival_time': 15360, 'day': 'current_day', 'from_stop_id': '29-5', 'to_stop_id': 'MH-L-5', 'trip_id': '8-0-20', 'agency_name': 'Unknown'}, {'duration': 30, 'departure_time': 15360, 'arrival_time': 15390, 'day': 'current_day', 'from_stop_id': 'MH-L-5', 'to_stop_id': 'MH-L-0', 'trip_id': 'walking', 'agency_name': 'Unknown'}, {'duration': 1500, 'departure_time': 15600, 'arrival_time': 17100, 'day': 'current_day', 'from_stop_id': 'MH-L-0', 'to_stop_id': 'MH-R-0', 'trip_id': '0-0-20', 'agency_name': 'Unknown'}, {'duration': 30, 'departure_time': 17100, 'arrival_time': 17130, 'day': 'current_day', 'from_stop_id': 'MH-R-0', 'to_stop_id': 'MH-R-4', 'trip_id': 'walking', 'agency_name': 'Unknown'}, {'duration': 810, 'departure_time': 17340, 'arrival_time': 18150, 'day': 'current_day', 'from_stop_id': 'MH-R-4', 'to_stop_id': '213-4', 'trip_id': '9-0-23', 'agency_name': 'Unknown'}]}"
100,199,3690,inter,left,394,[89; 99],[188; 198; 200; 210],500,375,500,375,4065,4125.0,7350.0,7410.0,3225.0,6.0,89,188,,,pt,4095.0,7785.0,4095.0,"{'duration': 3225, 'source_transfer_time': 0, 'waiting_time': 375, 'trip_time': 2850, 'num_transfers': 6, 'departure_time': 4125, 'departure_day': 'current_day', 'arrival_time': 7350, 'arrival_day': 'current_day', 'steps': [{'duration': 90, 'departure_time': 4500, 'arrival_time': 4590, 'day': 'current_day', 'from_stop_id': '89-3', 'to_stop_id': '88-3', 'trip_id': '5-0-43', 'agency_name': 'Unknown'}, {'duration': 30, 'departure_time': 4590, 'arrival_time': 4620, 'day': 'current_day', 'from_stop_id': '88-3', 'to_stop_id': '88-2', 'trip_id': 'walking', 'agency_name': 'Unknown'}, {'duration': 330, 'departure_time': 4830, 'arrival_time': 5160, 'day': 'current_day', 'from_stop_id': '88-2', 'to_stop_id': 'MH-L-2', 'trip_id': '2-0-3', 'agency_name': 'Unknown'}, {'duration': 30, 'departure_time': 5160, 'arrival_time': 5190, 'day': 'current_day', 'from_stop_id': 'MH-L-2', 'to_stop_id': 'MH-L-0', 'trip_id': 'walking', 'agency_name': 'Unknown'}, {'duration': 1500, 'departure_time': 5400, 'arrival_time': 6900, 'day': 'current_day', 'from_stop_id': 'MH-L-0', 'to_stop_id': 'MH-R-0', 'trip_id': '0-0-3', 'agency_name': 'Unknown'}, {'duration': 30, 'departure_time': 6900, 'arrival_time': 6930, 'day': 'current_day', 'from_stop_id': 'MH-R-0', 'to_stop_id': 'MH-R-4', 'trip_id': 'walking', 'agency_name': 'Unknown'}, {'duration': 210, 'departure_time': 7140, 'arrival_time': 7350, 'day': 'current_day', 'from_stop_id': 'MH-R-4', 'to_stop_id': '188-4', 'trip_id': '9-0-6', 'agency_name': 'Unknown'}]}"
36,124,3690,inter,left,395,[36],[126; 146],0,0,1000,751,3690,3750.0,7140.0,7200.0,3390.0,4.0,36,126,,,pt,4261.0,7951.0,4261.0,"{'duration': 3390, 'source_transfer_time': 0, 'waiting_time': 360, 'trip_time': 3030, 'num_transfers': 4, 'departure_time': 3750, 'departure_day': 'current_day', 'arrival_time': 7140, 'arrival_day': 'current_day', 'steps': [{'duration': 450, 'departure_time': 4110, 'arrival_time': 4560, 'day': 'current_day', 'from_stop_id': '36-4', 'to_stop_id': 'MH-L-4', 'trip_id': '7-0-2', 'agency_name': 'Unknown'}, {'duration': 30, 'departure_time': 4560, 'arrival_time': 4590, 'day': 'current_day', 'from_stop_id': 'MH-L-4', 'to_stop_id': 'MH-L-0', 'trip_id': 'walking', 'agency_name': 'Unknown'}, {'duration': 1500, 'departure_time': 4800, 'arrival_time': 6300, 'day': 'current_day', 'from_stop_id': 'MH-L-0', 'to_stop_id': 'MH-R-0', 'trip_id': '0-0-2', 'agency_name': 'Unknown'}, {'duration': 30, 'departure_time': 6300, 'arrival_time': 6330, 'day': 'current_day', 'from_stop_id': 'MH-R-0', 'to_stop_id': 'MH-R-2', 'trip_id': 'walking', 'agency_name': 'Unknown'}, {'duration': 600, 'departure_time': 6540, 'arrival_time': 7140, 'day': 'current_day', 'from_stop_id': 'MH-R-2', 'to_stop_id': '126-2', 'trip_id': '4-0-5', 'agency_name': 'Unknown'}]}"
105,130,6210,inter,left,396,[105],[130],0,0,0,0,6210,6270.0,10590.0,10650.0,4320.0,4.0,105,130,,,pt,4440.0,10650.0,4440.0,"{'duration': 4320, 'source_transfer_time': 0, 'waiting_time': 120, 'trip_time': 4200, 'num_transfers': 4, 'departure_time': 6270, 'departure_day': 'current_day', 'arrival_time': 10590, 'arrival_day': 'current_day', 'steps': [{'duration': 1170, 'departure_time': 6390, 'arrival_time': 7560, 'day': 'current_day', 'from_stop_id': '105-5', 'to_stop_id': 'MH-L-5', 'trip_id': '8-1-7', 'agency_name': 'Unknown'}, {'duration': 30, 'departure_time': 7560, 'arrival_time': 7590, 'day': 'current_day', 'from_stop_id': 'MH-L-5', 'to_stop_id': 'MH-L-0', 'trip_id': 'walking', 'agency_name': 'Unknown'}, {'duration': 1500, 'departure_time': 7800, 'arrival_time': 9300, 'day': 'current_day', 'from_stop_id': 'MH-L-0', 'to_stop_id': 'MH-R-0', 'trip_id': '0-0-7', 'agency_name': 'Unknown'}, {'duration': 30, 'departure_time': 9300, 'arrival_time': 9330, 'day': 'current_day', 'from_stop_id': 'MH-R-0', 'to_stop_id': 'MH-R-5', 'trip_id': 'walking', 'agency_name': 'Unknown'}, {'duration': 1050, 'departure_time': 9540, 'arrival_time': 10590, 'day': 'current_day', 'from_stop_id': 'MH-R-5', 'to_stop_id': '130-5', 'trip_id': '10-1-10', 'agency_name': 'Unknown'}]}"
115,159,13170,inter,left,397,[115],[159],0,0,0,0,13170,13230.0,16950.0,17010.0,3720.0,4.0,115,159,,,pt,3840.0,17010.0,3840.0,"{'duration': 3720, 'source_transfer_time': 0, 'waiting_time': 360, 'trip_time': 3360, 'num_transfers': 4, 'departure_time': 13230, 'departure_day': 'current_day', 'arrival_time': 16950, 'arrival_day': 'current_day', 'steps': [{'duration': 1170, 'departure_time': 13590, 'arrival_time': 14760, 'day': 'current_day', 'from_stop_id': '115-4', 'to_stop_id': 'MH-L-4', 'trip_id': '7-1-19', 'agency_name': 'Unknown'}, {'duration': 30, 'departure_time': 14760, 'arrival_time': 14790, 'day': 'current_day', 'from_stop_id': 'MH-L-4', 'to_stop_id': 'MH-L-0', 'trip_id': 'walking', 'agency_name': 'Unknown'}, {'duration': 1500, 'departure_time': 15000, 'arrival_time': 16500, 'day': 'current_day', 'from_stop_id': 'MH-L-0', 'to_stop_id': 'MH-R-0', 'trip_id': '0-0-19', 'agency_name': 'Unknown'}, {'duration': 30, 'departure_time': 16500, 'arrival_time': 16530, 'day': 'current_day', 'from_stop_id': 'MH-R-0', 'to_stop_id': 'MH-R-2', 'trip_id': 'walking', 'agency_name': 'Unknown'}, {'duration': 210, 'departure_time': 16740, 'arrival_time': 16950, 'day': 'current_day', 'from_stop_id': 'MH-R-2', 'to_stop_id': '159-2', 'trip_id': '4-0-22', 'agency_name': 'Unknown'}]}"
70,142,4200,inter,left,398,[60; 69],[131; 141],500,375,500,375,4575,4635.0,8070.0,8130.0,3435.0,4.0,60,141,,,pt,4305.0,8505.0,4305.0,"{'duration': 3435, 'source_transfer_time': 0, 'waiting_time': 45, 'trip_time': 3390, 'num_transfers': 4, 'departure_time': 4635, 'departure_day': 'current_day', 'arrival_time': 8070, 'arrival_day': 'current_day', 'steps': [{'duration': 480, 'departure_time': 4680, 'arrival_time': 5160, 'day': 'current_day', 'from_stop_id': '60-1', 'to_stop_id': 'MH-L-1', 'trip_id': '1-1-3', 'agency_name': 'Unknown'}, {'duration': 30, 'departure_time': 5160, 'arrival_time': 5190, 'day': 'current_day', 'from_stop_id': 'MH-L-1', 'to_stop_id': 'MH-L-0', 'trip_id': 'walking', 'agency_name': 'Unknown'}, {'duration': 1500, 'departure_time': 5400, 'arrival_time': 6900, 'day': 'current_day', 'from_stop_id': 'MH-L-0', 'to_stop_id': 'MH-R-0', 'trip_id': '0-0-3', 'agency_name': 'Unknown'}, {'duration': 30, 'departure_time': 6900, 'arrival_time': 6930, 'day': 'current_day', 'from_stop_id': 'MH-R-0', 'to_stop_id': 'MH-R-5', 'trip_id': 'walking', 'agency_name': 'Unknown'}, {'duration': 930, 'departure_time': 7140, 'arrival_time': 8070, 'day': 'current_day', 'from_stop_id': 'MH-R-5', 'to_stop_id': '141-5', 'trip_id': '10-1-6', 'agency_name': 'Unknown'}]}"
85,165,11160,inter,left,399,[85],[175],0,0,500,375,11160,11220.0,14940.0,15000.0,3720.0,4.0,85,175,,,pt,4215.0,15375.0,4215.0,"{'duration': 3720, 'source_transfer_time': 0, 'waiting_time': 450, 'trip_time': 3270, 'num_transfers': 4, 'departure_time': 11220, 'departure_day': 'current_day', 'arrival_time': 14940, 'arrival_day': 'current_day', 'steps': [{'duration': 690, 'departure_time': 11670, 'arrival_time': 12360, 'day': 'current_day', 'from_stop_id': '85-5', 'to_stop_id': 'MH-L-5', 'trip_id': '8-1-15', 'agency_name': 'Unknown'}, {'duration': 30, 'departure_time': 12360, 'arrival_time': 12390, 'day': 'current_day', 'from_stop_id': 'MH-L-5', 'to_stop_id': 'MH-L-0', 'trip_id': 'walking', 'agency_name': 'Unknown'}, {'duration': 1500, 'departure_time': 12600, 'arrival_time': 14100, 'day': 'current_day', 'from_stop_id': 'MH-L-0', 'to_stop_id': 'MH-R-0', 'trip_id': '0-0-15', 'agency_name': 'Unknown'}, {'duration': 30, 'departure_time': 14100, 'arrival_time': 14130, 'day': 'current_day', 'from_stop_id': 'MH-R-0', 'to_stop_id': 'MH-R-1', 'trip_id': 'walking', 'agency_name': 'Unknown'}, {'duration': 600, 'departure_time': 14340, 'arrival_time': 14940, 'day': 'current_day', 'from_stop_id': 'MH-R-1', 'to_stop_id': '175-1', 'trip_id': '3-1-18', 'agency_name': 'Unknown'}]}"
195,236,10050,intra,right,400,[195],[236],0,0,0,0,10050,10110.0,11910.0,11970.0,1800.0,2.0,195,236,4135.0,14185.0,pt,1920.0,11970.0,1920.0,"{'duration': 1800, 'source_transfer_time': 0, 'waiting_time': 330, 'trip_time': 1470, 'num_transfers': 2, 'departure_time': 10110, 'departure_day': 'current_day', 'arrival_time': 11910, 'arrival_day': 'current_day', 'steps': [{'duration': 840, 'departure_time': 10440, 'arrival_time': 11280, 'day': 'current_day', 'from_stop_id': '195-3', 'to_stop_id': '212-3', 'trip_id': '6-1-12', 'agency_name': 'Unknown'}, {'duration': 30, 'departure_time': 11280, 'arrival_time': 11310, 'day': 'current_day', 'from_stop_id': '212-3', 'to_stop_id': '212-4', 'trip_id': 'walking', 'agency_name': 'Unknown'}, {'duration': 450, 'departure_time': 11460, 'arrival_time': 11910, 'day': 'current_day', 'from_stop_id': '212-4', 'to_stop_id': '236-4', 'trip_id': '9-0-12', 'agency_name': 'Unknown'}]}"
206,122,6270,intra,right,401,[206],[121; 133],0,0,500,375,6270,6330.0,8070.0,8130.0,1740.0,3.0,206,133,3383.0,9653.0,pt,2235.0,8505.0,2235.0,"{'duration': 1740, 'source_transfer_time': 0, 'waiting_time': 480, 'trip_time': 1260, 'num_transfers': 3, 'departure_time': 6330, 'departure_day': 'current_day', 'arrival_time': 8070, 'arrival_day': 'current_day', 'steps': [{'duration': 330, 'departure_time': 6810, 'arrival_time': 7140, 'day': 'current_day', 'from_stop_id': '206-3', 'to_stop_id': '177-3', 'trip_id': '6-0-2', 'agency_name': 'Unknown'}, {'duration': 210, 'departure_time': 7200, 'arrival_time': 7410, 'day': 'current_day', 'from_stop_id': '177-3', 'to_stop_id': '156-3', 'trip_id': '6-0-7', 'agency_name': 'Unknown'}, {'duration': 30, 'departure_time': 7410, 'arrival_time': 7440, 'day': 'current_day', 'from_stop_id': '156-3', 'to_stop_id': '156-4', 'trip_id': 'walking', 'agency_name': 'Unknown'}, {'duration': 330, 'departure_time': 7740, 'arrival_time': 8070, 'day': 'current_day', 'from_stop_id': '156-4', 'to_stop_id': '133-4', 'trip_id': '9-1-6', 'agency_name': 'Unknown'}]}"
227,190,7740,intra,right,402,[227],[190],0,0,0,0,7740,7800.0,9720.0,9780.0,1920.0,2.0,227,190,4135.0,11875.0,pt,2040.0,9780.0,2040.0,"{'duration': 1920, 'source_transfer_time': 0, 'waiting_time': 510, 'trip_time': 1410, 'num_transfers': 2, 'departure_time': 7800, 'departure_day': 'current_day', 'arrival_time': 9720, 'arrival_day': 'current_day', 'steps': [{'duration': 450, 'departure_time': 8310, 'arrival_time': 8760, 'day': 'current_day', 'from_stop_id': '227-5', 'to_stop_id': '207-5', 'trip_id': '10-1-10', 'agency_name': 'Unknown'}, {'duration': 30, 'departure_time': 8760, 'arrival_time': 8790, 'day': 'current_day', 'from_stop_id': '207-5', 'to_stop_id': '207-3', 'trip_id': 'walking', 'agency_name': 'Unknown'}, {'duration': 840, 'departure_time': 8880, 'arrival_time': 9720, 'day': 'current_day', 'from_stop_id': '207-3', 'to_stop_id': '190-3', 'trip_id': '6-1-9', 'agency_name': 'Unknown'}]}"
146,141,13890,intra,right,403,[146],[141],0,0,0,0,13890,13950.0,15270.0,15330.0,1320.0,2.0,146,141,2631.0,16521.0,pt,1440.0,15330.0,1440.0,"{'duration': 1320, 'source_transfer_time': 0, 'waiting_time': 330, 'trip_time': 990, 'num_transfers': 2, 'departure_time': 13950, 'departure_day': 'current_day', 'arrival_time': 15270, 'arrival_day': 'current_day', 'steps': [{'duration': 480, 'departure_time': 14280, 'arrival_time': 14760, 'day': 'current_day', 'from_stop_id': '146-3', 'to_stop_id': '150-3', 'trip_id': '6-0-18', 'agency_name': 'Unknown'}, {'duration': 30, 'departure_time': 14760, 'arrival_time': 14790, 'day': 'current_day', 'from_stop_id': '150-3', 'to_stop_id': '150-5', 'trip_id': 'walking', 'agency_name': 'Unknown'}, {'duration': 330, 'departure_time': 14940, 'arrival_time': 15270, 'day': 'current_day', 'from_stop_id': '150-5', 'to_stop_id': '141-5', 'trip_id': '10-1-18', 'agency_name': 'Unknown'}]}"
209,193,6000,intra,right,404,[209],[175; 195],0,0,1000,751,6000,6060.0,6900.0,6960.0,840.0,0.0,209,195,2255.0,8255.0,pt,1711.0,7711.0,1711.0,"{'duration': 840, 'source_transfer_time': 0, 'waiting_time': 390, 'trip_time': 450, 'num_transfers': 0, 'departure_time': 6060, 'departure_day': 'current_day', 'arrival_time': 6900, 'arrival_day': 'current_day', 'steps': [{'duration': 450, 'departure_time': 6450, 'arrival_time': 6900, 'day': 'current_day', 'from_stop_id': '209-3', 'to_stop_id': '195-3', 'trip_id': '6-0-2', 'agency_name': 'Unknown'}]}"
125,131,14040,intra,right,405,[126],[131],500,375,0,0,14415,14475.0,16110.0,16170.0,1635.0,4.0,126,131,2255.0,16295.0,pt,2130.0,16170.0,2130.0,"{'duration': 1635, 'source_transfer_time': 0, 'waiting_time': 285, 'trip_time': 1350, 'num_transfers': 4, 'departure_time': 14475, 'departure_day': 'current_day', 'arrival_time': 16110, 'arrival_day': 'current_day', 'steps': [{'duration': 210, 'departure_time': 14760, 'arrival_time': 14970, 'day': 'current_day', 'from_stop_id': '126-2', 'to_stop_id': '148-2', 'trip_id': '4-1-20', 'agency_name': 'Unknown'}, {'duration': 30, 'departure_time': 14970, 'arrival_time': 15000, 'day': 'current_day', 'from_stop_id': '148-2', 'to_stop_id': '148-3', 'trip_id': 'walking', 'agency_name': 'Unknown'}, {'duration': 210, 'departure_time': 15150, 'arrival_time': 15360, 'day': 'current_day', 'from_stop_id': '148-3', 'to_stop_id': '150-3', 'trip_id': '6-0-19', 'agency_name': 'Unknown'}, {'duration': 30, 'departure_time': 15360, 'arrival_time': 15390, 'day': 'current_day', 'from_stop_id': '150-3', 'to_stop_id': '150-5', 'trip_id': 'walking', 'agency_name': 'Unknown'}, {'duration': 570, 'departure_time': 15540, 'arrival_time': 16110, 'day': 'current_day', 'from_stop_id': '150-5', 'to_stop_id': '131-5', 'trip_id': '10-1-19', 'agency_name': 'Unknown'}]}"
205,142,4530,intra,right,406,[206; 216],[131; 141],500,375,500,375,4905,4965.0,6870.0,6930.0,1905.0,0.0,206,141,6015.0,10545.0,pt,2775.0,7305.0,2775.0,"{'duration': 1905, 'source_transfer_time': 0, 'waiting_time': 105, 'trip_time': 1800, 'num_transfers': 0, 'departure_time': 4965, 'departure_day': 'current_day', 'arrival_time': 6870, 'arrival_day': 'current_day', 'steps': [{'duration': 1800, 'departure_time': 5070, 'arrival_time': 6870, 'day': 'current_day', 'from_stop_id': '206-5', 'to_stop_id': '141-5', 'trip_id': '10-1-4', 'agency_name': 'Unknown'}]}"
141,183,5190,intra,right,407,[141],[175],0,0,500,375,5190,5250.0,7140.0,7200.0,1890.0,2.0,141,175,5263.0,10453.0,pt,2385.0,7575.0,2385.0,"{'duration': 1890, 'source_transfer_time': 0, 'waiting_time': 180, 'trip_time': 1710, 'num_transfers': 2, 'departure_time': 5250, 'departure_day': 'current_day', 'arrival_time': 7140, 'arrival_day': 'current_day', 'steps': [{'duration': 930, 'departure_time': 5430, 'arrival_time': 6360, 'day': 'current_day', 'from_stop_id': '141-5', 'to_stop_id': 'MH-R-5', 'trip_id': '10-0-5', 'agency_name': 'Unknown'}, {'duration': 30, 'departure_time': 6360, 'arrival_time': 6390, 'day': 'current_day', 'from_stop_id': 'MH-R-5', 'to_stop_id': 'MH-R-1', 'trip_id': 'walking', 'agency_name': 'Unknown'}, {'duration': 600, 'departure_time': 6540, 'arrival_time': 7140, 'day': 'current_day', 'from_stop_id': 'MH-R-1', 'to_stop_id': '175-1', 'trip_id': '3-1-5', 'agency_name': 'Unknown'}]}"
205,214,10230,intra,right,408,[206; 216],[213; 225],500,375,500,375,10605,10665.0,12150.0,12210.0,1485.0,2.0,206,213,3383.0,13613.0,pt,2355.0,12585.0,2355.0,"{'duration': 1485, 'source_transfer_time': 0, 'waiting_time': 495, 'trip_time': 990, 'num_transfers': 2, 'departure_time': 10665, 'departure_day': 'current_day', 'arrival_time': 12150, 'arrival_day': 'current_day', 'steps': [{'duration': 720, 'departure_time': 11160, 'arrival_time': 11880, 'day': 'current_day', 'from_stop_id': '206-3', 'to_stop_id': '212-3', 'trip_id': '6-1-13', 'agency_name': 'Unknown'}, {'duration': 30, 'departure_time': 11880, 'arrival_time': 11910, 'day': 'current_day', 'from_stop_id': '212-3', 'to_stop_id': '212-4', 'trip_id': 'walking', 'agency_name': 'Unknown'}, {'duration': 90, 'departure_time': 12060, 'arrival_time': 12150, 'day': 'current_day', 'from_stop_id': '212-4', 'to_stop_id': '213-4', 'trip_id': '9-0-13', 'agency_name': 'Unknown'}]}"
193,164,9240,intra,right,409,[175; 195],[162; 182],1000,751,1000,751,9991,10051.0,11910.0,11970.0,1859.0,2.0,175,162,5263.0,14503.0,pt,3481.0,12721.0,3481.0,"{'duration': 1859, 'source_transfer_time': 0, 'waiting_time': 509, 'trip_time': 1350, 'num_transfers': 2, 'departure_time': 10051, 'departure_day': 'current_day', 'arrival_time': 11910, 'arrival_day': 'current_day', 'steps': [{'duration': 1110, 'departure_time': 10560, 'arrival_time': 11670, 'day': 'current_day', 'from_stop_id': '175-1', 'to_stop_id': '180-1', 'trip_id': '3-0-13', 'agency_name': 'Unknown'}, {'duration': 30, 'departure_time': 11670, 'arrival_time': 11700, 'day': 'current_day', 'from_stop_id': '180-1', 'to_stop_id': '180-3', 'trip_id': 'walking', 'agency_name': 'Unknown'}, {'duration': 210, 'departure_time': 11700, 'arrival_time': 11910, 'day': 'current_day', 'from_stop_id': '180-3', 'to_stop_id': '162-3', 'trip_id': '6-1-12', 'agency_name': 'Unknown'}]}"
127,202,9600,intra,right,410,[126],[201; 213],500,375,500,375,9975,10035.0,11910.0,11970.0,1875.0,2.0,126,201,3759.0,13359.0,pt,2745.0,12345.0,2745.0,"{'duration': 1875, 'source_transfer_time': 0, 'waiting_time': 525, 'trip_time': 1350, 'num_transfers': 2, 'departure_time': 10035, 'departure_day': 'current_day', 'arrival_time': 11910, 'arrival_day': 'current_day', 'steps': [{'duration': 210, 'departure_time': 10560, 'arrival_time': 10770, 'day': 'current_day', 'from_stop_id': '126-2', 'to_stop_id': '148-2', 'trip_id': '4-1-13', 'agency_name': 'Unknown'}, {'duration': 30, 'departure_time': 10770, 'arrival_time': 10800, 'day': 'current_day', 'from_stop_id': '148-2', 'to_stop_id': '148-3', 'trip_id': 'walking', 'agency_name': 'Unknown'}, {'duration': 960, 'departure_time': 10950, 'arrival_time': 11910, 'day': 'current_day', 'from_stop_id': '148-3', 'to_stop_id': '201-3', 'trip_id': '6-0-12', 'agency_name': 'Unknown'}]}"
241,123,4440,intra,right,411,[241],[121; 133; 145],0,0,1000,751,4440,4500.0,5430.0,5490.0,930.0,0.0,MH-R,145,3007.0,7447.0,pt,1801.0,6241.0,1801.0,"{'duration': 930, 'source_transfer_time': 0, 'waiting_time': 240, 'trip_time': 690, 'num_transfers': 0, 'departure_time': 4500, 'departure_day': 'current_day', 'arrival_time': 5430, 'arrival_day': 'current_day', 'steps': [{'duration': 690, 'departure_time': 4740, 'arrival_time': 5430, 'day': 'current_day', 'from_stop_id': 'MH-R-4', 'to_stop_id': '145-4', 'trip_id': '9-1-2', 'agency_name': 'Unknown'}]}"
176,147,12420,intra,right,412,[176],[147],0,0,0,0,12420,12480.0,13170.0,13230.0,690.0,2.0,176,147,2255.0,14675.0,pt,810.0,13230.0,810.0,"{'duration': 690, 'source_transfer_time': 0, 'waiting_time': 0, 'trip_time': 690, 'num_transfers': 2, 'departure_time': 12480, 'departure_day': 'current_day', 'arrival_time': 13170, 'arrival_day': 'current_day', 'steps': [{'duration': 90, 'departure_time': 12480, 'arrival_time': 12570, 'day': 'current_day', 'from_stop_id': '176-1', 'to_stop_id': '177-1', 'trip_id': '3-0-16', 'agency_name': 'Unknown'}, {'duration': 30, 'departure_time': 12570, 'arrival_time': 12600, 'day': 'current_day', 'from_stop_id': '177-1', 'to_stop_id': '177-3', 'trip_id': 'walking', 'agency_name': 'Unknown'}, {'duration': 570, 'departure_time': 12600, 'arrival_time': 13170, 'day': 'current_day', 'from_stop_id': '177-3', 'to_stop_id': '147-3', 'trip_id': '6-0-16', 'agency_name': 'Unknown'}]}"
223,147,9210,intra,right,413,[212; 224],[147],500,375,0,0,9585,9645.0,11340.0,11400.0,1695.0,0.0,212,147,4135.0,13345.0,pt,2190.0,11400.0,2190.0,"{'duration': 1695, 'source_transfer_time': 0, 'waiting_time': 465, 'trip_time': 1230, 'num_transfers': 0, 'departure_time': 9645, 'departure_day': 'current_day', 'arrival_time': 11340, 'arrival_day': 'current_day', 'steps': [{'duration': 1230, 'departure_time': 10110, 'arrival_time': 11340, 'day': 'current_day', 'from_stop_id': '212-3', 'to_stop_id': '147-3', 'trip_id': '6-1-10', 'agency_name': 'Unknown'}]}"
234,175,11730,intra,right,414,[212; 224; 236],[175],1000,751,0,0,12481,12541.0,14340.0,14400.0,1799.0,2.0,212,175,4887.0,16617.0,pt,2670.0,14400.0,2670.0,"{'duration': 1799, 'source_transfer_time': 0, 'waiting_time': 119, 'trip_time': 1680, 'num_transfers': 2, 'departure_time': 12541, 'departure_day': 'current_day', 'arrival_time': 14340, 'arrival_day': 'current_day', 'steps': [{'duration': 1080, 'departure_time': 12660, 'arrival_time': 13740, 'day': 'current_day', 'from_stop_id': '212-3', 'to_stop_id': '177-3', 'trip_id': '6-0-13', 'agency_name': 'Unknown'}, {'duration': 30, 'departure_time': 13740, 'arrival_time': 13770, 'day': 'current_day', 'from_stop_id': '177-3', 'to_stop_id': '177-1', 'trip_id': 'walking', 'agency_name': 'Unknown'}, {'duration': 210, 'departure_time': 14130, 'arrival_time': 14340, 'day': 'current_day', 'from_stop_id': '177-1', 'to_stop_id': '175-1', 'trip_id': '3-1-17', 'agency_name': 'Unknown'}]}"
208,138,4260,intra,right,415,[208],[137; 149],0,0,500,375,4260,4320.0,6240.0,6300.0,1920.0,1.0,208,149,3383.0,7643.0,pt,2415.0,6675.0,2415.0,"{'duration': 1920, 'source_transfer_time': 0, 'waiting_time': 450, 'trip_time': 1470, 'num_transfers': 1, 'departure_time': 4320, 'departure_day': 'current_day', 'arrival_time': 6240, 'arrival_day': 'current_day', 'steps': [{'duration': 570, 'departure_time': 4770, 'arrival_time': 5340, 'day': 'current_day', 'from_stop_id': '208-3', 'to_stop_id': '177-3', 'trip_id': '6-0-43', 'agency_name': 'Unknown'}, {'duration': 840, 'departure_time': 5400, 'arrival_time': 6240, 'day': 'current_day', 'from_stop_id': '177-3', 'to_stop_id': '149-3', 'trip_id': '6-0-4', 'agency_name': 'Unknown'}]}"
189,231,4890,intra,right,416,[189],[231],0,0,0,0,4890,4950.0,6540.0,6600.0,1590.0,2.0,189,231,2255.0,7145.0,pt,1710.0,6600.0,1710.0,"{'duration': 1590, 'source_transfer_time': 0, 'waiting_time': 480, 'trip_time': 1110, 'num_transfers': 2, 'departure_time': 4950, 'departure_day': 'current_day', 'arrival_time': 6540, 'arrival_day': 'current_day', 'steps': [{'duration': 330, 'departure_time': 5430, 'arrival_time': 5760, 'day': 'current_day', 'from_stop_id': '189-4', 'to_stop_id': 'MH-R-4', 'trip_id': '9-1-4', 'agency_name': 'Unknown'}, {'duration': 30, 'departure_time': 5760, 'arrival_time': 5790, 'day': 'current_day', 'from_stop_id': 'MH-R-4', 'to_stop_id': 'MH-R-2', 'trip_id': 'walking', 'agency_name': 'Unknown'}, {'duration': 600, 'departure_time': 5940, 'arrival_time': 6540, 'day': 'current_day', 'from_stop_id': 'MH-R-2', 'to_stop_id': '231-2', 'trip_id': '4-1-4', 'agency_name': 'Unknown'}]}"
224,227,10080,intra,right,417,[224],[227],0,0,0,0,10080,10140.0,12390.0,12450.0,2250.0,2.0,224,227,3383.0,13463.0,pt,2370.0,12450.0,2370.0,"{'duration': 2250, 'source_transfer_time': 0, 'waiting_time': 90, 'trip_time': 2160, 'num_transfers': 2, 'departure_time': 10140, 'departure_day': 'current_day', 'arrival_time': 12390, 'arrival_day': 'current_day', 'steps': [{'duration': 930, 'departure_time': 10230, 'arrival_time': 11160, 'day': 'current_day', 'from_stop_id': '224-4', 'to_stop_id': 'MH-R-4', 'trip_id': '9-1-13', 'agency_name': 'Unknown'}, {'duration': 30, 'departure_time': 11160, 'arrival_time': 11190, 'day': 'current_day', 'from_stop_id': 'MH-R-4', 'to_stop_id': 'MH-R-5', 'trip_id': 'walking', 'agency_name': 'Unknown'}, {'duration': 1050, 'departure_time': 11340, 'arrival_time': 12390, 'day': 'current_day', 'from_stop_id': 'MH-R-5', 'to_stop_id': '227-5', 'trip_id': '10-0-13', 'agency_name': 'Unknown'}]}"
148,231,13200,intra,right,418,[148],[231],0,0,0,0,13200,13260.0,14940.0,15000.0,1680.0,0.0,148,231,3007.0,16207.0,pt,1800.0,15000.0,1800.0,"{'duration': 1680, 'source_transfer_time': 0, 'waiting_time': 570, 'trip_time': 1110, 'num_transfers': 0, 'departure_time': 13260, 'departure_day': 'current_day', 'arrival_time': 14940, 'arrival_day': 'current_day', 'steps': [{'duration': 1110, 'departure_time': 13830, 'arrival_time': 14940, 'day': 'current_day', 'from_stop_id': '148-2', 'to_stop_id': '231-2', 'trip_id': '4-1-18', 'agency_name': 'Unknown'}]}"
183,151,14130,intra,right,419,[175],[151],500,375,0,0,14505,14565.0,16080.0,16140.0,1515.0,2.0,175,151,4511.0,18641.0,pt,2010.0,16140.0,2010.0,"{'duration': 1515, 'source_transfer_time': 0, 'waiting_time': 195, 'trip_time': 1320, 'num_transfers': 2, 'departure_time': 14565, 'departure_day': 'current_day', 'arrival_time': 16080, 'arrival_day': 'current_day', 'steps': [{'duration': 210, 'departure_time': 14760, 'arrival_time': 14970, 'day': 'current_day', 'from_stop_id': '175-1', 'to_stop_id': '177-1', 'trip_id': '3-0-20', 'agency_name': 'Unknown'}, {'duration': 30, 'departure_time': 14970, 'arrival_time': 15000, 'day': 'current_day', 'from_stop_id': '177-1', 'to_stop_id': '177-3', 'trip_id': 'walking', 'agency_name': 'Unknown'}, {'duration': 1080, 'departure_time': 15000, 'arrival_time': 16080, 'day': 'current_day', 'from_stop_id': '177-3', 'to_stop_id': '151-3', 'trip_id': '6-0-20', 'agency_name': 'Unknown'}]}"
149,121,11280,intra,right,420,[149],[121],0,0,0,0,11280,11340.0,13110.0,13170.0,1770.0,2.0,149,121,3007.0,14287.0,pt,1890.0,13170.0,1890.0,"{'duration': 1770, 'source_transfer_time': 0, 'waiting_time': 360, 'trip_time': 1410, 'num_transfers': 2, 'departure_time': 11340, 'departure_day': 'current_day', 'arrival_time': 13110, 'arrival_day': 'current_day', 'steps': [{'duration': 600, 'departure_time': 11700, 'arrival_time': 12300, 'day': 'current_day', 'from_stop_id': '149-3', 'to_stop_id': '156-3', 'trip_id': '6-1-11', 'agency_name': 'Unknown'}, {'duration': 30, 'departure_time': 12300, 'arrival_time': 12330, 'day': 'current_day', 'from_stop_id': '156-3', 'to_stop_id': '156-4', 'trip_id': 'walking', 'agency_name': 'Unknown'}, {'duration': 570, 'departure_time': 12540, 'arrival_time': 13110, 'day': 'current_day', 'from_stop_id': '156-4', 'to_stop_id': '121-4', 'trip_id': '9-1-14', 'agency_name': 'Unknown'}]}"
169,213,13050,intra,right,421,[169],[213],0,0,0,0,13050,13110.0,14550.0,14610.0,1440.0,0.0,169,213,3383.0,16433.0,pt,1560.0,14610.0,1560.0,"{'duration': 1440, 'source_transfer_time': 0, 'waiting_time': 240, 'trip_time': 1200, 'num_transfers': 0, 'departure_time': 13110, 'departure_day': 'current_day', 'arrival_time': 14550, 'arrival_day': 'current_day', 'steps': [{'duration': 1200, 'departure_time': 13350, 'arrival_time': 14550, 'day': 'current_day', 'from_stop_id': '169-4', 'to_stop_id': '213-4', 'trip_id': '9-0-17', 'agency_name': 'Unknown'}]}"
142,133,8130,intra,right,422,[131; 141],[133],500,375,0,0,8505,8565.0,11070.0,11130.0,2505.0,2.0,131,133,3383.0,11513.0,pt,3000.0,11130.0,3000.0,"{'duration': 2505, 'source_transfer_time': 0, 'waiting_time': 225, 'trip_time': 2280, 'num_transfers': 2, 'departure_time': 8565, 'departure_day': 'current_day', 'arrival_time': 11070, 'arrival_day': 'current_day', 'steps': [{'duration': 1170, 'departure_time': 8790, 'arrival_time': 9960, 'day': 'current_day', 'from_stop_id': '131-5', 'to_stop_id': 'MH-R-5', 'trip_id': '10-0-11', 'agency_name': 'Unknown'}, {'duration': 30, 'departure_time': 9960, 'arrival_time': 9990, 'day': 'current_day', 'from_stop_id': 'MH-R-5', 'to_stop_id': 'MH-R-4', 'trip_id': 'walking', 'agency_name': 'Unknown'}, {'duration': 930, 'departure_time': 10140, 'arrival_time': 11070, 'day': 'current_day', 'from_stop_id': 'MH-R-4', 'to_stop_id': '133-4', 'trip_id': '9-1-11', 'agency_name': 'Unknown'}]}"
220,190,4410,intra,right,423,[220],[190],0,0,0,0,4410,4470.0,5520.0,5580.0,1050.0,2.0,220,190,2255.0,6665.0,pt,1170.0,5580.0,1170.0,"{'duration': 1050, 'source_transfer_time': 0, 'waiting_time': 210, 'trip_time': 840, 'num_transfers': 2, 'departure_time': 4470, 'departure_day': 'current_day', 'arrival_time': 5520, 'arrival_day': 'current_day', 'steps': [{'duration': 90, 'departure_time': 4680, 'arrival_time': 4770, 'day': 'current_day', 'from_stop_id': '220-2', 'to_stop_id': '209-2', 'trip_id': '4-0-3', 'agency_name': 'Unknown'}, {'duration': 30, 'departure_time': 4770, 'arrival_time': 4800, 'day': 'current_day', 'from_stop_id': '209-2', 'to_stop_id': '209-3', 'trip_id': 'walking', 'agency_name': 'Unknown'}, {'duration': 570, 'departure_time': 4950, 'arrival_time': 5520, 'day': 'current_day', 'from_stop_id': '209-3', 'to_stop_id': '190-3', 'trip_id': '6-1-2', 'agency_name': 'Unknown'}]}"
180,130,8340,intra,right,424,[180],[130],0,0,0,0,8340,8400.0,9390.0,9450.0,990.0,2.0,180,130,2255.0,10595.0,pt,1110.0,9450.0,1110.0,"{'duration': 990, 'source_transfer_time': 0, 'waiting_time': 300, 'trip_time': 690, 'num_transfers': 2, 'departure_time': 8400, 'departure_day': 'current_day', 'arrival_time': 9390, 'arrival_day': 'current_day', 'steps': [{'duration': 330, 'departure_time': 8700, 'arrival_time': 9030, 'day': 'current_day', 'from_stop_id': '180-3', 'to_stop_id': '151-3', 'trip_id': '6-1-7', 'agency_name': 'Unknown'}, {'duration': 30, 'departure_time': 9030, 'arrival_time': 9060, 'day': 'current_day', 'from_stop_id': '151-3', 'to_stop_id': '151-5', 'trip_id': 'walking', 'agency_name': 'Unknown'}, {'duration': 330, 'departure_time': 9060, 'arrival_time': 9390, 'day': 'current_day', 'from_stop_id': '151-5', 'to_stop_id': '130-5', 'trip_id': '10-1-8', 'agency_name': 'Unknown'}]}"
126,168,7350,intra,right,425,[126],[168],0,0,0,0,7350,7410.0,8670.0,8730.0,1260.0,2.0,126,168,2255.0,9605.0,pt,1380.0,8730.0,1380.0,"{'duration': 1260, 'source_transfer_time': 0, 'waiting_time': 150, 'trip_time': 1110, 'num_transfers': 2, 'departure_time': 7410, 'departure_day': 'current_day', 'arrival_time': 8670, 'arrival_day': 'current_day', 'steps': [{'duration': 600, 'departure_time': 7560, 'arrival_time': 8160, 'day': 'current_day', 'from_stop_id': '126-2', 'to_stop_id': 'MH-R-2', 'trip_id': '4-1-8', 'agency_name': 'Unknown'}, {'duration': 30, 'departure_time': 8160, 'arrival_time': 8190, 'day': 'current_day', 'from_stop_id': 'MH-R-2', 'to_stop_id': 'MH-R-4', 'trip_id': 'walking', 'agency_name': 'Unknown'}, {'duration': 330, 'departure_time': 8340, 'arrival_time': 8670, 'day': 'current_day', 'from_stop_id': 'MH-R-4', 'to_stop_id': '168-4', 'trip_id': '9-1-8', 'agency_name': 'Unknown'}]}"
203,127,9510,intra,right,426,[182; 201; 213; 225],[126],1000,751,500,375,10261,10321.0,11940.0,12000.0,1619.0,2.0,182,126,4135.0,13645.0,pt,2865.0,12375.0,2865.0,"{'duration': 1619, 'source_transfer_time': 0, 'waiting_time': 239, 'trip_time': 1380, 'num_transfers': 2, 'departure_time': 10321, 'departure_day': 'current_day', 'arrival_time': 11940, 'arrival_day': 'current_day', 'steps': [{'duration': 600, 'departure_time': 10560, 'arrival_time': 11160, 'day': 'current_day', 'from_stop_id': '182-1', 'to_stop_id': 'MH-R-1', 'trip_id': '3-1-13', 'agency_name': 'Unknown'}, {'duration': 30, 'departure_time': 11160, 'arrival_time': 11190, 'day': 'current_day', 'from_stop_id': 'MH-R-1', 'to_stop_id': 'MH-R-2', 'trip_id': 'walking', 'agency_name': 'Unknown'}, {'duration': 600, 'departure_time': 11340, 'arrival_time': 11940, 'day': 'current_day', 'from_stop_id': 'MH-R-2', 'to_stop_id': '126-2', 'trip_id': '4-0-13', 'agency_name': 'Unknown'}]}"
154,126,11460,intra,right,427,[132; 144; 156; 175],[126],1000,751,0,0,12211,12271.0,13740.0,13800.0,1469.0,4.0,132,126,3007.0,14467.0,pt,2340.0,13800.0,2340.0,"{'duration': 1469, 'source_transfer_time': 0, 'waiting_time': 239, 'trip_time': 1230, 'num_transfers': 4, 'departure_time': 12271, 'departure_day': 'current_day', 'arrival_time': 13740, 'arrival_day': 'current_day', 'steps': [{'duration': 330, 'departure_time': 12510, 'arrival_time': 12840, 'day': 'current_day', 'from_stop_id': '132-4', 'to_stop_id': '145-4', 'trip_id': '9-0-17', 'agency_name': 'Unknown'}, {'duration': 30, 'departure_time': 12840, 'arrival_time': 12870, 'day': 'current_day', 'from_stop_id': '145-4', 'to_stop_id': '145-3', 'trip_id': 'walking', 'agency_name': 'Unknown'}, {'duration': 330, 'departure_time': 12960, 'arrival_time': 13290, 'day': 'current_day', 'from_stop_id': '145-3', 'to_stop_id': '148-3', 'trip_id': '6-0-16', 'agency_name': 'Unknown'}, {'duration': 30, 'departure_time': 13290, 'arrival_time': 13320, 'day': 'current_day', 'from_stop_id': '148-3', 'to_stop_id': '148-2', 'trip_id': 'walking', 'agency_name': 'Unknown'}, {'duration': 210, 'departure_time': 13530, 'arrival_time': 13740, 'day': 'current_day', 'from_stop_id': '148-2', 'to_stop_id': '126-2', 'trip_id': '4-0-16', 'agency_name': 'Unknown'}]}"
155,198,14340,intra,right,428,[144; 156],[198],500,375,0,0,14715,14775.0,15750.0,15810.0,975.0,2.0,156,198,3007.0,17347.0,pt,1470.0,15810.0,1470.0,"{'duration': 975, 'source_transfer_time': 0, 'waiting_time': 15, 'trip_time': 960, 'num_transfers': 2, 'departure_time': 14775, 'departure_day': 'current_day', 'arrival_time': 15750, 'arrival_day': 'current_day', 'steps': [{'duration': 570, 'departure_time': 14790, 'arrival_time': 15360, 'day': 'current_day', 'from_stop_id': '156-4', 'to_stop_id': 'MH-R-4', 'trip_id': '9-0-20', 'agency_name': 'Unknown'}, {'duration': 30, 'departure_time': 15360, 'arrival_time': 15390, 'day': 'current_day', 'from_stop_id': 'MH-R-4', 'to_stop_id': 'MH-R-2', 'trip_id': 'walking', 'agency_name': 'Unknown'}, {'duration': 210, 'departure_time': 15540, 'arrival_time': 15750, 'day': 'current_day', 'from_stop_id': 'MH-R-2', 'to_stop_id': '198-2', 'trip_id': '4-1-20', 'agency_name': 'Unknown'}]}"
213,140,4080,intra,right,429,[213],[140],0,0,0,0,4080,4140.0,5550.0,5610.0,1410.0,4.0,213,140,3007.0,7087.0,pt,1530.0,5610.0,1530.0,"{'duration': 1410, 'source_transfer_time': 0, 'waiting_time': 210, 'trip_time': 1200, 'num_transfers': 4, 'departure_time': 4140, 'departure_day': 'current_day', 'arrival_time': 5550, 'arrival_day': 'current_day', 'steps': [{'duration': 210, 'departure_time': 4350, 'arrival_time': 4560, 'day': 'current_day', 'from_stop_id': '213-4', 'to_stop_id': '201-4', 'trip_id': '9-1-3', 'agency_name': 'Unknown'}, {'duration': 30, 'departure_time': 4560, 'arrival_time': 4590, 'day': 'current_day', 'from_stop_id': '201-4', 'to_stop_id': '201-3', 'trip_id': 'walking', 'agency_name': 'Unknown'}, {'duration': 600, 'departure_time': 4830, 'arrival_time': 5430, 'day': 'current_day', 'from_stop_id': '201-3', 'to_stop_id': '151-3', 'trip_id': '6-1-1', 'agency_name': 'Unknown'}, {'duration': 30, 'departure_time': 5430, 'arrival_time': 5460, 'day': 'current_day', 'from_stop_id': '151-3', 'to_stop_id': '151-5', 'trip_id': 'walking', 'agency_name': 'Unknown'}, {'duration': 90, 'departure_time': 5460, 'arrival_time': 5550, 'day': 'current_day', 'from_stop_id': '151-5', 'to_stop_id': '140-5', 'trip_id': '10-1-2', 'agency_name': 'Unknown'}]}"
168,219,10560,intra,right,430,[168],[208; 220],0,0,500,375,10560,10620.0,11820.0,11880.0,1200.0,2.0,168,220,2255.0,12815.0,pt,1695.0,12255.0,1695.0,"{'duration': 1200, 'source_transfer_time': 0, 'waiting_time': 210, 'trip_time': 990, 'num_transfers': 2, 'departure_time': 10620, 'departure_day': 'current_day', 'arrival_time': 11820, 'arrival_day': 'current_day', 'steps': [{'duration': 330, 'departure_time': 10830, 'arrival_time': 11160, 'day': 'current_day', 'from_stop_id': '168-4', 'to_stop_id': 'MH-R-4', 'trip_id': '9-0-13', 'agency_name': 'Unknown'}, {'duration': 30, 'departure_time': 11160, 'arrival_time': 11190, 'day': 'current_day', 'from_stop_id': 'MH-R-4', 'to_stop_id': 'MH-R-2', 'trip_id': 'walking', 'agency_name': 'Unknown'}, {'duration': 480, 'departure_time': 11340, 'arrival_time': 11820, 'day': 'current_day', 'from_stop_id': 'MH-R-2', 'to_stop_id': '220-2', 'trip_id': '4-1-13', 'agency_name': 'Unknown'}]}"
132,194,11310,intra,right,431,[132],[195],0,0,500,375,11310,11370.0,13410.0,13470.0,2040.0,3.0,132,195,2631.0,13941.0,pt,2535.0,13845.0,2535.0,"{'duration': 2040, 'source_transfer_time': 0, 'waiting_time': 540, 'trip_time': 1500, 'num_transfers': 3, 'departure_time': 11370, 'departure_day': 'current_day', 'arrival_time': 13410, 'arrival_day': 'current_day', 'steps': [{'duration': 330, 'departure_time': 11910, 'arrival_time': 12240, 'day': 'current_day', 'from_stop_id': '132-4', 'to_stop_id': '145-4', 'trip_id': '9-0-16', 'agency_name': 'Unknown'}, {'duration': 30, 'departure_time': 12240, 'arrival_time': 12270, 'day': 'current_day', 'from_stop_id': '145-4', 'to_stop_id': '145-3', 'trip_id': 'walking', 'agency_name': 'Unknown'}, {'duration': 330, 'departure_time': 12810, 'arrival_time': 13140, 'day': 'current_day', 'from_stop_id': '145-3', 'to_stop_id': '177-3', 'trip_id': '6-1-12', 'agency_name': 'Unknown'}, {'duration': 210, 'departure_time': 13200, 'arrival_time': 13410, 'day': 'current_day', 'from_stop_id': '177-3', 'to_stop_id': '195-3', 'trip_id': '6-1-17', 'agency_name': 'Unknown'}]}"
222,192,9840,intra,right,432,[211],[182],500,375,500,375,10215,10275.0,11340.0,11400.0,1065.0,2.0,211,182,2255.0,12095.0,pt,1935.0,11775.0,1935.0,"{'duration': 1065, 'source_transfer_time': 0, 'waiting_time': 315, 'trip_time': 750, 'num_transfers': 2, 'departure_time': 10275, 'departure_day': 'current_day', 'arrival_time': 11340, 'arrival_day': 'current_day', 'steps': [{'duration': 450, 'departure_time': 10590, 'arrival_time': 11040, 'day': 'current_day', 'from_stop_id': '211-3', 'to_stop_id': '180-3', 'trip_id': '6-1-11', 'agency_name': 'Unknown'}, {'duration': 30, 'departure_time': 11040, 'arrival_time': 11070, 'day': 'current_day', 'from_stop_id': '180-3', 'to_stop_id': '180-1', 'trip_id': 'walking', 'agency_name': 'Unknown'}, {'duration': 210, 'departure_time': 11130, 'arrival_time': 11340, 'day': 'current_day', 'from_stop_id': '180-1', 'to_stop_id': '182-1', 'trip_id': '3-0-12', 'agency_name': 'Unknown'}]}"
189,146,13050,intra,right,433,[189],[146],0,0,0,0,13050,13110.0,14460.0,14520.0,1350.0,4.0,189,146,3007.0,16057.0,pt,1470.0,14520.0,1470.0,"{'duration': 1350, 'source_transfer_time': 0, 'waiting_time': 120, 'trip_time': 1230, 'num_transfers': 4, 'departure_time': 13110, 'departure_day': 'current_day', 'arrival_time': 14460, 'arrival_day': 'current_day', 'steps': [{'duration': 330, 'departure_time': 13230, 'arrival_time': 13560, 'day': 'current_day', 'from_stop_id': '189-4', 'to_stop_id': 'MH-R-4', 'trip_id': '9-1-17', 'agency_name': 'Unknown'}, {'duration': 30, 'departure_time': 13560, 'arrival_time': 13590, 'day': 'current_day', 'from_stop_id': 'MH-R-4', 'to_stop_id': 'MH-R-2', 'trip_id': 'walking', 'agency_name': 'Unknown'}, {'duration': 330, 'departure_time': 13740, 'arrival_time': 14070, 'day': 'current_day', 'from_stop_id': 'MH-R-2', 'to_stop_id': '148-2', 'trip_id': '4-0-17', 'agency_name': 'Unknown'}, {'duration': 30, 'departure_time': 14070, 'arrival_time': 14100, 'day': 'current_day', 'from_stop_id': '148-2', 'to_stop_id': '148-3', 'trip_id': 'walking', 'agency_name': 'Unknown'}, {'duration': 210, 'departure_time': 14250, 'arrival_time': 14460, 'day': 'current_day', 'from_stop_id': '148-3', 'to_stop_id': '146-3', 'trip_id': '6-1-15', 'agency_name': 'Unknown'}]}"
191,154,5700,intra,right,434,[181; 190],[132; 144; 156; 175],500,375,1000,751,6075,6135.0,7500.0,7560.0,1365.0,0.0,190,156,4511.0,10211.0,pt,2611.0,8311.0,2611.0,"{'duration': 1365, 'source_transfer_time': 0, 'waiting_time': 15, 'trip_time': 1350, 'num_transfers': 0, 'departure_time': 6135, 'departure_day': 'current_day', 'arrival_time': 7500, 'arrival_day': 'current_day', 'steps': [{'duration': 1350, 'departure_time': 6150, 'arrival_time': 7500, 'day': 'current_day', 'from_stop_id': '190-3', 'to_stop_id': '156-3', 'trip_id': '6-1-3', 'agency_name': 'Unknown'}]}"
226,182,13530,intra,right,435,[226],[182],0,0,0,0,13530,13590.0,15540.0,15600.0,1950.0,2.0,226,182,5639.0,19169.0,pt,2070.0,15600.0,2070.0,"{'duration': 1950, 'source_transfer_time': 0, 'waiting_time': 0, 'trip_time': 1950, 'num_transfers': 2, 'departure_time': 13590, 'departure_day': 'current_day', 'arrival_time': 15540, 'arrival_day': 'current_day', 'steps': [{'duration': 1170, 'departure_time': 13590, 'arrival_time': 14760, 'day': 'current_day', 'from_stop_id': '226-5', 'to_stop_id': 'MH-R-5', 'trip_id': '10-1-19', 'agency_name': 'Unknown'}, {'duration': 30, 'departure_time': 14760, 'arrival_time': 14790, 'day': 'current_day', 'from_stop_id': 'MH-R-5', 'to_stop_id': 'MH-R-1', 'trip_id': 'walking', 'agency_name': 'Unknown'}, {'duration': 600, 'departure_time': 14940, 'arrival_time': 15540, 'day': 'current_day', 'from_stop_id': 'MH-R-1', 'to_stop_id': '182-1', 'trip_id': '3-0-19', 'agency_name': 'Unknown'}]}"
196,152,3630,intra,right,436,[196],[141; 151],0,0,500,375,3630,3690.0,5430.0,5490.0,1740.0,0.0,196,151,4135.0,7765.0,pt,2235.0,5865.0,2235.0,"{'duration': 1740, 'source_transfer_time': 0, 'waiting_time': 420, 'trip_time': 1320, 'num_transfers': 0, 'departure_time': 3690, 'departure_day': 'current_day', 'arrival_time': 5430, 'arrival_day': 'current_day', 'steps': [{'duration': 1320, 'departure_time': 4110, 'arrival_time': 5430, 'day': 'current_day', 'from_stop_id': '196-5', 'to_stop_id': '151-5', 'trip_id': '10-1-2', 'agency_name': 'Unknown'}]}"
237,218,6870,intra,right,437,[237],[207; 217],0,0,500,375,6870,6930.0,8310.0,8370.0,1380.0,0.0,237,207,2631.0,9501.0,pt,1875.0,8745.0,1875.0,"{'duration': 1380, 'source_transfer_time': 0, 'waiting_time': 540, 'trip_time': 840, 'num_transfers': 0, 'departure_time': 6930, 'departure_day': 'current_day', 'arrival_time': 8310, 'arrival_day': 'current_day', 'steps': [{'duration': 840, 'departure_time': 7470, 'arrival_time': 8310, 'day': 'current_day', 'from_stop_id': '237-5', 'to_stop_id': '207-5', 'trip_id': '10-0-7', 'agency_name': 'Unknown'}]}"
143,237,11160,intra,right,438,[132; 144],[237],500,375,0,0,11535,11595.0,13230.0,13290.0,1635.0,2.0,132,237,2631.0,13791.0,pt,2130.0,13290.0,2130.0,"{'duration': 1635, 'source_transfer_time': 0, 'waiting_time': 315, 'trip_time': 1320, 'num_transfers': 2, 'departure_time': 11595, 'departure_day': 'current_day', 'arrival_time': 13230, 'arrival_day': 'current_day', 'steps': [{'duration': 1050, 'departure_time': 11910, 'arrival_time': 12960, 'day': 'current_day', 'from_stop_id': '132-4', 'to_stop_id': 'MH-R-4', 'trip_id': '9-0-16', 'agency_name': 'Unknown'}, {'duration': 30, 'departure_time': 12960, 'arrival_time': 12990, 'day': 'current_day', 'from_stop_id': 'MH-R-4', 'to_stop_id': 'MH-R-2', 'trip_id': 'walking', 'agency_name': 'Unknown'}, {'duration': 90, 'departure_time': 13140, 'arrival_time': 13230, 'day': 'current_day', 'from_stop_id': 'MH-R-2', 'to_stop_id': '237-2', 'trip_id': '4-0-16', 'agency_name': 'Unknown'}]}"
235,219,10980,intra,right,439,[224; 236],[208; 220],500,375,500,375,11355,11415.0,12540.0,12600.0,1125.0,2.0,224,208,2255.0,13235.0,pt,1995.0,12975.0,1995.0,"{'duration': 1125, 'source_transfer_time': 0, 'waiting_time': 15, 'trip_time': 1110, 'num_transfers': 2, 'departure_time': 11415, 'departure_day': 'current_day', 'arrival_time': 12540, 'arrival_day': 'current_day', 'steps': [{'duration': 330, 'departure_time': 11430, 'arrival_time': 11760, 'day': 'current_day', 'from_stop_id': '224-4', 'to_stop_id': '201-4', 'trip_id': '9-1-15', 'agency_name': 'Unknown'}, {'duration': 30, 'departure_time': 11760, 'arrival_time': 11790, 'day': 'current_day', 'from_stop_id': '201-4', 'to_stop_id': '201-3', 'trip_id': 'walking', 'agency_name': 'Unknown'}, {'duration': 600, 'departure_time': 11940, 'arrival_time': 12540, 'day': 'current_day', 'from_stop_id': '201-3', 'to_stop_id': '208-3', 'trip_id': '6-0-12', 'agency_name': 'Unknown'}]}"
130,216,13860,intra,right,440,[130],[216],0,0,0,0,13860,13920.0,16470.0,16530.0,2550.0,0.0,130,216,6390.0,20250.0,pt,2670.0,16530.0,2670.0,"{'duration': 2550, 'source_transfer_time': 0, 'waiting_time': 390, 'trip_time': 2160, 'num_transfers': 0, 'departure_time': 13920, 'departure_day': 'current_day', 'arrival_time': 16470, 'arrival_day': 'current_day', 'steps': [{'duration': 2160, 'departure_time': 14310, 'arrival_time': 16470, 'day': 'current_day', 'from_stop_id': '130-5', 'to_stop_id': '216-5', 'trip_id': '10-0-20', 'agency_name': 'Unknown'}]}"
204,126,14190,intra,right,441,[206; 216; 226],[126],1000,751,0,0,14941,15001.0,16740.0,16800.0,1739.0,2.0,206,126,4887.0,19077.0,pt,2610.0,16800.0,2610.0,"{'duration': 1739, 'source_transfer_time': 0, 'waiting_time': 269, 'trip_time': 1470, 'num_transfers': 2, 'departure_time': 15001, 'departure_day': 'current_day', 'arrival_time': 16740, 'arrival_day': 'current_day', 'steps': [{'duration': 570, 'departure_time': 15270, 'arrival_time': 15840, 'day': 'current_day', 'from_stop_id': '206-5', 'to_stop_id': '240-5', 'trip_id': '10-1-21', 'agency_name': 'Unknown'}, {'duration': 30, 'departure_time': 15840, 'arrival_time': 15870, 'day': 'current_day', 'from_stop_id': '240-5', 'to_stop_id': '240-2', 'trip_id': 'walking', 'agency_name': 'Unknown'}, {'duration': 870, 'departure_time': 15870, 'arrival_time': 16740, 'day': 'current_day', 'from_stop_id': '240-2', 'to_stop_id': '126-2', 'trip_id': '4-0-21', 'agency_name': 'Unknown'}]}"
205,139,4890,intra,right,442,[206; 216],[140; 150],500,375,500,375,5265,5325.0,6960.0,7020.0,1635.0,1.0,206,150,4887.0,9777.0,pt,2505.0,7395.0,2505.0,"{'duration': 1635, 'source_transfer_time': 0, 'waiting_time': 285, 'trip_time': 1350, 'num_transfers': 1, 'departure_time': 5325, 'departure_day': 'current_day', 'arrival_time': 6960, 'arrival_day': 'current_day', 'steps': [{'duration': 330, 'departure_time': 5610, 'arrival_time': 5940, 'day': 'current_day', 'from_stop_id': '206-3', 'to_stop_id': '177-3', 'trip_id': '6-0-0', 'agency_name': 'Unknown'}, {'duration': 960, 'departure_time': 6000, 'arrival_time': 6960, 'day': 'current_day', 'from_stop_id': '177-3', 'to_stop_id': '150-3', 'trip_id': '6-0-5', 'agency_name': 'Unknown'}]}"
226,198,7500,intra,right,443,[226],[198],0,0,0,0,7500,7560.0,9120.0,9180.0,1560.0,4.0,226,198,3007.0,10507.0,pt,1680.0,9180.0,1680.0,"{'duration': 1560, 'source_transfer_time': 0, 'waiting_time': 30, 'trip_time': 1530, 'num_transfers': 4, 'departure_time': 7560, 'departure_day': 'current_day', 'arrival_time': 9120, 'arrival_day': 'current_day', 'steps': [{'duration': 570, 'departure_time': 7590, 'arrival_time': 8160, 'day': 'current_day', 'from_stop_id': '226-5', 'to_stop_id': '207-5', 'trip_id': '10-1-9', 'agency_name': 'Unknown'}, {'duration': 30, 'departure_time': 8160, 'arrival_time': 8190, 'day': 'current_day', 'from_stop_id': '207-5', 'to_stop_id': '207-3', 'trip_id': 'walking', 'agency_name': 'Unknown'}, {'duration': 210, 'departure_time': 8280, 'arrival_time': 8490, 'day': 'current_day', 'from_stop_id': '207-3', 'to_stop_id': '209-3', 'trip_id': '6-1-8', 'agency_name': 'Unknown'}, {'duration': 30, 'departure_time': 8490, 'arrival_time': 8520, 'day': 'current_day', 'from_stop_id': '209-3', 'to_stop_id': '209-2', 'trip_id': 'walking', 'agency_name': 'Unknown'}, {'duration': 90, 'departure_time': 9030, 'arrival_time': 9120, 'day': 'current_day', 'from_stop_id': '209-2', 'to_stop_id': '198-2', 'trip_id': '4-0-10', 'agency_name': 'Unknown'}]}"
239,227,11520,intra,right,444,[239],[227],0,0,0,0,11520,11580.0,12990.0,13050.0,1410.0,2.0,239,227,3759.0,15279.0,pt,1530.0,13050.0,1530.0,"{'duration': 1410, 'source_transfer_time': 0, 'waiting_time': 90, 'trip_time': 1320, 'num_transfers': 2, 'departure_time': 11580, 'departure_day': 'current_day', 'arrival_time': 12990, 'arrival_day': 'current_day', 'steps': [{'duration': 90, 'departure_time': 11670, 'arrival_time': 11760, 'day': 'current_day', 'from_stop_id': '239-1', 'to_stop_id': 'MH-R-1', 'trip_id': '3-1-14', 'agency_name': 'Unknown'}, {'duration': 30, 'departure_time': 11760, 'arrival_time': 11790, 'day': 'current_day', 'from_stop_id': 'MH-R-1', 'to_stop_id': 'MH-R-5', 'trip_id': 'walking', 'agency_name': 'Unknown'}, {'duration': 1050, 'departure_time': 11940, 'arrival_time': 12990, 'day': 'current_day', 'from_stop_id': 'MH-R-5', 'to_stop_id': '227-5', 'trip_id': '10-0-14', 'agency_name': 'Unknown'}]}"
227,126,4740,intra,right,445,[227],[126],0,0,0,0,4740,4800.0,7140.0,7200.0,2340.0,2.0,227,126,5263.0,10003.0,pt,2460.0,7200.0,2460.0,"{'duration': 2340, 'source_transfer_time': 0, 'waiting_time': 510, 'trip_time': 1830, 'num_transfers': 2, 'departure_time': 4800, 'departure_day': 'current_day', 'arrival_time': 7140, 'arrival_day': 'current_day', 'steps': [{'duration': 930, 'departure_time': 5310, 'arrival_time': 6240, 'day': 'current_day', 'from_stop_id': '227-5', 'to_stop_id': '240-5', 'trip_id': '10-1-5', 'agency_name': 'Unknown'}, {'duration': 30, 'departure_time': 6240, 'arrival_time': 6270, 'day': 'current_day', 'from_stop_id': '240-5', 'to_stop_id': '240-2', 'trip_id': 'walking', 'agency_name': 'Unknown'}, {'duration': 870, 'departure_time': 6270, 'arrival_time': 7140, 'day': 'current_day', 'from_stop_id': '240-2', 'to_stop_id': '126-2', 'trip_id': '4-0-5', 'agency_name': 'Unknown'}]}"
162,219,5940,intra,right,446,[162],[208; 220],0,0,500,375,5940,6000.0,7140.0,7200.0,1140.0,0.0,162,208,3759.0,9699.0,pt,1635.0,7575.0,1635.0,"{'duration': 1140, 'source_transfer_time': 0, 'waiting_time': 30, 'trip_time': 1110, 'num_transfers': 0, 'departure_time': 6000, 'departure_day': 'current_day', 'arrival_time': 7140, 'arrival_day': 'current_day', 'steps': [{'duration': 1110, 'departure_time': 6030, 'arrival_time': 7140, 'day': 'current_day', 'from_stop_id': '162-3', 'to_stop_id': '208-3', 'trip_id': '6-0-3', 'agency_name': 'Unknown'}]}"
221,160,12450,intra,right,447,[210; 220],[160],500,375,0,0,12825,12885.0,14070.0,14130.0,1185.0,4.0,210,160,2255.0,14705.0,pt,1680.0,14130.0,1680.0,"{'duration': 1185, 'source_transfer_time': 0, 'waiting_time': 15, 'trip_time': 1170, 'num_transfers': 4, 'departure_time': 12885, 'departure_day': 'current_day', 'arrival_time': 14070, 'arrival_day': 'current_day', 'steps': [{'duration': 90, 'departure_time': 12900, 'arrival_time': 12990, 'day': 'current_day', 'from_stop_id': '210-3', 'to_stop_id': '209-3', 'trip_id': '6-0-13', 'agency_name': 'Unknown'}, {'duration': 30, 'departure_time': 12990, 'arrival_time': 13020, 'day': 'current_day', 'from_stop_id': '209-3', 'to_stop_id': '209-2', 'trip_id': 'walking', 'agency_name': 'Unknown'}, {'duration': 210, 'departure_time': 13230, 'arrival_time': 13440, 'day': 'current_day', 'from_stop_id': '209-2', 'to_stop_id': '240-2', 'trip_id': '4-0-17', 'agency_name': 'Unknown'}, {'duration': 30, 'departure_time': 13440, 'arrival_time': 13470, 'day': 'current_day', 'from_stop_id': '240-2', 'to_stop_id': '240-5', 'trip_id': 'walking', 'agency_name': 'Unknown'}, {'duration': 600, 'departure_time': 13470, 'arrival_time': 14070, 'day': 'current_day', 'from_stop_id': '240-5', 'to_stop_id': '160-5', 'trip_id': '10-1-17', 'agency_name': 'Unknown'}]}"
129,217,13380,intra,right,448,[130; 140],[217],500,375,0,0,13755,13815.0,15750.0,15810.0,1935.0,0.0,140,217,5639.0,19019.0,pt,2430.0,15810.0,2430.0,"{'duration': 1935, 'source_transfer_time': 0, 'waiting_time': 135, 'trip_time': 1800, 'num_transfers': 0, 'departure_time': 13815, 'departure_day': 'current_day', 'arrival_time': 15750, 'arrival_day': 'current_day', 'steps': [{'duration': 1800, 'departure_time': 13950, 'arrival_time': 15750, 'day': 'current_day', 'from_stop_id': '140-5', 'to_stop_id': '217-5', 'trip_id': '10-0-19', 'agency_name': 'Unknown'}]}"
183,233,9480,intra,right,449,[175],[211; 231],500,375,1000,751,9855,9915.0,11160.0,11220.0,1245.0,2.0,175,211,4135.0,13615.0,pt,2491.0,11971.0,2491.0,"{'duration': 1245, 'source_transfer_time': 0, 'waiting_time': 45, 'trip_time': 1200, 'num_transfers': 2, 'departure_time': 9915, 'departure_day': 'current_day', 'arrival_time': 11160, 'arrival_day': 'current_day', 'steps': [{'duration': 210, 'departure_time': 9960, 'arrival_time': 10170, 'day': 'current_day', 'from_stop_id': '175-1', 'to_stop_id': '177-1', 'trip_id': '3-0-12', 'agency_name': 'Unknown'}, {'duration': 30, 'departure_time': 10170, 'arrival_time': 10200, 'day': 'current_day', 'from_stop_id': '177-1', 'to_stop_id': '177-3', 'trip_id': 'walking', 'agency_name': 'Unknown'}, {'duration': 960, 'departure_time': 10200, 'arrival_time': 11160, 'day': 'current_day', 'from_stop_id': '177-3', 'to_stop_id': '211-3', 'trip_id': '6-1-12', 'agency_name': 'Unknown'}]}"
228,211,4290,intra,right,450,[217; 227],[211],500,375,0,0,4665,4725.0,5760.0,5820.0,1035.0,2.0,217,211,2631.0,6921.0,pt,1530.0,5820.0,1530.0,"{'duration': 1035, 'source_transfer_time': 0, 'waiting_time': 225, 'trip_time': 810, 'num_transfers': 2, 'departure_time': 4725, 'departure_day': 'current_day', 'arrival_time': 5760, 'arrival_day': 'current_day', 'steps': [{'duration': 210, 'departure_time': 4950, 'arrival_time': 5160, 'day': 'current_day', 'from_stop_id': '217-5', 'to_stop_id': '207-5', 'trip_id': '10-1-4', 'agency_name': 'Unknown'}, {'duration': 30, 'departure_time': 5160, 'arrival_time': 5190, 'day': 'current_day', 'from_stop_id': '207-5', 'to_stop_id': '207-3', 'trip_id': 'walking', 'agency_name': 'Unknown'}, {'duration': 480, 'departure_time': 5280, 'arrival_time': 5760, 'day': 'current_day', 'from_stop_id': '207-3', 'to_stop_id': '211-3', 'trip_id': '6-1-3', 'agency_name': 'Unknown'}]}"
188,230,14310,intra,right,451,[188],[231],0,0,500,375,14310,14370.0,15540.0,15600.0,1170.0,2.0,188,231,2255.0,16565.0,pt,1665.0,15975.0,1665.0,"{'duration': 1170, 'source_transfer_time': 0, 'waiting_time': 180, 'trip_time': 990, 'num_transfers': 2, 'departure_time': 14370, 'departure_day': 'current_day', 'arrival_time': 15540, 'arrival_day': 'current_day', 'steps': [{'duration': 210, 'departure_time': 14550, 'arrival_time': 14760, 'day': 'current_day', 'from_stop_id': '188-4', 'to_stop_id': 'MH-R-4', 'trip_id': '9-1-19', 'agency_name': 'Unknown'}, {'duration': 30, 'departure_time': 14760, 'arrival_time': 14790, 'day': 'current_day', 'from_stop_id': 'MH-R-4', 'to_stop_id': 'MH-R-2', 'trip_id': 'walking', 'agency_name': 'Unknown'}, {'duration': 600, 'departure_time': 14940, 'arrival_time': 15540, 'day': 'current_day', 'from_stop_id': 'MH-R-2', 'to_stop_id': '231-2', 'trip_id': '4-1-19', 'agency_name': 'Unknown'}]}"
171,132,8700,intra,right,452,[161; 170; 172; 179],[132],500,375,0,0,9075,9135.0,10590.0,10650.0,1455.0,2.0,170,132,3759.0,12459.0,pt,1950.0,10650.0,1950.0,"{'duration': 1455, 'source_transfer_time': 0, 'waiting_time': 15, 'trip_time': 1440, 'num_transfers': 2, 'departure_time': 9135, 'departure_day': 'current_day', 'arrival_time': 10590, 'arrival_day': 'current_day', 'steps': [{'duration': 210, 'departure_time': 9150, 'arrival_time': 9360, 'day': 'current_day', 'from_stop_id': '170-5', 'to_stop_id': 'MH-R-5', 'trip_id': '10-0-10', 'agency_name': 'Unknown'}, {'duration': 30, 'departure_time': 9360, 'arrival_time': 9390, 'day': 'current_day', 'from_stop_id': 'MH-R-5', 'to_stop_id': 'MH-R-4', 'trip_id': 'walking', 'agency_name': 'Unknown'}, {'duration': 1050, 'departure_time': 9540, 'arrival_time': 10590, 'day': 'current_day', 'from_stop_id': 'MH-R-4', 'to_stop_id': '132-4', 'trip_id': '9-1-10', 'agency_name': 'Unknown'}]}"
192,159,11130,intra,right,453,[182],[159],500,375,0,0,11505,11565.0,12750.0,12810.0,1185.0,2.0,182,159,3007.0,14137.0,pt,1680.0,12810.0,1680.0,"{'duration': 1185, 'source_transfer_time': 0, 'waiting_time': 195, 'trip_time': 990, 'num_transfers': 2, 'departure_time': 11565, 'departure_day': 'current_day', 'arrival_time': 12750, 'arrival_day': 'current_day', 'steps': [{'duration': 600, 'departure_time': 11760, 'arrival_time': 12360, 'day': 'current_day', 'from_stop_id': '182-1', 'to_stop_id': 'MH-R-1', 'trip_id': '3-1-15', 'agency_name': 'Unknown'}, {'duration': 30, 'departure_time': 12360, 'arrival_time': 12390, 'day': 'current_day', 'from_stop_id': 'MH-R-1', 'to_stop_id': 'MH-R-2', 'trip_id': 'walking', 'agency_name': 'Unknown'}, {'duration': 210, 'departure_time': 12540, 'arrival_time': 12750, 'day': 'current_day', 'from_stop_id': 'MH-R-2', 'to_stop_id': '159-2', 'trip_id': '4-0-15', 'agency_name': 'Unknown'}]}"
124,219,5940,intra,right,454,[126; 146],[208; 220],1000,751,500,375,6691,6751.0,8220.0,8280.0,1469.0,0.0,126,220,3759.0,9699.0,pt,2715.0,8655.0,2715.0,"{'duration': 1469, 'source_transfer_time': 0, 'waiting_time': 209, 'trip_time': 1260, 'num_transfers': 0, 'departure_time': 6751, 'departure_day': 'current_day', 'arrival_time': 8220, 'arrival_day': 'current_day', 'steps': [{'duration': 1260, 'departure_time': 6960, 'arrival_time': 8220, 'day': 'current_day', 'from_stop_id': '126-2', 'to_stop_id': '220-2', 'trip_id': '4-1-7', 'agency_name': 'Unknown'}]}"
185,133,9060,intra,right,455,[185],[133],0,0,0,0,9060,9120.0,10470.0,10530.0,1350.0,3.0,185,133,2255.0,11315.0,pt,1470.0,10530.0,1470.0,"{'duration': 1350, 'source_transfer_time': 0, 'waiting_time': 330, 'trip_time': 1020, 'num_transfers': 3, 'departure_time': 9120, 'departure_day': 'current_day', 'arrival_time': 10470, 'arrival_day': 'current_day', 'steps': [{'duration': 90, 'departure_time': 9450, 'arrival_time': 9540, 'day': 'current_day', 'from_stop_id': '185-3', 'to_stop_id': '177-3', 'trip_id': '6-0-6', 'agency_name': 'Unknown'}, {'duration': 330, 'departure_time': 9600, 'arrival_time': 9930, 'day': 'current_day', 'from_stop_id': '177-3', 'to_stop_id': '145-3', 'trip_id': '6-0-11', 'agency_name': 'Unknown'}, {'duration': 30, 'departure_time': 9930, 'arrival_time': 9960, 'day': 'current_day', 'from_stop_id': '145-3', 'to_stop_id': '145-4', 'trip_id': 'walking', 'agency_name': 'Unknown'}, {'duration': 210, 'departure_time': 10260, 'arrival_time': 10470, 'day': 'current_day', 'from_stop_id': '145-4', 'to_stop_id': '133-4', 'trip_id': '9-1-10', 'agency_name': 'Unknown'}]}"
154,199,4020,intra,right,456,[132; 144; 156; 175],[188; 198; 200; 210],1000,751,500,375,4771,4831.0,6150.0,6210.0,1319.0,0.0,144,188,3759.0,7779.0,pt,2565.0,6585.0,2565.0,"{'duration': 1319, 'source_transfer_time': 0, 'waiting_time': 119, 'trip_time': 1200, 'num_transfers': 0, 'departure_time': 4831, 'departure_day': 'current_day', 'arrival_time': 6150, 'arrival_day': 'current_day', 'steps': [{'duration': 1200, 'departure_time': 4950, 'arrival_time': 6150, 'day': 'current_day', 'from_stop_id': '144-4', 'to_stop_id': '188-4', 'trip_id': '9-0-4', 'agency_name': 'Unknown'}]}"
197,166,5340,intra,right,457,[197],[167; 176],0,0,500,375,5340,5400.0,6420.0,6480.0,1020.0,2.0,197,176,2255.0,7595.0,pt,1515.0,6855.0,1515.0,"{'duration': 1020, 'source_transfer_time': 0, 'waiting_time': 30, 'trip_time': 990, 'num_transfers': 2, 'departure_time': 5400, 'departure_day': 'current_day', 'arrival_time': 6420, 'arrival_day': 'current_day', 'steps': [{'duration': 330, 'departure_time': 5430, 'arrival_time': 5760, 'day': 'current_day', 'from_stop_id': '197-5', 'to_stop_id': 'MH-R-5', 'trip_id': '10-1-4', 'agency_name': 'Unknown'}, {'duration': 30, 'departure_time': 5760, 'arrival_time': 5790, 'day': 'current_day', 'from_stop_id': 'MH-R-5', 'to_stop_id': 'MH-R-1', 'trip_id': 'walking', 'agency_name': 'Unknown'}, {'duration': 480, 'departure_time': 5940, 'arrival_time': 6420, 'day': 'current_day', 'from_stop_id': 'MH-R-1', 'to_stop_id': '176-1', 'trip_id': '3-1-4', 'agency_name': 'Unknown'}]}"
167,142,10560,intra,right,458,[167],[131; 141],0,0,500,375,10560,10620.0,12270.0,12330.0,1650.0,2.0,167,141,4135.0,14695.0,pt,2145.0,12705.0,2145.0,"{'duration': 1650, 'source_transfer_time': 0, 'waiting_time': 300, 'trip_time': 1350, 'num_transfers': 2, 'departure_time': 10620, 'departure_day': 'current_day', 'arrival_time': 12270, 'arrival_day': 'current_day', 'steps': [{'duration': 840, 'departure_time': 10920, 'arrival_time': 11760, 'day': 'current_day', 'from_stop_id': '167-3', 'to_stop_id': '150-3', 'trip_id': '6-0-13', 'agency_name': 'Unknown'}, {'duration': 30, 'departure_time': 11760, 'arrival_time': 11790, 'day': 'current_day', 'from_stop_id': '150-3', 'to_stop_id': '150-5', 'trip_id': 'walking', 'agency_name': 'Unknown'}, {'duration': 330, 'departure_time': 11940, 'arrival_time': 12270, 'day': 'current_day', 'from_stop_id': '150-5', 'to_stop_id': '141-5', 'trip_id': '10-1-13', 'agency_name': 'Unknown'}]}"
121,176,8790,intra,right,459,[121],[176],0,0,0,0,8790,8850.0,11220.0,11280.0,2370.0,3.0,121,176,2255.0,11045.0,walking,2255.0,11280.0,2490.0,"{'duration': 2370, 'source_transfer_time': 0, 'waiting_time': 540, 'trip_time': 1830, 'num_transfers': 3, 'departure_time': 8850, 'departure_day': 'current_day', 'arrival_time': 11220, 'arrival_day': 'current_day', 'steps': [{'duration': 1050, 'departure_time': 9390, 'arrival_time': 10440, 'day': 'current_day', 'from_stop_id': '121-4', 'to_stop_id': '238-4', 'trip_id': '9-0-12', 'agency_name': 'Unknown'}, {'duration': 30, 'departure_time': 10440, 'arrival_time': 10470, 'day': 'current_day', 'from_stop_id': '238-4', 'to_stop_id': '238-1', 'trip_id': 'walking', 'agency_name': 'Unknown'}, {'duration': 90, 'departure_time': 10470, 'arrival_time': 10560, 'day': 'current_day', 'from_stop_id': '238-1', 'to_stop_id': 'MH-R-1', 'trip_id': '3-0-12', 'agency_name': 'Unknown'}, {'duration': 480, 'departure_time': 10740, 'arrival_time': 11220, 'day': 'current_day', 'from_stop_id': 'MH-R-1', 'to_stop_id': '176-1', 'trip_id': '3-1-12', 'agency_name': 'Unknown'}]}"
220,149,7110,intra,right,460,[220],[149],0,0,0,0,7110,7170.0,9240.0,9300.0,2070.0,2.0,220,149,3007.0,10117.0,pt,2190.0,9300.0,2190.0,"{'duration': 2070, 'source_transfer_time': 0, 'waiting_time': 510, 'trip_time': 1560, 'num_transfers': 2, 'departure_time': 7170, 'departure_day': 'current_day', 'arrival_time': 9240, 'arrival_day': 'current_day', 'steps': [{'duration': 990, 'departure_time': 7680, 'arrival_time': 8670, 'day': 'current_day', 'from_stop_id': '220-2', 'to_stop_id': '148-2', 'trip_id': '4-0-8', 'agency_name': 'Unknown'}, {'duration': 30, 'departure_time': 8670, 'arrival_time': 8700, 'day': 'current_day', 'from_stop_id': '148-2', 'to_stop_id': '148-3', 'trip_id': 'walking', 'agency_name': 'Unknown'}, {'duration': 90, 'departure_time': 9150, 'arrival_time': 9240, 'day': 'current_day', 'from_stop_id': '148-3', 'to_stop_id': '149-3', 'trip_id': '6-0-9', 'agency_name': 'Unknown'}]}"
226,158,7260,intra,right,461,[226],[147; 157; 159; 169],0,0,500,375,7260,7320.0,9150.0,9210.0,1830.0,2.0,226,159,4135.0,11395.0,pt,2325.0,9585.0,2325.0,"{'duration': 1830, 'source_transfer_time': 0, 'waiting_time': 270, 'trip_time': 1560, 'num_transfers': 2, 'departure_time': 7320, 'departure_day': 'current_day', 'arrival_time': 9150, 'arrival_day': 'current_day', 'steps': [{'duration': 1050, 'departure_time': 7590, 'arrival_time': 8640, 'day': 'current_day', 'from_stop_id': '226-5', 'to_stop_id': '240-5', 'trip_id': '10-1-9', 'agency_name': 'Unknown'}, {'duration': 30, 'departure_time': 8640, 'arrival_time': 8670, 'day': 'current_day', 'from_stop_id': '240-5', 'to_stop_id': '240-2', 'trip_id': 'walking', 'agency_name': 'Unknown'}, {'duration': 480, 'departure_time': 8670, 'arrival_time': 9150, 'day': 'current_day', 'from_stop_id': '240-2', 'to_stop_id': '159-2', 'trip_id': '4-0-9', 'agency_name': 'Unknown'}]}"
236,167,5910,intra,right,462,[236],[167],0,0,0,0,5910,5970.0,8490.0,8550.0,2520.0,5.0,236,167,5263.0,11173.0,pt,2640.0,8550.0,2640.0,"{'duration': 2520, 'source_transfer_time': 0, 'waiting_time': 420, 'trip_time': 2100, 'num_transfers': 5, 'departure_time': 5970, 'departure_day': 'current_day', 'arrival_time': 8490, 'arrival_day': 'current_day', 'steps': [{'duration': 1050, 'departure_time': 6390, 'arrival_time': 7440, 'day': 'current_day', 'from_stop_id': '236-4', 'to_stop_id': '239-4', 'trip_id': '9-1-7', 'agency_name': 'Unknown'}, {'duration': 30, 'departure_time': 7440, 'arrival_time': 7470, 'day': 'current_day', 'from_stop_id': '239-4', 'to_stop_id': '239-1', 'trip_id': 'walking', 'agency_name': 'Unknown'}, {'duration': 360, 'departure_time': 7470, 'arrival_time': 7830, 'day': 'current_day', 'from_stop_id': '239-1', 'to_stop_id': '238-1', 'trip_id': '3-1-7', 'agency_name': 'Unknown'}, {'duration': 210, 'departure_time': 7860, 'arrival_time': 8070, 'day': 'current_day', 'from_stop_id': '238-1', 'to_stop_id': '177-1', 'trip_id': '3-1-7', 'agency_name': 'Unknown'}, {'duration': 30, 'departure_time': 8070, 'arrival_time': 8100, 'day': 'current_day', 'from_stop_id': '177-1', 'to_stop_id': '177-3', 'trip_id': 'walking', 'agency_name': 'Unknown'}, {'duration': 90, 'departure_time': 8400, 'arrival_time': 8490, 'day': 'current_day', 'from_stop_id': '177-3', 'to_stop_id': '167-3', 'trip_id': '6-0-9', 'agency_name': 'Unknown'}]}"
133,236,8880,intra,right,463,[133],[236],0,0,0,0,8880,8940.0,11310.0,11370.0,2370.0,0.0,133,236,6766.0,15646.0,pt,2490.0,11370.0,2490.0,"{'duration': 2370, 'source_transfer_time': 0, 'waiting_time': 90, 'trip_time': 2280, 'num_transfers': 0, 'departure_time': 8940, 'departure_day': 'current_day', 'arrival_time': 11310, 'arrival_day': 'current_day', 'steps': [{'duration': 2280, 'departure_time': 9030, 'arrival_time': 11310, 'day': 'current_day', 'from_stop_id': '133-4', 'to_stop_id': '236-4', 'trip_id': '9-0-11', 'agency_name': 'Unknown'}]}"
214,195,14340,intra,right,464,[213; 225],[195],500,375,0,0,14715,14775.0,16500.0,16560.0,1725.0,2.0,213,195,3383.0,17723.0,pt,2220.0,16560.0,2220.0,"{'duration': 1725, 'source_transfer_time': 0, 'waiting_time': 375, 'trip_time': 1350, 'num_transfers': 2, 'departure_time': 14775, 'departure_day': 'current_day', 'arrival_time': 16500, 'arrival_day': 'current_day', 'steps': [{'duration': 210, 'departure_time': 15150, 'arrival_time': 15360, 'day': 'current_day', 'from_stop_id': '213-4', 'to_stop_id': '201-4', 'trip_id': '9-1-21', 'agency_name': 'Unknown'}, {'duration': 30, 'departure_time': 15360, 'arrival_time': 15390, 'day': 'current_day', 'from_stop_id': '201-4', 'to_stop_id': '201-3', 'trip_id': 'walking', 'agency_name': 'Unknown'}, {'duration': 960, 'departure_time': 15540, 'arrival_time': 16500, 'day': 'current_day', 'from_stop_id': '201-3', 'to_stop_id': '195-3', 'trip_id': '6-0-18', 'agency_name': 'Unknown'}]}"
137,233,8010,intra,right,465,[137],[211; 231],0,0,1000,751,8010,8070.0,9540.0,9600.0,1470.0,0.0,137,231,4135.0,12145.0,pt,2341.0,10351.0,2341.0,"{'duration': 1470, 'source_transfer_time': 0, 'waiting_time': 210, 'trip_time': 1260, 'num_transfers': 0, 'departure_time': 8070, 'departure_day': 'current_day', 'arrival_time': 9540, 'arrival_day': 'current_day', 'steps': [{'duration': 1260, 'departure_time': 8280, 'arrival_time': 9540, 'day': 'current_day', 'from_stop_id': '137-2', 'to_stop_id': '231-2', 'trip_id': '4-1-9', 'agency_name': 'Unknown'}]}"
215,236,13770,intra,right,466,[216; 226],[236],500,375,0,0,14145,14205.0,16110.0,16170.0,1905.0,4.0,216,236,4135.0,17905.0,pt,2400.0,16170.0,2400.0,"{'duration': 1905, 'source_transfer_time': 0, 'waiting_time': 225, 'trip_time': 1680, 'num_transfers': 4, 'departure_time': 14205, 'departure_day': 'current_day', 'arrival_time': 16110, 'arrival_day': 'current_day', 'steps': [{'duration': 330, 'departure_time': 14430, 'arrival_time': 14760, 'day': 'current_day', 'from_stop_id': '216-5', 'to_stop_id': '207-5', 'trip_id': '10-1-20', 'agency_name': 'Unknown'}, {'duration': 30, 'departure_time': 14760, 'arrival_time': 14790, 'day': 'current_day', 'from_stop_id': '207-5', 'to_stop_id': '207-3', 'trip_id': 'walking', 'agency_name': 'Unknown'}, {'duration': 600, 'departure_time': 14880, 'arrival_time': 15480, 'day': 'current_day', 'from_stop_id': '207-3', 'to_stop_id': '212-3', 'trip_id': '6-1-19', 'agency_name': 'Unknown'}, {'duration': 30, 'departure_time': 15480, 'arrival_time': 15510, 'day': 'current_day', 'from_stop_id': '212-3', 'to_stop_id': '212-4', 'trip_id': 'walking', 'agency_name': 'Unknown'}, {'duration': 450, 'departure_time': 15660, 'arrival_time': 16110, 'day': 'current_day', 'from_stop_id': '212-4', 'to_stop_id': '236-4', 'trip_id': '9-0-19', 'agency_name': 'Unknown'}]}"
191,137,13200,intra,right,467,[181; 190],[137],500,375,0,0,13575,13635.0,14820.0,14880.0,1185.0,2.0,181,137,3383.0,16583.0,pt,1680.0,14880.0,1680.0,"{'duration': 1185, 'source_transfer_time': 0, 'waiting_time': 45, 'trip_time': 1140, 'num_transfers': 2, 'departure_time': 13635, 'departure_day': 'current_day', 'arrival_time': 14820, 'arrival_day': 'current_day', 'steps': [{'duration': 480, 'departure_time': 13680, 'arrival_time': 14160, 'day': 'current_day', 'from_stop_id': '181-1', 'to_stop_id': 'MH-R-1', 'trip_id': '3-1-18', 'agency_name': 'Unknown'}, {'duration': 30, 'departure_time': 14160, 'arrival_time': 14190, 'day': 'current_day', 'from_stop_id': 'MH-R-1', 'to_stop_id': 'MH-R-2', 'trip_id': 'walking', 'agency_name': 'Unknown'}, {'duration': 480, 'departure_time': 14340, 'arrival_time': 14820, 'day': 'current_day', 'from_stop_id': 'MH-R-2', 'to_stop_id': '137-2', 'trip_id': '4-0-18', 'agency_name': 'Unknown'}]}"
155,149,5790,intra,right,468,[144; 156],[149],500,375,0,0,6165,6225.0,6840.0,6900.0,615.0,0.0,156,149,2255.0,8045.0,pt,1110.0,6900.0,1110.0,"{'duration': 615, 'source_transfer_time': 0, 'waiting_time': 15, 'trip_time': 600, 'num_transfers': 0, 'departure_time': 6225, 'departure_day': 'current_day', 'arrival_time': 6840, 'arrival_day': 'current_day', 'steps': [{'duration': 600, 'departure_time': 6240, 'arrival_time': 6840, 'day': 'current_day', 'from_stop_id': '156-3', 'to_stop_id': '149-3', 'trip_id': '6-0-5', 'agency_name': 'Unknown'}]}"
174,199,12450,intra,right,469,[182],[188; 198; 200; 210],500,375,500,375,12825,12885.0,13950.0,14010.0,1065.0,2.0,182,188,2631.0,15081.0,pt,1935.0,14385.0,1935.0,"{'duration': 1065, 'source_transfer_time': 0, 'waiting_time': 75, 'trip_time': 990, 'num_transfers': 2, 'departure_time': 12885, 'departure_day': 'current_day', 'arrival_time': 13950, 'arrival_day': 'current_day', 'steps': [{'duration': 480, 'departure_time': 12960, 'arrival_time': 13440, 'day': 'current_day', 'from_stop_id': '182-1', 'to_stop_id': '239-1', 'trip_id': '3-1-17', 'agency_name': 'Unknown'}, {'duration': 30, 'departure_time': 13440, 'arrival_time': 13470, 'day': 'current_day', 'from_stop_id': '239-1', 'to_stop_id': '239-4', 'trip_id': 'walking', 'agency_name': 'Unknown'}, {'duration': 90, 'departure_time': 13860, 'arrival_time': 13950, 'day': 'current_day', 'from_stop_id': '239-4', 'to_stop_id': '188-4', 'trip_id': '9-0-17', 'agency_name': 'Unknown'}]}"
200,206,11070,intra,right,470,[200],[206],0,0,0,0,11070,11130.0,12180.0,12240.0,1050.0,2.0,200,206,2255.0,13325.0,pt,1170.0,12240.0,1170.0,"{'duration': 1050, 'source_transfer_time': 0, 'waiting_time': 90, 'trip_time': 960, 'num_transfers': 2, 'departure_time': 11130, 'departure_day': 'current_day', 'arrival_time': 12180, 'arrival_day': 'current_day', 'steps': [{'duration': 90, 'departure_time': 11220, 'arrival_time': 11310, 'day': 'current_day', 'from_stop_id': '200-4', 'to_stop_id': '201-4', 'trip_id': '9-0-12', 'agency_name': 'Unknown'}, {'duration': 30, 'departure_time': 11310, 'arrival_time': 11340, 'day': 'current_day', 'from_stop_id': '201-4', 'to_stop_id': '201-3', 'trip_id': 'walking', 'agency_name': 'Unknown'}, {'duration': 840, 'departure_time': 11340, 'arrival_time': 12180, 'day': 'current_day', 'from_stop_id': '201-3', 'to_stop_id': '206-3', 'trip_id': '6-0-11', 'agency_name': 'Unknown'}]}"
212,163,7290,intra,right,471,[212],[162],0,0,500,375,7290,7350.0,8310.0,8370.0,960.0,0.0,212,162,2255.0,9545.0,pt,1455.0,8745.0,1455.0,"{'duration': 960, 'source_transfer_time': 0, 'waiting_time': 360, 'trip_time': 600, 'num_transfers': 0, 'departure_time': 7350, 'departure_day': 'current_day', 'arrival_time': 8310, 'arrival_day': 'current_day', 'steps': [{'duration': 600, 'departure_time': 7710, 'arrival_time': 8310, 'day': 'current_day', 'from_stop_id': '212-3', 'to_stop_id': '162-3', 'trip_id': '6-1-6', 'agency_name': 'Unknown'}]}"
216,210,10140,intra,right,472,[216],[210],0,0,0,0,10140,10200.0,11040.0,11100.0,840.0,2.0,216,210,2255.0,12395.0,pt,960.0,11100.0,960.0,"{'duration': 840, 'source_transfer_time': 0, 'waiting_time': 30, 'trip_time': 810, 'num_transfers': 2, 'departure_time': 10200, 'departure_day': 'current_day', 'arrival_time': 11040, 'arrival_day': 'current_day', 'steps': [{'duration': 330, 'departure_time': 10230, 'arrival_time': 10560, 'day': 'current_day', 'from_stop_id': '216-5', 'to_stop_id': '207-5', 'trip_id': '10-1-13', 'agency_name': 'Unknown'}, {'duration': 30, 'departure_time': 10560, 'arrival_time': 10590, 'day': 'current_day', 'from_stop_id': '207-5', 'to_stop_id': '207-3', 'trip_id': 'walking', 'agency_name': 'Unknown'}, {'duration': 360, 'departure_time': 10680, 'arrival_time': 11040, 'day': 'current_day', 'from_stop_id': '207-3', 'to_stop_id': '210-3', 'trip_id': '6-1-12', 'agency_name': 'Unknown'}]}"
176,188,6450,intra,right,473,[176],[188],0,0,0,0,6450,6510.0,7950.0,8010.0,1440.0,2.0,176,188,2255.0,8705.0,pt,1560.0,8010.0,1560.0,"{'duration': 1440, 'source_transfer_time': 0, 'waiting_time': 570, 'trip_time': 870, 'num_transfers': 2, 'departure_time': 6510, 'departure_day': 'current_day', 'arrival_time': 7950, 'arrival_day': 'current_day', 'steps': [{'duration': 360, 'departure_time': 7080, 'arrival_time': 7440, 'day': 'current_day', 'from_stop_id': '176-1', 'to_stop_id': '238-1', 'trip_id': '3-0-7', 'agency_name': 'Unknown'}, {'duration': 30, 'departure_time': 7440, 'arrival_time': 7470, 'day': 'current_day', 'from_stop_id': '238-1', 'to_stop_id': '238-4', 'trip_id': 'walking', 'agency_name': 'Unknown'}, {'duration': 480, 'departure_time': 7470, 'arrival_time': 7950, 'day': 'current_day', 'from_stop_id': '238-4', 'to_stop_id': '188-4', 'trip_id': '9-0-7', 'agency_name': 'Unknown'}]}"
186,144,9120,intra,right,474,[178; 185; 187; 196],[144],500,375,0,0,9495,9555.0,10950.0,11010.0,1395.0,2.0,178,144,2255.0,11375.0,pt,1890.0,11010.0,1890.0,"{'duration': 1395, 'source_transfer_time': 0, 'waiting_time': 195, 'trip_time': 1200, 'num_transfers': 2, 'departure_time': 9555, 'departure_day': 'current_day', 'arrival_time': 10950, 'arrival_day': 'current_day', 'steps': [{'duration': 90, 'departure_time': 9750, 'arrival_time': 9840, 'day': 'current_day', 'from_stop_id': '178-1', 'to_stop_id': '238-1', 'trip_id': '3-0-11', 'agency_name': 'Unknown'}, {'duration': 30, 'departure_time': 9840, 'arrival_time': 9870, 'day': 'current_day', 'from_stop_id': '238-1', 'to_stop_id': '238-4', 'trip_id': 'walking', 'agency_name': 'Unknown'}, {'duration': 690, 'departure_time': 10260, 'arrival_time': 10950, 'day': 'current_day', 'from_stop_id': '238-4', 'to_stop_id': '144-4', 'trip_id': '9-1-11', 'agency_name': 'Unknown'}]}"
160,223,13470,intra,right,475,[160],[212; 224],0,0,500,375,13470,13530.0,15030.0,15090.0,1500.0,2.0,160,212,3007.0,16477.0,pt,1995.0,15465.0,1995.0,"{'duration': 1500, 'source_transfer_time': 0, 'waiting_time': 300, 'trip_time': 1200, 'num_transfers': 2, 'departure_time': 13530, 'departure_day': 'current_day', 'arrival_time': 15030, 'arrival_day': 'current_day', 'steps': [{'duration': 330, 'departure_time': 13830, 'arrival_time': 14160, 'day': 'current_day', 'from_stop_id': '160-5', 'to_stop_id': 'MH-R-5', 'trip_id': '10-0-18', 'agency_name': 'Unknown'}, {'duration': 30, 'departure_time': 14160, 'arrival_time': 14190, 'day': 'current_day', 'from_stop_id': 'MH-R-5', 'to_stop_id': 'MH-R-4', 'trip_id': 'walking', 'agency_name': 'Unknown'}, {'duration': 690, 'departure_time': 14340, 'arrival_time': 15030, 'day': 'current_day', 'from_stop_id': 'MH-R-4', 'to_stop_id': '212-4', 'trip_id': '9-0-18', 'agency_name': 'Unknown'}]}"
235,229,11460,intra,right,476,[224; 236],[207; 217; 227; 231],500,375,1000,751,11835,11895.0,13260.0,13320.0,1365.0,2.0,224,207,2255.0,13715.0,walking,2255.0,14071.0,2611.0,"{'duration': 1365, 'source_transfer_time': 0, 'waiting_time': 135, 'trip_time': 1230, 'num_transfers': 2, 'departure_time': 11895, 'departure_day': 'current_day', 'arrival_time': 13260, 'arrival_day': 'current_day', 'steps': [{'duration': 330, 'departure_time': 12030, 'arrival_time': 12360, 'day': 'current_day', 'from_stop_id': '224-4', 'to_stop_id': '201-4', 'trip_id': '9-1-16', 'agency_name': 'Unknown'}, {'duration': 30, 'departure_time': 12360, 'arrival_time': 12390, 'day': 'current_day', 'from_stop_id': '201-4', 'to_stop_id': '201-3', 'trip_id': 'walking', 'agency_name': 'Unknown'}, {'duration': 720, 'departure_time': 12540, 'arrival_time': 13260, 'day': 'current_day', 'from_stop_id': '201-3', 'to_stop_id': '207-3', 'trip_id': '6-0-13', 'agency_name': 'Unknown'}]}"
237,235,12450,intra,right,477,[237],[224; 236],0,0,500,375,12450,12510.0,14070.0,14130.0,1560.0,2.0,237,224,3759.0,16209.0,pt,2055.0,14505.0,2055.0,"{'duration': 1560, 'source_transfer_time': 0, 'waiting_time': 360, 'trip_time': 1200, 'num_transfers': 2, 'departure_time': 12510, 'departure_day': 'current_day', 'arrival_time': 14070, 'arrival_day': 'current_day', 'steps': [{'duration': 90, 'departure_time': 12870, 'arrival_time': 12960, 'day': 'current_day', 'from_stop_id': '237-2', 'to_stop_id': 'MH-R-2', 'trip_id': '4-1-16', 'agency_name': 'Unknown'}, {'duration': 30, 'departure_time': 12960, 'arrival_time': 12990, 'day': 'current_day', 'from_stop_id': 'MH-R-2', 'to_stop_id': 'MH-R-4', 'trip_id': 'walking', 'agency_name': 'Unknown'}, {'duration': 930, 'departure_time': 13140, 'arrival_time': 14070, 'day': 'current_day', 'from_stop_id': 'MH-R-4', 'to_stop_id': '224-4', 'trip_id': '9-0-16', 'agency_name': 'Unknown'}]}"
193,134,8010,intra,right,478,[175; 195],[133; 145],1000,751,500,375,8761,8821.0,9930.0,9990.0,1109.0,2.0,175,145,3007.0,11017.0,pt,2355.0,10365.0,2355.0,"{'duration': 1109, 'source_transfer_time': 0, 'waiting_time': 539, 'trip_time': 570, 'num_transfers': 2, 'departure_time': 8821, 'departure_day': 'current_day', 'arrival_time': 9930, 'arrival_day': 'current_day', 'steps': [{'duration': 210, 'departure_time': 9360, 'arrival_time': 9570, 'day': 'current_day', 'from_stop_id': '175-1', 'to_stop_id': '177-1', 'trip_id': '3-0-11', 'agency_name': 'Unknown'}, {'duration': 30, 'departure_time': 9570, 'arrival_time': 9600, 'day': 'current_day', 'from_stop_id': '177-1', 'to_stop_id': '177-3', 'trip_id': 'walking', 'agency_name': 'Unknown'}, {'duration': 330, 'departure_time': 9600, 'arrival_time': 9930, 'day': 'current_day', 'from_stop_id': '177-3', 'to_stop_id': '145-3', 'trip_id': '6-0-11', 'agency_name': 'Unknown'}]}"
133,139,8610,intra,right,479,[133],[140; 150],0,0,500,375,8610,8670.0,9960.0,10020.0,1290.0,2.0,133,150,2255.0,10865.0,pt,1785.0,10395.0,1785.0,"{'duration': 1290, 'source_transfer_time': 0, 'waiting_time': 360, 'trip_time': 930, 'num_transfers': 2, 'departure_time': 8670, 'departure_day': 'current_day', 'arrival_time': 9960, 'arrival_day': 'current_day', 'steps': [{'duration': 210, 'departure_time': 9030, 'arrival_time': 9240, 'day': 'current_day', 'from_stop_id': '133-4', 'to_stop_id': '145-4', 'trip_id': '9-0-11', 'agency_name': 'Unknown'}, {'duration': 30, 'departure_time': 9240, 'arrival_time': 9270, 'day': 'current_day', 'from_stop_id': '145-4', 'to_stop_id': '145-3', 'trip_id': 'walking', 'agency_name': 'Unknown'}, {'duration': 600, 'departure_time': 9360, 'arrival_time': 9960, 'day': 'current_day', 'from_stop_id': '145-3', 'to_stop_id': '150-3', 'trip_id': '6-0-10', 'agency_name': 'Unknown'}]}"
241,236,10410,intra,right,480,[241],[236],0,0,0,0,10410,10470.0,11910.0,11970.0,1440.0,0.0,MH-R,236,3759.0,14169.0,pt,1560.0,11970.0,1560.0,"{'duration': 1440, 'source_transfer_time': 0, 'waiting_time': 270, 'trip_time': 1170, 'num_transfers': 0, 'departure_time': 10470, 'departure_day': 'current_day', 'arrival_time': 11910, 'arrival_day': 'current_day', 'steps': [{'duration': 1170, 'departure_time': 10740, 'arrival_time': 11910, 'day': 'current_day', 'from_stop_id': 'MH-R-4', 'to_stop_id': '236-4', 'trip_id': '9-0-12', 'agency_name': 'Unknown'}]}"
167,225,7320,intra,right,481,[167],[225],0,0,0,0,7320,7380.0,9390.0,9450.0,2010.0,3.0,167,225,4887.0,12207.0,pt,2130.0,9450.0,2130.0,"{'duration': 2010, 'source_transfer_time': 0, 'waiting_time': 270, 'trip_time': 1740, 'num_transfers': 3, 'departure_time': 7380, 'departure_day': 'current_day', 'arrival_time': 9390, 'arrival_day': 'current_day', 'steps': [{'duration': 90, 'departure_time': 7650, 'arrival_time': 7740, 'day': 'current_day', 'from_stop_id': '167-3', 'to_stop_id': '177-3', 'trip_id': '6-1-3', 'agency_name': 'Unknown'}, {'duration': 1080, 'departure_time': 7800, 'arrival_time': 8880, 'day': 'current_day', 'from_stop_id': '177-3', 'to_stop_id': '212-3', 'trip_id': '6-1-8', 'agency_name': 'Unknown'}, {'duration': 30, 'departure_time': 8880, 'arrival_time': 8910, 'day': 'current_day', 'from_stop_id': '212-3', 'to_stop_id': '212-4', 'trip_id': 'walking', 'agency_name': 'Unknown'}, {'duration': 330, 'departure_time': 9060, 'arrival_time': 9390, 'day': 'current_day', 'from_stop_id': '212-4', 'to_stop_id': '225-4', 'trip_id': '9-0-8', 'agency_name': 'Unknown'}]}"
138,236,7890,intra,right,482,[137; 149],[236],500,375,0,0,8265,8325.0,10110.0,10170.0,1785.0,3.0,149,236,4887.0,12777.0,pt,2280.0,10170.0,2280.0,"{'duration': 1785, 'source_transfer_time': 0, 'waiting_time': 345, 'trip_time': 1440, 'num_transfers': 3, 'departure_time': 8325, 'departure_day': 'current_day', 'arrival_time': 10110, 'arrival_day': 'current_day', 'steps': [{'duration': 840, 'departure_time': 8670, 'arrival_time': 9510, 'day': 'current_day', 'from_stop_id': '149-3', 'to_stop_id': '201-3', 'trip_id': '6-0-8', 'agency_name': 'Unknown'}, {'duration': 30, 'departure_time': 9510, 'arrival_time': 9540, 'day': 'current_day', 'from_stop_id': '201-3', 'to_stop_id': '201-4', 'trip_id': 'walking', 'agency_name': 'Unknown'}, {'duration': 90, 'departure_time': 9540, 'arrival_time': 9630, 'day': 'current_day', 'from_stop_id': '201-4', 'to_stop_id': '212-4', 'trip_id': '9-0-9', 'agency_name': 'Unknown'}, {'duration': 450, 'departure_time': 9660, 'arrival_time': 10110, 'day': 'current_day', 'from_stop_id': '212-4', 'to_stop_id': '236-4', 'trip_id': '9-0-9', 'agency_name': 'Unknown'}]}"
141,175,6780,intra,right,483,[141],[175],0,0,0,0,6780,6840.0,8940.0,9000.0,2100.0,2.0,141,175,4887.0,11667.0,pt,2220.0,9000.0,2220.0,"{'duration': 2100, 'source_transfer_time': 0, 'waiting_time': 390, 'trip_time': 1710, 'num_transfers': 2, 'departure_time': 6840, 'departure_day': 'current_day', 'arrival_time': 8940, 'arrival_day': 'current_day', 'steps': [{'duration': 930, 'departure_time': 7230, 'arrival_time': 8160, 'day': 'current_day', 'from_stop_id': '141-5', 'to_stop_id': 'MH-R-5', 'trip_id': '10-0-8', 'agency_name': 'Unknown'}, {'duration': 30, 'departure_time': 8160, 'arrival_time': 8190, 'day': 'current_day', 'from_stop_id': 'MH-R-5', 'to_stop_id': 'MH-R-1', 'trip_id': 'walking', 'agency_name': 'Unknown'}, {'duration': 600, 'departure_time': 8340, 'arrival_time': 8940, 'day': 'current_day', 'from_stop_id': 'MH-R-1', 'to_stop_id': '175-1', 'trip_id': '3-1-8', 'agency_name': 'Unknown'}]}"
147,211,4350,intra,right,484,[147],[211],0,0,0,0,4350,4410.0,6150.0,6210.0,1740.0,0.0,147,211,3383.0,7733.0,pt,1860.0,6210.0,1860.0,"{'duration': 1740, 'source_transfer_time': 0, 'waiting_time': 390, 'trip_time': 1350, 'num_transfers': 0, 'departure_time': 4410, 'departure_day': 'current_day', 'arrival_time': 6150, 'arrival_day': 'current_day', 'steps': [{'duration': 1350, 'departure_time': 4800, 'arrival_time': 6150, 'day': 'current_day', 'from_stop_id': '147-3', 'to_stop_id': '211-3', 'trip_id': '6-0-2', 'agency_name': 'Unknown'}]}"
158,216,6840,intra,right,485,[147; 157; 159; 169],[216],500,375,0,0,7215,7275.0,8670.0,8730.0,1395.0,3.0,159,216,3383.0,10223.0,pt,1890.0,8730.0,1890.0,"{'duration': 1395, 'source_transfer_time': 0, 'waiting_time': 75, 'trip_time': 1320, 'num_transfers': 3, 'departure_time': 7275, 'departure_day': 'current_day', 'arrival_time': 8670, 'arrival_day': 'current_day', 'steps': [{'duration': 90, 'departure_time': 7350, 'arrival_time': 7440, 'day': 'current_day', 'from_stop_id': '159-2', 'to_stop_id': '237-2', 'trip_id': '4-1-7', 'agency_name': 'Unknown'}, {'duration': 30, 'departure_time': 7440, 'arrival_time': 7470, 'day': 'current_day', 'from_stop_id': '237-2', 'to_stop_id': '237-5', 'trip_id': 'walking', 'agency_name': 'Unknown'}, {'duration': 360, 'departure_time': 7470, 'arrival_time': 7830, 'day': 'current_day', 'from_stop_id': '237-5', 'to_stop_id': '240-5', 'trip_id': '10-0-7', 'agency_name': 'Unknown'}, {'duration': 810, 'departure_time': 7860, 'arrival_time': 8670, 'day': 'current_day', 'from_stop_id': '240-5', 'to_stop_id': '216-5', 'trip_id': '10-0-7', 'agency_name': 'Unknown'}]}"
218,122,8400,intra,right,486,[207; 217],[121; 133],500,375,500,375,8775,8835.0,10470.0,10530.0,1635.0,3.0,207,133,4135.0,12535.0,pt,2505.0,10905.0,2505.0,"{'duration': 1635, 'source_transfer_time': 0, 'waiting_time': 255, 'trip_time': 1380, 'num_transfers': 3, 'departure_time': 8835, 'departure_day': 'current_day', 'arrival_time': 10470, 'arrival_day': 'current_day', 'steps': [{'duration': 450, 'departure_time': 9090, 'arrival_time': 9540, 'day': 'current_day', 'from_stop_id': '207-3', 'to_stop_id': '177-3', 'trip_id': '6-0-6', 'agency_name': 'Unknown'}, {'duration': 210, 'departure_time': 9600, 'arrival_time': 9810, 'day': 'current_day', 'from_stop_id': '177-3', 'to_stop_id': '156-3', 'trip_id': '6-0-11', 'agency_name': 'Unknown'}, {'duration': 30, 'departure_time': 9810, 'arrival_time': 9840, 'day': 'current_day', 'from_stop_id': '156-3', 'to_stop_id': '156-4', 'trip_id': 'walking', 'agency_name': 'Unknown'}, {'duration': 330, 'departure_time': 10140, 'arrival_time': 10470, 'day': 'current_day', 'from_stop_id': '156-4', 'to_stop_id': '133-4', 'trip_id': '9-1-10', 'agency_name': 'Unknown'}]}"
202,121,5640,intra,right,487,[201; 213],[121],500,375,0,0,6015,6075.0,8310.0,8370.0,2235.0,0.0,201,121,6015.0,11655.0,pt,2730.0,8370.0,2730.0,"{'duration': 2235, 'source_transfer_time': 0, 'waiting_time': 315, 'trip_time': 1920, 'num_transfers': 0, 'departure_time': 6075, 'departure_day': 'current_day', 'arrival_time': 8310, 'arrival_day': 'current_day', 'steps': [{'duration': 1920, 'departure_time': 6390, 'arrival_time': 8310, 'day': 'current_day', 'from_stop_id': '201-4', 'to_stop_id': '121-4', 'trip_id': '9-1-6', 'agency_name': 'Unknown'}]}"
219,124,6630,intra,right,488,[208; 220],[126; 146],500,375,1000,751,7005,7065.0,8250.0,8310.0,1185.0,1.0,208,146,3759.0,10389.0,pt,2431.0,9061.0,2431.0,"{'duration': 1185, 'source_transfer_time': 0, 'waiting_time': 105, 'trip_time': 1080, 'num_transfers': 1, 'departure_time': 7065, 'departure_day': 'current_day', 'arrival_time': 8250, 'arrival_day': 'current_day', 'steps': [{'duration': 570, 'departure_time': 7170, 'arrival_time': 7740, 'day': 'current_day', 'from_stop_id': '208-3', 'to_stop_id': '177-3', 'trip_id': '6-0-3', 'agency_name': 'Unknown'}, {'duration': 450, 'departure_time': 7800, 'arrival_time': 8250, 'day': 'current_day', 'from_stop_id': '177-3', 'to_stop_id': '146-3', 'trip_id': '6-0-8', 'agency_name': 'Unknown'}]}"
157,234,11190,intra,right,489,[157],[212; 224; 236],0,0,1000,751,11190,11250.0,12630.0,12690.0,1380.0,0.0,157,212,4511.0,15701.0,pt,2251.0,13441.0,2251.0,"{'duration': 1380, 'source_transfer_time': 0, 'waiting_time': 60, 'trip_time': 1320, 'num_transfers': 0, 'departure_time': 11250, 'departure_day': 'current_day', 'arrival_time': 12630, 'arrival_day': 'current_day', 'steps': [{'duration': 1320, 'departure_time': 11310, 'arrival_time': 12630, 'day': 'current_day', 'from_stop_id': '157-4', 'to_stop_id': '212-4', 'trip_id': '9-0-14', 'agency_name': 'Unknown'}]}"
224,140,13080,intra,right,490,[224],[140],0,0,0,0,13080,13140.0,14550.0,14610.0,1410.0,4.0,224,140,3383.0,16463.0,pt,1530.0,14610.0,1530.0,"{'duration': 1410, 'source_transfer_time': 0, 'waiting_time': 90, 'trip_time': 1320, 'num_transfers': 4, 'departure_time': 13140, 'departure_day': 'current_day', 'arrival_time': 14550, 'arrival_day': 'current_day', 'steps': [{'duration': 330, 'departure_time': 13230, 'arrival_time': 13560, 'day': 'current_day', 'from_stop_id': '224-4', 'to_stop_id': '201-4', 'trip_id': '9-1-18', 'agency_name': 'Unknown'}, {'duration': 30, 'departure_time': 13560, 'arrival_time': 13590, 'day': 'current_day', 'from_stop_id': '201-4', 'to_stop_id': '201-3', 'trip_id': 'walking', 'agency_name': 'Unknown'}, {'duration': 600, 'departure_time': 13830, 'arrival_time': 14430, 'day': 'current_day', 'from_stop_id': '201-3', 'to_stop_id': '151-3', 'trip_id': '6-1-16', 'agency_name': 'Unknown'}, {'duration': 30, 'departure_time': 14430, 'arrival_time': 14460, 'day': 'current_day', 'from_stop_id': '151-3', 'to_stop_id': '151-5', 'trip_id': 'walking', 'agency_name': 'Unknown'}, {'duration': 90, 'departure_time': 14460, 'arrival_time': 14550, 'day': 'current_day', 'from_stop_id': '151-5', 'to_stop_id': '140-5', 'trip_id': '10-1-17', 'agency_name': 'Unknown'}]}"
151,199,8880,intra,right,491,[151],[188; 198; 200; 210],0,0,500,375,8880,8940.0,10350.0,10410.0,1410.0,2.0,151,188,2631.0,11511.0,pt,1905.0,10785.0,1905.0,"{'duration': 1410, 'source_transfer_time': 0, 'waiting_time': 330, 'trip_time': 1080, 'num_transfers': 2, 'departure_time': 8940, 'departure_day': 'current_day', 'arrival_time': 10350, 'arrival_day': 'current_day', 'steps': [{'duration': 690, 'departure_time': 9270, 'arrival_time': 9960, 'day': 'current_day', 'from_stop_id': '151-5', 'to_stop_id': 'MH-R-5', 'trip_id': '10-0-11', 'agency_name': 'Unknown'}, {'duration': 30, 'departure_time': 9960, 'arrival_time': 9990, 'day': 'current_day', 'from_stop_id': 'MH-R-5', 'to_stop_id': 'MH-R-4', 'trip_id': 'walking', 'agency_name': 'Unknown'}, {'duration': 210, 'departure_time': 10140, 'arrival_time': 10350, 'day': 'current_day', 'from_stop_id': 'MH-R-4', 'to_stop_id': '188-4', 'trip_id': '9-0-11', 'agency_name': 'Unknown'}]}"
234,128,9690,intra,right,492,[212; 224; 236],[126; 130; 140; 150],1000,751,1000,751,10441,10501.0,11550.0,11610.0,1049.0,2.0,212,140,4135.0,13825.0,pt,2671.0,12361.0,2671.0,"{'duration': 1049, 'source_transfer_time': 0, 'waiting_time': 209, 'trip_time': 840, 'num_transfers': 2, 'departure_time': 10501, 'departure_day': 'current_day', 'arrival_time': 11550, 'arrival_day': 'current_day', 'steps': [{'duration': 720, 'departure_time': 10710, 'arrival_time': 11430, 'day': 'current_day', 'from_stop_id': '212-3', 'to_stop_id': '151-3', 'trip_id': '6-1-11', 'agency_name': 'Unknown'}, {'duration': 30, 'departure_time': 11430, 'arrival_time': 11460, 'day': 'current_day', 'from_stop_id': '151-3', 'to_stop_id': '151-5', 'trip_id': 'walking', 'agency_name': 'Unknown'}, {'duration': 90, 'departure_time': 11460, 'arrival_time': 11550, 'day': 'current_day', 'from_stop_id': '151-5', 'to_stop_id': '140-5', 'trip_id': '10-1-12', 'agency_name': 'Unknown'}]}"
126,197,6210,intra,right,493,[126],[197],0,0,0,0,6210,6270.0,7470.0,7530.0,1200.0,3.0,126,197,3007.0,9217.0,pt,1320.0,7530.0,1320.0,"{'duration': 1200, 'source_transfer_time': 0, 'waiting_time': 90, 'trip_time': 1110, 'num_transfers': 3, 'departure_time': 6270, 'departure_day': 'current_day', 'arrival_time': 7470, 'arrival_day': 'current_day', 'steps': [{'duration': 480, 'departure_time': 6360, 'arrival_time': 6840, 'day': 'current_day', 'from_stop_id': '126-2', 'to_stop_id': '237-2', 'trip_id': '4-1-6', 'agency_name': 'Unknown'}, {'duration': 30, 'departure_time': 6840, 'arrival_time': 6870, 'day': 'current_day', 'from_stop_id': '237-2', 'to_stop_id': '237-5', 'trip_id': 'walking', 'agency_name': 'Unknown'}, {'duration': 360, 'departure_time': 6870, 'arrival_time': 7230, 'day': 'current_day', 'from_stop_id': '237-5', 'to_stop_id': '240-5', 'trip_id': '10-0-6', 'agency_name': 'Unknown'}, {'duration': 210, 'departure_time': 7260, 'arrival_time': 7470, 'day': 'current_day', 'from_stop_id': '240-5', 'to_stop_id': '197-5', 'trip_id': '10-0-6', 'agency_name': 'Unknown'}]}"
228,182,9600,intra,right,494,[217; 227],[182],500,375,0,0,9975,10035.0,11940.0,12000.0,1905.0,2.0,217,182,4887.0,14487.0,pt,2400.0,12000.0,2400.0,"{'duration': 1905, 'source_transfer_time': 0, 'waiting_time': 315, 'trip_time': 1590, 'num_transfers': 2, 'departure_time': 10035, 'departure_day': 'current_day', 'arrival_time': 11940, 'arrival_day': 'current_day', 'steps': [{'duration': 810, 'departure_time': 10350, 'arrival_time': 11160, 'day': 'current_day', 'from_stop_id': '217-5', 'to_stop_id': 'MH-R-5', 'trip_id': '10-1-13', 'agency_name': 'Unknown'}, {'duration': 30, 'departure_time': 11160, 'arrival_time': 11190, 'day': 'current_day', 'from_stop_id': 'MH-R-5', 'to_stop_id': 'MH-R-1', 'trip_id': 'walking', 'agency_name': 'Unknown'}, {'duration': 600, 'departure_time': 11340, 'arrival_time': 11940, 'day': 'current_day', 'from_stop_id': 'MH-R-1', 'to_stop_id': '182-1', 'trip_id': '3-0-13', 'agency_name': 'Unknown'}]}"
122,170,12870,intra,right,495,[121; 133],[170],500,375,0,0,13245,13305.0,15120.0,15180.0,1815.0,4.0,121,170,3383.0,16253.0,pt,2310.0,15180.0,2310.0,"{'duration': 1815, 'source_transfer_time': 0, 'waiting_time': 285, 'trip_time': 1530, 'num_transfers': 4, 'departure_time': 13305, 'departure_day': 'current_day', 'arrival_time': 15120, 'arrival_day': 'current_day', 'steps': [{'duration': 450, 'departure_time': 13590, 'arrival_time': 14040, 'day': 'current_day', 'from_stop_id': '121-4', 'to_stop_id': '145-4', 'trip_id': '9-0-19', 'agency_name': 'Unknown'}, {'duration': 30, 'departure_time': 14040, 'arrival_time': 14070, 'day': 'current_day', 'from_stop_id': '145-4', 'to_stop_id': '145-3', 'trip_id': 'walking', 'agency_name': 'Unknown'}, {'duration': 600, 'departure_time': 14160, 'arrival_time': 14760, 'day': 'current_day', 'from_stop_id': '145-3', 'to_stop_id': '150-3', 'trip_id': '6-0-18', 'agency_name': 'Unknown'}, {'duration': 30, 'departure_time': 14760, 'arrival_time': 14790, 'day': 'current_day', 'from_stop_id': '150-3', 'to_stop_id': '150-5', 'trip_id': 'walking', 'agency_name': 'Unknown'}, {'duration': 330, 'departure_time': 14790, 'arrival_time': 15120, 'day': 'current_day', 'from_stop_id': '150-5', 'to_stop_id': '170-5', 'trip_id': '10-0-20', 'agency_name': 'Unknown'}]}"
167,137,11940,intra,right,496,[167],[137],0,0,0,0,11940,12000.0,13020.0,13080.0,1020.0,2.0,167,137,2255.0,14195.0,pt,1140.0,13080.0,1140.0,"{'duration': 1020, 'source_transfer_time': 0, 'waiting_time': 120, 'trip_time': 900, 'num_transfers': 2, 'departure_time': 12000, 'departure_day': 'current_day', 'arrival_time': 13020, 'arrival_day': 'current_day', 'steps': [{'duration': 570, 'departure_time': 12120, 'arrival_time': 12690, 'day': 'current_day', 'from_stop_id': '167-3', 'to_stop_id': '148-3', 'trip_id': '6-0-15', 'agency_name': 'Unknown'}, {'duration': 30, 'departure_time': 12690, 'arrival_time': 12720, 'day': 'current_day', 'from_stop_id': '148-3', 'to_stop_id': '148-2', 'trip_id': 'walking', 'agency_name': 'Unknown'}, {'duration': 90, 'departure_time': 12930, 'arrival_time': 13020, 'day': 'current_day', 'from_stop_id': '148-2', 'to_stop_id': '137-2', 'trip_id': '4-0-15', 'agency_name': 'Unknown'}]}"
206,235,13380,intra,right,497,[206],[224; 236],0,0,500,375,13380,13440.0,14670.0,14730.0,1230.0,2.0,206,224,3383.0,16763.0,pt,1725.0,15105.0,1725.0,"{'duration': 1230, 'source_transfer_time': 0, 'waiting_time': 120, 'trip_time': 1110, 'num_transfers': 2, 'departure_time': 13440, 'departure_day': 'current_day', 'arrival_time': 14670, 'arrival_day': 'current_day', 'steps': [{'duration': 720, 'departure_time': 13560, 'arrival_time': 14280, 'day': 'current_day', 'from_stop_id': '206-3', 'to_stop_id': '212-3', 'trip_id': '6-1-17', 'agency_name': 'Unknown'}, {'duration': 30, 'departure_time': 14280, 'arrival_time': 14310, 'day': 'current_day', 'from_stop_id': '212-3', 'to_stop_id': '212-4', 'trip_id': 'walking', 'agency_name': 'Unknown'}, {'duration': 210, 'departure_time': 14460, 'arrival_time': 14670, 'day': 'current_day', 'from_stop_id': '212-4', 'to_stop_id': '224-4', 'trip_id': '9-0-17', 'agency_name': 'Unknown'}]}"
241,127,4050,intra,right,498,[241],[126],0,0,500,375,4050,4110.0,4740.0,4800.0,630.0,0.0,MH-R,126,2255.0,6305.0,pt,1125.0,5175.0,1125.0,"{'duration': 630, 'source_transfer_time': 0, 'waiting_time': 30, 'trip_time': 600, 'num_transfers': 0, 'departure_time': 4110, 'departure_day': 'current_day', 'arrival_time': 4740, 'arrival_day': 'current_day', 'steps': [{'duration': 600, 'departure_time': 4140, 'arrival_time': 4740, 'day': 'current_day', 'from_stop_id': 'MH-R-2', 'to_stop_id': '126-2', 'trip_id': '4-0-1', 'agency_name': 'Unknown'}]}"
190,165,5880,intra,right,499,[190],[175],0,0,500,375,5880,5940.0,7740.0,7800.0,1800.0,2.0,190,175,3759.0,9639.0,pt,2295.0,8175.0,2295.0,"{'duration': 1800, 'source_transfer_time': 0, 'waiting_time': 210, 'trip_time': 1590, 'num_transfers': 2, 'departure_time': 5940, 'departure_day': 'current_day', 'arrival_time': 7740, 'arrival_day': 'current_day', 'steps': [{'duration': 90, 'departure_time': 6150, 'arrival_time': 6240, 'day': 'current_day', 'from_stop_id': '190-3', 'to_stop_id': '180-3', 'trip_id': '6-1-3', 'agency_name': 'Unknown'}, {'duration': 30, 'departure_time': 6240, 'arrival_time': 6270, 'day': 'current_day', 'from_stop_id': '180-3', 'to_stop_id': '180-1', 'trip_id': 'walking', 'agency_name': 'Unknown'}, {'duration': 1110, 'departure_time': 6630, 'arrival_time': 7740, 'day': 'current_day', 'from_stop_id': '180-1', 'to_stop_id': '175-1', 'trip_id': '3-1-6', 'agency_name': 'Unknown'}]}"
195,192,11520,intra,right,500,[195],[182],0,0,500,375,11520,11580.0,13140.0,13200.0,1560.0,2.0,195,182,3383.0,14903.0,pt,2055.0,13575.0,2055.0,"{'duration': 1560, 'source_transfer_time': 0, 'waiting_time': 60, 'trip_time': 1500, 'num_transfers': 2, 'departure_time': 11580, 'departure_day': 'current_day', 'arrival_time': 13140, 'arrival_day': 'current_day', 'steps': [{'duration': 1200, 'departure_time': 11640, 'arrival_time': 12840, 'day': 'current_day', 'from_stop_id': '195-3', 'to_stop_id': '180-3', 'trip_id': '6-1-14', 'agency_name': 'Unknown'}, {'duration': 30, 'departure_time': 12840, 'arrival_time': 12870, 'day': 'current_day', 'from_stop_id': '180-3', 'to_stop_id': '180-1', 'trip_id': 'walking', 'agency_name': 'Unknown'}, {'duration': 210, 'departure_time': 12930, 'arrival_time': 13140, 'day': 'current_day', 'from_stop_id': '180-1', 'to_stop_id': '182-1', 'trip_id': '3-0-15', 'agency_name': 'Unknown'}]}"
175,161,3660,intra,right,501,[175],[161],0,0,0,0,3660,3720.0,5190.0,5250.0,1470.0,2.0,175,161,3383.0,7043.0,pt,1590.0,5250.0,1590.0,"{'duration': 1470, 'source_transfer_time': 0, 'waiting_time': 240, 'trip_time': 1230, 'num_transfers': 2, 'departure_time': 3720, 'departure_day': 'current_day', 'arrival_time': 5190, 'arrival_day': 'current_day', 'steps': [{'duration': 600, 'departure_time': 3960, 'arrival_time': 4560, 'day': 'current_day', 'from_stop_id': '175-1', 'to_stop_id': 'MH-R-1', 'trip_id': '3-0-2', 'agency_name': 'Unknown'}, {'duration': 30, 'departure_time': 4560, 'arrival_time': 4590, 'day': 'current_day', 'from_stop_id': 'MH-R-1', 'to_stop_id': 'MH-R-5', 'trip_id': 'walking', 'agency_name': 'Unknown'}, {'duration': 450, 'departure_time': 4740, 'arrival_time': 5190, 'day': 'current_day', 'from_stop_id': 'MH-R-5', 'to_stop_id': '161-5', 'trip_id': '10-1-2', 'agency_name': 'Unknown'}]}"
127,205,10470,intra,right,502,[126],[206; 216],500,375,500,375,10845,10905.0,12630.0,12690.0,1725.0,3.0,126,206,4887.0,15357.0,pt,2595.0,13065.0,2595.0,"{'duration': 1725, 'source_transfer_time': 0, 'waiting_time': 255, 'trip_time': 1470, 'num_transfers': 3, 'departure_time': 10905, 'departure_day': 'current_day', 'arrival_time': 12630, 'arrival_day': 'current_day', 'steps': [{'duration': 480, 'departure_time': 11160, 'arrival_time': 11640, 'day': 'current_day', 'from_stop_id': '126-2', 'to_stop_id': '237-2', 'trip_id': '4-1-14', 'agency_name': 'Unknown'}, {'duration': 30, 'departure_time': 11640, 'arrival_time': 11670, 'day': 'current_day', 'from_stop_id': '237-2', 'to_stop_id': '237-5', 'trip_id': 'walking', 'agency_name': 'Unknown'}, {'duration': 360, 'departure_time': 11670, 'arrival_time': 12030, 'day': 'current_day', 'from_stop_id': '237-5', 'to_stop_id': '240-5', 'trip_id': '10-0-14', 'agency_name': 'Unknown'}, {'duration': 570, 'departure_time': 12060, 'arrival_time': 12630, 'day': 'current_day', 'from_stop_id': '240-5', 'to_stop_id': '206-5', 'trip_id': '10-0-14', 'agency_name': 'Unknown'}]}"
194,203,10140,intra,right,503,[195],[182; 201; 213; 225],500,375,1000,751,10515,10575.0,12000.0,12060.0,1425.0,0.0,195,201,3383.0,13523.0,pt,2671.0,12811.0,2671.0,"{'duration': 1425, 'source_transfer_time': 0, 'waiting_time': 465, 'trip_time': 960, 'num_transfers': 0, 'departure_time': 10575, 'departure_day': 'current_day', 'arrival_time': 12000, 'arrival_day': 'current_day', 'steps': [{'duration': 960, 'departure_time': 11040, 'arrival_time': 12000, 'day': 'current_day', 'from_stop_id': '195-3', 'to_stop_id': '201-3', 'trip_id': '6-1-13', 'agency_name': 'Unknown'}]}"
197,191,7050,intra,right,504,[197],[181; 190],0,0,500,375,7050,7110.0,8190.0,8250.0,1080.0,4.0,197,190,2255.0,9305.0,pt,1575.0,8625.0,1575.0,"{'duration': 1080, 'source_transfer_time': 0, 'waiting_time': 120, 'trip_time': 960, 'num_transfers': 4, 'departure_time': 7110, 'departure_day': 'current_day', 'arrival_time': 8190, 'arrival_day': 'current_day', 'steps': [{'duration': 330, 'departure_time': 7230, 'arrival_time': 7560, 'day': 'current_day', 'from_stop_id': '197-5', 'to_stop_id': 'MH-R-5', 'trip_id': '10-1-7', 'agency_name': 'Unknown'}, {'duration': 30, 'departure_time': 7560, 'arrival_time': 7590, 'day': 'current_day', 'from_stop_id': 'MH-R-5', 'to_stop_id': 'MH-R-1', 'trip_id': 'walking', 'agency_name': 'Unknown'}, {'duration': 330, 'departure_time': 7740, 'arrival_time': 8070, 'day': 'current_day', 'from_stop_id': 'MH-R-1', 'to_stop_id': '180-1', 'trip_id': '3-0-7', 'agency_name': 'Unknown'}, {'duration': 30, 'departure_time': 8070, 'arrival_time': 8100, 'day': 'current_day', 'from_stop_id': '180-1', 'to_stop_id': '180-3', 'trip_id': 'walking', 'agency_name': 'Unknown'}, {'duration': 90, 'departure_time': 8100, 'arrival_time': 8190, 'day': 'current_day', 'from_stop_id': '180-3', 'to_stop_id': '190-3', 'trip_id': '6-0-6', 'agency_name': 'Unknown'}]}"
141,176,13260,intra,right,505,[141],[176],0,0,0,0,13260,13320.0,15420.0,15480.0,2100.0,2.0,141,176,4511.0,17771.0,pt,2220.0,15480.0,2220.0,"{'duration': 2100, 'source_transfer_time': 0, 'waiting_time': 510, 'trip_time': 1590, 'num_transfers': 2, 'departure_time': 13320, 'departure_day': 'current_day', 'arrival_time': 15420, 'arrival_day': 'current_day', 'steps': [{'duration': 930, 'departure_time': 13830, 'arrival_time': 14760, 'day': 'current_day', 'from_stop_id': '141-5', 'to_stop_id': 'MH-R-5', 'trip_id': '10-0-19', 'agency_name': 'Unknown'}, {'duration': 30, 'departure_time': 14760, 'arrival_time': 14790, 'day': 'current_day', 'from_stop_id': 'MH-R-5', 'to_stop_id': 'MH-R-1', 'trip_id': 'walking', 'agency_name': 'Unknown'}, {'duration': 480, 'departure_time': 14940, 'arrival_time': 15420, 'day': 'current_day', 'from_stop_id': 'MH-R-1', 'to_stop_id': '176-1', 'trip_id': '3-1-19', 'agency_name': 'Unknown'}]}"
221,142,8430,intra,right,506,[210; 220],[131; 141],500,375,500,375,8805,8865.0,10470.0,10530.0,1605.0,2.0,210,141,4511.0,12941.0,pt,2475.0,10905.0,2475.0,"{'duration': 1605, 'source_transfer_time': 0, 'waiting_time': 405, 'trip_time': 1200, 'num_transfers': 2, 'departure_time': 8865, 'departure_day': 'current_day', 'arrival_time': 10470, 'arrival_day': 'current_day', 'steps': [{'duration': 960, 'departure_time': 9270, 'arrival_time': 10230, 'day': 'current_day', 'from_stop_id': '210-3', 'to_stop_id': '151-3', 'trip_id': '6-1-9', 'agency_name': 'Unknown'}, {'duration': 30, 'departure_time': 10230, 'arrival_time': 10260, 'day': 'current_day', 'from_stop_id': '151-3', 'to_stop_id': '151-5', 'trip_id': 'walking', 'agency_name': 'Unknown'}, {'duration': 210, 'departure_time': 10260, 'arrival_time': 10470, 'day': 'current_day', 'from_stop_id': '151-5', 'to_stop_id': '141-5', 'trip_id': '10-1-10', 'agency_name': 'Unknown'}]}"
180,186,11370,intra,right,507,[180],[178; 185; 187; 196],0,0,500,375,11370,11430.0,12150.0,12210.0,720.0,0.0,180,178,2255.0,13625.0,pt,1215.0,12585.0,1215.0,"{'duration': 720, 'source_transfer_time': 0, 'waiting_time': 0, 'trip_time': 720, 'num_transfers': 0, 'departure_time': 11430, 'departure_day': 'current_day', 'arrival_time': 12150, 'arrival_day': 'current_day', 'steps': [{'duration': 720, 'departure_time': 11430, 'arrival_time': 12150, 'day': 'current_day', 'from_stop_id': '180-1', 'to_stop_id': '178-1', 'trip_id': '3-1-14', 'agency_name': 'Unknown'}]}"
222,206,3900,intra,right,508,[211],[206],500,375,0,0,4275,4335.0,4980.0,5040.0,645.0,0.0,211,206,2255.0,6155.0,pt,1140.0,5040.0,1140.0,"{'duration': 645, 'source_transfer_time': 0, 'waiting_time': 45, 'trip_time': 600, 'num_transfers': 0, 'departure_time': 4335, 'departure_day': 'current_day', 'arrival_time': 4980, 'arrival_day': 'current_day', 'steps': [{'duration': 600, 'departure_time': 4380, 'arrival_time': 4980, 'day': 'current_day', 'from_stop_id': '211-3', 'to_stop_id': '206-3', 'trip_id': '6-0-43', 'agency_name': 'Unknown'}]}"
187,215,7380,intra,right,509,[187],[216; 226],0,0,500,375,7380,7440.0,8670.0,8730.0,1230.0,0.0,187,216,2631.0,10011.0,pt,1725.0,9105.0,1725.0,"{'duration': 1230, 'source_transfer_time': 0, 'waiting_time': 540, 'trip_time': 690, 'num_transfers': 0, 'departure_time': 7440, 'departure_day': 'current_day', 'arrival_time': 8670, 'arrival_day': 'current_day', 'steps': [{'duration': 690, 'departure_time': 7980, 'arrival_time': 8670, 'day': 'current_day', 'from_stop_id': '187-5', 'to_stop_id': '216-5', 'trip_id': '10-0-7', 'agency_name': 'Unknown'}]}"
238,142,6180,intra,right,510,[238],[131; 141],0,0,500,375,6180,6240.0,7470.0,7530.0,1230.0,2.0,238,141,3759.0,9939.0,pt,1725.0,7905.0,1725.0,"{'duration': 1230, 'source_transfer_time': 0, 'waiting_time': 30, 'trip_time': 1200, 'num_transfers': 2, 'departure_time': 6240, 'departure_day': 'current_day', 'arrival_time': 7470, 'arrival_day': 'current_day', 'steps': [{'duration': 90, 'departure_time': 6270, 'arrival_time': 6360, 'day': 'current_day', 'from_stop_id': '238-1', 'to_stop_id': 'MH-R-1', 'trip_id': '3-0-5', 'agency_name': 'Unknown'}, {'duration': 30, 'departure_time': 6360, 'arrival_time': 6390, 'day': 'current_day', 'from_stop_id': 'MH-R-1', 'to_stop_id': 'MH-R-5', 'trip_id': 'walking', 'agency_name': 'Unknown'}, {'duration': 930, 'departure_time': 6540, 'arrival_time': 7470, 'day': 'current_day', 'from_stop_id': 'MH-R-5', 'to_stop_id': '141-5', 'trip_id': '10-1-5', 'agency_name': 'Unknown'}]}"
224,238,6570,intra,right,511,[224],[238],0,0,0,0,6570,6630.0,7830.0,7890.0,1200.0,0.0,224,238,3383.0,9953.0,pt,1320.0,7890.0,1320.0,"{'duration': 1200, 'source_transfer_time': 0, 'waiting_time': 0, 'trip_time': 1200, 'num_transfers': 0, 'departure_time': 6630, 'departure_day': 'current_day', 'arrival_time': 7830, 'arrival_day': 'current_day', 'steps': [{'duration': 1200, 'departure_time': 6630, 'arrival_time': 7830, 'day': 'current_day', 'from_stop_id': '224-4', 'to_stop_id': '238-4', 'trip_id': '9-1-7', 'agency_name': 'Unknown'}]}"
122,198,5070,intra,right,512,[121; 133],[198],500,375,0,0,5445,5505.0,7350.0,7410.0,1845.0,2.0,121,198,4135.0,9205.0,pt,2340.0,7410.0,2340.0,"{'duration': 1845, 'source_transfer_time': 0, 'waiting_time': 285, 'trip_time': 1560, 'num_transfers': 2, 'departure_time': 5505, 'departure_day': 'current_day', 'arrival_time': 7350, 'arrival_day': 'current_day', 'steps': [{'duration': 1170, 'departure_time': 5790, 'arrival_time': 6960, 'day': 'current_day', 'from_stop_id': '121-4', 'to_stop_id': 'MH-R-4', 'trip_id': '9-0-6', 'agency_name': 'Unknown'}, {'duration': 30, 'departure_time': 6960, 'arrival_time': 6990, 'day': 'current_day', 'from_stop_id': 'MH-R-4', 'to_stop_id': 'MH-R-2', 'trip_id': 'walking', 'agency_name': 'Unknown'}, {'duration': 210, 'departure_time': 7140, 'arrival_time': 7350, 'day': 'current_day', 'from_stop_id': 'MH-R-2', 'to_stop_id': '198-2', 'trip_id': '4-1-6', 'agency_name': 'Unknown'}]}"
209,130,13410,intra,right,513,[209],[130],0,0,0,0,13410,13470.0,15390.0,15450.0,1920.0,2.0,209,130,4511.0,17921.0,pt,2040.0,15450.0,2040.0,"{'duration': 1920, 'source_transfer_time': 0, 'waiting_time': 360, 'trip_time': 1560, 'num_transfers': 2, 'departure_time': 13470, 'departure_day': 'current_day', 'arrival_time': 15390, 'arrival_day': 'current_day', 'steps': [{'duration': 210, 'departure_time': 13830, 'arrival_time': 14040, 'day': 'current_day', 'from_stop_id': '209-2', 'to_stop_id': '240-2', 'trip_id': '4-0-18', 'agency_name': 'Unknown'}, {'duration': 30, 'departure_time': 14040, 'arrival_time': 14070, 'day': 'current_day', 'from_stop_id': '240-2', 'to_stop_id': '240-5', 'trip_id': 'walking', 'agency_name': 'Unknown'}, {'duration': 1320, 'departure_time': 14070, 'arrival_time': 15390, 'day': 'current_day', 'from_stop_id': '240-5', 'to_stop_id': '130-5', 'trip_id': '10-1-18', 'agency_name': 'Unknown'}]}"
230,130,7440,intra,right,514,[231],[130],500,375,0,0,7815,7875.0,9990.0,10050.0,2115.0,2.0,231,130,5639.0,13079.0,pt,2610.0,10050.0,2610.0,"{'duration': 2115, 'source_transfer_time': 0, 'waiting_time': 285, 'trip_time': 1830, 'num_transfers': 2, 'departure_time': 7875, 'departure_day': 'current_day', 'arrival_time': 9990, 'arrival_day': 'current_day', 'steps': [{'duration': 480, 'departure_time': 8160, 'arrival_time': 8640, 'day': 'current_day', 'from_stop_id': '231-2', 'to_stop_id': '240-2', 'trip_id': '4-0-9', 'agency_name': 'Unknown'}, {'duration': 30, 'departure_time': 8640, 'arrival_time': 8670, 'day': 'current_day', 'from_stop_id': '240-2', 'to_stop_id': '240-5', 'trip_id': 'walking', 'agency_name': 'Unknown'}, {'duration': 1320, 'departure_time': 8670, 'arrival_time': 9990, 'day': 'current_day', 'from_stop_id': '240-5', 'to_stop_id': '130-5', 'trip_id': '10-1-9', 'agency_name': 'Unknown'}]}"
156,210,10590,intra,right,515,[156],[210],0,0,0,0,10590,10650.0,12240.0,12300.0,1590.0,1.0,156,210,3383.0,13973.0,pt,1710.0,12300.0,1710.0,"{'duration': 1590, 'source_transfer_time': 0, 'waiting_time': 480, 'trip_time': 1110, 'num_transfers': 1, 'departure_time': 10650, 'departure_day': 'current_day', 'arrival_time': 12240, 'arrival_day': 'current_day', 'steps': [{'duration': 210, 'departure_time': 11130, 'arrival_time': 11340, 'day': 'current_day', 'from_stop_id': '156-3', 'to_stop_id': '177-3', 'trip_id': '6-1-9', 'agency_name': 'Unknown'}, {'duration': 840, 'departure_time': 11400, 'arrival_time': 12240, 'day': 'current_day', 'from_stop_id': '177-3', 'to_stop_id': '210-3', 'trip_id': '6-1-14', 'agency_name': 'Unknown'}]}"
149,232,4860,intra,right,516,[149],[231],0,0,500,375,4860,4920.0,6540.0,6600.0,1620.0,2.0,149,231,3007.0,7867.0,pt,2115.0,6975.0,2115.0,"{'duration': 1620, 'source_transfer_time': 0, 'waiting_time': 180, 'trip_time': 1440, 'num_transfers': 2, 'departure_time': 4920, 'departure_day': 'current_day', 'arrival_time': 6540, 'arrival_day': 'current_day', 'steps': [{'duration': 90, 'departure_time': 5100, 'arrival_time': 5190, 'day': 'current_day', 'from_stop_id': '149-3', 'to_stop_id': '148-3', 'trip_id': '6-1-0', 'agency_name': 'Unknown'}, {'duration': 30, 'departure_time': 5190, 'arrival_time': 5220, 'day': 'current_day', 'from_stop_id': '148-3', 'to_stop_id': '148-2', 'trip_id': 'walking', 'agency_name': 'Unknown'}, {'duration': 1110, 'departure_time': 5430, 'arrival_time': 6540, 'day': 'current_day', 'from_stop_id': '148-2', 'to_stop_id': '231-2', 'trip_id': '4-1-4', 'agency_name': 'Unknown'}]}"
230,165,5490,intra,right,517,[231],[175],500,375,500,375,5865,5925.0,7740.0,7800.0,1815.0,2.0,231,175,3759.0,9249.0,pt,2685.0,8175.0,2685.0,"{'duration': 1815, 'source_transfer_time': 0, 'waiting_time': 435, 'trip_time': 1380, 'num_transfers': 2, 'departure_time': 5925, 'departure_day': 'current_day', 'arrival_time': 7740, 'arrival_day': 'current_day', 'steps': [{'duration': 600, 'departure_time': 6360, 'arrival_time': 6960, 'day': 'current_day', 'from_stop_id': '231-2', 'to_stop_id': 'MH-R-2', 'trip_id': '4-0-6', 'agency_name': 'Unknown'}, {'duration': 30, 'departure_time': 6960, 'arrival_time': 6990, 'day': 'current_day', 'from_stop_id': 'MH-R-2', 'to_stop_id': 'MH-R-1', 'trip_id': 'walking', 'agency_name': 'Unknown'}, {'duration': 600, 'departure_time': 7140, 'arrival_time': 7740, 'day': 'current_day', 'from_stop_id': 'MH-R-1', 'to_stop_id': '175-1', 'trip_id': '3-1-6', 'agency_name': 'Unknown'}]}"
129,230,7980,intra,right,518,[130; 140],[231],500,375,500,375,8355,8415.0,10140.0,10200.0,1725.0,2.0,140,231,5263.0,13243.0,pt,2595.0,10575.0,2595.0,"{'duration': 1725, 'source_transfer_time': 0, 'waiting_time': 135, 'trip_time': 1590, 'num_transfers': 2, 'departure_time': 8415, 'departure_day': 'current_day', 'arrival_time': 10140, 'arrival_day': 'current_day', 'steps': [{'duration': 690, 'departure_time': 8550, 'arrival_time': 9240, 'day': 'current_day', 'from_stop_id': '140-5', 'to_stop_id': '237-5', 'trip_id': '10-0-10', 'agency_name': 'Unknown'}, {'duration': 30, 'departure_time': 9240, 'arrival_time': 9270, 'day': 'current_day', 'from_stop_id': '237-5', 'to_stop_id': '237-2', 'trip_id': 'walking', 'agency_name': 'Unknown'}, {'duration': 870, 'departure_time': 9270, 'arrival_time': 10140, 'day': 'current_day', 'from_stop_id': '237-2', 'to_stop_id': '231-2', 'trip_id': '4-1-10', 'agency_name': 'Unknown'}]}"
203,238,8070,intra,right,519,[182; 201; 213; 225],[238],1000,751,0,0,8821,8881.0,10230.0,10290.0,1349.0,0.0,182,238,3007.0,11077.0,pt,2220.0,10290.0,2220.0,"{'duration': 1349, 'source_transfer_time': 0, 'waiting_time': 479, 'trip_time': 870, 'num_transfers': 0, 'departure_time': 8881, 'departure_day': 'current_day', 'arrival_time': 10230, 'arrival_day': 'current_day', 'steps': [{'duration': 870, 'departure_time': 9360, 'arrival_time': 10230, 'day': 'current_day', 'from_stop_id': '182-1', 'to_stop_id': '238-1', 'trip_id': '3-1-11', 'agency_name': 'Unknown'}]}"
126,232,14310,intra,right,520,[126],[231],0,0,500,375,14310,14370.0,16140.0,16200.0,1770.0,0.0,126,231,4135.0,18445.0,pt,2265.0,16575.0,2265.0,"{'duration': 1770, 'source_transfer_time': 0, 'waiting_time': 390, 'trip_time': 1380, 'num_transfers': 0, 'departure_time': 14370, 'departure_day': 'current_day', 'arrival_time': 16140, 'arrival_day': 'current_day', 'steps': [{'duration': 1380, 'departure_time': 14760, 'arrival_time': 16140, 'day': 'current_day', 'from_stop_id': '126-2', 'to_stop_id': '231-2', 'trip_id': '4-1-20', 'agency_name': 'Unknown'}]}"
220,181,5880,intra,right,521,[220],[181],0,0,0,0,5880,5940.0,7620.0,7680.0,1680.0,2.0,220,181,3007.0,8887.0,pt,1800.0,7680.0,1800.0,"{'duration': 1680, 'source_transfer_time': 0, 'waiting_time': 540, 'trip_time': 1140, 'num_transfers': 2, 'departure_time': 5940, 'departure_day': 'current_day', 'arrival_time': 7620, 'arrival_day': 'current_day', 'steps': [{'duration': 480, 'departure_time': 6480, 'arrival_time': 6960, 'day': 'current_day', 'from_stop_id': '220-2', 'to_stop_id': 'MH-R-2', 'trip_id': '4-0-6', 'agency_name': 'Unknown'}, {'duration': 30, 'departure_time': 6960, 'arrival_time': 6990, 'day': 'current_day', 'from_stop_id': 'MH-R-2', 'to_stop_id': 'MH-R-1', 'trip_id': 'walking', 'agency_name': 'Unknown'}, {'duration': 480, 'departure_time': 7140, 'arrival_time': 7620, 'day': 'current_day', 'from_stop_id': 'MH-R-1', 'to_stop_id': '181-1', 'trip_id': '3-0-6', 'agency_name': 'Unknown'}]}"
174,228,14160,intra,right,522,[182],[217; 227],500,375,500,375,14535,14595.0,16350.0,16410.0,1755.0,2.0,182,217,5263.0,19423.0,pt,2625.0,16785.0,2625.0,"{'duration': 1755, 'source_transfer_time': 0, 'waiting_time': 165, 'trip_time': 1590, 'num_transfers': 2, 'departure_time': 14595, 'departure_day': 'current_day', 'arrival_time': 16350, 'arrival_day': 'current_day', 'steps': [{'duration': 600, 'departure_time': 14760, 'arrival_time': 15360, 'day': 'current_day', 'from_stop_id': '182-1', 'to_stop_id': 'MH-R-1', 'trip_id': '3-1-20', 'agency_name': 'Unknown'}, {'duration': 30, 'departure_time': 15360, 'arrival_time': 15390, 'day': 'current_day', 'from_stop_id': 'MH-R-1', 'to_stop_id': 'MH-R-5', 'trip_id': 'walking', 'agency_name': 'Unknown'}, {'duration': 810, 'departure_time': 15540, 'arrival_time': 16350, 'day': 'current_day', 'from_stop_id': 'MH-R-5', 'to_stop_id': '217-5', 'trip_id': '10-0-20', 'agency_name': 'Unknown'}]}"
170,153,4080,intra,right,523,[170],[131; 141; 151],0,0,1000,751,4080,4140.0,4830.0,4890.0,690.0,0.0,170,151,2255.0,6335.0,pt,1561.0,5641.0,1561.0,"{'duration': 690, 'source_transfer_time': 0, 'waiting_time': 240, 'trip_time': 450, 'num_transfers': 0, 'departure_time': 4140, 'departure_day': 'current_day', 'arrival_time': 4830, 'arrival_day': 'current_day', 'steps': [{'duration': 450, 'departure_time': 4380, 'arrival_time': 4830, 'day': 'current_day', 'from_stop_id': '170-5', 'to_stop_id': '151-5', 'trip_id': '10-1-1', 'agency_name': 'Unknown'}]}"
190,155,13650,intra,right,524,[190],[144; 156],0,0,500,375,13650,13710.0,15300.0,15360.0,1590.0,0.0,190,156,3759.0,17409.0,pt,2085.0,15735.0,2085.0,"{'duration': 1590, 'source_transfer_time': 0, 'waiting_time': 240, 'trip_time': 1350, 'num_transfers': 0, 'departure_time': 13710, 'departure_day': 'current_day', 'arrival_time': 15300, 'arrival_day': 'current_day', 'steps': [{'duration': 1350, 'departure_time': 13950, 'arrival_time': 15300, 'day': 'current_day', 'from_stop_id': '190-3', 'to_stop_id': '156-3', 'trip_id': '6-1-16', 'agency_name': 'Unknown'}]}"
208,190,12450,intra,right,525,[208],[190],0,0,0,0,12450,12510.0,13320.0,13380.0,810.0,0.0,208,190,2255.0,14705.0,pt,930.0,13380.0,930.0,"{'duration': 810, 'source_transfer_time': 0, 'waiting_time': 90, 'trip_time': 720, 'num_transfers': 0, 'departure_time': 12510, 'departure_day': 'current_day', 'arrival_time': 13320, 'arrival_day': 'current_day', 'steps': [{'duration': 720, 'departure_time': 12600, 'arrival_time': 13320, 'day': 'current_day', 'from_stop_id': '208-3', 'to_stop_id': '190-3', 'trip_id': '6-1-15', 'agency_name': 'Unknown'}]}"
226,121,4110,intra,right,526,[226],[121],0,0,0,0,4110,4170.0,7110.0,7170.0,2940.0,2.0,226,121,3759.0,7869.0,pt,3060.0,7170.0,3060.0,"{'duration': 2940, 'source_transfer_time': 0, 'waiting_time': 420, 'trip_time': 2520, 'num_transfers': 2, 'departure_time': 4170, 'departure_day': 'current_day', 'arrival_time': 7110, 'arrival_day': 'current_day', 'steps': [{'duration': 1170, 'departure_time': 4590, 'arrival_time': 5760, 'day': 'current_day', 'from_stop_id': '226-5', 'to_stop_id': 'MH-R-5', 'trip_id': '10-1-4', 'agency_name': 'Unknown'}, {'duration': 30, 'departure_time': 5760, 'arrival_time': 5790, 'day': 'current_day', 'from_stop_id': 'MH-R-5', 'to_stop_id': 'MH-R-4', 'trip_id': 'walking', 'agency_name': 'Unknown'}, {'duration': 1170, 'departure_time': 5940, 'arrival_time': 7110, 'day': 'current_day', 'from_stop_id': 'MH-R-4', 'to_stop_id': '121-4', 'trip_id': '9-1-4', 'agency_name': 'Unknown'}]}"
142,124,10320,intra,right,527,[131; 141],[126; 146],500,375,1000,751,10695,10755.0,12060.0,12120.0,1305.0,2.0,141,146,3007.0,13327.0,pt,2551.0,12871.0,2551.0,"{'duration': 1305, 'source_transfer_time': 0, 'waiting_time': 75, 'trip_time': 1230, 'num_transfers': 2, 'departure_time': 10755, 'departure_day': 'current_day', 'arrival_time': 12060, 'arrival_day': 'current_day', 'steps': [{'duration': 210, 'departure_time': 10830, 'arrival_time': 11040, 'day': 'current_day', 'from_stop_id': '141-5', 'to_stop_id': '151-5', 'trip_id': '10-0-14', 'agency_name': 'Unknown'}, {'duration': 30, 'departure_time': 11040, 'arrival_time': 11070, 'day': 'current_day', 'from_stop_id': '151-5', 'to_stop_id': '151-3', 'trip_id': 'walking', 'agency_name': 'Unknown'}, {'duration': 600, 'departure_time': 11460, 'arrival_time': 12060, 'day': 'current_day', 'from_stop_id': '151-3', 'to_stop_id': '146-3', 'trip_id': '6-1-11', 'agency_name': 'Unknown'}]}"
175,179,11700,intra,right,528,[175],[179],0,0,0,0,11700,11760.0,12750.0,12810.0,990.0,0.0,175,179,2631.0,14331.0,pt,1110.0,12810.0,1110.0,"{'duration': 990, 'source_transfer_time': 0, 'waiting_time': 0, 'trip_time': 990, 'num_transfers': 0, 'departure_time': 11760, 'departure_day': 'current_day', 'arrival_time': 12750, 'arrival_day': 'current_day', 'steps': [{'duration': 990, 'departure_time': 11760, 'arrival_time': 12750, 'day': 'current_day', 'from_stop_id': '175-1', 'to_stop_id': '179-1', 'trip_id': '3-0-15', 'agency_name': 'Unknown'}]}"
202,126,7710,intra,right,529,[201; 213],[126],500,375,0,0,8085,8145.0,9540.0,9600.0,1395.0,2.0,201,126,4135.0,11845.0,pt,1890.0,9600.0,1890.0,"{'duration': 1395, 'source_transfer_time': 0, 'waiting_time': 45, 'trip_time': 1350, 'num_transfers': 2, 'departure_time': 8145, 'departure_day': 'current_day', 'arrival_time': 9540, 'arrival_day': 'current_day', 'steps': [{'duration': 570, 'departure_time': 8190, 'arrival_time': 8760, 'day': 'current_day', 'from_stop_id': '201-4', 'to_stop_id': 'MH-R-4', 'trip_id': '9-1-9', 'agency_name': 'Unknown'}, {'duration': 30, 'departure_time': 8760, 'arrival_time': 8790, 'day': 'current_day', 'from_stop_id': 'MH-R-4', 'to_stop_id': 'MH-R-2', 'trip_id': 'walking', 'agency_name': 'Unknown'}, {'duration': 600, 'departure_time': 8940, 'arrival_time': 9540, 'day': 'current_day', 'from_stop_id': 'MH-R-2', 'to_stop_id': '126-2', 'trip_id': '4-0-9', 'agency_name': 'Unknown'}]}"
175,231,13260,intra,right,530,[175],[231],0,0,0,0,13260,13320.0,14940.0,15000.0,1620.0,2.0,175,231,3759.0,17019.0,pt,1740.0,15000.0,1740.0,"{'duration': 1620, 'source_transfer_time': 0, 'waiting_time': 240, 'trip_time': 1380, 'num_transfers': 2, 'departure_time': 13320, 'departure_day': 'current_day', 'arrival_time': 14940, 'arrival_day': 'current_day', 'steps': [{'duration': 600, 'departure_time': 13560, 'arrival_time': 14160, 'day': 'current_day', 'from_stop_id': '175-1', 'to_stop_id': 'MH-R-1', 'trip_id': '3-0-18', 'agency_name': 'Unknown'}, {'duration': 30, 'departure_time': 14160, 'arrival_time': 14190, 'day': 'current_day', 'from_stop_id': 'MH-R-1', 'to_stop_id': 'MH-R-2', 'trip_id': 'walking', 'agency_name': 'Unknown'}, {'duration': 600, 'departure_time': 14340, 'arrival_time': 14940, 'day': 'current_day', 'from_stop_id': 'MH-R-2', 'to_stop_id': '231-2', 'trip_id': '4-1-18', 'agency_name': 'Unknown'}]}"
227,175,8910,intra,right,531,[227],[175],0,0,0,0,8910,8970.0,11340.0,11400.0,2370.0,2.0,227,175,2255.0,11165.0,walking,2255.0,11400.0,2490.0,"{'duration': 2370, 'source_transfer_time': 0, 'waiting_time': 540, 'trip_time': 1830, 'num_transfers': 2, 'departure_time': 8970, 'departure_day': 'current_day', 'arrival_time': 11340, 'arrival_day': 'current_day', 'steps': [{'duration': 1050, 'departure_time': 9510, 'arrival_time': 10560, 'day': 'current_day', 'from_stop_id': '227-5', 'to_stop_id': 'MH-R-5', 'trip_id': '10-1-12', 'agency_name': 'Unknown'}, {'duration': 30, 'departure_time': 10560, 'arrival_time': 10590, 'day': 'current_day', 'from_stop_id': 'MH-R-5', 'to_stop_id': 'MH-R-1', 'trip_id': 'walking', 'agency_name': 'Unknown'}, {'duration': 600, 'departure_time': 10740, 'arrival_time': 11340, 'day': 'current_day', 'from_stop_id': 'MH-R-1', 'to_stop_id': '175-1', 'trip_id': '3-1-12', 'agency_name': 'Unknown'}]}"
240,140,7470,intra,right,532,[240],[140],0,0,0,0,7470,7530.0,9150.0,9210.0,1620.0,0.0,240,140,3007.0,10477.0,pt,1740.0,9210.0,1740.0,"{'duration': 1620, 'source_transfer_time': 0, 'waiting_time': 540, 'trip_time': 1080, 'num_transfers': 0, 'departure_time': 7530, 'departure_day': 'current_day', 'arrival_time': 9150, 'arrival_day': 'current_day', 'steps': [{'duration': 1080, 'departure_time': 8070, 'arrival_time': 9150, 'day': 'current_day', 'from_stop_id': '240-5', 'to_stop_id': '140-5', 'trip_id': '10-1-8', 'agency_name': 'Unknown'}]}"
145,204,3900,intra,right,533,[145],[206; 216; 226],0,0,1000,751,3900,3960.0,5130.0,5190.0,1170.0,1.0,145,206,3007.0,6907.0,pt,2041.0,5941.0,2041.0,"{'duration': 1170, 'source_transfer_time': 0, 'waiting_time': 450, 'trip_time': 720, 'num_transfers': 1, 'departure_time': 3960, 'departure_day': 'current_day', 'arrival_time': 5130, 'arrival_day': 'current_day', 'steps': [{'duration': 330, 'departure_time': 4410, 'arrival_time': 4740, 'day': 'current_day', 'from_stop_id': '145-3', 'to_stop_id': '177-3', 'trip_id': '6-1-44', 'agency_name': 'Unknown'}, {'duration': 330, 'departure_time': 4800, 'arrival_time': 5130, 'day': 'current_day', 'from_stop_id': '177-3', 'to_stop_id': '206-3', 'trip_id': '6-1-3', 'agency_name': 'Unknown'}]}"
155,233,4560,intra,right,534,[144; 156],[211; 231],500,375,1000,751,4935,4995.0,6360.0,6420.0,1365.0,1.0,156,211,4887.0,9447.0,pt,2611.0,7171.0,2611.0,"{'duration': 1365, 'source_transfer_time': 0, 'waiting_time': 135, 'trip_time': 1230, 'num_transfers': 1, 'departure_time': 4995, 'departure_day': 'current_day', 'arrival_time': 6360, 'arrival_day': 'current_day', 'steps': [{'duration': 210, 'departure_time': 5130, 'arrival_time': 5340, 'day': 'current_day', 'from_stop_id': '156-3', 'to_stop_id': '177-3', 'trip_id': '6-1-43', 'agency_name': 'Unknown'}, {'duration': 960, 'departure_time': 5400, 'arrival_time': 6360, 'day': 'current_day', 'from_stop_id': '177-3', 'to_stop_id': '211-3', 'trip_id': '6-1-4', 'agency_name': 'Unknown'}]}"
125,240,11430,intra,right,535,[126],[240],500,375,0,0,11805,11865.0,13230.0,13290.0,1365.0,0.0,126,240,2631.0,14061.0,pt,1860.0,13290.0,1860.0,"{'duration': 1365, 'source_transfer_time': 0, 'waiting_time': 495, 'trip_time': 870, 'num_transfers': 0, 'departure_time': 11865, 'departure_day': 'current_day', 'arrival_time': 13230, 'arrival_day': 'current_day', 'steps': [{'duration': 870, 'departure_time': 12360, 'arrival_time': 13230, 'day': 'current_day', 'from_stop_id': '126-2', 'to_stop_id': '240-2', 'trip_id': '4-1-16', 'agency_name': 'Unknown'}]}"
144,150,12360,intra,right,536,[144],[150],0,0,0,0,12360,12420.0,13560.0,13620.0,1140.0,2.0,144,150,2255.0,14615.0,pt,1260.0,13620.0,1260.0,"{'duration': 1140, 'source_transfer_time': 0, 'waiting_time': 330, 'trip_time': 810, 'num_transfers': 2, 'departure_time': 12420, 'departure_day': 'current_day', 'arrival_time': 13560, 'arrival_day': 'current_day', 'steps': [{'duration': 90, 'departure_time': 12750, 'arrival_time': 12840, 'day': 'current_day', 'from_stop_id': '144-4', 'to_stop_id': '145-4', 'trip_id': '9-0-17', 'agency_name': 'Unknown'}, {'duration': 30, 'departure_time': 12840, 'arrival_time': 12870, 'day': 'current_day', 'from_stop_id': '145-4', 'to_stop_id': '145-3', 'trip_id': 'walking', 'agency_name': 'Unknown'}, {'duration': 600, 'departure_time': 12960, 'arrival_time': 13560, 'day': 'current_day', 'from_stop_id': '145-3', 'to_stop_id': '150-3', 'trip_id': '6-0-16', 'agency_name': 'Unknown'}]}"
124,205,13890,intra,right,537,[126; 146],[206; 216],1000,751,500,375,14641,14701.0,15930.0,15990.0,1229.0,1.0,146,206,3759.0,17649.0,pt,2475.0,16365.0,2475.0,"{'duration': 1229, 'source_transfer_time': 0, 'waiting_time': 389, 'trip_time': 840, 'num_transfers': 1, 'departure_time': 14701, 'departure_day': 'current_day', 'arrival_time': 15930, 'arrival_day': 'current_day', 'steps': [{'duration': 450, 'departure_time': 15090, 'arrival_time': 15540, 'day': 'current_day', 'from_stop_id': '146-3', 'to_stop_id': '177-3', 'trip_id': '6-1-16', 'agency_name': 'Unknown'}, {'duration': 330, 'departure_time': 15600, 'arrival_time': 15930, 'day': 'current_day', 'from_stop_id': '177-3', 'to_stop_id': '206-3', 'trip_id': '6-1-21', 'agency_name': 'Unknown'}]}"
192,237,12870,intra,right,538,[182],[237],500,375,0,0,13245,13305.0,14430.0,14490.0,1125.0,2.0,182,237,2631.0,15501.0,pt,1620.0,14490.0,1620.0,"{'duration': 1125, 'source_transfer_time': 0, 'waiting_time': 255, 'trip_time': 870, 'num_transfers': 2, 'departure_time': 13305, 'departure_day': 'current_day', 'arrival_time': 14430, 'arrival_day': 'current_day', 'steps': [{'duration': 600, 'departure_time': 13560, 'arrival_time': 14160, 'day': 'current_day', 'from_stop_id': '182-1', 'to_stop_id': 'MH-R-1', 'trip_id': '3-1-18', 'agency_name': 'Unknown'}, {'duration': 30, 'departure_time': 14160, 'arrival_time': 14190, 'day': 'current_day', 'from_stop_id': 'MH-R-1', 'to_stop_id': 'MH-R-2', 'trip_id': 'walking', 'agency_name': 'Unknown'}, {'duration': 90, 'departure_time': 14340, 'arrival_time': 14430, 'day': 'current_day', 'from_stop_id': 'MH-R-2', 'to_stop_id': '237-2', 'trip_id': '4-0-18', 'agency_name': 'Unknown'}]}"
178,163,7950,intra,right,539,[178],[162],0,0,500,375,7950,8010.0,9510.0,9570.0,1500.0,2.0,178,162,3007.0,10957.0,pt,1995.0,9945.0,1995.0,"{'duration': 1500, 'source_transfer_time': 0, 'waiting_time': 540, 'trip_time': 960, 'num_transfers': 2, 'departure_time': 8010, 'departure_day': 'current_day', 'arrival_time': 9510, 'arrival_day': 'current_day', 'steps': [{'duration': 720, 'departure_time': 8550, 'arrival_time': 9270, 'day': 'current_day', 'from_stop_id': '178-1', 'to_stop_id': '180-1', 'trip_id': '3-0-9', 'agency_name': 'Unknown'}, {'duration': 30, 'departure_time': 9270, 'arrival_time': 9300, 'day': 'current_day', 'from_stop_id': '180-1', 'to_stop_id': '180-3', 'trip_id': 'walking', 'agency_name': 'Unknown'}, {'duration': 210, 'departure_time': 9300, 'arrival_time': 9510, 'day': 'current_day', 'from_stop_id': '180-3', 'to_stop_id': '162-3', 'trip_id': '6-1-8', 'agency_name': 'Unknown'}]}"
232,121,12630,intra,right,540,[231],[121],500,375,0,0,13005,13065.0,15510.0,15570.0,2445.0,2.0,231,121,6015.0,18645.0,pt,2940.0,15570.0,2940.0,"{'duration': 2445, 'source_transfer_time': 0, 'waiting_time': 495, 'trip_time': 1950, 'num_transfers': 2, 'departure_time': 13065, 'departure_day': 'current_day', 'arrival_time': 15510, 'arrival_day': 'current_day', 'steps': [{'duration': 600, 'departure_time': 13560, 'arrival_time': 14160, 'day': 'current_day', 'from_stop_id': '231-2', 'to_stop_id': 'MH-R-2', 'trip_id': '4-0-18', 'agency_name': 'Unknown'}, {'duration': 30, 'departure_time': 14160, 'arrival_time': 14190, 'day': 'current_day', 'from_stop_id': 'MH-R-2', 'to_stop_id': 'MH-R-4', 'trip_id': 'walking', 'agency_name': 'Unknown'}, {'duration': 1170, 'departure_time': 14340, 'arrival_time': 15510, 'day': 'current_day', 'from_stop_id': 'MH-R-4', 'to_stop_id': '121-4', 'trip_id': '9-1-18', 'agency_name': 'Unknown'}]}"
122,204,11370,intra,right,541,[121; 133],[206; 216; 226],500,375,1000,751,11745,11805.0,13530.0,13590.0,1725.0,3.0,133,206,3383.0,14753.0,pt,2971.0,14341.0,2971.0,"{'duration': 1725, 'source_transfer_time': 0, 'waiting_time': 225, 'trip_time': 1500, 'num_transfers': 3, 'departure_time': 11805, 'departure_day': 'current_day', 'arrival_time': 13530, 'arrival_day': 'current_day', 'steps': [{'duration': 210, 'departure_time': 12030, 'arrival_time': 12240, 'day': 'current_day', 'from_stop_id': '133-4', 'to_stop_id': '145-4', 'trip_id': '9-0-16', 'agency_name': 'Unknown'}, {'duration': 30, 'departure_time': 12240, 'arrival_time': 12270, 'day': 'current_day', 'from_stop_id': '145-4', 'to_stop_id': '145-3', 'trip_id': 'walking', 'agency_name': 'Unknown'}, {'duration': 330, 'departure_time': 12810, 'arrival_time': 13140, 'day': 'current_day', 'from_stop_id': '145-3', 'to_stop_id': '177-3', 'trip_id': '6-1-12', 'agency_name': 'Unknown'}, {'duration': 330, 'departure_time': 13200, 'arrival_time': 13530, 'day': 'current_day', 'from_stop_id': '177-3', 'to_stop_id': '206-3', 'trip_id': '6-1-17', 'agency_name': 'Unknown'}]}"
165,234,7530,intra,right,542,[175],[212; 224; 236],500,375,1000,751,7905,7965.0,9480.0,9540.0,1515.0,2.0,175,212,5263.0,12793.0,pt,2761.0,10291.0,2761.0,"{'duration': 1515, 'source_transfer_time': 0, 'waiting_time': 195, 'trip_time': 1320, 'num_transfers': 2, 'departure_time': 7965, 'departure_day': 'current_day', 'arrival_time': 9480, 'arrival_day': 'current_day', 'steps': [{'duration': 210, 'departure_time': 8160, 'arrival_time': 8370, 'day': 'current_day', 'from_stop_id': '175-1', 'to_stop_id': '177-1', 'trip_id': '3-0-9', 'agency_name': 'Unknown'}, {'duration': 30, 'departure_time': 8370, 'arrival_time': 8400, 'day': 'current_day', 'from_stop_id': '177-1', 'to_stop_id': '177-3', 'trip_id': 'walking', 'agency_name': 'Unknown'}, {'duration': 1080, 'departure_time': 8400, 'arrival_time': 9480, 'day': 'current_day', 'from_stop_id': '177-3', 'to_stop_id': '212-3', 'trip_id': '6-1-9', 'agency_name': 'Unknown'}]}"
166,191,5760,intra,right,543,[167; 176],[181; 190],500,375,500,375,6135,6195.0,7590.0,7650.0,1395.0,2.0,176,190,3759.0,9519.0,pt,2265.0,8025.0,2265.0,"{'duration': 1395, 'source_transfer_time': 0, 'waiting_time': 285, 'trip_time': 1110, 'num_transfers': 2, 'departure_time': 6195, 'departure_day': 'current_day', 'arrival_time': 7590, 'arrival_day': 'current_day', 'steps': [{'duration': 990, 'departure_time': 6480, 'arrival_time': 7470, 'day': 'current_day', 'from_stop_id': '176-1', 'to_stop_id': '180-1', 'trip_id': '3-0-6', 'agency_name': 'Unknown'}, {'duration': 30, 'departure_time': 7470, 'arrival_time': 7500, 'day': 'current_day', 'from_stop_id': '180-1', 'to_stop_id': '180-3', 'trip_id': 'walking', 'agency_name': 'Unknown'}, {'duration': 90, 'departure_time': 7500, 'arrival_time': 7590, 'day': 'current_day', 'from_stop_id': '180-3', 'to_stop_id': '190-3', 'trip_id': '6-0-5', 'agency_name': 'Unknown'}]}"
141,209,3810,intra,right,544,[141],[209],0,0,0,0,3810,3870.0,5670.0,5730.0,1800.0,2.0,141,209,4135.0,7945.0,pt,1920.0,5730.0,1920.0,"{'duration': 1800, 'source_transfer_time': 0, 'waiting_time': 360, 'trip_time': 1440, 'num_transfers': 2, 'departure_time': 3870, 'departure_day': 'current_day', 'arrival_time': 5670, 'arrival_day': 'current_day', 'steps': [{'duration': 810, 'departure_time': 4230, 'arrival_time': 5040, 'day': 'current_day', 'from_stop_id': '141-5', 'to_stop_id': '237-5', 'trip_id': '10-0-3', 'agency_name': 'Unknown'}, {'duration': 30, 'departure_time': 5040, 'arrival_time': 5070, 'day': 'current_day', 'from_stop_id': '237-5', 'to_stop_id': '237-2', 'trip_id': 'walking', 'agency_name': 'Unknown'}, {'duration': 600, 'departure_time': 5070, 'arrival_time': 5670, 'day': 'current_day', 'from_stop_id': '237-2', 'to_stop_id': '209-2', 'trip_id': '4-1-3', 'agency_name': 'Unknown'}]}"
233,154,11460,intra,right,545,[211; 231],[132; 144; 156; 175],1000,751,1000,751,12211,12271.0,13710.0,13770.0,1439.0,2.0,231,156,5263.0,16723.0,pt,3061.0,14521.0,3061.0,"{'duration': 1439, 'source_transfer_time': 0, 'waiting_time': 89, 'trip_time': 1350, 'num_transfers': 2, 'departure_time': 12271, 'departure_day': 'current_day', 'arrival_time': 13710, 'arrival_day': 'current_day', 'steps': [{'duration': 600, 'departure_time': 12360, 'arrival_time': 12960, 'day': 'current_day', 'from_stop_id': '231-2', 'to_stop_id': 'MH-R-2', 'trip_id': '4-0-16', 'agency_name': 'Unknown'}, {'duration': 30, 'departure_time': 12960, 'arrival_time': 12990, 'day': 'current_day', 'from_stop_id': 'MH-R-2', 'to_stop_id': 'MH-R-4', 'trip_id': 'walking', 'agency_name': 'Unknown'}, {'duration': 570, 'departure_time': 13140, 'arrival_time': 13710, 'day': 'current_day', 'from_stop_id': 'MH-R-4', 'to_stop_id': '156-4', 'trip_id': '9-1-16', 'agency_name': 'Unknown'}]}"
236,168,13500,intra,right,546,[236],[168],0,0,0,0,13500,13560.0,15270.0,15330.0,1710.0,0.0,236,168,4887.0,18387.0,pt,1830.0,15330.0,1830.0,"{'duration': 1710, 'source_transfer_time': 0, 'waiting_time': 30, 'trip_time': 1680, 'num_transfers': 0, 'departure_time': 13560, 'departure_day': 'current_day', 'arrival_time': 15270, 'arrival_day': 'current_day', 'steps': [{'duration': 1680, 'departure_time': 13590, 'arrival_time': 15270, 'day': 'current_day', 'from_stop_id': '236-4', 'to_stop_id': '168-4', 'trip_id': '9-1-19', 'agency_name': 'Unknown'}]}"
124,206,7530,intra,right,547,[126; 146],[206],1000,751,0,0,8281,8341.0,9330.0,9390.0,989.0,1.0,146,206,3383.0,10913.0,pt,1860.0,9390.0,1860.0,"{'duration': 989, 'source_transfer_time': 0, 'waiting_time': 149, 'trip_time': 840, 'num_transfers': 1, 'departure_time': 8341, 'departure_day': 'current_day', 'arrival_time': 9330, 'arrival_day': 'current_day', 'steps': [{'duration': 450, 'departure_time': 8490, 'arrival_time': 8940, 'day': 'current_day', 'from_stop_id': '146-3', 'to_stop_id': '177-3', 'trip_id': '6-1-5', 'agency_name': 'Unknown'}, {'duration': 330, 'departure_time': 9000, 'arrival_time': 9330, 'day': 'current_day', 'from_stop_id': '177-3', 'to_stop_id': '206-3', 'trip_id': '6-1-10', 'agency_name': 'Unknown'}]}"
123,190,5370,intra,right,548,[121; 133; 145],[190],1000,751,0,0,6121,6181.0,7590.0,7650.0,1409.0,0.0,145,190,4511.0,9881.0,pt,2280.0,7650.0,2280.0,"{'duration': 1409, 'source_transfer_time': 0, 'waiting_time': 179, 'trip_time': 1230, 'num_transfers': 0, 'departure_time': 6181, 'departure_day': 'current_day', 'arrival_time': 7590, 'arrival_day': 'current_day', 'steps': [{'duration': 1230, 'departure_time': 6360, 'arrival_time': 7590, 'day': 'current_day', 'from_stop_id': '145-3', 'to_stop_id': '190-3', 'trip_id': '6-0-5', 'agency_name': 'Unknown'}]}"
131,196,7260,intra,right,549,[131],[196],0,0,0,0,7260,7320.0,9390.0,9450.0,2070.0,0.0,131,196,5263.0,12523.0,pt,2190.0,9450.0,2190.0,"{'duration': 2070, 'source_transfer_time': 0, 'waiting_time': 270, 'trip_time': 1800, 'num_transfers': 0, 'departure_time': 7320, 'departure_day': 'current_day', 'arrival_time': 9390, 'arrival_day': 'current_day', 'steps': [{'duration': 1800, 'departure_time': 7590, 'arrival_time': 9390, 'day': 'current_day', 'from_stop_id': '131-5', 'to_stop_id': '196-5', 'trip_id': '10-0-9', 'agency_name': 'Unknown'}]}"
154,232,3600,intra,right,550,[132; 144; 156; 175],[231],1000,751,500,375,4351,4411.0,5940.0,6000.0,1529.0,2.0,156,231,4887.0,8487.0,pt,2775.0,6375.0,2775.0,"{'duration': 1529, 'source_transfer_time': 0, 'waiting_time': 179, 'trip_time': 1350, 'num_transfers': 2, 'departure_time': 4411, 'departure_day': 'current_day', 'arrival_time': 5940, 'arrival_day': 'current_day', 'steps': [{'duration': 570, 'departure_time': 4590, 'arrival_time': 5160, 'day': 'current_day', 'from_stop_id': '156-4', 'to_stop_id': 'MH-R-4', 'trip_id': '9-0-3', 'agency_name': 'Unknown'}, {'duration': 30, 'departure_time': 5160, 'arrival_time': 5190, 'day': 'current_day', 'from_stop_id': 'MH-R-4', 'to_stop_id': 'MH-R-2', 'trip_id': 'walking', 'agency_name': 'Unknown'}, {'duration': 600, 'departure_time': 5340, 'arrival_time': 5940, 'day': 'current_day', 'from_stop_id': 'MH-R-2', 'to_stop_id': '231-2', 'trip_id': '4-1-3', 'agency_name': 'Unknown'}]}"
218,174,10410,intra,right,551,[207; 217],[182],500,375,500,375,10785,10845.0,12540.0,12600.0,1695.0,2.0,207,182,4511.0,14921.0,pt,2565.0,12975.0,2565.0,"{'duration': 1695, 'source_transfer_time': 0, 'waiting_time': 45, 'trip_time': 1650, 'num_transfers': 2, 'departure_time': 10845, 'departure_day': 'current_day', 'arrival_time': 12540, 'arrival_day': 'current_day', 'steps': [{'duration': 450, 'departure_time': 10890, 'arrival_time': 11340, 'day': 'current_day', 'from_stop_id': '207-3', 'to_stop_id': '177-3', 'trip_id': '6-0-9', 'agency_name': 'Unknown'}, {'duration': 30, 'departure_time': 11340, 'arrival_time': 11370, 'day': 'current_day', 'from_stop_id': '177-3', 'to_stop_id': '177-1', 'trip_id': 'walking', 'agency_name': 'Unknown'}, {'duration': 1110, 'departure_time': 11430, 'arrival_time': 12540, 'day': 'current_day', 'from_stop_id': '177-1', 'to_stop_id': '182-1', 'trip_id': '3-0-14', 'agency_name': 'Unknown'}]}"
160,201,13980,intra,right,552,[160],[201],0,0,0,0,13980,14040.0,15510.0,15570.0,1470.0,2.0,160,201,2255.0,16235.0,pt,1590.0,15570.0,1590.0,"{'duration': 1470, 'source_transfer_time': 0, 'waiting_time': 60, 'trip_time': 1410, 'num_transfers': 2, 'departure_time': 14040, 'departure_day': 'current_day', 'arrival_time': 15510, 'arrival_day': 'current_day', 'steps': [{'duration': 330, 'departure_time': 14100, 'arrival_time': 14430, 'day': 'current_day', 'from_stop_id': '160-5', 'to_stop_id': '151-5', 'trip_id': '10-1-17', 'agency_name': 'Unknown'}, {'duration': 30, 'departure_time': 14430, 'arrival_time': 14460, 'day': 'current_day', 'from_stop_id': '151-5', 'to_stop_id': '151-3', 'trip_id': 'walking', 'agency_name': 'Unknown'}, {'duration': 600, 'departure_time': 14910, 'arrival_time': 15510, 'day': 'current_day', 'from_stop_id': '151-3', 'to_stop_id': '201-3', 'trip_id': '6-0-18', 'agency_name': 'Unknown'}]}"
233,127,3780,intra,right,553,[211; 231],[126],1000,751,500,375,4531,4591.0,6540.0,6600.0,1949.0,2.0,211,126,4135.0,7915.0,pt,3195.0,6975.0,3195.0,"{'duration': 1949, 'source_transfer_time': 0, 'waiting_time': 389, 'trip_time': 1560, 'num_transfers': 2, 'departure_time': 4591, 'departure_day': 'current_day', 'arrival_time': 6540, 'arrival_day': 'current_day', 'steps': [{'duration': 210, 'departure_time': 4980, 'arrival_time': 5190, 'day': 'current_day', 'from_stop_id': '211-3', 'to_stop_id': '209-3', 'trip_id': '6-0-0', 'agency_name': 'Unknown'}, {'duration': 30, 'departure_time': 5190, 'arrival_time': 5220, 'day': 'current_day', 'from_stop_id': '209-3', 'to_stop_id': '209-2', 'trip_id': 'walking', 'agency_name': 'Unknown'}, {'duration': 1110, 'departure_time': 5430, 'arrival_time': 6540, 'day': 'current_day', 'from_stop_id': '209-2', 'to_stop_id': '126-2', 'trip_id': '4-0-4', 'agency_name': 'Unknown'}]}"
215,200,8940,intra,right,554,[216; 226],[200],500,375,0,0,9315,9375.0,11190.0,11250.0,1815.0,2.0,216,200,3383.0,12323.0,pt,2310.0,11250.0,2310.0,"{'duration': 1815, 'source_transfer_time': 0, 'waiting_time': 255, 'trip_time': 1560, 'num_transfers': 2, 'departure_time': 9375, 'departure_day': 'current_day', 'arrival_time': 11190, 'arrival_day': 'current_day', 'steps': [{'duration': 930, 'departure_time': 9630, 'arrival_time': 10560, 'day': 'current_day', 'from_stop_id': '216-5', 'to_stop_id': 'MH-R-5', 'trip_id': '10-1-12', 'agency_name': 'Unknown'}, {'duration': 30, 'departure_time': 10560, 'arrival_time': 10590, 'day': 'current_day', 'from_stop_id': 'MH-R-5', 'to_stop_id': 'MH-R-4', 'trip_id': 'walking', 'agency_name': 'Unknown'}, {'duration': 450, 'departure_time': 10740, 'arrival_time': 11190, 'day': 'current_day', 'from_stop_id': 'MH-R-4', 'to_stop_id': '200-4', 'trip_id': '9-0-12', 'agency_name': 'Unknown'}]}"
195,160,8220,intra,right,555,[195],[160],0,0,0,0,8220,8280.0,9870.0,9930.0,1590.0,4.0,195,160,3007.0,11227.0,pt,1710.0,9930.0,1710.0,"{'duration': 1590, 'source_transfer_time': 0, 'waiting_time': 450, 'trip_time': 1140, 'num_transfers': 4, 'departure_time': 8280, 'departure_day': 'current_day', 'arrival_time': 9870, 'arrival_day': 'current_day', 'steps': [{'duration': 210, 'departure_time': 8730, 'arrival_time': 8940, 'day': 'current_day', 'from_stop_id': '195-3', 'to_stop_id': '177-3', 'trip_id': '6-0-5', 'agency_name': 'Unknown'}, {'duration': 30, 'departure_time': 8940, 'arrival_time': 8970, 'day': 'current_day', 'from_stop_id': '177-3', 'to_stop_id': '177-1', 'trip_id': 'walking', 'agency_name': 'Unknown'}, {'duration': 330, 'departure_time': 9030, 'arrival_time': 9360, 'day': 'current_day', 'from_stop_id': '177-1', 'to_stop_id': 'MH-R-1', 'trip_id': '3-0-10', 'agency_name': 'Unknown'}, {'duration': 30, 'departure_time': 9360, 'arrival_time': 9390, 'day': 'current_day', 'from_stop_id': 'MH-R-1', 'to_stop_id': 'MH-R-5', 'trip_id': 'walking', 'agency_name': 'Unknown'}, {'duration': 330, 'departure_time': 9540, 'arrival_time': 9870, 'day': 'current_day', 'from_stop_id': 'MH-R-5', 'to_stop_id': '160-5', 'trip_id': '10-1-10', 'agency_name': 'Unknown'}]}"
195,163,13890,intra,right,556,[195],[162],0,0,500,375,13890,13950.0,15510.0,15570.0,1560.0,0.0,195,162,4135.0,18025.0,pt,2055.0,15945.0,2055.0,"{'duration': 1560, 'source_transfer_time': 0, 'waiting_time': 90, 'trip_time': 1470, 'num_transfers': 0, 'departure_time': 13950, 'departure_day': 'current_day', 'arrival_time': 15510, 'arrival_day': 'current_day', 'steps': [{'duration': 1470, 'departure_time': 14040, 'arrival_time': 15510, 'day': 'current_day', 'from_stop_id': '195-3', 'to_stop_id': '162-3', 'trip_id': '6-1-18', 'agency_name': 'Unknown'}]}"
198,153,11310,intra,right,557,[198],[131; 141; 151],0,0,1000,751,11310,11370.0,12630.0,12690.0,1260.0,2.0,198,151,3759.0,15069.0,pt,2131.0,13441.0,2131.0,"{'duration': 1260, 'source_transfer_time': 0, 'waiting_time': 180, 'trip_time': 1080, 'num_transfers': 2, 'departure_time': 11370, 'departure_day': 'current_day', 'arrival_time': 12630, 'arrival_day': 'current_day', 'steps': [{'duration': 90, 'departure_time': 11550, 'arrival_time': 11640, 'day': 'current_day', 'from_stop_id': '198-2', 'to_stop_id': '240-2', 'trip_id': '4-0-14', 'agency_name': 'Unknown'}, {'duration': 30, 'departure_time': 11640, 'arrival_time': 11670, 'day': 'current_day', 'from_stop_id': '240-2', 'to_stop_id': '240-5', 'trip_id': 'walking', 'agency_name': 'Unknown'}, {'duration': 960, 'departure_time': 11670, 'arrival_time': 12630, 'day': 'current_day', 'from_stop_id': '240-5', 'to_stop_id': '151-5', 'trip_id': '10-1-14', 'agency_name': 'Unknown'}]}"
129,190,12120,intra,right,558,[130; 140],[190],500,375,0,0,12495,12555.0,13590.0,13650.0,1035.0,2.0,140,190,2255.0,14375.0,pt,1530.0,13650.0,1530.0,"{'duration': 1035, 'source_transfer_time': 0, 'waiting_time': 195, 'trip_time': 840, 'num_transfers': 2, 'departure_time': 12555, 'departure_day': 'current_day', 'arrival_time': 13590, 'arrival_day': 'current_day', 'steps': [{'duration': 90, 'departure_time': 12750, 'arrival_time': 12840, 'day': 'current_day', 'from_stop_id': '140-5', 'to_stop_id': '151-5', 'trip_id': '10-0-17', 'agency_name': 'Unknown'}, {'duration': 30, 'departure_time': 12840, 'arrival_time': 12870, 'day': 'current_day', 'from_stop_id': '151-5', 'to_stop_id': '151-3', 'trip_id': 'walking', 'agency_name': 'Unknown'}, {'duration': 480, 'departure_time': 13110, 'arrival_time': 13590, 'day': 'current_day', 'from_stop_id': '151-3', 'to_stop_id': '190-3', 'trip_id': '6-0-15', 'agency_name': 'Unknown'}]}"
212,134,13020,intra,right,559,[212],[133; 145],0,0,500,375,13020,13080.0,14580.0,14640.0,1500.0,0.0,212,145,4887.0,17907.0,pt,1995.0,15015.0,1995.0,"{'duration': 1500, 'source_transfer_time': 0, 'waiting_time': 30, 'trip_time': 1470, 'num_transfers': 0, 'departure_time': 13080, 'departure_day': 'current_day', 'arrival_time': 14580, 'arrival_day': 'current_day', 'steps': [{'duration': 1470, 'departure_time': 13110, 'arrival_time': 14580, 'day': 'current_day', 'from_stop_id': '212-3', 'to_stop_id': '145-3', 'trip_id': '6-1-15', 'agency_name': 'Unknown'}]}"
173,156,4230,intra,right,560,[172; 181],[156],500,375,0,0,4605,4665.0,5910.0,5970.0,1245.0,2.0,181,156,3007.0,7237.0,pt,1740.0,5970.0,1740.0,"{'duration': 1245, 'source_transfer_time': 0, 'waiting_time': 15, 'trip_time': 1230, 'num_transfers': 2, 'departure_time': 4665, 'departure_day': 'current_day', 'arrival_time': 5910, 'arrival_day': 'current_day', 'steps': [{'duration': 360, 'departure_time': 4680, 'arrival_time': 5040, 'day': 'current_day', 'from_stop_id': '181-1', 'to_stop_id': '239-1', 'trip_id': '3-1-3', 'agency_name': 'Unknown'}, {'duration': 30, 'departure_time': 5040, 'arrival_time': 5070, 'day': 'current_day', 'from_stop_id': '239-1', 'to_stop_id': '239-4', 'trip_id': 'walking', 'agency_name': 'Unknown'}, {'duration': 840, 'departure_time': 5070, 'arrival_time': 5910, 'day': 'current_day', 'from_stop_id': '239-4', 'to_stop_id': '156-4', 'trip_id': '9-1-3', 'agency_name': 'Unknown'}]}"
191,165,5340,intra,right,561,[181; 190],[175],500,375,500,375,5715,5775.0,7140.0,7200.0,1365.0,0.0,181,175,4135.0,9475.0,pt,2235.0,7575.0,2235.0,"{'duration': 1365, 'source_transfer_time': 0, 'waiting_time': 105, 'trip_time': 1260, 'num_transfers': 0, 'departure_time': 5775, 'departure_day': 'current_day', 'arrival_time': 7140, 'arrival_day': 'current_day', 'steps': [{'duration': 1260, 'departure_time': 5880, 'arrival_time': 7140, 'day': 'current_day', 'from_stop_id': '181-1', 'to_stop_id': '175-1', 'trip_id': '3-1-5', 'agency_name': 'Unknown'}]}"
202,205,11610,intra,right,562,[201; 213],[206; 216],500,375,500,375,11985,12045.0,13380.0,13440.0,1335.0,0.0,201,206,3383.0,14993.0,pt,2205.0,13815.0,2205.0,"{'duration': 1335, 'source_transfer_time': 0, 'waiting_time': 495, 'trip_time': 840, 'num_transfers': 0, 'departure_time': 12045, 'departure_day': 'current_day', 'arrival_time': 13380, 'arrival_day': 'current_day', 'steps': [{'duration': 840, 'departure_time': 12540, 'arrival_time': 13380, 'day': 'current_day', 'from_stop_id': '201-3', 'to_stop_id': '206-3', 'trip_id': '6-0-13', 'agency_name': 'Unknown'}]}"
129,135,9960,intra,right,563,[130; 140],[146],500,375,500,375,10335,10395.0,12060.0,12120.0,1665.0,2.0,130,146,2255.0,12215.0,walking,2255.0,12495.0,2535.0,"{'duration': 1665, 'source_transfer_time': 0, 'waiting_time': 315, 'trip_time': 1350, 'num_transfers': 2, 'departure_time': 10395, 'departure_day': 'current_day', 'arrival_time': 12060, 'arrival_day': 'current_day', 'steps': [{'duration': 330, 'departure_time': 10710, 'arrival_time': 11040, 'day': 'current_day', 'from_stop_id': '130-5', 'to_stop_id': '151-5', 'trip_id': '10-0-14', 'agency_name': 'Unknown'}, {'duration': 30, 'departure_time': 11040, 'arrival_time': 11070, 'day': 'current_day', 'from_stop_id': '151-5', 'to_stop_id': '151-3', 'trip_id': 'walking', 'agency_name': 'Unknown'}, {'duration': 600, 'departure_time': 11460, 'arrival_time': 12060, 'day': 'current_day', 'from_stop_id': '151-3', 'to_stop_id': '146-3', 'trip_id': '6-1-11', 'agency_name': 'Unknown'}]}"
166,150,13500,intra,right,564,[167; 176],[150],500,375,0,0,13875,13935.0,15360.0,15420.0,1425.0,0.0,167,150,3007.0,16507.0,pt,1920.0,15420.0,1920.0,"{'duration': 1425, 'source_transfer_time': 0, 'waiting_time': 585, 'trip_time': 840, 'num_transfers': 0, 'departure_time': 13935, 'departure_day': 'current_day', 'arrival_time': 15360, 'arrival_day': 'current_day', 'steps': [{'duration': 840, 'departure_time': 14520, 'arrival_time': 15360, 'day': 'current_day', 'from_stop_id': '167-3', 'to_stop_id': '150-3', 'trip_id': '6-0-19', 'agency_name': 'Unknown'}]}"
218,241,14340,intra,right,565,[207; 217],[241],500,375,0,0,14715,14775.0,15360.0,15420.0,585.0,0.0,207,MH-R,2255.0,16595.0,pt,1080.0,15420.0,1080.0,"{'duration': 585, 'source_transfer_time': 0, 'waiting_time': 15, 'trip_time': 570, 'num_transfers': 0, 'departure_time': 14775, 'departure_day': 'current_day', 'arrival_time': 15360, 'arrival_day': 'current_day', 'steps': [{'duration': 570, 'departure_time': 14790, 'arrival_time': 15360, 'day': 'current_day', 'from_stop_id': '207-5', 'to_stop_id': 'MH-R-5', 'trip_id': '10-1-20', 'agency_name': 'Unknown'}]}"
131,230,5640,intra,right,566,[131],[231],0,0,500,375,5640,5700.0,7740.0,7800.0,2040.0,2.0,131,231,6015.0,11655.0,pt,2535.0,8175.0,2535.0,"{'duration': 2040, 'source_transfer_time': 0, 'waiting_time': 90, 'trip_time': 1950, 'num_transfers': 2, 'departure_time': 5700, 'departure_day': 'current_day', 'arrival_time': 7740, 'arrival_day': 'current_day', 'steps': [{'duration': 1050, 'departure_time': 5790, 'arrival_time': 6840, 'day': 'current_day', 'from_stop_id': '131-5', 'to_stop_id': '237-5', 'trip_id': '10-0-6', 'agency_name': 'Unknown'}, {'duration': 30, 'departure_time': 6840, 'arrival_time': 6870, 'day': 'current_day', 'from_stop_id': '237-5', 'to_stop_id': '237-2', 'trip_id': 'walking', 'agency_name': 'Unknown'}, {'duration': 870, 'departure_time': 6870, 'arrival_time': 7740, 'day': 'current_day', 'from_stop_id': '237-2', 'to_stop_id': '231-2', 'trip_id': '4-1-6', 'agency_name': 'Unknown'}]}"
126,217,4080,intra,right,567,[126],[217],0,0,0,0,4080,4140.0,6150.0,6210.0,2010.0,3.0,126,217,4511.0,8591.0,pt,2130.0,6210.0,2130.0,"{'duration': 2010, 'source_transfer_time': 0, 'waiting_time': 420, 'trip_time': 1590, 'num_transfers': 3, 'departure_time': 4140, 'departure_day': 'current_day', 'arrival_time': 6150, 'arrival_day': 'current_day', 'steps': [{'duration': 480, 'departure_time': 4560, 'arrival_time': 5040, 'day': 'current_day', 'from_stop_id': '126-2', 'to_stop_id': '237-2', 'trip_id': '4-1-3', 'agency_name': 'Unknown'}, {'duration': 30, 'departure_time': 5040, 'arrival_time': 5070, 'day': 'current_day', 'from_stop_id': '237-2', 'to_stop_id': '237-5', 'trip_id': 'walking', 'agency_name': 'Unknown'}, {'duration': 360, 'departure_time': 5070, 'arrival_time': 5430, 'day': 'current_day', 'from_stop_id': '237-5', 'to_stop_id': '240-5', 'trip_id': '10-0-3', 'agency_name': 'Unknown'}, {'duration': 690, 'departure_time': 5460, 'arrival_time': 6150, 'day': 'current_day', 'from_stop_id': '240-5', 'to_stop_id': '217-5', 'trip_id': '10-0-3', 'agency_name': 'Unknown'}]}"
150,240,7560,intra,right,568,[150],[240],0,0,0,0,7560,7620.0,9030.0,9090.0,1410.0,0.0,150,240,2255.0,9815.0,pt,1530.0,9090.0,1530.0,"{'duration': 1410, 'source_transfer_time': 0, 'waiting_time': 570, 'trip_time': 840, 'num_transfers': 0, 'departure_time': 7620, 'departure_day': 'current_day', 'arrival_time': 9030, 'arrival_day': 'current_day', 'steps': [{'duration': 840, 'departure_time': 8190, 'arrival_time': 9030, 'day': 'current_day', 'from_stop_id': '150-5', 'to_stop_id': '240-5', 'trip_id': '10-0-9', 'agency_name': 'Unknown'}]}"
148,224,8520,intra,right,569,[148],[224],0,0,0,0,8520,8580.0,10470.0,10530.0,1890.0,3.0,148,224,4135.0,12655.0,pt,2010.0,10530.0,2010.0,"{'duration': 1890, 'source_transfer_time': 0, 'waiting_time': 450, 'trip_time': 1440, 'num_transfers': 3, 'departure_time': 8580, 'departure_day': 'current_day', 'arrival_time': 10470, 'arrival_day': 'current_day', 'steps': [{'duration': 330, 'departure_time': 9030, 'arrival_time': 9360, 'day': 'current_day', 'from_stop_id': '148-2', 'to_stop_id': 'MH-R-2', 'trip_id': '4-1-10', 'agency_name': 'Unknown'}, {'duration': 30, 'departure_time': 9360, 'arrival_time': 9390, 'day': 'current_day', 'from_stop_id': 'MH-R-2', 'to_stop_id': 'MH-R-4', 'trip_id': 'walking', 'agency_name': 'Unknown'}, {'duration': 690, 'departure_time': 9540, 'arrival_time': 10230, 'day': 'current_day', 'from_stop_id': 'MH-R-4', 'to_stop_id': '212-4', 'trip_id': '9-0-10', 'agency_name': 'Unknown'}, {'duration': 210, 'departure_time': 10260, 'arrival_time': 10470, 'day': 'current_day', 'from_stop_id': '212-4', 'to_stop_id': '224-4', 'trip_id': '9-0-10', 'agency_name': 'Unknown'}]}"
168,141,7140,intra,right,570,[168],[141],0,0,0,0,7140,7200.0,8670.0,8730.0,1470.0,2.0,168,141,3383.0,10523.0,pt,1590.0,8730.0,1590.0,"{'duration': 1470, 'source_transfer_time': 0, 'waiting_time': 30, 'trip_time': 1440, 'num_transfers': 2, 'departure_time': 7200, 'departure_day': 'current_day', 'arrival_time': 8670, 'arrival_day': 'current_day', 'steps': [{'duration': 330, 'departure_time': 7230, 'arrival_time': 7560, 'day': 'current_day', 'from_stop_id': '168-4', 'to_stop_id': 'MH-R-4', 'trip_id': '9-0-7', 'agency_name': 'Unknown'}, {'duration': 30, 'departure_time': 7560, 'arrival_time': 7590, 'day': 'current_day', 'from_stop_id': 'MH-R-4', 'to_stop_id': 'MH-R-5', 'trip_id': 'walking', 'agency_name': 'Unknown'}, {'duration': 930, 'departure_time': 7740, 'arrival_time': 8670, 'day': 'current_day', 'from_stop_id': 'MH-R-5', 'to_stop_id': '141-5', 'trip_id': '10-1-7', 'agency_name': 'Unknown'}]}"
153,143,3810,intra,right,571,[131; 141; 151],[132; 144],1000,751,500,375,4561,4621.0,6150.0,6210.0,1529.0,2.0,151,144,3759.0,7569.0,pt,2775.0,6585.0,2775.0,"{'duration': 1529, 'source_transfer_time': 0, 'waiting_time': 239, 'trip_time': 1290, 'num_transfers': 2, 'departure_time': 4621, 'departure_day': 'current_day', 'arrival_time': 6150, 'arrival_day': 'current_day', 'steps': [{'duration': 840, 'departure_time': 4860, 'arrival_time': 5700, 'day': 'current_day', 'from_stop_id': '151-3', 'to_stop_id': '156-3', 'trip_id': '6-1-0', 'agency_name': 'Unknown'}, {'duration': 30, 'departure_time': 5700, 'arrival_time': 5730, 'day': 'current_day', 'from_stop_id': '156-3', 'to_stop_id': '156-4', 'trip_id': 'walking', 'agency_name': 'Unknown'}, {'duration': 210, 'departure_time': 5940, 'arrival_time': 6150, 'day': 'current_day', 'from_stop_id': '156-4', 'to_stop_id': '144-4', 'trip_id': '9-1-3', 'agency_name': 'Unknown'}]}"
203,216,7110,intra,right,572,[182; 201; 213; 225],[216],1000,751,0,0,7861,7921.0,9870.0,9930.0,1949.0,2.0,182,216,4135.0,11245.0,pt,2820.0,9930.0,2820.0,"{'duration': 1949, 'source_transfer_time': 0, 'waiting_time': 239, 'trip_time': 1710, 'num_transfers': 2, 'departure_time': 7921, 'departure_day': 'current_day', 'arrival_time': 9870, 'arrival_day': 'current_day', 'steps': [{'duration': 600, 'departure_time': 8160, 'arrival_time': 8760, 'day': 'current_day', 'from_stop_id': '182-1', 'to_stop_id': 'MH-R-1', 'trip_id': '3-1-9', 'agency_name': 'Unknown'}, {'duration': 30, 'departure_time': 8760, 'arrival_time': 8790, 'day': 'current_day', 'from_stop_id': 'MH-R-1', 'to_stop_id': 'MH-R-5', 'trip_id': 'walking', 'agency_name': 'Unknown'}, {'duration': 930, 'departure_time': 8940, 'arrival_time': 9870, 'day': 'current_day', 'from_stop_id': 'MH-R-5', 'to_stop_id': '216-5', 'trip_id': '10-0-9', 'agency_name': 'Unknown'}]}"
219,156,10410,intra,right,573,[208; 220],[156],500,375,0,0,10785,10845.0,12210.0,12270.0,1365.0,1.0,208,156,3007.0,13417.0,pt,1860.0,12270.0,1860.0,"{'duration': 1365, 'source_transfer_time': 0, 'waiting_time': 525, 'trip_time': 840, 'num_transfers': 1, 'departure_time': 10845, 'departure_day': 'current_day', 'arrival_time': 12210, 'arrival_day': 'current_day', 'steps': [{'duration': 570, 'departure_time': 11370, 'arrival_time': 11940, 'day': 'current_day', 'from_stop_id': '208-3', 'to_stop_id': '177-3', 'trip_id': '6-0-10', 'agency_name': 'Unknown'}, {'duration': 210, 'departure_time': 12000, 'arrival_time': 12210, 'day': 'current_day', 'from_stop_id': '177-3', 'to_stop_id': '156-3', 'trip_id': '6-0-15', 'agency_name': 'Unknown'}]}"
221,126,12630,intra,right,574,[210; 220],[126],500,375,0,0,13005,13065.0,14340.0,14400.0,1275.0,0.0,220,126,3759.0,16389.0,pt,1770.0,14400.0,1770.0,"{'duration': 1275, 'source_transfer_time': 0, 'waiting_time': 15, 'trip_time': 1260, 'num_transfers': 0, 'departure_time': 13065, 'departure_day': 'current_day', 'arrival_time': 14340, 'arrival_day': 'current_day', 'steps': [{'duration': 1260, 'departure_time': 13080, 'arrival_time': 14340, 'day': 'current_day', 'from_stop_id': '220-2', 'to_stop_id': '126-2', 'trip_id': '4-0-17', 'agency_name': 'Unknown'}]}"
161,230,9570,intra,right,575,[161],[231],0,0,500,375,9570,9630.0,11340.0,11400.0,1710.0,2.0,161,231,3759.0,13329.0,pt,2205.0,11775.0,2205.0,"{'duration': 1710, 'source_transfer_time': 0, 'waiting_time': 480, 'trip_time': 1230, 'num_transfers': 2, 'departure_time': 9630, 'departure_day': 'current_day', 'arrival_time': 11340, 'arrival_day': 'current_day', 'steps': [{'duration': 330, 'departure_time': 10110, 'arrival_time': 10440, 'day': 'current_day', 'from_stop_id': '161-5', 'to_stop_id': '237-5', 'trip_id': '10-0-12', 'agency_name': 'Unknown'}, {'duration': 30, 'departure_time': 10440, 'arrival_time': 10470, 'day': 'current_day', 'from_stop_id': '237-5', 'to_stop_id': '237-2', 'trip_id': 'walking', 'agency_name': 'Unknown'}, {'duration': 870, 'departure_time': 10470, 'arrival_time': 11340, 'day': 'current_day', 'from_stop_id': '237-2', 'to_stop_id': '231-2', 'trip_id': '4-1-12', 'agency_name': 'Unknown'}]}"
121,210,11460,intra,right,576,[121],[210],0,0,0,0,11460,11520.0,14040.0,14100.0,2520.0,3.0,121,210,5263.0,16723.0,pt,2640.0,14100.0,2640.0,"{'duration': 2520, 'source_transfer_time': 0, 'waiting_time': 270, 'trip_time': 2250, 'num_transfers': 3, 'departure_time': 11520, 'departure_day': 'current_day', 'arrival_time': 14040, 'arrival_day': 'current_day', 'steps': [{'duration': 450, 'departure_time': 11790, 'arrival_time': 12240, 'day': 'current_day', 'from_stop_id': '121-4', 'to_stop_id': '145-4', 'trip_id': '9-0-16', 'agency_name': 'Unknown'}, {'duration': 30, 'departure_time': 12240, 'arrival_time': 12270, 'day': 'current_day', 'from_stop_id': '145-4', 'to_stop_id': '145-3', 'trip_id': 'walking', 'agency_name': 'Unknown'}, {'duration': 330, 'departure_time': 12810, 'arrival_time': 13140, 'day': 'current_day', 'from_stop_id': '145-3', 'to_stop_id': '177-3', 'trip_id': '6-1-12', 'agency_name': 'Unknown'}, {'duration': 840, 'departure_time': 13200, 'arrival_time': 14040, 'day': 'current_day', 'from_stop_id': '177-3', 'to_stop_id': '210-3', 'trip_id': '6-1-17', 'agency_name': 'Unknown'}]}"
144,131,7350,intra,right,577,[144],[131],0,0,0,0,7350,7410.0,9510.0,9570.0,2100.0,4.0,144,131,4135.0,11485.0,pt,2220.0,9570.0,2220.0,"{'duration': 2100, 'source_transfer_time': 0, 'waiting_time': 540, 'trip_time': 1560, 'num_transfers': 4, 'departure_time': 7410, 'departure_day': 'current_day', 'arrival_time': 9510, 'arrival_day': 'current_day', 'steps': [{'duration': 90, 'departure_time': 7950, 'arrival_time': 8040, 'day': 'current_day', 'from_stop_id': '144-4', 'to_stop_id': '145-4', 'trip_id': '9-0-9', 'agency_name': 'Unknown'}, {'duration': 30, 'departure_time': 8040, 'arrival_time': 8070, 'day': 'current_day', 'from_stop_id': '145-4', 'to_stop_id': '145-3', 'trip_id': 'walking', 'agency_name': 'Unknown'}, {'duration': 600, 'departure_time': 8160, 'arrival_time': 8760, 'day': 'current_day', 'from_stop_id': '145-3', 'to_stop_id': '150-3', 'trip_id': '6-0-8', 'agency_name': 'Unknown'}, {'duration': 30, 'departure_time': 8760, 'arrival_time': 8790, 'day': 'current_day', 'from_stop_id': '150-3', 'to_stop_id': '150-5', 'trip_id': 'walking', 'agency_name': 'Unknown'}, {'duration': 570, 'departure_time': 8940, 'arrival_time': 9510, 'day': 'current_day', 'from_stop_id': '150-5', 'to_stop_id': '131-5', 'trip_id': '10-1-8', 'agency_name': 'Unknown'}]}"
139,168,6900,intra,right,578,[140; 150],[168],500,375,0,0,7275,7335.0,8400.0,8460.0,1065.0,2.0,150,168,2631.0,9531.0,pt,1560.0,8460.0,1560.0,"{'duration': 1065, 'source_transfer_time': 0, 'waiting_time': 45, 'trip_time': 1020, 'num_transfers': 2, 'departure_time': 7335, 'departure_day': 'current_day', 'arrival_time': 8400, 'arrival_day': 'current_day', 'steps': [{'duration': 720, 'departure_time': 7380, 'arrival_time': 8100, 'day': 'current_day', 'from_stop_id': '150-3', 'to_stop_id': '156-3', 'trip_id': '6-1-4', 'agency_name': 'Unknown'}, {'duration': 30, 'departure_time': 8100, 'arrival_time': 8130, 'day': 'current_day', 'from_stop_id': '156-3', 'to_stop_id': '156-4', 'trip_id': 'walking', 'agency_name': 'Unknown'}, {'duration': 210, 'departure_time': 8190, 'arrival_time': 8400, 'day': 'current_day', 'from_stop_id': '156-4', 'to_stop_id': '168-4', 'trip_id': '9-0-9', 'agency_name': 'Unknown'}]}"
122,196,5850,intra,right,579,[121; 133],[196],500,375,0,0,6225,6285.0,8190.0,8250.0,1905.0,2.0,121,196,3383.0,9233.0,pt,2400.0,8250.0,2400.0,"{'duration': 1905, 'source_transfer_time': 0, 'waiting_time': 105, 'trip_time': 1800, 'num_transfers': 2, 'departure_time': 6285, 'departure_day': 'current_day', 'arrival_time': 8190, 'arrival_day': 'current_day', 'steps': [{'duration': 1170, 'departure_time': 6390, 'arrival_time': 7560, 'day': 'current_day', 'from_stop_id': '121-4', 'to_stop_id': 'MH-R-4', 'trip_id': '9-0-7', 'agency_name': 'Unknown'}, {'duration': 30, 'departure_time': 7560, 'arrival_time': 7590, 'day': 'current_day', 'from_stop_id': 'MH-R-4', 'to_stop_id': 'MH-R-5', 'trip_id': 'walking', 'agency_name': 'Unknown'}, {'duration': 450, 'departure_time': 7740, 'arrival_time': 8190, 'day': 'current_day', 'from_stop_id': 'MH-R-5', 'to_stop_id': '196-5', 'trip_id': '10-0-7', 'agency_name': 'Unknown'}]}"
195,150,8220,intra,right,580,[195],[150],0,0,0,0,8220,8280.0,9960.0,10020.0,1680.0,1.0,195,150,3759.0,11979.0,pt,1800.0,10020.0,1800.0,"{'duration': 1680, 'source_transfer_time': 0, 'waiting_time': 450, 'trip_time': 1230, 'num_transfers': 1, 'departure_time': 8280, 'departure_day': 'current_day', 'arrival_time': 9960, 'arrival_day': 'current_day', 'steps': [{'duration': 210, 'departure_time': 8730, 'arrival_time': 8940, 'day': 'current_day', 'from_stop_id': '195-3', 'to_stop_id': '177-3', 'trip_id': '6-0-5', 'agency_name': 'Unknown'}, {'duration': 960, 'departure_time': 9000, 'arrival_time': 9960, 'day': 'current_day', 'from_stop_id': '177-3', 'to_stop_id': '150-3', 'trip_id': '6-0-10', 'agency_name': 'Unknown'}]}"
209,171,7800,intra,right,581,[209],[161; 170; 172; 179],0,0,500,375,7800,7860.0,8790.0,8850.0,930.0,0.0,209,172,2255.0,10055.0,pt,1425.0,9225.0,1425.0,"{'duration': 930, 'source_transfer_time': 0, 'waiting_time': 90, 'trip_time': 840, 'num_transfers': 0, 'departure_time': 7860, 'departure_day': 'current_day', 'arrival_time': 8790, 'arrival_day': 'current_day', 'steps': [{'duration': 840, 'departure_time': 7950, 'arrival_time': 8790, 'day': 'current_day', 'from_stop_id': '209-3', 'to_stop_id': '172-3', 'trip_id': '6-1-7', 'agency_name': 'Unknown'}]}"
225,241,12840,intra,right,582,[225],[241],0,0,0,0,12840,12900.0,14160.0,14220.0,1260.0,0.0,225,MH-R,3383.0,16223.0,pt,1380.0,14220.0,1380.0,"{'duration': 1260, 'source_transfer_time': 0, 'waiting_time': 210, 'trip_time': 1050, 'num_transfers': 0, 'departure_time': 12900, 'departure_day': 'current_day', 'arrival_time': 14160, 'arrival_day': 'current_day', 'steps': [{'duration': 1050, 'departure_time': 13110, 'arrival_time': 14160, 'day': 'current_day', 'from_stop_id': '225-4', 'to_stop_id': 'MH-R-4', 'trip_id': '9-1-18', 'agency_name': 'Unknown'}]}"
193,123,8040,intra,right,583,[175; 195],[121; 133; 145],1000,751,1000,751,8791,8851.0,9930.0,9990.0,1079.0,2.0,175,145,3383.0,11423.0,pt,2701.0,10741.0,2701.0,"{'duration': 1079, 'source_transfer_time': 0, 'waiting_time': 509, 'trip_time': 570, 'num_transfers': 2, 'departure_time': 8851, 'departure_day': 'current_day', 'arrival_time': 9930, 'arrival_day': 'current_day', 'steps': [{'duration': 210, 'departure_time': 9360, 'arrival_time': 9570, 'day': 'current_day', 'from_stop_id': '175-1', 'to_stop_id': '177-1', 'trip_id': '3-0-11', 'agency_name': 'Unknown'}, {'duration': 30, 'departure_time': 9570, 'arrival_time': 9600, 'day': 'current_day', 'from_stop_id': '177-1', 'to_stop_id': '177-3', 'trip_id': 'walking', 'agency_name': 'Unknown'}, {'duration': 330, 'departure_time': 9600, 'arrival_time': 9930, 'day': 'current_day', 'from_stop_id': '177-3', 'to_stop_id': '145-3', 'trip_id': '6-0-11', 'agency_name': 'Unknown'}]}"
231,143,13320,intra,right,584,[231],[132; 144],0,0,500,375,13320,13380.0,15150.0,15210.0,1770.0,2.0,231,144,4887.0,18207.0,pt,2265.0,15585.0,2265.0,"{'duration': 1770, 'source_transfer_time': 0, 'waiting_time': 180, 'trip_time': 1590, 'num_transfers': 2, 'departure_time': 13380, 'departure_day': 'current_day', 'arrival_time': 15150, 'arrival_day': 'current_day', 'steps': [{'duration': 600, 'departure_time': 13560, 'arrival_time': 14160, 'day': 'current_day', 'from_stop_id': '231-2', 'to_stop_id': 'MH-R-2', 'trip_id': '4-0-18', 'agency_name': 'Unknown'}, {'duration': 30, 'departure_time': 14160, 'arrival_time': 14190, 'day': 'current_day', 'from_stop_id': 'MH-R-2', 'to_stop_id': 'MH-R-4', 'trip_id': 'walking', 'agency_name': 'Unknown'}, {'duration': 810, 'departure_time': 14340, 'arrival_time': 15150, 'day': 'current_day', 'from_stop_id': 'MH-R-4', 'to_stop_id': '144-4', 'trip_id': '9-1-18', 'agency_name': 'Unknown'}]}"
137,207,10140,intra,right,585,[137],[207],0,0,0,0,10140,10200.0,11910.0,11970.0,1710.0,3.0,137,207,3383.0,13523.0,pt,1830.0,11970.0,1830.0,"{'duration': 1710, 'source_transfer_time': 0, 'waiting_time': 480, 'trip_time': 1230, 'num_transfers': 3, 'departure_time': 10200, 'departure_day': 'current_day', 'arrival_time': 11910, 'arrival_day': 'current_day', 'steps': [{'duration': 360, 'departure_time': 10680, 'arrival_time': 11040, 'day': 'current_day', 'from_stop_id': '137-2', 'to_stop_id': '237-2', 'trip_id': '4-1-13', 'agency_name': 'Unknown'}, {'duration': 30, 'departure_time': 11040, 'arrival_time': 11070, 'day': 'current_day', 'from_stop_id': '237-2', 'to_stop_id': '237-5', 'trip_id': 'walking', 'agency_name': 'Unknown'}, {'duration': 360, 'departure_time': 11070, 'arrival_time': 11430, 'day': 'current_day', 'from_stop_id': '237-5', 'to_stop_id': '240-5', 'trip_id': '10-0-13', 'agency_name': 'Unknown'}, {'duration': 450, 'departure_time': 11460, 'arrival_time': 11910, 'day': 'current_day', 'from_stop_id': '240-5', 'to_stop_id': '207-5', 'trip_id': '10-0-13', 'agency_name': 'Unknown'}]}"
164,144,5460,intra,right,586,[162; 182],[144],1000,751,0,0,6211,6271.0,7950.0,8010.0,1679.0,2.0,162,144,3759.0,9219.0,pt,2550.0,8010.0,2550.0,"{'duration': 1679, 'source_transfer_time': 0, 'waiting_time': 269, 'trip_time': 1410, 'num_transfers': 2, 'departure_time': 6271, 'departure_day': 'current_day', 'arrival_time': 7950, 'arrival_day': 'current_day', 'steps': [{'duration': 960, 'departure_time': 6540, 'arrival_time': 7500, 'day': 'current_day', 'from_stop_id': '162-3', 'to_stop_id': '156-3', 'trip_id': '6-1-3', 'agency_name': 'Unknown'}, {'duration': 30, 'departure_time': 7500, 'arrival_time': 7530, 'day': 'current_day', 'from_stop_id': '156-3', 'to_stop_id': '156-4', 'trip_id': 'walking', 'agency_name': 'Unknown'}, {'duration': 210, 'departure_time': 7740, 'arrival_time': 7950, 'day': 'current_day', 'from_stop_id': '156-4', 'to_stop_id': '144-4', 'trip_id': '9-1-6', 'agency_name': 'Unknown'}]}"
154,210,9750,intra,right,587,[132; 144; 156; 175],[210],1000,751,0,0,10501,10561.0,12240.0,12300.0,1679.0,1.0,156,210,4135.0,13885.0,pt,2550.0,12300.0,2550.0,"{'duration': 1679, 'source_transfer_time': 0, 'waiting_time': 569, 'trip_time': 1110, 'num_transfers': 1, 'departure_time': 10561, 'departure_day': 'current_day', 'arrival_time': 12240, 'arrival_day': 'current_day', 'steps': [{'duration': 210, 'departure_time': 11130, 'arrival_time': 11340, 'day': 'current_day', 'from_stop_id': '156-3', 'to_stop_id': '177-3', 'trip_id': '6-1-9', 'agency_name': 'Unknown'}, {'duration': 840, 'departure_time': 11400, 'arrival_time': 12240, 'day': 'current_day', 'from_stop_id': '177-3', 'to_stop_id': '210-3', 'trip_id': '6-1-14', 'agency_name': 'Unknown'}]}"
226,154,14400,intra,right,588,[226],[132; 144; 156; 175],0,0,1000,751,14400,14460.0,16410.0,16470.0,1950.0,3.0,226,156,2631.0,17031.0,walking,2631.0,17221.0,2821.0,"{'duration': 1950, 'source_transfer_time': 0, 'waiting_time': 330, 'trip_time': 1620, 'num_transfers': 3, 'departure_time': 14460, 'departure_day': 'current_day', 'arrival_time': 16410, 'arrival_day': 'current_day', 'steps': [{'duration': 570, 'departure_time': 14790, 'arrival_time': 15360, 'day': 'current_day', 'from_stop_id': '226-5', 'to_stop_id': '207-5', 'trip_id': '10-1-21', 'agency_name': 'Unknown'}, {'duration': 30, 'departure_time': 15360, 'arrival_time': 15390, 'day': 'current_day', 'from_stop_id': '207-5', 'to_stop_id': '207-3', 'trip_id': 'walking', 'agency_name': 'Unknown'}, {'duration': 450, 'departure_time': 15690, 'arrival_time': 16140, 'day': 'current_day', 'from_stop_id': '207-3', 'to_stop_id': '177-3', 'trip_id': '6-0-17', 'agency_name': 'Unknown'}, {'duration': 210, 'departure_time': 16200, 'arrival_time': 16410, 'day': 'current_day', 'from_stop_id': '177-3', 'to_stop_id': '156-3', 'trip_id': '6-0-22', 'agency_name': 'Unknown'}]}"
173,154,4680,intra,right,589,[172; 181],[132; 144; 156; 175],500,375,1000,751,5055,5115.0,6300.0,6360.0,1185.0,0.0,172,156,3759.0,8439.0,pt,2431.0,7111.0,2431.0,"{'duration': 1185, 'source_transfer_time': 0, 'waiting_time': 105, 'trip_time': 1080, 'num_transfers': 0, 'departure_time': 5115, 'departure_day': 'current_day', 'arrival_time': 6300, 'arrival_day': 'current_day', 'steps': [{'duration': 1080, 'departure_time': 5220, 'arrival_time': 6300, 'day': 'current_day', 'from_stop_id': '172-3', 'to_stop_id': '156-3', 'trip_id': '6-1-1', 'agency_name': 'Unknown'}]}"
236,168,3930,intra,right,590,[236],[168],0,0,0,0,3930,3990.0,5670.0,5730.0,1680.0,0.0,236,168,4887.0,8817.0,pt,1800.0,5730.0,1800.0,"{'duration': 1680, 'source_transfer_time': 0, 'waiting_time': 0, 'trip_time': 1680, 'num_transfers': 0, 'departure_time': 3990, 'departure_day': 'current_day', 'arrival_time': 5670, 'arrival_day': 'current_day', 'steps': [{'duration': 1680, 'departure_time': 3990, 'arrival_time': 5670, 'day': 'current_day', 'from_stop_id': '236-4', 'to_stop_id': '168-4', 'trip_id': '9-1-3', 'agency_name': 'Unknown'}]}"
143,129,6390,intra,right,591,[132; 144],[130; 140],500,375,500,375,6765,6825.0,8550.0,8610.0,1725.0,4.0,132,140,3759.0,10149.0,pt,2595.0,8985.0,2595.0,"{'duration': 1725, 'source_transfer_time': 0, 'waiting_time': 285, 'trip_time': 1440, 'num_transfers': 4, 'departure_time': 6825, 'departure_day': 'current_day', 'arrival_time': 8550, 'arrival_day': 'current_day', 'steps': [{'duration': 330, 'departure_time': 7110, 'arrival_time': 7440, 'day': 'current_day', 'from_stop_id': '132-4', 'to_stop_id': '145-4', 'trip_id': '9-0-8', 'agency_name': 'Unknown'}, {'duration': 30, 'departure_time': 7440, 'arrival_time': 7470, 'day': 'current_day', 'from_stop_id': '145-4', 'to_stop_id': '145-3', 'trip_id': 'walking', 'agency_name': 'Unknown'}, {'duration': 600, 'departure_time': 7560, 'arrival_time': 8160, 'day': 'current_day', 'from_stop_id': '145-3', 'to_stop_id': '150-3', 'trip_id': '6-0-7', 'agency_name': 'Unknown'}, {'duration': 30, 'departure_time': 8160, 'arrival_time': 8190, 'day': 'current_day', 'from_stop_id': '150-3', 'to_stop_id': '150-5', 'trip_id': 'walking', 'agency_name': 'Unknown'}, {'duration': 210, 'departure_time': 8340, 'arrival_time': 8550, 'day': 'current_day', 'from_stop_id': '150-5', 'to_stop_id': '140-5', 'trip_id': '10-1-7', 'agency_name': 'Unknown'}]}"
198,140,10050,intra,right,592,[198],[140],0,0,0,0,10050,10110.0,11550.0,11610.0,1440.0,2.0,198,140,3383.0,13433.0,pt,1560.0,11610.0,1560.0,"{'duration': 1440, 'source_transfer_time': 0, 'waiting_time': 240, 'trip_time': 1200, 'num_transfers': 2, 'departure_time': 10110, 'departure_day': 'current_day', 'arrival_time': 11550, 'arrival_day': 'current_day', 'steps': [{'duration': 90, 'departure_time': 10350, 'arrival_time': 10440, 'day': 'current_day', 'from_stop_id': '198-2', 'to_stop_id': '240-2', 'trip_id': '4-0-12', 'agency_name': 'Unknown'}, {'duration': 30, 'departure_time': 10440, 'arrival_time': 10470, 'day': 'current_day', 'from_stop_id': '240-2', 'to_stop_id': '240-5', 'trip_id': 'walking', 'agency_name': 'Unknown'}, {'duration': 1080, 'departure_time': 10470, 'arrival_time': 11550, 'day': 'current_day', 'from_stop_id': '240-5', 'to_stop_id': '140-5', 'trip_id': '10-1-12', 'agency_name': 'Unknown'}]}"
185,203,6480,intra,right,593,[185],[182; 201; 213; 225],0,0,1000,751,6480,6540.0,7800.0,7860.0,1260.0,0.0,185,201,3383.0,9863.0,pt,2131.0,8611.0,2131.0,"{'duration': 1260, 'source_transfer_time': 0, 'waiting_time': 180, 'trip_time': 1080, 'num_transfers': 0, 'departure_time': 6540, 'departure_day': 'current_day', 'arrival_time': 7800, 'arrival_day': 'current_day', 'steps': [{'duration': 1080, 'departure_time': 6720, 'arrival_time': 7800, 'day': 'current_day', 'from_stop_id': '185-3', 'to_stop_id': '201-3', 'trip_id': '6-1-6', 'agency_name': 'Unknown'}]}"
184,134,6390,intra,right,594,[176; 185],[133; 145],500,375,500,375,6765,6825.0,7530.0,7590.0,705.0,2.0,176,145,2255.0,8645.0,pt,1575.0,7965.0,1575.0,"{'duration': 705, 'source_transfer_time': 0, 'waiting_time': 255, 'trip_time': 450, 'num_transfers': 2, 'departure_time': 6825, 'departure_day': 'current_day', 'arrival_time': 7530, 'arrival_day': 'current_day', 'steps': [{'duration': 90, 'departure_time': 7080, 'arrival_time': 7170, 'day': 'current_day', 'from_stop_id': '176-1', 'to_stop_id': '177-1', 'trip_id': '3-0-7', 'agency_name': 'Unknown'}, {'duration': 30, 'departure_time': 7170, 'arrival_time': 7200, 'day': 'current_day', 'from_stop_id': '177-1', 'to_stop_id': '177-3', 'trip_id': 'walking', 'agency_name': 'Unknown'}, {'duration': 330, 'departure_time': 7200, 'arrival_time': 7530, 'day': 'current_day', 'from_stop_id': '177-3', 'to_stop_id': '145-3', 'trip_id': '6-0-7', 'agency_name': 'Unknown'}]}"
183,200,10980,intra,right,595,[175],[200],500,375,0,0,11355,11415.0,12990.0,13050.0,1575.0,2.0,175,200,3007.0,13987.0,pt,2070.0,13050.0,2070.0,"{'duration': 1575, 'source_transfer_time': 0, 'waiting_time': 345, 'trip_time': 1230, 'num_transfers': 2, 'departure_time': 11415, 'departure_day': 'current_day', 'arrival_time': 12990, 'arrival_day': 'current_day', 'steps': [{'duration': 480, 'departure_time': 11760, 'arrival_time': 12240, 'day': 'current_day', 'from_stop_id': '175-1', 'to_stop_id': '238-1', 'trip_id': '3-0-15', 'agency_name': 'Unknown'}, {'duration': 30, 'departure_time': 12240, 'arrival_time': 12270, 'day': 'current_day', 'from_stop_id': '238-1', 'to_stop_id': '238-4', 'trip_id': 'walking', 'agency_name': 'Unknown'}, {'duration': 720, 'departure_time': 12270, 'arrival_time': 12990, 'day': 'current_day', 'from_stop_id': '238-4', 'to_stop_id': '200-4', 'trip_id': '9-0-15', 'agency_name': 'Unknown'}]}"
228,133,12540,intra,right,596,[217; 227],[133],500,375,0,0,12915,12975.0,15270.0,15330.0,2295.0,2.0,217,133,3759.0,16299.0,pt,2790.0,15330.0,2790.0,"{'duration': 2295, 'source_transfer_time': 0, 'waiting_time': 375, 'trip_time': 1920, 'num_transfers': 2, 'departure_time': 12975, 'departure_day': 'current_day', 'arrival_time': 15270, 'arrival_day': 'current_day', 'steps': [{'duration': 810, 'departure_time': 13350, 'arrival_time': 14160, 'day': 'current_day', 'from_stop_id': '217-5', 'to_stop_id': 'MH-R-5', 'trip_id': '10-1-18', 'agency_name': 'Unknown'}, {'duration': 30, 'departure_time': 14160, 'arrival_time': 14190, 'day': 'current_day', 'from_stop_id': 'MH-R-5', 'to_stop_id': 'MH-R-4', 'trip_id': 'walking', 'agency_name': 'Unknown'}, {'duration': 930, 'departure_time': 14340, 'arrival_time': 15270, 'day': 'current_day', 'from_stop_id': 'MH-R-4', 'to_stop_id': '133-4', 'trip_id': '9-1-18', 'agency_name': 'Unknown'}]}"
161,183,14190,intra,right,597,[161],[175],0,0,500,375,14190,14250.0,15540.0,15600.0,1290.0,2.0,161,175,3759.0,17949.0,pt,1785.0,15975.0,1785.0,"{'duration': 1290, 'source_transfer_time': 0, 'waiting_time': 60, 'trip_time': 1230, 'num_transfers': 2, 'departure_time': 14250, 'departure_day': 'current_day', 'arrival_time': 15540, 'arrival_day': 'current_day', 'steps': [{'duration': 450, 'departure_time': 14310, 'arrival_time': 14760, 'day': 'current_day', 'from_stop_id': '161-5', 'to_stop_id': 'MH-R-5', 'trip_id': '10-0-19', 'agency_name': 'Unknown'}, {'duration': 30, 'departure_time': 14760, 'arrival_time': 14790, 'day': 'current_day', 'from_stop_id': 'MH-R-5', 'to_stop_id': 'MH-R-1', 'trip_id': 'walking', 'agency_name': 'Unknown'}, {'duration': 600, 'departure_time': 14940, 'arrival_time': 15540, 'day': 'current_day', 'from_stop_id': 'MH-R-1', 'to_stop_id': '175-1', 'trip_id': '3-1-19', 'agency_name': 'Unknown'}]}"
195,123,8070,intra,right,598,[195],[121; 133; 145],0,0,1000,751,8070,8130.0,8730.0,8790.0,600.0,1.0,195,145,2631.0,10701.0,pt,1471.0,9541.0,1471.0,"{'duration': 600, 'source_transfer_time': 0, 'waiting_time': 0, 'trip_time': 600, 'num_transfers': 1, 'departure_time': 8130, 'departure_day': 'current_day', 'arrival_time': 8730, 'arrival_day': 'current_day', 'steps': [{'duration': 210, 'departure_time': 8130, 'arrival_time': 8340, 'day': 'current_day', 'from_stop_id': '195-3', 'to_stop_id': '177-3', 'trip_id': '6-0-4', 'agency_name': 'Unknown'}, {'duration': 330, 'departure_time': 8400, 'arrival_time': 8730, 'day': 'current_day', 'from_stop_id': '177-3', 'to_stop_id': '145-3', 'trip_id': '6-0-9', 'agency_name': 'Unknown'}]}"
174,143,7680,intra,right,599,[182],[132; 144],500,375,500,375,8055,8115.0,9750.0,9810.0,1635.0,2.0,182,144,4511.0,12191.0,pt,2505.0,10185.0,2505.0,"{'duration': 1635, 'source_transfer_time': 0, 'waiting_time': 45, 'trip_time': 1590, 'num_transfers': 2, 'departure_time': 8115, 'departure_day': 'current_day', 'arrival_time': 9750, 'arrival_day': 'current_day', 'steps': [{'duration': 480, 'departure_time': 8160, 'arrival_time': 8640, 'day': 'current_day', 'from_stop_id': '182-1', 'to_stop_id': '239-1', 'trip_id': '3-1-9', 'agency_name': 'Unknown'}, {'duration': 30, 'departure_time': 8640, 'arrival_time': 8670, 'day': 'current_day', 'from_stop_id': '239-1', 'to_stop_id': '239-4', 'trip_id': 'walking', 'agency_name': 'Unknown'}, {'duration': 1080, 'departure_time': 8670, 'arrival_time': 9750, 'day': 'current_day', 'from_stop_id': '239-4', 'to_stop_id': '144-4', 'trip_id': '9-1-9', 'agency_name': 'Unknown'}]}"
142,224,10320,intra,right,600,[131; 141],[224],500,375,0,0,10695,10755.0,12270.0,12330.0,1515.0,4.0,141,224,3383.0,13703.0,pt,2010.0,12330.0,2010.0,"{'duration': 1515, 'source_transfer_time': 0, 'waiting_time': 75, 'trip_time': 1440, 'num_transfers': 4, 'departure_time': 10755, 'departure_day': 'current_day', 'arrival_time': 12270, 'arrival_day': 'current_day', 'steps': [{'duration': 210, 'departure_time': 10830, 'arrival_time': 11040, 'day': 'current_day', 'from_stop_id': '141-5', 'to_stop_id': '151-5', 'trip_id': '10-0-14', 'agency_name': 'Unknown'}, {'duration': 30, 'departure_time': 11040, 'arrival_time': 11070, 'day': 'current_day', 'from_stop_id': '151-5', 'to_stop_id': '151-3', 'trip_id': 'walking', 'agency_name': 'Unknown'}, {'duration': 600, 'departure_time': 11310, 'arrival_time': 11910, 'day': 'current_day', 'from_stop_id': '151-3', 'to_stop_id': '201-3', 'trip_id': '6-0-12', 'agency_name': 'Unknown'}, {'duration': 30, 'departure_time': 11910, 'arrival_time': 11940, 'day': 'current_day', 'from_stop_id': '201-3', 'to_stop_id': '201-4', 'trip_id': 'walking', 'agency_name': 'Unknown'}, {'duration': 330, 'departure_time': 11940, 'arrival_time': 12270, 'day': 'current_day', 'from_stop_id': '201-4', 'to_stop_id': '224-4', 'trip_id': '9-0-13', 'agency_name': 'Unknown'}]}"
233,207,9960,intra,right,601,[211; 231],[207],1000,751,0,0,10711,10771.0,11460.0,11520.0,689.0,0.0,211,207,2255.0,12215.0,pt,1560.0,11520.0,1560.0,"{'duration': 689, 'source_transfer_time': 0, 'waiting_time': 209, 'trip_time': 480, 'num_transfers': 0, 'departure_time': 10771, 'departure_day': 'current_day', 'arrival_time': 11460, 'arrival_day': 'current_day', 'steps': [{'duration': 480, 'departure_time': 10980, 'arrival_time': 11460, 'day': 'current_day', 'from_stop_id': '211-3', 'to_stop_id': '207-3', 'trip_id': '6-0-10', 'agency_name': 'Unknown'}]}"
201,207,12120,intra,right,602,[201],[207],0,0,0,0,12120,12180.0,13260.0,13320.0,1080.0,0.0,201,207,2255.0,14375.0,pt,1200.0,13320.0,1200.0,"{'duration': 1080, 'source_transfer_time': 0, 'waiting_time': 360, 'trip_time': 720, 'num_transfers': 0, 'departure_time': 12180, 'departure_day': 'current_day', 'arrival_time': 13260, 'arrival_day': 'current_day', 'steps': [{'duration': 720, 'departure_time': 12540, 'arrival_time': 13260, 'day': 'current_day', 'from_stop_id': '201-3', 'to_stop_id': '207-3', 'trip_id': '6-0-13', 'agency_name': 'Unknown'}]}"
189,127,11790,intra,right,603,[189],[126],0,0,500,375,11790,11850.0,13140.0,13200.0,1290.0,2.0,189,126,2631.0,14421.0,pt,1785.0,13575.0,1785.0,"{'duration': 1290, 'source_transfer_time': 0, 'waiting_time': 180, 'trip_time': 1110, 'num_transfers': 2, 'departure_time': 11850, 'departure_day': 'current_day', 'arrival_time': 13140, 'arrival_day': 'current_day', 'steps': [{'duration': 330, 'departure_time': 12030, 'arrival_time': 12360, 'day': 'current_day', 'from_stop_id': '189-4', 'to_stop_id': 'MH-R-4', 'trip_id': '9-1-15', 'agency_name': 'Unknown'}, {'duration': 30, 'departure_time': 12360, 'arrival_time': 12390, 'day': 'current_day', 'from_stop_id': 'MH-R-4', 'to_stop_id': 'MH-R-2', 'trip_id': 'walking', 'agency_name': 'Unknown'}, {'duration': 600, 'departure_time': 12540, 'arrival_time': 13140, 'day': 'current_day', 'from_stop_id': 'MH-R-2', 'to_stop_id': '126-2', 'trip_id': '4-0-15', 'agency_name': 'Unknown'}]}"
195,135,10290,intra,right,604,[195],[146],0,0,500,375,10290,10350.0,11250.0,11310.0,900.0,1.0,195,146,2631.0,12921.0,pt,1395.0,11685.0,1395.0,"{'duration': 900, 'source_transfer_time': 0, 'waiting_time': 180, 'trip_time': 720, 'num_transfers': 1, 'departure_time': 10350, 'departure_day': 'current_day', 'arrival_time': 11250, 'arrival_day': 'current_day', 'steps': [{'duration': 210, 'departure_time': 10530, 'arrival_time': 10740, 'day': 'current_day', 'from_stop_id': '195-3', 'to_stop_id': '177-3', 'trip_id': '6-0-8', 'agency_name': 'Unknown'}, {'duration': 450, 'departure_time': 10800, 'arrival_time': 11250, 'day': 'current_day', 'from_stop_id': '177-3', 'to_stop_id': '146-3', 'trip_id': '6-0-13', 'agency_name': 'Unknown'}]}"
163,178,13560,intra,right,605,[162],[178],500,375,0,0,13935,13995.0,15720.0,15780.0,1725.0,2.0,162,178,3007.0,16567.0,pt,2220.0,15780.0,2220.0,"{'duration': 1725, 'source_transfer_time': 0, 'waiting_time': 345, 'trip_time': 1380, 'num_transfers': 2, 'departure_time': 13995, 'departure_day': 'current_day', 'arrival_time': 15720, 'arrival_day': 'current_day', 'steps': [{'duration': 1200, 'departure_time': 14340, 'arrival_time': 15540, 'day': 'current_day', 'from_stop_id': '162-3', 'to_stop_id': '177-3', 'trip_id': '6-1-16', 'agency_name': 'Unknown'}, {'duration': 30, 'departure_time': 15540, 'arrival_time': 15570, 'day': 'current_day', 'from_stop_id': '177-3', 'to_stop_id': '177-1', 'trip_id': 'walking', 'agency_name': 'Unknown'}, {'duration': 90, 'departure_time': 15630, 'arrival_time': 15720, 'day': 'current_day', 'from_stop_id': '177-1', 'to_stop_id': '178-1', 'trip_id': '3-0-21', 'agency_name': 'Unknown'}]}"
122,214,4140,intra,right,606,[121; 133],[213; 225],500,375,500,375,4515,4575.0,6750.0,6810.0,2175.0,0.0,121,213,6390.0,10530.0,pt,3045.0,7185.0,3045.0,"{'duration': 2175, 'source_transfer_time': 0, 'waiting_time': 15, 'trip_time': 2160, 'num_transfers': 0, 'departure_time': 4575, 'departure_day': 'current_day', 'arrival_time': 6750, 'arrival_day': 'current_day', 'steps': [{'duration': 2160, 'departure_time': 4590, 'arrival_time': 6750, 'day': 'current_day', 'from_stop_id': '121-4', 'to_stop_id': '213-4', 'trip_id': '9-0-4', 'agency_name': 'Unknown'}]}"
199,140,14280,intra,right,607,[188; 198; 200; 210],[140],500,375,0,0,14655,14715.0,15750.0,15810.0,1035.0,4.0,200,140,3007.0,17287.0,pt,1530.0,15810.0,1530.0,"{'duration': 1035, 'source_transfer_time': 0, 'waiting_time': 105, 'trip_time': 930, 'num_transfers': 4, 'departure_time': 14715, 'departure_day': 'current_day', 'arrival_time': 15750, 'arrival_day': 'current_day', 'steps': [{'duration': 90, 'departure_time': 14820, 'arrival_time': 14910, 'day': 'current_day', 'from_stop_id': '200-4', 'to_stop_id': '201-4', 'trip_id': '9-0-18', 'agency_name': 'Unknown'}, {'duration': 30, 'departure_time': 14910, 'arrival_time': 14940, 'day': 'current_day', 'from_stop_id': '201-4', 'to_stop_id': '201-3', 'trip_id': 'walking', 'agency_name': 'Unknown'}, {'duration': 600, 'departure_time': 15030, 'arrival_time': 15630, 'day': 'current_day', 'from_stop_id': '201-3', 'to_stop_id': '151-3', 'trip_id': '6-1-18', 'agency_name': 'Unknown'}, {'duration': 30, 'departure_time': 15630, 'arrival_time': 15660, 'day': 'current_day', 'from_stop_id': '151-3', 'to_stop_id': '151-5', 'trip_id': 'walking', 'agency_name': 'Unknown'}, {'duration': 90, 'departure_time': 15660, 'arrival_time': 15750, 'day': 'current_day', 'from_stop_id': '151-5', 'to_stop_id': '140-5', 'trip_id': '10-1-19', 'agency_name': 'Unknown'}]}"
163,127,13800,intra,right,608,[162],[126],500,375,500,375,14175,14235.0,15540.0,15600.0,1305.0,2.0,162,126,2255.0,16055.0,pt,2175.0,15975.0,2175.0,"{'duration': 1305, 'source_transfer_time': 0, 'waiting_time': 105, 'trip_time': 1200, 'num_transfers': 2, 'departure_time': 14235, 'departure_day': 'current_day', 'arrival_time': 15540, 'arrival_day': 'current_day', 'steps': [{'duration': 450, 'departure_time': 14340, 'arrival_time': 14790, 'day': 'current_day', 'from_stop_id': '162-3', 'to_stop_id': '148-3', 'trip_id': '6-1-16', 'agency_name': 'Unknown'}, {'duration': 30, 'departure_time': 14790, 'arrival_time': 14820, 'day': 'current_day', 'from_stop_id': '148-3', 'to_stop_id': '148-2', 'trip_id': 'walking', 'agency_name': 'Unknown'}, {'duration': 210, 'departure_time': 15330, 'arrival_time': 15540, 'day': 'current_day', 'from_stop_id': '148-2', 'to_stop_id': '126-2', 'trip_id': '4-0-19', 'agency_name': 'Unknown'}]}"
180,121,3660,intra,right,609,[180],[121],0,0,0,0,3660,3720.0,5910.0,5970.0,2190.0,2.0,180,121,4887.0,8547.0,pt,2310.0,5970.0,2310.0,"{'duration': 2190, 'source_transfer_time': 0, 'waiting_time': 180, 'trip_time': 2010, 'num_transfers': 2, 'departure_time': 3720, 'departure_day': 'current_day', 'arrival_time': 5910, 'arrival_day': 'current_day', 'steps': [{'duration': 1200, 'departure_time': 3900, 'arrival_time': 5100, 'day': 'current_day', 'from_stop_id': '180-3', 'to_stop_id': '156-3', 'trip_id': '6-1-43', 'agency_name': 'Unknown'}, {'duration': 30, 'departure_time': 5100, 'arrival_time': 5130, 'day': 'current_day', 'from_stop_id': '156-3', 'to_stop_id': '156-4', 'trip_id': 'walking', 'agency_name': 'Unknown'}, {'duration': 570, 'departure_time': 5340, 'arrival_time': 5910, 'day': 'current_day', 'from_stop_id': '156-4', 'to_stop_id': '121-4', 'trip_id': '9-1-2', 'agency_name': 'Unknown'}]}"
121,228,6210,intra,right,610,[121],[217; 227],0,0,500,375,6210,6270.0,8550.0,8610.0,2280.0,2.0,121,217,4511.0,10721.0,pt,2775.0,8985.0,2775.0,"{'duration': 2280, 'source_transfer_time': 0, 'waiting_time': 120, 'trip_time': 2160, 'num_transfers': 2, 'departure_time': 6270, 'departure_day': 'current_day', 'arrival_time': 8550, 'arrival_day': 'current_day', 'steps': [{'duration': 1170, 'departure_time': 6390, 'arrival_time': 7560, 'day': 'current_day', 'from_stop_id': '121-4', 'to_stop_id': 'MH-R-4', 'trip_id': '9-0-7', 'agency_name': 'Unknown'}, {'duration': 30, 'departure_time': 7560, 'arrival_time': 7590, 'day': 'current_day', 'from_stop_id': 'MH-R-4', 'to_stop_id': 'MH-R-5', 'trip_id': 'walking', 'agency_name': 'Unknown'}, {'duration': 810, 'departure_time': 7740, 'arrival_time': 8550, 'day': 'current_day', 'from_stop_id': 'MH-R-5', 'to_stop_id': '217-5', 'trip_id': '10-0-7', 'agency_name': 'Unknown'}]}"
233,170,7530,intra,right,611,[211; 231],[170],1000,751,0,0,8281,8341.0,9750.0,9810.0,1409.0,4.0,211,170,2631.0,10161.0,pt,2280.0,9810.0,2280.0,"{'duration': 1409, 'source_transfer_time': 0, 'waiting_time': 239, 'trip_time': 1170, 'num_transfers': 4, 'departure_time': 8341, 'departure_day': 'current_day', 'arrival_time': 9750, 'arrival_day': 'current_day', 'steps': [{'duration': 210, 'departure_time': 8580, 'arrival_time': 8790, 'day': 'current_day', 'from_stop_id': '211-3', 'to_stop_id': '209-3', 'trip_id': '6-0-6', 'agency_name': 'Unknown'}, {'duration': 30, 'departure_time': 8790, 'arrival_time': 8820, 'day': 'current_day', 'from_stop_id': '209-3', 'to_stop_id': '209-2', 'trip_id': 'walking', 'agency_name': 'Unknown'}, {'duration': 210, 'departure_time': 9030, 'arrival_time': 9240, 'day': 'current_day', 'from_stop_id': '209-2', 'to_stop_id': '240-2', 'trip_id': '4-0-10', 'agency_name': 'Unknown'}, {'duration': 30, 'departure_time': 9240, 'arrival_time': 9270, 'day': 'current_day', 'from_stop_id': '240-2', 'to_stop_id': '240-5', 'trip_id': 'walking', 'agency_name': 'Unknown'}, {'duration': 480, 'departure_time': 9270, 'arrival_time': 9750, 'day': 'current_day', 'from_stop_id': '240-5', 'to_stop_id': '170-5', 'trip_id': '10-1-10', 'agency_name': 'Unknown'}]}"
166,138,8100,intra,right,612,[167; 176],[137; 149],500,375,500,375,8475,8535.0,9840.0,9900.0,1305.0,0.0,167,149,3007.0,11107.0,pt,2175.0,10275.0,2175.0,"{'duration': 1305, 'source_transfer_time': 0, 'waiting_time': 585, 'trip_time': 720, 'num_transfers': 0, 'departure_time': 8535, 'departure_day': 'current_day', 'arrival_time': 9840, 'arrival_day': 'current_day', 'steps': [{'duration': 720, 'departure_time': 9120, 'arrival_time': 9840, 'day': 'current_day', 'from_stop_id': '167-3', 'to_stop_id': '149-3', 'trip_id': '6-0-10', 'agency_name': 'Unknown'}]}"
133,192,8040,intra,right,613,[133],[182],0,0,500,375,8040,8100.0,10140.0,10200.0,2040.0,3.0,133,182,5263.0,13303.0,pt,2535.0,10575.0,2535.0,"{'duration': 2040, 'source_transfer_time': 0, 'waiting_time': 330, 'trip_time': 1710, 'num_transfers': 3, 'departure_time': 8100, 'departure_day': 'current_day', 'arrival_time': 10140, 'arrival_day': 'current_day', 'steps': [{'duration': 810, 'departure_time': 8430, 'arrival_time': 9240, 'day': 'current_day', 'from_stop_id': '133-4', 'to_stop_id': '238-4', 'trip_id': '9-0-10', 'agency_name': 'Unknown'}, {'duration': 30, 'departure_time': 9240, 'arrival_time': 9270, 'day': 'current_day', 'from_stop_id': '238-4', 'to_stop_id': '238-1', 'trip_id': 'walking', 'agency_name': 'Unknown'}, {'duration': 90, 'departure_time': 9270, 'arrival_time': 9360, 'day': 'current_day', 'from_stop_id': '238-1', 'to_stop_id': 'MH-R-1', 'trip_id': '3-0-10', 'agency_name': 'Unknown'}, {'duration': 600, 'departure_time': 9540, 'arrival_time': 10140, 'day': 'current_day', 'from_stop_id': 'MH-R-1', 'to_stop_id': '182-1', 'trip_id': '3-0-10', 'agency_name': 'Unknown'}]}"
201,217,5790,intra,right,614,[201],[217],0,0,0,0,5790,5850.0,7350.0,7410.0,1500.0,2.0,201,217,3007.0,8797.0,pt,1620.0,7410.0,1620.0,"{'duration': 1500, 'source_transfer_time': 0, 'waiting_time': 90, 'trip_time': 1410, 'num_transfers': 2, 'departure_time': 5850, 'departure_day': 'current_day', 'arrival_time': 7350, 'arrival_day': 'current_day', 'steps': [{'duration': 720, 'departure_time': 5940, 'arrival_time': 6660, 'day': 'current_day', 'from_stop_id': '201-3', 'to_stop_id': '207-3', 'trip_id': '6-0-2', 'agency_name': 'Unknown'}, {'duration': 30, 'departure_time': 6660, 'arrival_time': 6690, 'day': 'current_day', 'from_stop_id': '207-3', 'to_stop_id': '207-5', 'trip_id': 'walking', 'agency_name': 'Unknown'}, {'duration': 210, 'departure_time': 7140, 'arrival_time': 7350, 'day': 'current_day', 'from_stop_id': '207-5', 'to_stop_id': '217-5', 'trip_id': '10-0-5', 'agency_name': 'Unknown'}]}"
121,237,12960,intra,right,615,[121],[237],0,0,0,0,12960,13020.0,15030.0,15090.0,2010.0,2.0,121,237,3383.0,16343.0,pt,2130.0,15090.0,2130.0,"{'duration': 2010, 'source_transfer_time': 0, 'waiting_time': 570, 'trip_time': 1440, 'num_transfers': 2, 'departure_time': 13020, 'departure_day': 'current_day', 'arrival_time': 15030, 'arrival_day': 'current_day', 'steps': [{'duration': 1170, 'departure_time': 13590, 'arrival_time': 14760, 'day': 'current_day', 'from_stop_id': '121-4', 'to_stop_id': 'MH-R-4', 'trip_id': '9-0-19', 'agency_name': 'Unknown'}, {'duration': 30, 'departure_time': 14760, 'arrival_time': 14790, 'day': 'current_day', 'from_stop_id': 'MH-R-4', 'to_stop_id': 'MH-R-2', 'trip_id': 'walking', 'agency_name': 'Unknown'}, {'duration': 90, 'departure_time': 14940, 'arrival_time': 15030, 'day': 'current_day', 'from_stop_id': 'MH-R-2', 'to_stop_id': '237-2', 'trip_id': '4-0-19', 'agency_name': 'Unknown'}]}"
127,163,6540,intra,right,616,[126],[162],500,375,500,375,6915,6975.0,8400.0,8460.0,1425.0,2.0,126,162,2255.0,8795.0,walking,2255.0,8835.0,2295.0,"{'duration': 1425, 'source_transfer_time': 0, 'waiting_time': 585, 'trip_time': 840, 'num_transfers': 2, 'departure_time': 6975, 'departure_day': 'current_day', 'arrival_time': 8400, 'arrival_day': 'current_day', 'steps': [{'duration': 210, 'departure_time': 7560, 'arrival_time': 7770, 'day': 'current_day', 'from_stop_id': '126-2', 'to_stop_id': '148-2', 'trip_id': '4-1-8', 'agency_name': 'Unknown'}, {'duration': 30, 'departure_time': 7770, 'arrival_time': 7800, 'day': 'current_day', 'from_stop_id': '148-2', 'to_stop_id': '148-3', 'trip_id': 'walking', 'agency_name': 'Unknown'}, {'duration': 450, 'departure_time': 7950, 'arrival_time': 8400, 'day': 'current_day', 'from_stop_id': '148-3', 'to_stop_id': '162-3', 'trip_id': '6-0-7', 'agency_name': 'Unknown'}]}"
231,160,7410,intra,right,617,[231],[160],0,0,0,0,7410,7470.0,8670.0,8730.0,1200.0,2.0,231,160,3007.0,10417.0,pt,1320.0,8730.0,1320.0,"{'duration': 1200, 'source_transfer_time': 0, 'waiting_time': 90, 'trip_time': 1110, 'num_transfers': 2, 'departure_time': 7470, 'departure_day': 'current_day', 'arrival_time': 8670, 'arrival_day': 'current_day', 'steps': [{'duration': 480, 'departure_time': 7560, 'arrival_time': 8040, 'day': 'current_day', 'from_stop_id': '231-2', 'to_stop_id': '240-2', 'trip_id': '4-0-8', 'agency_name': 'Unknown'}, {'duration': 30, 'departure_time': 8040, 'arrival_time': 8070, 'day': 'current_day', 'from_stop_id': '240-2', 'to_stop_id': '240-5', 'trip_id': 'walking', 'agency_name': 'Unknown'}, {'duration': 600, 'departure_time': 8070, 'arrival_time': 8670, 'day': 'current_day', 'from_stop_id': '240-5', 'to_stop_id': '160-5', 'trip_id': '10-1-8', 'agency_name': 'Unknown'}]}"
235,215,10020,intra,right,618,[224; 236],[216; 226],500,375,500,375,10395,10455.0,12870.0,12930.0,2415.0,2.0,224,216,3759.0,13779.0,pt,3285.0,13305.0,3285.0,"{'duration': 2415, 'source_transfer_time': 0, 'waiting_time': 375, 'trip_time': 2040, 'num_transfers': 2, 'departure_time': 10455, 'departure_day': 'current_day', 'arrival_time': 12870, 'arrival_day': 'current_day', 'steps': [{'duration': 930, 'departure_time': 10830, 'arrival_time': 11760, 'day': 'current_day', 'from_stop_id': '224-4', 'to_stop_id': 'MH-R-4', 'trip_id': '9-1-14', 'agency_name': 'Unknown'}, {'duration': 30, 'departure_time': 11760, 'arrival_time': 11790, 'day': 'current_day', 'from_stop_id': 'MH-R-4', 'to_stop_id': 'MH-R-5', 'trip_id': 'walking', 'agency_name': 'Unknown'}, {'duration': 930, 'departure_time': 11940, 'arrival_time': 12870, 'day': 'current_day', 'from_stop_id': 'MH-R-5', 'to_stop_id': '216-5', 'trip_id': '10-0-14', 'agency_name': 'Unknown'}]}"
128,200,11550,intra,right,619,[126; 130; 140; 150],[200],1000,751,0,0,12301,12361.0,13590.0,13650.0,1229.0,2.0,150,200,2631.0,14181.0,pt,2100.0,13650.0,2100.0,"{'duration': 1229, 'source_transfer_time': 0, 'waiting_time': 29, 'trip_time': 1200, 'num_transfers': 2, 'departure_time': 12361, 'departure_day': 'current_day', 'arrival_time': 13590, 'arrival_day': 'current_day', 'steps': [{'duration': 570, 'departure_time': 12390, 'arrival_time': 12960, 'day': 'current_day', 'from_stop_id': '150-5', 'to_stop_id': 'MH-R-5', 'trip_id': '10-0-16', 'agency_name': 'Unknown'}, {'duration': 30, 'departure_time': 12960, 'arrival_time': 12990, 'day': 'current_day', 'from_stop_id': 'MH-R-5', 'to_stop_id': 'MH-R-4', 'trip_id': 'walking', 'agency_name': 'Unknown'}, {'duration': 450, 'departure_time': 13140, 'arrival_time': 13590, 'day': 'current_day', 'from_stop_id': 'MH-R-4', 'to_stop_id': '200-4', 'trip_id': '9-0-16', 'agency_name': 'Unknown'}]}"
219,154,14280,intra,right,620,[208; 220],[132; 144; 156; 175],500,375,1000,751,14655,14715.0,15810.0,15870.0,1095.0,1.0,208,156,3759.0,18039.0,pt,2341.0,16621.0,2341.0,"{'duration': 1095, 'source_transfer_time': 0, 'waiting_time': 255, 'trip_time': 840, 'num_transfers': 1, 'departure_time': 14715, 'departure_day': 'current_day', 'arrival_time': 15810, 'arrival_day': 'current_day', 'steps': [{'duration': 570, 'departure_time': 14970, 'arrival_time': 15540, 'day': 'current_day', 'from_stop_id': '208-3', 'to_stop_id': '177-3', 'trip_id': '6-0-16', 'agency_name': 'Unknown'}, {'duration': 210, 'departure_time': 15600, 'arrival_time': 15810, 'day': 'current_day', 'from_stop_id': '177-3', 'to_stop_id': '156-3', 'trip_id': '6-0-21', 'agency_name': 'Unknown'}]}"
219,132,5190,intra,right,621,[208; 220],[132],500,375,0,0,5565,5625.0,7590.0,7650.0,1965.0,3.0,208,132,4511.0,9701.0,pt,2460.0,7650.0,2460.0,"{'duration': 1965, 'source_transfer_time': 0, 'waiting_time': 345, 'trip_time': 1620, 'num_transfers': 3, 'departure_time': 5625, 'departure_day': 'current_day', 'arrival_time': 7590, 'arrival_day': 'current_day', 'steps': [{'duration': 570, 'departure_time': 5970, 'arrival_time': 6540, 'day': 'current_day', 'from_stop_id': '208-3', 'to_stop_id': '177-3', 'trip_id': '6-0-1', 'agency_name': 'Unknown'}, {'duration': 330, 'departure_time': 6600, 'arrival_time': 6930, 'day': 'current_day', 'from_stop_id': '177-3', 'to_stop_id': '145-3', 'trip_id': '6-0-6', 'agency_name': 'Unknown'}, {'duration': 30, 'departure_time': 6930, 'arrival_time': 6960, 'day': 'current_day', 'from_stop_id': '145-3', 'to_stop_id': '145-4', 'trip_id': 'walking', 'agency_name': 'Unknown'}, {'duration': 330, 'departure_time': 7260, 'arrival_time': 7590, 'day': 'current_day', 'from_stop_id': '145-4', 'to_stop_id': '132-4', 'trip_id': '9-1-5', 'agency_name': 'Unknown'}]}"
225,183,10950,intra,right,622,[225],[175],0,0,500,375,10950,11010.0,13140.0,13200.0,2130.0,3.0,225,175,4887.0,15837.0,pt,2625.0,13575.0,2625.0,"{'duration': 2130, 'source_transfer_time': 0, 'waiting_time': 300, 'trip_time': 1830, 'num_transfers': 3, 'departure_time': 11010, 'departure_day': 'current_day', 'arrival_time': 13140, 'arrival_day': 'current_day', 'steps': [{'duration': 930, 'departure_time': 11310, 'arrival_time': 12240, 'day': 'current_day', 'from_stop_id': '225-4', 'to_stop_id': '239-4', 'trip_id': '9-1-15', 'agency_name': 'Unknown'}, {'duration': 30, 'departure_time': 12240, 'arrival_time': 12270, 'day': 'current_day', 'from_stop_id': '239-4', 'to_stop_id': '239-1', 'trip_id': 'walking', 'agency_name': 'Unknown'}, {'duration': 360, 'departure_time': 12270, 'arrival_time': 12630, 'day': 'current_day', 'from_stop_id': '239-1', 'to_stop_id': '238-1', 'trip_id': '3-1-15', 'agency_name': 'Unknown'}, {'duration': 480, 'departure_time': 12660, 'arrival_time': 13140, 'day': 'current_day', 'from_stop_id': '238-1', 'to_stop_id': '175-1', 'trip_id': '3-1-15', 'agency_name': 'Unknown'}]}"
160,226,13500,intra,right,623,[160],[226],0,0,0,0,13500,13560.0,15510.0,15570.0,1950.0,0.0,160,226,4887.0,18387.0,pt,2070.0,15570.0,2070.0,"{'duration': 1950, 'source_transfer_time': 0, 'waiting_time': 270, 'trip_time': 1680, 'num_transfers': 0, 'departure_time': 13560, 'departure_day': 'current_day', 'arrival_time': 15510, 'arrival_day': 'current_day', 'steps': [{'duration': 1680, 'departure_time': 13830, 'arrival_time': 15510, 'day': 'current_day', 'from_stop_id': '160-5', 'to_stop_id': '226-5', 'trip_id': '10-0-18', 'agency_name': 'Unknown'}]}"
234,165,5100,intra,right,624,[212; 224; 236],[175],1000,751,500,375,5851,5911.0,7740.0,7800.0,1829.0,2.0,212,175,5263.0,10363.0,pt,3075.0,8175.0,3075.0,"{'duration': 1829, 'source_transfer_time': 0, 'waiting_time': 149, 'trip_time': 1680, 'num_transfers': 2, 'departure_time': 5911, 'departure_day': 'current_day', 'arrival_time': 7740, 'arrival_day': 'current_day', 'steps': [{'duration': 1080, 'departure_time': 6060, 'arrival_time': 7140, 'day': 'current_day', 'from_stop_id': '212-3', 'to_stop_id': '177-3', 'trip_id': '6-0-2', 'agency_name': 'Unknown'}, {'duration': 30, 'departure_time': 7140, 'arrival_time': 7170, 'day': 'current_day', 'from_stop_id': '177-3', 'to_stop_id': '177-1', 'trip_id': 'walking', 'agency_name': 'Unknown'}, {'duration': 210, 'departure_time': 7530, 'arrival_time': 7740, 'day': 'current_day', 'from_stop_id': '177-1', 'to_stop_id': '175-1', 'trip_id': '3-1-6', 'agency_name': 'Unknown'}]}"
125,166,12750,intra,right,625,[126],[167; 176],500,375,500,375,13125,13185.0,14820.0,14880.0,1635.0,2.0,126,167,2631.0,15381.0,pt,2505.0,15255.0,2505.0,"{'duration': 1635, 'source_transfer_time': 0, 'waiting_time': 375, 'trip_time': 1260, 'num_transfers': 2, 'departure_time': 13185, 'departure_day': 'current_day', 'arrival_time': 14820, 'arrival_day': 'current_day', 'steps': [{'duration': 210, 'departure_time': 13560, 'arrival_time': 13770, 'day': 'current_day', 'from_stop_id': '126-2', 'to_stop_id': '148-2', 'trip_id': '4-1-18', 'agency_name': 'Unknown'}, {'duration': 30, 'departure_time': 13770, 'arrival_time': 13800, 'day': 'current_day', 'from_stop_id': '148-2', 'to_stop_id': '148-3', 'trip_id': 'walking', 'agency_name': 'Unknown'}, {'duration': 570, 'departure_time': 14250, 'arrival_time': 14820, 'day': 'current_day', 'from_stop_id': '148-3', 'to_stop_id': '167-3', 'trip_id': '6-1-15', 'agency_name': 'Unknown'}]}"
167,181,13680,intra,right,626,[167],[181],0,0,0,0,13680,13740.0,15420.0,15480.0,1680.0,2.0,167,181,3007.0,16687.0,pt,1800.0,15480.0,1800.0,"{'duration': 1680, 'source_transfer_time': 0, 'waiting_time': 180, 'trip_time': 1500, 'num_transfers': 2, 'departure_time': 13740, 'departure_day': 'current_day', 'arrival_time': 15420, 'arrival_day': 'current_day', 'steps': [{'duration': 1320, 'departure_time': 13920, 'arrival_time': 15240, 'day': 'current_day', 'from_stop_id': '167-3', 'to_stop_id': '180-3', 'trip_id': '6-0-18', 'agency_name': 'Unknown'}, {'duration': 30, 'departure_time': 15240, 'arrival_time': 15270, 'day': 'current_day', 'from_stop_id': '180-3', 'to_stop_id': '180-1', 'trip_id': 'walking', 'agency_name': 'Unknown'}, {'duration': 90, 'departure_time': 15330, 'arrival_time': 15420, 'day': 'current_day', 'from_stop_id': '180-1', 'to_stop_id': '181-1', 'trip_id': '3-0-19', 'agency_name': 'Unknown'}]}"
123,191,12510,intra,right,627,[121; 133; 145],[181; 190],1000,751,500,375,13261,13321.0,14790.0,14850.0,1469.0,0.0,145,190,4887.0,17397.0,pt,2715.0,15225.0,2715.0,"{'duration': 1469, 'source_transfer_time': 0, 'waiting_time': 239, 'trip_time': 1230, 'num_transfers': 0, 'departure_time': 13321, 'departure_day': 'current_day', 'arrival_time': 14790, 'arrival_day': 'current_day', 'steps': [{'duration': 1230, 'departure_time': 13560, 'arrival_time': 14790, 'day': 'current_day', 'from_stop_id': '145-3', 'to_stop_id': '190-3', 'trip_id': '6-0-17', 'agency_name': 'Unknown'}]}"
205,131,9690,intra,right,628,[206; 216],[131],500,375,0,0,10065,10125.0,12510.0,12570.0,2385.0,0.0,206,131,6390.0,16080.0,pt,2880.0,12570.0,2880.0,"{'duration': 2385, 'source_transfer_time': 0, 'waiting_time': 345, 'trip_time': 2040, 'num_transfers': 0, 'departure_time': 10125, 'departure_day': 'current_day', 'arrival_time': 12510, 'arrival_day': 'current_day', 'steps': [{'duration': 2040, 'departure_time': 10470, 'arrival_time': 12510, 'day': 'current_day', 'from_stop_id': '206-5', 'to_stop_id': '131-5', 'trip_id': '10-1-13', 'agency_name': 'Unknown'}]}"
236,183,7470,intra,right,629,[236],[175],0,0,500,375,7470,7530.0,9540.0,9600.0,2010.0,3.0,236,175,5263.0,12733.0,pt,2505.0,9975.0,2505.0,"{'duration': 2010, 'source_transfer_time': 0, 'waiting_time': 60, 'trip_time': 1950, 'num_transfers': 3, 'departure_time': 7530, 'departure_day': 'current_day', 'arrival_time': 9540, 'arrival_day': 'current_day', 'steps': [{'duration': 1050, 'departure_time': 7590, 'arrival_time': 8640, 'day': 'current_day', 'from_stop_id': '236-4', 'to_stop_id': '239-4', 'trip_id': '9-1-9', 'agency_name': 'Unknown'}, {'duration': 30, 'departure_time': 8640, 'arrival_time': 8670, 'day': 'current_day', 'from_stop_id': '239-4', 'to_stop_id': '239-1', 'trip_id': 'walking', 'agency_name': 'Unknown'}, {'duration': 360, 'departure_time': 8670, 'arrival_time': 9030, 'day': 'current_day', 'from_stop_id': '239-1', 'to_stop_id': '238-1', 'trip_id': '3-1-9', 'agency_name': 'Unknown'}, {'duration': 480, 'departure_time': 9060, 'arrival_time': 9540, 'day': 'current_day', 'from_stop_id': '238-1', 'to_stop_id': '175-1', 'trip_id': '3-1-9', 'agency_name': 'Unknown'}]}"
146,225,6720,intra,right,630,[146],[225],0,0,0,0,6720,6780.0,8790.0,8850.0,2010.0,3.0,146,225,5263.0,11983.0,pt,2130.0,8850.0,2130.0,"{'duration': 2010, 'source_transfer_time': 0, 'waiting_time': 300, 'trip_time': 1710, 'num_transfers': 3, 'departure_time': 6780, 'departure_day': 'current_day', 'arrival_time': 8790, 'arrival_day': 'current_day', 'steps': [{'duration': 1230, 'departure_time': 7080, 'arrival_time': 8310, 'day': 'current_day', 'from_stop_id': '146-3', 'to_stop_id': '201-3', 'trip_id': '6-0-6', 'agency_name': 'Unknown'}, {'duration': 30, 'departure_time': 8310, 'arrival_time': 8340, 'day': 'current_day', 'from_stop_id': '201-3', 'to_stop_id': '201-4', 'trip_id': 'walking', 'agency_name': 'Unknown'}, {'duration': 90, 'departure_time': 8340, 'arrival_time': 8430, 'day': 'current_day', 'from_stop_id': '201-4', 'to_stop_id': '212-4', 'trip_id': '9-0-7', 'agency_name': 'Unknown'}, {'duration': 330, 'departure_time': 8460, 'arrival_time': 8790, 'day': 'current_day', 'from_stop_id': '212-4', 'to_stop_id': '225-4', 'trip_id': '9-0-7', 'agency_name': 'Unknown'}]}"
226,148,11970,intra,right,631,[226],[148],0,0,0,0,11970,12030.0,14070.0,14130.0,2040.0,2.0,226,148,4887.0,16857.0,pt,2160.0,14130.0,2160.0,"{'duration': 2040, 'source_transfer_time': 0, 'waiting_time': 360, 'trip_time': 1680, 'num_transfers': 2, 'departure_time': 12030, 'departure_day': 'current_day', 'arrival_time': 14070, 'arrival_day': 'current_day', 'steps': [{'duration': 1050, 'departure_time': 12390, 'arrival_time': 13440, 'day': 'current_day', 'from_stop_id': '226-5', 'to_stop_id': '240-5', 'trip_id': '10-1-17', 'agency_name': 'Unknown'}, {'duration': 30, 'departure_time': 13440, 'arrival_time': 13470, 'day': 'current_day', 'from_stop_id': '240-5', 'to_stop_id': '240-2', 'trip_id': 'walking', 'agency_name': 'Unknown'}, {'duration': 600, 'departure_time': 13470, 'arrival_time': 14070, 'day': 'current_day', 'from_stop_id': '240-2', 'to_stop_id': '148-2', 'trip_id': '4-0-17', 'agency_name': 'Unknown'}]}"
232,141,12000,intra,right,632,[231],[141],500,375,0,0,12375,12435.0,14670.0,14730.0,2235.0,2.0,231,141,4511.0,16511.0,pt,2730.0,14730.0,2730.0,"{'duration': 2235, 'source_transfer_time': 0, 'waiting_time': 525, 'trip_time': 1710, 'num_transfers': 2, 'departure_time': 12435, 'departure_day': 'current_day', 'arrival_time': 14670, 'arrival_day': 'current_day', 'steps': [{'duration': 480, 'departure_time': 12960, 'arrival_time': 13440, 'day': 'current_day', 'from_stop_id': '231-2', 'to_stop_id': '240-2', 'trip_id': '4-0-17', 'agency_name': 'Unknown'}, {'duration': 30, 'departure_time': 13440, 'arrival_time': 13470, 'day': 'current_day', 'from_stop_id': '240-2', 'to_stop_id': '240-5', 'trip_id': 'walking', 'agency_name': 'Unknown'}, {'duration': 1200, 'departure_time': 13470, 'arrival_time': 14670, 'day': 'current_day', 'from_stop_id': '240-5', 'to_stop_id': '141-5', 'trip_id': '10-1-17', 'agency_name': 'Unknown'}]}"
182,176,8250,intra,right,633,[182],[176],0,0,0,0,8250,8310.0,10020.0,10080.0,1710.0,0.0,182,176,3383.0,11633.0,pt,1830.0,10080.0,1830.0,"{'duration': 1710, 'source_transfer_time': 0, 'waiting_time': 450, 'trip_time': 1260, 'num_transfers': 0, 'departure_time': 8310, 'departure_day': 'current_day', 'arrival_time': 10020, 'arrival_day': 'current_day', 'steps': [{'duration': 1260, 'departure_time': 8760, 'arrival_time': 10020, 'day': 'current_day', 'from_stop_id': '182-1', 'to_stop_id': '176-1', 'trip_id': '3-1-10', 'agency_name': 'Unknown'}]}"
167,200,7650,intra,right,634,[167],[200],0,0,0,0,7650,7710.0,9390.0,9450.0,1680.0,2.0,167,200,3007.0,10657.0,pt,1800.0,9450.0,1800.0,"{'duration': 1680, 'source_transfer_time': 0, 'waiting_time': 210, 'trip_time': 1470, 'num_transfers': 2, 'departure_time': 7710, 'departure_day': 'current_day', 'arrival_time': 9390, 'arrival_day': 'current_day', 'steps': [{'duration': 90, 'departure_time': 7920, 'arrival_time': 8010, 'day': 'current_day', 'from_stop_id': '167-3', 'to_stop_id': '156-3', 'trip_id': '6-0-8', 'agency_name': 'Unknown'}, {'duration': 30, 'departure_time': 8010, 'arrival_time': 8040, 'day': 'current_day', 'from_stop_id': '156-3', 'to_stop_id': '156-4', 'trip_id': 'walking', 'agency_name': 'Unknown'}, {'duration': 1200, 'departure_time': 8190, 'arrival_time': 9390, 'day': 'current_day', 'from_stop_id': '156-4', 'to_stop_id': '200-4', 'trip_id': '9-0-9', 'agency_name': 'Unknown'}]}"
138,194,6060,intra,right,635,[137; 149],[195],500,375,500,375,6435,6495.0,8010.0,8070.0,1515.0,1.0,149,195,4135.0,10195.0,pt,2385.0,8445.0,2385.0,"{'duration': 1515, 'source_transfer_time': 0, 'waiting_time': 405, 'trip_time': 1110, 'num_transfers': 1, 'departure_time': 6495, 'departure_day': 'current_day', 'arrival_time': 8010, 'arrival_day': 'current_day', 'steps': [{'duration': 840, 'departure_time': 6900, 'arrival_time': 7740, 'day': 'current_day', 'from_stop_id': '149-3', 'to_stop_id': '177-3', 'trip_id': '6-1-3', 'agency_name': 'Unknown'}, {'duration': 210, 'departure_time': 7800, 'arrival_time': 8010, 'day': 'current_day', 'from_stop_id': '177-3', 'to_stop_id': '195-3', 'trip_id': '6-1-8', 'agency_name': 'Unknown'}]}"
123,195,14250,intra,right,636,[121; 133; 145],[195],1000,751,0,0,15001,15061.0,15810.0,15870.0,749.0,1.0,145,195,2631.0,16881.0,pt,1620.0,15870.0,1620.0,"{'duration': 749, 'source_transfer_time': 0, 'waiting_time': 149, 'trip_time': 600, 'num_transfers': 1, 'departure_time': 15061, 'departure_day': 'current_day', 'arrival_time': 15810, 'arrival_day': 'current_day', 'steps': [{'duration': 330, 'departure_time': 15210, 'arrival_time': 15540, 'day': 'current_day', 'from_stop_id': '145-3', 'to_stop_id': '177-3', 'trip_id': '6-1-16', 'agency_name': 'Unknown'}, {'duration': 210, 'departure_time': 15600, 'arrival_time': 15810, 'day': 'current_day', 'from_stop_id': '177-3', 'to_stop_id': '195-3', 'trip_id': '6-1-21', 'agency_name': 'Unknown'}]}"
176,173,8430,intra,right,637,[176],[172; 181],0,0,500,375,8430,8490.0,9990.0,10050.0,1500.0,2.0,176,172,3383.0,11813.0,pt,1995.0,10425.0,1995.0,"{'duration': 1500, 'source_transfer_time': 0, 'waiting_time': 390, 'trip_time': 1110, 'num_transfers': 2, 'departure_time': 8490, 'departure_day': 'current_day', 'arrival_time': 9990, 'arrival_day': 'current_day', 'steps': [{'duration': 990, 'departure_time': 8880, 'arrival_time': 9870, 'day': 'current_day', 'from_stop_id': '176-1', 'to_stop_id': '180-1', 'trip_id': '3-0-10', 'agency_name': 'Unknown'}, {'duration': 30, 'departure_time': 9870, 'arrival_time': 9900, 'day': 'current_day', 'from_stop_id': '180-1', 'to_stop_id': '180-3', 'trip_id': 'walking', 'agency_name': 'Unknown'}, {'duration': 90, 'departure_time': 9900, 'arrival_time': 9990, 'day': 'current_day', 'from_stop_id': '180-3', 'to_stop_id': '172-3', 'trip_id': '6-1-9', 'agency_name': 'Unknown'}]}"
187,133,5190,intra,right,638,[187],[133],0,0,0,0,5190,5250.0,6870.0,6930.0,1620.0,2.0,187,133,3007.0,8197.0,pt,1740.0,6930.0,1740.0,"{'duration': 1620, 'source_transfer_time': 0, 'waiting_time': 300, 'trip_time': 1320, 'num_transfers': 2, 'departure_time': 5250, 'departure_day': 'current_day', 'arrival_time': 6870, 'arrival_day': 'current_day', 'steps': [{'duration': 210, 'departure_time': 5550, 'arrival_time': 5760, 'day': 'current_day', 'from_stop_id': '187-5', 'to_stop_id': 'MH-R-5', 'trip_id': '10-1-4', 'agency_name': 'Unknown'}, {'duration': 30, 'departure_time': 5760, 'arrival_time': 5790, 'day': 'current_day', 'from_stop_id': 'MH-R-5', 'to_stop_id': 'MH-R-4', 'trip_id': 'walking', 'agency_name': 'Unknown'}, {'duration': 930, 'departure_time': 5940, 'arrival_time': 6870, 'day': 'current_day', 'from_stop_id': 'MH-R-4', 'to_stop_id': '133-4', 'trip_id': '9-1-4', 'agency_name': 'Unknown'}]}"
201,132,7470,intra,right,639,[201],[132],0,0,0,0,7470,7530.0,9390.0,9450.0,1860.0,0.0,201,132,5263.0,12733.0,pt,1980.0,9450.0,1980.0,"{'duration': 1860, 'source_transfer_time': 0, 'waiting_time': 60, 'trip_time': 1800, 'num_transfers': 0, 'departure_time': 7530, 'departure_day': 'current_day', 'arrival_time': 9390, 'arrival_day': 'current_day', 'steps': [{'duration': 1800, 'departure_time': 7590, 'arrival_time': 9390, 'day': 'current_day', 'from_stop_id': '201-4', 'to_stop_id': '132-4', 'trip_id': '9-1-8', 'agency_name': 'Unknown'}]}"
220,154,10740,intra,right,640,[220],[132; 144; 156; 175],0,0,1000,751,10740,10800.0,12510.0,12570.0,1710.0,2.0,220,156,4135.0,14875.0,pt,2581.0,13321.0,2581.0,"{'duration': 1710, 'source_transfer_time': 0, 'waiting_time': 480, 'trip_time': 1230, 'num_transfers': 2, 'departure_time': 10800, 'departure_day': 'current_day', 'arrival_time': 12510, 'arrival_day': 'current_day', 'steps': [{'duration': 480, 'departure_time': 11280, 'arrival_time': 11760, 'day': 'current_day', 'from_stop_id': '220-2', 'to_stop_id': 'MH-R-2', 'trip_id': '4-0-14', 'agency_name': 'Unknown'}, {'duration': 30, 'departure_time': 11760, 'arrival_time': 11790, 'day': 'current_day', 'from_stop_id': 'MH-R-2', 'to_stop_id': 'MH-R-4', 'trip_id': 'walking', 'agency_name': 'Unknown'}, {'duration': 570, 'departure_time': 11940, 'arrival_time': 12510, 'day': 'current_day', 'from_stop_id': 'MH-R-4', 'to_stop_id': '156-4', 'trip_id': '9-1-14', 'agency_name': 'Unknown'}]}"
166,129,4410,intra,right,641,[167; 176],[130; 140],500,375,500,375,4785,4845.0,6150.0,6210.0,1305.0,2.0,167,140,4135.0,8545.0,pt,2175.0,6585.0,2175.0,"{'duration': 1305, 'source_transfer_time': 0, 'waiting_time': 75, 'trip_time': 1230, 'num_transfers': 2, 'departure_time': 4845, 'departure_day': 'current_day', 'arrival_time': 6150, 'arrival_day': 'current_day', 'steps': [{'duration': 840, 'departure_time': 4920, 'arrival_time': 5760, 'day': 'current_day', 'from_stop_id': '167-3', 'to_stop_id': '150-3', 'trip_id': '6-0-3', 'agency_name': 'Unknown'}, {'duration': 30, 'departure_time': 5760, 'arrival_time': 5790, 'day': 'current_day', 'from_stop_id': '150-3', 'to_stop_id': '150-5', 'trip_id': 'walking', 'agency_name': 'Unknown'}, {'duration': 210, 'departure_time': 5940, 'arrival_time': 6150, 'day': 'current_day', 'from_stop_id': '150-5', 'to_stop_id': '140-5', 'trip_id': '10-1-3', 'agency_name': 'Unknown'}]}"
129,232,6450,intra,right,642,[130; 140],[231],500,375,500,375,6825,6885.0,8940.0,9000.0,2055.0,2.0,130,231,4511.0,10961.0,pt,2925.0,9375.0,2925.0,"{'duration': 2055, 'source_transfer_time': 0, 'waiting_time': 225, 'trip_time': 1830, 'num_transfers': 2, 'departure_time': 6885, 'departure_day': 'current_day', 'arrival_time': 8940, 'arrival_day': 'current_day', 'steps': [{'duration': 930, 'departure_time': 7110, 'arrival_time': 8040, 'day': 'current_day', 'from_stop_id': '130-5', 'to_stop_id': '237-5', 'trip_id': '10-0-8', 'agency_name': 'Unknown'}, {'duration': 30, 'departure_time': 8040, 'arrival_time': 8070, 'day': 'current_day', 'from_stop_id': '237-5', 'to_stop_id': '237-2', 'trip_id': 'walking', 'agency_name': 'Unknown'}, {'duration': 870, 'departure_time': 8070, 'arrival_time': 8940, 'day': 'current_day', 'from_stop_id': '237-2', 'to_stop_id': '231-2', 'trip_id': '4-1-8', 'agency_name': 'Unknown'}]}"
158,235,9030,intra,right,643,[147; 157; 159; 169],[224; 236],500,375,500,375,9405,9465.0,11070.0,11130.0,1605.0,3.0,147,224,4511.0,13541.0,pt,2475.0,11505.0,2475.0,"{'duration': 1605, 'source_transfer_time': 0, 'waiting_time': 135, 'trip_time': 1470, 'num_transfers': 3, 'departure_time': 9465, 'departure_day': 'current_day', 'arrival_time': 11070, 'arrival_day': 'current_day', 'steps': [{'duration': 1110, 'departure_time': 9600, 'arrival_time': 10710, 'day': 'current_day', 'from_stop_id': '147-3', 'to_stop_id': '201-3', 'trip_id': '6-0-10', 'agency_name': 'Unknown'}, {'duration': 30, 'departure_time': 10710, 'arrival_time': 10740, 'day': 'current_day', 'from_stop_id': '201-3', 'to_stop_id': '201-4', 'trip_id': 'walking', 'agency_name': 'Unknown'}, {'duration': 90, 'departure_time': 10740, 'arrival_time': 10830, 'day': 'current_day', 'from_stop_id': '201-4', 'to_stop_id': '212-4', 'trip_id': '9-0-11', 'agency_name': 'Unknown'}, {'duration': 210, 'departure_time': 10860, 'arrival_time': 11070, 'day': 'current_day', 'from_stop_id': '212-4', 'to_stop_id': '224-4', 'trip_id': '9-0-11', 'agency_name': 'Unknown'}]}"
234,155,11430,intra,right,644,[212; 224; 236],[144; 156],1000,751,500,375,12181,12241.0,13710.0,13770.0,1469.0,0.0,212,156,5263.0,16693.0,pt,2715.0,14145.0,2715.0,"{'duration': 1469, 'source_transfer_time': 0, 'waiting_time': 29, 'trip_time': 1440, 'num_transfers': 0, 'departure_time': 12241, 'departure_day': 'current_day', 'arrival_time': 13710, 'arrival_day': 'current_day', 'steps': [{'duration': 1440, 'departure_time': 12270, 'arrival_time': 13710, 'day': 'current_day', 'from_stop_id': '212-4', 'to_stop_id': '156-4', 'trip_id': '9-1-16', 'agency_name': 'Unknown'}]}"
122,225,9960,intra,right,645,[121; 133],[225],500,375,0,0,10335,10395.0,12990.0,13050.0,2595.0,0.0,121,225,6766.0,16726.0,pt,3090.0,13050.0,3090.0,"{'duration': 2595, 'source_transfer_time': 0, 'waiting_time': 195, 'trip_time': 2400, 'num_transfers': 0, 'departure_time': 10395, 'departure_day': 'current_day', 'arrival_time': 12990, 'arrival_day': 'current_day', 'steps': [{'duration': 2400, 'departure_time': 10590, 'arrival_time': 12990, 'day': 'current_day', 'from_stop_id': '121-4', 'to_stop_id': '225-4', 'trip_id': '9-0-14', 'agency_name': 'Unknown'}]}"
131,236,11250,intra,right,646,[131],[236],0,0,0,0,11250,11310.0,13710.0,13770.0,2400.0,4.0,131,236,3759.0,15009.0,pt,2520.0,13770.0,2520.0,"{'duration': 2400, 'source_transfer_time': 0, 'waiting_time': 480, 'trip_time': 1920, 'num_transfers': 4, 'departure_time': 11310, 'departure_day': 'current_day', 'arrival_time': 13710, 'arrival_day': 'current_day', 'steps': [{'duration': 450, 'departure_time': 11790, 'arrival_time': 12240, 'day': 'current_day', 'from_stop_id': '131-5', 'to_stop_id': '151-5', 'trip_id': '10-0-16', 'agency_name': 'Unknown'}, {'duration': 30, 'departure_time': 12240, 'arrival_time': 12270, 'day': 'current_day', 'from_stop_id': '151-5', 'to_stop_id': '151-3', 'trip_id': 'walking', 'agency_name': 'Unknown'}, {'duration': 600, 'departure_time': 12510, 'arrival_time': 13110, 'day': 'current_day', 'from_stop_id': '151-3', 'to_stop_id': '201-3', 'trip_id': '6-0-14', 'agency_name': 'Unknown'}, {'duration': 30, 'departure_time': 13110, 'arrival_time': 13140, 'day': 'current_day', 'from_stop_id': '201-3', 'to_stop_id': '201-4', 'trip_id': 'walking', 'agency_name': 'Unknown'}, {'duration': 570, 'departure_time': 13140, 'arrival_time': 13710, 'day': 'current_day', 'from_stop_id': '201-4', 'to_stop_id': '236-4', 'trip_id': '9-0-15', 'agency_name': 'Unknown'}]}"
199,150,8700,intra,right,647,[188; 198; 200; 210],[150],500,375,0,0,9075,9135.0,10110.0,10170.0,975.0,2.0,188,150,2255.0,10955.0,pt,1470.0,10170.0,1470.0,"{'duration': 975, 'source_transfer_time': 0, 'waiting_time': 15, 'trip_time': 960, 'num_transfers': 2, 'departure_time': 9135, 'departure_day': 'current_day', 'arrival_time': 10110, 'arrival_day': 'current_day', 'steps': [{'duration': 210, 'departure_time': 9150, 'arrival_time': 9360, 'day': 'current_day', 'from_stop_id': '188-4', 'to_stop_id': 'MH-R-4', 'trip_id': '9-1-10', 'agency_name': 'Unknown'}, {'duration': 30, 'departure_time': 9360, 'arrival_time': 9390, 'day': 'current_day', 'from_stop_id': 'MH-R-4', 'to_stop_id': 'MH-R-5', 'trip_id': 'walking', 'agency_name': 'Unknown'}, {'duration': 570, 'departure_time': 9540, 'arrival_time': 10110, 'day': 'current_day', 'from_stop_id': 'MH-R-5', 'to_stop_id': '150-5', 'trip_id': '10-1-10', 'agency_name': 'Unknown'}]}"
221,177,5610,intra,right,648,[210; 220],[177],500,375,0,0,5985,6045.0,7140.0,7200.0,1095.0,0.0,210,177,3007.0,8617.0,pt,1590.0,7200.0,1590.0,"{'duration': 1095, 'source_transfer_time': 0, 'waiting_time': 255, 'trip_time': 840, 'num_transfers': 0, 'departure_time': 6045, 'departure_day': 'current_day', 'arrival_time': 7140, 'arrival_day': 'current_day', 'steps': [{'duration': 840, 'departure_time': 6300, 'arrival_time': 7140, 'day': 'current_day', 'from_stop_id': '210-3', 'to_stop_id': '177-3', 'trip_id': '6-0-2', 'agency_name': 'Unknown'}]}"
158,132,7590,intra,right,649,[147; 157; 159; 169],[132],500,375,0,0,7965,8025.0,8790.0,8850.0,765.0,0.0,157,132,2255.0,9845.0,pt,1260.0,8850.0,1260.0,"{'duration': 765, 'source_transfer_time': 0, 'waiting_time': 195, 'trip_time': 570, 'num_transfers': 0, 'departure_time': 8025, 'departure_day': 'current_day', 'arrival_time': 8790, 'arrival_day': 'current_day', 'steps': [{'duration': 570, 'departure_time': 8220, 'arrival_time': 8790, 'day': 'current_day', 'from_stop_id': '157-4', 'to_stop_id': '132-4', 'trip_id': '9-1-7', 'agency_name': 'Unknown'}]}"
154,229,9480,intra,right,650,[132; 144; 156; 175],[207; 217; 227; 231],1000,751,1000,751,10231,10291.0,11250.0,11310.0,959.0,1.0,156,207,3759.0,13239.0,pt,2581.0,12061.0,2581.0,"{'duration': 959, 'source_transfer_time': 0, 'waiting_time': 239, 'trip_time': 720, 'num_transfers': 1, 'departure_time': 10291, 'departure_day': 'current_day', 'arrival_time': 11250, 'arrival_day': 'current_day', 'steps': [{'duration': 210, 'departure_time': 10530, 'arrival_time': 10740, 'day': 'current_day', 'from_stop_id': '156-3', 'to_stop_id': '177-3', 'trip_id': '6-1-8', 'agency_name': 'Unknown'}, {'duration': 450, 'departure_time': 10800, 'arrival_time': 11250, 'day': 'current_day', 'from_stop_id': '177-3', 'to_stop_id': '207-3', 'trip_id': '6-1-13', 'agency_name': 'Unknown'}]}"
167,225,8010,intra,right,651,[167],[225],0,0,0,0,8010,8070.0,9990.0,10050.0,1920.0,3.0,167,225,4887.0,12897.0,pt,2040.0,10050.0,2040.0,"{'duration': 1920, 'source_transfer_time': 0, 'waiting_time': 180, 'trip_time': 1740, 'num_transfers': 3, 'departure_time': 8070, 'departure_day': 'current_day', 'arrival_time': 9990, 'arrival_day': 'current_day', 'steps': [{'duration': 90, 'departure_time': 8250, 'arrival_time': 8340, 'day': 'current_day', 'from_stop_id': '167-3', 'to_stop_id': '177-3', 'trip_id': '6-1-4', 'agency_name': 'Unknown'}, {'duration': 1080, 'departure_time': 8400, 'arrival_time': 9480, 'day': 'current_day', 'from_stop_id': '177-3', 'to_stop_id': '212-3', 'trip_id': '6-1-9', 'agency_name': 'Unknown'}, {'duration': 30, 'departure_time': 9480, 'arrival_time': 9510, 'day': 'current_day', 'from_stop_id': '212-3', 'to_stop_id': '212-4', 'trip_id': 'walking', 'agency_name': 'Unknown'}, {'duration': 330, 'departure_time': 9660, 'arrival_time': 9990, 'day': 'current_day', 'from_stop_id': '212-4', 'to_stop_id': '225-4', 'trip_id': '9-0-9', 'agency_name': 'Unknown'}]}"
153,233,12960,intra,right,652,[131; 141; 151],[211; 231],1000,751,1000,751,13711,13771.0,15150.0,15210.0,1379.0,2.0,141,211,4135.0,17095.0,pt,3001.0,15961.0,3001.0,"{'duration': 1379, 'source_transfer_time': 0, 'waiting_time': 59, 'trip_time': 1320, 'num_transfers': 2, 'departure_time': 13771, 'departure_day': 'current_day', 'arrival_time': 15150, 'arrival_day': 'current_day', 'steps': [{'duration': 210, 'departure_time': 13830, 'arrival_time': 14040, 'day': 'current_day', 'from_stop_id': '141-5', 'to_stop_id': '151-5', 'trip_id': '10-0-19', 'agency_name': 'Unknown'}, {'duration': 30, 'departure_time': 14040, 'arrival_time': 14070, 'day': 'current_day', 'from_stop_id': '151-5', 'to_stop_id': '151-3', 'trip_id': 'walking', 'agency_name': 'Unknown'}, {'duration': 840, 'departure_time': 14310, 'arrival_time': 15150, 'day': 'current_day', 'from_stop_id': '151-3', 'to_stop_id': '211-3', 'trip_id': '6-0-17', 'agency_name': 'Unknown'}]}"
209,153,9780,intra,right,653,[209],[131; 141; 151],0,0,1000,751,9780,9840.0,11430.0,11490.0,1590.0,0.0,209,151,4135.0,13915.0,pt,2461.0,12241.0,2461.0,"{'duration': 1590, 'source_transfer_time': 0, 'waiting_time': 510, 'trip_time': 1080, 'num_transfers': 0, 'departure_time': 9840, 'departure_day': 'current_day', 'arrival_time': 11430, 'arrival_day': 'current_day', 'steps': [{'duration': 1080, 'departure_time': 10350, 'arrival_time': 11430, 'day': 'current_day', 'from_stop_id': '209-3', 'to_stop_id': '151-3', 'trip_id': '6-1-11', 'agency_name': 'Unknown'}]}"
173,183,5190,intra,right,654,[172; 181],[175],500,375,500,375,5565,5625.0,7140.0,7200.0,1515.0,0.0,181,175,4135.0,9325.0,pt,2385.0,7575.0,2385.0,"{'duration': 1515, 'source_transfer_time': 0, 'waiting_time': 255, 'trip_time': 1260, 'num_transfers': 0, 'departure_time': 5625, 'departure_day': 'current_day', 'arrival_time': 7140, 'arrival_day': 'current_day', 'steps': [{'duration': 1260, 'departure_time': 5880, 'arrival_time': 7140, 'day': 'current_day', 'from_stop_id': '181-1', 'to_stop_id': '175-1', 'trip_id': '3-1-5', 'agency_name': 'Unknown'}]}"
198,227,4740,intra,right,655,[198],[227],0,0,0,0,4740,4800.0,6390.0,6450.0,1590.0,2.0,198,227,2631.0,7371.0,pt,1710.0,6450.0,1710.0,"{'duration': 1590, 'source_transfer_time': 0, 'waiting_time': 150, 'trip_time': 1440, 'num_transfers': 2, 'departure_time': 4800, 'departure_day': 'current_day', 'arrival_time': 6390, 'arrival_day': 'current_day', 'steps': [{'duration': 90, 'departure_time': 4950, 'arrival_time': 5040, 'day': 'current_day', 'from_stop_id': '198-2', 'to_stop_id': '240-2', 'trip_id': '4-0-3', 'agency_name': 'Unknown'}, {'duration': 30, 'departure_time': 5040, 'arrival_time': 5070, 'day': 'current_day', 'from_stop_id': '240-2', 'to_stop_id': '240-5', 'trip_id': 'walking', 'agency_name': 'Unknown'}, {'duration': 930, 'departure_time': 5460, 'arrival_time': 6390, 'day': 'current_day', 'from_stop_id': '240-5', 'to_stop_id': '227-5', 'trip_id': '10-0-3', 'agency_name': 'Unknown'}]}"
217,132,12240,intra,right,656,[217],[132],0,0,0,0,12240,12300.0,14790.0,14850.0,2490.0,2.0,217,132,3759.0,15999.0,pt,2610.0,14850.0,2610.0,"{'duration': 2490, 'source_transfer_time': 0, 'waiting_time': 450, 'trip_time': 2040, 'num_transfers': 2, 'departure_time': 12300, 'departure_day': 'current_day', 'arrival_time': 14790, 'arrival_day': 'current_day', 'steps': [{'duration': 810, 'departure_time': 12750, 'arrival_time': 13560, 'day': 'current_day', 'from_stop_id': '217-5', 'to_stop_id': 'MH-R-5', 'trip_id': '10-1-17', 'agency_name': 'Unknown'}, {'duration': 30, 'departure_time': 13560, 'arrival_time': 13590, 'day': 'current_day', 'from_stop_id': 'MH-R-5', 'to_stop_id': 'MH-R-4', 'trip_id': 'walking', 'agency_name': 'Unknown'}, {'duration': 1050, 'departure_time': 13740, 'arrival_time': 14790, 'day': 'current_day', 'from_stop_id': 'MH-R-4', 'to_stop_id': '132-4', 'trip_id': '9-1-17', 'agency_name': 'Unknown'}]}"
193,139,13290,intra,right,657,[175; 195],[140; 150],1000,751,500,375,14041,14101.0,15360.0,15420.0,1259.0,2.0,175,150,4887.0,18177.0,pt,2505.0,15795.0,2505.0,"{'duration': 1259, 'source_transfer_time': 0, 'waiting_time': 59, 'trip_time': 1200, 'num_transfers': 2, 'departure_time': 14101, 'departure_day': 'current_day', 'arrival_time': 15360, 'arrival_day': 'current_day', 'steps': [{'duration': 210, 'departure_time': 14160, 'arrival_time': 14370, 'day': 'current_day', 'from_stop_id': '175-1', 'to_stop_id': '177-1', 'trip_id': '3-0-19', 'agency_name': 'Unknown'}, {'duration': 30, 'departure_time': 14370, 'arrival_time': 14400, 'day': 'current_day', 'from_stop_id': '177-1', 'to_stop_id': '177-3', 'trip_id': 'walking', 'agency_name': 'Unknown'}, {'duration': 960, 'departure_time': 14400, 'arrival_time': 15360, 'day': 'current_day', 'from_stop_id': '177-3', 'to_stop_id': '150-3', 'trip_id': '6-0-19', 'agency_name': 'Unknown'}]}"
240,236,10140,intra,right,658,[240],[236],0,0,0,0,10140,10200.0,11910.0,11970.0,1710.0,2.0,240,236,3383.0,13523.0,pt,1830.0,11970.0,1830.0,"{'duration': 1710, 'source_transfer_time': 0, 'waiting_time': 270, 'trip_time': 1440, 'num_transfers': 2, 'departure_time': 10200, 'departure_day': 'current_day', 'arrival_time': 11910, 'arrival_day': 'current_day', 'steps': [{'duration': 90, 'departure_time': 10470, 'arrival_time': 10560, 'day': 'current_day', 'from_stop_id': '240-2', 'to_stop_id': 'MH-R-2', 'trip_id': '4-0-12', 'agency_name': 'Unknown'}, {'duration': 30, 'departure_time': 10560, 'arrival_time': 10590, 'day': 'current_day', 'from_stop_id': 'MH-R-2', 'to_stop_id': 'MH-R-4', 'trip_id': 'walking', 'agency_name': 'Unknown'}, {'duration': 1170, 'departure_time': 10740, 'arrival_time': 11910, 'day': 'current_day', 'from_stop_id': 'MH-R-4', 'to_stop_id': '236-4', 'trip_id': '9-0-12', 'agency_name': 'Unknown'}]}"
205,137,7200,intra,right,659,[206; 216],[137],500,375,0,0,7575,7635.0,9420.0,9480.0,1785.0,2.0,206,137,4135.0,11335.0,pt,2280.0,9480.0,2280.0,"{'duration': 1785, 'source_transfer_time': 0, 'waiting_time': 435, 'trip_time': 1350, 'num_transfers': 2, 'departure_time': 7635, 'departure_day': 'current_day', 'arrival_time': 9420, 'arrival_day': 'current_day', 'steps': [{'duration': 570, 'departure_time': 8070, 'arrival_time': 8640, 'day': 'current_day', 'from_stop_id': '206-5', 'to_stop_id': '240-5', 'trip_id': '10-1-9', 'agency_name': 'Unknown'}, {'duration': 30, 'departure_time': 8640, 'arrival_time': 8670, 'day': 'current_day', 'from_stop_id': '240-5', 'to_stop_id': '240-2', 'trip_id': 'walking', 'agency_name': 'Unknown'}, {'duration': 750, 'departure_time': 8670, 'arrival_time': 9420, 'day': 'current_day', 'from_stop_id': '240-2', 'to_stop_id': '137-2', 'trip_id': '4-0-9', 'agency_name': 'Unknown'}]}"
161,143,9870,intra,right,660,[161],[132; 144],0,0,500,375,9870,9930.0,11550.0,11610.0,1620.0,2.0,161,144,3007.0,12877.0,pt,2115.0,11985.0,2115.0,"{'duration': 1620, 'source_transfer_time': 0, 'waiting_time': 180, 'trip_time': 1440, 'num_transfers': 2, 'departure_time': 9930, 'departure_day': 'current_day', 'arrival_time': 11550, 'arrival_day': 'current_day', 'steps': [{'duration': 450, 'departure_time': 10110, 'arrival_time': 10560, 'day': 'current_day', 'from_stop_id': '161-5', 'to_stop_id': 'MH-R-5', 'trip_id': '10-0-12', 'agency_name': 'Unknown'}, {'duration': 30, 'departure_time': 10560, 'arrival_time': 10590, 'day': 'current_day', 'from_stop_id': 'MH-R-5', 'to_stop_id': 'MH-R-4', 'trip_id': 'walking', 'agency_name': 'Unknown'}, {'duration': 810, 'departure_time': 10740, 'arrival_time': 11550, 'day': 'current_day', 'from_stop_id': 'MH-R-4', 'to_stop_id': '144-4', 'trip_id': '9-1-12', 'agency_name': 'Unknown'}]}"
174,157,13110,intra,right,661,[182],[157],500,375,0,0,13485,13545.0,14790.0,14850.0,1245.0,2.0,182,157,3007.0,16117.0,pt,1740.0,14850.0,1740.0,"{'duration': 1245, 'source_transfer_time': 0, 'waiting_time': 15, 'trip_time': 1230, 'num_transfers': 2, 'departure_time': 13545, 'departure_day': 'current_day', 'arrival_time': 14790, 'arrival_day': 'current_day', 'steps': [{'duration': 480, 'departure_time': 13560, 'arrival_time': 14040, 'day': 'current_day', 'from_stop_id': '182-1', 'to_stop_id': '239-1', 'trip_id': '3-1-18', 'agency_name': 'Unknown'}, {'duration': 30, 'departure_time': 14040, 'arrival_time': 14070, 'day': 'current_day', 'from_stop_id': '239-1', 'to_stop_id': '239-4', 'trip_id': 'walking', 'agency_name': 'Unknown'}, {'duration': 720, 'departure_time': 14070, 'arrival_time': 14790, 'day': 'current_day', 'from_stop_id': '239-4', 'to_stop_id': '157-4', 'trip_id': '9-1-18', 'agency_name': 'Unknown'}]}"
130,231,3720,intra,right,662,[130],[231],0,0,0,0,3720,3780.0,5940.0,6000.0,2160.0,2.0,130,231,5263.0,8983.0,pt,2280.0,6000.0,2280.0,"{'duration': 2160, 'source_transfer_time': 0, 'waiting_time': 330, 'trip_time': 1830, 'num_transfers': 2, 'departure_time': 3780, 'departure_day': 'current_day', 'arrival_time': 5940, 'arrival_day': 'current_day', 'steps': [{'duration': 930, 'departure_time': 4110, 'arrival_time': 5040, 'day': 'current_day', 'from_stop_id': '130-5', 'to_stop_id': '237-5', 'trip_id': '10-0-3', 'agency_name': 'Unknown'}, {'duration': 30, 'departure_time': 5040, 'arrival_time': 5070, 'day': 'current_day', 'from_stop_id': '237-5', 'to_stop_id': '237-2', 'trip_id': 'walking', 'agency_name': 'Unknown'}, {'duration': 870, 'departure_time': 5070, 'arrival_time': 5940, 'day': 'current_day', 'from_stop_id': '237-2', 'to_stop_id': '231-2', 'trip_id': '4-1-3', 'agency_name': 'Unknown'}]}"
154,205,12090,intra,right,663,[132; 144; 156; 175],[206; 216],1000,751,500,375,12841,12901.0,13530.0,13590.0,629.0,1.0,156,206,2255.0,14345.0,pt,1875.0,13965.0,1875.0,"{'duration': 629, 'source_transfer_time': 0, 'waiting_time': 29, 'trip_time': 600, 'num_transfers': 1, 'departure_time': 12901, 'departure_day': 'current_day', 'arrival_time': 13530, 'arrival_day': 'current_day', 'steps': [{'duration': 210, 'departure_time': 12930, 'arrival_time': 13140, 'day': 'current_day', 'from_stop_id': '156-3', 'to_stop_id': '177-3', 'trip_id': '6-1-12', 'agency_name': 'Unknown'}, {'duration': 330, 'departure_time': 13200, 'arrival_time': 13530, 'day': 'current_day', 'from_stop_id': '177-3', 'to_stop_id': '206-3', 'trip_id': '6-1-17', 'agency_name': 'Unknown'}]}"
235,226,8610,intra,right,664,[224; 236],[226],500,375,0,0,8985,9045.0,11910.0,11970.0,2865.0,2.0,224,226,3383.0,11993.0,pt,3360.0,11970.0,3360.0,"{'duration': 2865, 'source_transfer_time': 0, 'waiting_time': 585, 'trip_time': 2280, 'num_transfers': 2, 'departure_time': 9045, 'departure_day': 'current_day', 'arrival_time': 11910, 'arrival_day': 'current_day', 'steps': [{'duration': 930, 'departure_time': 9630, 'arrival_time': 10560, 'day': 'current_day', 'from_stop_id': '224-4', 'to_stop_id': 'MH-R-4', 'trip_id': '9-1-12', 'agency_name': 'Unknown'}, {'duration': 30, 'departure_time': 10560, 'arrival_time': 10590, 'day': 'current_day', 'from_stop_id': 'MH-R-4', 'to_stop_id': 'MH-R-5', 'trip_id': 'walking', 'agency_name': 'Unknown'}, {'duration': 1170, 'departure_time': 10740, 'arrival_time': 11910, 'day': 'current_day', 'from_stop_id': 'MH-R-5', 'to_stop_id': '226-5', 'trip_id': '10-0-12', 'agency_name': 'Unknown'}]}"
155,128,13440,intra,right,665,[144; 156],[126; 130; 140; 150],500,375,1000,751,13815,13875.0,14760.0,14820.0,885.0,2.0,144,150,3383.0,16823.0,pt,2131.0,15571.0,2131.0,"{'duration': 885, 'source_transfer_time': 0, 'waiting_time': 75, 'trip_time': 810, 'num_transfers': 2, 'departure_time': 13875, 'departure_day': 'current_day', 'arrival_time': 14760, 'arrival_day': 'current_day', 'steps': [{'duration': 90, 'departure_time': 13950, 'arrival_time': 14040, 'day': 'current_day', 'from_stop_id': '144-4', 'to_stop_id': '145-4', 'trip_id': '9-0-19', 'agency_name': 'Unknown'}, {'duration': 30, 'departure_time': 14040, 'arrival_time': 14070, 'day': 'current_day', 'from_stop_id': '145-4', 'to_stop_id': '145-3', 'trip_id': 'walking', 'agency_name': 'Unknown'}, {'duration': 600, 'departure_time': 14160, 'arrival_time': 14760, 'day': 'current_day', 'from_stop_id': '145-3', 'to_stop_id': '150-3', 'trip_id': '6-0-18', 'agency_name': 'Unknown'}]}"
187,145,7830,intra,right,666,[187],[145],0,0,0,0,7830,7890.0,9030.0,9090.0,1140.0,2.0,187,145,2255.0,10085.0,pt,1260.0,9090.0,1260.0,"{'duration': 1140, 'source_transfer_time': 0, 'waiting_time': 60, 'trip_time': 1080, 'num_transfers': 2, 'departure_time': 7890, 'departure_day': 'current_day', 'arrival_time': 9030, 'arrival_day': 'current_day', 'steps': [{'duration': 210, 'departure_time': 7950, 'arrival_time': 8160, 'day': 'current_day', 'from_stop_id': '187-5', 'to_stop_id': 'MH-R-5', 'trip_id': '10-1-8', 'agency_name': 'Unknown'}, {'duration': 30, 'departure_time': 8160, 'arrival_time': 8190, 'day': 'current_day', 'from_stop_id': 'MH-R-5', 'to_stop_id': 'MH-R-4', 'trip_id': 'walking', 'agency_name': 'Unknown'}, {'duration': 690, 'departure_time': 8340, 'arrival_time': 9030, 'day': 'current_day', 'from_stop_id': 'MH-R-4', 'to_stop_id': '145-4', 'trip_id': '9-1-8', 'agency_name': 'Unknown'}]}"
161,206,8160,intra,right,667,[161],[206],0,0,0,0,8160,8220.0,9630.0,9690.0,1410.0,0.0,161,206,3759.0,11919.0,pt,1530.0,9690.0,1530.0,"{'duration': 1410, 'source_transfer_time': 0, 'waiting_time': 90, 'trip_time': 1320, 'num_transfers': 0, 'departure_time': 8220, 'departure_day': 'current_day', 'arrival_time': 9630, 'arrival_day': 'current_day', 'steps': [{'duration': 1320, 'departure_time': 8310, 'arrival_time': 9630, 'day': 'current_day', 'from_stop_id': '161-5', 'to_stop_id': '206-5', 'trip_id': '10-0-9', 'agency_name': 'Unknown'}]}"
126,172,10260,intra,right,668,[126],[172],0,0,0,0,10260,10320.0,11520.0,11580.0,1200.0,2.0,126,172,2631.0,12891.0,pt,1320.0,11580.0,1320.0,"{'duration': 1200, 'source_transfer_time': 0, 'waiting_time': 240, 'trip_time': 960, 'num_transfers': 2, 'departure_time': 10320, 'departure_day': 'current_day', 'arrival_time': 11520, 'arrival_day': 'current_day', 'steps': [{'duration': 210, 'departure_time': 10560, 'arrival_time': 10770, 'day': 'current_day', 'from_stop_id': '126-2', 'to_stop_id': '148-2', 'trip_id': '4-1-13', 'agency_name': 'Unknown'}, {'duration': 30, 'departure_time': 10770, 'arrival_time': 10800, 'day': 'current_day', 'from_stop_id': '148-2', 'to_stop_id': '148-3', 'trip_id': 'walking', 'agency_name': 'Unknown'}, {'duration': 570, 'departure_time': 10950, 'arrival_time': 11520, 'day': 'current_day', 'from_stop_id': '148-3', 'to_stop_id': '172-3', 'trip_id': '6-0-12', 'agency_name': 'Unknown'}]}"
137,166,10590,intra,right,669,[137],[167; 176],0,0,500,375,10590,10650.0,11820.0,11880.0,1170.0,2.0,137,167,2631.0,13221.0,pt,1665.0,12255.0,1665.0,"{'duration': 1170, 'source_transfer_time': 0, 'waiting_time': 30, 'trip_time': 1140, 'num_transfers': 2, 'departure_time': 10650, 'departure_day': 'current_day', 'arrival_time': 11820, 'arrival_day': 'current_day', 'steps': [{'duration': 90, 'departure_time': 10680, 'arrival_time': 10770, 'day': 'current_day', 'from_stop_id': '137-2', 'to_stop_id': '148-2', 'trip_id': '4-1-13', 'agency_name': 'Unknown'}, {'duration': 30, 'departure_time': 10770, 'arrival_time': 10800, 'day': 'current_day', 'from_stop_id': '148-2', 'to_stop_id': '148-3', 'trip_id': 'walking', 'agency_name': 'Unknown'}, {'duration': 570, 'departure_time': 11250, 'arrival_time': 11820, 'day': 'current_day', 'from_stop_id': '148-3', 'to_stop_id': '167-3', 'trip_id': '6-1-10', 'agency_name': 'Unknown'}]}"
223,193,12090,intra,right,670,[212; 224],[175; 195],500,375,1000,751,12465,12525.0,13500.0,13560.0,975.0,0.0,212,195,3759.0,15849.0,pt,2221.0,14311.0,2221.0,"{'duration': 975, 'source_transfer_time': 0, 'waiting_time': 135, 'trip_time': 840, 'num_transfers': 0, 'departure_time': 12525, 'departure_day': 'current_day', 'arrival_time': 13500, 'arrival_day': 'current_day', 'steps': [{'duration': 840, 'departure_time': 12660, 'arrival_time': 13500, 'day': 'current_day', 'from_stop_id': '212-3', 'to_stop_id': '195-3', 'trip_id': '6-0-13', 'agency_name': 'Unknown'}]}"
156,142,10710,intra,right,671,[156],[131; 141],0,0,500,375,10710,10770.0,12270.0,12330.0,1500.0,2.0,156,141,3759.0,14469.0,pt,1995.0,12705.0,1995.0,"{'duration': 1500, 'source_transfer_time': 0, 'waiting_time': 270, 'trip_time': 1230, 'num_transfers': 2, 'departure_time': 10770, 'departure_day': 'current_day', 'arrival_time': 12270, 'arrival_day': 'current_day', 'steps': [{'duration': 720, 'departure_time': 11040, 'arrival_time': 11760, 'day': 'current_day', 'from_stop_id': '156-3', 'to_stop_id': '150-3', 'trip_id': '6-0-13', 'agency_name': 'Unknown'}, {'duration': 30, 'departure_time': 11760, 'arrival_time': 11790, 'day': 'current_day', 'from_stop_id': '150-3', 'to_stop_id': '150-5', 'trip_id': 'walking', 'agency_name': 'Unknown'}, {'duration': 330, 'departure_time': 11940, 'arrival_time': 12270, 'day': 'current_day', 'from_stop_id': '150-5', 'to_stop_id': '141-5', 'trip_id': '10-1-13', 'agency_name': 'Unknown'}]}"
127,234,10770,intra,right,672,[126],[212; 224; 236],500,375,1000,751,11145,11205.0,13230.0,13290.0,2025.0,2.0,126,212,4511.0,15281.0,pt,3271.0,14041.0,3271.0,"{'duration': 2025, 'source_transfer_time': 0, 'waiting_time': 555, 'trip_time': 1470, 'num_transfers': 2, 'departure_time': 11205, 'departure_day': 'current_day', 'arrival_time': 13230, 'arrival_day': 'current_day', 'steps': [{'duration': 210, 'departure_time': 11760, 'arrival_time': 11970, 'day': 'current_day', 'from_stop_id': '126-2', 'to_stop_id': '148-2', 'trip_id': '4-1-15', 'agency_name': 'Unknown'}, {'duration': 30, 'departure_time': 11970, 'arrival_time': 12000, 'day': 'current_day', 'from_stop_id': '148-2', 'to_stop_id': '148-3', 'trip_id': 'walking', 'agency_name': 'Unknown'}, {'duration': 1080, 'departure_time': 12150, 'arrival_time': 13230, 'day': 'current_day', 'from_stop_id': '148-3', 'to_stop_id': '212-3', 'trip_id': '6-0-14', 'agency_name': 'Unknown'}]}"
238,221,11040,intra,right,673,[238],[210; 220],0,0,500,375,11040,11100.0,12420.0,12480.0,1320.0,2.0,238,220,2255.0,13295.0,pt,1815.0,12855.0,1815.0,"{'duration': 1320, 'source_transfer_time': 0, 'waiting_time': 570, 'trip_time': 750, 'num_transfers': 2, 'departure_time': 11100, 'departure_day': 'current_day', 'arrival_time': 12420, 'arrival_day': 'current_day', 'steps': [{'duration': 90, 'departure_time': 11670, 'arrival_time': 11760, 'day': 'current_day', 'from_stop_id': '238-1', 'to_stop_id': 'MH-R-1', 'trip_id': '3-0-14', 'agency_name': 'Unknown'}, {'duration': 30, 'departure_time': 11760, 'arrival_time': 11790, 'day': 'current_day', 'from_stop_id': 'MH-R-1', 'to_stop_id': 'MH-R-2', 'trip_id': 'walking', 'agency_name': 'Unknown'}, {'duration': 480, 'departure_time': 11940, 'arrival_time': 12420, 'day': 'current_day', 'from_stop_id': 'MH-R-2', 'to_stop_id': '220-2', 'trip_id': '4-1-14', 'agency_name': 'Unknown'}]}"
127,205,13740,intra,right,674,[126],[206; 216],500,375,500,375,14115,14175.0,16230.0,16290.0,2055.0,3.0,126,206,4887.0,18627.0,pt,2925.0,16665.0,2925.0,"{'duration': 2055, 'source_transfer_time': 0, 'waiting_time': 585, 'trip_time': 1470, 'num_transfers': 3, 'departure_time': 14175, 'departure_day': 'current_day', 'arrival_time': 16230, 'arrival_day': 'current_day', 'steps': [{'duration': 480, 'departure_time': 14760, 'arrival_time': 15240, 'day': 'current_day', 'from_stop_id': '126-2', 'to_stop_id': '237-2', 'trip_id': '4-1-20', 'agency_name': 'Unknown'}, {'duration': 30, 'departure_time': 15240, 'arrival_time': 15270, 'day': 'current_day', 'from_stop_id': '237-2', 'to_stop_id': '237-5', 'trip_id': 'walking', 'agency_name': 'Unknown'}, {'duration': 360, 'departure_time': 15270, 'arrival_time': 15630, 'day': 'current_day', 'from_stop_id': '237-5', 'to_stop_id': '240-5', 'trip_id': '10-0-20', 'agency_name': 'Unknown'}, {'duration': 570, 'departure_time': 15660, 'arrival_time': 16230, 'day': 'current_day', 'from_stop_id': '240-5', 'to_stop_id': '206-5', 'trip_id': '10-0-20', 'agency_name': 'Unknown'}]}"
187,129,6120,intra,right,675,[187],[130; 140],0,0,500,375,6120,6180.0,7950.0,8010.0,1770.0,0.0,187,140,3759.0,9879.0,pt,2265.0,8385.0,2265.0,"{'duration': 1770, 'source_transfer_time': 0, 'waiting_time': 570, 'trip_time': 1200, 'num_transfers': 0, 'departure_time': 6180, 'departure_day': 'current_day', 'arrival_time': 7950, 'arrival_day': 'current_day', 'steps': [{'duration': 1200, 'departure_time': 6750, 'arrival_time': 7950, 'day': 'current_day', 'from_stop_id': '187-5', 'to_stop_id': '140-5', 'trip_id': '10-1-6', 'agency_name': 'Unknown'}]}"
215,132,8580,intra,right,676,[216; 226],[132],500,375,0,0,8955,9015.0,11190.0,11250.0,2175.0,2.0,216,132,3007.0,11587.0,pt,2670.0,11250.0,2670.0,"{'duration': 2175, 'source_transfer_time': 0, 'waiting_time': 15, 'trip_time': 2160, 'num_transfers': 2, 'departure_time': 9015, 'departure_day': 'current_day', 'arrival_time': 11190, 'arrival_day': 'current_day', 'steps': [{'duration': 930, 'departure_time': 9030, 'arrival_time': 9960, 'day': 'current_day', 'from_stop_id': '216-5', 'to_stop_id': 'MH-R-5', 'trip_id': '10-1-11', 'agency_name': 'Unknown'}, {'duration': 30, 'departure_time': 9960, 'arrival_time': 9990, 'day': 'current_day', 'from_stop_id': 'MH-R-5', 'to_stop_id': 'MH-R-4', 'trip_id': 'walking', 'agency_name': 'Unknown'}, {'duration': 1050, 'departure_time': 10140, 'arrival_time': 11190, 'day': 'current_day', 'from_stop_id': 'MH-R-4', 'to_stop_id': '132-4', 'trip_id': '9-1-11', 'agency_name': 'Unknown'}]}"
160,203,8130,intra,right,677,[160],[182; 201; 213; 225],0,0,1000,751,8130,8190.0,9510.0,9570.0,1320.0,2.0,160,201,3007.0,11137.0,pt,2191.0,10321.0,2191.0,"{'duration': 1320, 'source_transfer_time': 0, 'waiting_time': 240, 'trip_time': 1080, 'num_transfers': 2, 'departure_time': 8190, 'departure_day': 'current_day', 'arrival_time': 9510, 'arrival_day': 'current_day', 'steps': [{'duration': 330, 'departure_time': 8430, 'arrival_time': 8760, 'day': 'current_day', 'from_stop_id': '160-5', 'to_stop_id': 'MH-R-5', 'trip_id': '10-0-9', 'agency_name': 'Unknown'}, {'duration': 30, 'departure_time': 8760, 'arrival_time': 8790, 'day': 'current_day', 'from_stop_id': 'MH-R-5', 'to_stop_id': 'MH-R-4', 'trip_id': 'walking', 'agency_name': 'Unknown'}, {'duration': 570, 'departure_time': 8940, 'arrival_time': 9510, 'day': 'current_day', 'from_stop_id': 'MH-R-4', 'to_stop_id': '201-4', 'trip_id': '9-0-9', 'agency_name': 'Unknown'}]}"
223,197,14070,intra,right,678,[212; 224],[197],500,375,0,0,14445,14505.0,15870.0,15930.0,1365.0,2.0,212,197,2255.0,16325.0,pt,1860.0,15930.0,1860.0,"{'duration': 1365, 'source_transfer_time': 0, 'waiting_time': 165, 'trip_time': 1200, 'num_transfers': 2, 'departure_time': 14505, 'departure_day': 'current_day', 'arrival_time': 15870, 'arrival_day': 'current_day', 'steps': [{'duration': 690, 'departure_time': 14670, 'arrival_time': 15360, 'day': 'current_day', 'from_stop_id': '212-4', 'to_stop_id': 'MH-R-4', 'trip_id': '9-1-20', 'agency_name': 'Unknown'}, {'duration': 30, 'departure_time': 15360, 'arrival_time': 15390, 'day': 'current_day', 'from_stop_id': 'MH-R-4', 'to_stop_id': 'MH-R-5', 'trip_id': 'walking', 'agency_name': 'Unknown'}, {'duration': 330, 'departure_time': 15540, 'arrival_time': 15870, 'day': 'current_day', 'from_stop_id': 'MH-R-5', 'to_stop_id': '197-5', 'trip_id': '10-0-20', 'agency_name': 'Unknown'}]}"
126,205,11280,intra,right,679,[126],[206; 216],0,0,500,375,11280,11340.0,13230.0,13290.0,1890.0,3.0,126,206,4511.0,15791.0,pt,2385.0,13665.0,2385.0,"{'duration': 1890, 'source_transfer_time': 0, 'waiting_time': 420, 'trip_time': 1470, 'num_transfers': 3, 'departure_time': 11340, 'departure_day': 'current_day', 'arrival_time': 13230, 'arrival_day': 'current_day', 'steps': [{'duration': 480, 'departure_time': 11760, 'arrival_time': 12240, 'day': 'current_day', 'from_stop_id': '126-2', 'to_stop_id': '237-2', 'trip_id': '4-1-15', 'agency_name': 'Unknown'}, {'duration': 30, 'departure_time': 12240, 'arrival_time': 12270, 'day': 'current_day', 'from_stop_id': '237-2', 'to_stop_id': '237-5', 'trip_id': 'walking', 'agency_name': 'Unknown'}, {'duration': 360, 'departure_time': 12270, 'arrival_time': 12630, 'day': 'current_day', 'from_stop_id': '237-5', 'to_stop_id': '240-5', 'trip_id': '10-0-15', 'agency_name': 'Unknown'}, {'duration': 570, 'departure_time': 12660, 'arrival_time': 13230, 'day': 'current_day', 'from_stop_id': '240-5', 'to_stop_id': '206-5', 'trip_id': '10-0-15', 'agency_name': 'Unknown'}]}"
217,148,12900,intra,right,680,[217],[148],0,0,0,0,12900,12960.0,14670.0,14730.0,1710.0,2.0,217,148,3759.0,16659.0,pt,1830.0,14730.0,1830.0,"{'duration': 1710, 'source_transfer_time': 0, 'waiting_time': 390, 'trip_time': 1320, 'num_transfers': 2, 'departure_time': 12960, 'departure_day': 'current_day', 'arrival_time': 14670, 'arrival_day': 'current_day', 'steps': [{'duration': 690, 'departure_time': 13350, 'arrival_time': 14040, 'day': 'current_day', 'from_stop_id': '217-5', 'to_stop_id': '240-5', 'trip_id': '10-1-18', 'agency_name': 'Unknown'}, {'duration': 30, 'departure_time': 14040, 'arrival_time': 14070, 'day': 'current_day', 'from_stop_id': '240-5', 'to_stop_id': '240-2', 'trip_id': 'walking', 'agency_name': 'Unknown'}, {'duration': 600, 'departure_time': 14070, 'arrival_time': 14670, 'day': 'current_day', 'from_stop_id': '240-2', 'to_stop_id': '148-2', 'trip_id': '4-0-18', 'agency_name': 'Unknown'}]}"
143,210,10890,intra,right,681,[132; 144],[210],500,375,0,0,11265,11325.0,13440.0,13500.0,2115.0,3.0,144,210,4511.0,15401.0,pt,2610.0,13500.0,2610.0,"{'duration': 2115, 'source_transfer_time': 0, 'waiting_time': 225, 'trip_time': 1890, 'num_transfers': 3, 'departure_time': 11325, 'departure_day': 'current_day', 'arrival_time': 13440, 'arrival_day': 'current_day', 'steps': [{'duration': 90, 'departure_time': 11550, 'arrival_time': 11640, 'day': 'current_day', 'from_stop_id': '144-4', 'to_stop_id': '145-4', 'trip_id': '9-0-15', 'agency_name': 'Unknown'}, {'duration': 30, 'departure_time': 11640, 'arrival_time': 11670, 'day': 'current_day', 'from_stop_id': '145-4', 'to_stop_id': '145-3', 'trip_id': 'walking', 'agency_name': 'Unknown'}, {'duration': 330, 'departure_time': 12210, 'arrival_time': 12540, 'day': 'current_day', 'from_stop_id': '145-3', 'to_stop_id': '177-3', 'trip_id': '6-1-11', 'agency_name': 'Unknown'}, {'duration': 840, 'departure_time': 12600, 'arrival_time': 13440, 'day': 'current_day', 'from_stop_id': '177-3', 'to_stop_id': '210-3', 'trip_id': '6-1-16', 'agency_name': 'Unknown'}]}"
138,223,9630,intra,right,682,[137; 149],[212; 224],500,375,500,375,10005,10065.0,11430.0,11490.0,1365.0,2.0,137,212,3759.0,13389.0,pt,2235.0,11865.0,2235.0,"{'duration': 1365, 'source_transfer_time': 0, 'waiting_time': 15, 'trip_time': 1350, 'num_transfers': 2, 'departure_time': 10065, 'departure_day': 'current_day', 'arrival_time': 11430, 'arrival_day': 'current_day', 'steps': [{'duration': 90, 'departure_time': 10080, 'arrival_time': 10170, 'day': 'current_day', 'from_stop_id': '137-2', 'to_stop_id': '148-2', 'trip_id': '4-1-12', 'agency_name': 'Unknown'}, {'duration': 30, 'departure_time': 10170, 'arrival_time': 10200, 'day': 'current_day', 'from_stop_id': '148-2', 'to_stop_id': '148-3', 'trip_id': 'walking', 'agency_name': 'Unknown'}, {'duration': 1080, 'departure_time': 10350, 'arrival_time': 11430, 'day': 'current_day', 'from_stop_id': '148-3', 'to_stop_id': '212-3', 'trip_id': '6-0-11', 'agency_name': 'Unknown'}]}"
241,226,4230,intra,right,683,[241],[226],0,0,0,0,4230,4290.0,5910.0,5970.0,1620.0,0.0,MH-R,226,3759.0,7989.0,pt,1740.0,5970.0,1740.0,"{'duration': 1620, 'source_transfer_time': 0, 'waiting_time': 450, 'trip_time': 1170, 'num_transfers': 0, 'departure_time': 4290, 'departure_day': 'current_day', 'arrival_time': 5910, 'arrival_day': 'current_day', 'steps': [{'duration': 1170, 'departure_time': 4740, 'arrival_time': 5910, 'day': 'current_day', 'from_stop_id': 'MH-R-5', 'to_stop_id': '226-5', 'trip_id': '10-0-2', 'agency_name': 'Unknown'}]}"
206,191,7440,intra,right,684,[206],[181; 190],0,0,500,375,7440,7500.0,8520.0,8580.0,1020.0,0.0,206,190,3383.0,10823.0,pt,1515.0,8955.0,1515.0,"{'duration': 1020, 'source_transfer_time': 0, 'waiting_time': 60, 'trip_time': 960, 'num_transfers': 0, 'departure_time': 7500, 'departure_day': 'current_day', 'arrival_time': 8520, 'arrival_day': 'current_day', 'steps': [{'duration': 960, 'departure_time': 7560, 'arrival_time': 8520, 'day': 'current_day', 'from_stop_id': '206-3', 'to_stop_id': '190-3', 'trip_id': '6-1-7', 'agency_name': 'Unknown'}]}"
232,170,10350,intra,right,685,[231],[170],500,375,0,0,10725,10785.0,12150.0,12210.0,1365.0,2.0,231,170,2255.0,12605.0,pt,1860.0,12210.0,1860.0,"{'duration': 1365, 'source_transfer_time': 0, 'waiting_time': 375, 'trip_time': 990, 'num_transfers': 2, 'departure_time': 10785, 'departure_day': 'current_day', 'arrival_time': 12150, 'arrival_day': 'current_day', 'steps': [{'duration': 480, 'departure_time': 11160, 'arrival_time': 11640, 'day': 'current_day', 'from_stop_id': '231-2', 'to_stop_id': '240-2', 'trip_id': '4-0-14', 'agency_name': 'Unknown'}, {'duration': 30, 'departure_time': 11640, 'arrival_time': 11670, 'day': 'current_day', 'from_stop_id': '240-2', 'to_stop_id': '240-5', 'trip_id': 'walking', 'agency_name': 'Unknown'}, {'duration': 480, 'departure_time': 11670, 'arrival_time': 12150, 'day': 'current_day', 'from_stop_id': '240-5', 'to_stop_id': '170-5', 'trip_id': '10-1-14', 'agency_name': 'Unknown'}]}"
225,134,8760,intra,right,686,[225],[133; 145],0,0,500,375,8760,8820.0,10830.0,10890.0,2010.0,0.0,225,145,6015.0,14775.0,pt,2505.0,11265.0,2505.0,"{'duration': 2010, 'source_transfer_time': 0, 'waiting_time': 90, 'trip_time': 1920, 'num_transfers': 0, 'departure_time': 8820, 'departure_day': 'current_day', 'arrival_time': 10830, 'arrival_day': 'current_day', 'steps': [{'duration': 1920, 'departure_time': 8910, 'arrival_time': 10830, 'day': 'current_day', 'from_stop_id': '225-4', 'to_stop_id': '145-4', 'trip_id': '9-1-11', 'agency_name': 'Unknown'}]}"
164,222,7800,intra,right,687,[162; 182],[211],1000,751,500,375,8551,8611.0,9750.0,9810.0,1139.0,0.0,162,211,3383.0,11183.0,pt,2385.0,10185.0,2385.0,"{'duration': 1139, 'source_transfer_time': 0, 'waiting_time': 419, 'trip_time': 720, 'num_transfers': 0, 'departure_time': 8611, 'departure_day': 'current_day', 'arrival_time': 9750, 'arrival_day': 'current_day', 'steps': [{'duration': 720, 'departure_time': 9030, 'arrival_time': 9750, 'day': 'current_day', 'from_stop_id': '162-3', 'to_stop_id': '211-3', 'trip_id': '6-0-8', 'agency_name': 'Unknown'}]}"
217,168,8190,intra,right,688,[217],[168],0,0,0,0,8190,8250.0,9870.0,9930.0,1620.0,2.0,217,168,2255.0,10445.0,pt,1740.0,9930.0,1740.0,"{'duration': 1620, 'source_transfer_time': 0, 'waiting_time': 300, 'trip_time': 1320, 'num_transfers': 2, 'departure_time': 8250, 'departure_day': 'current_day', 'arrival_time': 9870, 'arrival_day': 'current_day', 'steps': [{'duration': 810, 'departure_time': 8550, 'arrival_time': 9360, 'day': 'current_day', 'from_stop_id': '217-5', 'to_stop_id': 'MH-R-5', 'trip_id': '10-1-10', 'agency_name': 'Unknown'}, {'duration': 30, 'departure_time': 9360, 'arrival_time': 9390, 'day': 'current_day', 'from_stop_id': 'MH-R-5', 'to_stop_id': 'MH-R-4', 'trip_id': 'walking', 'agency_name': 'Unknown'}, {'duration': 330, 'departure_time': 9540, 'arrival_time': 9870, 'day': 'current_day', 'from_stop_id': 'MH-R-4', 'to_stop_id': '168-4', 'trip_id': '9-1-10', 'agency_name': 'Unknown'}]}"
175,172,12540,intra,right,689,[175],[172],0,0,0,0,12540,12600.0,14190.0,14250.0,1590.0,2.0,175,172,3383.0,15923.0,pt,1710.0,14250.0,1710.0,"{'duration': 1590, 'source_transfer_time': 0, 'waiting_time': 360, 'trip_time': 1230, 'num_transfers': 2, 'departure_time': 12600, 'departure_day': 'current_day', 'arrival_time': 14190, 'arrival_day': 'current_day', 'steps': [{'duration': 1110, 'departure_time': 12960, 'arrival_time': 14070, 'day': 'current_day', 'from_stop_id': '175-1', 'to_stop_id': '180-1', 'trip_id': '3-0-17', 'agency_name': 'Unknown'}, {'duration': 30, 'departure_time': 14070, 'arrival_time': 14100, 'day': 'current_day', 'from_stop_id': '180-1', 'to_stop_id': '180-3', 'trip_id': 'walking', 'agency_name': 'Unknown'}, {'duration': 90, 'departure_time': 14100, 'arrival_time': 14190, 'day': 'current_day', 'from_stop_id': '180-3', 'to_stop_id': '172-3', 'trip_id': '6-1-16', 'agency_name': 'Unknown'}]}"
194,232,5130,intra,right,690,[195],[231],500,375,500,375,5505,5565.0,6540.0,6600.0,975.0,2.0,195,231,3007.0,8137.0,pt,1845.0,6975.0,1845.0,"{'duration': 975, 'source_transfer_time': 0, 'waiting_time': 75, 'trip_time': 900, 'num_transfers': 2, 'departure_time': 5565, 'departure_day': 'current_day', 'arrival_time': 6540, 'arrival_day': 'current_day', 'steps': [{'duration': 450, 'departure_time': 5640, 'arrival_time': 6090, 'day': 'current_day', 'from_stop_id': '195-3', 'to_stop_id': '209-3', 'trip_id': '6-1-4', 'agency_name': 'Unknown'}, {'duration': 30, 'departure_time': 6090, 'arrival_time': 6120, 'day': 'current_day', 'from_stop_id': '209-3', 'to_stop_id': '209-2', 'trip_id': 'walking', 'agency_name': 'Unknown'}, {'duration': 210, 'departure_time': 6330, 'arrival_time': 6540, 'day': 'current_day', 'from_stop_id': '209-2', 'to_stop_id': '231-2', 'trip_id': '4-1-4', 'agency_name': 'Unknown'}]}"
178,213,9270,intra,right,691,[178],[213],0,0,0,0,9270,9330.0,10950.0,11010.0,1620.0,2.0,178,213,3383.0,12653.0,pt,1740.0,11010.0,1740.0,"{'duration': 1620, 'source_transfer_time': 0, 'waiting_time': 420, 'trip_time': 1200, 'num_transfers': 2, 'departure_time': 9330, 'departure_day': 'current_day', 'arrival_time': 10950, 'arrival_day': 'current_day', 'steps': [{'duration': 90, 'departure_time': 9750, 'arrival_time': 9840, 'day': 'current_day', 'from_stop_id': '178-1', 'to_stop_id': '238-1', 'trip_id': '3-0-11', 'agency_name': 'Unknown'}, {'duration': 30, 'departure_time': 9840, 'arrival_time': 9870, 'day': 'current_day', 'from_stop_id': '238-1', 'to_stop_id': '238-4', 'trip_id': 'walking', 'agency_name': 'Unknown'}, {'duration': 1080, 'departure_time': 9870, 'arrival_time': 10950, 'day': 'current_day', 'from_stop_id': '238-4', 'to_stop_id': '213-4', 'trip_id': '9-0-11', 'agency_name': 'Unknown'}]}"
173,210,5400,intra,right,692,[172; 181],[210],500,375,0,0,5775,5835.0,6870.0,6930.0,1035.0,0.0,172,210,2631.0,8031.0,pt,1530.0,6930.0,1530.0,"{'duration': 1035, 'source_transfer_time': 0, 'waiting_time': 315, 'trip_time': 720, 'num_transfers': 0, 'departure_time': 5835, 'departure_day': 'current_day', 'arrival_time': 6870, 'arrival_day': 'current_day', 'steps': [{'duration': 720, 'departure_time': 6150, 'arrival_time': 6870, 'day': 'current_day', 'from_stop_id': '172-3', 'to_stop_id': '210-3', 'trip_id': '6-0-3', 'agency_name': 'Unknown'}]}"
140,222,10230,intra,right,693,[140],[211],0,0,500,375,10230,10290.0,11550.0,11610.0,1260.0,2.0,140,211,3383.0,13613.0,pt,1755.0,11985.0,1755.0,"{'duration': 1260, 'source_transfer_time': 0, 'waiting_time': 60, 'trip_time': 1200, 'num_transfers': 2, 'departure_time': 10290, 'departure_day': 'current_day', 'arrival_time': 11550, 'arrival_day': 'current_day', 'steps': [{'duration': 90, 'departure_time': 10350, 'arrival_time': 10440, 'day': 'current_day', 'from_stop_id': '140-5', 'to_stop_id': '151-5', 'trip_id': '10-0-13', 'agency_name': 'Unknown'}, {'duration': 30, 'departure_time': 10440, 'arrival_time': 10470, 'day': 'current_day', 'from_stop_id': '151-5', 'to_stop_id': '151-3', 'trip_id': 'walking', 'agency_name': 'Unknown'}, {'duration': 840, 'departure_time': 10710, 'arrival_time': 11550, 'day': 'current_day', 'from_stop_id': '151-3', 'to_stop_id': '211-3', 'trip_id': '6-0-11', 'agency_name': 'Unknown'}]}"
187,150,7860,intra,right,694,[187],[150],0,0,0,0,7860,7920.0,8910.0,8970.0,990.0,0.0,187,150,2631.0,10491.0,pt,1110.0,8970.0,1110.0,"{'duration': 990, 'source_transfer_time': 0, 'waiting_time': 30, 'trip_time': 960, 'num_transfers': 0, 'departure_time': 7920, 'departure_day': 'current_day', 'arrival_time': 8910, 'arrival_day': 'current_day', 'steps': [{'duration': 960, 'departure_time': 7950, 'arrival_time': 8910, 'day': 'current_day', 'from_stop_id': '187-5', 'to_stop_id': '150-5', 'trip_id': '10-1-8', 'agency_name': 'Unknown'}]}"
145,196,13020,intra,right,695,[145],[196],0,0,0,0,13020,13080.0,14790.0,14850.0,1710.0,2.0,145,196,2255.0,15275.0,pt,1830.0,14850.0,1830.0,"{'duration': 1710, 'source_transfer_time': 0, 'waiting_time': 390, 'trip_time': 1320, 'num_transfers': 2, 'departure_time': 13080, 'departure_day': 'current_day', 'arrival_time': 14790, 'arrival_day': 'current_day', 'steps': [{'duration': 690, 'departure_time': 13470, 'arrival_time': 14160, 'day': 'current_day', 'from_stop_id': '145-4', 'to_stop_id': 'MH-R-4', 'trip_id': '9-0-18', 'agency_name': 'Unknown'}, {'duration': 30, 'departure_time': 14160, 'arrival_time': 14190, 'day': 'current_day', 'from_stop_id': 'MH-R-4', 'to_stop_id': 'MH-R-5', 'trip_id': 'walking', 'agency_name': 'Unknown'}, {'duration': 450, 'departure_time': 14340, 'arrival_time': 14790, 'day': 'current_day', 'from_stop_id': 'MH-R-5', 'to_stop_id': '196-5', 'trip_id': '10-0-18', 'agency_name': 'Unknown'}]}"
159,192,7140,intra,right,696,[159],[182],0,0,500,375,7140,7200.0,8340.0,8400.0,1140.0,2.0,159,182,3007.0,10147.0,pt,1635.0,8775.0,1635.0,"{'duration': 1140, 'source_transfer_time': 0, 'waiting_time': 150, 'trip_time': 990, 'num_transfers': 2, 'departure_time': 7200, 'departure_day': 'current_day', 'arrival_time': 8340, 'arrival_day': 'current_day', 'steps': [{'duration': 210, 'departure_time': 7350, 'arrival_time': 7560, 'day': 'current_day', 'from_stop_id': '159-2', 'to_stop_id': 'MH-R-2', 'trip_id': '4-1-7', 'agency_name': 'Unknown'}, {'duration': 30, 'departure_time': 7560, 'arrival_time': 7590, 'day': 'current_day', 'from_stop_id': 'MH-R-2', 'to_stop_id': 'MH-R-1', 'trip_id': 'walking', 'agency_name': 'Unknown'}, {'duration': 600, 'departure_time': 7740, 'arrival_time': 8340, 'day': 'current_day', 'from_stop_id': 'MH-R-1', 'to_stop_id': '182-1', 'trip_id': '3-0-7', 'agency_name': 'Unknown'}]}"
171,134,10500,intra,right,697,[161; 170; 172; 179],[133; 145],500,375,500,375,10875,10935.0,12030.0,12090.0,1095.0,2.0,170,145,3007.0,13507.0,pt,1965.0,12465.0,1965.0,"{'duration': 1095, 'source_transfer_time': 0, 'waiting_time': 15, 'trip_time': 1080, 'num_transfers': 2, 'departure_time': 10935, 'departure_day': 'current_day', 'arrival_time': 12030, 'arrival_day': 'current_day', 'steps': [{'duration': 210, 'departure_time': 10950, 'arrival_time': 11160, 'day': 'current_day', 'from_stop_id': '170-5', 'to_stop_id': 'MH-R-5', 'trip_id': '10-0-13', 'agency_name': 'Unknown'}, {'duration': 30, 'departure_time': 11160, 'arrival_time': 11190, 'day': 'current_day', 'from_stop_id': 'MH-R-5', 'to_stop_id': 'MH-R-4', 'trip_id': 'walking', 'agency_name': 'Unknown'}, {'duration': 690, 'departure_time': 11340, 'arrival_time': 12030, 'day': 'current_day', 'from_stop_id': 'MH-R-4', 'to_stop_id': '145-4', 'trip_id': '9-1-13', 'agency_name': 'Unknown'}]}"
163,168,5550,intra,right,698,[162],[168],500,375,0,0,5925,5985.0,7470.0,7530.0,1485.0,5.0,162,168,2631.0,8181.0,pt,1980.0,7530.0,1980.0,"{'duration': 1485, 'source_transfer_time': 0, 'waiting_time': 45, 'trip_time': 1440, 'num_transfers': 5, 'departure_time': 5985, 'departure_day': 'current_day', 'arrival_time': 7470, 'arrival_day': 'current_day', 'steps': [{'duration': 210, 'departure_time': 6030, 'arrival_time': 6240, 'day': 'current_day', 'from_stop_id': '162-3', 'to_stop_id': '180-3', 'trip_id': '6-0-3', 'agency_name': 'Unknown'}, {'duration': 30, 'departure_time': 6240, 'arrival_time': 6270, 'day': 'current_day', 'from_stop_id': '180-3', 'to_stop_id': '180-1', 'trip_id': 'walking', 'agency_name': 'Unknown'}, {'duration': 210, 'departure_time': 6630, 'arrival_time': 6840, 'day': 'current_day', 'from_stop_id': '180-1', 'to_stop_id': '239-1', 'trip_id': '3-1-6', 'agency_name': 'Unknown'}, {'duration': 30, 'departure_time': 6840, 'arrival_time': 6870, 'day': 'current_day', 'from_stop_id': '239-1', 'to_stop_id': '239-4', 'trip_id': 'walking', 'agency_name': 'Unknown'}, {'duration': 90, 'departure_time': 6870, 'arrival_time': 6960, 'day': 'current_day', 'from_stop_id': '239-4', 'to_stop_id': 'MH-R-4', 'trip_id': '9-1-6', 'agency_name': 'Unknown'}, {'duration': 330, 'departure_time': 7140, 'arrival_time': 7470, 'day': 'current_day', 'from_stop_id': 'MH-R-4', 'to_stop_id': '168-4', 'trip_id': '9-1-6', 'agency_name': 'Unknown'}]}"
139,197,13410,intra,right,699,[140; 150],[197],500,375,0,0,13785,13845.0,15270.0,15330.0,1425.0,0.0,140,197,3383.0,16793.0,pt,1920.0,15330.0,1920.0,"{'duration': 1425, 'source_transfer_time': 0, 'waiting_time': 105, 'trip_time': 1320, 'num_transfers': 0, 'departure_time': 13845, 'departure_day': 'current_day', 'arrival_time': 15270, 'arrival_day': 'current_day', 'steps': [{'duration': 1320, 'departure_time': 13950, 'arrival_time': 15270, 'day': 'current_day', 'from_stop_id': '140-5', 'to_stop_id': '197-5', 'trip_id': '10-0-19', 'agency_name': 'Unknown'}]}"
171,219,6510,intra,right,700,[161; 170; 172; 179],[208; 220],500,375,500,375,6885,6945.0,8220.0,8280.0,1275.0,2.0,161,220,3007.0,9517.0,pt,2145.0,8655.0,2145.0,"{'duration': 1275, 'source_transfer_time': 0, 'waiting_time': 165, 'trip_time': 1110, 'num_transfers': 2, 'departure_time': 6945, 'departure_day': 'current_day', 'arrival_time': 8220, 'arrival_day': 'current_day', 'steps': [{'duration': 330, 'departure_time': 7110, 'arrival_time': 7440, 'day': 'current_day', 'from_stop_id': '161-5', 'to_stop_id': '237-5', 'trip_id': '10-0-7', 'agency_name': 'Unknown'}, {'duration': 30, 'departure_time': 7440, 'arrival_time': 7470, 'day': 'current_day', 'from_stop_id': '237-5', 'to_stop_id': '237-2', 'trip_id': 'walking', 'agency_name': 'Unknown'}, {'duration': 750, 'departure_time': 7470, 'arrival_time': 8220, 'day': 'current_day', 'from_stop_id': '237-2', 'to_stop_id': '220-2', 'trip_id': '4-1-7', 'agency_name': 'Unknown'}]}"
167,189,9270,intra,right,701,[167],[189],0,0,0,0,9270,9330.0,10470.0,10530.0,1140.0,4.0,167,189,2631.0,11901.0,pt,1260.0,10530.0,1260.0,"{'duration': 1140, 'source_transfer_time': 0, 'waiting_time': 120, 'trip_time': 1020, 'num_transfers': 4, 'departure_time': 9330, 'departure_day': 'current_day', 'arrival_time': 10470, 'arrival_day': 'current_day', 'steps': [{'duration': 90, 'departure_time': 9450, 'arrival_time': 9540, 'day': 'current_day', 'from_stop_id': '167-3', 'to_stop_id': '177-3', 'trip_id': '6-1-6', 'agency_name': 'Unknown'}, {'duration': 30, 'departure_time': 9540, 'arrival_time': 9570, 'day': 'current_day', 'from_stop_id': '177-3', 'to_stop_id': '177-1', 'trip_id': 'walking', 'agency_name': 'Unknown'}, {'duration': 210, 'departure_time': 9630, 'arrival_time': 9840, 'day': 'current_day', 'from_stop_id': '177-1', 'to_stop_id': '238-1', 'trip_id': '3-0-11', 'agency_name': 'Unknown'}, {'duration': 30, 'departure_time': 9840, 'arrival_time': 9870, 'day': 'current_day', 'from_stop_id': '238-1', 'to_stop_id': '238-4', 'trip_id': 'walking', 'agency_name': 'Unknown'}, {'duration': 600, 'departure_time': 9870, 'arrival_time': 10470, 'day': 'current_day', 'from_stop_id': '238-4', 'to_stop_id': '189-4', 'trip_id': '9-0-11', 'agency_name': 'Unknown'}]}"
146,232,9750,intra,right,702,[146],[231],0,0,500,375,9750,9810.0,11940.0,12000.0,2130.0,2.0,146,231,4135.0,13885.0,pt,2625.0,12375.0,2625.0,"{'duration': 2130, 'source_transfer_time': 0, 'waiting_time': 270, 'trip_time': 1860, 'num_transfers': 2, 'departure_time': 9810, 'departure_day': 'current_day', 'arrival_time': 11940, 'arrival_day': 'current_day', 'steps': [{'duration': 210, 'departure_time': 10080, 'arrival_time': 10290, 'day': 'current_day', 'from_stop_id': '146-3', 'to_stop_id': '148-3', 'trip_id': '6-0-11', 'agency_name': 'Unknown'}, {'duration': 30, 'departure_time': 10290, 'arrival_time': 10320, 'day': 'current_day', 'from_stop_id': '148-3', 'to_stop_id': '148-2', 'trip_id': 'walking', 'agency_name': 'Unknown'}, {'duration': 1110, 'departure_time': 10830, 'arrival_time': 11940, 'day': 'current_day', 'from_stop_id': '148-2', 'to_stop_id': '231-2', 'trip_id': '4-1-13', 'agency_name': 'Unknown'}]}"
208,163,4440,intra,right,703,[208],[162],0,0,500,375,4440,4500.0,5910.0,5970.0,1410.0,0.0,208,162,3759.0,8199.0,pt,1905.0,6345.0,1905.0,"{'duration': 1410, 'source_transfer_time': 0, 'waiting_time': 300, 'trip_time': 1110, 'num_transfers': 0, 'departure_time': 4500, 'departure_day': 'current_day', 'arrival_time': 5910, 'arrival_day': 'current_day', 'steps': [{'duration': 1110, 'departure_time': 4800, 'arrival_time': 5910, 'day': 'current_day', 'from_stop_id': '208-3', 'to_stop_id': '162-3', 'trip_id': '6-1-2', 'agency_name': 'Unknown'}]}"
187,128,11610,intra,right,704,[187],[126; 130; 140; 150],0,0,1000,751,11610,11670.0,13110.0,13170.0,1440.0,0.0,187,150,3383.0,14993.0,pt,2311.0,13921.0,2311.0,"{'duration': 1440, 'source_transfer_time': 0, 'waiting_time': 480, 'trip_time': 960, 'num_transfers': 0, 'departure_time': 11670, 'departure_day': 'current_day', 'arrival_time': 13110, 'arrival_day': 'current_day', 'steps': [{'duration': 960, 'departure_time': 12150, 'arrival_time': 13110, 'day': 'current_day', 'from_stop_id': '187-5', 'to_stop_id': '150-5', 'trip_id': '10-1-15', 'agency_name': 'Unknown'}]}"
210,178,4620,intra,right,705,[210],[178],0,0,0,0,4620,4680.0,6120.0,6180.0,1440.0,2.0,210,178,2255.0,6875.0,pt,1560.0,6180.0,1560.0,"{'duration': 1440, 'source_transfer_time': 0, 'waiting_time': 420, 'trip_time': 1020, 'num_transfers': 2, 'departure_time': 4680, 'departure_day': 'current_day', 'arrival_time': 6120, 'arrival_day': 'current_day', 'steps': [{'duration': 840, 'departure_time': 5100, 'arrival_time': 5940, 'day': 'current_day', 'from_stop_id': '210-3', 'to_stop_id': '177-3', 'trip_id': '6-0-0', 'agency_name': 'Unknown'}, {'duration': 30, 'departure_time': 5940, 'arrival_time': 5970, 'day': 'current_day', 'from_stop_id': '177-3', 'to_stop_id': '177-1', 'trip_id': 'walking', 'agency_name': 'Unknown'}, {'duration': 90, 'departure_time': 6030, 'arrival_time': 6120, 'day': 'current_day', 'from_stop_id': '177-1', 'to_stop_id': '178-1', 'trip_id': '3-0-5', 'agency_name': 'Unknown'}]}"
191,126,6720,intra,right,706,[181; 190],[126],500,375,0,0,7095,7155.0,8940.0,9000.0,1785.0,2.0,181,126,3759.0,10479.0,pt,2280.0,9000.0,2280.0,"{'duration': 1785, 'source_transfer_time': 0, 'waiting_time': 525, 'trip_time': 1260, 'num_transfers': 2, 'departure_time': 7155, 'departure_day': 'current_day', 'arrival_time': 8940, 'arrival_day': 'current_day', 'steps': [{'duration': 480, 'departure_time': 7680, 'arrival_time': 8160, 'day': 'current_day', 'from_stop_id': '181-1', 'to_stop_id': 'MH-R-1', 'trip_id': '3-1-8', 'agency_name': 'Unknown'}, {'duration': 30, 'departure_time': 8160, 'arrival_time': 8190, 'day': 'current_day', 'from_stop_id': 'MH-R-1', 'to_stop_id': 'MH-R-2', 'trip_id': 'walking', 'agency_name': 'Unknown'}, {'duration': 600, 'departure_time': 8340, 'arrival_time': 8940, 'day': 'current_day', 'from_stop_id': 'MH-R-2', 'to_stop_id': '126-2', 'trip_id': '4-0-8', 'agency_name': 'Unknown'}]}"
154,212,8160,intra,right,707,[132; 144; 156; 175],[212],1000,751,0,0,8911,8971.0,10680.0,10740.0,1709.0,1.0,156,212,4887.0,13047.0,pt,2580.0,10740.0,2580.0,"{'duration': 1709, 'source_transfer_time': 0, 'waiting_time': 359, 'trip_time': 1350, 'num_transfers': 1, 'departure_time': 8971, 'departure_day': 'current_day', 'arrival_time': 10680, 'arrival_day': 'current_day', 'steps': [{'duration': 210, 'departure_time': 9330, 'arrival_time': 9540, 'day': 'current_day', 'from_stop_id': '156-3', 'to_stop_id': '177-3', 'trip_id': '6-1-6', 'agency_name': 'Unknown'}, {'duration': 1080, 'departure_time': 9600, 'arrival_time': 10680, 'day': 'current_day', 'from_stop_id': '177-3', 'to_stop_id': '212-3', 'trip_id': '6-1-11', 'agency_name': 'Unknown'}]}"
159,227,5100,intra,right,708,[159],[227],0,0,0,0,5100,5160.0,6990.0,7050.0,1830.0,3.0,159,227,4135.0,9235.0,pt,1950.0,7050.0,1950.0,"{'duration': 1830, 'source_transfer_time': 0, 'waiting_time': 390, 'trip_time': 1440, 'num_transfers': 3, 'departure_time': 5160, 'departure_day': 'current_day', 'arrival_time': 6990, 'arrival_day': 'current_day', 'steps': [{'duration': 90, 'departure_time': 5550, 'arrival_time': 5640, 'day': 'current_day', 'from_stop_id': '159-2', 'to_stop_id': '237-2', 'trip_id': '4-1-4', 'agency_name': 'Unknown'}, {'duration': 30, 'departure_time': 5640, 'arrival_time': 5670, 'day': 'current_day', 'from_stop_id': '237-2', 'to_stop_id': '237-5', 'trip_id': 'walking', 'agency_name': 'Unknown'}, {'duration': 360, 'departure_time': 5670, 'arrival_time': 6030, 'day': 'current_day', 'from_stop_id': '237-5', 'to_stop_id': '240-5', 'trip_id': '10-0-4', 'agency_name': 'Unknown'}, {'duration': 930, 'departure_time': 6060, 'arrival_time': 6990, 'day': 'current_day', 'from_stop_id': '240-5', 'to_stop_id': '227-5', 'trip_id': '10-0-4', 'agency_name': 'Unknown'}]}"
152,231,5580,intra,right,709,[141; 151],[231],500,375,0,0,5955,6015.0,7740.0,7800.0,1725.0,2.0,141,231,4511.0,10091.0,pt,2220.0,7800.0,2220.0,"{'duration': 1725, 'source_transfer_time': 0, 'waiting_time': 15, 'trip_time': 1710, 'num_transfers': 2, 'departure_time': 6015, 'departure_day': 'current_day', 'arrival_time': 7740, 'arrival_day': 'current_day', 'steps': [{'duration': 810, 'departure_time': 6030, 'arrival_time': 6840, 'day': 'current_day', 'from_stop_id': '141-5', 'to_stop_id': '237-5', 'trip_id': '10-0-6', 'agency_name': 'Unknown'}, {'duration': 30, 'departure_time': 6840, 'arrival_time': 6870, 'day': 'current_day', 'from_stop_id': '237-5', 'to_stop_id': '237-2', 'trip_id': 'walking', 'agency_name': 'Unknown'}, {'duration': 870, 'departure_time': 6870, 'arrival_time': 7740, 'day': 'current_day', 'from_stop_id': '237-2', 'to_stop_id': '231-2', 'trip_id': '4-1-6', 'agency_name': 'Unknown'}]}"
228,121,10740,intra,right,710,[217; 227],[121],500,375,0,0,11115,11175.0,13710.0,13770.0,2535.0,2.0,217,121,4511.0,15251.0,pt,3030.0,13770.0,3030.0,"{'duration': 2535, 'source_transfer_time': 0, 'waiting_time': 375, 'trip_time': 2160, 'num_transfers': 2, 'departure_time': 11175, 'departure_day': 'current_day', 'arrival_time': 13710, 'arrival_day': 'current_day', 'steps': [{'duration': 810, 'departure_time': 11550, 'arrival_time': 12360, 'day': 'current_day', 'from_stop_id': '217-5', 'to_stop_id': 'MH-R-5', 'trip_id': '10-1-15', 'agency_name': 'Unknown'}, {'duration': 30, 'departure_time': 12360, 'arrival_time': 12390, 'day': 'current_day', 'from_stop_id': 'MH-R-5', 'to_stop_id': 'MH-R-4', 'trip_id': 'walking', 'agency_name': 'Unknown'}, {'duration': 1170, 'departure_time': 12540, 'arrival_time': 13710, 'day': 'current_day', 'from_stop_id': 'MH-R-4', 'to_stop_id': '121-4', 'trip_id': '9-1-15', 'agency_name': 'Unknown'}]}"
139,157,9780,intra,right,711,[140; 150],[157],500,375,0,0,10155,10215.0,11280.0,11340.0,1065.0,2.0,150,157,2255.0,12035.0,pt,1560.0,11340.0,1560.0,"{'duration': 1065, 'source_transfer_time': 0, 'waiting_time': 165, 'trip_time': 900, 'num_transfers': 2, 'departure_time': 10215, 'departure_day': 'current_day', 'arrival_time': 11280, 'arrival_day': 'current_day', 'steps': [{'duration': 720, 'departure_time': 10380, 'arrival_time': 11100, 'day': 'current_day', 'from_stop_id': '150-3', 'to_stop_id': '156-3', 'trip_id': '6-1-9', 'agency_name': 'Unknown'}, {'duration': 30, 'departure_time': 11100, 'arrival_time': 11130, 'day': 'current_day', 'from_stop_id': '156-3', 'to_stop_id': '156-4', 'trip_id': 'walking', 'agency_name': 'Unknown'}, {'duration': 90, 'departure_time': 11190, 'arrival_time': 11280, 'day': 'current_day', 'from_stop_id': '156-4', 'to_stop_id': '157-4', 'trip_id': '9-0-14', 'agency_name': 'Unknown'}]}"
195,236,6330,intra,right,712,[195],[236],0,0,0,0,6330,6390.0,8310.0,8370.0,1920.0,2.0,195,236,4135.0,10465.0,pt,2040.0,8370.0,2040.0,"{'duration': 1920, 'source_transfer_time': 0, 'waiting_time': 450, 'trip_time': 1470, 'num_transfers': 2, 'departure_time': 6390, 'departure_day': 'current_day', 'arrival_time': 8310, 'arrival_day': 'current_day', 'steps': [{'duration': 840, 'departure_time': 6840, 'arrival_time': 7680, 'day': 'current_day', 'from_stop_id': '195-3', 'to_stop_id': '212-3', 'trip_id': '6-1-6', 'agency_name': 'Unknown'}, {'duration': 30, 'departure_time': 7680, 'arrival_time': 7710, 'day': 'current_day', 'from_stop_id': '212-3', 'to_stop_id': '212-4', 'trip_id': 'walking', 'agency_name': 'Unknown'}, {'duration': 450, 'departure_time': 7860, 'arrival_time': 8310, 'day': 'current_day', 'from_stop_id': '212-4', 'to_stop_id': '236-4', 'trip_id': '9-0-6', 'agency_name': 'Unknown'}]}"
150,167,12510,intra,right,713,[150],[167],0,0,0,0,12510,12570.0,13620.0,13680.0,1050.0,0.0,150,167,2631.0,15141.0,pt,1170.0,13680.0,1170.0,"{'duration': 1050, 'source_transfer_time': 0, 'waiting_time': 210, 'trip_time': 840, 'num_transfers': 0, 'departure_time': 12570, 'departure_day': 'current_day', 'arrival_time': 13620, 'arrival_day': 'current_day', 'steps': [{'duration': 840, 'departure_time': 12780, 'arrival_time': 13620, 'day': 'current_day', 'from_stop_id': '150-3', 'to_stop_id': '167-3', 'trip_id': '6-1-13', 'agency_name': 'Unknown'}]}"
142,189,7410,intra,right,714,[131; 141],[189],500,375,0,0,7785,7845.0,9870.0,9930.0,2025.0,2.0,131,189,3007.0,10417.0,pt,2520.0,9930.0,2520.0,"{'duration': 2025, 'source_transfer_time': 0, 'waiting_time': 345, 'trip_time': 1680, 'num_transfers': 2, 'departure_time': 7845, 'departure_day': 'current_day', 'arrival_time': 9870, 'arrival_day': 'current_day', 'steps': [{'duration': 1170, 'departure_time': 8190, 'arrival_time': 9360, 'day': 'current_day', 'from_stop_id': '131-5', 'to_stop_id': 'MH-R-5', 'trip_id': '10-0-10', 'agency_name': 'Unknown'}, {'duration': 30, 'departure_time': 9360, 'arrival_time': 9390, 'day': 'current_day', 'from_stop_id': 'MH-R-5', 'to_stop_id': 'MH-R-4', 'trip_id': 'walking', 'agency_name': 'Unknown'}, {'duration': 330, 'departure_time': 9540, 'arrival_time': 9870, 'day': 'current_day', 'from_stop_id': 'MH-R-4', 'to_stop_id': '189-4', 'trip_id': '9-0-10', 'agency_name': 'Unknown'}]}"
230,153,11310,intra,right,715,[231],[131; 141; 151],500,375,1000,751,11685,11745.0,13230.0,13290.0,1485.0,2.0,231,151,5263.0,16573.0,pt,2731.0,14041.0,2731.0,"{'duration': 1485, 'source_transfer_time': 0, 'waiting_time': 15, 'trip_time': 1470, 'num_transfers': 2, 'departure_time': 11745, 'departure_day': 'current_day', 'arrival_time': 13230, 'arrival_day': 'current_day', 'steps': [{'duration': 210, 'departure_time': 11760, 'arrival_time': 11970, 'day': 'current_day', 'from_stop_id': '231-2', 'to_stop_id': '209-2', 'trip_id': '4-0-15', 'agency_name': 'Unknown'}, {'duration': 30, 'departure_time': 11970, 'arrival_time': 12000, 'day': 'current_day', 'from_stop_id': '209-2', 'to_stop_id': '209-3', 'trip_id': 'walking', 'agency_name': 'Unknown'}, {'duration': 1080, 'departure_time': 12150, 'arrival_time': 13230, 'day': 'current_day', 'from_stop_id': '209-3', 'to_stop_id': '151-3', 'trip_id': '6-1-14', 'agency_name': 'Unknown'}]}"
169,200,6450,intra,right,716,[169],[200],0,0,0,0,6450,6510.0,7590.0,7650.0,1080.0,0.0,169,200,2255.0,8705.0,pt,1200.0,7650.0,1200.0,"{'duration': 1080, 'source_transfer_time': 0, 'waiting_time': 240, 'trip_time': 840, 'num_transfers': 0, 'departure_time': 6510, 'departure_day': 'current_day', 'arrival_time': 7590, 'arrival_day': 'current_day', 'steps': [{'duration': 840, 'departure_time': 6750, 'arrival_time': 7590, 'day': 'current_day', 'from_stop_id': '169-4', 'to_stop_id': '200-4', 'trip_id': '9-0-6', 'agency_name': 'Unknown'}]}"
152,239,10320,intra,right,717,[141; 151],[239],500,375,0,0,10695,10755.0,12030.0,12090.0,1275.0,2.0,141,239,2255.0,12575.0,pt,1770.0,12090.0,1770.0,"{'duration': 1275, 'source_transfer_time': 0, 'waiting_time': 75, 'trip_time': 1200, 'num_transfers': 2, 'departure_time': 10755, 'departure_day': 'current_day', 'arrival_time': 12030, 'arrival_day': 'current_day', 'steps': [{'duration': 930, 'departure_time': 10830, 'arrival_time': 11760, 'day': 'current_day', 'from_stop_id': '141-5', 'to_stop_id': 'MH-R-5', 'trip_id': '10-0-14', 'agency_name': 'Unknown'}, {'duration': 30, 'departure_time': 11760, 'arrival_time': 11790, 'day': 'current_day', 'from_stop_id': 'MH-R-5', 'to_stop_id': 'MH-R-1', 'trip_id': 'walking', 'agency_name': 'Unknown'}, {'duration': 90, 'departure_time': 11940, 'arrival_time': 12030, 'day': 'current_day', 'from_stop_id': 'MH-R-1', 'to_stop_id': '239-1', 'trip_id': '3-0-14', 'agency_name': 'Unknown'}]}"
138,174,11580,intra,right,718,[137; 149],[182],500,375,500,375,11955,12015.0,13140.0,13200.0,1125.0,2.0,149,182,2631.0,14211.0,pt,1995.0,13575.0,1995.0,"{'duration': 1125, 'source_transfer_time': 0, 'waiting_time': 255, 'trip_time': 870, 'num_transfers': 2, 'departure_time': 12015, 'departure_day': 'current_day', 'arrival_time': 13140, 'arrival_day': 'current_day', 'steps': [{'duration': 570, 'departure_time': 12270, 'arrival_time': 12840, 'day': 'current_day', 'from_stop_id': '149-3', 'to_stop_id': '180-3', 'trip_id': '6-0-14', 'agency_name': 'Unknown'}, {'duration': 30, 'departure_time': 12840, 'arrival_time': 12870, 'day': 'current_day', 'from_stop_id': '180-3', 'to_stop_id': '180-1', 'trip_id': 'walking', 'agency_name': 'Unknown'}, {'duration': 210, 'departure_time': 12930, 'arrival_time': 13140, 'day': 'current_day', 'from_stop_id': '180-1', 'to_stop_id': '182-1', 'trip_id': '3-0-15', 'agency_name': 'Unknown'}]}"
183,229,12840,intra,right,719,[175],[207; 217; 227; 231],500,375,1000,751,13215,13275.0,14250.0,14310.0,975.0,2.0,175,207,2631.0,15471.0,pt,2221.0,15061.0,2221.0,"{'duration': 975, 'source_transfer_time': 0, 'waiting_time': 285, 'trip_time': 690, 'num_transfers': 2, 'departure_time': 13275, 'departure_day': 'current_day', 'arrival_time': 14250, 'arrival_day': 'current_day', 'steps': [{'duration': 210, 'departure_time': 13560, 'arrival_time': 13770, 'day': 'current_day', 'from_stop_id': '175-1', 'to_stop_id': '177-1', 'trip_id': '3-0-18', 'agency_name': 'Unknown'}, {'duration': 30, 'departure_time': 13770, 'arrival_time': 13800, 'day': 'current_day', 'from_stop_id': '177-1', 'to_stop_id': '177-3', 'trip_id': 'walking', 'agency_name': 'Unknown'}, {'duration': 450, 'departure_time': 13800, 'arrival_time': 14250, 'day': 'current_day', 'from_stop_id': '177-3', 'to_stop_id': '207-3', 'trip_id': '6-1-18', 'agency_name': 'Unknown'}]}"
138,37,10050,inter,right,720,[137; 149],[26; 36; 38; 48],500,375,500,375,10425,10485.0,13350.0,13410.0,2865.0,4.0,137,38,,,pt,3735.0,13785.0,3735.0,"{'duration': 2865, 'source_transfer_time': 0, 'waiting_time': 195, 'trip_time': 2670, 'num_transfers': 4, 'departure_time': 10485, 'departure_day': 'current_day', 'arrival_time': 13350, 'arrival_day': 'current_day', 'steps': [{'duration': 480, 'departure_time': 10680, 'arrival_time': 11160, 'day': 'current_day', 'from_stop_id': '137-2', 'to_stop_id': 'MH-R-2', 'trip_id': '4-1-13', 'agency_name': 'Unknown'}, {'duration': 30, 'departure_time': 11160, 'arrival_time': 11190, 'day': 'current_day', 'from_stop_id': 'MH-R-2', 'to_stop_id': 'MH-R-0', 'trip_id': 'walking', 'agency_name': 'Unknown'}, {'duration': 1500, 'departure_time': 11400, 'arrival_time': 12900, 'day': 'current_day', 'from_stop_id': 'MH-R-0', 'to_stop_id': 'MH-L-0', 'trip_id': '0-1-13', 'agency_name': 'Unknown'}, {'duration': 30, 'departure_time': 12900, 'arrival_time': 12930, 'day': 'current_day', 'from_stop_id': 'MH-L-0', 'to_stop_id': 'MH-L-2', 'trip_id': 'walking', 'agency_name': 'Unknown'}, {'duration': 210, 'departure_time': 13140, 'arrival_time': 13350, 'day': 'current_day', 'from_stop_id': 'MH-L-2', 'to_stop_id': '38-2', 'trip_id': '2-0-16', 'agency_name': 'Unknown'}]}"
190,68,11100,inter,right,721,[190],[68],0,0,0,0,11100,11160.0,14670.0,14730.0,3510.0,6.0,190,68,,,pt,3630.0,14730.0,3630.0,"{'duration': 3510, 'source_transfer_time': 0, 'waiting_time': 390, 'trip_time': 3120, 'num_transfers': 6, 'departure_time': 11160, 'departure_day': 'current_day', 'arrival_time': 14670, 'arrival_day': 'current_day', 'steps': [{'duration': 90, 'departure_time': 11550, 'arrival_time': 11640, 'day': 'current_day', 'from_stop_id': '190-3', 'to_stop_id': '180-3', 'trip_id': '6-1-12', 'agency_name': 'Unknown'}, {'duration': 30, 'departure_time': 11640, 'arrival_time': 11670, 'day': 'current_day', 'from_stop_id': '180-3', 'to_stop_id': '180-1', 'trip_id': 'walking', 'agency_name': 'Unknown'}, {'duration': 330, 'departure_time': 12030, 'arrival_time': 12360, 'day': 'current_day', 'from_stop_id': '180-1', 'to_stop_id': 'MH-R-1', 'trip_id': '3-1-15', 'agency_name': 'Unknown'}, {'duration': 30, 'departure_time': 12360, 'arrival_time': 12390, 'day': 'current_day', 'from_stop_id': 'MH-R-1', 'to_stop_id': 'MH-R-0', 'trip_id': 'walking', 'agency_name': 'Unknown'}, {'duration': 1500, 'departure_time': 12600, 'arrival_time': 14100, 'day': 'current_day', 'from_stop_id': 'MH-R-0', 'to_stop_id': 'MH-L-0', 'trip_id': '0-1-15', 'agency_name': 'Unknown'}, {'duration': 30, 'departure_time': 14100, 'arrival_time': 14130, 'day': 'current_day', 'from_stop_id': 'MH-L-0', 'to_stop_id': 'MH-L-4', 'trip_id': 'walking', 'agency_name': 'Unknown'}, {'duration': 330, 'departure_time': 14340, 'arrival_time': 14670, 'day': 'current_day', 'from_stop_id': 'MH-L-4', 'to_stop_id': '68-4', 'trip_id': '7-0-18', 'agency_name': 'Unknown'}]}"
177,70,12210,inter,right,722,[177],[60; 69],0,0,500,375,12210,12270.0,15390.0,15450.0,3120.0,6.0,177,69,,,pt,3615.0,15825.0,3615.0,"{'duration': 3120, 'source_transfer_time': 0, 'waiting_time': 360, 'trip_time': 2760, 'num_transfers': 6, 'departure_time': 12270, 'departure_day': 'current_day', 'arrival_time': 15390, 'arrival_day': 'current_day', 'steps': [{'duration': 330, 'departure_time': 12630, 'arrival_time': 12960, 'day': 'current_day', 'from_stop_id': '177-1', 'to_stop_id': 'MH-R-1', 'trip_id': '3-0-16', 'agency_name': 'Unknown'}, {'duration': 30, 'departure_time': 12960, 'arrival_time': 12990, 'day': 'current_day', 'from_stop_id': 'MH-R-1', 'to_stop_id': 'MH-R-0', 'trip_id': 'walking', 'agency_name': 'Unknown'}, {'duration': 1500, 'departure_time': 13200, 'arrival_time': 14700, 'day': 'current_day', 'from_stop_id': 'MH-R-0', 'to_stop_id': 'MH-L-0', 'trip_id': '0-1-16', 'agency_name': 'Unknown'}, {'duration': 30, 'departure_time': 14700, 'arrival_time': 14730, 'day': 'current_day', 'from_stop_id': 'MH-L-0', 'to_stop_id': 'MH-L-1', 'trip_id': 'walking', 'agency_name': 'Unknown'}, {'duration': 330, 'departure_time': 14940, 'arrival_time': 15270, 'day': 'current_day', 'from_stop_id': 'MH-L-1', 'to_stop_id': '59-1', 'trip_id': '1-0-19', 'agency_name': 'Unknown'}, {'duration': 30, 'departure_time': 15270, 'arrival_time': 15300, 'day': 'current_day', 'from_stop_id': '59-1', 'to_stop_id': '59-3', 'trip_id': 'walking', 'agency_name': 'Unknown'}, {'duration': 90, 'departure_time': 15300, 'arrival_time': 15390, 'day': 'current_day', 'from_stop_id': '59-3', 'to_stop_id': '69-3', 'trip_id': '5-0-18', 'agency_name': 'Unknown'}]}"
198,19,3840,inter,right,723,[198],[19],0,0,0,0,3840,3900.0,7350.0,7410.0,3450.0,4.0,198,19,,,pt,3570.0,7410.0,3570.0,"{'duration': 3450, 'source_transfer_time': 0, 'waiting_time': 450, 'trip_time': 3000, 'num_transfers': 4, 'departure_time': 3900, 'departure_day': 'current_day', 'arrival_time': 7350, 'arrival_day': 'current_day', 'steps': [{'duration': 210, 'departure_time': 4350, 'arrival_time': 4560, 'day': 'current_day', 'from_stop_id': '198-2', 'to_stop_id': 'MH-R-2', 'trip_id': '4-0-2', 'agency_name': 'Unknown'}, {'duration': 30, 'departure_time': 4560, 'arrival_time': 4590, 'day': 'current_day', 'from_stop_id': 'MH-R-2', 'to_stop_id': 'MH-R-0', 'trip_id': 'walking', 'agency_name': 'Unknown'}, {'duration': 1500, 'departure_time': 4800, 'arrival_time': 6300, 'day': 'current_day', 'from_stop_id': 'MH-R-0', 'to_stop_id': 'MH-L-0', 'trip_id': '0-1-2', 'agency_name': 'Unknown'}, {'duration': 30, 'departure_time': 6300, 'arrival_time': 6330, 'day': 'current_day', 'from_stop_id': 'MH-L-0', 'to_stop_id': 'MH-L-5', 'trip_id': 'walking', 'agency_name': 'Unknown'}, {'duration': 810, 'departure_time': 6540, 'arrival_time': 7350, 'day': 'current_day', 'from_stop_id': 'MH-L-5', 'to_stop_id': '19-5', 'trip_id': '8-1-5', 'agency_name': 'Unknown'}]}"
195,30,12630,inter,right,724,[195],[30],0,0,0,0,12630,12690.0,16230.0,16290.0,3540.0,6.0,195,30,,,pt,3660.0,16290.0,3660.0,"{'duration': 3540, 'source_transfer_time': 0, 'waiting_time': 240, 'trip_time': 3300, 'num_transfers': 6, 'departure_time': 12690, 'departure_day': 'current_day', 'arrival_time': 16230, 'arrival_day': 'current_day', 'steps': [{'duration': 210, 'departure_time': 12930, 'arrival_time': 13140, 'day': 'current_day', 'from_stop_id': '195-3', 'to_stop_id': '177-3', 'trip_id': '6-0-12', 'agency_name': 'Unknown'}, {'duration': 30, 'departure_time': 13140, 'arrival_time': 13170, 'day': 'current_day', 'from_stop_id': '177-3', 'to_stop_id': '177-1', 'trip_id': 'walking', 'agency_name': 'Unknown'}, {'duration': 330, 'departure_time': 13230, 'arrival_time': 13560, 'day': 'current_day', 'from_stop_id': '177-1', 'to_stop_id': 'MH-R-1', 'trip_id': '3-0-17', 'agency_name': 'Unknown'}, {'duration': 30, 'departure_time': 13560, 'arrival_time': 13590, 'day': 'current_day', 'from_stop_id': 'MH-R-1', 'to_stop_id': 'MH-R-0', 'trip_id': 'walking', 'agency_name': 'Unknown'}, {'duration': 1500, 'departure_time': 13800, 'arrival_time': 15300, 'day': 'current_day', 'from_stop_id': 'MH-R-0', 'to_stop_id': 'MH-L-0', 'trip_id': '0-1-17', 'agency_name': 'Unknown'}, {'duration': 30, 'departure_time': 15300, 'arrival_time': 15330, 'day': 'current_day', 'from_stop_id': 'MH-L-0', 'to_stop_id': 'MH-L-5', 'trip_id': 'walking', 'agency_name': 'Unknown'}, {'duration': 690, 'departure_time': 15540, 'arrival_time': 16230, 'day': 'current_day', 'from_stop_id': 'MH-L-5', 'to_stop_id': '30-5', 'trip_id': '8-1-20', 'agency_name': 'Unknown'}]}"
215,67,10410,inter,right,725,[216; 226],[67],500,375,0,0,10785,10845.0,14550.0,14610.0,3705.0,4.0,216,67,,,pt,4200.0,14610.0,4200.0,"{'duration': 3705, 'source_transfer_time': 0, 'waiting_time': 585, 'trip_time': 3120, 'num_transfers': 4, 'departure_time': 10845, 'departure_day': 'current_day', 'arrival_time': 14550, 'arrival_day': 'current_day', 'steps': [{'duration': 930, 'departure_time': 11430, 'arrival_time': 12360, 'day': 'current_day', 'from_stop_id': '216-5', 'to_stop_id': 'MH-R-5', 'trip_id': '10-1-15', 'agency_name': 'Unknown'}, {'duration': 30, 'departure_time': 12360, 'arrival_time': 12390, 'day': 'current_day', 'from_stop_id': 'MH-R-5', 'to_stop_id': 'MH-R-0', 'trip_id': 'walking', 'agency_name': 'Unknown'}, {'duration': 1500, 'departure_time': 12600, 'arrival_time': 14100, 'day': 'current_day', 'from_stop_id': 'MH-R-0', 'to_stop_id': 'MH-L-0', 'trip_id': '0-1-15', 'agency_name': 'Unknown'}, {'duration': 30, 'departure_time': 14100, 'arrival_time': 14130, 'day': 'current_day', 'from_stop_id': 'MH-L-0', 'to_stop_id': 'MH-L-4', 'trip_id': 'walking', 'agency_name': 'Unknown'}, {'duration': 210, 'departure_time': 14340, 'arrival_time': 14550, 'day': 'current_day', 'from_stop_id': 'MH-L-4', 'to_stop_id': '67-4', 'trip_id': '7-0-18', 'agency_name': 'Unknown'}]}"
200,46,12300,inter,right,726,[200],[46],0,0,0,0,12300,12360.0,15690.0,15750.0,3330.0,6.0,200,46,,,pt,3450.0,15750.0,3450.0,"{'duration': 3330, 'source_transfer_time': 0, 'waiting_time': 150, 'trip_time': 3180, 'num_transfers': 6, 'departure_time': 12360, 'departure_day': 'current_day', 'arrival_time': 15690, 'arrival_day': 'current_day', 'steps': [{'duration': 450, 'departure_time': 12510, 'arrival_time': 12960, 'day': 'current_day', 'from_stop_id': '200-4', 'to_stop_id': 'MH-R-4', 'trip_id': '9-1-16', 'agency_name': 'Unknown'}, {'duration': 30, 'departure_time': 12960, 'arrival_time': 12990, 'day': 'current_day', 'from_stop_id': 'MH-R-4', 'to_stop_id': 'MH-R-0', 'trip_id': 'walking', 'agency_name': 'Unknown'}, {'duration': 1500, 'departure_time': 13200, 'arrival_time': 14700, 'day': 'current_day', 'from_stop_id': 'MH-R-0', 'to_stop_id': 'MH-L-0', 'trip_id': '0-1-16', 'agency_name': 'Unknown'}, {'duration': 30, 'departure_time': 14700, 'arrival_time': 14730, 'day': 'current_day', 'from_stop_id': 'MH-L-0', 'to_stop_id': 'MH-L-1', 'trip_id': 'walking', 'agency_name': 'Unknown'}, {'duration': 330, 'departure_time': 14940, 'arrival_time': 15270, 'day': 'current_day', 'from_stop_id': 'MH-L-1', 'to_stop_id': '56-1', 'trip_id': '1-1-19', 'agency_name': 'Unknown'}, {'duration': 30, 'departure_time': 15270, 'arrival_time': 15300, 'day': 'current_day', 'from_stop_id': '56-1', 'to_stop_id': '56-3', 'trip_id': 'walking', 'agency_name': 'Unknown'}, {'duration': 90, 'departure_time': 15600, 'arrival_time': 15690, 'day': 'current_day', 'from_stop_id': '56-3', 'to_stop_id': '46-3', 'trip_id': '5-0-21', 'agency_name': 'Unknown'}]}"
140,105,5370,inter,right,727,[140],[105],0,0,0,0,5370,5430.0,9510.0,9570.0,4080.0,4.0,140,105,,,pt,4200.0,9570.0,4200.0,"{'duration': 4080, 'source_transfer_time': 0, 'waiting_time': 120, 'trip_time': 3960, 'num_transfers': 4, 'departure_time': 5430, 'departure_day': 'current_day', 'arrival_time': 9510, 'arrival_day': 'current_day', 'steps': [{'duration': 810, 'departure_time': 5550, 'arrival_time': 6360, 'day': 'current_day', 'from_stop_id': '140-5', 'to_stop_id': 'MH-R-5', 'trip_id': '10-0-5', 'agency_name': 'Unknown'}, {'duration': 30, 'departure_time': 6360, 'arrival_time': 6390, 'day': 'current_day', 'from_stop_id': 'MH-R-5', 'to_stop_id': 'MH-R-0', 'trip_id': 'walking', 'agency_name': 'Unknown'}, {'duration': 1500, 'departure_time': 6600, 'arrival_time': 8100, 'day': 'current_day', 'from_stop_id': 'MH-R-0', 'to_stop_id': 'MH-L-0', 'trip_id': '0-1-5', 'agency_name': 'Unknown'}, {'duration': 30, 'departure_time': 8100, 'arrival_time': 8130, 'day': 'current_day', 'from_stop_id': 'MH-L-0', 'to_stop_id': 'MH-L-5', 'trip_id': 'walking', 'agency_name': 'Unknown'}, {'duration': 1170, 'departure_time': 8340, 'arrival_time': 9510, 'day': 'current_day', 'from_stop_id': 'MH-L-5', 'to_stop_id': '105-5', 'trip_id': '8-0-8', 'agency_name': 'Unknown'}]}"
234,53,4920,inter,right,728,[212; 224; 236],[61],1000,751,500,375,5671,5731.0,9540.0,9600.0,3809.0,4.0,212,61,,,pt,5055.0,9975.0,5055.0,"{'duration': 3809, 'source_transfer_time': 0, 'waiting_time': 539, 'trip_time': 3270, 'num_transfers': 4, 'departure_time': 5731, 'departure_day': 'current_day', 'arrival_time': 9540, 'arrival_day': 'current_day', 'steps': [{'duration': 690, 'departure_time': 6270, 'arrival_time': 6960, 'day': 'current_day', 'from_stop_id': '212-4', 'to_stop_id': 'MH-R-4', 'trip_id': '9-1-6', 'agency_name': 'Unknown'}, {'duration': 30, 'departure_time': 6960, 'arrival_time': 6990, 'day': 'current_day', 'from_stop_id': 'MH-R-4', 'to_stop_id': 'MH-R-0', 'trip_id': 'walking', 'agency_name': 'Unknown'}, {'duration': 1500, 'departure_time': 7200, 'arrival_time': 8700, 'day': 'current_day', 'from_stop_id': 'MH-R-0', 'to_stop_id': 'MH-L-0', 'trip_id': '0-1-6', 'agency_name': 'Unknown'}, {'duration': 30, 'departure_time': 8700, 'arrival_time': 8730, 'day': 'current_day', 'from_stop_id': 'MH-L-0', 'to_stop_id': 'MH-L-1', 'trip_id': 'walking', 'agency_name': 'Unknown'}, {'duration': 600, 'departure_time': 8940, 'arrival_time': 9540, 'day': 'current_day', 'from_stop_id': 'MH-L-1', 'to_stop_id': '61-1', 'trip_id': '1-0-9', 'agency_name': 'Unknown'}]}"
189,106,13890,inter,right,729,[189],[106],0,0,0,0,13890,13950.0,17790.0,17850.0,3840.0,4.0,189,106,,,pt,3960.0,17850.0,3960.0,"{'duration': 3840, 'source_transfer_time': 0, 'waiting_time': 480, 'trip_time': 3360, 'num_transfers': 4, 'departure_time': 13950, 'departure_day': 'current_day', 'arrival_time': 17790, 'arrival_day': 'current_day', 'steps': [{'duration': 330, 'departure_time': 14430, 'arrival_time': 14760, 'day': 'current_day', 'from_stop_id': '189-4', 'to_stop_id': 'MH-R-4', 'trip_id': '9-1-19', 'agency_name': 'Unknown'}, {'duration': 30, 'departure_time': 14760, 'arrival_time': 14790, 'day': 'current_day', 'from_stop_id': 'MH-R-4', 'to_stop_id': 'MH-R-0', 'trip_id': 'walking', 'agency_name': 'Unknown'}, {'duration': 1500, 'departure_time': 15000, 'arrival_time': 16500, 'day': 'current_day', 'from_stop_id': 'MH-R-0', 'to_stop_id': 'MH-L-0', 'trip_id': '0-1-19', 'agency_name': 'Unknown'}, {'duration': 30, 'departure_time': 16500, 'arrival_time': 16530, 'day': 'current_day', 'from_stop_id': 'MH-L-0', 'to_stop_id': 'MH-L-5', 'trip_id': 'walking', 'agency_name': 'Unknown'}, {'duration': 1050, 'departure_time': 16740, 'arrival_time': 17790, 'day': 'current_day', 'from_stop_id': 'MH-L-5', 'to_stop_id': '106-5', 'trip_id': '8-0-22', 'agency_name': 'Unknown'}]}"
168,16,12150,inter,right,730,[168],[16],0,0,0,0,12150,12210.0,15420.0,15480.0,3210.0,4.0,168,16,,,pt,3330.0,15480.0,3330.0,"{'duration': 3210, 'source_transfer_time': 0, 'waiting_time': 420, 'trip_time': 2790, 'num_transfers': 4, 'departure_time': 12210, 'departure_day': 'current_day', 'arrival_time': 15420, 'arrival_day': 'current_day', 'steps': [{'duration': 330, 'departure_time': 12630, 'arrival_time': 12960, 'day': 'current_day', 'from_stop_id': '168-4', 'to_stop_id': 'MH-R-4', 'trip_id': '9-0-16', 'agency_name': 'Unknown'}, {'duration': 30, 'departure_time': 12960, 'arrival_time': 12990, 'day': 'current_day', 'from_stop_id': 'MH-R-4', 'to_stop_id': 'MH-R-0', 'trip_id': 'walking', 'agency_name': 'Unknown'}, {'duration': 1500, 'departure_time': 13200, 'arrival_time': 14700, 'day': 'current_day', 'from_stop_id': 'MH-R-0', 'to_stop_id': 'MH-L-0', 'trip_id': '0-1-16', 'agency_name': 'Unknown'}, {'duration': 30, 'departure_time': 14700, 'arrival_time': 14730, 'day': 'current_day', 'from_stop_id': 'MH-L-0', 'to_stop_id': 'MH-L-2', 'trip_id': 'walking', 'agency_name': 'Unknown'}, {'duration': 480, 'departure_time': 14940, 'arrival_time': 15420, 'day': 'current_day', 'from_stop_id': 'MH-L-2', 'to_stop_id': '16-2', 'trip_id': '2-0-19', 'agency_name': 'Unknown'}]}"
230,97,12720,inter,right,731,[231],[86; 96],500,375,500,375,13095,13155.0,16710.0,16770.0,3555.0,4.0,231,86,,,pt,4425.0,17145.0,4425.0,"{'duration': 3555, 'source_transfer_time': 0, 'waiting_time': 405, 'trip_time': 3150, 'num_transfers': 4, 'departure_time': 13155, 'departure_day': 'current_day', 'arrival_time': 16710, 'arrival_day': 'current_day', 'steps': [{'duration': 600, 'departure_time': 13560, 'arrival_time': 14160, 'day': 'current_day', 'from_stop_id': '231-2', 'to_stop_id': 'MH-R-2', 'trip_id': '4-0-18', 'agency_name': 'Unknown'}, {'duration': 30, 'departure_time': 14160, 'arrival_time': 14190, 'day': 'current_day', 'from_stop_id': 'MH-R-2', 'to_stop_id': 'MH-R-0', 'trip_id': 'walking', 'agency_name': 'Unknown'}, {'duration': 1500, 'departure_time': 14400, 'arrival_time': 15900, 'day': 'current_day', 'from_stop_id': 'MH-R-0', 'to_stop_id': 'MH-L-0', 'trip_id': '0-1-18', 'agency_name': 'Unknown'}, {'duration': 30, 'departure_time': 15900, 'arrival_time': 15930, 'day': 'current_day', 'from_stop_id': 'MH-L-0', 'to_stop_id': 'MH-L-5', 'trip_id': 'walking', 'agency_name': 'Unknown'}, {'duration': 570, 'departure_time': 16140, 'arrival_time': 16710, 'day': 'current_day', 'from_stop_id': 'MH-L-5', 'to_stop_id': '86-5', 'trip_id': '8-0-21', 'agency_name': 'Unknown'}]}"
181,95,10560,inter,right,732,[181],[95],0,0,0,0,10560,10620.0,14070.0,14130.0,3450.0,4.0,181,95,,,pt,3570.0,14130.0,3570.0,"{'duration': 3450, 'source_transfer_time': 0, 'waiting_time': 60, 'trip_time': 3390, 'num_transfers': 4, 'departure_time': 10620, 'departure_day': 'current_day', 'arrival_time': 14070, 'arrival_day': 'current_day', 'steps': [{'duration': 480, 'departure_time': 10680, 'arrival_time': 11160, 'day': 'current_day', 'from_stop_id': '181-1', 'to_stop_id': 'MH-R-1', 'trip_id': '3-1-13', 'agency_name': 'Unknown'}, {'duration': 30, 'departure_time': 11160, 'arrival_time': 11190, 'day': 'current_day', 'from_stop_id': 'MH-R-1', 'to_stop_id': 'MH-R-0', 'trip_id': 'walking', 'agency_name': 'Unknown'}, {'duration': 1500, 'departure_time': 11400, 'arrival_time': 12900, 'day': 'current_day', 'from_stop_id': 'MH-R-0', 'to_stop_id': 'MH-L-0', 'trip_id': '0-1-13', 'agency_name': 'Unknown'}, {'duration': 30, 'departure_time': 12900, 'arrival_time': 12930, 'day': 'current_day', 'from_stop_id': 'MH-L-0', 'to_stop_id': 'MH-L-5', 'trip_id': 'walking', 'agency_name': 'Unknown'}, {'duration': 930, 'departure_time': 13140, 'arrival_time': 14070, 'day': 'current_day', 'from_stop_id': 'MH-L-5', 'to_stop_id': '95-5', 'trip_id': '8-0-16', 'agency_name': 'Unknown'}]}"
200,108,9210,inter,right,733,[200],[86; 96; 106; 110],0,0,1000,751,9210,9270.0,12510.0,12570.0,3240.0,4.0,200,86,,,pt,4111.0,13321.0,4111.0,"{'duration': 3240, 'source_transfer_time': 0, 'waiting_time': 240, 'trip_time': 3000, 'num_transfers': 4, 'departure_time': 9270, 'departure_day': 'current_day', 'arrival_time': 12510, 'arrival_day': 'current_day', 'steps': [{'duration': 450, 'departure_time': 9510, 'arrival_time': 9960, 'day': 'current_day', 'from_stop_id': '200-4', 'to_stop_id': 'MH-R-4', 'trip_id': '9-1-11', 'agency_name': 'Unknown'}, {'duration': 30, 'departure_time': 9960, 'arrival_time': 9990, 'day': 'current_day', 'from_stop_id': 'MH-R-4', 'to_stop_id': 'MH-R-0', 'trip_id': 'walking', 'agency_name': 'Unknown'}, {'duration': 1500, 'departure_time': 10200, 'arrival_time': 11700, 'day': 'current_day', 'from_stop_id': 'MH-R-0', 'to_stop_id': 'MH-L-0', 'trip_id': '0-1-11', 'agency_name': 'Unknown'}, {'duration': 30, 'departure_time': 11700, 'arrival_time': 11730, 'day': 'current_day', 'from_stop_id': 'MH-L-0', 'to_stop_id': 'MH-L-5', 'trip_id': 'walking', 'agency_name': 'Unknown'}, {'duration': 570, 'departure_time': 11940, 'arrival_time': 12510, 'day': 'current_day', 'from_stop_id': 'MH-L-5', 'to_stop_id': '86-5', 'trip_id': '8-0-14', 'agency_name': 'Unknown'}]}"
121,37,5700,inter,right,734,[121],[26; 36; 38; 48],0,0,500,375,5700,5760.0,9150.0,9210.0,3390.0,4.0,121,38,,,pt,3885.0,9585.0,3885.0,"{'duration': 3390, 'source_transfer_time': 0, 'waiting_time': 30, 'trip_time': 3360, 'num_transfers': 4, 'departure_time': 5760, 'departure_day': 'current_day', 'arrival_time': 9150, 'arrival_day': 'current_day', 'steps': [{'duration': 1170, 'departure_time': 5790, 'arrival_time': 6960, 'day': 'current_day', 'from_stop_id': '121-4', 'to_stop_id': 'MH-R-4', 'trip_id': '9-0-6', 'agency_name': 'Unknown'}, {'duration': 30, 'departure_time': 6960, 'arrival_time': 6990, 'day': 'current_day', 'from_stop_id': 'MH-R-4', 'to_stop_id': 'MH-R-0', 'trip_id': 'walking', 'agency_name': 'Unknown'}, {'duration': 1500, 'departure_time': 7200, 'arrival_time': 8700, 'day': 'current_day', 'from_stop_id': 'MH-R-0', 'to_stop_id': 'MH-L-0', 'trip_id': '0-1-6', 'agency_name': 'Unknown'}, {'duration': 30, 'departure_time': 8700, 'arrival_time': 8730, 'day': 'current_day', 'from_stop_id': 'MH-L-0', 'to_stop_id': 'MH-L-2', 'trip_id': 'walking', 'agency_name': 'Unknown'}, {'duration': 210, 'departure_time': 8940, 'arrival_time': 9150, 'day': 'current_day', 'from_stop_id': 'MH-L-2', 'to_stop_id': '38-2', 'trip_id': '2-0-9', 'agency_name': 'Unknown'}]}"
227,92,10230,inter,right,735,[227],[92],0,0,0,0,10230,10290.0,14550.0,14610.0,4260.0,4.0,227,92,,,pt,4380.0,14610.0,4380.0,"{'duration': 4260, 'source_transfer_time': 0, 'waiting_time': 420, 'trip_time': 3840, 'num_transfers': 4, 'departure_time': 10290, 'departure_day': 'current_day', 'arrival_time': 14550, 'arrival_day': 'current_day', 'steps': [{'duration': 1050, 'departure_time': 10710, 'arrival_time': 11760, 'day': 'current_day', 'from_stop_id': '227-5', 'to_stop_id': 'MH-R-5', 'trip_id': '10-1-14', 'agency_name': 'Unknown'}, {'duration': 30, 'departure_time': 11760, 'arrival_time': 11790, 'day': 'current_day', 'from_stop_id': 'MH-R-5', 'to_stop_id': 'MH-R-0', 'trip_id': 'walking', 'agency_name': 'Unknown'}, {'duration': 1500, 'departure_time': 12000, 'arrival_time': 13500, 'day': 'current_day', 'from_stop_id': 'MH-R-0', 'to_stop_id': 'MH-L-0', 'trip_id': '0-1-14', 'agency_name': 'Unknown'}, {'duration': 30, 'departure_time': 13500, 'arrival_time': 13530, 'day': 'current_day', 'from_stop_id': 'MH-L-0', 'to_stop_id': 'MH-L-4', 'trip_id': 'walking', 'agency_name': 'Unknown'}, {'duration': 810, 'departure_time': 13740, 'arrival_time': 14550, 'day': 'current_day', 'from_stop_id': 'MH-L-4', 'to_stop_id': '92-4', 'trip_id': '7-0-17', 'agency_name': 'Unknown'}]}"
195,89,8640,inter,right,736,[195],[89],0,0,0,0,8640,8700.0,12240.0,12300.0,3540.0,8.0,195,89,,,pt,3660.0,12300.0,3660.0,"{'duration': 3540, 'source_transfer_time': 0, 'waiting_time': 30, 'trip_time': 3510, 'num_transfers': 8, 'departure_time': 8700, 'departure_day': 'current_day', 'arrival_time': 12240, 'arrival_day': 'current_day', 'steps': [{'duration': 210, 'departure_time': 8730, 'arrival_time': 8940, 'day': 'current_day', 'from_stop_id': '195-3', 'to_stop_id': '177-3', 'trip_id': '6-0-5', 'agency_name': 'Unknown'}, {'duration': 30, 'departure_time': 8940, 'arrival_time': 8970, 'day': 'current_day', 'from_stop_id': '177-3', 'to_stop_id': '177-1', 'trip_id': 'walking', 'agency_name': 'Unknown'}, {'duration': 330, 'departure_time': 9030, 'arrival_time': 9360, 'day': 'current_day', 'from_stop_id': '177-1', 'to_stop_id': 'MH-R-1', 'trip_id': '3-0-10', 'agency_name': 'Unknown'}, {'duration': 30, 'departure_time': 9360, 'arrival_time': 9390, 'day': 'current_day', 'from_stop_id': 'MH-R-1', 'to_stop_id': 'MH-R-0', 'trip_id': 'walking', 'agency_name': 'Unknown'}, {'duration': 1500, 'departure_time': 9600, 'arrival_time': 11100, 'day': 'current_day', 'from_stop_id': 'MH-R-0', 'to_stop_id': 'MH-L-0', 'trip_id': '0-1-10', 'agency_name': 'Unknown'}, {'duration': 30, 'departure_time': 11100, 'arrival_time': 11130, 'day': 'current_day', 'from_stop_id': 'MH-L-0', 'to_stop_id': 'MH-L-2', 'trip_id': 'walking', 'agency_name': 'Unknown'}, {'duration': 330, 'departure_time': 11340, 'arrival_time': 11670, 'day': 'current_day', 'from_stop_id': 'MH-L-2', 'to_stop_id': '88-2', 'trip_id': '2-1-13', 'agency_name': 'Unknown'}, {'duration': 30, 'departure_time': 11670, 'arrival_time': 11700, 'day': 'current_day', 'from_stop_id': '88-2', 'to_stop_id': '88-3', 'trip_id': 'walking', 'agency_name': 'Unknown'}, {'duration': 90, 'departure_time': 12150, 'arrival_time': 12240, 'day': 'current_day', 'from_stop_id': '88-3', 'to_stop_id': '89-3', 'trip_id': '5-1-14', 'agency_name': 'Unknown'}]}"
211,65,4320,inter,right,737,[211],[57; 64; 66; 75],0,0,500,375,4320,4380.0,7350.0,7410.0,2970.0,6.0,211,57,,,pt,3465.0,7785.0,3465.0,"{'duration': 2970, 'source_transfer_time': 0, 'waiting_time': 0, 'trip_time': 2970, 'num_transfers': 6, 'departure_time': 4380, 'departure_day': 'current_day', 'arrival_time': 7350, 'arrival_day': 'current_day', 'steps': [{'duration': 210, 'departure_time': 4380, 'arrival_time': 4590, 'day': 'current_day', 'from_stop_id': '211-3', 'to_stop_id': '209-3', 'trip_id': '6-0-43', 'agency_name': 'Unknown'}, {'duration': 30, 'departure_time': 4590, 'arrival_time': 4620, 'day': 'current_day', 'from_stop_id': '209-3', 'to_stop_id': '209-2', 'trip_id': 'walking', 'agency_name': 'Unknown'}, {'duration': 330, 'departure_time': 4830, 'arrival_time': 5160, 'day': 'current_day', 'from_stop_id': '209-2', 'to_stop_id': 'MH-R-2', 'trip_id': '4-0-3', 'agency_name': 'Unknown'}, {'duration': 30, 'departure_time': 5160, 'arrival_time': 5190, 'day': 'current_day', 'from_stop_id': 'MH-R-2', 'to_stop_id': 'MH-R-0', 'trip_id': 'walking', 'agency_name': 'Unknown'}, {'duration': 1500, 'departure_time': 5400, 'arrival_time': 6900, 'day': 'current_day', 'from_stop_id': 'MH-R-0', 'to_stop_id': 'MH-L-0', 'trip_id': '0-1-3', 'agency_name': 'Unknown'}, {'duration': 30, 'departure_time': 6900, 'arrival_time': 6930, 'day': 'current_day', 'from_stop_id': 'MH-L-0', 'to_stop_id': 'MH-L-1', 'trip_id': 'walking', 'agency_name': 'Unknown'}, {'duration': 210, 'departure_time': 7140, 'arrival_time': 7350, 'day': 'current_day', 'from_stop_id': 'MH-L-1', 'to_stop_id': '57-1', 'trip_id': '1-1-6', 'agency_name': 'Unknown'}]}"
181,15,4680,inter,right,738,[181],[16; 26],0,0,500,375,4680,4740.0,8220.0,8280.0,3480.0,4.0,181,16,,,pt,3975.0,8655.0,3975.0,"{'duration': 3480, 'source_transfer_time': 0, 'waiting_time': 540, 'trip_time': 2940, 'num_transfers': 4, 'departure_time': 4740, 'departure_day': 'current_day', 'arrival_time': 8220, 'arrival_day': 'current_day', 'steps': [{'duration': 480, 'departure_time': 5280, 'arrival_time': 5760, 'day': 'current_day', 'from_stop_id': '181-1', 'to_stop_id': 'MH-R-1', 'trip_id': '3-1-4', 'agency_name': 'Unknown'}, {'duration': 30, 'departure_time': 5760, 'arrival_time': 5790, 'day': 'current_day', 'from_stop_id': 'MH-R-1', 'to_stop_id': 'MH-R-0', 'trip_id': 'walking', 'agency_name': 'Unknown'}, {'duration': 1500, 'departure_time': 6000, 'arrival_time': 7500, 'day': 'current_day', 'from_stop_id': 'MH-R-0', 'to_stop_id': 'MH-L-0', 'trip_id': '0-1-4', 'agency_name': 'Unknown'}, {'duration': 30, 'departure_time': 7500, 'arrival_time': 7530, 'day': 'current_day', 'from_stop_id': 'MH-L-0', 'to_stop_id': 'MH-L-2', 'trip_id': 'walking', 'agency_name': 'Unknown'}, {'duration': 480, 'departure_time': 7740, 'arrival_time': 8220, 'day': 'current_day', 'from_stop_id': 'MH-L-2', 'to_stop_id': '16-2', 'trip_id': '2-0-7', 'agency_name': 'Unknown'}]}"
169,36,10260,inter,right,739,[169],[36],0,0,0,0,10260,10320.0,12990.0,13050.0,2670.0,4.0,169,36,,,pt,2790.0,13050.0,2790.0,"{'duration': 2670, 'source_transfer_time': 0, 'waiting_time': 30, 'trip_time': 2640, 'num_transfers': 4, 'departure_time': 10320, 'departure_day': 'current_day', 'arrival_time': 12990, 'arrival_day': 'current_day', 'steps': [{'duration': 210, 'departure_time': 10350, 'arrival_time': 10560, 'day': 'current_day', 'from_stop_id': '169-4', 'to_stop_id': 'MH-R-4', 'trip_id': '9-0-12', 'agency_name': 'Unknown'}, {'duration': 30, 'departure_time': 10560, 'arrival_time': 10590, 'day': 'current_day', 'from_stop_id': 'MH-R-4', 'to_stop_id': 'MH-R-0', 'trip_id': 'walking', 'agency_name': 'Unknown'}, {'duration': 1500, 'departure_time': 10800, 'arrival_time': 12300, 'day': 'current_day', 'from_stop_id': 'MH-R-0', 'to_stop_id': 'MH-L-0', 'trip_id': '0-1-12', 'agency_name': 'Unknown'}, {'duration': 30, 'departure_time': 12300, 'arrival_time': 12330, 'day': 'current_day', 'from_stop_id': 'MH-L-0', 'to_stop_id': 'MH-L-4', 'trip_id': 'walking', 'agency_name': 'Unknown'}, {'duration': 450, 'departure_time': 12540, 'arrival_time': 12990, 'day': 'current_day', 'from_stop_id': 'MH-L-4', 'to_stop_id': '36-4', 'trip_id': '7-1-15', 'agency_name': 'Unknown'}]}"
231,39,8130,inter,right,740,[231],[39],0,0,0,0,8130,8190.0,11670.0,11730.0,3480.0,4.0,231,39,,,pt,3600.0,11730.0,3600.0,"{'duration': 3480, 'source_transfer_time': 0, 'waiting_time': 570, 'trip_time': 2910, 'num_transfers': 4, 'departure_time': 8190, 'departure_day': 'current_day', 'arrival_time': 11670, 'arrival_day': 'current_day', 'steps': [{'duration': 600, 'departure_time': 8760, 'arrival_time': 9360, 'day': 'current_day', 'from_stop_id': '231-2', 'to_stop_id': 'MH-R-2', 'trip_id': '4-0-10', 'agency_name': 'Unknown'}, {'duration': 30, 'departure_time': 9360, 'arrival_time': 9390, 'day': 'current_day', 'from_stop_id': 'MH-R-2', 'to_stop_id': 'MH-R-0', 'trip_id': 'walking', 'agency_name': 'Unknown'}, {'duration': 1500, 'departure_time': 9600, 'arrival_time': 11100, 'day': 'current_day', 'from_stop_id': 'MH-R-0', 'to_stop_id': 'MH-L-0', 'trip_id': '0-1-10', 'agency_name': 'Unknown'}, {'duration': 30, 'departure_time': 11100, 'arrival_time': 11130, 'day': 'current_day', 'from_stop_id': 'MH-L-0', 'to_stop_id': 'MH-L-5', 'trip_id': 'walking', 'agency_name': 'Unknown'}, {'duration': 330, 'departure_time': 11340, 'arrival_time': 11670, 'day': 'current_day', 'from_stop_id': 'MH-L-5', 'to_stop_id': '39-5', 'trip_id': '8-1-13', 'agency_name': 'Unknown'}]}"
188,1,8040,inter,right,741,[188],[0; 12],0,0,500,375,8040,8100.0,11670.0,11730.0,3570.0,4.0,188,12,,,pt,4065.0,12105.0,4065.0,"{'duration': 3570, 'source_transfer_time': 0, 'waiting_time': 450, 'trip_time': 3120, 'num_transfers': 4, 'departure_time': 8100, 'departure_day': 'current_day', 'arrival_time': 11670, 'arrival_day': 'current_day', 'steps': [{'duration': 210, 'departure_time': 8550, 'arrival_time': 8760, 'day': 'current_day', 'from_stop_id': '188-4', 'to_stop_id': 'MH-R-4', 'trip_id': '9-1-9', 'agency_name': 'Unknown'}, {'duration': 30, 'departure_time': 8760, 'arrival_time': 8790, 'day': 'current_day', 'from_stop_id': 'MH-R-4', 'to_stop_id': 'MH-R-0', 'trip_id': 'walking', 'agency_name': 'Unknown'}, {'duration': 1500, 'departure_time': 9000, 'arrival_time': 10500, 'day': 'current_day', 'from_stop_id': 'MH-R-0', 'to_stop_id': 'MH-L-0', 'trip_id': '0-1-9', 'agency_name': 'Unknown'}, {'duration': 30, 'departure_time': 10500, 'arrival_time': 10530, 'day': 'current_day', 'from_stop_id': 'MH-L-0', 'to_stop_id': 'MH-L-4', 'trip_id': 'walking', 'agency_name': 'Unknown'}, {'duration': 930, 'departure_time': 10740, 'arrival_time': 11670, 'day': 'current_day', 'from_stop_id': 'MH-L-4', 'to_stop_id': '12-4', 'trip_id': '7-1-12', 'agency_name': 'Unknown'}]}"
166,0,14400,inter,right,742,[167; 176],[0],500,375,0,0,14775,14835.0,18510.0,18570.0,3675.0,6.0,167,0,,,pt,4170.0,18570.0,4170.0,"{'duration': 3675, 'source_transfer_time': 0, 'waiting_time': 15, 'trip_time': 3660, 'num_transfers': 6, 'departure_time': 14835, 'departure_day': 'current_day', 'arrival_time': 18510, 'arrival_day': 'current_day', 'steps': [{'duration': 90, 'departure_time': 14850, 'arrival_time': 14940, 'day': 'current_day', 'from_stop_id': '167-3', 'to_stop_id': '177-3', 'trip_id': '6-1-15', 'agency_name': 'Unknown'}, {'duration': 30, 'departure_time': 14940, 'arrival_time': 14970, 'day': 'current_day', 'from_stop_id': '177-3', 'to_stop_id': '177-1', 'trip_id': 'walking', 'agency_name': 'Unknown'}, {'duration': 330, 'departure_time': 15030, 'arrival_time': 15360, 'day': 'current_day', 'from_stop_id': '177-1', 'to_stop_id': 'MH-R-1', 'trip_id': '3-0-20', 'agency_name': 'Unknown'}, {'duration': 30, 'departure_time': 15360, 'arrival_time': 15390, 'day': 'current_day', 'from_stop_id': 'MH-R-1', 'to_stop_id': 'MH-R-0', 'trip_id': 'walking', 'agency_name': 'Unknown'}, {'duration': 1500, 'departure_time': 15600, 'arrival_time': 17100, 'day': 'current_day', 'from_stop_id': 'MH-R-0', 'to_stop_id': 'MH-L-0', 'trip_id': '0-1-20', 'agency_name': 'Unknown'}, {'duration': 30, 'departure_time': 17100, 'arrival_time': 17130, 'day': 'current_day', 'from_stop_id': 'MH-L-0', 'to_stop_id': 'MH-L-4', 'trip_id': 'walking', 'agency_name': 'Unknown'}, {'duration': 1170, 'departure_time': 17340, 'arrival_time': 18510, 'day': 'current_day', 'from_stop_id': 'MH-L-4', 'to_stop_id': '0-4', 'trip_id': '7-1-23', 'agency_name': 'Unknown'}]}"
201,11,11340,inter,right,743,[201],[11],0,0,0,0,11340,11400.0,15390.0,15450.0,3990.0,4.0,201,11,,,pt,4110.0,15450.0,4110.0,"{'duration': 3990, 'source_transfer_time': 0, 'waiting_time': 390, 'trip_time': 3600, 'num_transfers': 4, 'departure_time': 11400, 'departure_day': 'current_day', 'arrival_time': 15390, 'arrival_day': 'current_day', 'steps': [{'duration': 570, 'departure_time': 11790, 'arrival_time': 12360, 'day': 'current_day', 'from_stop_id': '201-4', 'to_stop_id': 'MH-R-4', 'trip_id': '9-1-15', 'agency_name': 'Unknown'}, {'duration': 30, 'departure_time': 12360, 'arrival_time': 12390, 'day': 'current_day', 'from_stop_id': 'MH-R-4', 'to_stop_id': 'MH-R-0', 'trip_id': 'walking', 'agency_name': 'Unknown'}, {'duration': 1500, 'departure_time': 12600, 'arrival_time': 14100, 'day': 'current_day', 'from_stop_id': 'MH-R-0', 'to_stop_id': 'MH-L-0', 'trip_id': '0-1-15', 'agency_name': 'Unknown'}, {'duration': 30, 'departure_time': 14100, 'arrival_time': 14130, 'day': 'current_day', 'from_stop_id': 'MH-L-0', 'to_stop_id': 'MH-L-4', 'trip_id': 'walking', 'agency_name': 'Unknown'}, {'duration': 1050, 'departure_time': 14340, 'arrival_time': 15390, 'day': 'current_day', 'from_stop_id': 'MH-L-4', 'to_stop_id': '11-4', 'trip_id': '7-1-18', 'agency_name': 'Unknown'}]}"
194,74,13950,inter,right,744,[195],[74],500,375,0,0,14325,14385.0,18210.0,18270.0,3825.0,8.0,195,74,,,pt,4320.0,18270.0,4320.0,"{'duration': 3825, 'source_transfer_time': 0, 'waiting_time': 345, 'trip_time': 3480, 'num_transfers': 8, 'departure_time': 14385, 'departure_day': 'current_day', 'arrival_time': 18210, 'arrival_day': 'current_day', 'steps': [{'duration': 210, 'departure_time': 14730, 'arrival_time': 14940, 'day': 'current_day', 'from_stop_id': '195-3', 'to_stop_id': '177-3', 'trip_id': '6-0-15', 'agency_name': 'Unknown'}, {'duration': 30, 'departure_time': 14940, 'arrival_time': 14970, 'day': 'current_day', 'from_stop_id': '177-3', 'to_stop_id': '177-1', 'trip_id': 'walking', 'agency_name': 'Unknown'}, {'duration': 330, 'departure_time': 15030, 'arrival_time': 15360, 'day': 'current_day', 'from_stop_id': '177-1', 'to_stop_id': 'MH-R-1', 'trip_id': '3-0-20', 'agency_name': 'Unknown'}, {'duration': 30, 'departure_time': 15360, 'arrival_time': 15390, 'day': 'current_day', 'from_stop_id': 'MH-R-1', 'to_stop_id': 'MH-R-0', 'trip_id': 'walking', 'agency_name': 'Unknown'}, {'duration': 1500, 'departure_time': 15600, 'arrival_time': 17100, 'day': 'current_day', 'from_stop_id': 'MH-R-0', 'to_stop_id': 'MH-L-0', 'trip_id': '0-1-20', 'agency_name': 'Unknown'}, {'duration': 30, 'departure_time': 17100, 'arrival_time': 17130, 'day': 'current_day', 'from_stop_id': 'MH-L-0', 'to_stop_id': 'MH-L-1', 'trip_id': 'walking', 'agency_name': 'Unknown'}, {'duration': 330, 'departure_time': 17340, 'arrival_time': 17670, 'day': 'current_day', 'from_stop_id': 'MH-L-1', 'to_stop_id': '56-1', 'trip_id': '1-1-23', 'agency_name': 'Unknown'}, {'duration': 30, 'departure_time': 17670, 'arrival_time': 17700, 'day': 'current_day', 'from_stop_id': '56-1', 'to_stop_id': '56-3', 'trip_id': 'walking', 'agency_name': 'Unknown'}, {'duration': 210, 'departure_time': 18000, 'arrival_time': 18210, 'day': 'current_day', 'from_stop_id': '56-3', 'to_stop_id': '74-3', 'trip_id': '5-1-25', 'agency_name': 'Unknown'}]}"
132,49,6030,inter,right,745,[132],[49],0,0,0,0,6030,6090.0,9750.0,9810.0,3660.0,4.0,132,49,,,pt,3780.0,9810.0,3780.0,"{'duration': 3660, 'source_transfer_time': 0, 'waiting_time': 420, 'trip_time': 3240, 'num_transfers': 4, 'departure_time': 6090, 'departure_day': 'current_day', 'arrival_time': 9750, 'arrival_day': 'current_day', 'steps': [{'duration': 1050, 'departure_time': 6510, 'arrival_time': 7560, 'day': 'current_day', 'from_stop_id': '132-4', 'to_stop_id': 'MH-R-4', 'trip_id': '9-0-7', 'agency_name': 'Unknown'}, {'duration': 30, 'departure_time': 7560, 'arrival_time': 7590, 'day': 'current_day', 'from_stop_id': 'MH-R-4', 'to_stop_id': 'MH-R-0', 'trip_id': 'walking', 'agency_name': 'Unknown'}, {'duration': 1500, 'departure_time': 7800, 'arrival_time': 9300, 'day': 'current_day', 'from_stop_id': 'MH-R-0', 'to_stop_id': 'MH-L-0', 'trip_id': '0-1-7', 'agency_name': 'Unknown'}, {'duration': 30, 'departure_time': 9300, 'arrival_time': 9330, 'day': 'current_day', 'from_stop_id': 'MH-L-0', 'to_stop_id': 'MH-L-5', 'trip_id': 'walking', 'agency_name': 'Unknown'}, {'duration': 210, 'departure_time': 9540, 'arrival_time': 9750, 'day': 'current_day', 'from_stop_id': 'MH-L-5', 'to_stop_id': '49-5', 'trip_id': '8-1-10', 'agency_name': 'Unknown'}]}"
215,67,4440,inter,right,746,[216; 226],[67],500,375,0,0,4815,4875.0,8550.0,8610.0,3675.0,4.0,216,67,,,pt,4170.0,8610.0,4170.0,"{'duration': 3675, 'source_transfer_time': 0, 'waiting_time': 555, 'trip_time': 3120, 'num_transfers': 4, 'departure_time': 4875, 'departure_day': 'current_day', 'arrival_time': 8550, 'arrival_day': 'current_day', 'steps': [{'duration': 930, 'departure_time': 5430, 'arrival_time': 6360, 'day': 'current_day', 'from_stop_id': '216-5', 'to_stop_id': 'MH-R-5', 'trip_id': '10-1-5', 'agency_name': 'Unknown'}, {'duration': 30, 'departure_time': 6360, 'arrival_time': 6390, 'day': 'current_day', 'from_stop_id': 'MH-R-5', 'to_stop_id': 'MH-R-0', 'trip_id': 'walking', 'agency_name': 'Unknown'}, {'duration': 1500, 'departure_time': 6600, 'arrival_time': 8100, 'day': 'current_day', 'from_stop_id': 'MH-R-0', 'to_stop_id': 'MH-L-0', 'trip_id': '0-1-5', 'agency_name': 'Unknown'}, {'duration': 30, 'departure_time': 8100, 'arrival_time': 8130, 'day': 'current_day', 'from_stop_id': 'MH-L-0', 'to_stop_id': 'MH-L-4', 'trip_id': 'walking', 'agency_name': 'Unknown'}, {'duration': 210, 'departure_time': 8340, 'arrival_time': 8550, 'day': 'current_day', 'from_stop_id': 'MH-L-4', 'to_stop_id': '67-4', 'trip_id': '7-0-8', 'agency_name': 'Unknown'}]}"
214,7,5250,inter,right,747,[213; 225],[5; 9; 19; 29],500,375,1000,751,5625,5685.0,9510.0,9570.0,3825.0,4.0,213,29,,,pt,5071.0,10321.0,5071.0,"{'duration': 3825, 'source_transfer_time': 0, 'waiting_time': 465, 'trip_time': 3360, 'num_transfers': 4, 'departure_time': 5685, 'departure_day': 'current_day', 'arrival_time': 9510, 'arrival_day': 'current_day', 'steps': [{'duration': 810, 'departure_time': 6150, 'arrival_time': 6960, 'day': 'current_day', 'from_stop_id': '213-4', 'to_stop_id': 'MH-R-4', 'trip_id': '9-1-6', 'agency_name': 'Unknown'}, {'duration': 30, 'departure_time': 6960, 'arrival_time': 6990, 'day': 'current_day', 'from_stop_id': 'MH-R-4', 'to_stop_id': 'MH-R-0', 'trip_id': 'walking', 'agency_name': 'Unknown'}, {'duration': 1500, 'departure_time': 7200, 'arrival_time': 8700, 'day': 'current_day', 'from_stop_id': 'MH-R-0', 'to_stop_id': 'MH-L-0', 'trip_id': '0-1-6', 'agency_name': 'Unknown'}, {'duration': 30, 'departure_time': 8700, 'arrival_time': 8730, 'day': 'current_day', 'from_stop_id': 'MH-L-0', 'to_stop_id': 'MH-L-5', 'trip_id': 'walking', 'agency_name': 'Unknown'}, {'duration': 570, 'departure_time': 8940, 'arrival_time': 9510, 'day': 'current_day', 'from_stop_id': 'MH-L-5', 'to_stop_id': '29-5', 'trip_id': '8-1-9', 'agency_name': 'Unknown'}]}"
174,38,10950,inter,right,748,[182],[38],500,375,0,0,11325,11385.0,14550.0,14610.0,3165.0,4.0,182,38,,,pt,3660.0,14610.0,3660.0,"{'duration': 3165, 'source_transfer_time': 0, 'waiting_time': 375, 'trip_time': 2790, 'num_transfers': 4, 'departure_time': 11385, 'departure_day': 'current_day', 'arrival_time': 14550, 'arrival_day': 'current_day', 'steps': [{'duration': 600, 'departure_time': 11760, 'arrival_time': 12360, 'day': 'current_day', 'from_stop_id': '182-1', 'to_stop_id': 'MH-R-1', 'trip_id': '3-1-15', 'agency_name': 'Unknown'}, {'duration': 30, 'departure_time': 12360, 'arrival_time': 12390, 'day': 'current_day', 'from_stop_id': 'MH-R-1', 'to_stop_id': 'MH-R-0', 'trip_id': 'walking', 'agency_name': 'Unknown'}, {'duration': 1500, 'departure_time': 12600, 'arrival_time': 14100, 'day': 'current_day', 'from_stop_id': 'MH-R-0', 'to_stop_id': 'MH-L-0', 'trip_id': '0-1-15', 'agency_name': 'Unknown'}, {'duration': 30, 'departure_time': 14100, 'arrival_time': 14130, 'day': 'current_day', 'from_stop_id': 'MH-L-0', 'to_stop_id': 'MH-L-2', 'trip_id': 'walking', 'agency_name': 'Unknown'}, {'duration': 210, 'departure_time': 14340, 'arrival_time': 14550, 'day': 'current_day', 'from_stop_id': 'MH-L-2', 'to_stop_id': '38-2', 'trip_id': '2-0-18', 'agency_name': 'Unknown'}]}"
224,109,3720,inter,right,749,[224],[110],0,0,500,375,3720,3780.0,7740.0,7800.0,3960.0,4.0,224,110,,,pt,4455.0,8175.0,4455.0,"{'duration': 3960, 'source_transfer_time': 0, 'waiting_time': 450, 'trip_time': 3510, 'num_transfers': 4, 'departure_time': 3780, 'departure_day': 'current_day', 'arrival_time': 7740, 'arrival_day': 'current_day', 'steps': [{'duration': 930, 'departure_time': 4230, 'arrival_time': 5160, 'day': 'current_day', 'from_stop_id': '224-4', 'to_stop_id': 'MH-R-4', 'trip_id': '9-1-3', 'agency_name': 'Unknown'}, {'duration': 30, 'departure_time': 5160, 'arrival_time': 5190, 'day': 'current_day', 'from_stop_id': 'MH-R-4', 'to_stop_id': 'MH-R-0', 'trip_id': 'walking', 'agency_name': 'Unknown'}, {'duration': 1500, 'departure_time': 5400, 'arrival_time': 6900, 'day': 'current_day', 'from_stop_id': 'MH-R-0', 'to_stop_id': 'MH-L-0', 'trip_id': '0-1-3', 'agency_name': 'Unknown'}, {'duration': 30, 'departure_time': 6900, 'arrival_time': 6930, 'day': 'current_day', 'from_stop_id': 'MH-L-0', 'to_stop_id': 'MH-L-2', 'trip_id': 'walking', 'agency_name': 'Unknown'}, {'duration': 600, 'departure_time': 7140, 'arrival_time': 7740, 'day': 'current_day', 'from_stop_id': 'MH-L-2', 'to_stop_id': '110-2', 'trip_id': '2-1-6', 'agency_name': 'Unknown'}]}"
169,25,4380,inter,right,750,[169],[25],0,0,0,0,4380,4440.0,7860.0,7920.0,3420.0,6.0,169,25,,,pt,3540.0,7920.0,3540.0,"{'duration': 3420, 'source_transfer_time': 0, 'waiting_time': 510, 'trip_time': 2910, 'num_transfers': 6, 'departure_time': 4440, 'departure_day': 'current_day', 'arrival_time': 7860, 'arrival_day': 'current_day', 'steps': [{'duration': 210, 'departure_time': 4950, 'arrival_time': 5160, 'day': 'current_day', 'from_stop_id': '169-4', 'to_stop_id': 'MH-R-4', 'trip_id': '9-0-3', 'agency_name': 'Unknown'}, {'duration': 30, 'departure_time': 5160, 'arrival_time': 5190, 'day': 'current_day', 'from_stop_id': 'MH-R-4', 'to_stop_id': 'MH-R-0', 'trip_id': 'walking', 'agency_name': 'Unknown'}, {'duration': 1500, 'departure_time': 5400, 'arrival_time': 6900, 'day': 'current_day', 'from_stop_id': 'MH-R-0', 'to_stop_id': 'MH-L-0', 'trip_id': '0-1-3', 'agency_name': 'Unknown'}, {'duration': 30, 'departure_time': 6900, 'arrival_time': 6930, 'day': 'current_day', 'from_stop_id': 'MH-L-0', 'to_stop_id': 'MH-L-2', 'trip_id': 'walking', 'agency_name': 'Unknown'}, {'duration': 330, 'departure_time': 7140, 'arrival_time': 7470, 'day': 'current_day', 'from_stop_id': 'MH-L-2', 'to_stop_id': '27-2', 'trip_id': '2-0-6', 'agency_name': 'Unknown'}, {'duration': 30, 'departure_time': 7470, 'arrival_time': 7500, 'day': 'current_day', 'from_stop_id': '27-2', 'to_stop_id': '27-3', 'trip_id': 'walking', 'agency_name': 'Unknown'}, {'duration': 210, 'departure_time': 7650, 'arrival_time': 7860, 'day': 'current_day', 'from_stop_id': '27-3', 'to_stop_id': '25-3', 'trip_id': '5-1-4', 'agency_name': 'Unknown'}]}"
202,35,11280,inter,right,751,[201; 213],[35],500,375,0,0,11655,11715.0,14910.0,14970.0,3195.0,4.0,201,35,,,pt,3690.0,14970.0,3690.0,"{'duration': 3195, 'source_transfer_time': 0, 'waiting_time': 75, 'trip_time': 3120, 'num_transfers': 4, 'departure_time': 11715, 'departure_day': 'current_day', 'arrival_time': 14910, 'arrival_day': 'current_day', 'steps': [{'duration': 570, 'departure_time': 11790, 'arrival_time': 12360, 'day': 'current_day', 'from_stop_id': '201-4', 'to_stop_id': 'MH-R-4', 'trip_id': '9-1-15', 'agency_name': 'Unknown'}, {'duration': 30, 'departure_time': 12360, 'arrival_time': 12390, 'day': 'current_day', 'from_stop_id': 'MH-R-4', 'to_stop_id': 'MH-R-0', 'trip_id': 'walking', 'agency_name': 'Unknown'}, {'duration': 1500, 'departure_time': 12600, 'arrival_time': 14100, 'day': 'current_day', 'from_stop_id': 'MH-R-0', 'to_stop_id': 'MH-L-0', 'trip_id': '0-1-15', 'agency_name': 'Unknown'}, {'duration': 30, 'departure_time': 14100, 'arrival_time': 14130, 'day': 'current_day', 'from_stop_id': 'MH-L-0', 'to_stop_id': 'MH-L-4', 'trip_id': 'walking', 'agency_name': 'Unknown'}, {'duration': 570, 'departure_time': 14340, 'arrival_time': 14910, 'day': 'current_day', 'from_stop_id': 'MH-L-4', 'to_stop_id': '35-4', 'trip_id': '7-1-18', 'agency_name': 'Unknown'}]}"
121,104,10680,inter,right,752,[121],[104],0,0,0,0,10680,10740.0,15390.0,15450.0,4650.0,4.0,121,104,,,pt,4770.0,15450.0,4770.0,"{'duration': 4650, 'source_transfer_time': 0, 'waiting_time': 450, 'trip_time': 4200, 'num_transfers': 4, 'departure_time': 10740, 'departure_day': 'current_day', 'arrival_time': 15390, 'arrival_day': 'current_day', 'steps': [{'duration': 1170, 'departure_time': 11190, 'arrival_time': 12360, 'day': 'current_day', 'from_stop_id': '121-4', 'to_stop_id': 'MH-R-4', 'trip_id': '9-0-15', 'agency_name': 'Unknown'}, {'duration': 30, 'departure_time': 12360, 'arrival_time': 12390, 'day': 'current_day', 'from_stop_id': 'MH-R-4', 'to_stop_id': 'MH-R-0', 'trip_id': 'walking', 'agency_name': 'Unknown'}, {'duration': 1500, 'departure_time': 12600, 'arrival_time': 14100, 'day': 'current_day', 'from_stop_id': 'MH-R-0', 'to_stop_id': 'MH-L-0', 'trip_id': '0-1-15', 'agency_name': 'Unknown'}, {'duration': 30, 'departure_time': 14100, 'arrival_time': 14130, 'day': 'current_day', 'from_stop_id': 'MH-L-0', 'to_stop_id': 'MH-L-4', 'trip_id': 'walking', 'agency_name': 'Unknown'}, {'duration': 1050, 'departure_time': 14340, 'arrival_time': 15390, 'day': 'current_day', 'from_stop_id': 'MH-L-4', 'to_stop_id': '104-4', 'trip_id': '7-0-18', 'agency_name': 'Unknown'}]}"
168,8,7200,inter,right,753,[168],[9; 19],0,0,500,375,7200,7260.0,10950.0,11010.0,3690.0,4.0,168,19,,,pt,4185.0,11385.0,4185.0,"{'duration': 3690, 'source_transfer_time': 0, 'waiting_time': 570, 'trip_time': 3120, 'num_transfers': 4, 'departure_time': 7260, 'departure_day': 'current_day', 'arrival_time': 10950, 'arrival_day': 'current_day', 'steps': [{'duration': 330, 'departure_time': 7830, 'arrival_time': 8160, 'day': 'current_day', 'from_stop_id': '168-4', 'to_stop_id': 'MH-R-4', 'trip_id': '9-0-8', 'agency_name': 'Unknown'}, {'duration': 30, 'departure_time': 8160, 'arrival_time': 8190, 'day': 'current_day', 'from_stop_id': 'MH-R-4', 'to_stop_id': 'MH-R-0', 'trip_id': 'walking', 'agency_name': 'Unknown'}, {'duration': 1500, 'departure_time': 8400, 'arrival_time': 9900, 'day': 'current_day', 'from_stop_id': 'MH-R-0', 'to_stop_id': 'MH-L-0', 'trip_id': '0-1-8', 'agency_name': 'Unknown'}, {'duration': 30, 'departure_time': 9900, 'arrival_time': 9930, 'day': 'current_day', 'from_stop_id': 'MH-L-0', 'to_stop_id': 'MH-L-5', 'trip_id': 'walking', 'agency_name': 'Unknown'}, {'duration': 810, 'departure_time': 10140, 'arrival_time': 10950, 'day': 'current_day', 'from_stop_id': 'MH-L-5', 'to_stop_id': '19-5', 'trip_id': '8-1-11', 'agency_name': 'Unknown'}]}"
127,21,14160,inter,right,754,[126],[10; 20],500,375,500,375,14535,14595.0,18270.0,18330.0,3675.0,4.0,126,20,,,pt,4545.0,18705.0,4545.0,"{'duration': 3675, 'source_transfer_time': 0, 'waiting_time': 165, 'trip_time': 3510, 'num_transfers': 4, 'departure_time': 14595, 'departure_day': 'current_day', 'arrival_time': 18270, 'arrival_day': 'current_day', 'steps': [{'duration': 600, 'departure_time': 14760, 'arrival_time': 15360, 'day': 'current_day', 'from_stop_id': '126-2', 'to_stop_id': 'MH-R-2', 'trip_id': '4-1-20', 'agency_name': 'Unknown'}, {'duration': 30, 'departure_time': 15360, 'arrival_time': 15390, 'day': 'current_day', 'from_stop_id': 'MH-R-2', 'to_stop_id': 'MH-R-0', 'trip_id': 'walking', 'agency_name': 'Unknown'}, {'duration': 1500, 'departure_time': 15600, 'arrival_time': 17100, 'day': 'current_day', 'from_stop_id': 'MH-R-0', 'to_stop_id': 'MH-L-0', 'trip_id': '0-1-20', 'agency_name': 'Unknown'}, {'duration': 30, 'departure_time': 17100, 'arrival_time': 17130, 'day': 'current_day', 'from_stop_id': 'MH-L-0', 'to_stop_id': 'MH-L-5', 'trip_id': 'walking', 'agency_name': 'Unknown'}, {'duration': 930, 'departure_time': 17340, 'arrival_time': 18270, 'day': 'current_day', 'from_stop_id': 'MH-L-5', 'to_stop_id': '20-5', 'trip_id': '8-1-23', 'agency_name': 'Unknown'}]}"
231,111,6780,inter,right,755,[231],[110],0,0,500,375,6780,6840.0,10140.0,10200.0,3300.0,4.0,231,110,,,pt,3795.0,10575.0,3795.0,"{'duration': 3300, 'source_transfer_time': 0, 'waiting_time': 120, 'trip_time': 3180, 'num_transfers': 4, 'departure_time': 6840, 'departure_day': 'current_day', 'arrival_time': 10140, 'arrival_day': 'current_day', 'steps': [{'duration': 600, 'departure_time': 6960, 'arrival_time': 7560, 'day': 'current_day', 'from_stop_id': '231-2', 'to_stop_id': 'MH-R-2', 'trip_id': '4-0-7', 'agency_name': 'Unknown'}, {'duration': 30, 'departure_time': 7560, 'arrival_time': 7590, 'day': 'current_day', 'from_stop_id': 'MH-R-2', 'to_stop_id': 'MH-R-0', 'trip_id': 'walking', 'agency_name': 'Unknown'}, {'duration': 1500, 'departure_time': 7800, 'arrival_time': 9300, 'day': 'current_day', 'from_stop_id': 'MH-R-0', 'to_stop_id': 'MH-L-0', 'trip_id': '0-1-7', 'agency_name': 'Unknown'}, {'duration': 30, 'departure_time': 9300, 'arrival_time': 9330, 'day': 'current_day', 'from_stop_id': 'MH-L-0', 'to_stop_id': 'MH-L-2', 'trip_id': 'walking', 'agency_name': 'Unknown'}, {'duration': 600, 'departure_time': 9540, 'arrival_time': 10140, 'day': 'current_day', 'from_stop_id': 'MH-L-2', 'to_stop_id': '110-2', 'trip_id': '2-1-10', 'agency_name': 'Unknown'}]}"
197,13,10680,inter,right,756,[197],[12; 24],0,0,500,375,10680,10740.0,13830.0,13890.0,3090.0,4.0,197,24,,,pt,3585.0,14265.0,3585.0,"{'duration': 3090, 'source_transfer_time': 0, 'waiting_time': 90, 'trip_time': 3000, 'num_transfers': 4, 'departure_time': 10740, 'departure_day': 'current_day', 'arrival_time': 13830, 'arrival_day': 'current_day', 'steps': [{'duration': 330, 'departure_time': 10830, 'arrival_time': 11160, 'day': 'current_day', 'from_stop_id': '197-5', 'to_stop_id': 'MH-R-5', 'trip_id': '10-1-13', 'agency_name': 'Unknown'}, {'duration': 30, 'departure_time': 11160, 'arrival_time': 11190, 'day': 'current_day', 'from_stop_id': 'MH-R-5', 'to_stop_id': 'MH-R-0', 'trip_id': 'walking', 'agency_name': 'Unknown'}, {'duration': 1500, 'departure_time': 11400, 'arrival_time': 12900, 'day': 'current_day', 'from_stop_id': 'MH-R-0', 'to_stop_id': 'MH-L-0', 'trip_id': '0-1-13', 'agency_name': 'Unknown'}, {'duration': 30, 'departure_time': 12900, 'arrival_time': 12930, 'day': 'current_day', 'from_stop_id': 'MH-L-0', 'to_stop_id': 'MH-L-4', 'trip_id': 'walking', 'agency_name': 'Unknown'}, {'duration': 690, 'departure_time': 13140, 'arrival_time': 13830, 'day': 'current_day', 'from_stop_id': 'MH-L-4', 'to_stop_id': '24-4', 'trip_id': '7-1-16', 'agency_name': 'Unknown'}]}"
136,76,5910,inter,right,757,[137; 147],[76],500,375,0,0,6285,6345.0,9270.0,9330.0,2925.0,4.0,137,76,,,pt,3420.0,9330.0,3420.0,"{'duration': 2925, 'source_transfer_time': 0, 'waiting_time': 135, 'trip_time': 2790, 'num_transfers': 4, 'departure_time': 6345, 'departure_day': 'current_day', 'arrival_time': 9270, 'arrival_day': 'current_day', 'steps': [{'duration': 480, 'departure_time': 6480, 'arrival_time': 6960, 'day': 'current_day', 'from_stop_id': '137-2', 'to_stop_id': 'MH-R-2', 'trip_id': '4-1-6', 'agency_name': 'Unknown'}, {'duration': 30, 'departure_time': 6960, 'arrival_time': 6990, 'day': 'current_day', 'from_stop_id': 'MH-R-2', 'to_stop_id': 'MH-R-0', 'trip_id': 'walking', 'agency_name': 'Unknown'}, {'duration': 1500, 'departure_time': 7200, 'arrival_time': 8700, 'day': 'current_day', 'from_stop_id': 'MH-R-0', 'to_stop_id': 'MH-L-0', 'trip_id': '0-1-6', 'agency_name': 'Unknown'}, {'duration': 30, 'departure_time': 8700, 'arrival_time': 8730, 'day': 'current_day', 'from_stop_id': 'MH-L-0', 'to_stop_id': 'MH-L-5', 'trip_id': 'walking', 'agency_name': 'Unknown'}, {'duration': 330, 'departure_time': 8940, 'arrival_time': 9270, 'day': 'current_day', 'from_stop_id': 'MH-L-5', 'to_stop_id': '76-5', 'trip_id': '8-0-9', 'agency_name': 'Unknown'}]}"
132,17,7500,inter,right,758,[132],[16; 28],0,0,500,375,7500,7560.0,11220.0,11280.0,3660.0,4.0,132,16,,,pt,4155.0,11655.0,4155.0,"{'duration': 3660, 'source_transfer_time': 0, 'waiting_time': 150, 'trip_time': 3510, 'num_transfers': 4, 'departure_time': 7560, 'departure_day': 'current_day', 'arrival_time': 11220, 'arrival_day': 'current_day', 'steps': [{'duration': 1050, 'departure_time': 7710, 'arrival_time': 8760, 'day': 'current_day', 'from_stop_id': '132-4', 'to_stop_id': 'MH-R-4', 'trip_id': '9-0-9', 'agency_name': 'Unknown'}, {'duration': 30, 'departure_time': 8760, 'arrival_time': 8790, 'day': 'current_day', 'from_stop_id': 'MH-R-4', 'to_stop_id': 'MH-R-0', 'trip_id': 'walking', 'agency_name': 'Unknown'}, {'duration': 1500, 'departure_time': 9000, 'arrival_time': 10500, 'day': 'current_day', 'from_stop_id': 'MH-R-0', 'to_stop_id': 'MH-L-0', 'trip_id': '0-1-9', 'agency_name': 'Unknown'}, {'duration': 30, 'departure_time': 10500, 'arrival_time': 10530, 'day': 'current_day', 'from_stop_id': 'MH-L-0', 'to_stop_id': 'MH-L-2', 'trip_id': 'walking', 'agency_name': 'Unknown'}, {'duration': 480, 'departure_time': 10740, 'arrival_time': 11220, 'day': 'current_day', 'from_stop_id': 'MH-L-2', 'to_stop_id': '16-2', 'trip_id': '2-0-12', 'agency_name': 'Unknown'}]}"
224,96,12240,inter,right,759,[224],[96],0,0,0,0,12240,12300.0,16350.0,16410.0,4050.0,4.0,224,96,,,pt,4170.0,16410.0,4170.0,"{'duration': 4050, 'source_transfer_time': 0, 'waiting_time': 330, 'trip_time': 3720, 'num_transfers': 4, 'departure_time': 12300, 'departure_day': 'current_day', 'arrival_time': 16350, 'arrival_day': 'current_day', 'steps': [{'duration': 930, 'departure_time': 12630, 'arrival_time': 13560, 'day': 'current_day', 'from_stop_id': '224-4', 'to_stop_id': 'MH-R-4', 'trip_id': '9-1-17', 'agency_name': 'Unknown'}, {'duration': 30, 'departure_time': 13560, 'arrival_time': 13590, 'day': 'current_day', 'from_stop_id': 'MH-R-4', 'to_stop_id': 'MH-R-0', 'trip_id': 'walking', 'agency_name': 'Unknown'}, {'duration': 1500, 'departure_time': 13800, 'arrival_time': 15300, 'day': 'current_day', 'from_stop_id': 'MH-R-0', 'to_stop_id': 'MH-L-0', 'trip_id': '0-1-17', 'agency_name': 'Unknown'}, {'duration': 30, 'departure_time': 15300, 'arrival_time': 15330, 'day': 'current_day', 'from_stop_id': 'MH-L-0', 'to_stop_id': 'MH-L-5', 'trip_id': 'walking', 'agency_name': 'Unknown'}, {'duration': 810, 'departure_time': 15540, 'arrival_time': 16350, 'day': 'current_day', 'from_stop_id': 'MH-L-5', 'to_stop_id': '96-5', 'trip_id': '8-0-20', 'agency_name': 'Unknown'}]}"
164,109,14400,inter,right,760,[162; 182],[110],1000,751,500,375,15151,15211.0,18540.0,18600.0,3329.0,4.0,182,110,,,pt,4575.0,18975.0,4575.0,"{'duration': 3329, 'source_transfer_time': 0, 'waiting_time': 149, 'trip_time': 3180, 'num_transfers': 4, 'departure_time': 15211, 'departure_day': 'current_day', 'arrival_time': 18540, 'arrival_day': 'current_day', 'steps': [{'duration': 600, 'departure_time': 15360, 'arrival_time': 15960, 'day': 'current_day', 'from_stop_id': '182-1', 'to_stop_id': 'MH-R-1', 'trip_id': '3-1-21', 'agency_name': 'Unknown'}, {'duration': 30, 'departure_time': 15960, 'arrival_time': 15990, 'day': 'current_day', 'from_stop_id': 'MH-R-1', 'to_stop_id': 'MH-R-0', 'trip_id': 'walking', 'agency_name': 'Unknown'}, {'duration': 1500, 'departure_time': 16200, 'arrival_time': 17700, 'day': 'current_day', 'from_stop_id': 'MH-R-0', 'to_stop_id': 'MH-L-0', 'trip_id': '0-1-21', 'agency_name': 'Unknown'}, {'duration': 30, 'departure_time': 17700, 'arrival_time': 17730, 'day': 'current_day', 'from_stop_id': 'MH-L-0', 'to_stop_id': 'MH-L-2', 'trip_id': 'walking', 'agency_name': 'Unknown'}, {'duration': 600, 'departure_time': 17940, 'arrival_time': 18540, 'day': 'current_day', 'from_stop_id': 'MH-L-2', 'to_stop_id': '110-2', 'trip_id': '2-1-24', 'agency_name': 'Unknown'}]}"
157,4,12960,inter,right,761,[157],[5],0,0,500,375,12960,13020.0,16140.0,16200.0,3120.0,4.0,157,5,,,pt,3615.0,16575.0,3615.0,"{'duration': 3120, 'source_transfer_time': 0, 'waiting_time': 90, 'trip_time': 3030, 'num_transfers': 4, 'departure_time': 13020, 'departure_day': 'current_day', 'arrival_time': 16140, 'arrival_day': 'current_day', 'steps': [{'duration': 450, 'departure_time': 13110, 'arrival_time': 13560, 'day': 'current_day', 'from_stop_id': '157-4', 'to_stop_id': 'MH-R-4', 'trip_id': '9-0-17', 'agency_name': 'Unknown'}, {'duration': 30, 'departure_time': 13560, 'arrival_time': 13590, 'day': 'current_day', 'from_stop_id': 'MH-R-4', 'to_stop_id': 'MH-R-0', 'trip_id': 'walking', 'agency_name': 'Unknown'}, {'duration': 1500, 'departure_time': 13800, 'arrival_time': 15300, 'day': 'current_day', 'from_stop_id': 'MH-R-0', 'to_stop_id': 'MH-L-0', 'trip_id': '0-1-17', 'agency_name': 'Unknown'}, {'duration': 30, 'departure_time': 15300, 'arrival_time': 15330, 'day': 'current_day', 'from_stop_id': 'MH-L-0', 'to_stop_id': 'MH-L-2', 'trip_id': 'walking', 'agency_name': 'Unknown'}, {'duration': 600, 'departure_time': 15540, 'arrival_time': 16140, 'day': 'current_day', 'from_stop_id': 'MH-L-2', 'to_stop_id': '5-2', 'trip_id': '2-0-20', 'agency_name': 'Unknown'}]}"
184,34,12480,inter,right,762,[176; 185],[23; 35],500,375,500,375,12855,12915.0,16110.0,16170.0,3195.0,4.0,176,35,,,pt,4065.0,16545.0,4065.0,"{'duration': 3195, 'source_transfer_time': 0, 'waiting_time': 165, 'trip_time': 3030, 'num_transfers': 4, 'departure_time': 12915, 'departure_day': 'current_day', 'arrival_time': 16110, 'arrival_day': 'current_day', 'steps': [{'duration': 480, 'departure_time': 13080, 'arrival_time': 13560, 'day': 'current_day', 'from_stop_id': '176-1', 'to_stop_id': 'MH-R-1', 'trip_id': '3-0-17', 'agency_name': 'Unknown'}, {'duration': 30, 'departure_time': 13560, 'arrival_time': 13590, 'day': 'current_day', 'from_stop_id': 'MH-R-1', 'to_stop_id': 'MH-R-0', 'trip_id': 'walking', 'agency_name': 'Unknown'}, {'duration': 1500, 'departure_time': 13800, 'arrival_time': 15300, 'day': 'current_day', 'from_stop_id': 'MH-R-0', 'to_stop_id': 'MH-L-0', 'trip_id': '0-1-17', 'agency_name': 'Unknown'}, {'duration': 30, 'departure_time': 15300, 'arrival_time': 15330, 'day': 'current_day', 'from_stop_id': 'MH-L-0', 'to_stop_id': 'MH-L-4', 'trip_id': 'walking', 'agency_name': 'Unknown'}, {'duration': 570, 'departure_time': 15540, 'arrival_time': 16110, 'day': 'current_day', 'from_stop_id': 'MH-L-4', 'to_stop_id': '35-4', 'trip_id': '7-1-20', 'agency_name': 'Unknown'}]}"
181,26,7290,inter,right,763,[181],[26],0,0,0,0,7290,7350.0,10740.0,10800.0,3390.0,6.0,181,26,,,pt,3510.0,10800.0,3510.0,"{'duration': 3390, 'source_transfer_time': 0, 'waiting_time': 330, 'trip_time': 3060, 'num_transfers': 6, 'departure_time': 7350, 'departure_day': 'current_day', 'arrival_time': 10740, 'arrival_day': 'current_day', 'steps': [{'duration': 480, 'departure_time': 7680, 'arrival_time': 8160, 'day': 'current_day', 'from_stop_id': '181-1', 'to_stop_id': 'MH-R-1', 'trip_id': '3-1-8', 'agency_name': 'Unknown'}, {'duration': 30, 'departure_time': 8160, 'arrival_time': 8190, 'day': 'current_day', 'from_stop_id': 'MH-R-1', 'to_stop_id': 'MH-R-0', 'trip_id': 'walking', 'agency_name': 'Unknown'}, {'duration': 1500, 'departure_time': 8400, 'arrival_time': 9900, 'day': 'current_day', 'from_stop_id': 'MH-R-0', 'to_stop_id': 'MH-L-0', 'trip_id': '0-1-8', 'agency_name': 'Unknown'}, {'duration': 30, 'departure_time': 9900, 'arrival_time': 9930, 'day': 'current_day', 'from_stop_id': 'MH-L-0', 'to_stop_id': 'MH-L-2', 'trip_id': 'walking', 'agency_name': 'Unknown'}, {'duration': 330, 'departure_time': 10140, 'arrival_time': 10470, 'day': 'current_day', 'from_stop_id': 'MH-L-2', 'to_stop_id': '27-2', 'trip_id': '2-0-11', 'agency_name': 'Unknown'}, {'duration': 30, 'departure_time': 10470, 'arrival_time': 10500, 'day': 'current_day', 'from_stop_id': '27-2', 'to_stop_id': '27-3', 'trip_id': 'walking', 'agency_name': 'Unknown'}, {'duration': 90, 'departure_time': 10650, 'arrival_time': 10740, 'day': 'current_day', 'from_stop_id': '27-3', 'to_stop_id': '26-3', 'trip_id': '5-1-9', 'agency_name': 'Unknown'}]}"
217,77,9720,inter,right,764,[217],[77],0,0,0,0,9720,9780.0,13350.0,13410.0,3570.0,4.0,217,77,,,pt,3690.0,13410.0,3690.0,"{'duration': 3570, 'source_transfer_time': 0, 'waiting_time': 570, 'trip_time': 3000, 'num_transfers': 4, 'departure_time': 9780, 'departure_day': 'current_day', 'arrival_time': 13350, 'arrival_day': 'current_day', 'steps': [{'duration': 810, 'departure_time': 10350, 'arrival_time': 11160, 'day': 'current_day', 'from_stop_id': '217-5', 'to_stop_id': 'MH-R-5', 'trip_id': '10-1-13', 'agency_name': 'Unknown'}, {'duration': 30, 'departure_time': 11160, 'arrival_time': 11190, 'day': 'current_day', 'from_stop_id': 'MH-R-5', 'to_stop_id': 'MH-R-0', 'trip_id': 'walking', 'agency_name': 'Unknown'}, {'duration': 1500, 'departure_time': 11400, 'arrival_time': 12900, 'day': 'current_day', 'from_stop_id': 'MH-R-0', 'to_stop_id': 'MH-L-0', 'trip_id': '0-1-13', 'agency_name': 'Unknown'}, {'duration': 30, 'departure_time': 12900, 'arrival_time': 12930, 'day': 'current_day', 'from_stop_id': 'MH-L-0', 'to_stop_id': 'MH-L-2', 'trip_id': 'walking', 'agency_name': 'Unknown'}, {'duration': 210, 'departure_time': 13140, 'arrival_time': 13350, 'day': 'current_day', 'from_stop_id': 'MH-L-2', 'to_stop_id': '77-2', 'trip_id': '2-1-16', 'agency_name': 'Unknown'}]}"
223,15,3690,inter,right,765,[212; 224],[16; 26],500,375,500,375,4065,4125.0,7620.0,7680.0,3495.0,4.0,212,16,,,pt,4365.0,8055.0,4365.0,"{'duration': 3495, 'source_transfer_time': 0, 'waiting_time': 345, 'trip_time': 3150, 'num_transfers': 4, 'departure_time': 4125, 'departure_day': 'current_day', 'arrival_time': 7620, 'arrival_day': 'current_day', 'steps': [{'duration': 690, 'departure_time': 4470, 'arrival_time': 5160, 'day': 'current_day', 'from_stop_id': '212-4', 'to_stop_id': 'MH-R-4', 'trip_id': '9-1-3', 'agency_name': 'Unknown'}, {'duration': 30, 'departure_time': 5160, 'arrival_time': 5190, 'day': 'current_day', 'from_stop_id': 'MH-R-4', 'to_stop_id': 'MH-R-0', 'trip_id': 'walking', 'agency_name': 'Unknown'}, {'duration': 1500, 'departure_time': 5400, 'arrival_time': 6900, 'day': 'current_day', 'from_stop_id': 'MH-R-0', 'to_stop_id': 'MH-L-0', 'trip_id': '0-1-3', 'agency_name': 'Unknown'}, {'duration': 30, 'departure_time': 6900, 'arrival_time': 6930, 'day': 'current_day', 'from_stop_id': 'MH-L-0', 'to_stop_id': 'MH-L-2', 'trip_id': 'walking', 'agency_name': 'Unknown'}, {'duration': 480, 'departure_time': 7140, 'arrival_time': 7620, 'day': 'current_day', 'from_stop_id': 'MH-L-2', 'to_stop_id': '16-2', 'trip_id': '2-0-6', 'agency_name': 'Unknown'}]}"
158,32,12270,inter,right,766,[147; 157; 159; 169],[10; 20; 30],500,375,1000,751,12645,12705.0,15630.0,15690.0,2925.0,4.0,159,30,,,pt,4171.0,16441.0,4171.0,"{'duration': 2925, 'source_transfer_time': 0, 'waiting_time': 45, 'trip_time': 2880, 'num_transfers': 4, 'departure_time': 12705, 'departure_day': 'current_day', 'arrival_time': 15630, 'arrival_day': 'current_day', 'steps': [{'duration': 210, 'departure_time': 12750, 'arrival_time': 12960, 'day': 'current_day', 'from_stop_id': '159-2', 'to_stop_id': 'MH-R-2', 'trip_id': '4-1-16', 'agency_name': 'Unknown'}, {'duration': 30, 'departure_time': 12960, 'arrival_time': 12990, 'day': 'current_day', 'from_stop_id': 'MH-R-2', 'to_stop_id': 'MH-R-0', 'trip_id': 'walking', 'agency_name': 'Unknown'}, {'duration': 1500, 'departure_time': 13200, 'arrival_time': 14700, 'day': 'current_day', 'from_stop_id': 'MH-R-0', 'to_stop_id': 'MH-L-0', 'trip_id': '0-1-16', 'agency_name': 'Unknown'}, {'duration': 30, 'departure_time': 14700, 'arrival_time': 14730, 'day': 'current_day', 'from_stop_id': 'MH-L-0', 'to_stop_id': 'MH-L-5', 'trip_id': 'walking', 'agency_name': 'Unknown'}, {'duration': 690, 'departure_time': 14940, 'arrival_time': 15630, 'day': 'current_day', 'from_stop_id': 'MH-L-5', 'to_stop_id': '30-5', 'trip_id': '8-1-19', 'agency_name': 'Unknown'}]}"
216,81,7890,inter,right,767,[216],[80; 92],0,0,500,375,7890,7950.0,11910.0,11970.0,3960.0,4.0,216,80,,,pt,4455.0,12345.0,4455.0,"{'duration': 3960, 'source_transfer_time': 0, 'waiting_time': 480, 'trip_time': 3480, 'num_transfers': 4, 'departure_time': 7950, 'departure_day': 'current_day', 'arrival_time': 11910, 'arrival_day': 'current_day', 'steps': [{'duration': 930, 'departure_time': 8430, 'arrival_time': 9360, 'day': 'current_day', 'from_stop_id': '216-5', 'to_stop_id': 'MH-R-5', 'trip_id': '10-1-10', 'agency_name': 'Unknown'}, {'duration': 30, 'departure_time': 9360, 'arrival_time': 9390, 'day': 'current_day', 'from_stop_id': 'MH-R-5', 'to_stop_id': 'MH-R-0', 'trip_id': 'walking', 'agency_name': 'Unknown'}, {'duration': 1500, 'departure_time': 9600, 'arrival_time': 11100, 'day': 'current_day', 'from_stop_id': 'MH-R-0', 'to_stop_id': 'MH-L-0', 'trip_id': '0-1-10', 'agency_name': 'Unknown'}, {'duration': 30, 'departure_time': 11100, 'arrival_time': 11130, 'day': 'current_day', 'from_stop_id': 'MH-L-0', 'to_stop_id': 'MH-L-4', 'trip_id': 'walking', 'agency_name': 'Unknown'}, {'duration': 570, 'departure_time': 11340, 'arrival_time': 11910, 'day': 'current_day', 'from_stop_id': 'MH-L-4', 'to_stop_id': '80-4', 'trip_id': '7-0-13', 'agency_name': 'Unknown'}]}"
224,111,6270,inter,right,768,[224],[110],0,0,500,375,6270,6330.0,10140.0,10200.0,3810.0,4.0,224,110,,,pt,4305.0,10575.0,4305.0,"{'duration': 3810, 'source_transfer_time': 0, 'waiting_time': 300, 'trip_time': 3510, 'num_transfers': 4, 'departure_time': 6330, 'departure_day': 'current_day', 'arrival_time': 10140, 'arrival_day': 'current_day', 'steps': [{'duration': 930, 'departure_time': 6630, 'arrival_time': 7560, 'day': 'current_day', 'from_stop_id': '224-4', 'to_stop_id': 'MH-R-4', 'trip_id': '9-1-7', 'agency_name': 'Unknown'}, {'duration': 30, 'departure_time': 7560, 'arrival_time': 7590, 'day': 'current_day', 'from_stop_id': 'MH-R-4', 'to_stop_id': 'MH-R-0', 'trip_id': 'walking', 'agency_name': 'Unknown'}, {'duration': 1500, 'departure_time': 7800, 'arrival_time': 9300, 'day': 'current_day', 'from_stop_id': 'MH-R-0', 'to_stop_id': 'MH-L-0', 'trip_id': '0-1-7', 'agency_name': 'Unknown'}, {'duration': 30, 'departure_time': 9300, 'arrival_time': 9330, 'day': 'current_day', 'from_stop_id': 'MH-L-0', 'to_stop_id': 'MH-L-2', 'trip_id': 'walking', 'agency_name': 'Unknown'}, {'duration': 600, 'departure_time': 9540, 'arrival_time': 10140, 'day': 'current_day', 'from_stop_id': 'MH-L-2', 'to_stop_id': '110-2', 'trip_id': '2-1-10', 'agency_name': 'Unknown'}]}"
162,86,5220,inter,right,769,[162],[86],0,0,0,0,5220,5280.0,8910.0,8970.0,3630.0,6.0,162,86,,,pt,3750.0,8970.0,3750.0,"{'duration': 3630, 'source_transfer_time': 0, 'waiting_time': 60, 'trip_time': 3570, 'num_transfers': 6, 'departure_time': 5280, 'departure_day': 'current_day', 'arrival_time': 8910, 'arrival_day': 'current_day', 'steps': [{'duration': 450, 'departure_time': 5340, 'arrival_time': 5790, 'day': 'current_day', 'from_stop_id': '162-3', 'to_stop_id': '148-3', 'trip_id': '6-1-1', 'agency_name': 'Unknown'}, {'duration': 30, 'departure_time': 5790, 'arrival_time': 5820, 'day': 'current_day', 'from_stop_id': '148-3', 'to_stop_id': '148-2', 'trip_id': 'walking', 'agency_name': 'Unknown'}, {'duration': 330, 'departure_time': 6030, 'arrival_time': 6360, 'day': 'current_day', 'from_stop_id': '148-2', 'to_stop_id': 'MH-R-2', 'trip_id': '4-1-5', 'agency_name': 'Unknown'}, {'duration': 30, 'departure_time': 6360, 'arrival_time': 6390, 'day': 'current_day', 'from_stop_id': 'MH-R-2', 'to_stop_id': 'MH-R-0', 'trip_id': 'walking', 'agency_name': 'Unknown'}, {'duration': 1500, 'departure_time': 6600, 'arrival_time': 8100, 'day': 'current_day', 'from_stop_id': 'MH-R-0', 'to_stop_id': 'MH-L-0', 'trip_id': '0-1-5', 'agency_name': 'Unknown'}, {'duration': 30, 'departure_time': 8100, 'arrival_time': 8130, 'day': 'current_day', 'from_stop_id': 'MH-L-0', 'to_stop_id': 'MH-L-5', 'trip_id': 'walking', 'agency_name': 'Unknown'}, {'duration': 570, 'departure_time': 8340, 'arrival_time': 8910, 'day': 'current_day', 'from_stop_id': 'MH-L-5', 'to_stop_id': '86-5', 'trip_id': '8-0-8', 'agency_name': 'Unknown'}]}"
183,1,4470,inter,right,770,[175],[0; 12],500,375,500,375,4845,4905.0,8670.0,8730.0,3765.0,4.0,175,12,,,pt,4635.0,9105.0,4635.0,"{'duration': 3765, 'source_transfer_time': 0, 'waiting_time': 255, 'trip_time': 3510, 'num_transfers': 4, 'departure_time': 4905, 'departure_day': 'current_day', 'arrival_time': 8670, 'arrival_day': 'current_day', 'steps': [{'duration': 600, 'departure_time': 5160, 'arrival_time': 5760, 'day': 'current_day', 'from_stop_id': '175-1', 'to_stop_id': 'MH-R-1', 'trip_id': '3-0-4', 'agency_name': 'Unknown'}, {'duration': 30, 'departure_time': 5760, 'arrival_time': 5790, 'day': 'current_day', 'from_stop_id': 'MH-R-1', 'to_stop_id': 'MH-R-0', 'trip_id': 'walking', 'agency_name': 'Unknown'}, {'duration': 1500, 'departure_time': 6000, 'arrival_time': 7500, 'day': 'current_day', 'from_stop_id': 'MH-R-0', 'to_stop_id': 'MH-L-0', 'trip_id': '0-1-4', 'agency_name': 'Unknown'}, {'duration': 30, 'departure_time': 7500, 'arrival_time': 7530, 'day': 'current_day', 'from_stop_id': 'MH-L-0', 'to_stop_id': 'MH-L-4', 'trip_id': 'walking', 'agency_name': 'Unknown'}, {'duration': 930, 'departure_time': 7740, 'arrival_time': 8670, 'day': 'current_day', 'from_stop_id': 'MH-L-4', 'to_stop_id': '12-4', 'trip_id': '7-1-7', 'agency_name': 'Unknown'}]}"
126,59,9270,inter,right,771,[126],[59],0,0,0,0,9270,9330.0,12270.0,12330.0,2940.0,4.0,126,59,,,pt,3060.0,12330.0,3060.0,"{'duration': 2940, 'source_transfer_time': 0, 'waiting_time': 30, 'trip_time': 2910, 'num_transfers': 4, 'departure_time': 9330, 'departure_day': 'current_day', 'arrival_time': 12270, 'arrival_day': 'current_day', 'steps': [{'duration': 600, 'departure_time': 9360, 'arrival_time': 9960, 'day': 'current_day', 'from_stop_id': '126-2', 'to_stop_id': 'MH-R-2', 'trip_id': '4-1-11', 'agency_name': 'Unknown'}, {'duration': 30, 'departure_time': 9960, 'arrival_time': 9990, 'day': 'current_day', 'from_stop_id': 'MH-R-2', 'to_stop_id': 'MH-R-0', 'trip_id': 'walking', 'agency_name': 'Unknown'}, {'duration': 1500, 'departure_time': 10200, 'arrival_time': 11700, 'day': 'current_day', 'from_stop_id': 'MH-R-0', 'to_stop_id': 'MH-L-0', 'trip_id': '0-1-11', 'agency_name': 'Unknown'}, {'duration': 30, 'departure_time': 11700, 'arrival_time': 11730, 'day': 'current_day', 'from_stop_id': 'MH-L-0', 'to_stop_id': 'MH-L-1', 'trip_id': 'walking', 'agency_name': 'Unknown'}, {'duration': 330, 'departure_time': 11940, 'arrival_time': 12270, 'day': 'current_day', 'from_stop_id': 'MH-L-1', 'to_stop_id': '59-1', 'trip_id': '1-0-14', 'agency_name': 'Unknown'}]}"
130,100,8040,inter,right,772,[130],[89; 99],0,0,500,375,8040,8100.0,11820.0,11880.0,3720.0,4.0,130,99,,,pt,4215.0,12255.0,4215.0,"{'duration': 3720, 'source_transfer_time': 0, 'waiting_time': 210, 'trip_time': 3510, 'num_transfers': 4, 'departure_time': 8100, 'departure_day': 'current_day', 'arrival_time': 11820, 'arrival_day': 'current_day', 'steps': [{'duration': 1050, 'departure_time': 8310, 'arrival_time': 9360, 'day': 'current_day', 'from_stop_id': '130-5', 'to_stop_id': 'MH-R-5', 'trip_id': '10-0-10', 'agency_name': 'Unknown'}, {'duration': 30, 'departure_time': 9360, 'arrival_time': 9390, 'day': 'current_day', 'from_stop_id': 'MH-R-5', 'to_stop_id': 'MH-R-0', 'trip_id': 'walking', 'agency_name': 'Unknown'}, {'duration': 1500, 'departure_time': 9600, 'arrival_time': 11100, 'day': 'current_day', 'from_stop_id': 'MH-R-0', 'to_stop_id': 'MH-L-0', 'trip_id': '0-1-10', 'agency_name': 'Unknown'}, {'duration': 30, 'departure_time': 11100, 'arrival_time': 11130, 'day': 'current_day', 'from_stop_id': 'MH-L-0', 'to_stop_id': 'MH-L-2', 'trip_id': 'walking', 'agency_name': 'Unknown'}, {'duration': 480, 'departure_time': 11340, 'arrival_time': 11820, 'day': 'current_day', 'from_stop_id': 'MH-L-2', 'to_stop_id': '99-2', 'trip_id': '2-1-13', 'agency_name': 'Unknown'}]}"
189,102,12480,inter,right,773,[189],[91; 103],0,0,500,375,12480,12540.0,15630.0,15690.0,3090.0,4.0,189,91,,,pt,3585.0,16065.0,3585.0,"{'duration': 3090, 'source_transfer_time': 0, 'waiting_time': 90, 'trip_time': 3000, 'num_transfers': 4, 'departure_time': 12540, 'departure_day': 'current_day', 'arrival_time': 15630, 'arrival_day': 'current_day', 'steps': [{'duration': 330, 'departure_time': 12630, 'arrival_time': 12960, 'day': 'current_day', 'from_stop_id': '189-4', 'to_stop_id': 'MH-R-4', 'trip_id': '9-1-16', 'agency_name': 'Unknown'}, {'duration': 30, 'departure_time': 12960, 'arrival_time': 12990, 'day': 'current_day', 'from_stop_id': 'MH-R-4', 'to_stop_id': 'MH-R-0', 'trip_id': 'walking', 'agency_name': 'Unknown'}, {'duration': 1500, 'departure_time': 13200, 'arrival_time': 14700, 'day': 'current_day', 'from_stop_id': 'MH-R-0', 'to_stop_id': 'MH-L-0', 'trip_id': '0-1-16', 'agency_name': 'Unknown'}, {'duration': 30, 'departure_time': 14700, 'arrival_time': 14730, 'day': 'current_day', 'from_stop_id': 'MH-L-0', 'to_stop_id': 'MH-L-4', 'trip_id': 'walking', 'agency_name': 'Unknown'}, {'duration': 690, 'departure_time': 14940, 'arrival_time': 15630, 'day': 'current_day', 'from_stop_id': 'MH-L-4', 'to_stop_id': '91-4', 'trip_id': '7-0-19', 'agency_name': 'Unknown'}]}"
160,30,7020,inter,right,774,[160],[30],0,0,0,0,7020,7080.0,10230.0,10290.0,3150.0,4.0,160,30,,,pt,3270.0,10290.0,3270.0,"{'duration': 3150, 'source_transfer_time': 0, 'waiting_time': 150, 'trip_time': 3000, 'num_transfers': 4, 'departure_time': 7080, 'departure_day': 'current_day', 'arrival_time': 10230, 'arrival_day': 'current_day', 'steps': [{'duration': 330, 'departure_time': 7230, 'arrival_time': 7560, 'day': 'current_day', 'from_stop_id': '160-5', 'to_stop_id': 'MH-R-5', 'trip_id': '10-0-7', 'agency_name': 'Unknown'}, {'duration': 30, 'departure_time': 7560, 'arrival_time': 7590, 'day': 'current_day', 'from_stop_id': 'MH-R-5', 'to_stop_id': 'MH-R-0', 'trip_id': 'walking', 'agency_name': 'Unknown'}, {'duration': 1500, 'departure_time': 7800, 'arrival_time': 9300, 'day': 'current_day', 'from_stop_id': 'MH-R-0', 'to_stop_id': 'MH-L-0', 'trip_id': '0-1-7', 'agency_name': 'Unknown'}, {'duration': 30, 'departure_time': 9300, 'arrival_time': 9330, 'day': 'current_day', 'from_stop_id': 'MH-L-0', 'to_stop_id': 'MH-L-5', 'trip_id': 'walking', 'agency_name': 'Unknown'}, {'duration': 690, 'departure_time': 9540, 'arrival_time': 10230, 'day': 'current_day', 'from_stop_id': 'MH-L-5', 'to_stop_id': '30-5', 'trip_id': '8-1-10', 'agency_name': 'Unknown'}]}"
165,66,6570,inter,right,775,[175],[66],500,375,0,0,6945,7005.0,10350.0,10410.0,3345.0,4.0,175,66,,,pt,3840.0,10410.0,3840.0,"{'duration': 3345, 'source_transfer_time': 0, 'waiting_time': 555, 'trip_time': 2790, 'num_transfers': 4, 'departure_time': 7005, 'departure_day': 'current_day', 'arrival_time': 10350, 'arrival_day': 'current_day', 'steps': [{'duration': 600, 'departure_time': 7560, 'arrival_time': 8160, 'day': 'current_day', 'from_stop_id': '175-1', 'to_stop_id': 'MH-R-1', 'trip_id': '3-0-8', 'agency_name': 'Unknown'}, {'duration': 30, 'departure_time': 8160, 'arrival_time': 8190, 'day': 'current_day', 'from_stop_id': 'MH-R-1', 'to_stop_id': 'MH-R-0', 'trip_id': 'walking', 'agency_name': 'Unknown'}, {'duration': 1500, 'departure_time': 8400, 'arrival_time': 9900, 'day': 'current_day', 'from_stop_id': 'MH-R-0', 'to_stop_id': 'MH-L-0', 'trip_id': '0-1-8', 'agency_name': 'Unknown'}, {'duration': 30, 'departure_time': 9900, 'arrival_time': 9930, 'day': 'current_day', 'from_stop_id': 'MH-L-0', 'to_stop_id': 'MH-L-5', 'trip_id': 'walking', 'agency_name': 'Unknown'}, {'duration': 210, 'departure_time': 10140, 'arrival_time': 10350, 'day': 'current_day', 'from_stop_id': 'MH-L-5', 'to_stop_id': '66-5', 'trip_id': '8-0-11', 'agency_name': 'Unknown'}]}"
121,71,11160,inter,right,776,[121],[61],0,0,500,375,11160,11220.0,15540.0,15600.0,4320.0,4.0,121,61,,,pt,4815.0,15975.0,4815.0,"{'duration': 4320, 'source_transfer_time': 0, 'waiting_time': 570, 'trip_time': 3750, 'num_transfers': 4, 'departure_time': 11220, 'departure_day': 'current_day', 'arrival_time': 15540, 'arrival_day': 'current_day', 'steps': [{'duration': 1170, 'departure_time': 11790, 'arrival_time': 12960, 'day': 'current_day', 'from_stop_id': '121-4', 'to_stop_id': 'MH-R-4', 'trip_id': '9-0-16', 'agency_name': 'Unknown'}, {'duration': 30, 'departure_time': 12960, 'arrival_time': 12990, 'day': 'current_day', 'from_stop_id': 'MH-R-4', 'to_stop_id': 'MH-R-0', 'trip_id': 'walking', 'agency_name': 'Unknown'}, {'duration': 1500, 'departure_time': 13200, 'arrival_time': 14700, 'day': 'current_day', 'from_stop_id': 'MH-R-0', 'to_stop_id': 'MH-L-0', 'trip_id': '0-1-16', 'agency_name': 'Unknown'}, {'duration': 30, 'departure_time': 14700, 'arrival_time': 14730, 'day': 'current_day', 'from_stop_id': 'MH-L-0', 'to_stop_id': 'MH-L-1', 'trip_id': 'walking', 'agency_name': 'Unknown'}, {'duration': 600, 'departure_time': 14940, 'arrival_time': 15540, 'day': 'current_day', 'from_stop_id': 'MH-L-1', 'to_stop_id': '61-1', 'trip_id': '1-0-19', 'agency_name': 'Unknown'}]}"
185,73,4140,inter,right,777,[185],[74],0,0,500,375,4140,4200.0,8010.0,8070.0,3810.0,8.0,185,74,,,pt,4305.0,8445.0,4305.0,"{'duration': 3810, 'source_transfer_time': 0, 'waiting_time': 450, 'trip_time': 3360, 'num_transfers': 8, 'departure_time': 4200, 'departure_day': 'current_day', 'arrival_time': 8010, 'arrival_day': 'current_day', 'steps': [{'duration': 90, 'departure_time': 4650, 'arrival_time': 4740, 'day': 'current_day', 'from_stop_id': '185-3', 'to_stop_id': '177-3', 'trip_id': '6-0-44', 'agency_name': 'Unknown'}, {'duration': 30, 'departure_time': 4740, 'arrival_time': 4770, 'day': 'current_day', 'from_stop_id': '177-3', 'to_stop_id': '177-1', 'trip_id': 'walking', 'agency_name': 'Unknown'}, {'duration': 330, 'departure_time': 4830, 'arrival_time': 5160, 'day': 'current_day', 'from_stop_id': '177-1', 'to_stop_id': 'MH-R-1', 'trip_id': '3-0-3', 'agency_name': 'Unknown'}, {'duration': 30, 'departure_time': 5160, 'arrival_time': 5190, 'day': 'current_day', 'from_stop_id': 'MH-R-1', 'to_stop_id': 'MH-R-0', 'trip_id': 'walking', 'agency_name': 'Unknown'}, {'duration': 1500, 'departure_time': 5400, 'arrival_time': 6900, 'day': 'current_day', 'from_stop_id': 'MH-R-0', 'to_stop_id': 'MH-L-0', 'trip_id': '0-1-3', 'agency_name': 'Unknown'}, {'duration': 30, 'departure_time': 6900, 'arrival_time': 6930, 'day': 'current_day', 'from_stop_id': 'MH-L-0', 'to_stop_id': 'MH-L-1', 'trip_id': 'walking', 'agency_name': 'Unknown'}, {'duration': 330, 'departure_time': 7140, 'arrival_time': 7470, 'day': 'current_day', 'from_stop_id': 'MH-L-1', 'to_stop_id': '56-1', 'trip_id': '1-1-6', 'agency_name': 'Unknown'}, {'duration': 30, 'departure_time': 7470, 'arrival_time': 7500, 'day': 'current_day', 'from_stop_id': '56-1', 'to_stop_id': '56-3', 'trip_id': 'walking', 'agency_name': 'Unknown'}, {'duration': 210, 'departure_time': 7800, 'arrival_time': 8010, 'day': 'current_day', 'from_stop_id': '56-3', 'to_stop_id': '74-3', 'trip_id': '5-1-8', 'agency_name': 'Unknown'}]}"
170,50,7140,inter,right,778,[170],[40; 49; 51; 58],0,0,500,375,7140,7200.0,9750.0,9810.0,2550.0,4.0,170,49,,,pt,3045.0,10185.0,3045.0,"{'duration': 2550, 'source_transfer_time': 0, 'waiting_time': 150, 'trip_time': 2400, 'num_transfers': 4, 'departure_time': 7200, 'departure_day': 'current_day', 'arrival_time': 9750, 'arrival_day': 'current_day', 'steps': [{'duration': 210, 'departure_time': 7350, 'arrival_time': 7560, 'day': 'current_day', 'from_stop_id': '170-5', 'to_stop_id': 'MH-R-5', 'trip_id': '10-0-7', 'agency_name': 'Unknown'}, {'duration': 30, 'departure_time': 7560, 'arrival_time': 7590, 'day': 'current_day', 'from_stop_id': 'MH-R-5', 'to_stop_id': 'MH-R-0', 'trip_id': 'walking', 'agency_name': 'Unknown'}, {'duration': 1500, 'departure_time': 7800, 'arrival_time': 9300, 'day': 'current_day', 'from_stop_id': 'MH-R-0', 'to_stop_id': 'MH-L-0', 'trip_id': '0-1-7', 'agency_name': 'Unknown'}, {'duration': 30, 'departure_time': 9300, 'arrival_time': 9330, 'day': 'current_day', 'from_stop_id': 'MH-L-0', 'to_stop_id': 'MH-L-5', 'trip_id': 'walking', 'agency_name': 'Unknown'}, {'duration': 210, 'departure_time': 9540, 'arrival_time': 9750, 'day': 'current_day', 'from_stop_id': 'MH-L-5', 'to_stop_id': '49-5', 'trip_id': '8-1-10', 'agency_name': 'Unknown'}]}"
153,85,7260,inter,right,779,[131; 141; 151],[85],1000,751,0,0,8011,8071.0,12030.0,12090.0,3959.0,4.0,131,85,,,pt,4830.0,12090.0,4830.0,"{'duration': 3959, 'source_transfer_time': 0, 'waiting_time': 119, 'trip_time': 3840, 'num_transfers': 4, 'departure_time': 8071, 'departure_day': 'current_day', 'arrival_time': 12030, 'arrival_day': 'current_day', 'steps': [{'duration': 1170, 'departure_time': 8190, 'arrival_time': 9360, 'day': 'current_day', 'from_stop_id': '131-5', 'to_stop_id': 'MH-R-5', 'trip_id': '10-0-10', 'agency_name': 'Unknown'}, {'duration': 30, 'departure_time': 9360, 'arrival_time': 9390, 'day': 'current_day', 'from_stop_id': 'MH-R-5', 'to_stop_id': 'MH-R-0', 'trip_id': 'walking', 'agency_name': 'Unknown'}, {'duration': 1500, 'departure_time': 9600, 'arrival_time': 11100, 'day': 'current_day', 'from_stop_id': 'MH-R-0', 'to_stop_id': 'MH-L-0', 'trip_id': '0-1-10', 'agency_name': 'Unknown'}, {'duration': 30, 'departure_time': 11100, 'arrival_time': 11130, 'day': 'current_day', 'from_stop_id': 'MH-L-0', 'to_stop_id': 'MH-L-5', 'trip_id': 'walking', 'agency_name': 'Unknown'}, {'duration': 690, 'departure_time': 11340, 'arrival_time': 12030, 'day': 'current_day', 'from_stop_id': 'MH-L-5', 'to_stop_id': '85-5', 'trip_id': '8-0-13', 'agency_name': 'Unknown'}]}"
234,21,10440,inter,right,780,[212; 224; 236],[10; 20],1000,751,500,375,11191,11251.0,15270.0,15330.0,4019.0,4.0,212,20,,,pt,5265.0,15705.0,5265.0,"{'duration': 4019, 'source_transfer_time': 0, 'waiting_time': 419, 'trip_time': 3600, 'num_transfers': 4, 'departure_time': 11251, 'departure_day': 'current_day', 'arrival_time': 15270, 'arrival_day': 'current_day', 'steps': [{'duration': 690, 'departure_time': 11670, 'arrival_time': 12360, 'day': 'current_day', 'from_stop_id': '212-4', 'to_stop_id': 'MH-R-4', 'trip_id': '9-1-15', 'agency_name': 'Unknown'}, {'duration': 30, 'departure_time': 12360, 'arrival_time': 12390, 'day': 'current_day', 'from_stop_id': 'MH-R-4', 'to_stop_id': 'MH-R-0', 'trip_id': 'walking', 'agency_name': 'Unknown'}, {'duration': 1500, 'departure_time': 12600, 'arrival_time': 14100, 'day': 'current_day', 'from_stop_id': 'MH-R-0', 'to_stop_id': 'MH-L-0', 'trip_id': '0-1-15', 'agency_name': 'Unknown'}, {'duration': 30, 'departure_time': 14100, 'arrival_time': 14130, 'day': 'current_day', 'from_stop_id': 'MH-L-0', 'to_stop_id': 'MH-L-5', 'trip_id': 'walking', 'agency_name': 'Unknown'}, {'duration': 930, 'departure_time': 14340, 'arrival_time': 15270, 'day': 'current_day', 'from_stop_id': 'MH-L-5', 'to_stop_id': '20-5', 'trip_id': '8-1-18', 'agency_name': 'Unknown'}]}"
129,20,5850,inter,right,781,[130; 140],[20],500,375,0,0,6225,6285.0,10470.0,10530.0,4185.0,4.0,130,20,,,pt,4680.0,10530.0,4680.0,"{'duration': 4185, 'source_transfer_time': 0, 'waiting_time': 225, 'trip_time': 3960, 'num_transfers': 4, 'departure_time': 6285, 'departure_day': 'current_day', 'arrival_time': 10470, 'arrival_day': 'current_day', 'steps': [{'duration': 1050, 'departure_time': 6510, 'arrival_time': 7560, 'day': 'current_day', 'from_stop_id': '130-5', 'to_stop_id': 'MH-R-5', 'trip_id': '10-0-7', 'agency_name': 'Unknown'}, {'duration': 30, 'departure_time': 7560, 'arrival_time': 7590, 'day': 'current_day', 'from_stop_id': 'MH-R-5', 'to_stop_id': 'MH-R-0', 'trip_id': 'walking', 'agency_name': 'Unknown'}, {'duration': 1500, 'departure_time': 7800, 'arrival_time': 9300, 'day': 'current_day', 'from_stop_id': 'MH-R-0', 'to_stop_id': 'MH-L-0', 'trip_id': '0-1-7', 'agency_name': 'Unknown'}, {'duration': 30, 'departure_time': 9300, 'arrival_time': 9330, 'day': 'current_day', 'from_stop_id': 'MH-L-0', 'to_stop_id': 'MH-L-5', 'trip_id': 'walking', 'agency_name': 'Unknown'}, {'duration': 930, 'departure_time': 9540, 'arrival_time': 10470, 'day': 'current_day', 'from_stop_id': 'MH-L-5', 'to_stop_id': '20-5', 'trip_id': '8-1-10', 'agency_name': 'Unknown'}]}"
236,59,7710,inter,right,782,[236],[59],0,0,0,0,7710,7770.0,11670.0,11730.0,3900.0,4.0,236,59,,,pt,4020.0,11730.0,4020.0,"{'duration': 3900, 'source_transfer_time': 0, 'waiting_time': 420, 'trip_time': 3480, 'num_transfers': 4, 'departure_time': 7770, 'departure_day': 'current_day', 'arrival_time': 11670, 'arrival_day': 'current_day', 'steps': [{'duration': 1170, 'departure_time': 8190, 'arrival_time': 9360, 'day': 'current_day', 'from_stop_id': '236-4', 'to_stop_id': 'MH-R-4', 'trip_id': '9-1-10', 'agency_name': 'Unknown'}, {'duration': 30, 'departure_time': 9360, 'arrival_time': 9390, 'day': 'current_day', 'from_stop_id': 'MH-R-4', 'to_stop_id': 'MH-R-0', 'trip_id': 'walking', 'agency_name': 'Unknown'}, {'duration': 1500, 'departure_time': 9600, 'arrival_time': 11100, 'day': 'current_day', 'from_stop_id': 'MH-R-0', 'to_stop_id': 'MH-L-0', 'trip_id': '0-1-10', 'agency_name': 'Unknown'}, {'duration': 30, 'departure_time': 11100, 'arrival_time': 11130, 'day': 'current_day', 'from_stop_id': 'MH-L-0', 'to_stop_id': 'MH-L-1', 'trip_id': 'walking', 'agency_name': 'Unknown'}, {'duration': 330, 'departure_time': 11340, 'arrival_time': 11670, 'day': 'current_day', 'from_stop_id': 'MH-L-1', 'to_stop_id': '59-1', 'trip_id': '1-0-13', 'agency_name': 'Unknown'}]}"
130,63,4380,inter,right,783,[130],[55; 64],0,0,500,375,4380,4440.0,8220.0,8280.0,3780.0,4.0,130,55,,,pt,4275.0,8655.0,4275.0,"{'duration': 3780, 'source_transfer_time': 0, 'waiting_time': 270, 'trip_time': 3510, 'num_transfers': 4, 'departure_time': 4440, 'departure_day': 'current_day', 'arrival_time': 8220, 'arrival_day': 'current_day', 'steps': [{'duration': 1050, 'departure_time': 4710, 'arrival_time': 5760, 'day': 'current_day', 'from_stop_id': '130-5', 'to_stop_id': 'MH-R-5', 'trip_id': '10-0-4', 'agency_name': 'Unknown'}, {'duration': 30, 'departure_time': 5760, 'arrival_time': 5790, 'day': 'current_day', 'from_stop_id': 'MH-R-5', 'to_stop_id': 'MH-R-0', 'trip_id': 'walking', 'agency_name': 'Unknown'}, {'duration': 1500, 'departure_time': 6000, 'arrival_time': 7500, 'day': 'current_day', 'from_stop_id': 'MH-R-0', 'to_stop_id': 'MH-L-0', 'trip_id': '0-1-4', 'agency_name': 'Unknown'}, {'duration': 30, 'departure_time': 7500, 'arrival_time': 7530, 'day': 'current_day', 'from_stop_id': 'MH-L-0', 'to_stop_id': 'MH-L-1', 'trip_id': 'walking', 'agency_name': 'Unknown'}, {'duration': 480, 'departure_time': 7740, 'arrival_time': 8220, 'day': 'current_day', 'from_stop_id': 'MH-L-1', 'to_stop_id': '55-1', 'trip_id': '1-1-7', 'agency_name': 'Unknown'}]}"
161,5,11370,inter,right,784,[161],[5],0,0,0,0,11370,11430.0,14940.0,15000.0,3510.0,4.0,161,5,,,pt,3630.0,15000.0,3630.0,"{'duration': 3510, 'source_transfer_time': 0, 'waiting_time': 480, 'trip_time': 3030, 'num_transfers': 4, 'departure_time': 11430, 'departure_day': 'current_day', 'arrival_time': 14940, 'arrival_day': 'current_day', 'steps': [{'duration': 450, 'departure_time': 11910, 'arrival_time': 12360, 'day': 'current_day', 'from_stop_id': '161-5', 'to_stop_id': 'MH-R-5', 'trip_id': '10-0-15', 'agency_name': 'Unknown'}, {'duration': 30, 'departure_time': 12360, 'arrival_time': 12390, 'day': 'current_day', 'from_stop_id': 'MH-R-5', 'to_stop_id': 'MH-R-0', 'trip_id': 'walking', 'agency_name': 'Unknown'}, {'duration': 1500, 'departure_time': 12600, 'arrival_time': 14100, 'day': 'current_day', 'from_stop_id': 'MH-R-0', 'to_stop_id': 'MH-L-0', 'trip_id': '0-1-15', 'agency_name': 'Unknown'}, {'duration': 30, 'departure_time': 14100, 'arrival_time': 14130, 'day': 'current_day', 'from_stop_id': 'MH-L-0', 'to_stop_id': 'MH-L-2', 'trip_id': 'walking', 'agency_name': 'Unknown'}, {'duration': 600, 'departure_time': 14340, 'arrival_time': 14940, 'day': 'current_day', 'from_stop_id': 'MH-L-2', 'to_stop_id': '5-2', 'trip_id': '2-0-18', 'agency_name': 'Unknown'}]}"
151,44,4230,inter,right,785,[151],[54],0,0,500,375,4230,4290.0,7740.0,7800.0,3450.0,4.0,151,54,,,pt,3945.0,8175.0,3945.0,"{'duration': 3450, 'source_transfer_time': 0, 'waiting_time': 180, 'trip_time': 3270, 'num_transfers': 4, 'departure_time': 4290, 'departure_day': 'current_day', 'arrival_time': 7740, 'arrival_day': 'current_day', 'steps': [{'duration': 690, 'departure_time': 4470, 'arrival_time': 5160, 'day': 'current_day', 'from_stop_id': '151-5', 'to_stop_id': 'MH-R-5', 'trip_id': '10-0-3', 'agency_name': 'Unknown'}, {'duration': 30, 'departure_time': 5160, 'arrival_time': 5190, 'day': 'current_day', 'from_stop_id': 'MH-R-5', 'to_stop_id': 'MH-R-0', 'trip_id': 'walking', 'agency_name': 'Unknown'}, {'duration': 1500, 'departure_time': 5400, 'arrival_time': 6900, 'day': 'current_day', 'from_stop_id': 'MH-R-0', 'to_stop_id': 'MH-L-0', 'trip_id': '0-1-3', 'agency_name': 'Unknown'}, {'duration': 30, 'departure_time': 6900, 'arrival_time': 6930, 'day': 'current_day', 'from_stop_id': 'MH-L-0', 'to_stop_id': 'MH-L-1', 'trip_id': 'walking', 'agency_name': 'Unknown'}, {'duration': 600, 'departure_time': 7140, 'arrival_time': 7740, 'day': 'current_day', 'from_stop_id': 'MH-L-1', 'to_stop_id': '54-1', 'trip_id': '1-1-6', 'agency_name': 'Unknown'}]}"
147,34,8010,inter,right,786,[147],[23; 35],0,0,500,375,8010,8070.0,11910.0,11970.0,3840.0,6.0,147,35,,,pt,4335.0,12345.0,4335.0,"{'duration': 3840, 'source_transfer_time': 0, 'waiting_time': 330, 'trip_time': 3510, 'num_transfers': 6, 'departure_time': 8070, 'departure_day': 'current_day', 'arrival_time': 11910, 'arrival_day': 'current_day', 'steps': [{'duration': 90, 'departure_time': 8400, 'arrival_time': 8490, 'day': 'current_day', 'from_stop_id': '147-3', 'to_stop_id': '148-3', 'trip_id': '6-0-8', 'agency_name': 'Unknown'}, {'duration': 30, 'departure_time': 8490, 'arrival_time': 8520, 'day': 'current_day', 'from_stop_id': '148-3', 'to_stop_id': '148-2', 'trip_id': 'walking', 'agency_name': 'Unknown'}, {'duration': 330, 'departure_time': 9030, 'arrival_time': 9360, 'day': 'current_day', 'from_stop_id': '148-2', 'to_stop_id': 'MH-R-2', 'trip_id': '4-1-10', 'agency_name': 'Unknown'}, {'duration': 30, 'departure_time': 9360, 'arrival_time': 9390, 'day': 'current_day', 'from_stop_id': 'MH-R-2', 'to_stop_id': 'MH-R-0', 'trip_id': 'walking', 'agency_name': 'Unknown'}, {'duration': 1500, 'departure_time': 9600, 'arrival_time': 11100, 'day': 'current_day', 'from_stop_id': 'MH-R-0', 'to_stop_id': 'MH-L-0', 'trip_id': '0-1-10', 'agency_name': 'Unknown'}, {'duration': 30, 'departure_time': 11100, 'arrival_time': 11130, 'day': 'current_day', 'from_stop_id': 'MH-L-0', 'to_stop_id': 'MH-L-4', 'trip_id': 'walking', 'agency_name': 'Unknown'}, {'duration': 570, 'departure_time': 11340, 'arrival_time': 11910, 'day': 'current_day', 'from_stop_id': 'MH-L-4', 'to_stop_id': '35-4', 'trip_id': '7-1-13', 'agency_name': 'Unknown'}]}"
158,0,13740,inter,right,787,[147; 157; 159; 169],[0],500,375,0,0,14115,14175.0,17910.0,17970.0,3735.0,4.0,157,0,,,pt,4230.0,17970.0,4230.0,"{'duration': 3735, 'source_transfer_time': 0, 'waiting_time': 135, 'trip_time': 3600, 'num_transfers': 4, 'departure_time': 14175, 'departure_day': 'current_day', 'arrival_time': 17910, 'arrival_day': 'current_day', 'steps': [{'duration': 450, 'departure_time': 14310, 'arrival_time': 14760, 'day': 'current_day', 'from_stop_id': '157-4', 'to_stop_id': 'MH-R-4', 'trip_id': '9-0-19', 'agency_name': 'Unknown'}, {'duration': 30, 'departure_time': 14760, 'arrival_time': 14790, 'day': 'current_day', 'from_stop_id': 'MH-R-4', 'to_stop_id': 'MH-R-0', 'trip_id': 'walking', 'agency_name': 'Unknown'}, {'duration': 1500, 'departure_time': 15000, 'arrival_time': 16500, 'day': 'current_day', 'from_stop_id': 'MH-R-0', 'to_stop_id': 'MH-L-0', 'trip_id': '0-1-19', 'agency_name': 'Unknown'}, {'duration': 30, 'departure_time': 16500, 'arrival_time': 16530, 'day': 'current_day', 'from_stop_id': 'MH-L-0', 'to_stop_id': 'MH-L-4', 'trip_id': 'walking', 'agency_name': 'Unknown'}, {'duration': 1170, 'departure_time': 16740, 'arrival_time': 17910, 'day': 'current_day', 'from_stop_id': 'MH-L-4', 'to_stop_id': '0-4', 'trip_id': '7-1-22', 'agency_name': 'Unknown'}]}"
222,54,12990,inter,right,788,[211],[54],500,375,0,0,13365,13425.0,17340.0,17400.0,3915.0,6.0,211,54,,,pt,4410.0,17400.0,4410.0,"{'duration': 3915, 'source_transfer_time': 0, 'waiting_time': 165, 'trip_time': 3750, 'num_transfers': 6, 'departure_time': 13425, 'departure_day': 'current_day', 'arrival_time': 17340, 'arrival_day': 'current_day', 'steps': [{'duration': 90, 'departure_time': 13590, 'arrival_time': 13680, 'day': 'current_day', 'from_stop_id': '211-3', 'to_stop_id': '212-3', 'trip_id': '6-1-16', 'agency_name': 'Unknown'}, {'duration': 30, 'departure_time': 13680, 'arrival_time': 13710, 'day': 'current_day', 'from_stop_id': '212-3', 'to_stop_id': '212-4', 'trip_id': 'walking', 'agency_name': 'Unknown'}, {'duration': 690, 'departure_time': 14070, 'arrival_time': 14760, 'day': 'current_day', 'from_stop_id': '212-4', 'to_stop_id': 'MH-R-4', 'trip_id': '9-1-19', 'agency_name': 'Unknown'}, {'duration': 30, 'departure_time': 14760, 'arrival_time': 14790, 'day': 'current_day', 'from_stop_id': 'MH-R-4', 'to_stop_id': 'MH-R-0', 'trip_id': 'walking', 'agency_name': 'Unknown'}, {'duration': 1500, 'departure_time': 15000, 'arrival_time': 16500, 'day': 'current_day', 'from_stop_id': 'MH-R-0', 'to_stop_id': 'MH-L-0', 'trip_id': '0-1-19', 'agency_name': 'Unknown'}, {'duration': 30, 'departure_time': 16500, 'arrival_time': 16530, 'day': 'current_day', 'from_stop_id': 'MH-L-0', 'to_stop_id': 'MH-L-1', 'trip_id': 'walking', 'agency_name': 'Unknown'}, {'duration': 600, 'departure_time': 16740, 'arrival_time': 17340, 'day': 'current_day', 'from_stop_id': 'MH-L-1', 'to_stop_id': '54-1', 'trip_id': '1-1-22', 'agency_name': 'Unknown'}]}"
223,48,11430,inter,right,789,[212; 224],[48],500,375,0,0,11805,11865.0,15150.0,15210.0,3285.0,4.0,212,48,,,pt,3780.0,15210.0,3780.0,"{'duration': 3285, 'source_transfer_time': 0, 'waiting_time': 405, 'trip_time': 2880, 'num_transfers': 4, 'departure_time': 11865, 'departure_day': 'current_day', 'arrival_time': 15150, 'arrival_day': 'current_day', 'steps': [{'duration': 690, 'departure_time': 12270, 'arrival_time': 12960, 'day': 'current_day', 'from_stop_id': '212-4', 'to_stop_id': 'MH-R-4', 'trip_id': '9-1-16', 'agency_name': 'Unknown'}, {'duration': 30, 'departure_time': 12960, 'arrival_time': 12990, 'day': 'current_day', 'from_stop_id': 'MH-R-4', 'to_stop_id': 'MH-R-0', 'trip_id': 'walking', 'agency_name': 'Unknown'}, {'duration': 1500, 'departure_time': 13200, 'arrival_time': 14700, 'day': 'current_day', 'from_stop_id': 'MH-R-0', 'to_stop_id': 'MH-L-0', 'trip_id': '0-1-16', 'agency_name': 'Unknown'}, {'duration': 30, 'departure_time': 14700, 'arrival_time': 14730, 'day': 'current_day', 'from_stop_id': 'MH-L-0', 'to_stop_id': 'MH-L-4', 'trip_id': 'walking', 'agency_name': 'Unknown'}, {'duration': 210, 'departure_time': 14940, 'arrival_time': 15150, 'day': 'current_day', 'from_stop_id': 'MH-L-4', 'to_stop_id': '48-4', 'trip_id': '7-1-19', 'agency_name': 'Unknown'}]}"
227,105,8820,inter,right,790,[227],[105],0,0,0,0,8820,8880.0,13110.0,13170.0,4230.0,4.0,227,105,,,pt,4350.0,13170.0,4350.0,"{'duration': 4230, 'source_transfer_time': 0, 'waiting_time': 30, 'trip_time': 4200, 'num_transfers': 4, 'departure_time': 8880, 'departure_day': 'current_day', 'arrival_time': 13110, 'arrival_day': 'current_day', 'steps': [{'duration': 1050, 'departure_time': 8910, 'arrival_time': 9960, 'day': 'current_day', 'from_stop_id': '227-5', 'to_stop_id': 'MH-R-5', 'trip_id': '10-1-11', 'agency_name': 'Unknown'}, {'duration': 30, 'departure_time': 9960, 'arrival_time': 9990, 'day': 'current_day', 'from_stop_id': 'MH-R-5', 'to_stop_id': 'MH-R-0', 'trip_id': 'walking', 'agency_name': 'Unknown'}, {'duration': 1500, 'departure_time': 10200, 'arrival_time': 11700, 'day': 'current_day', 'from_stop_id': 'MH-R-0', 'to_stop_id': 'MH-L-0', 'trip_id': '0-1-11', 'agency_name': 'Unknown'}, {'duration': 30, 'departure_time': 11700, 'arrival_time': 11730, 'day': 'current_day', 'from_stop_id': 'MH-L-0', 'to_stop_id': 'MH-L-5', 'trip_id': 'walking', 'agency_name': 'Unknown'}, {'duration': 1170, 'departure_time': 11940, 'arrival_time': 13110, 'day': 'current_day', 'from_stop_id': 'MH-L-5', 'to_stop_id': '105-5', 'trip_id': '8-0-14', 'agency_name': 'Unknown'}]}"
177,48,7830,inter,right,791,[177],[48],0,0,0,0,7830,7890.0,10950.0,11010.0,3060.0,4.0,177,48,,,pt,3180.0,11010.0,3180.0,"{'duration': 3060, 'source_transfer_time': 0, 'waiting_time': 540, 'trip_time': 2520, 'num_transfers': 4, 'departure_time': 7890, 'departure_day': 'current_day', 'arrival_time': 10950, 'arrival_day': 'current_day', 'steps': [{'duration': 330, 'departure_time': 8430, 'arrival_time': 8760, 'day': 'current_day', 'from_stop_id': '177-1', 'to_stop_id': 'MH-R-1', 'trip_id': '3-0-9', 'agency_name': 'Unknown'}, {'duration': 30, 'departure_time': 8760, 'arrival_time': 8790, 'day': 'current_day', 'from_stop_id': 'MH-R-1', 'to_stop_id': 'MH-R-0', 'trip_id': 'walking', 'agency_name': 'Unknown'}, {'duration': 1500, 'departure_time': 9000, 'arrival_time': 10500, 'day': 'current_day', 'from_stop_id': 'MH-R-0', 'to_stop_id': 'MH-L-0', 'trip_id': '0-1-9', 'agency_name': 'Unknown'}, {'duration': 30, 'departure_time': 10500, 'arrival_time': 10530, 'day': 'current_day', 'from_stop_id': 'MH-L-0', 'to_stop_id': 'MH-L-4', 'trip_id': 'walking', 'agency_name': 'Unknown'}, {'duration': 210, 'departure_time': 10740, 'arrival_time': 10950, 'day': 'current_day', 'from_stop_id': 'MH-L-4', 'to_stop_id': '48-4', 'trip_id': '7-1-12', 'agency_name': 'Unknown'}]}"
153,111,13260,inter,right,792,[131; 141; 151],[110],1000,751,500,375,14011,14071.0,17940.0,18000.0,3869.0,4.0,131,110,,,pt,5115.0,18375.0,5115.0,"{'duration': 3869, 'source_transfer_time': 0, 'waiting_time': 119, 'trip_time': 3750, 'num_transfers': 4, 'departure_time': 14071, 'departure_day': 'current_day', 'arrival_time': 17940, 'arrival_day': 'current_day', 'steps': [{'duration': 1170, 'departure_time': 14190, 'arrival_time': 15360, 'day': 'current_day', 'from_stop_id': '131-5', 'to_stop_id': 'MH-R-5', 'trip_id': '10-0-20', 'agency_name': 'Unknown'}, {'duration': 30, 'departure_time': 15360, 'arrival_time': 15390, 'day': 'current_day', 'from_stop_id': 'MH-R-5', 'to_stop_id': 'MH-R-0', 'trip_id': 'walking', 'agency_name': 'Unknown'}, {'duration': 1500, 'departure_time': 15600, 'arrival_time': 17100, 'day': 'current_day', 'from_stop_id': 'MH-R-0', 'to_stop_id': 'MH-L-0', 'trip_id': '0-1-20', 'agency_name': 'Unknown'}, {'duration': 30, 'departure_time': 17100, 'arrival_time': 17130, 'day': 'current_day', 'from_stop_id': 'MH-L-0', 'to_stop_id': 'MH-L-2', 'trip_id': 'walking', 'agency_name': 'Unknown'}, {'duration': 600, 'departure_time': 17340, 'arrival_time': 17940, 'day': 'current_day', 'from_stop_id': 'MH-L-2', 'to_stop_id': '110-2', 'trip_id': '2-1-23', 'agency_name': 'Unknown'}]}"
151,113,5700,inter,right,793,[151],[91; 103; 115],0,0,1000,751,5700,5760.0,9630.0,9690.0,3870.0,4.0,151,91,,,pt,4741.0,10441.0,4741.0,"{'duration': 3870, 'source_transfer_time': 0, 'waiting_time': 510, 'trip_time': 3360, 'num_transfers': 4, 'departure_time': 5760, 'departure_day': 'current_day', 'arrival_time': 9630, 'arrival_day': 'current_day', 'steps': [{'duration': 690, 'departure_time': 6270, 'arrival_time': 6960, 'day': 'current_day', 'from_stop_id': '151-5', 'to_stop_id': 'MH-R-5', 'trip_id': '10-0-6', 'agency_name': 'Unknown'}, {'duration': 30, 'departure_time': 6960, 'arrival_time': 6990, 'day': 'current_day', 'from_stop_id': 'MH-R-5', 'to_stop_id': 'MH-R-0', 'trip_id': 'walking', 'agency_name': 'Unknown'}, {'duration': 1500, 'departure_time': 7200, 'arrival_time': 8700, 'day': 'current_day', 'from_stop_id': 'MH-R-0', 'to_stop_id': 'MH-L-0', 'trip_id': '0-1-6', 'agency_name': 'Unknown'}, {'duration': 30, 'departure_time': 8700, 'arrival_time': 8730, 'day': 'current_day', 'from_stop_id': 'MH-L-0', 'to_stop_id': 'MH-L-4', 'trip_id': 'walking', 'agency_name': 'Unknown'}, {'duration': 690, 'departure_time': 8940, 'arrival_time': 9630, 'day': 'current_day', 'from_stop_id': 'MH-L-4', 'to_stop_id': '91-4', 'trip_id': '7-0-9', 'agency_name': 'Unknown'}]}"
187,37,11010,inter,right,794,[187],[26; 36; 38; 48],0,0,500,375,11010,11070.0,13950.0,14010.0,2880.0,4.0,187,38,,,pt,3375.0,14385.0,3375.0,"{'duration': 2880, 'source_transfer_time': 0, 'waiting_time': 480, 'trip_time': 2400, 'num_transfers': 4, 'departure_time': 11070, 'departure_day': 'current_day', 'arrival_time': 13950, 'arrival_day': 'current_day', 'steps': [{'duration': 210, 'departure_time': 11550, 'arrival_time': 11760, 'day': 'current_day', 'from_stop_id': '187-5', 'to_stop_id': 'MH-R-5', 'trip_id': '10-1-14', 'agency_name': 'Unknown'}, {'duration': 30, 'departure_time': 11760, 'arrival_time': 11790, 'day': 'current_day', 'from_stop_id': 'MH-R-5', 'to_stop_id': 'MH-R-0', 'trip_id': 'walking', 'agency_name': 'Unknown'}, {'duration': 1500, 'departure_time': 12000, 'arrival_time': 13500, 'day': 'current_day', 'from_stop_id': 'MH-R-0', 'to_stop_id': 'MH-L-0', 'trip_id': '0-1-14', 'agency_name': 'Unknown'}, {'duration': 30, 'departure_time': 13500, 'arrival_time': 13530, 'day': 'current_day', 'from_stop_id': 'MH-L-0', 'to_stop_id': 'MH-L-2', 'trip_id': 'walking', 'agency_name': 'Unknown'}, {'duration': 210, 'departure_time': 13740, 'arrival_time': 13950, 'day': 'current_day', 'from_stop_id': 'MH-L-2', 'to_stop_id': '38-2', 'trip_id': '2-0-17', 'agency_name': 'Unknown'}]}"
202,114,4530,inter,right,795,[201; 213],[103; 115],500,375,500,375,4905,4965.0,8670.0,8730.0,3705.0,4.0,201,103,,,pt,4575.0,9105.0,4575.0,"{'duration': 3705, 'source_transfer_time': 0, 'waiting_time': 225, 'trip_time': 3480, 'num_transfers': 4, 'departure_time': 4965, 'departure_day': 'current_day', 'arrival_time': 8670, 'arrival_day': 'current_day', 'steps': [{'duration': 570, 'departure_time': 5190, 'arrival_time': 5760, 'day': 'current_day', 'from_stop_id': '201-4', 'to_stop_id': 'MH-R-4', 'trip_id': '9-1-4', 'agency_name': 'Unknown'}, {'duration': 30, 'departure_time': 5760, 'arrival_time': 5790, 'day': 'current_day', 'from_stop_id': 'MH-R-4', 'to_stop_id': 'MH-R-0', 'trip_id': 'walking', 'agency_name': 'Unknown'}, {'duration': 1500, 'departure_time': 6000, 'arrival_time': 7500, 'day': 'current_day', 'from_stop_id': 'MH-R-0', 'to_stop_id': 'MH-L-0', 'trip_id': '0-1-4', 'agency_name': 'Unknown'}, {'duration': 30, 'departure_time': 7500, 'arrival_time': 7530, 'day': 'current_day', 'from_stop_id': 'MH-L-0', 'to_stop_id': 'MH-L-4', 'trip_id': 'walking', 'agency_name': 'Unknown'}, {'duration': 930, 'departure_time': 7740, 'arrival_time': 8670, 'day': 'current_day', 'from_stop_id': 'MH-L-4', 'to_stop_id': '103-4', 'trip_id': '7-0-7', 'agency_name': 'Unknown'}]}"
173,51,6150,inter,right,796,[172; 181],[51],500,375,0,0,6525,6585.0,9990.0,10050.0,3405.0,8.0,172,51,,,pt,3900.0,10050.0,3900.0,"{'duration': 3405, 'source_transfer_time': 0, 'waiting_time': 165, 'trip_time': 3240, 'num_transfers': 8, 'departure_time': 6585, 'departure_day': 'current_day', 'arrival_time': 9990, 'arrival_day': 'current_day', 'steps': [{'duration': 90, 'departure_time': 6750, 'arrival_time': 6840, 'day': 'current_day', 'from_stop_id': '172-3', 'to_stop_id': '180-3', 'trip_id': '6-0-4', 'agency_name': 'Unknown'}, {'duration': 30, 'departure_time': 6840, 'arrival_time': 6870, 'day': 'current_day', 'from_stop_id': '180-3', 'to_stop_id': '180-1', 'trip_id': 'walking', 'agency_name': 'Unknown'}, {'duration': 330, 'departure_time': 7230, 'arrival_time': 7560, 'day': 'current_day', 'from_stop_id': '180-1', 'to_stop_id': 'MH-R-1', 'trip_id': '3-1-7', 'agency_name': 'Unknown'}, {'duration': 30, 'departure_time': 7560, 'arrival_time': 7590, 'day': 'current_day', 'from_stop_id': 'MH-R-1', 'to_stop_id': 'MH-R-0', 'trip_id': 'walking', 'agency_name': 'Unknown'}, {'duration': 1500, 'departure_time': 7800, 'arrival_time': 9300, 'day': 'current_day', 'from_stop_id': 'MH-R-0', 'to_stop_id': 'MH-L-0', 'trip_id': '0-1-7', 'agency_name': 'Unknown'}, {'duration': 30, 'departure_time': 9300, 'arrival_time': 9330, 'day': 'current_day', 'from_stop_id': 'MH-L-0', 'to_stop_id': 'MH-L-1', 'trip_id': 'walking', 'agency_name': 'Unknown'}, {'duration': 330, 'departure_time': 9540, 'arrival_time': 9870, 'day': 'current_day', 'from_stop_id': 'MH-L-1', 'to_stop_id': '59-1', 'trip_id': '1-0-10', 'agency_name': 'Unknown'}, {'duration': 30, 'departure_time': 9870, 'arrival_time': 9900, 'day': 'current_day', 'from_stop_id': '59-1', 'to_stop_id': '59-3', 'trip_id': 'walking', 'agency_name': 'Unknown'}, {'duration': 90, 'departure_time': 9900, 'arrival_time': 9990, 'day': 'current_day', 'from_stop_id': '59-3', 'to_stop_id': '51-3', 'trip_id': '5-1-9', 'agency_name': 'Unknown'}]}"
131,6,13110,inter,right,797,[131],[5],0,0,500,375,13110,13170.0,17340.0,17400.0,4170.0,4.0,131,5,,,pt,4665.0,17775.0,4665.0,"{'duration': 4170, 'source_transfer_time': 0, 'waiting_time': 420, 'trip_time': 3750, 'num_transfers': 4, 'departure_time': 13170, 'departure_day': 'current_day', 'arrival_time': 17340, 'arrival_day': 'current_day', 'steps': [{'duration': 1170, 'departure_time': 13590, 'arrival_time': 14760, 'day': 'current_day', 'from_stop_id': '131-5', 'to_stop_id': 'MH-R-5', 'trip_id': '10-0-19', 'agency_name': 'Unknown'}, {'duration': 30, 'departure_time': 14760, 'arrival_time': 14790, 'day': 'current_day', 'from_stop_id': 'MH-R-5', 'to_stop_id': 'MH-R-0', 'trip_id': 'walking', 'agency_name': 'Unknown'}, {'duration': 1500, 'departure_time': 15000, 'arrival_time': 16500, 'day': 'current_day', 'from_stop_id': 'MH-R-0', 'to_stop_id': 'MH-L-0', 'trip_id': '0-1-19', 'agency_name': 'Unknown'}, {'duration': 30, 'departure_time': 16500, 'arrival_time': 16530, 'day': 'current_day', 'from_stop_id': 'MH-L-0', 'to_stop_id': 'MH-L-2', 'trip_id': 'walking', 'agency_name': 'Unknown'}, {'duration': 600, 'departure_time': 16740, 'arrival_time': 17340, 'day': 'current_day', 'from_stop_id': 'MH-L-2', 'to_stop_id': '5-2', 'trip_id': '2-0-22', 'agency_name': 'Unknown'}]}"
139,36,14400,inter,right,798,[140; 150],[36],500,375,0,0,14775,14835.0,18390.0,18450.0,3555.0,4.0,140,36,,,pt,4050.0,18450.0,4050.0,"{'duration': 3555, 'source_transfer_time': 0, 'waiting_time': 315, 'trip_time': 3240, 'num_transfers': 4, 'departure_time': 14835, 'departure_day': 'current_day', 'arrival_time': 18390, 'arrival_day': 'current_day', 'steps': [{'duration': 810, 'departure_time': 15150, 'arrival_time': 15960, 'day': 'current_day', 'from_stop_id': '140-5', 'to_stop_id': 'MH-R-5', 'trip_id': '10-0-21', 'agency_name': 'Unknown'}, {'duration': 30, 'departure_time': 15960, 'arrival_time': 15990, 'day': 'current_day', 'from_stop_id': 'MH-R-5', 'to_stop_id': 'MH-R-0', 'trip_id': 'walking', 'agency_name': 'Unknown'}, {'duration': 1500, 'departure_time': 16200, 'arrival_time': 17700, 'day': 'current_day', 'from_stop_id': 'MH-R-0', 'to_stop_id': 'MH-L-0', 'trip_id': '0-1-21', 'agency_name': 'Unknown'}, {'duration': 30, 'departure_time': 17700, 'arrival_time': 17730, 'day': 'current_day', 'from_stop_id': 'MH-L-0', 'to_stop_id': 'MH-L-4', 'trip_id': 'walking', 'agency_name': 'Unknown'}, {'duration': 450, 'departure_time': 17940, 'arrival_time': 18390, 'day': 'current_day', 'from_stop_id': 'MH-L-4', 'to_stop_id': '36-4', 'trip_id': '7-1-24', 'agency_name': 'Unknown'}]}"
150,90,7710,inter,right,799,[150],[90],0,0,0,0,7710,7770.0,11550.0,11610.0,3780.0,7.0,150,90,,,pt,3900.0,11610.0,3900.0,"{'duration': 3780, 'source_transfer_time': 0, 'waiting_time': 420, 'trip_time': 3360, 'num_transfers': 7, 'departure_time': 7770, 'departure_day': 'current_day', 'arrival_time': 11550, 'arrival_day': 'current_day', 'steps': [{'duration': 570, 'departure_time': 8190, 'arrival_time': 8760, 'day': 'current_day', 'from_stop_id': '150-5', 'to_stop_id': 'MH-R-5', 'trip_id': '10-0-9', 'agency_name': 'Unknown'}, {'duration': 30, 'departure_time': 8760, 'arrival_time': 8790, 'day': 'current_day', 'from_stop_id': 'MH-R-5', 'to_stop_id': 'MH-R-0', 'trip_id': 'walking', 'agency_name': 'Unknown'}, {'duration': 1500, 'departure_time': 9000, 'arrival_time': 10500, 'day': 'current_day', 'from_stop_id': 'MH-R-0', 'to_stop_id': 'MH-L-0', 'trip_id': '0-1-9', 'agency_name': 'Unknown'}, {'duration': 30, 'departure_time': 10500, 'arrival_time': 10530, 'day': 'current_day', 'from_stop_id': 'MH-L-0', 'to_stop_id': 'MH-L-1', 'trip_id': 'walking', 'agency_name': 'Unknown'}, {'duration': 330, 'departure_time': 10740, 'arrival_time': 11070, 'day': 'current_day', 'from_stop_id': 'MH-L-1', 'to_stop_id': '59-1', 'trip_id': '1-0-12', 'agency_name': 'Unknown'}, {'duration': 30, 'departure_time': 11070, 'arrival_time': 11100, 'day': 'current_day', 'from_stop_id': '59-1', 'to_stop_id': '59-3', 'trip_id': 'walking', 'agency_name': 'Unknown'}, {'duration': 330, 'departure_time': 11100, 'arrival_time': 11430, 'day': 'current_day', 'from_stop_id': '59-3', 'to_stop_id': '91-3', 'trip_id': '5-0-11', 'agency_name': 'Unknown'}, {'duration': 90, 'departure_time': 11460, 'arrival_time': 11550, 'day': 'current_day', 'from_stop_id': '91-3', 'to_stop_id': '90-3', 'trip_id': '5-0-11', 'agency_name': 'Unknown'}]}"
